run_id,task_id,family,branch,variant,runtime
r1-0-AUTHORIZATION-0-0-M0,tau2-retail-0,AUTHORIZATION,0,M0,Microsoft Agent Framework
r1-0-AUTHORIZATION-0-0-M1,tau2-retail-0,AUTHORIZATION,0,M1,Microsoft Agent Framework
r1-0-AUTHORIZATION-0-0-M2,tau2-retail-0,AUTHORIZATION,0,M2,Microsoft Agent Framework
r1-0-AUTHORIZATION-0-0-M3,tau2-retail-0,AUTHORIZATION,0,M3,Microsoft Agent Framework
r1-0-AUTHORIZATION-0-1-M0,tau2-retail-0,AUTHORIZATION,0,M0,Microsoft Agent Framework
r1-0-AUTHORIZATION-0-1-M1,tau2-retail-0,AUTHORIZATION,0,M1,Microsoft Agent Framework
r1-0-AUTHORIZATION-0-1-M2,tau2-retail-0,AUTHORIZATION,0,M2,Microsoft Agent Framework
r1-0-AUTHORIZATION-0-1-M3,tau2-retail-0,AUTHORIZATION,0,M3,Microsoft Agent Framework
r1-0-AUTHORIZATION-0-2-M0,tau2-retail-0,AUTHORIZATION,0,M0,Microsoft Agent Framework
r1-0-AUTHORIZATION-0-2-M1,tau2-retail-0,AUTHORIZATION,0,M1,Microsoft Agent Framework
r1-0-AUTHORIZATION-0-2-M2,tau2-retail-0,AUTHORIZATION,0,M2,Microsoft Agent Framework
r1-0-AUTHORIZATION-0-2-M3,tau2-retail-0,AUTHORIZATION,0,M3,Microsoft Agent Framework
r1-0-AUTHORIZATION-1-0-M0,tau2-retail-0,AUTHORIZATION,1,M0,Microsoft Agent Framework
r1-0-AUTHORIZATION-1-0-M1,tau2-retail-0,AUTHORIZATION,1,M1,Microsoft Agent Framework
r1-0-AUTHORIZATION-1-0-M2,tau2-retail-0,AUTHORIZATION,1,M2,Microsoft Agent Framework
r1-0-AUTHORIZATION-1-0-M3,tau2-retail-0,AUTHORIZATION,1,M3,Microsoft Agent Framework
r1-0-AUTHORIZATION-1-1-M0,tau2-retail-0,AUTHORIZATION,1,M0,Microsoft Agent Framework
r1-0-AUTHORIZATION-1-1-M1,tau2-retail-0,AUTHORIZATION,1,M1,Microsoft Agent Framework
r1-0-AUTHORIZATION-1-1-M2,tau2-retail-0,AUTHORIZATION,1,M2,Microsoft Agent Framework
r1-0-AUTHORIZATION-1-1-M3,tau2-retail-0,AUTHORIZATION,1,M3,Microsoft Agent Framework
r1-0-AUTHORIZATION-1-2-M0,tau2-retail-0,AUTHORIZATION,1,M0,Microsoft Agent Framework
r1-0-AUTHORIZATION-1-2-M1,tau2-retail-0,AUTHORIZATION,1,M1,Microsoft Agent Framework
r1-0-AUTHORIZATION-1-2-M2,tau2-retail-0,AUTHORIZATION,1,M2,Microsoft Agent Framework
r1-0-AUTHORIZATION-1-2-M3,tau2-retail-0,AUTHORIZATION,1,M3,Microsoft Agent Framework
r1-0-PROVENANCE_HISTORY-0-0-M0,tau2-retail-0,PROVENANCE_HISTORY,0,M0,Microsoft Agent Framework
r1-0-PROVENANCE_HISTORY-0-0-M1,tau2-retail-0,PROVENANCE_HISTORY,0,M1,Microsoft Agent Framework
r1-0-PROVENANCE_HISTORY-0-0-M2,tau2-retail-0,PROVENANCE_HISTORY,0,M2,Microsoft Agent Framework
r1-0-PROVENANCE_HISTORY-0-0-M3,tau2-retail-0,PROVENANCE_HISTORY,0,M3,Microsoft Agent Framework
r1-0-PROVENANCE_HISTORY-0-1-M0,tau2-retail-0,PROVENANCE_HISTORY,0,M0,Microsoft Agent Framework
r1-0-PROVENANCE_HISTORY-0-1-M1,tau2-retail-0,PROVENANCE_HISTORY,0,M1,Microsoft Agent Framework
r1-0-PROVENANCE_HISTORY-0-1-M2,tau2-retail-0,PROVENANCE_HISTORY,0,M2,Microsoft Agent Framework
r1-0-PROVENANCE_HISTORY-0-1-M3,tau2-retail-0,PROVENANCE_HISTORY,0,M3,Microsoft Agent Framework
r1-0-PROVENANCE_HISTORY-0-2-M0,tau2-retail-0,PROVENANCE_HISTORY,0,M0,Microsoft Agent Framework
r1-0-PROVENANCE_HISTORY-0-2-M1,tau2-retail-0,PROVENANCE_HISTORY,0,M1,Microsoft Agent Framework
r1-0-PROVENANCE_HISTORY-0-2-M2,tau2-retail-0,PROVENANCE_HISTORY,0,M2,Microsoft Agent Framework
r1-0-PROVENANCE_HISTORY-0-2-M3,tau2-retail-0,PROVENANCE_HISTORY,0,M3,Microsoft Agent Framework
r1-0-PROVENANCE_HISTORY-1-0-M0,tau2-retail-0,PROVENANCE_HISTORY,1,M0,Microsoft Agent Framework
r1-0-PROVENANCE_HISTORY-1-0-M1,tau2-retail-0,PROVENANCE_HISTORY,1,M1,Microsoft Agent Framework
r1-0-PROVENANCE_HISTORY-1-0-M2,tau2-retail-0,PROVENANCE_HISTORY,1,M2,Microsoft Agent Framework
r1-0-PROVENANCE_HISTORY-1-0-M3,tau2-retail-0,PROVENANCE_HISTORY,1,M3,Microsoft Agent Framework
r1-0-PROVENANCE_HISTORY-1-1-M0,tau2-retail-0,PROVENANCE_HISTORY,1,M0,Microsoft Agent Framework
r1-0-PROVENANCE_HISTORY-1-1-M1,tau2-retail-0,PROVENANCE_HISTORY,1,M1,Microsoft Agent Framework
r1-0-PROVENANCE_HISTORY-1-1-M2,tau2-retail-0,PROVENANCE_HISTORY,1,M2,Microsoft Agent Framework
r1-0-PROVENANCE_HISTORY-1-1-M3,tau2-retail-0,PROVENANCE_HISTORY,1,M3,Microsoft Agent Framework
r1-0-PROVENANCE_HISTORY-1-2-M0,tau2-retail-0,PROVENANCE_HISTORY,1,M0,Microsoft Agent Framework
r1-0-PROVENANCE_HISTORY-1-2-M1,tau2-retail-0,PROVENANCE_HISTORY,1,M1,Microsoft Agent Framework
r1-0-PROVENANCE_HISTORY-1-2-M2,tau2-retail-0,PROVENANCE_HISTORY,1,M2,Microsoft Agent Framework
r1-0-PROVENANCE_HISTORY-1-2-M3,tau2-retail-0,PROVENANCE_HISTORY,1,M3,Microsoft Agent Framework
r1-1-AUTHORIZATION-0-0-M0,tau2-retail-1,AUTHORIZATION,0,M0,Microsoft Agent Framework
r1-1-AUTHORIZATION-0-0-M1,tau2-retail-1,AUTHORIZATION,0,M1,Microsoft Agent Framework
r1-1-AUTHORIZATION-0-0-M2,tau2-retail-1,AUTHORIZATION,0,M2,Microsoft Agent Framework
r1-1-AUTHORIZATION-0-0-M3,tau2-retail-1,AUTHORIZATION,0,M3,Microsoft Agent Framework
r1-1-AUTHORIZATION-0-1-M0,tau2-retail-1,AUTHORIZATION,0,M0,Microsoft Agent Framework
r1-1-AUTHORIZATION-0-1-M1,tau2-retail-1,AUTHORIZATION,0,M1,Microsoft Agent Framework
r1-1-AUTHORIZATION-0-1-M2,tau2-retail-1,AUTHORIZATION,0,M2,Microsoft Agent Framework
r1-1-AUTHORIZATION-0-1-M3,tau2-retail-1,AUTHORIZATION,0,M3,Microsoft Agent Framework
r1-1-AUTHORIZATION-0-2-M0,tau2-retail-1,AUTHORIZATION,0,M0,Microsoft Agent Framework
r1-1-AUTHORIZATION-0-2-M1,tau2-retail-1,AUTHORIZATION,0,M1,Microsoft Agent Framework
r1-1-AUTHORIZATION-0-2-M2,tau2-retail-1,AUTHORIZATION,0,M2,Microsoft Agent Framework
r1-1-AUTHORIZATION-0-2-M3,tau2-retail-1,AUTHORIZATION,0,M3,Microsoft Agent Framework
r1-1-AUTHORIZATION-1-0-M0,tau2-retail-1,AUTHORIZATION,1,M0,Microsoft Agent Framework
r1-1-AUTHORIZATION-1-0-M1,tau2-retail-1,AUTHORIZATION,1,M1,Microsoft Agent Framework
r1-1-AUTHORIZATION-1-0-M2,tau2-retail-1,AUTHORIZATION,1,M2,Microsoft Agent Framework
r1-1-AUTHORIZATION-1-0-M3,tau2-retail-1,AUTHORIZATION,1,M3,Microsoft Agent Framework
r1-1-AUTHORIZATION-1-1-M0,tau2-retail-1,AUTHORIZATION,1,M0,Microsoft Agent Framework
r1-1-AUTHORIZATION-1-1-M1,tau2-retail-1,AUTHORIZATION,1,M1,Microsoft Agent Framework
r1-1-AUTHORIZATION-1-1-M2,tau2-retail-1,AUTHORIZATION,1,M2,Microsoft Agent Framework
r1-1-AUTHORIZATION-1-1-M3,tau2-retail-1,AUTHORIZATION,1,M3,Microsoft Agent Framework
r1-1-AUTHORIZATION-1-2-M0,tau2-retail-1,AUTHORIZATION,1,M0,Microsoft Agent Framework
r1-1-AUTHORIZATION-1-2-M1,tau2-retail-1,AUTHORIZATION,1,M1,Microsoft Agent Framework
r1-1-AUTHORIZATION-1-2-M2,tau2-retail-1,AUTHORIZATION,1,M2,Microsoft Agent Framework
r1-1-AUTHORIZATION-1-2-M3,tau2-retail-1,AUTHORIZATION,1,M3,Microsoft Agent Framework
r1-1-PROVENANCE_HISTORY-0-0-M0,tau2-retail-1,PROVENANCE_HISTORY,0,M0,Microsoft Agent Framework
r1-1-PROVENANCE_HISTORY-0-0-M1,tau2-retail-1,PROVENANCE_HISTORY,0,M1,Microsoft Agent Framework
r1-1-PROVENANCE_HISTORY-0-0-M2,tau2-retail-1,PROVENANCE_HISTORY,0,M2,Microsoft Agent Framework
r1-1-PROVENANCE_HISTORY-0-0-M3,tau2-retail-1,PROVENANCE_HISTORY,0,M3,Microsoft Agent Framework
r1-1-PROVENANCE_HISTORY-0-1-M0,tau2-retail-1,PROVENANCE_HISTORY,0,M0,Microsoft Agent Framework
r1-1-PROVENANCE_HISTORY-0-1-M1,tau2-retail-1,PROVENANCE_HISTORY,0,M1,Microsoft Agent Framework
r1-1-PROVENANCE_HISTORY-0-1-M2,tau2-retail-1,PROVENANCE_HISTORY,0,M2,Microsoft Agent Framework
r1-1-PROVENANCE_HISTORY-0-1-M3,tau2-retail-1,PROVENANCE_HISTORY,0,M3,Microsoft Agent Framework
r1-1-PROVENANCE_HISTORY-0-2-M0,tau2-retail-1,PROVENANCE_HISTORY,0,M0,Microsoft Agent Framework
r1-1-PROVENANCE_HISTORY-0-2-M1,tau2-retail-1,PROVENANCE_HISTORY,0,M1,Microsoft Agent Framework
r1-1-PROVENANCE_HISTORY-0-2-M2,tau2-retail-1,PROVENANCE_HISTORY,0,M2,Microsoft Agent Framework
r1-1-PROVENANCE_HISTORY-0-2-M3,tau2-retail-1,PROVENANCE_HISTORY,0,M3,Microsoft Agent Framework
r1-1-PROVENANCE_HISTORY-1-0-M0,tau2-retail-1,PROVENANCE_HISTORY,1,M0,Microsoft Agent Framework
r1-1-PROVENANCE_HISTORY-1-0-M1,tau2-retail-1,PROVENANCE_HISTORY,1,M1,Microsoft Agent Framework
r1-1-PROVENANCE_HISTORY-1-0-M2,tau2-retail-1,PROVENANCE_HISTORY,1,M2,Microsoft Agent Framework
r1-1-PROVENANCE_HISTORY-1-0-M3,tau2-retail-1,PROVENANCE_HISTORY,1,M3,Microsoft Agent Framework
r1-1-PROVENANCE_HISTORY-1-1-M0,tau2-retail-1,PROVENANCE_HISTORY,1,M0,Microsoft Agent Framework
r1-1-PROVENANCE_HISTORY-1-1-M1,tau2-retail-1,PROVENANCE_HISTORY,1,M1,Microsoft Agent Framework
r1-1-PROVENANCE_HISTORY-1-1-M2,tau2-retail-1,PROVENANCE_HISTORY,1,M2,Microsoft Agent Framework
r1-1-PROVENANCE_HISTORY-1-1-M3,tau2-retail-1,PROVENANCE_HISTORY,1,M3,Microsoft Agent Framework
r1-1-PROVENANCE_HISTORY-1-2-M0,tau2-retail-1,PROVENANCE_HISTORY,1,M0,Microsoft Agent Framework
r1-1-PROVENANCE_HISTORY-1-2-M1,tau2-retail-1,PROVENANCE_HISTORY,1,M1,Microsoft Agent Framework
r1-1-PROVENANCE_HISTORY-1-2-M2,tau2-retail-1,PROVENANCE_HISTORY,1,M2,Microsoft Agent Framework
r1-1-PROVENANCE_HISTORY-1-2-M3,tau2-retail-1,PROVENANCE_HISTORY,1,M3,Microsoft Agent Framework
r1-2-AUTHORIZATION-0-0-M0,tau2-retail-2,AUTHORIZATION,0,M0,Microsoft Agent Framework
r1-2-AUTHORIZATION-0-0-M1,tau2-retail-2,AUTHORIZATION,0,M1,Microsoft Agent Framework
r1-2-AUTHORIZATION-0-0-M2,tau2-retail-2,AUTHORIZATION,0,M2,Microsoft Agent Framework
r1-2-AUTHORIZATION-0-0-M3,tau2-retail-2,AUTHORIZATION,0,M3,Microsoft Agent Framework
r1-2-AUTHORIZATION-0-1-M0,tau2-retail-2,AUTHORIZATION,0,M0,Microsoft Agent Framework
r1-2-AUTHORIZATION-0-1-M1,tau2-retail-2,AUTHORIZATION,0,M1,Microsoft Agent Framework
r1-2-AUTHORIZATION-0-1-M2,tau2-retail-2,AUTHORIZATION,0,M2,Microsoft Agent Framework
r1-2-AUTHORIZATION-0-1-M3,tau2-retail-2,AUTHORIZATION,0,M3,Microsoft Agent Framework
r1-2-AUTHORIZATION-0-2-M0,tau2-retail-2,AUTHORIZATION,0,M0,Microsoft Agent Framework
r1-2-AUTHORIZATION-0-2-M1,tau2-retail-2,AUTHORIZATION,0,M1,Microsoft Agent Framework
r1-2-AUTHORIZATION-0-2-M2,tau2-retail-2,AUTHORIZATION,0,M2,Microsoft Agent Framework
r1-2-AUTHORIZATION-0-2-M3,tau2-retail-2,AUTHORIZATION,0,M3,Microsoft Agent Framework
r1-2-AUTHORIZATION-1-0-M0,tau2-retail-2,AUTHORIZATION,1,M0,Microsoft Agent Framework
r1-2-AUTHORIZATION-1-0-M1,tau2-retail-2,AUTHORIZATION,1,M1,Microsoft Agent Framework
r1-2-AUTHORIZATION-1-0-M2,tau2-retail-2,AUTHORIZATION,1,M2,Microsoft Agent Framework
r1-2-AUTHORIZATION-1-0-M3,tau2-retail-2,AUTHORIZATION,1,M3,Microsoft Agent Framework
r1-2-AUTHORIZATION-1-1-M0,tau2-retail-2,AUTHORIZATION,1,M0,Microsoft Agent Framework
r1-2-AUTHORIZATION-1-1-M1,tau2-retail-2,AUTHORIZATION,1,M1,Microsoft Agent Framework
r1-2-AUTHORIZATION-1-1-M2,tau2-retail-2,AUTHORIZATION,1,M2,Microsoft Agent Framework
r1-2-AUTHORIZATION-1-1-M3,tau2-retail-2,AUTHORIZATION,1,M3,Microsoft Agent Framework
r1-2-AUTHORIZATION-1-2-M0,tau2-retail-2,AUTHORIZATION,1,M0,Microsoft Agent Framework
r1-2-AUTHORIZATION-1-2-M1,tau2-retail-2,AUTHORIZATION,1,M1,Microsoft Agent Framework
r1-2-AUTHORIZATION-1-2-M2,tau2-retail-2,AUTHORIZATION,1,M2,Microsoft Agent Framework
r1-2-AUTHORIZATION-1-2-M3,tau2-retail-2,AUTHORIZATION,1,M3,Microsoft Agent Framework
r1-2-PROVENANCE_HISTORY-0-0-M0,tau2-retail-2,PROVENANCE_HISTORY,0,M0,Microsoft Agent Framework
r1-2-PROVENANCE_HISTORY-0-0-M1,tau2-retail-2,PROVENANCE_HISTORY,0,M1,Microsoft Agent Framework
r1-2-PROVENANCE_HISTORY-0-0-M2,tau2-retail-2,PROVENANCE_HISTORY,0,M2,Microsoft Agent Framework
r1-2-PROVENANCE_HISTORY-0-0-M3,tau2-retail-2,PROVENANCE_HISTORY,0,M3,Microsoft Agent Framework
r1-2-PROVENANCE_HISTORY-0-1-M0,tau2-retail-2,PROVENANCE_HISTORY,0,M0,Microsoft Agent Framework
r1-2-PROVENANCE_HISTORY-0-1-M1,tau2-retail-2,PROVENANCE_HISTORY,0,M1,Microsoft Agent Framework
r1-2-PROVENANCE_HISTORY-0-1-M2,tau2-retail-2,PROVENANCE_HISTORY,0,M2,Microsoft Agent Framework
r1-2-PROVENANCE_HISTORY-0-1-M3,tau2-retail-2,PROVENANCE_HISTORY,0,M3,Microsoft Agent Framework
r1-2-PROVENANCE_HISTORY-0-2-M0,tau2-retail-2,PROVENANCE_HISTORY,0,M0,Microsoft Agent Framework
r1-2-PROVENANCE_HISTORY-0-2-M1,tau2-retail-2,PROVENANCE_HISTORY,0,M1,Microsoft Agent Framework
r1-2-PROVENANCE_HISTORY-0-2-M2,tau2-retail-2,PROVENANCE_HISTORY,0,M2,Microsoft Agent Framework
r1-2-PROVENANCE_HISTORY-0-2-M3,tau2-retail-2,PROVENANCE_HISTORY,0,M3,Microsoft Agent Framework
r1-2-PROVENANCE_HISTORY-1-0-M0,tau2-retail-2,PROVENANCE_HISTORY,1,M0,Microsoft Agent Framework
r1-2-PROVENANCE_HISTORY-1-0-M1,tau2-retail-2,PROVENANCE_HISTORY,1,M1,Microsoft Agent Framework
r1-2-PROVENANCE_HISTORY-1-0-M2,tau2-retail-2,PROVENANCE_HISTORY,1,M2,Microsoft Agent Framework
r1-2-PROVENANCE_HISTORY-1-0-M3,tau2-retail-2,PROVENANCE_HISTORY,1,M3,Microsoft Agent Framework
r1-2-PROVENANCE_HISTORY-1-1-M0,tau2-retail-2,PROVENANCE_HISTORY,1,M0,Microsoft Agent Framework
r1-2-PROVENANCE_HISTORY-1-1-M1,tau2-retail-2,PROVENANCE_HISTORY,1,M1,Microsoft Agent Framework
r1-2-PROVENANCE_HISTORY-1-1-M2,tau2-retail-2,PROVENANCE_HISTORY,1,M2,Microsoft Agent Framework
r1-2-PROVENANCE_HISTORY-1-1-M3,tau2-retail-2,PROVENANCE_HISTORY,1,M3,Microsoft Agent Framework
r1-2-PROVENANCE_HISTORY-1-2-M0,tau2-retail-2,PROVENANCE_HISTORY,1,M0,Microsoft Agent Framework
r1-2-PROVENANCE_HISTORY-1-2-M1,tau2-retail-2,PROVENANCE_HISTORY,1,M1,Microsoft Agent Framework
r1-2-PROVENANCE_HISTORY-1-2-M2,tau2-retail-2,PROVENANCE_HISTORY,1,M2,Microsoft Agent Framework
r1-2-PROVENANCE_HISTORY-1-2-M3,tau2-retail-2,PROVENANCE_HISTORY,1,M3,Microsoft Agent Framework
r1-3-AUTHORIZATION-0-0-M0,tau2-retail-5,AUTHORIZATION,0,M0,Microsoft Agent Framework
r1-3-AUTHORIZATION-0-0-M1,tau2-retail-5,AUTHORIZATION,0,M1,Microsoft Agent Framework
r1-3-AUTHORIZATION-0-0-M2,tau2-retail-5,AUTHORIZATION,0,M2,Microsoft Agent Framework
r1-3-AUTHORIZATION-0-0-M3,tau2-retail-5,AUTHORIZATION,0,M3,Microsoft Agent Framework
r1-3-AUTHORIZATION-0-1-M0,tau2-retail-5,AUTHORIZATION,0,M0,Microsoft Agent Framework
r1-3-AUTHORIZATION-0-1-M1,tau2-retail-5,AUTHORIZATION,0,M1,Microsoft Agent Framework
r1-3-AUTHORIZATION-0-1-M2,tau2-retail-5,AUTHORIZATION,0,M2,Microsoft Agent Framework
r1-3-AUTHORIZATION-0-1-M3,tau2-retail-5,AUTHORIZATION,0,M3,Microsoft Agent Framework
r1-3-AUTHORIZATION-0-2-M0,tau2-retail-5,AUTHORIZATION,0,M0,Microsoft Agent Framework
r1-3-AUTHORIZATION-0-2-M1,tau2-retail-5,AUTHORIZATION,0,M1,Microsoft Agent Framework
r1-3-AUTHORIZATION-0-2-M2,tau2-retail-5,AUTHORIZATION,0,M2,Microsoft Agent Framework
r1-3-AUTHORIZATION-0-2-M3,tau2-retail-5,AUTHORIZATION,0,M3,Microsoft Agent Framework
r1-3-AUTHORIZATION-1-0-M0,tau2-retail-5,AUTHORIZATION,1,M0,Microsoft Agent Framework
r1-3-AUTHORIZATION-1-0-M1,tau2-retail-5,AUTHORIZATION,1,M1,Microsoft Agent Framework
r1-3-AUTHORIZATION-1-0-M2,tau2-retail-5,AUTHORIZATION,1,M2,Microsoft Agent Framework
r1-3-AUTHORIZATION-1-0-M3,tau2-retail-5,AUTHORIZATION,1,M3,Microsoft Agent Framework
r1-3-AUTHORIZATION-1-1-M0,tau2-retail-5,AUTHORIZATION,1,M0,Microsoft Agent Framework
r1-3-AUTHORIZATION-1-1-M1,tau2-retail-5,AUTHORIZATION,1,M1,Microsoft Agent Framework
r1-3-AUTHORIZATION-1-1-M2,tau2-retail-5,AUTHORIZATION,1,M2,Microsoft Agent Framework
r1-3-AUTHORIZATION-1-1-M3,tau2-retail-5,AUTHORIZATION,1,M3,Microsoft Agent Framework
r1-3-AUTHORIZATION-1-2-M0,tau2-retail-5,AUTHORIZATION,1,M0,Microsoft Agent Framework
r1-3-AUTHORIZATION-1-2-M1,tau2-retail-5,AUTHORIZATION,1,M1,Microsoft Agent Framework
r1-3-AUTHORIZATION-1-2-M2,tau2-retail-5,AUTHORIZATION,1,M2,Microsoft Agent Framework
r1-3-AUTHORIZATION-1-2-M3,tau2-retail-5,AUTHORIZATION,1,M3,Microsoft Agent Framework
r1-3-PROVENANCE_HISTORY-0-0-M0,tau2-retail-5,PROVENANCE_HISTORY,0,M0,Microsoft Agent Framework
r1-3-PROVENANCE_HISTORY-0-0-M1,tau2-retail-5,PROVENANCE_HISTORY,0,M1,Microsoft Agent Framework
r1-3-PROVENANCE_HISTORY-0-0-M2,tau2-retail-5,PROVENANCE_HISTORY,0,M2,Microsoft Agent Framework
r1-3-PROVENANCE_HISTORY-0-0-M3,tau2-retail-5,PROVENANCE_HISTORY,0,M3,Microsoft Agent Framework
r1-3-PROVENANCE_HISTORY-0-1-M0,tau2-retail-5,PROVENANCE_HISTORY,0,M0,Microsoft Agent Framework
r1-3-PROVENANCE_HISTORY-0-1-M1,tau2-retail-5,PROVENANCE_HISTORY,0,M1,Microsoft Agent Framework
r1-3-PROVENANCE_HISTORY-0-1-M2,tau2-retail-5,PROVENANCE_HISTORY,0,M2,Microsoft Agent Framework
r1-3-PROVENANCE_HISTORY-0-1-M3,tau2-retail-5,PROVENANCE_HISTORY,0,M3,Microsoft Agent Framework
r1-3-PROVENANCE_HISTORY-0-2-M0,tau2-retail-5,PROVENANCE_HISTORY,0,M0,Microsoft Agent Framework
r1-3-PROVENANCE_HISTORY-0-2-M1,tau2-retail-5,PROVENANCE_HISTORY,0,M1,Microsoft Agent Framework
r1-3-PROVENANCE_HISTORY-0-2-M2,tau2-retail-5,PROVENANCE_HISTORY,0,M2,Microsoft Agent Framework
r1-3-PROVENANCE_HISTORY-0-2-M3,tau2-retail-5,PROVENANCE_HISTORY,0,M3,Microsoft Agent Framework
r1-3-PROVENANCE_HISTORY-1-0-M0,tau2-retail-5,PROVENANCE_HISTORY,1,M0,Microsoft Agent Framework
r1-3-PROVENANCE_HISTORY-1-0-M1,tau2-retail-5,PROVENANCE_HISTORY,1,M1,Microsoft Agent Framework
r1-3-PROVENANCE_HISTORY-1-0-M2,tau2-retail-5,PROVENANCE_HISTORY,1,M2,Microsoft Agent Framework
r1-3-PROVENANCE_HISTORY-1-0-M3,tau2-retail-5,PROVENANCE_HISTORY,1,M3,Microsoft Agent Framework
r1-3-PROVENANCE_HISTORY-1-1-M0,tau2-retail-5,PROVENANCE_HISTORY,1,M0,Microsoft Agent Framework
r1-3-PROVENANCE_HISTORY-1-1-M1,tau2-retail-5,PROVENANCE_HISTORY,1,M1,Microsoft Agent Framework
r1-3-PROVENANCE_HISTORY-1-1-M2,tau2-retail-5,PROVENANCE_HISTORY,1,M2,Microsoft Agent Framework
r1-3-PROVENANCE_HISTORY-1-1-M3,tau2-retail-5,PROVENANCE_HISTORY,1,M3,Microsoft Agent Framework
r1-3-PROVENANCE_HISTORY-1-2-M0,tau2-retail-5,PROVENANCE_HISTORY,1,M0,Microsoft Agent Framework
r1-3-PROVENANCE_HISTORY-1-2-M1,tau2-retail-5,PROVENANCE_HISTORY,1,M1,Microsoft Agent Framework
r1-3-PROVENANCE_HISTORY-1-2-M2,tau2-retail-5,PROVENANCE_HISTORY,1,M2,Microsoft Agent Framework
r1-3-PROVENANCE_HISTORY-1-2-M3,tau2-retail-5,PROVENANCE_HISTORY,1,M3,Microsoft Agent Framework
r1-4-AUTHORIZATION-0-0-M0,tau2-retail-6,AUTHORIZATION,0,M0,Microsoft Agent Framework
r1-4-AUTHORIZATION-0-0-M1,tau2-retail-6,AUTHORIZATION,0,M1,Microsoft Agent Framework
r1-4-AUTHORIZATION-0-0-M2,tau2-retail-6,AUTHORIZATION,0,M2,Microsoft Agent Framework
r1-4-AUTHORIZATION-0-0-M3,tau2-retail-6,AUTHORIZATION,0,M3,Microsoft Agent Framework
r1-4-AUTHORIZATION-0-1-M0,tau2-retail-6,AUTHORIZATION,0,M0,Microsoft Agent Framework
r1-4-AUTHORIZATION-0-1-M1,tau2-retail-6,AUTHORIZATION,0,M1,Microsoft Agent Framework
r1-4-AUTHORIZATION-0-1-M2,tau2-retail-6,AUTHORIZATION,0,M2,Microsoft Agent Framework
r1-4-AUTHORIZATION-0-1-M3,tau2-retail-6,AUTHORIZATION,0,M3,Microsoft Agent Framework
r1-4-AUTHORIZATION-0-2-M0,tau2-retail-6,AUTHORIZATION,0,M0,Microsoft Agent Framework
r1-4-AUTHORIZATION-0-2-M1,tau2-retail-6,AUTHORIZATION,0,M1,Microsoft Agent Framework
r1-4-AUTHORIZATION-0-2-M2,tau2-retail-6,AUTHORIZATION,0,M2,Microsoft Agent Framework
r1-4-AUTHORIZATION-0-2-M3,tau2-retail-6,AUTHORIZATION,0,M3,Microsoft Agent Framework
r1-4-AUTHORIZATION-1-0-M0,tau2-retail-6,AUTHORIZATION,1,M0,Microsoft Agent Framework
r1-4-AUTHORIZATION-1-0-M1,tau2-retail-6,AUTHORIZATION,1,M1,Microsoft Agent Framework
r1-4-AUTHORIZATION-1-0-M2,tau2-retail-6,AUTHORIZATION,1,M2,Microsoft Agent Framework
r1-4-AUTHORIZATION-1-0-M3,tau2-retail-6,AUTHORIZATION,1,M3,Microsoft Agent Framework
r1-4-AUTHORIZATION-1-1-M0,tau2-retail-6,AUTHORIZATION,1,M0,Microsoft Agent Framework
r1-4-AUTHORIZATION-1-1-M1,tau2-retail-6,AUTHORIZATION,1,M1,Microsoft Agent Framework
r1-4-AUTHORIZATION-1-1-M2,tau2-retail-6,AUTHORIZATION,1,M2,Microsoft Agent Framework
r1-4-AUTHORIZATION-1-1-M3,tau2-retail-6,AUTHORIZATION,1,M3,Microsoft Agent Framework
r1-4-AUTHORIZATION-1-2-M0,tau2-retail-6,AUTHORIZATION,1,M0,Microsoft Agent Framework
r1-4-AUTHORIZATION-1-2-M1,tau2-retail-6,AUTHORIZATION,1,M1,Microsoft Agent Framework
r1-4-AUTHORIZATION-1-2-M2,tau2-retail-6,AUTHORIZATION,1,M2,Microsoft Agent Framework
r1-4-AUTHORIZATION-1-2-M3,tau2-retail-6,AUTHORIZATION,1,M3,Microsoft Agent Framework
r1-4-PROVENANCE_HISTORY-0-0-M0,tau2-retail-6,PROVENANCE_HISTORY,0,M0,Microsoft Agent Framework
r1-4-PROVENANCE_HISTORY-0-0-M1,tau2-retail-6,PROVENANCE_HISTORY,0,M1,Microsoft Agent Framework
r1-4-PROVENANCE_HISTORY-0-0-M2,tau2-retail-6,PROVENANCE_HISTORY,0,M2,Microsoft Agent Framework
r1-4-PROVENANCE_HISTORY-0-0-M3,tau2-retail-6,PROVENANCE_HISTORY,0,M3,Microsoft Agent Framework
r1-4-PROVENANCE_HISTORY-0-1-M0,tau2-retail-6,PROVENANCE_HISTORY,0,M0,Microsoft Agent Framework
r1-4-PROVENANCE_HISTORY-0-1-M1,tau2-retail-6,PROVENANCE_HISTORY,0,M1,Microsoft Agent Framework
r1-4-PROVENANCE_HISTORY-0-1-M2,tau2-retail-6,PROVENANCE_HISTORY,0,M2,Microsoft Agent Framework
r1-4-PROVENANCE_HISTORY-0-1-M3,tau2-retail-6,PROVENANCE_HISTORY,0,M3,Microsoft Agent Framework
r1-4-PROVENANCE_HISTORY-0-2-M0,tau2-retail-6,PROVENANCE_HISTORY,0,M0,Microsoft Agent Framework
r1-4-PROVENANCE_HISTORY-0-2-M1,tau2-retail-6,PROVENANCE_HISTORY,0,M1,Microsoft Agent Framework
r1-4-PROVENANCE_HISTORY-0-2-M2,tau2-retail-6,PROVENANCE_HISTORY,0,M2,Microsoft Agent Framework
r1-4-PROVENANCE_HISTORY-0-2-M3,tau2-retail-6,PROVENANCE_HISTORY,0,M3,Microsoft Agent Framework
r1-4-PROVENANCE_HISTORY-1-0-M0,tau2-retail-6,PROVENANCE_HISTORY,1,M0,Microsoft Agent Framework
r1-4-PROVENANCE_HISTORY-1-0-M1,tau2-retail-6,PROVENANCE_HISTORY,1,M1,Microsoft Agent Framework
r1-4-PROVENANCE_HISTORY-1-0-M2,tau2-retail-6,PROVENANCE_HISTORY,1,M2,Microsoft Agent Framework
r1-4-PROVENANCE_HISTORY-1-0-M3,tau2-retail-6,PROVENANCE_HISTORY,1,M3,Microsoft Agent Framework
r1-4-PROVENANCE_HISTORY-1-1-M0,tau2-retail-6,PROVENANCE_HISTORY,1,M0,Microsoft Agent Framework
r1-4-PROVENANCE_HISTORY-1-1-M1,tau2-retail-6,PROVENANCE_HISTORY,1,M1,Microsoft Agent Framework
r1-4-PROVENANCE_HISTORY-1-1-M2,tau2-retail-6,PROVENANCE_HISTORY,1,M2,Microsoft Agent Framework
r1-4-PROVENANCE_HISTORY-1-1-M3,tau2-retail-6,PROVENANCE_HISTORY,1,M3,Microsoft Agent Framework
r1-4-PROVENANCE_HISTORY-1-2-M0,tau2-retail-6,PROVENANCE_HISTORY,1,M0,Microsoft Agent Framework
r1-4-PROVENANCE_HISTORY-1-2-M1,tau2-retail-6,PROVENANCE_HISTORY,1,M1,Microsoft Agent Framework
r1-4-PROVENANCE_HISTORY-1-2-M2,tau2-retail-6,PROVENANCE_HISTORY,1,M2,Microsoft Agent Framework
r1-4-PROVENANCE_HISTORY-1-2-M3,tau2-retail-6,PROVENANCE_HISTORY,1,M3,Microsoft Agent Framework
r1-5-AUTHORIZATION-0-0-M0,tau2-retail-7,AUTHORIZATION,0,M0,Microsoft Agent Framework
r1-5-AUTHORIZATION-0-0-M1,tau2-retail-7,AUTHORIZATION,0,M1,Microsoft Agent Framework
r1-5-AUTHORIZATION-0-0-M2,tau2-retail-7,AUTHORIZATION,0,M2,Microsoft Agent Framework
r1-5-AUTHORIZATION-0-0-M3,tau2-retail-7,AUTHORIZATION,0,M3,Microsoft Agent Framework
r1-5-AUTHORIZATION-0-1-M0,tau2-retail-7,AUTHORIZATION,0,M0,Microsoft Agent Framework
r1-5-AUTHORIZATION-0-1-M1,tau2-retail-7,AUTHORIZATION,0,M1,Microsoft Agent Framework
r1-5-AUTHORIZATION-0-1-M2,tau2-retail-7,AUTHORIZATION,0,M2,Microsoft Agent Framework
r1-5-AUTHORIZATION-0-1-M3,tau2-retail-7,AUTHORIZATION,0,M3,Microsoft Agent Framework
r1-5-AUTHORIZATION-0-2-M0,tau2-retail-7,AUTHORIZATION,0,M0,Microsoft Agent Framework
r1-5-AUTHORIZATION-0-2-M1,tau2-retail-7,AUTHORIZATION,0,M1,Microsoft Agent Framework
r1-5-AUTHORIZATION-0-2-M2,tau2-retail-7,AUTHORIZATION,0,M2,Microsoft Agent Framework
r1-5-AUTHORIZATION-0-2-M3,tau2-retail-7,AUTHORIZATION,0,M3,Microsoft Agent Framework
r1-5-AUTHORIZATION-1-0-M0,tau2-retail-7,AUTHORIZATION,1,M0,Microsoft Agent Framework
r1-5-AUTHORIZATION-1-0-M1,tau2-retail-7,AUTHORIZATION,1,M1,Microsoft Agent Framework
r1-5-AUTHORIZATION-1-0-M2,tau2-retail-7,AUTHORIZATION,1,M2,Microsoft Agent Framework
r1-5-AUTHORIZATION-1-0-M3,tau2-retail-7,AUTHORIZATION,1,M3,Microsoft Agent Framework
r1-5-AUTHORIZATION-1-1-M0,tau2-retail-7,AUTHORIZATION,1,M0,Microsoft Agent Framework
r1-5-AUTHORIZATION-1-1-M1,tau2-retail-7,AUTHORIZATION,1,M1,Microsoft Agent Framework
r1-5-AUTHORIZATION-1-1-M2,tau2-retail-7,AUTHORIZATION,1,M2,Microsoft Agent Framework
r1-5-AUTHORIZATION-1-1-M3,tau2-retail-7,AUTHORIZATION,1,M3,Microsoft Agent Framework
r1-5-AUTHORIZATION-1-2-M0,tau2-retail-7,AUTHORIZATION,1,M0,Microsoft Agent Framework
r1-5-AUTHORIZATION-1-2-M1,tau2-retail-7,AUTHORIZATION,1,M1,Microsoft Agent Framework
r1-5-AUTHORIZATION-1-2-M2,tau2-retail-7,AUTHORIZATION,1,M2,Microsoft Agent Framework
r1-5-AUTHORIZATION-1-2-M3,tau2-retail-7,AUTHORIZATION,1,M3,Microsoft Agent Framework
r1-5-PROVENANCE_HISTORY-0-0-M0,tau2-retail-7,PROVENANCE_HISTORY,0,M0,Microsoft Agent Framework
r1-5-PROVENANCE_HISTORY-0-0-M1,tau2-retail-7,PROVENANCE_HISTORY,0,M1,Microsoft Agent Framework
r1-5-PROVENANCE_HISTORY-0-0-M2,tau2-retail-7,PROVENANCE_HISTORY,0,M2,Microsoft Agent Framework
r1-5-PROVENANCE_HISTORY-0-0-M3,tau2-retail-7,PROVENANCE_HISTORY,0,M3,Microsoft Agent Framework
r1-5-PROVENANCE_HISTORY-0-1-M0,tau2-retail-7,PROVENANCE_HISTORY,0,M0,Microsoft Agent Framework
r1-5-PROVENANCE_HISTORY-0-1-M1,tau2-retail-7,PROVENANCE_HISTORY,0,M1,Microsoft Agent Framework
r1-5-PROVENANCE_HISTORY-0-1-M2,tau2-retail-7,PROVENANCE_HISTORY,0,M2,Microsoft Agent Framework
r1-5-PROVENANCE_HISTORY-0-1-M3,tau2-retail-7,PROVENANCE_HISTORY,0,M3,Microsoft Agent Framework
r1-5-PROVENANCE_HISTORY-0-2-M0,tau2-retail-7,PROVENANCE_HISTORY,0,M0,Microsoft Agent Framework
r1-5-PROVENANCE_HISTORY-0-2-M1,tau2-retail-7,PROVENANCE_HISTORY,0,M1,Microsoft Agent Framework
r1-5-PROVENANCE_HISTORY-0-2-M2,tau2-retail-7,PROVENANCE_HISTORY,0,M2,Microsoft Agent Framework
r1-5-PROVENANCE_HISTORY-0-2-M3,tau2-retail-7,PROVENANCE_HISTORY,0,M3,Microsoft Agent Framework
r1-5-PROVENANCE_HISTORY-1-0-M0,tau2-retail-7,PROVENANCE_HISTORY,1,M0,Microsoft Agent Framework
r1-5-PROVENANCE_HISTORY-1-0-M1,tau2-retail-7,PROVENANCE_HISTORY,1,M1,Microsoft Agent Framework
r1-5-PROVENANCE_HISTORY-1-0-M2,tau2-retail-7,PROVENANCE_HISTORY,1,M2,Microsoft Agent Framework
r1-5-PROVENANCE_HISTORY-1-0-M3,tau2-retail-7,PROVENANCE_HISTORY,1,M3,Microsoft Agent Framework
r1-5-PROVENANCE_HISTORY-1-1-M0,tau2-retail-7,PROVENANCE_HISTORY,1,M0,Microsoft Agent Framework
r1-5-PROVENANCE_HISTORY-1-1-M1,tau2-retail-7,PROVENANCE_HISTORY,1,M1,Microsoft Agent Framework
r1-5-PROVENANCE_HISTORY-1-1-M2,tau2-retail-7,PROVENANCE_HISTORY,1,M2,Microsoft Agent Framework
r1-5-PROVENANCE_HISTORY-1-1-M3,tau2-retail-7,PROVENANCE_HISTORY,1,M3,Microsoft Agent Framework
r1-5-PROVENANCE_HISTORY-1-2-M0,tau2-retail-7,PROVENANCE_HISTORY,1,M0,Microsoft Agent Framework
r1-5-PROVENANCE_HISTORY-1-2-M1,tau2-retail-7,PROVENANCE_HISTORY,1,M1,Microsoft Agent Framework
r1-5-PROVENANCE_HISTORY-1-2-M2,tau2-retail-7,PROVENANCE_HISTORY,1,M2,Microsoft Agent Framework
r1-5-PROVENANCE_HISTORY-1-2-M3,tau2-retail-7,PROVENANCE_HISTORY,1,M3,Microsoft Agent Framework
r1-6-AUTHORIZATION-0-0-M0,tau2-retail-8,AUTHORIZATION,0,M0,Microsoft Agent Framework
r1-6-AUTHORIZATION-0-0-M1,tau2-retail-8,AUTHORIZATION,0,M1,Microsoft Agent Framework
r1-6-AUTHORIZATION-0-0-M2,tau2-retail-8,AUTHORIZATION,0,M2,Microsoft Agent Framework
r1-6-AUTHORIZATION-0-0-M3,tau2-retail-8,AUTHORIZATION,0,M3,Microsoft Agent Framework
r1-6-AUTHORIZATION-0-1-M0,tau2-retail-8,AUTHORIZATION,0,M0,Microsoft Agent Framework
r1-6-AUTHORIZATION-0-1-M1,tau2-retail-8,AUTHORIZATION,0,M1,Microsoft Agent Framework
r1-6-AUTHORIZATION-0-1-M2,tau2-retail-8,AUTHORIZATION,0,M2,Microsoft Agent Framework
r1-6-AUTHORIZATION-0-1-M3,tau2-retail-8,AUTHORIZATION,0,M3,Microsoft Agent Framework
r1-6-AUTHORIZATION-0-2-M0,tau2-retail-8,AUTHORIZATION,0,M0,Microsoft Agent Framework
r1-6-AUTHORIZATION-0-2-M1,tau2-retail-8,AUTHORIZATION,0,M1,Microsoft Agent Framework
r1-6-AUTHORIZATION-0-2-M2,tau2-retail-8,AUTHORIZATION,0,M2,Microsoft Agent Framework
r1-6-AUTHORIZATION-0-2-M3,tau2-retail-8,AUTHORIZATION,0,M3,Microsoft Agent Framework
r1-6-AUTHORIZATION-1-0-M0,tau2-retail-8,AUTHORIZATION,1,M0,Microsoft Agent Framework
r1-6-AUTHORIZATION-1-0-M1,tau2-retail-8,AUTHORIZATION,1,M1,Microsoft Agent Framework
r1-6-AUTHORIZATION-1-0-M2,tau2-retail-8,AUTHORIZATION,1,M2,Microsoft Agent Framework
r1-6-AUTHORIZATION-1-0-M3,tau2-retail-8,AUTHORIZATION,1,M3,Microsoft Agent Framework
r1-6-AUTHORIZATION-1-1-M0,tau2-retail-8,AUTHORIZATION,1,M0,Microsoft Agent Framework
r1-6-AUTHORIZATION-1-1-M1,tau2-retail-8,AUTHORIZATION,1,M1,Microsoft Agent Framework
r1-6-AUTHORIZATION-1-1-M2,tau2-retail-8,AUTHORIZATION,1,M2,Microsoft Agent Framework
r1-6-AUTHORIZATION-1-1-M3,tau2-retail-8,AUTHORIZATION,1,M3,Microsoft Agent Framework
r1-6-AUTHORIZATION-1-2-M0,tau2-retail-8,AUTHORIZATION,1,M0,Microsoft Agent Framework
r1-6-AUTHORIZATION-1-2-M1,tau2-retail-8,AUTHORIZATION,1,M1,Microsoft Agent Framework
r1-6-AUTHORIZATION-1-2-M2,tau2-retail-8,AUTHORIZATION,1,M2,Microsoft Agent Framework
r1-6-AUTHORIZATION-1-2-M3,tau2-retail-8,AUTHORIZATION,1,M3,Microsoft Agent Framework
r1-6-PROVENANCE_HISTORY-0-0-M0,tau2-retail-8,PROVENANCE_HISTORY,0,M0,Microsoft Agent Framework
r1-6-PROVENANCE_HISTORY-0-0-M1,tau2-retail-8,PROVENANCE_HISTORY,0,M1,Microsoft Agent Framework
r1-6-PROVENANCE_HISTORY-0-0-M2,tau2-retail-8,PROVENANCE_HISTORY,0,M2,Microsoft Agent Framework
r1-6-PROVENANCE_HISTORY-0-0-M3,tau2-retail-8,PROVENANCE_HISTORY,0,M3,Microsoft Agent Framework
r1-6-PROVENANCE_HISTORY-0-1-M0,tau2-retail-8,PROVENANCE_HISTORY,0,M0,Microsoft Agent Framework
r1-6-PROVENANCE_HISTORY-0-1-M1,tau2-retail-8,PROVENANCE_HISTORY,0,M1,Microsoft Agent Framework
r1-6-PROVENANCE_HISTORY-0-1-M2,tau2-retail-8,PROVENANCE_HISTORY,0,M2,Microsoft Agent Framework
r1-6-PROVENANCE_HISTORY-0-1-M3,tau2-retail-8,PROVENANCE_HISTORY,0,M3,Microsoft Agent Framework
r1-6-PROVENANCE_HISTORY-0-2-M0,tau2-retail-8,PROVENANCE_HISTORY,0,M0,Microsoft Agent Framework
r1-6-PROVENANCE_HISTORY-0-2-M1,tau2-retail-8,PROVENANCE_HISTORY,0,M1,Microsoft Agent Framework
r1-6-PROVENANCE_HISTORY-0-2-M2,tau2-retail-8,PROVENANCE_HISTORY,0,M2,Microsoft Agent Framework
r1-6-PROVENANCE_HISTORY-0-2-M3,tau2-retail-8,PROVENANCE_HISTORY,0,M3,Microsoft Agent Framework
r1-6-PROVENANCE_HISTORY-1-0-M0,tau2-retail-8,PROVENANCE_HISTORY,1,M0,Microsoft Agent Framework
r1-6-PROVENANCE_HISTORY-1-0-M1,tau2-retail-8,PROVENANCE_HISTORY,1,M1,Microsoft Agent Framework
r1-6-PROVENANCE_HISTORY-1-0-M2,tau2-retail-8,PROVENANCE_HISTORY,1,M2,Microsoft Agent Framework
r1-6-PROVENANCE_HISTORY-1-0-M3,tau2-retail-8,PROVENANCE_HISTORY,1,M3,Microsoft Agent Framework
r1-6-PROVENANCE_HISTORY-1-1-M0,tau2-retail-8,PROVENANCE_HISTORY,1,M0,Microsoft Agent Framework
r1-6-PROVENANCE_HISTORY-1-1-M1,tau2-retail-8,PROVENANCE_HISTORY,1,M1,Microsoft Agent Framework
r1-6-PROVENANCE_HISTORY-1-1-M2,tau2-retail-8,PROVENANCE_HISTORY,1,M2,Microsoft Agent Framework
r1-6-PROVENANCE_HISTORY-1-1-M3,tau2-retail-8,PROVENANCE_HISTORY,1,M3,Microsoft Agent Framework
r1-6-PROVENANCE_HISTORY-1-2-M0,tau2-retail-8,PROVENANCE_HISTORY,1,M0,Microsoft Agent Framework
r1-6-PROVENANCE_HISTORY-1-2-M1,tau2-retail-8,PROVENANCE_HISTORY,1,M1,Microsoft Agent Framework
r1-6-PROVENANCE_HISTORY-1-2-M2,tau2-retail-8,PROVENANCE_HISTORY,1,M2,Microsoft Agent Framework
r1-6-PROVENANCE_HISTORY-1-2-M3,tau2-retail-8,PROVENANCE_HISTORY,1,M3,Microsoft Agent Framework
r1-7-AUTHORIZATION-0-0-M0,tau2-retail-9,AUTHORIZATION,0,M0,Microsoft Agent Framework
r1-7-AUTHORIZATION-0-0-M1,tau2-retail-9,AUTHORIZATION,0,M1,Microsoft Agent Framework
r1-7-AUTHORIZATION-0-0-M2,tau2-retail-9,AUTHORIZATION,0,M2,Microsoft Agent Framework
r1-7-AUTHORIZATION-0-0-M3,tau2-retail-9,AUTHORIZATION,0,M3,Microsoft Agent Framework
r1-7-AUTHORIZATION-0-1-M0,tau2-retail-9,AUTHORIZATION,0,M0,Microsoft Agent Framework
r1-7-AUTHORIZATION-0-1-M1,tau2-retail-9,AUTHORIZATION,0,M1,Microsoft Agent Framework
r1-7-AUTHORIZATION-0-1-M2,tau2-retail-9,AUTHORIZATION,0,M2,Microsoft Agent Framework
r1-7-AUTHORIZATION-0-1-M3,tau2-retail-9,AUTHORIZATION,0,M3,Microsoft Agent Framework
r1-7-AUTHORIZATION-0-2-M0,tau2-retail-9,AUTHORIZATION,0,M0,Microsoft Agent Framework
r1-7-AUTHORIZATION-0-2-M1,tau2-retail-9,AUTHORIZATION,0,M1,Microsoft Agent Framework
r1-7-AUTHORIZATION-0-2-M2,tau2-retail-9,AUTHORIZATION,0,M2,Microsoft Agent Framework
r1-7-AUTHORIZATION-0-2-M3,tau2-retail-9,AUTHORIZATION,0,M3,Microsoft Agent Framework
r1-7-AUTHORIZATION-1-0-M0,tau2-retail-9,AUTHORIZATION,1,M0,Microsoft Agent Framework
r1-7-AUTHORIZATION-1-0-M1,tau2-retail-9,AUTHORIZATION,1,M1,Microsoft Agent Framework
r1-7-AUTHORIZATION-1-0-M2,tau2-retail-9,AUTHORIZATION,1,M2,Microsoft Agent Framework
r1-7-AUTHORIZATION-1-0-M3,tau2-retail-9,AUTHORIZATION,1,M3,Microsoft Agent Framework
r1-7-AUTHORIZATION-1-1-M0,tau2-retail-9,AUTHORIZATION,1,M0,Microsoft Agent Framework
r1-7-AUTHORIZATION-1-1-M1,tau2-retail-9,AUTHORIZATION,1,M1,Microsoft Agent Framework
r1-7-AUTHORIZATION-1-1-M2,tau2-retail-9,AUTHORIZATION,1,M2,Microsoft Agent Framework
r1-7-AUTHORIZATION-1-1-M3,tau2-retail-9,AUTHORIZATION,1,M3,Microsoft Agent Framework
r1-7-AUTHORIZATION-1-2-M0,tau2-retail-9,AUTHORIZATION,1,M0,Microsoft Agent Framework
r1-7-AUTHORIZATION-1-2-M1,tau2-retail-9,AUTHORIZATION,1,M1,Microsoft Agent Framework
r1-7-AUTHORIZATION-1-2-M2,tau2-retail-9,AUTHORIZATION,1,M2,Microsoft Agent Framework
r1-7-AUTHORIZATION-1-2-M3,tau2-retail-9,AUTHORIZATION,1,M3,Microsoft Agent Framework
r1-7-PROVENANCE_HISTORY-0-0-M0,tau2-retail-9,PROVENANCE_HISTORY,0,M0,Microsoft Agent Framework
r1-7-PROVENANCE_HISTORY-0-0-M1,tau2-retail-9,PROVENANCE_HISTORY,0,M1,Microsoft Agent Framework
r1-7-PROVENANCE_HISTORY-0-0-M2,tau2-retail-9,PROVENANCE_HISTORY,0,M2,Microsoft Agent Framework
r1-7-PROVENANCE_HISTORY-0-0-M3,tau2-retail-9,PROVENANCE_HISTORY,0,M3,Microsoft Agent Framework
r1-7-PROVENANCE_HISTORY-0-1-M0,tau2-retail-9,PROVENANCE_HISTORY,0,M0,Microsoft Agent Framework
r1-7-PROVENANCE_HISTORY-0-1-M1,tau2-retail-9,PROVENANCE_HISTORY,0,M1,Microsoft Agent Framework
r1-7-PROVENANCE_HISTORY-0-1-M2,tau2-retail-9,PROVENANCE_HISTORY,0,M2,Microsoft Agent Framework
r1-7-PROVENANCE_HISTORY-0-1-M3,tau2-retail-9,PROVENANCE_HISTORY,0,M3,Microsoft Agent Framework
r1-7-PROVENANCE_HISTORY-0-2-M0,tau2-retail-9,PROVENANCE_HISTORY,0,M0,Microsoft Agent Framework
r1-7-PROVENANCE_HISTORY-0-2-M1,tau2-retail-9,PROVENANCE_HISTORY,0,M1,Microsoft Agent Framework
r1-7-PROVENANCE_HISTORY-0-2-M2,tau2-retail-9,PROVENANCE_HISTORY,0,M2,Microsoft Agent Framework
r1-7-PROVENANCE_HISTORY-0-2-M3,tau2-retail-9,PROVENANCE_HISTORY,0,M3,Microsoft Agent Framework
r1-7-PROVENANCE_HISTORY-1-0-M0,tau2-retail-9,PROVENANCE_HISTORY,1,M0,Microsoft Agent Framework
r1-7-PROVENANCE_HISTORY-1-0-M1,tau2-retail-9,PROVENANCE_HISTORY,1,M1,Microsoft Agent Framework
r1-7-PROVENANCE_HISTORY-1-0-M2,tau2-retail-9,PROVENANCE_HISTORY,1,M2,Microsoft Agent Framework
r1-7-PROVENANCE_HISTORY-1-0-M3,tau2-retail-9,PROVENANCE_HISTORY,1,M3,Microsoft Agent Framework
r1-7-PROVENANCE_HISTORY-1-1-M0,tau2-retail-9,PROVENANCE_HISTORY,1,M0,Microsoft Agent Framework
r1-7-PROVENANCE_HISTORY-1-1-M1,tau2-retail-9,PROVENANCE_HISTORY,1,M1,Microsoft Agent Framework
r1-7-PROVENANCE_HISTORY-1-1-M2,tau2-retail-9,PROVENANCE_HISTORY,1,M2,Microsoft Agent Framework
r1-7-PROVENANCE_HISTORY-1-1-M3,tau2-retail-9,PROVENANCE_HISTORY,1,M3,Microsoft Agent Framework
r1-7-PROVENANCE_HISTORY-1-2-M0,tau2-retail-9,PROVENANCE_HISTORY,1,M0,Microsoft Agent Framework
r1-7-PROVENANCE_HISTORY-1-2-M1,tau2-retail-9,PROVENANCE_HISTORY,1,M1,Microsoft Agent Framework
r1-7-PROVENANCE_HISTORY-1-2-M2,tau2-retail-9,PROVENANCE_HISTORY,1,M2,Microsoft Agent Framework
r1-7-PROVENANCE_HISTORY-1-2-M3,tau2-retail-9,PROVENANCE_HISTORY,1,M3,Microsoft Agent Framework
r1-8-AUTHORIZATION-0-0-M0,tau2-retail-10,AUTHORIZATION,0,M0,Microsoft Agent Framework
r1-8-AUTHORIZATION-0-0-M1,tau2-retail-10,AUTHORIZATION,0,M1,Microsoft Agent Framework
r1-8-AUTHORIZATION-0-0-M2,tau2-retail-10,AUTHORIZATION,0,M2,Microsoft Agent Framework
r1-8-AUTHORIZATION-0-0-M3,tau2-retail-10,AUTHORIZATION,0,M3,Microsoft Agent Framework
r1-8-AUTHORIZATION-0-1-M0,tau2-retail-10,AUTHORIZATION,0,M0,Microsoft Agent Framework
r1-8-AUTHORIZATION-0-1-M1,tau2-retail-10,AUTHORIZATION,0,M1,Microsoft Agent Framework
r1-8-AUTHORIZATION-0-1-M2,tau2-retail-10,AUTHORIZATION,0,M2,Microsoft Agent Framework
r1-8-AUTHORIZATION-0-1-M3,tau2-retail-10,AUTHORIZATION,0,M3,Microsoft Agent Framework
r1-8-AUTHORIZATION-0-2-M0,tau2-retail-10,AUTHORIZATION,0,M0,Microsoft Agent Framework
r1-8-AUTHORIZATION-0-2-M1,tau2-retail-10,AUTHORIZATION,0,M1,Microsoft Agent Framework
r1-8-AUTHORIZATION-0-2-M2,tau2-retail-10,AUTHORIZATION,0,M2,Microsoft Agent Framework
r1-8-AUTHORIZATION-0-2-M3,tau2-retail-10,AUTHORIZATION,0,M3,Microsoft Agent Framework
r1-8-AUTHORIZATION-1-0-M0,tau2-retail-10,AUTHORIZATION,1,M0,Microsoft Agent Framework
r1-8-AUTHORIZATION-1-0-M1,tau2-retail-10,AUTHORIZATION,1,M1,Microsoft Agent Framework
r1-8-AUTHORIZATION-1-0-M2,tau2-retail-10,AUTHORIZATION,1,M2,Microsoft Agent Framework
r1-8-AUTHORIZATION-1-0-M3,tau2-retail-10,AUTHORIZATION,1,M3,Microsoft Agent Framework
r1-8-AUTHORIZATION-1-1-M0,tau2-retail-10,AUTHORIZATION,1,M0,Microsoft Agent Framework
r1-8-AUTHORIZATION-1-1-M1,tau2-retail-10,AUTHORIZATION,1,M1,Microsoft Agent Framework
r1-8-AUTHORIZATION-1-1-M2,tau2-retail-10,AUTHORIZATION,1,M2,Microsoft Agent Framework
r1-8-AUTHORIZATION-1-1-M3,tau2-retail-10,AUTHORIZATION,1,M3,Microsoft Agent Framework
r1-8-AUTHORIZATION-1-2-M0,tau2-retail-10,AUTHORIZATION,1,M0,Microsoft Agent Framework
r1-8-AUTHORIZATION-1-2-M1,tau2-retail-10,AUTHORIZATION,1,M1,Microsoft Agent Framework
r1-8-AUTHORIZATION-1-2-M2,tau2-retail-10,AUTHORIZATION,1,M2,Microsoft Agent Framework
r1-8-AUTHORIZATION-1-2-M3,tau2-retail-10,AUTHORIZATION,1,M3,Microsoft Agent Framework
r1-8-PROVENANCE_HISTORY-0-0-M0,tau2-retail-10,PROVENANCE_HISTORY,0,M0,Microsoft Agent Framework
r1-8-PROVENANCE_HISTORY-0-0-M1,tau2-retail-10,PROVENANCE_HISTORY,0,M1,Microsoft Agent Framework
r1-8-PROVENANCE_HISTORY-0-0-M2,tau2-retail-10,PROVENANCE_HISTORY,0,M2,Microsoft Agent Framework
r1-8-PROVENANCE_HISTORY-0-0-M3,tau2-retail-10,PROVENANCE_HISTORY,0,M3,Microsoft Agent Framework
r1-8-PROVENANCE_HISTORY-0-1-M0,tau2-retail-10,PROVENANCE_HISTORY,0,M0,Microsoft Agent Framework
r1-8-PROVENANCE_HISTORY-0-1-M1,tau2-retail-10,PROVENANCE_HISTORY,0,M1,Microsoft Agent Framework
r1-8-PROVENANCE_HISTORY-0-1-M2,tau2-retail-10,PROVENANCE_HISTORY,0,M2,Microsoft Agent Framework
r1-8-PROVENANCE_HISTORY-0-1-M3,tau2-retail-10,PROVENANCE_HISTORY,0,M3,Microsoft Agent Framework
r1-8-PROVENANCE_HISTORY-0-2-M0,tau2-retail-10,PROVENANCE_HISTORY,0,M0,Microsoft Agent Framework
r1-8-PROVENANCE_HISTORY-0-2-M1,tau2-retail-10,PROVENANCE_HISTORY,0,M1,Microsoft Agent Framework
r1-8-PROVENANCE_HISTORY-0-2-M2,tau2-retail-10,PROVENANCE_HISTORY,0,M2,Microsoft Agent Framework
r1-8-PROVENANCE_HISTORY-0-2-M3,tau2-retail-10,PROVENANCE_HISTORY,0,M3,Microsoft Agent Framework
r1-8-PROVENANCE_HISTORY-1-0-M0,tau2-retail-10,PROVENANCE_HISTORY,1,M0,Microsoft Agent Framework
r1-8-PROVENANCE_HISTORY-1-0-M1,tau2-retail-10,PROVENANCE_HISTORY,1,M1,Microsoft Agent Framework
r1-8-PROVENANCE_HISTORY-1-0-M2,tau2-retail-10,PROVENANCE_HISTORY,1,M2,Microsoft Agent Framework
r1-8-PROVENANCE_HISTORY-1-0-M3,tau2-retail-10,PROVENANCE_HISTORY,1,M3,Microsoft Agent Framework
r1-8-PROVENANCE_HISTORY-1-1-M0,tau2-retail-10,PROVENANCE_HISTORY,1,M0,Microsoft Agent Framework
r1-8-PROVENANCE_HISTORY-1-1-M1,tau2-retail-10,PROVENANCE_HISTORY,1,M1,Microsoft Agent Framework
r1-8-PROVENANCE_HISTORY-1-1-M2,tau2-retail-10,PROVENANCE_HISTORY,1,M2,Microsoft Agent Framework
r1-8-PROVENANCE_HISTORY-1-1-M3,tau2-retail-10,PROVENANCE_HISTORY,1,M3,Microsoft Agent Framework
r1-8-PROVENANCE_HISTORY-1-2-M0,tau2-retail-10,PROVENANCE_HISTORY,1,M0,Microsoft Agent Framework
r1-8-PROVENANCE_HISTORY-1-2-M1,tau2-retail-10,PROVENANCE_HISTORY,1,M1,Microsoft Agent Framework
r1-8-PROVENANCE_HISTORY-1-2-M2,tau2-retail-10,PROVENANCE_HISTORY,1,M2,Microsoft Agent Framework
r1-8-PROVENANCE_HISTORY-1-2-M3,tau2-retail-10,PROVENANCE_HISTORY,1,M3,Microsoft Agent Framework
r1-9-AUTHORIZATION-0-0-M0,tau2-retail-11,AUTHORIZATION,0,M0,Microsoft Agent Framework
r1-9-AUTHORIZATION-0-0-M1,tau2-retail-11,AUTHORIZATION,0,M1,Microsoft Agent Framework
r1-9-AUTHORIZATION-0-0-M2,tau2-retail-11,AUTHORIZATION,0,M2,Microsoft Agent Framework
r1-9-AUTHORIZATION-0-0-M3,tau2-retail-11,AUTHORIZATION,0,M3,Microsoft Agent Framework
r1-9-AUTHORIZATION-0-1-M0,tau2-retail-11,AUTHORIZATION,0,M0,Microsoft Agent Framework
r1-9-AUTHORIZATION-0-1-M1,tau2-retail-11,AUTHORIZATION,0,M1,Microsoft Agent Framework
r1-9-AUTHORIZATION-0-1-M2,tau2-retail-11,AUTHORIZATION,0,M2,Microsoft Agent Framework
r1-9-AUTHORIZATION-0-1-M3,tau2-retail-11,AUTHORIZATION,0,M3,Microsoft Agent Framework
r1-9-AUTHORIZATION-0-2-M0,tau2-retail-11,AUTHORIZATION,0,M0,Microsoft Agent Framework
r1-9-AUTHORIZATION-0-2-M1,tau2-retail-11,AUTHORIZATION,0,M1,Microsoft Agent Framework
r1-9-AUTHORIZATION-0-2-M2,tau2-retail-11,AUTHORIZATION,0,M2,Microsoft Agent Framework
r1-9-AUTHORIZATION-0-2-M3,tau2-retail-11,AUTHORIZATION,0,M3,Microsoft Agent Framework
r1-9-AUTHORIZATION-1-0-M0,tau2-retail-11,AUTHORIZATION,1,M0,Microsoft Agent Framework
r1-9-AUTHORIZATION-1-0-M1,tau2-retail-11,AUTHORIZATION,1,M1,Microsoft Agent Framework
r1-9-AUTHORIZATION-1-0-M2,tau2-retail-11,AUTHORIZATION,1,M2,Microsoft Agent Framework
r1-9-AUTHORIZATION-1-0-M3,tau2-retail-11,AUTHORIZATION,1,M3,Microsoft Agent Framework
r1-9-AUTHORIZATION-1-1-M0,tau2-retail-11,AUTHORIZATION,1,M0,Microsoft Agent Framework
r1-9-AUTHORIZATION-1-1-M1,tau2-retail-11,AUTHORIZATION,1,M1,Microsoft Agent Framework
r1-9-AUTHORIZATION-1-1-M2,tau2-retail-11,AUTHORIZATION,1,M2,Microsoft Agent Framework
r1-9-AUTHORIZATION-1-1-M3,tau2-retail-11,AUTHORIZATION,1,M3,Microsoft Agent Framework
r1-9-AUTHORIZATION-1-2-M0,tau2-retail-11,AUTHORIZATION,1,M0,Microsoft Agent Framework
r1-9-AUTHORIZATION-1-2-M1,tau2-retail-11,AUTHORIZATION,1,M1,Microsoft Agent Framework
r1-9-AUTHORIZATION-1-2-M2,tau2-retail-11,AUTHORIZATION,1,M2,Microsoft Agent Framework
r1-9-AUTHORIZATION-1-2-M3,tau2-retail-11,AUTHORIZATION,1,M3,Microsoft Agent Framework
r1-9-PROVENANCE_HISTORY-0-0-M0,tau2-retail-11,PROVENANCE_HISTORY,0,M0,Microsoft Agent Framework
r1-9-PROVENANCE_HISTORY-0-0-M1,tau2-retail-11,PROVENANCE_HISTORY,0,M1,Microsoft Agent Framework
r1-9-PROVENANCE_HISTORY-0-0-M2,tau2-retail-11,PROVENANCE_HISTORY,0,M2,Microsoft Agent Framework
r1-9-PROVENANCE_HISTORY-0-0-M3,tau2-retail-11,PROVENANCE_HISTORY,0,M3,Microsoft Agent Framework
r1-9-PROVENANCE_HISTORY-0-1-M0,tau2-retail-11,PROVENANCE_HISTORY,0,M0,Microsoft Agent Framework
r1-9-PROVENANCE_HISTORY-0-1-M1,tau2-retail-11,PROVENANCE_HISTORY,0,M1,Microsoft Agent Framework
r1-9-PROVENANCE_HISTORY-0-1-M2,tau2-retail-11,PROVENANCE_HISTORY,0,M2,Microsoft Agent Framework
r1-9-PROVENANCE_HISTORY-0-1-M3,tau2-retail-11,PROVENANCE_HISTORY,0,M3,Microsoft Agent Framework
r1-9-PROVENANCE_HISTORY-0-2-M0,tau2-retail-11,PROVENANCE_HISTORY,0,M0,Microsoft Agent Framework
r1-9-PROVENANCE_HISTORY-0-2-M1,tau2-retail-11,PROVENANCE_HISTORY,0,M1,Microsoft Agent Framework
r1-9-PROVENANCE_HISTORY-0-2-M2,tau2-retail-11,PROVENANCE_HISTORY,0,M2,Microsoft Agent Framework
r1-9-PROVENANCE_HISTORY-0-2-M3,tau2-retail-11,PROVENANCE_HISTORY,0,M3,Microsoft Agent Framework
r1-9-PROVENANCE_HISTORY-1-0-M0,tau2-retail-11,PROVENANCE_HISTORY,1,M0,Microsoft Agent Framework
r1-9-PROVENANCE_HISTORY-1-0-M1,tau2-retail-11,PROVENANCE_HISTORY,1,M1,Microsoft Agent Framework
r1-9-PROVENANCE_HISTORY-1-0-M2,tau2-retail-11,PROVENANCE_HISTORY,1,M2,Microsoft Agent Framework
r1-9-PROVENANCE_HISTORY-1-0-M3,tau2-retail-11,PROVENANCE_HISTORY,1,M3,Microsoft Agent Framework
r1-9-PROVENANCE_HISTORY-1-1-M0,tau2-retail-11,PROVENANCE_HISTORY,1,M0,Microsoft Agent Framework
r1-9-PROVENANCE_HISTORY-1-1-M1,tau2-retail-11,PROVENANCE_HISTORY,1,M1,Microsoft Agent Framework
r1-9-PROVENANCE_HISTORY-1-1-M2,tau2-retail-11,PROVENANCE_HISTORY,1,M2,Microsoft Agent Framework
r1-9-PROVENANCE_HISTORY-1-1-M3,tau2-retail-11,PROVENANCE_HISTORY,1,M3,Microsoft Agent Framework
r1-9-PROVENANCE_HISTORY-1-2-M0,tau2-retail-11,PROVENANCE_HISTORY,1,M0,Microsoft Agent Framework
r1-9-PROVENANCE_HISTORY-1-2-M1,tau2-retail-11,PROVENANCE_HISTORY,1,M1,Microsoft Agent Framework
r1-9-PROVENANCE_HISTORY-1-2-M2,tau2-retail-11,PROVENANCE_HISTORY,1,M2,Microsoft Agent Framework
r1-9-PROVENANCE_HISTORY-1-2-M3,tau2-retail-11,PROVENANCE_HISTORY,1,M3,Microsoft Agent Framework
r1-10-AUTHORIZATION-0-0-M0,tau2-retail-12,AUTHORIZATION,0,M0,Microsoft Agent Framework
r1-10-AUTHORIZATION-0-0-M1,tau2-retail-12,AUTHORIZATION,0,M1,Microsoft Agent Framework
r1-10-AUTHORIZATION-0-0-M2,tau2-retail-12,AUTHORIZATION,0,M2,Microsoft Agent Framework
r1-10-AUTHORIZATION-0-0-M3,tau2-retail-12,AUTHORIZATION,0,M3,Microsoft Agent Framework
r1-10-AUTHORIZATION-0-1-M0,tau2-retail-12,AUTHORIZATION,0,M0,Microsoft Agent Framework
r1-10-AUTHORIZATION-0-1-M1,tau2-retail-12,AUTHORIZATION,0,M1,Microsoft Agent Framework
r1-10-AUTHORIZATION-0-1-M2,tau2-retail-12,AUTHORIZATION,0,M2,Microsoft Agent Framework
r1-10-AUTHORIZATION-0-1-M3,tau2-retail-12,AUTHORIZATION,0,M3,Microsoft Agent Framework
r1-10-AUTHORIZATION-0-2-M0,tau2-retail-12,AUTHORIZATION,0,M0,Microsoft Agent Framework
r1-10-AUTHORIZATION-0-2-M1,tau2-retail-12,AUTHORIZATION,0,M1,Microsoft Agent Framework
r1-10-AUTHORIZATION-0-2-M2,tau2-retail-12,AUTHORIZATION,0,M2,Microsoft Agent Framework
r1-10-AUTHORIZATION-0-2-M3,tau2-retail-12,AUTHORIZATION,0,M3,Microsoft Agent Framework
r1-10-AUTHORIZATION-1-0-M0,tau2-retail-12,AUTHORIZATION,1,M0,Microsoft Agent Framework
r1-10-AUTHORIZATION-1-0-M1,tau2-retail-12,AUTHORIZATION,1,M1,Microsoft Agent Framework
r1-10-AUTHORIZATION-1-0-M2,tau2-retail-12,AUTHORIZATION,1,M2,Microsoft Agent Framework
r1-10-AUTHORIZATION-1-0-M3,tau2-retail-12,AUTHORIZATION,1,M3,Microsoft Agent Framework
r1-10-AUTHORIZATION-1-1-M0,tau2-retail-12,AUTHORIZATION,1,M0,Microsoft Agent Framework
r1-10-AUTHORIZATION-1-1-M1,tau2-retail-12,AUTHORIZATION,1,M1,Microsoft Agent Framework
r1-10-AUTHORIZATION-1-1-M2,tau2-retail-12,AUTHORIZATION,1,M2,Microsoft Agent Framework
r1-10-AUTHORIZATION-1-1-M3,tau2-retail-12,AUTHORIZATION,1,M3,Microsoft Agent Framework
r1-10-AUTHORIZATION-1-2-M0,tau2-retail-12,AUTHORIZATION,1,M0,Microsoft Agent Framework
r1-10-AUTHORIZATION-1-2-M1,tau2-retail-12,AUTHORIZATION,1,M1,Microsoft Agent Framework
r1-10-AUTHORIZATION-1-2-M2,tau2-retail-12,AUTHORIZATION,1,M2,Microsoft Agent Framework
r1-10-AUTHORIZATION-1-2-M3,tau2-retail-12,AUTHORIZATION,1,M3,Microsoft Agent Framework
r1-10-PROVENANCE_HISTORY-0-0-M0,tau2-retail-12,PROVENANCE_HISTORY,0,M0,Microsoft Agent Framework
r1-10-PROVENANCE_HISTORY-0-0-M1,tau2-retail-12,PROVENANCE_HISTORY,0,M1,Microsoft Agent Framework
r1-10-PROVENANCE_HISTORY-0-0-M2,tau2-retail-12,PROVENANCE_HISTORY,0,M2,Microsoft Agent Framework
r1-10-PROVENANCE_HISTORY-0-0-M3,tau2-retail-12,PROVENANCE_HISTORY,0,M3,Microsoft Agent Framework
r1-10-PROVENANCE_HISTORY-0-1-M0,tau2-retail-12,PROVENANCE_HISTORY,0,M0,Microsoft Agent Framework
r1-10-PROVENANCE_HISTORY-0-1-M1,tau2-retail-12,PROVENANCE_HISTORY,0,M1,Microsoft Agent Framework
r1-10-PROVENANCE_HISTORY-0-1-M2,tau2-retail-12,PROVENANCE_HISTORY,0,M2,Microsoft Agent Framework
r1-10-PROVENANCE_HISTORY-0-1-M3,tau2-retail-12,PROVENANCE_HISTORY,0,M3,Microsoft Agent Framework
r1-10-PROVENANCE_HISTORY-0-2-M0,tau2-retail-12,PROVENANCE_HISTORY,0,M0,Microsoft Agent Framework
r1-10-PROVENANCE_HISTORY-0-2-M1,tau2-retail-12,PROVENANCE_HISTORY,0,M1,Microsoft Agent Framework
r1-10-PROVENANCE_HISTORY-0-2-M2,tau2-retail-12,PROVENANCE_HISTORY,0,M2,Microsoft Agent Framework
r1-10-PROVENANCE_HISTORY-0-2-M3,tau2-retail-12,PROVENANCE_HISTORY,0,M3,Microsoft Agent Framework
r1-10-PROVENANCE_HISTORY-1-0-M0,tau2-retail-12,PROVENANCE_HISTORY,1,M0,Microsoft Agent Framework
r1-10-PROVENANCE_HISTORY-1-0-M1,tau2-retail-12,PROVENANCE_HISTORY,1,M1,Microsoft Agent Framework
r1-10-PROVENANCE_HISTORY-1-0-M2,tau2-retail-12,PROVENANCE_HISTORY,1,M2,Microsoft Agent Framework
r1-10-PROVENANCE_HISTORY-1-0-M3,tau2-retail-12,PROVENANCE_HISTORY,1,M3,Microsoft Agent Framework
r1-10-PROVENANCE_HISTORY-1-1-M0,tau2-retail-12,PROVENANCE_HISTORY,1,M0,Microsoft Agent Framework
r1-10-PROVENANCE_HISTORY-1-1-M1,tau2-retail-12,PROVENANCE_HISTORY,1,M1,Microsoft Agent Framework
r1-10-PROVENANCE_HISTORY-1-1-M2,tau2-retail-12,PROVENANCE_HISTORY,1,M2,Microsoft Agent Framework
r1-10-PROVENANCE_HISTORY-1-1-M3,tau2-retail-12,PROVENANCE_HISTORY,1,M3,Microsoft Agent Framework
r1-10-PROVENANCE_HISTORY-1-2-M0,tau2-retail-12,PROVENANCE_HISTORY,1,M0,Microsoft Agent Framework
r1-10-PROVENANCE_HISTORY-1-2-M1,tau2-retail-12,PROVENANCE_HISTORY,1,M1,Microsoft Agent Framework
r1-10-PROVENANCE_HISTORY-1-2-M2,tau2-retail-12,PROVENANCE_HISTORY,1,M2,Microsoft Agent Framework
r1-10-PROVENANCE_HISTORY-1-2-M3,tau2-retail-12,PROVENANCE_HISTORY,1,M3,Microsoft Agent Framework
r1-11-AUTHORIZATION-0-0-M0,tau2-retail-13,AUTHORIZATION,0,M0,Microsoft Agent Framework
r1-11-AUTHORIZATION-0-0-M1,tau2-retail-13,AUTHORIZATION,0,M1,Microsoft Agent Framework
r1-11-AUTHORIZATION-0-0-M2,tau2-retail-13,AUTHORIZATION,0,M2,Microsoft Agent Framework
r1-11-AUTHORIZATION-0-0-M3,tau2-retail-13,AUTHORIZATION,0,M3,Microsoft Agent Framework
r1-11-AUTHORIZATION-0-1-M0,tau2-retail-13,AUTHORIZATION,0,M0,Microsoft Agent Framework
r1-11-AUTHORIZATION-0-1-M1,tau2-retail-13,AUTHORIZATION,0,M1,Microsoft Agent Framework
r1-11-AUTHORIZATION-0-1-M2,tau2-retail-13,AUTHORIZATION,0,M2,Microsoft Agent Framework
r1-11-AUTHORIZATION-0-1-M3,tau2-retail-13,AUTHORIZATION,0,M3,Microsoft Agent Framework
r1-11-AUTHORIZATION-0-2-M0,tau2-retail-13,AUTHORIZATION,0,M0,Microsoft Agent Framework
r1-11-AUTHORIZATION-0-2-M1,tau2-retail-13,AUTHORIZATION,0,M1,Microsoft Agent Framework
r1-11-AUTHORIZATION-0-2-M2,tau2-retail-13,AUTHORIZATION,0,M2,Microsoft Agent Framework
r1-11-AUTHORIZATION-0-2-M3,tau2-retail-13,AUTHORIZATION,0,M3,Microsoft Agent Framework
r1-11-AUTHORIZATION-1-0-M0,tau2-retail-13,AUTHORIZATION,1,M0,Microsoft Agent Framework
r1-11-AUTHORIZATION-1-0-M1,tau2-retail-13,AUTHORIZATION,1,M1,Microsoft Agent Framework
r1-11-AUTHORIZATION-1-0-M2,tau2-retail-13,AUTHORIZATION,1,M2,Microsoft Agent Framework
r1-11-AUTHORIZATION-1-0-M3,tau2-retail-13,AUTHORIZATION,1,M3,Microsoft Agent Framework
r1-11-AUTHORIZATION-1-1-M0,tau2-retail-13,AUTHORIZATION,1,M0,Microsoft Agent Framework
r1-11-AUTHORIZATION-1-1-M1,tau2-retail-13,AUTHORIZATION,1,M1,Microsoft Agent Framework
r1-11-AUTHORIZATION-1-1-M2,tau2-retail-13,AUTHORIZATION,1,M2,Microsoft Agent Framework
r1-11-AUTHORIZATION-1-1-M3,tau2-retail-13,AUTHORIZATION,1,M3,Microsoft Agent Framework
r1-11-AUTHORIZATION-1-2-M0,tau2-retail-13,AUTHORIZATION,1,M0,Microsoft Agent Framework
r1-11-AUTHORIZATION-1-2-M1,tau2-retail-13,AUTHORIZATION,1,M1,Microsoft Agent Framework
r1-11-AUTHORIZATION-1-2-M2,tau2-retail-13,AUTHORIZATION,1,M2,Microsoft Agent Framework
r1-11-AUTHORIZATION-1-2-M3,tau2-retail-13,AUTHORIZATION,1,M3,Microsoft Agent Framework
r1-11-PROVENANCE_HISTORY-0-0-M0,tau2-retail-13,PROVENANCE_HISTORY,0,M0,Microsoft Agent Framework
r1-11-PROVENANCE_HISTORY-0-0-M1,tau2-retail-13,PROVENANCE_HISTORY,0,M1,Microsoft Agent Framework
r1-11-PROVENANCE_HISTORY-0-0-M2,tau2-retail-13,PROVENANCE_HISTORY,0,M2,Microsoft Agent Framework
r1-11-PROVENANCE_HISTORY-0-0-M3,tau2-retail-13,PROVENANCE_HISTORY,0,M3,Microsoft Agent Framework
r1-11-PROVENANCE_HISTORY-0-1-M0,tau2-retail-13,PROVENANCE_HISTORY,0,M0,Microsoft Agent Framework
r1-11-PROVENANCE_HISTORY-0-1-M1,tau2-retail-13,PROVENANCE_HISTORY,0,M1,Microsoft Agent Framework
r1-11-PROVENANCE_HISTORY-0-1-M2,tau2-retail-13,PROVENANCE_HISTORY,0,M2,Microsoft Agent Framework
r1-11-PROVENANCE_HISTORY-0-1-M3,tau2-retail-13,PROVENANCE_HISTORY,0,M3,Microsoft Agent Framework
r1-11-PROVENANCE_HISTORY-0-2-M0,tau2-retail-13,PROVENANCE_HISTORY,0,M0,Microsoft Agent Framework
r1-11-PROVENANCE_HISTORY-0-2-M1,tau2-retail-13,PROVENANCE_HISTORY,0,M1,Microsoft Agent Framework
r1-11-PROVENANCE_HISTORY-0-2-M2,tau2-retail-13,PROVENANCE_HISTORY,0,M2,Microsoft Agent Framework
r1-11-PROVENANCE_HISTORY-0-2-M3,tau2-retail-13,PROVENANCE_HISTORY,0,M3,Microsoft Agent Framework
r1-11-PROVENANCE_HISTORY-1-0-M0,tau2-retail-13,PROVENANCE_HISTORY,1,M0,Microsoft Agent Framework
r1-11-PROVENANCE_HISTORY-1-0-M1,tau2-retail-13,PROVENANCE_HISTORY,1,M1,Microsoft Agent Framework
r1-11-PROVENANCE_HISTORY-1-0-M2,tau2-retail-13,PROVENANCE_HISTORY,1,M2,Microsoft Agent Framework
r1-11-PROVENANCE_HISTORY-1-0-M3,tau2-retail-13,PROVENANCE_HISTORY,1,M3,Microsoft Agent Framework
r1-11-PROVENANCE_HISTORY-1-1-M0,tau2-retail-13,PROVENANCE_HISTORY,1,M0,Microsoft Agent Framework
r1-11-PROVENANCE_HISTORY-1-1-M1,tau2-retail-13,PROVENANCE_HISTORY,1,M1,Microsoft Agent Framework
r1-11-PROVENANCE_HISTORY-1-1-M2,tau2-retail-13,PROVENANCE_HISTORY,1,M2,Microsoft Agent Framework
r1-11-PROVENANCE_HISTORY-1-1-M3,tau2-retail-13,PROVENANCE_HISTORY,1,M3,Microsoft Agent Framework
r1-11-PROVENANCE_HISTORY-1-2-M0,tau2-retail-13,PROVENANCE_HISTORY,1,M0,Microsoft Agent Framework
r1-11-PROVENANCE_HISTORY-1-2-M1,tau2-retail-13,PROVENANCE_HISTORY,1,M1,Microsoft Agent Framework
r1-11-PROVENANCE_HISTORY-1-2-M2,tau2-retail-13,PROVENANCE_HISTORY,1,M2,Microsoft Agent Framework
r1-11-PROVENANCE_HISTORY-1-2-M3,tau2-retail-13,PROVENANCE_HISTORY,1,M3,Microsoft Agent Framework
r1-12-AUTHORIZATION-0-0-M0,tau2-retail-14,AUTHORIZATION,0,M0,Microsoft Agent Framework
r1-12-AUTHORIZATION-0-0-M1,tau2-retail-14,AUTHORIZATION,0,M1,Microsoft Agent Framework
r1-12-AUTHORIZATION-0-0-M2,tau2-retail-14,AUTHORIZATION,0,M2,Microsoft Agent Framework
r1-12-AUTHORIZATION-0-0-M3,tau2-retail-14,AUTHORIZATION,0,M3,Microsoft Agent Framework
r1-12-AUTHORIZATION-0-1-M0,tau2-retail-14,AUTHORIZATION,0,M0,Microsoft Agent Framework
r1-12-AUTHORIZATION-0-1-M1,tau2-retail-14,AUTHORIZATION,0,M1,Microsoft Agent Framework
r1-12-AUTHORIZATION-0-1-M2,tau2-retail-14,AUTHORIZATION,0,M2,Microsoft Agent Framework
r1-12-AUTHORIZATION-0-1-M3,tau2-retail-14,AUTHORIZATION,0,M3,Microsoft Agent Framework
r1-12-AUTHORIZATION-0-2-M0,tau2-retail-14,AUTHORIZATION,0,M0,Microsoft Agent Framework
r1-12-AUTHORIZATION-0-2-M1,tau2-retail-14,AUTHORIZATION,0,M1,Microsoft Agent Framework
r1-12-AUTHORIZATION-0-2-M2,tau2-retail-14,AUTHORIZATION,0,M2,Microsoft Agent Framework
r1-12-AUTHORIZATION-0-2-M3,tau2-retail-14,AUTHORIZATION,0,M3,Microsoft Agent Framework
r1-12-AUTHORIZATION-1-0-M0,tau2-retail-14,AUTHORIZATION,1,M0,Microsoft Agent Framework
r1-12-AUTHORIZATION-1-0-M1,tau2-retail-14,AUTHORIZATION,1,M1,Microsoft Agent Framework
r1-12-AUTHORIZATION-1-0-M2,tau2-retail-14,AUTHORIZATION,1,M2,Microsoft Agent Framework
r1-12-AUTHORIZATION-1-0-M3,tau2-retail-14,AUTHORIZATION,1,M3,Microsoft Agent Framework
r1-12-AUTHORIZATION-1-1-M0,tau2-retail-14,AUTHORIZATION,1,M0,Microsoft Agent Framework
r1-12-AUTHORIZATION-1-1-M1,tau2-retail-14,AUTHORIZATION,1,M1,Microsoft Agent Framework
r1-12-AUTHORIZATION-1-1-M2,tau2-retail-14,AUTHORIZATION,1,M2,Microsoft Agent Framework
r1-12-AUTHORIZATION-1-1-M3,tau2-retail-14,AUTHORIZATION,1,M3,Microsoft Agent Framework
r1-12-AUTHORIZATION-1-2-M0,tau2-retail-14,AUTHORIZATION,1,M0,Microsoft Agent Framework
r1-12-AUTHORIZATION-1-2-M1,tau2-retail-14,AUTHORIZATION,1,M1,Microsoft Agent Framework
r1-12-AUTHORIZATION-1-2-M2,tau2-retail-14,AUTHORIZATION,1,M2,Microsoft Agent Framework
r1-12-AUTHORIZATION-1-2-M3,tau2-retail-14,AUTHORIZATION,1,M3,Microsoft Agent Framework
r1-12-PROVENANCE_HISTORY-0-0-M0,tau2-retail-14,PROVENANCE_HISTORY,0,M0,Microsoft Agent Framework
r1-12-PROVENANCE_HISTORY-0-0-M1,tau2-retail-14,PROVENANCE_HISTORY,0,M1,Microsoft Agent Framework
r1-12-PROVENANCE_HISTORY-0-0-M2,tau2-retail-14,PROVENANCE_HISTORY,0,M2,Microsoft Agent Framework
r1-12-PROVENANCE_HISTORY-0-0-M3,tau2-retail-14,PROVENANCE_HISTORY,0,M3,Microsoft Agent Framework
r1-12-PROVENANCE_HISTORY-0-1-M0,tau2-retail-14,PROVENANCE_HISTORY,0,M0,Microsoft Agent Framework
r1-12-PROVENANCE_HISTORY-0-1-M1,tau2-retail-14,PROVENANCE_HISTORY,0,M1,Microsoft Agent Framework
r1-12-PROVENANCE_HISTORY-0-1-M2,tau2-retail-14,PROVENANCE_HISTORY,0,M2,Microsoft Agent Framework
r1-12-PROVENANCE_HISTORY-0-1-M3,tau2-retail-14,PROVENANCE_HISTORY,0,M3,Microsoft Agent Framework
r1-12-PROVENANCE_HISTORY-0-2-M0,tau2-retail-14,PROVENANCE_HISTORY,0,M0,Microsoft Agent Framework
r1-12-PROVENANCE_HISTORY-0-2-M1,tau2-retail-14,PROVENANCE_HISTORY,0,M1,Microsoft Agent Framework
r1-12-PROVENANCE_HISTORY-0-2-M2,tau2-retail-14,PROVENANCE_HISTORY,0,M2,Microsoft Agent Framework
r1-12-PROVENANCE_HISTORY-0-2-M3,tau2-retail-14,PROVENANCE_HISTORY,0,M3,Microsoft Agent Framework
r1-12-PROVENANCE_HISTORY-1-0-M0,tau2-retail-14,PROVENANCE_HISTORY,1,M0,Microsoft Agent Framework
r1-12-PROVENANCE_HISTORY-1-0-M1,tau2-retail-14,PROVENANCE_HISTORY,1,M1,Microsoft Agent Framework
r1-12-PROVENANCE_HISTORY-1-0-M2,tau2-retail-14,PROVENANCE_HISTORY,1,M2,Microsoft Agent Framework
r1-12-PROVENANCE_HISTORY-1-0-M3,tau2-retail-14,PROVENANCE_HISTORY,1,M3,Microsoft Agent Framework
r1-12-PROVENANCE_HISTORY-1-1-M0,tau2-retail-14,PROVENANCE_HISTORY,1,M0,Microsoft Agent Framework
r1-12-PROVENANCE_HISTORY-1-1-M1,tau2-retail-14,PROVENANCE_HISTORY,1,M1,Microsoft Agent Framework
r1-12-PROVENANCE_HISTORY-1-1-M2,tau2-retail-14,PROVENANCE_HISTORY,1,M2,Microsoft Agent Framework
r1-12-PROVENANCE_HISTORY-1-1-M3,tau2-retail-14,PROVENANCE_HISTORY,1,M3,Microsoft Agent Framework
r1-12-PROVENANCE_HISTORY-1-2-M0,tau2-retail-14,PROVENANCE_HISTORY,1,M0,Microsoft Agent Framework
r1-12-PROVENANCE_HISTORY-1-2-M1,tau2-retail-14,PROVENANCE_HISTORY,1,M1,Microsoft Agent Framework
r1-12-PROVENANCE_HISTORY-1-2-M2,tau2-retail-14,PROVENANCE_HISTORY,1,M2,Microsoft Agent Framework
r1-12-PROVENANCE_HISTORY-1-2-M3,tau2-retail-14,PROVENANCE_HISTORY,1,M3,Microsoft Agent Framework
r1-13-AUTHORIZATION-0-0-M0,tau2-retail-16,AUTHORIZATION,0,M0,Microsoft Agent Framework
r1-13-AUTHORIZATION-0-0-M1,tau2-retail-16,AUTHORIZATION,0,M1,Microsoft Agent Framework
r1-13-AUTHORIZATION-0-0-M2,tau2-retail-16,AUTHORIZATION,0,M2,Microsoft Agent Framework
r1-13-AUTHORIZATION-0-0-M3,tau2-retail-16,AUTHORIZATION,0,M3,Microsoft Agent Framework
r1-13-AUTHORIZATION-0-1-M0,tau2-retail-16,AUTHORIZATION,0,M0,Microsoft Agent Framework
r1-13-AUTHORIZATION-0-1-M1,tau2-retail-16,AUTHORIZATION,0,M1,Microsoft Agent Framework
r1-13-AUTHORIZATION-0-1-M2,tau2-retail-16,AUTHORIZATION,0,M2,Microsoft Agent Framework
r1-13-AUTHORIZATION-0-1-M3,tau2-retail-16,AUTHORIZATION,0,M3,Microsoft Agent Framework
r1-13-AUTHORIZATION-0-2-M0,tau2-retail-16,AUTHORIZATION,0,M0,Microsoft Agent Framework
r1-13-AUTHORIZATION-0-2-M1,tau2-retail-16,AUTHORIZATION,0,M1,Microsoft Agent Framework
r1-13-AUTHORIZATION-0-2-M2,tau2-retail-16,AUTHORIZATION,0,M2,Microsoft Agent Framework
r1-13-AUTHORIZATION-0-2-M3,tau2-retail-16,AUTHORIZATION,0,M3,Microsoft Agent Framework
r1-13-AUTHORIZATION-1-0-M0,tau2-retail-16,AUTHORIZATION,1,M0,Microsoft Agent Framework
r1-13-AUTHORIZATION-1-0-M1,tau2-retail-16,AUTHORIZATION,1,M1,Microsoft Agent Framework
r1-13-AUTHORIZATION-1-0-M2,tau2-retail-16,AUTHORIZATION,1,M2,Microsoft Agent Framework
r1-13-AUTHORIZATION-1-0-M3,tau2-retail-16,AUTHORIZATION,1,M3,Microsoft Agent Framework
r1-13-AUTHORIZATION-1-1-M0,tau2-retail-16,AUTHORIZATION,1,M0,Microsoft Agent Framework
r1-13-AUTHORIZATION-1-1-M1,tau2-retail-16,AUTHORIZATION,1,M1,Microsoft Agent Framework
r1-13-AUTHORIZATION-1-1-M2,tau2-retail-16,AUTHORIZATION,1,M2,Microsoft Agent Framework
r1-13-AUTHORIZATION-1-1-M3,tau2-retail-16,AUTHORIZATION,1,M3,Microsoft Agent Framework
r1-13-AUTHORIZATION-1-2-M0,tau2-retail-16,AUTHORIZATION,1,M0,Microsoft Agent Framework
r1-13-AUTHORIZATION-1-2-M1,tau2-retail-16,AUTHORIZATION,1,M1,Microsoft Agent Framework
r1-13-AUTHORIZATION-1-2-M2,tau2-retail-16,AUTHORIZATION,1,M2,Microsoft Agent Framework
r1-13-AUTHORIZATION-1-2-M3,tau2-retail-16,AUTHORIZATION,1,M3,Microsoft Agent Framework
r1-13-PROVENANCE_HISTORY-0-0-M0,tau2-retail-16,PROVENANCE_HISTORY,0,M0,Microsoft Agent Framework
r1-13-PROVENANCE_HISTORY-0-0-M1,tau2-retail-16,PROVENANCE_HISTORY,0,M1,Microsoft Agent Framework
r1-13-PROVENANCE_HISTORY-0-0-M2,tau2-retail-16,PROVENANCE_HISTORY,0,M2,Microsoft Agent Framework
r1-13-PROVENANCE_HISTORY-0-0-M3,tau2-retail-16,PROVENANCE_HISTORY,0,M3,Microsoft Agent Framework
r1-13-PROVENANCE_HISTORY-0-1-M0,tau2-retail-16,PROVENANCE_HISTORY,0,M0,Microsoft Agent Framework
r1-13-PROVENANCE_HISTORY-0-1-M1,tau2-retail-16,PROVENANCE_HISTORY,0,M1,Microsoft Agent Framework
r1-13-PROVENANCE_HISTORY-0-1-M2,tau2-retail-16,PROVENANCE_HISTORY,0,M2,Microsoft Agent Framework
r1-13-PROVENANCE_HISTORY-0-1-M3,tau2-retail-16,PROVENANCE_HISTORY,0,M3,Microsoft Agent Framework
r1-13-PROVENANCE_HISTORY-0-2-M0,tau2-retail-16,PROVENANCE_HISTORY,0,M0,Microsoft Agent Framework
r1-13-PROVENANCE_HISTORY-0-2-M1,tau2-retail-16,PROVENANCE_HISTORY,0,M1,Microsoft Agent Framework
r1-13-PROVENANCE_HISTORY-0-2-M2,tau2-retail-16,PROVENANCE_HISTORY,0,M2,Microsoft Agent Framework
r1-13-PROVENANCE_HISTORY-0-2-M3,tau2-retail-16,PROVENANCE_HISTORY,0,M3,Microsoft Agent Framework
r1-13-PROVENANCE_HISTORY-1-0-M0,tau2-retail-16,PROVENANCE_HISTORY,1,M0,Microsoft Agent Framework
r1-13-PROVENANCE_HISTORY-1-0-M1,tau2-retail-16,PROVENANCE_HISTORY,1,M1,Microsoft Agent Framework
r1-13-PROVENANCE_HISTORY-1-0-M2,tau2-retail-16,PROVENANCE_HISTORY,1,M2,Microsoft Agent Framework
r1-13-PROVENANCE_HISTORY-1-0-M3,tau2-retail-16,PROVENANCE_HISTORY,1,M3,Microsoft Agent Framework
r1-13-PROVENANCE_HISTORY-1-1-M0,tau2-retail-16,PROVENANCE_HISTORY,1,M0,Microsoft Agent Framework
r1-13-PROVENANCE_HISTORY-1-1-M1,tau2-retail-16,PROVENANCE_HISTORY,1,M1,Microsoft Agent Framework
r1-13-PROVENANCE_HISTORY-1-1-M2,tau2-retail-16,PROVENANCE_HISTORY,1,M2,Microsoft Agent Framework
r1-13-PROVENANCE_HISTORY-1-1-M3,tau2-retail-16,PROVENANCE_HISTORY,1,M3,Microsoft Agent Framework
r1-13-PROVENANCE_HISTORY-1-2-M0,tau2-retail-16,PROVENANCE_HISTORY,1,M0,Microsoft Agent Framework
r1-13-PROVENANCE_HISTORY-1-2-M1,tau2-retail-16,PROVENANCE_HISTORY,1,M1,Microsoft Agent Framework
r1-13-PROVENANCE_HISTORY-1-2-M2,tau2-retail-16,PROVENANCE_HISTORY,1,M2,Microsoft Agent Framework
r1-13-PROVENANCE_HISTORY-1-2-M3,tau2-retail-16,PROVENANCE_HISTORY,1,M3,Microsoft Agent Framework
r1-14-AUTHORIZATION-0-0-M0,tau2-retail-17,AUTHORIZATION,0,M0,Microsoft Agent Framework
r1-14-AUTHORIZATION-0-0-M1,tau2-retail-17,AUTHORIZATION,0,M1,Microsoft Agent Framework
r1-14-AUTHORIZATION-0-0-M2,tau2-retail-17,AUTHORIZATION,0,M2,Microsoft Agent Framework
r1-14-AUTHORIZATION-0-0-M3,tau2-retail-17,AUTHORIZATION,0,M3,Microsoft Agent Framework
r1-14-AUTHORIZATION-0-1-M0,tau2-retail-17,AUTHORIZATION,0,M0,Microsoft Agent Framework
r1-14-AUTHORIZATION-0-1-M1,tau2-retail-17,AUTHORIZATION,0,M1,Microsoft Agent Framework
r1-14-AUTHORIZATION-0-1-M2,tau2-retail-17,AUTHORIZATION,0,M2,Microsoft Agent Framework
r1-14-AUTHORIZATION-0-1-M3,tau2-retail-17,AUTHORIZATION,0,M3,Microsoft Agent Framework
r1-14-AUTHORIZATION-0-2-M0,tau2-retail-17,AUTHORIZATION,0,M0,Microsoft Agent Framework
r1-14-AUTHORIZATION-0-2-M1,tau2-retail-17,AUTHORIZATION,0,M1,Microsoft Agent Framework
r1-14-AUTHORIZATION-0-2-M2,tau2-retail-17,AUTHORIZATION,0,M2,Microsoft Agent Framework
r1-14-AUTHORIZATION-0-2-M3,tau2-retail-17,AUTHORIZATION,0,M3,Microsoft Agent Framework
r1-14-AUTHORIZATION-1-0-M0,tau2-retail-17,AUTHORIZATION,1,M0,Microsoft Agent Framework
r1-14-AUTHORIZATION-1-0-M1,tau2-retail-17,AUTHORIZATION,1,M1,Microsoft Agent Framework
r1-14-AUTHORIZATION-1-0-M2,tau2-retail-17,AUTHORIZATION,1,M2,Microsoft Agent Framework
r1-14-AUTHORIZATION-1-0-M3,tau2-retail-17,AUTHORIZATION,1,M3,Microsoft Agent Framework
r1-14-AUTHORIZATION-1-1-M0,tau2-retail-17,AUTHORIZATION,1,M0,Microsoft Agent Framework
r1-14-AUTHORIZATION-1-1-M1,tau2-retail-17,AUTHORIZATION,1,M1,Microsoft Agent Framework
r1-14-AUTHORIZATION-1-1-M2,tau2-retail-17,AUTHORIZATION,1,M2,Microsoft Agent Framework
r1-14-AUTHORIZATION-1-1-M3,tau2-retail-17,AUTHORIZATION,1,M3,Microsoft Agent Framework
r1-14-AUTHORIZATION-1-2-M0,tau2-retail-17,AUTHORIZATION,1,M0,Microsoft Agent Framework
r1-14-AUTHORIZATION-1-2-M1,tau2-retail-17,AUTHORIZATION,1,M1,Microsoft Agent Framework
r1-14-AUTHORIZATION-1-2-M2,tau2-retail-17,AUTHORIZATION,1,M2,Microsoft Agent Framework
r1-14-AUTHORIZATION-1-2-M3,tau2-retail-17,AUTHORIZATION,1,M3,Microsoft Agent Framework
r1-14-PROVENANCE_HISTORY-0-0-M0,tau2-retail-17,PROVENANCE_HISTORY,0,M0,Microsoft Agent Framework
r1-14-PROVENANCE_HISTORY-0-0-M1,tau2-retail-17,PROVENANCE_HISTORY,0,M1,Microsoft Agent Framework
r1-14-PROVENANCE_HISTORY-0-0-M2,tau2-retail-17,PROVENANCE_HISTORY,0,M2,Microsoft Agent Framework
r1-14-PROVENANCE_HISTORY-0-0-M3,tau2-retail-17,PROVENANCE_HISTORY,0,M3,Microsoft Agent Framework
r1-14-PROVENANCE_HISTORY-0-1-M0,tau2-retail-17,PROVENANCE_HISTORY,0,M0,Microsoft Agent Framework
r1-14-PROVENANCE_HISTORY-0-1-M1,tau2-retail-17,PROVENANCE_HISTORY,0,M1,Microsoft Agent Framework
r1-14-PROVENANCE_HISTORY-0-1-M2,tau2-retail-17,PROVENANCE_HISTORY,0,M2,Microsoft Agent Framework
r1-14-PROVENANCE_HISTORY-0-1-M3,tau2-retail-17,PROVENANCE_HISTORY,0,M3,Microsoft Agent Framework
r1-14-PROVENANCE_HISTORY-0-2-M0,tau2-retail-17,PROVENANCE_HISTORY,0,M0,Microsoft Agent Framework
r1-14-PROVENANCE_HISTORY-0-2-M1,tau2-retail-17,PROVENANCE_HISTORY,0,M1,Microsoft Agent Framework
r1-14-PROVENANCE_HISTORY-0-2-M2,tau2-retail-17,PROVENANCE_HISTORY,0,M2,Microsoft Agent Framework
r1-14-PROVENANCE_HISTORY-0-2-M3,tau2-retail-17,PROVENANCE_HISTORY,0,M3,Microsoft Agent Framework
r1-14-PROVENANCE_HISTORY-1-0-M0,tau2-retail-17,PROVENANCE_HISTORY,1,M0,Microsoft Agent Framework
r1-14-PROVENANCE_HISTORY-1-0-M1,tau2-retail-17,PROVENANCE_HISTORY,1,M1,Microsoft Agent Framework
r1-14-PROVENANCE_HISTORY-1-0-M2,tau2-retail-17,PROVENANCE_HISTORY,1,M2,Microsoft Agent Framework
r1-14-PROVENANCE_HISTORY-1-0-M3,tau2-retail-17,PROVENANCE_HISTORY,1,M3,Microsoft Agent Framework
r1-14-PROVENANCE_HISTORY-1-1-M0,tau2-retail-17,PROVENANCE_HISTORY,1,M0,Microsoft Agent Framework
r1-14-PROVENANCE_HISTORY-1-1-M1,tau2-retail-17,PROVENANCE_HISTORY,1,M1,Microsoft Agent Framework
r1-14-PROVENANCE_HISTORY-1-1-M2,tau2-retail-17,PROVENANCE_HISTORY,1,M2,Microsoft Agent Framework
r1-14-PROVENANCE_HISTORY-1-1-M3,tau2-retail-17,PROVENANCE_HISTORY,1,M3,Microsoft Agent Framework
r1-14-PROVENANCE_HISTORY-1-2-M0,tau2-retail-17,PROVENANCE_HISTORY,1,M0,Microsoft Agent Framework
r1-14-PROVENANCE_HISTORY-1-2-M1,tau2-retail-17,PROVENANCE_HISTORY,1,M1,Microsoft Agent Framework
r1-14-PROVENANCE_HISTORY-1-2-M2,tau2-retail-17,PROVENANCE_HISTORY,1,M2,Microsoft Agent Framework
r1-14-PROVENANCE_HISTORY-1-2-M3,tau2-retail-17,PROVENANCE_HISTORY,1,M3,Microsoft Agent Framework
r1-15-AUTHORIZATION-0-0-M0,tau2-retail-18,AUTHORIZATION,0,M0,Microsoft Agent Framework
r1-15-AUTHORIZATION-0-0-M1,tau2-retail-18,AUTHORIZATION,0,M1,Microsoft Agent Framework
r1-15-AUTHORIZATION-0-0-M2,tau2-retail-18,AUTHORIZATION,0,M2,Microsoft Agent Framework
r1-15-AUTHORIZATION-0-0-M3,tau2-retail-18,AUTHORIZATION,0,M3,Microsoft Agent Framework
r1-15-AUTHORIZATION-0-1-M0,tau2-retail-18,AUTHORIZATION,0,M0,Microsoft Agent Framework
r1-15-AUTHORIZATION-0-1-M1,tau2-retail-18,AUTHORIZATION,0,M1,Microsoft Agent Framework
r1-15-AUTHORIZATION-0-1-M2,tau2-retail-18,AUTHORIZATION,0,M2,Microsoft Agent Framework
r1-15-AUTHORIZATION-0-1-M3,tau2-retail-18,AUTHORIZATION,0,M3,Microsoft Agent Framework
r1-15-AUTHORIZATION-0-2-M0,tau2-retail-18,AUTHORIZATION,0,M0,Microsoft Agent Framework
r1-15-AUTHORIZATION-0-2-M1,tau2-retail-18,AUTHORIZATION,0,M1,Microsoft Agent Framework
r1-15-AUTHORIZATION-0-2-M2,tau2-retail-18,AUTHORIZATION,0,M2,Microsoft Agent Framework
r1-15-AUTHORIZATION-0-2-M3,tau2-retail-18,AUTHORIZATION,0,M3,Microsoft Agent Framework
r1-15-AUTHORIZATION-1-0-M0,tau2-retail-18,AUTHORIZATION,1,M0,Microsoft Agent Framework
r1-15-AUTHORIZATION-1-0-M1,tau2-retail-18,AUTHORIZATION,1,M1,Microsoft Agent Framework
r1-15-AUTHORIZATION-1-0-M2,tau2-retail-18,AUTHORIZATION,1,M2,Microsoft Agent Framework
r1-15-AUTHORIZATION-1-0-M3,tau2-retail-18,AUTHORIZATION,1,M3,Microsoft Agent Framework
r1-15-AUTHORIZATION-1-1-M0,tau2-retail-18,AUTHORIZATION,1,M0,Microsoft Agent Framework
r1-15-AUTHORIZATION-1-1-M1,tau2-retail-18,AUTHORIZATION,1,M1,Microsoft Agent Framework
r1-15-AUTHORIZATION-1-1-M2,tau2-retail-18,AUTHORIZATION,1,M2,Microsoft Agent Framework
r1-15-AUTHORIZATION-1-1-M3,tau2-retail-18,AUTHORIZATION,1,M3,Microsoft Agent Framework
r1-15-AUTHORIZATION-1-2-M0,tau2-retail-18,AUTHORIZATION,1,M0,Microsoft Agent Framework
r1-15-AUTHORIZATION-1-2-M1,tau2-retail-18,AUTHORIZATION,1,M1,Microsoft Agent Framework
r1-15-AUTHORIZATION-1-2-M2,tau2-retail-18,AUTHORIZATION,1,M2,Microsoft Agent Framework
r1-15-AUTHORIZATION-1-2-M3,tau2-retail-18,AUTHORIZATION,1,M3,Microsoft Agent Framework
r1-15-PROVENANCE_HISTORY-0-0-M0,tau2-retail-18,PROVENANCE_HISTORY,0,M0,Microsoft Agent Framework
r1-15-PROVENANCE_HISTORY-0-0-M1,tau2-retail-18,PROVENANCE_HISTORY,0,M1,Microsoft Agent Framework
r1-15-PROVENANCE_HISTORY-0-0-M2,tau2-retail-18,PROVENANCE_HISTORY,0,M2,Microsoft Agent Framework
r1-15-PROVENANCE_HISTORY-0-0-M3,tau2-retail-18,PROVENANCE_HISTORY,0,M3,Microsoft Agent Framework
r1-15-PROVENANCE_HISTORY-0-1-M0,tau2-retail-18,PROVENANCE_HISTORY,0,M0,Microsoft Agent Framework
r1-15-PROVENANCE_HISTORY-0-1-M1,tau2-retail-18,PROVENANCE_HISTORY,0,M1,Microsoft Agent Framework
r1-15-PROVENANCE_HISTORY-0-1-M2,tau2-retail-18,PROVENANCE_HISTORY,0,M2,Microsoft Agent Framework
r1-15-PROVENANCE_HISTORY-0-1-M3,tau2-retail-18,PROVENANCE_HISTORY,0,M3,Microsoft Agent Framework
r1-15-PROVENANCE_HISTORY-0-2-M0,tau2-retail-18,PROVENANCE_HISTORY,0,M0,Microsoft Agent Framework
r1-15-PROVENANCE_HISTORY-0-2-M1,tau2-retail-18,PROVENANCE_HISTORY,0,M1,Microsoft Agent Framework
r1-15-PROVENANCE_HISTORY-0-2-M2,tau2-retail-18,PROVENANCE_HISTORY,0,M2,Microsoft Agent Framework
r1-15-PROVENANCE_HISTORY-0-2-M3,tau2-retail-18,PROVENANCE_HISTORY,0,M3,Microsoft Agent Framework
r1-15-PROVENANCE_HISTORY-1-0-M0,tau2-retail-18,PROVENANCE_HISTORY,1,M0,Microsoft Agent Framework
r1-15-PROVENANCE_HISTORY-1-0-M1,tau2-retail-18,PROVENANCE_HISTORY,1,M1,Microsoft Agent Framework
r1-15-PROVENANCE_HISTORY-1-0-M2,tau2-retail-18,PROVENANCE_HISTORY,1,M2,Microsoft Agent Framework
r1-15-PROVENANCE_HISTORY-1-0-M3,tau2-retail-18,PROVENANCE_HISTORY,1,M3,Microsoft Agent Framework
r1-15-PROVENANCE_HISTORY-1-1-M0,tau2-retail-18,PROVENANCE_HISTORY,1,M0,Microsoft Agent Framework
r1-15-PROVENANCE_HISTORY-1-1-M1,tau2-retail-18,PROVENANCE_HISTORY,1,M1,Microsoft Agent Framework
r1-15-PROVENANCE_HISTORY-1-1-M2,tau2-retail-18,PROVENANCE_HISTORY,1,M2,Microsoft Agent Framework
r1-15-PROVENANCE_HISTORY-1-1-M3,tau2-retail-18,PROVENANCE_HISTORY,1,M3,Microsoft Agent Framework
r1-15-PROVENANCE_HISTORY-1-2-M0,tau2-retail-18,PROVENANCE_HISTORY,1,M0,Microsoft Agent Framework
r1-15-PROVENANCE_HISTORY-1-2-M1,tau2-retail-18,PROVENANCE_HISTORY,1,M1,Microsoft Agent Framework
r1-15-PROVENANCE_HISTORY-1-2-M2,tau2-retail-18,PROVENANCE_HISTORY,1,M2,Microsoft Agent Framework
r1-15-PROVENANCE_HISTORY-1-2-M3,tau2-retail-18,PROVENANCE_HISTORY,1,M3,Microsoft Agent Framework
r1-16-AUTHORIZATION-0-0-M0,tau2-retail-19,AUTHORIZATION,0,M0,Microsoft Agent Framework
r1-16-AUTHORIZATION-0-0-M1,tau2-retail-19,AUTHORIZATION,0,M1,Microsoft Agent Framework
r1-16-AUTHORIZATION-0-0-M2,tau2-retail-19,AUTHORIZATION,0,M2,Microsoft Agent Framework
r1-16-AUTHORIZATION-0-0-M3,tau2-retail-19,AUTHORIZATION,0,M3,Microsoft Agent Framework
r1-16-AUTHORIZATION-0-1-M0,tau2-retail-19,AUTHORIZATION,0,M0,Microsoft Agent Framework
r1-16-AUTHORIZATION-0-1-M1,tau2-retail-19,AUTHORIZATION,0,M1,Microsoft Agent Framework
r1-16-AUTHORIZATION-0-1-M2,tau2-retail-19,AUTHORIZATION,0,M2,Microsoft Agent Framework
r1-16-AUTHORIZATION-0-1-M3,tau2-retail-19,AUTHORIZATION,0,M3,Microsoft Agent Framework
r1-16-AUTHORIZATION-0-2-M0,tau2-retail-19,AUTHORIZATION,0,M0,Microsoft Agent Framework
r1-16-AUTHORIZATION-0-2-M1,tau2-retail-19,AUTHORIZATION,0,M1,Microsoft Agent Framework
r1-16-AUTHORIZATION-0-2-M2,tau2-retail-19,AUTHORIZATION,0,M2,Microsoft Agent Framework
r1-16-AUTHORIZATION-0-2-M3,tau2-retail-19,AUTHORIZATION,0,M3,Microsoft Agent Framework
r1-16-AUTHORIZATION-1-0-M0,tau2-retail-19,AUTHORIZATION,1,M0,Microsoft Agent Framework
r1-16-AUTHORIZATION-1-0-M1,tau2-retail-19,AUTHORIZATION,1,M1,Microsoft Agent Framework
r1-16-AUTHORIZATION-1-0-M2,tau2-retail-19,AUTHORIZATION,1,M2,Microsoft Agent Framework
r1-16-AUTHORIZATION-1-0-M3,tau2-retail-19,AUTHORIZATION,1,M3,Microsoft Agent Framework
r1-16-AUTHORIZATION-1-1-M0,tau2-retail-19,AUTHORIZATION,1,M0,Microsoft Agent Framework
r1-16-AUTHORIZATION-1-1-M1,tau2-retail-19,AUTHORIZATION,1,M1,Microsoft Agent Framework
r1-16-AUTHORIZATION-1-1-M2,tau2-retail-19,AUTHORIZATION,1,M2,Microsoft Agent Framework
r1-16-AUTHORIZATION-1-1-M3,tau2-retail-19,AUTHORIZATION,1,M3,Microsoft Agent Framework
r1-16-AUTHORIZATION-1-2-M0,tau2-retail-19,AUTHORIZATION,1,M0,Microsoft Agent Framework
r1-16-AUTHORIZATION-1-2-M1,tau2-retail-19,AUTHORIZATION,1,M1,Microsoft Agent Framework
r1-16-AUTHORIZATION-1-2-M2,tau2-retail-19,AUTHORIZATION,1,M2,Microsoft Agent Framework
r1-16-AUTHORIZATION-1-2-M3,tau2-retail-19,AUTHORIZATION,1,M3,Microsoft Agent Framework
r1-16-PROVENANCE_HISTORY-0-0-M0,tau2-retail-19,PROVENANCE_HISTORY,0,M0,Microsoft Agent Framework
r1-16-PROVENANCE_HISTORY-0-0-M1,tau2-retail-19,PROVENANCE_HISTORY,0,M1,Microsoft Agent Framework
r1-16-PROVENANCE_HISTORY-0-0-M2,tau2-retail-19,PROVENANCE_HISTORY,0,M2,Microsoft Agent Framework
r1-16-PROVENANCE_HISTORY-0-0-M3,tau2-retail-19,PROVENANCE_HISTORY,0,M3,Microsoft Agent Framework
r1-16-PROVENANCE_HISTORY-0-1-M0,tau2-retail-19,PROVENANCE_HISTORY,0,M0,Microsoft Agent Framework
r1-16-PROVENANCE_HISTORY-0-1-M1,tau2-retail-19,PROVENANCE_HISTORY,0,M1,Microsoft Agent Framework
r1-16-PROVENANCE_HISTORY-0-1-M2,tau2-retail-19,PROVENANCE_HISTORY,0,M2,Microsoft Agent Framework
r1-16-PROVENANCE_HISTORY-0-1-M3,tau2-retail-19,PROVENANCE_HISTORY,0,M3,Microsoft Agent Framework
r1-16-PROVENANCE_HISTORY-0-2-M0,tau2-retail-19,PROVENANCE_HISTORY,0,M0,Microsoft Agent Framework
r1-16-PROVENANCE_HISTORY-0-2-M1,tau2-retail-19,PROVENANCE_HISTORY,0,M1,Microsoft Agent Framework
r1-16-PROVENANCE_HISTORY-0-2-M2,tau2-retail-19,PROVENANCE_HISTORY,0,M2,Microsoft Agent Framework
r1-16-PROVENANCE_HISTORY-0-2-M3,tau2-retail-19,PROVENANCE_HISTORY,0,M3,Microsoft Agent Framework
r1-16-PROVENANCE_HISTORY-1-0-M0,tau2-retail-19,PROVENANCE_HISTORY,1,M0,Microsoft Agent Framework
r1-16-PROVENANCE_HISTORY-1-0-M1,tau2-retail-19,PROVENANCE_HISTORY,1,M1,Microsoft Agent Framework
r1-16-PROVENANCE_HISTORY-1-0-M2,tau2-retail-19,PROVENANCE_HISTORY,1,M2,Microsoft Agent Framework
r1-16-PROVENANCE_HISTORY-1-0-M3,tau2-retail-19,PROVENANCE_HISTORY,1,M3,Microsoft Agent Framework
r1-16-PROVENANCE_HISTORY-1-1-M0,tau2-retail-19,PROVENANCE_HISTORY,1,M0,Microsoft Agent Framework
r1-16-PROVENANCE_HISTORY-1-1-M1,tau2-retail-19,PROVENANCE_HISTORY,1,M1,Microsoft Agent Framework
r1-16-PROVENANCE_HISTORY-1-1-M2,tau2-retail-19,PROVENANCE_HISTORY,1,M2,Microsoft Agent Framework
r1-16-PROVENANCE_HISTORY-1-1-M3,tau2-retail-19,PROVENANCE_HISTORY,1,M3,Microsoft Agent Framework
r1-16-PROVENANCE_HISTORY-1-2-M0,tau2-retail-19,PROVENANCE_HISTORY,1,M0,Microsoft Agent Framework
r1-16-PROVENANCE_HISTORY-1-2-M1,tau2-retail-19,PROVENANCE_HISTORY,1,M1,Microsoft Agent Framework
r1-16-PROVENANCE_HISTORY-1-2-M2,tau2-retail-19,PROVENANCE_HISTORY,1,M2,Microsoft Agent Framework
r1-16-PROVENANCE_HISTORY-1-2-M3,tau2-retail-19,PROVENANCE_HISTORY,1,M3,Microsoft Agent Framework
r1-17-AUTHORIZATION-0-0-M0,tau2-retail-22,AUTHORIZATION,0,M0,Microsoft Agent Framework
r1-17-AUTHORIZATION-0-0-M1,tau2-retail-22,AUTHORIZATION,0,M1,Microsoft Agent Framework
r1-17-AUTHORIZATION-0-0-M2,tau2-retail-22,AUTHORIZATION,0,M2,Microsoft Agent Framework
r1-17-AUTHORIZATION-0-0-M3,tau2-retail-22,AUTHORIZATION,0,M3,Microsoft Agent Framework
r1-17-AUTHORIZATION-0-1-M0,tau2-retail-22,AUTHORIZATION,0,M0,Microsoft Agent Framework
r1-17-AUTHORIZATION-0-1-M1,tau2-retail-22,AUTHORIZATION,0,M1,Microsoft Agent Framework
r1-17-AUTHORIZATION-0-1-M2,tau2-retail-22,AUTHORIZATION,0,M2,Microsoft Agent Framework
r1-17-AUTHORIZATION-0-1-M3,tau2-retail-22,AUTHORIZATION,0,M3,Microsoft Agent Framework
r1-17-AUTHORIZATION-0-2-M0,tau2-retail-22,AUTHORIZATION,0,M0,Microsoft Agent Framework
r1-17-AUTHORIZATION-0-2-M1,tau2-retail-22,AUTHORIZATION,0,M1,Microsoft Agent Framework
r1-17-AUTHORIZATION-0-2-M2,tau2-retail-22,AUTHORIZATION,0,M2,Microsoft Agent Framework
r1-17-AUTHORIZATION-0-2-M3,tau2-retail-22,AUTHORIZATION,0,M3,Microsoft Agent Framework
r1-17-AUTHORIZATION-1-0-M0,tau2-retail-22,AUTHORIZATION,1,M0,Microsoft Agent Framework
r1-17-AUTHORIZATION-1-0-M1,tau2-retail-22,AUTHORIZATION,1,M1,Microsoft Agent Framework
r1-17-AUTHORIZATION-1-0-M2,tau2-retail-22,AUTHORIZATION,1,M2,Microsoft Agent Framework
r1-17-AUTHORIZATION-1-0-M3,tau2-retail-22,AUTHORIZATION,1,M3,Microsoft Agent Framework
r1-17-AUTHORIZATION-1-1-M0,tau2-retail-22,AUTHORIZATION,1,M0,Microsoft Agent Framework
r1-17-AUTHORIZATION-1-1-M1,tau2-retail-22,AUTHORIZATION,1,M1,Microsoft Agent Framework
r1-17-AUTHORIZATION-1-1-M2,tau2-retail-22,AUTHORIZATION,1,M2,Microsoft Agent Framework
r1-17-AUTHORIZATION-1-1-M3,tau2-retail-22,AUTHORIZATION,1,M3,Microsoft Agent Framework
r1-17-AUTHORIZATION-1-2-M0,tau2-retail-22,AUTHORIZATION,1,M0,Microsoft Agent Framework
r1-17-AUTHORIZATION-1-2-M1,tau2-retail-22,AUTHORIZATION,1,M1,Microsoft Agent Framework
r1-17-AUTHORIZATION-1-2-M2,tau2-retail-22,AUTHORIZATION,1,M2,Microsoft Agent Framework
r1-17-AUTHORIZATION-1-2-M3,tau2-retail-22,AUTHORIZATION,1,M3,Microsoft Agent Framework
r1-17-PROVENANCE_HISTORY-0-0-M0,tau2-retail-22,PROVENANCE_HISTORY,0,M0,Microsoft Agent Framework
r1-17-PROVENANCE_HISTORY-0-0-M1,tau2-retail-22,PROVENANCE_HISTORY,0,M1,Microsoft Agent Framework
r1-17-PROVENANCE_HISTORY-0-0-M2,tau2-retail-22,PROVENANCE_HISTORY,0,M2,Microsoft Agent Framework
r1-17-PROVENANCE_HISTORY-0-0-M3,tau2-retail-22,PROVENANCE_HISTORY,0,M3,Microsoft Agent Framework
r1-17-PROVENANCE_HISTORY-0-1-M0,tau2-retail-22,PROVENANCE_HISTORY,0,M0,Microsoft Agent Framework
r1-17-PROVENANCE_HISTORY-0-1-M1,tau2-retail-22,PROVENANCE_HISTORY,0,M1,Microsoft Agent Framework
r1-17-PROVENANCE_HISTORY-0-1-M2,tau2-retail-22,PROVENANCE_HISTORY,0,M2,Microsoft Agent Framework
r1-17-PROVENANCE_HISTORY-0-1-M3,tau2-retail-22,PROVENANCE_HISTORY,0,M3,Microsoft Agent Framework
r1-17-PROVENANCE_HISTORY-0-2-M0,tau2-retail-22,PROVENANCE_HISTORY,0,M0,Microsoft Agent Framework
r1-17-PROVENANCE_HISTORY-0-2-M1,tau2-retail-22,PROVENANCE_HISTORY,0,M1,Microsoft Agent Framework
r1-17-PROVENANCE_HISTORY-0-2-M2,tau2-retail-22,PROVENANCE_HISTORY,0,M2,Microsoft Agent Framework
r1-17-PROVENANCE_HISTORY-0-2-M3,tau2-retail-22,PROVENANCE_HISTORY,0,M3,Microsoft Agent Framework
r1-17-PROVENANCE_HISTORY-1-0-M0,tau2-retail-22,PROVENANCE_HISTORY,1,M0,Microsoft Agent Framework
r1-17-PROVENANCE_HISTORY-1-0-M1,tau2-retail-22,PROVENANCE_HISTORY,1,M1,Microsoft Agent Framework
r1-17-PROVENANCE_HISTORY-1-0-M2,tau2-retail-22,PROVENANCE_HISTORY,1,M2,Microsoft Agent Framework
r1-17-PROVENANCE_HISTORY-1-0-M3,tau2-retail-22,PROVENANCE_HISTORY,1,M3,Microsoft Agent Framework
r1-17-PROVENANCE_HISTORY-1-1-M0,tau2-retail-22,PROVENANCE_HISTORY,1,M0,Microsoft Agent Framework
r1-17-PROVENANCE_HISTORY-1-1-M1,tau2-retail-22,PROVENANCE_HISTORY,1,M1,Microsoft Agent Framework
r1-17-PROVENANCE_HISTORY-1-1-M2,tau2-retail-22,PROVENANCE_HISTORY,1,M2,Microsoft Agent Framework
r1-17-PROVENANCE_HISTORY-1-1-M3,tau2-retail-22,PROVENANCE_HISTORY,1,M3,Microsoft Agent Framework
r1-17-PROVENANCE_HISTORY-1-2-M0,tau2-retail-22,PROVENANCE_HISTORY,1,M0,Microsoft Agent Framework
r1-17-PROVENANCE_HISTORY-1-2-M1,tau2-retail-22,PROVENANCE_HISTORY,1,M1,Microsoft Agent Framework
r1-17-PROVENANCE_HISTORY-1-2-M2,tau2-retail-22,PROVENANCE_HISTORY,1,M2,Microsoft Agent Framework
r1-17-PROVENANCE_HISTORY-1-2-M3,tau2-retail-22,PROVENANCE_HISTORY,1,M3,Microsoft Agent Framework
r1-18-AUTHORIZATION-0-0-M0,tau2-retail-23,AUTHORIZATION,0,M0,Microsoft Agent Framework
r1-18-AUTHORIZATION-0-0-M1,tau2-retail-23,AUTHORIZATION,0,M1,Microsoft Agent Framework
r1-18-AUTHORIZATION-0-0-M2,tau2-retail-23,AUTHORIZATION,0,M2,Microsoft Agent Framework
r1-18-AUTHORIZATION-0-0-M3,tau2-retail-23,AUTHORIZATION,0,M3,Microsoft Agent Framework
r1-18-AUTHORIZATION-0-1-M0,tau2-retail-23,AUTHORIZATION,0,M0,Microsoft Agent Framework
r1-18-AUTHORIZATION-0-1-M1,tau2-retail-23,AUTHORIZATION,0,M1,Microsoft Agent Framework
r1-18-AUTHORIZATION-0-1-M2,tau2-retail-23,AUTHORIZATION,0,M2,Microsoft Agent Framework
r1-18-AUTHORIZATION-0-1-M3,tau2-retail-23,AUTHORIZATION,0,M3,Microsoft Agent Framework
r1-18-AUTHORIZATION-0-2-M0,tau2-retail-23,AUTHORIZATION,0,M0,Microsoft Agent Framework
r1-18-AUTHORIZATION-0-2-M1,tau2-retail-23,AUTHORIZATION,0,M1,Microsoft Agent Framework
r1-18-AUTHORIZATION-0-2-M2,tau2-retail-23,AUTHORIZATION,0,M2,Microsoft Agent Framework
r1-18-AUTHORIZATION-0-2-M3,tau2-retail-23,AUTHORIZATION,0,M3,Microsoft Agent Framework
r1-18-AUTHORIZATION-1-0-M0,tau2-retail-23,AUTHORIZATION,1,M0,Microsoft Agent Framework
r1-18-AUTHORIZATION-1-0-M1,tau2-retail-23,AUTHORIZATION,1,M1,Microsoft Agent Framework
r1-18-AUTHORIZATION-1-0-M2,tau2-retail-23,AUTHORIZATION,1,M2,Microsoft Agent Framework
r1-18-AUTHORIZATION-1-0-M3,tau2-retail-23,AUTHORIZATION,1,M3,Microsoft Agent Framework
r1-18-AUTHORIZATION-1-1-M0,tau2-retail-23,AUTHORIZATION,1,M0,Microsoft Agent Framework
r1-18-AUTHORIZATION-1-1-M1,tau2-retail-23,AUTHORIZATION,1,M1,Microsoft Agent Framework
r1-18-AUTHORIZATION-1-1-M2,tau2-retail-23,AUTHORIZATION,1,M2,Microsoft Agent Framework
r1-18-AUTHORIZATION-1-1-M3,tau2-retail-23,AUTHORIZATION,1,M3,Microsoft Agent Framework
r1-18-AUTHORIZATION-1-2-M0,tau2-retail-23,AUTHORIZATION,1,M0,Microsoft Agent Framework
r1-18-AUTHORIZATION-1-2-M1,tau2-retail-23,AUTHORIZATION,1,M1,Microsoft Agent Framework
r1-18-AUTHORIZATION-1-2-M2,tau2-retail-23,AUTHORIZATION,1,M2,Microsoft Agent Framework
r1-18-AUTHORIZATION-1-2-M3,tau2-retail-23,AUTHORIZATION,1,M3,Microsoft Agent Framework
r1-18-PROVENANCE_HISTORY-0-0-M0,tau2-retail-23,PROVENANCE_HISTORY,0,M0,Microsoft Agent Framework
r1-18-PROVENANCE_HISTORY-0-0-M1,tau2-retail-23,PROVENANCE_HISTORY,0,M1,Microsoft Agent Framework
r1-18-PROVENANCE_HISTORY-0-0-M2,tau2-retail-23,PROVENANCE_HISTORY,0,M2,Microsoft Agent Framework
r1-18-PROVENANCE_HISTORY-0-0-M3,tau2-retail-23,PROVENANCE_HISTORY,0,M3,Microsoft Agent Framework
r1-18-PROVENANCE_HISTORY-0-1-M0,tau2-retail-23,PROVENANCE_HISTORY,0,M0,Microsoft Agent Framework
r1-18-PROVENANCE_HISTORY-0-1-M1,tau2-retail-23,PROVENANCE_HISTORY,0,M1,Microsoft Agent Framework
r1-18-PROVENANCE_HISTORY-0-1-M2,tau2-retail-23,PROVENANCE_HISTORY,0,M2,Microsoft Agent Framework
r1-18-PROVENANCE_HISTORY-0-1-M3,tau2-retail-23,PROVENANCE_HISTORY,0,M3,Microsoft Agent Framework
r1-18-PROVENANCE_HISTORY-0-2-M0,tau2-retail-23,PROVENANCE_HISTORY,0,M0,Microsoft Agent Framework
r1-18-PROVENANCE_HISTORY-0-2-M1,tau2-retail-23,PROVENANCE_HISTORY,0,M1,Microsoft Agent Framework
r1-18-PROVENANCE_HISTORY-0-2-M2,tau2-retail-23,PROVENANCE_HISTORY,0,M2,Microsoft Agent Framework
r1-18-PROVENANCE_HISTORY-0-2-M3,tau2-retail-23,PROVENANCE_HISTORY,0,M3,Microsoft Agent Framework
r1-18-PROVENANCE_HISTORY-1-0-M0,tau2-retail-23,PROVENANCE_HISTORY,1,M0,Microsoft Agent Framework
r1-18-PROVENANCE_HISTORY-1-0-M1,tau2-retail-23,PROVENANCE_HISTORY,1,M1,Microsoft Agent Framework
r1-18-PROVENANCE_HISTORY-1-0-M2,tau2-retail-23,PROVENANCE_HISTORY,1,M2,Microsoft Agent Framework
r1-18-PROVENANCE_HISTORY-1-0-M3,tau2-retail-23,PROVENANCE_HISTORY,1,M3,Microsoft Agent Framework
r1-18-PROVENANCE_HISTORY-1-1-M0,tau2-retail-23,PROVENANCE_HISTORY,1,M0,Microsoft Agent Framework
r1-18-PROVENANCE_HISTORY-1-1-M1,tau2-retail-23,PROVENANCE_HISTORY,1,M1,Microsoft Agent Framework
r1-18-PROVENANCE_HISTORY-1-1-M2,tau2-retail-23,PROVENANCE_HISTORY,1,M2,Microsoft Agent Framework
r1-18-PROVENANCE_HISTORY-1-1-M3,tau2-retail-23,PROVENANCE_HISTORY,1,M3,Microsoft Agent Framework
r1-18-PROVENANCE_HISTORY-1-2-M0,tau2-retail-23,PROVENANCE_HISTORY,1,M0,Microsoft Agent Framework
r1-18-PROVENANCE_HISTORY-1-2-M1,tau2-retail-23,PROVENANCE_HISTORY,1,M1,Microsoft Agent Framework
r1-18-PROVENANCE_HISTORY-1-2-M2,tau2-retail-23,PROVENANCE_HISTORY,1,M2,Microsoft Agent Framework
r1-18-PROVENANCE_HISTORY-1-2-M3,tau2-retail-23,PROVENANCE_HISTORY,1,M3,Microsoft Agent Framework
r1-19-AUTHORIZATION-0-0-M0,tau2-retail-26,AUTHORIZATION,0,M0,Microsoft Agent Framework
r1-19-AUTHORIZATION-0-0-M1,tau2-retail-26,AUTHORIZATION,0,M1,Microsoft Agent Framework
r1-19-AUTHORIZATION-0-0-M2,tau2-retail-26,AUTHORIZATION,0,M2,Microsoft Agent Framework
r1-19-AUTHORIZATION-0-0-M3,tau2-retail-26,AUTHORIZATION,0,M3,Microsoft Agent Framework
r1-19-AUTHORIZATION-0-1-M0,tau2-retail-26,AUTHORIZATION,0,M0,Microsoft Agent Framework
r1-19-AUTHORIZATION-0-1-M1,tau2-retail-26,AUTHORIZATION,0,M1,Microsoft Agent Framework
r1-19-AUTHORIZATION-0-1-M2,tau2-retail-26,AUTHORIZATION,0,M2,Microsoft Agent Framework
r1-19-AUTHORIZATION-0-1-M3,tau2-retail-26,AUTHORIZATION,0,M3,Microsoft Agent Framework
r1-19-AUTHORIZATION-0-2-M0,tau2-retail-26,AUTHORIZATION,0,M0,Microsoft Agent Framework
r1-19-AUTHORIZATION-0-2-M1,tau2-retail-26,AUTHORIZATION,0,M1,Microsoft Agent Framework
r1-19-AUTHORIZATION-0-2-M2,tau2-retail-26,AUTHORIZATION,0,M2,Microsoft Agent Framework
r1-19-AUTHORIZATION-0-2-M3,tau2-retail-26,AUTHORIZATION,0,M3,Microsoft Agent Framework
r1-19-AUTHORIZATION-1-0-M0,tau2-retail-26,AUTHORIZATION,1,M0,Microsoft Agent Framework
r1-19-AUTHORIZATION-1-0-M1,tau2-retail-26,AUTHORIZATION,1,M1,Microsoft Agent Framework
r1-19-AUTHORIZATION-1-0-M2,tau2-retail-26,AUTHORIZATION,1,M2,Microsoft Agent Framework
r1-19-AUTHORIZATION-1-0-M3,tau2-retail-26,AUTHORIZATION,1,M3,Microsoft Agent Framework
r1-19-AUTHORIZATION-1-1-M0,tau2-retail-26,AUTHORIZATION,1,M0,Microsoft Agent Framework
r1-19-AUTHORIZATION-1-1-M1,tau2-retail-26,AUTHORIZATION,1,M1,Microsoft Agent Framework
r1-19-AUTHORIZATION-1-1-M2,tau2-retail-26,AUTHORIZATION,1,M2,Microsoft Agent Framework
r1-19-AUTHORIZATION-1-1-M3,tau2-retail-26,AUTHORIZATION,1,M3,Microsoft Agent Framework
r1-19-AUTHORIZATION-1-2-M0,tau2-retail-26,AUTHORIZATION,1,M0,Microsoft Agent Framework
r1-19-AUTHORIZATION-1-2-M1,tau2-retail-26,AUTHORIZATION,1,M1,Microsoft Agent Framework
r1-19-AUTHORIZATION-1-2-M2,tau2-retail-26,AUTHORIZATION,1,M2,Microsoft Agent Framework
r1-19-AUTHORIZATION-1-2-M3,tau2-retail-26,AUTHORIZATION,1,M3,Microsoft Agent Framework
r1-19-PROVENANCE_HISTORY-0-0-M0,tau2-retail-26,PROVENANCE_HISTORY,0,M0,Microsoft Agent Framework
r1-19-PROVENANCE_HISTORY-0-0-M1,tau2-retail-26,PROVENANCE_HISTORY,0,M1,Microsoft Agent Framework
r1-19-PROVENANCE_HISTORY-0-0-M2,tau2-retail-26,PROVENANCE_HISTORY,0,M2,Microsoft Agent Framework
r1-19-PROVENANCE_HISTORY-0-0-M3,tau2-retail-26,PROVENANCE_HISTORY,0,M3,Microsoft Agent Framework
r1-19-PROVENANCE_HISTORY-0-1-M0,tau2-retail-26,PROVENANCE_HISTORY,0,M0,Microsoft Agent Framework
r1-19-PROVENANCE_HISTORY-0-1-M1,tau2-retail-26,PROVENANCE_HISTORY,0,M1,Microsoft Agent Framework
r1-19-PROVENANCE_HISTORY-0-1-M2,tau2-retail-26,PROVENANCE_HISTORY,0,M2,Microsoft Agent Framework
r1-19-PROVENANCE_HISTORY-0-1-M3,tau2-retail-26,PROVENANCE_HISTORY,0,M3,Microsoft Agent Framework
r1-19-PROVENANCE_HISTORY-0-2-M0,tau2-retail-26,PROVENANCE_HISTORY,0,M0,Microsoft Agent Framework
r1-19-PROVENANCE_HISTORY-0-2-M1,tau2-retail-26,PROVENANCE_HISTORY,0,M1,Microsoft Agent Framework
r1-19-PROVENANCE_HISTORY-0-2-M2,tau2-retail-26,PROVENANCE_HISTORY,0,M2,Microsoft Agent Framework
r1-19-PROVENANCE_HISTORY-0-2-M3,tau2-retail-26,PROVENANCE_HISTORY,0,M3,Microsoft Agent Framework
r1-19-PROVENANCE_HISTORY-1-0-M0,tau2-retail-26,PROVENANCE_HISTORY,1,M0,Microsoft Agent Framework
r1-19-PROVENANCE_HISTORY-1-0-M1,tau2-retail-26,PROVENANCE_HISTORY,1,M1,Microsoft Agent Framework
r1-19-PROVENANCE_HISTORY-1-0-M2,tau2-retail-26,PROVENANCE_HISTORY,1,M2,Microsoft Agent Framework
r1-19-PROVENANCE_HISTORY-1-0-M3,tau2-retail-26,PROVENANCE_HISTORY,1,M3,Microsoft Agent Framework
r1-19-PROVENANCE_HISTORY-1-1-M0,tau2-retail-26,PROVENANCE_HISTORY,1,M0,Microsoft Agent Framework
r1-19-PROVENANCE_HISTORY-1-1-M1,tau2-retail-26,PROVENANCE_HISTORY,1,M1,Microsoft Agent Framework
r1-19-PROVENANCE_HISTORY-1-1-M2,tau2-retail-26,PROVENANCE_HISTORY,1,M2,Microsoft Agent Framework
r1-19-PROVENANCE_HISTORY-1-1-M3,tau2-retail-26,PROVENANCE_HISTORY,1,M3,Microsoft Agent Framework
r1-19-PROVENANCE_HISTORY-1-2-M0,tau2-retail-26,PROVENANCE_HISTORY,1,M0,Microsoft Agent Framework
r1-19-PROVENANCE_HISTORY-1-2-M1,tau2-retail-26,PROVENANCE_HISTORY,1,M1,Microsoft Agent Framework
r1-19-PROVENANCE_HISTORY-1-2-M2,tau2-retail-26,PROVENANCE_HISTORY,1,M2,Microsoft Agent Framework
r1-19-PROVENANCE_HISTORY-1-2-M3,tau2-retail-26,PROVENANCE_HISTORY,1,M3,Microsoft Agent Framework
r1-20-AUTHORIZATION-0-0-M0,agentdojo-workspace-UserTask6,AUTHORIZATION,0,M0,Microsoft Agent Framework
r1-20-AUTHORIZATION-0-0-M1,agentdojo-workspace-UserTask6,AUTHORIZATION,0,M1,Microsoft Agent Framework
r1-20-AUTHORIZATION-0-0-M2,agentdojo-workspace-UserTask6,AUTHORIZATION,0,M2,Microsoft Agent Framework
r1-20-AUTHORIZATION-0-0-M3,agentdojo-workspace-UserTask6,AUTHORIZATION,0,M3,Microsoft Agent Framework
r1-20-AUTHORIZATION-0-1-M0,agentdojo-workspace-UserTask6,AUTHORIZATION,0,M0,Microsoft Agent Framework
r1-20-AUTHORIZATION-0-1-M1,agentdojo-workspace-UserTask6,AUTHORIZATION,0,M1,Microsoft Agent Framework
r1-20-AUTHORIZATION-0-1-M2,agentdojo-workspace-UserTask6,AUTHORIZATION,0,M2,Microsoft Agent Framework
r1-20-AUTHORIZATION-0-1-M3,agentdojo-workspace-UserTask6,AUTHORIZATION,0,M3,Microsoft Agent Framework
r1-20-AUTHORIZATION-0-2-M0,agentdojo-workspace-UserTask6,AUTHORIZATION,0,M0,Microsoft Agent Framework
r1-20-AUTHORIZATION-0-2-M1,agentdojo-workspace-UserTask6,AUTHORIZATION,0,M1,Microsoft Agent Framework
r1-20-AUTHORIZATION-0-2-M2,agentdojo-workspace-UserTask6,AUTHORIZATION,0,M2,Microsoft Agent Framework
r1-20-AUTHORIZATION-0-2-M3,agentdojo-workspace-UserTask6,AUTHORIZATION,0,M3,Microsoft Agent Framework
r1-20-AUTHORIZATION-1-0-M0,agentdojo-workspace-UserTask6,AUTHORIZATION,1,M0,Microsoft Agent Framework
r1-20-AUTHORIZATION-1-0-M1,agentdojo-workspace-UserTask6,AUTHORIZATION,1,M1,Microsoft Agent Framework
r1-20-AUTHORIZATION-1-0-M2,agentdojo-workspace-UserTask6,AUTHORIZATION,1,M2,Microsoft Agent Framework
r1-20-AUTHORIZATION-1-0-M3,agentdojo-workspace-UserTask6,AUTHORIZATION,1,M3,Microsoft Agent Framework
r1-20-AUTHORIZATION-1-1-M0,agentdojo-workspace-UserTask6,AUTHORIZATION,1,M0,Microsoft Agent Framework
r1-20-AUTHORIZATION-1-1-M1,agentdojo-workspace-UserTask6,AUTHORIZATION,1,M1,Microsoft Agent Framework
r1-20-AUTHORIZATION-1-1-M2,agentdojo-workspace-UserTask6,AUTHORIZATION,1,M2,Microsoft Agent Framework
r1-20-AUTHORIZATION-1-1-M3,agentdojo-workspace-UserTask6,AUTHORIZATION,1,M3,Microsoft Agent Framework
r1-20-AUTHORIZATION-1-2-M0,agentdojo-workspace-UserTask6,AUTHORIZATION,1,M0,Microsoft Agent Framework
r1-20-AUTHORIZATION-1-2-M1,agentdojo-workspace-UserTask6,AUTHORIZATION,1,M1,Microsoft Agent Framework
r1-20-AUTHORIZATION-1-2-M2,agentdojo-workspace-UserTask6,AUTHORIZATION,1,M2,Microsoft Agent Framework
r1-20-AUTHORIZATION-1-2-M3,agentdojo-workspace-UserTask6,AUTHORIZATION,1,M3,Microsoft Agent Framework
r1-20-PROVENANCE_HISTORY-0-0-M0,agentdojo-workspace-UserTask6,PROVENANCE_HISTORY,0,M0,Microsoft Agent Framework
r1-20-PROVENANCE_HISTORY-0-0-M1,agentdojo-workspace-UserTask6,PROVENANCE_HISTORY,0,M1,Microsoft Agent Framework
r1-20-PROVENANCE_HISTORY-0-0-M2,agentdojo-workspace-UserTask6,PROVENANCE_HISTORY,0,M2,Microsoft Agent Framework
r1-20-PROVENANCE_HISTORY-0-0-M3,agentdojo-workspace-UserTask6,PROVENANCE_HISTORY,0,M3,Microsoft Agent Framework
r1-20-PROVENANCE_HISTORY-0-1-M0,agentdojo-workspace-UserTask6,PROVENANCE_HISTORY,0,M0,Microsoft Agent Framework
r1-20-PROVENANCE_HISTORY-0-1-M1,agentdojo-workspace-UserTask6,PROVENANCE_HISTORY,0,M1,Microsoft Agent Framework
r1-20-PROVENANCE_HISTORY-0-1-M2,agentdojo-workspace-UserTask6,PROVENANCE_HISTORY,0,M2,Microsoft Agent Framework
r1-20-PROVENANCE_HISTORY-0-1-M3,agentdojo-workspace-UserTask6,PROVENANCE_HISTORY,0,M3,Microsoft Agent Framework
r1-20-PROVENANCE_HISTORY-0-2-M0,agentdojo-workspace-UserTask6,PROVENANCE_HISTORY,0,M0,Microsoft Agent Framework
r1-20-PROVENANCE_HISTORY-0-2-M1,agentdojo-workspace-UserTask6,PROVENANCE_HISTORY,0,M1,Microsoft Agent Framework
r1-20-PROVENANCE_HISTORY-0-2-M2,agentdojo-workspace-UserTask6,PROVENANCE_HISTORY,0,M2,Microsoft Agent Framework
r1-20-PROVENANCE_HISTORY-0-2-M3,agentdojo-workspace-UserTask6,PROVENANCE_HISTORY,0,M3,Microsoft Agent Framework
r1-20-PROVENANCE_HISTORY-1-0-M0,agentdojo-workspace-UserTask6,PROVENANCE_HISTORY,1,M0,Microsoft Agent Framework
r1-20-PROVENANCE_HISTORY-1-0-M1,agentdojo-workspace-UserTask6,PROVENANCE_HISTORY,1,M1,Microsoft Agent Framework
r1-20-PROVENANCE_HISTORY-1-0-M2,agentdojo-workspace-UserTask6,PROVENANCE_HISTORY,1,M2,Microsoft Agent Framework
r1-20-PROVENANCE_HISTORY-1-0-M3,agentdojo-workspace-UserTask6,PROVENANCE_HISTORY,1,M3,Microsoft Agent Framework
r1-20-PROVENANCE_HISTORY-1-1-M0,agentdojo-workspace-UserTask6,PROVENANCE_HISTORY,1,M0,Microsoft Agent Framework
r1-20-PROVENANCE_HISTORY-1-1-M1,agentdojo-workspace-UserTask6,PROVENANCE_HISTORY,1,M1,Microsoft Agent Framework
r1-20-PROVENANCE_HISTORY-1-1-M2,agentdojo-workspace-UserTask6,PROVENANCE_HISTORY,1,M2,Microsoft Agent Framework
r1-20-PROVENANCE_HISTORY-1-1-M3,agentdojo-workspace-UserTask6,PROVENANCE_HISTORY,1,M3,Microsoft Agent Framework
r1-20-PROVENANCE_HISTORY-1-2-M0,agentdojo-workspace-UserTask6,PROVENANCE_HISTORY,1,M0,Microsoft Agent Framework
r1-20-PROVENANCE_HISTORY-1-2-M1,agentdojo-workspace-UserTask6,PROVENANCE_HISTORY,1,M1,Microsoft Agent Framework
r1-20-PROVENANCE_HISTORY-1-2-M2,agentdojo-workspace-UserTask6,PROVENANCE_HISTORY,1,M2,Microsoft Agent Framework
r1-20-PROVENANCE_HISTORY-1-2-M3,agentdojo-workspace-UserTask6,PROVENANCE_HISTORY,1,M3,Microsoft Agent Framework
r1-21-AUTHORIZATION-0-0-M0,agentdojo-workspace-UserTask7,AUTHORIZATION,0,M0,Microsoft Agent Framework
r1-21-AUTHORIZATION-0-0-M1,agentdojo-workspace-UserTask7,AUTHORIZATION,0,M1,Microsoft Agent Framework
r1-21-AUTHORIZATION-0-0-M2,agentdojo-workspace-UserTask7,AUTHORIZATION,0,M2,Microsoft Agent Framework
r1-21-AUTHORIZATION-0-0-M3,agentdojo-workspace-UserTask7,AUTHORIZATION,0,M3,Microsoft Agent Framework
r1-21-AUTHORIZATION-0-1-M0,agentdojo-workspace-UserTask7,AUTHORIZATION,0,M0,Microsoft Agent Framework
r1-21-AUTHORIZATION-0-1-M1,agentdojo-workspace-UserTask7,AUTHORIZATION,0,M1,Microsoft Agent Framework
r1-21-AUTHORIZATION-0-1-M2,agentdojo-workspace-UserTask7,AUTHORIZATION,0,M2,Microsoft Agent Framework
r1-21-AUTHORIZATION-0-1-M3,agentdojo-workspace-UserTask7,AUTHORIZATION,0,M3,Microsoft Agent Framework
r1-21-AUTHORIZATION-0-2-M0,agentdojo-workspace-UserTask7,AUTHORIZATION,0,M0,Microsoft Agent Framework
r1-21-AUTHORIZATION-0-2-M1,agentdojo-workspace-UserTask7,AUTHORIZATION,0,M1,Microsoft Agent Framework
r1-21-AUTHORIZATION-0-2-M2,agentdojo-workspace-UserTask7,AUTHORIZATION,0,M2,Microsoft Agent Framework
r1-21-AUTHORIZATION-0-2-M3,agentdojo-workspace-UserTask7,AUTHORIZATION,0,M3,Microsoft Agent Framework
r1-21-AUTHORIZATION-1-0-M0,agentdojo-workspace-UserTask7,AUTHORIZATION,1,M0,Microsoft Agent Framework
r1-21-AUTHORIZATION-1-0-M1,agentdojo-workspace-UserTask7,AUTHORIZATION,1,M1,Microsoft Agent Framework
r1-21-AUTHORIZATION-1-0-M2,agentdojo-workspace-UserTask7,AUTHORIZATION,1,M2,Microsoft Agent Framework
r1-21-AUTHORIZATION-1-0-M3,agentdojo-workspace-UserTask7,AUTHORIZATION,1,M3,Microsoft Agent Framework
r1-21-AUTHORIZATION-1-1-M0,agentdojo-workspace-UserTask7,AUTHORIZATION,1,M0,Microsoft Agent Framework
r1-21-AUTHORIZATION-1-1-M1,agentdojo-workspace-UserTask7,AUTHORIZATION,1,M1,Microsoft Agent Framework
r1-21-AUTHORIZATION-1-1-M2,agentdojo-workspace-UserTask7,AUTHORIZATION,1,M2,Microsoft Agent Framework
r1-21-AUTHORIZATION-1-1-M3,agentdojo-workspace-UserTask7,AUTHORIZATION,1,M3,Microsoft Agent Framework
r1-21-AUTHORIZATION-1-2-M0,agentdojo-workspace-UserTask7,AUTHORIZATION,1,M0,Microsoft Agent Framework
r1-21-AUTHORIZATION-1-2-M1,agentdojo-workspace-UserTask7,AUTHORIZATION,1,M1,Microsoft Agent Framework
r1-21-AUTHORIZATION-1-2-M2,agentdojo-workspace-UserTask7,AUTHORIZATION,1,M2,Microsoft Agent Framework
r1-21-AUTHORIZATION-1-2-M3,agentdojo-workspace-UserTask7,AUTHORIZATION,1,M3,Microsoft Agent Framework
r1-21-PROVENANCE_HISTORY-0-0-M0,agentdojo-workspace-UserTask7,PROVENANCE_HISTORY,0,M0,Microsoft Agent Framework
r1-21-PROVENANCE_HISTORY-0-0-M1,agentdojo-workspace-UserTask7,PROVENANCE_HISTORY,0,M1,Microsoft Agent Framework
r1-21-PROVENANCE_HISTORY-0-0-M2,agentdojo-workspace-UserTask7,PROVENANCE_HISTORY,0,M2,Microsoft Agent Framework
r1-21-PROVENANCE_HISTORY-0-0-M3,agentdojo-workspace-UserTask7,PROVENANCE_HISTORY,0,M3,Microsoft Agent Framework
r1-21-PROVENANCE_HISTORY-0-1-M0,agentdojo-workspace-UserTask7,PROVENANCE_HISTORY,0,M0,Microsoft Agent Framework
r1-21-PROVENANCE_HISTORY-0-1-M1,agentdojo-workspace-UserTask7,PROVENANCE_HISTORY,0,M1,Microsoft Agent Framework
r1-21-PROVENANCE_HISTORY-0-1-M2,agentdojo-workspace-UserTask7,PROVENANCE_HISTORY,0,M2,Microsoft Agent Framework
r1-21-PROVENANCE_HISTORY-0-1-M3,agentdojo-workspace-UserTask7,PROVENANCE_HISTORY,0,M3,Microsoft Agent Framework
r1-21-PROVENANCE_HISTORY-0-2-M0,agentdojo-workspace-UserTask7,PROVENANCE_HISTORY,0,M0,Microsoft Agent Framework
r1-21-PROVENANCE_HISTORY-0-2-M1,agentdojo-workspace-UserTask7,PROVENANCE_HISTORY,0,M1,Microsoft Agent Framework
r1-21-PROVENANCE_HISTORY-0-2-M2,agentdojo-workspace-UserTask7,PROVENANCE_HISTORY,0,M2,Microsoft Agent Framework
r1-21-PROVENANCE_HISTORY-0-2-M3,agentdojo-workspace-UserTask7,PROVENANCE_HISTORY,0,M3,Microsoft Agent Framework
r1-21-PROVENANCE_HISTORY-1-0-M0,agentdojo-workspace-UserTask7,PROVENANCE_HISTORY,1,M0,Microsoft Agent Framework
r1-21-PROVENANCE_HISTORY-1-0-M1,agentdojo-workspace-UserTask7,PROVENANCE_HISTORY,1,M1,Microsoft Agent Framework
r1-21-PROVENANCE_HISTORY-1-0-M2,agentdojo-workspace-UserTask7,PROVENANCE_HISTORY,1,M2,Microsoft Agent Framework
r1-21-PROVENANCE_HISTORY-1-0-M3,agentdojo-workspace-UserTask7,PROVENANCE_HISTORY,1,M3,Microsoft Agent Framework
r1-21-PROVENANCE_HISTORY-1-1-M0,agentdojo-workspace-UserTask7,PROVENANCE_HISTORY,1,M0,Microsoft Agent Framework
r1-21-PROVENANCE_HISTORY-1-1-M1,agentdojo-workspace-UserTask7,PROVENANCE_HISTORY,1,M1,Microsoft Agent Framework
r1-21-PROVENANCE_HISTORY-1-1-M2,agentdojo-workspace-UserTask7,PROVENANCE_HISTORY,1,M2,Microsoft Agent Framework
r1-21-PROVENANCE_HISTORY-1-1-M3,agentdojo-workspace-UserTask7,PROVENANCE_HISTORY,1,M3,Microsoft Agent Framework
r1-21-PROVENANCE_HISTORY-1-2-M0,agentdojo-workspace-UserTask7,PROVENANCE_HISTORY,1,M0,Microsoft Agent Framework
r1-21-PROVENANCE_HISTORY-1-2-M1,agentdojo-workspace-UserTask7,PROVENANCE_HISTORY,1,M1,Microsoft Agent Framework
r1-21-PROVENANCE_HISTORY-1-2-M2,agentdojo-workspace-UserTask7,PROVENANCE_HISTORY,1,M2,Microsoft Agent Framework
r1-21-PROVENANCE_HISTORY-1-2-M3,agentdojo-workspace-UserTask7,PROVENANCE_HISTORY,1,M3,Microsoft Agent Framework
r1-22-AUTHORIZATION-0-0-M0,agentdojo-workspace-UserTask8,AUTHORIZATION,0,M0,Microsoft Agent Framework
r1-22-AUTHORIZATION-0-0-M1,agentdojo-workspace-UserTask8,AUTHORIZATION,0,M1,Microsoft Agent Framework
r1-22-AUTHORIZATION-0-0-M2,agentdojo-workspace-UserTask8,AUTHORIZATION,0,M2,Microsoft Agent Framework
r1-22-AUTHORIZATION-0-0-M3,agentdojo-workspace-UserTask8,AUTHORIZATION,0,M3,Microsoft Agent Framework
r1-22-AUTHORIZATION-0-1-M0,agentdojo-workspace-UserTask8,AUTHORIZATION,0,M0,Microsoft Agent Framework
r1-22-AUTHORIZATION-0-1-M1,agentdojo-workspace-UserTask8,AUTHORIZATION,0,M1,Microsoft Agent Framework
r1-22-AUTHORIZATION-0-1-M2,agentdojo-workspace-UserTask8,AUTHORIZATION,0,M2,Microsoft Agent Framework
r1-22-AUTHORIZATION-0-1-M3,agentdojo-workspace-UserTask8,AUTHORIZATION,0,M3,Microsoft Agent Framework
r1-22-AUTHORIZATION-0-2-M0,agentdojo-workspace-UserTask8,AUTHORIZATION,0,M0,Microsoft Agent Framework
r1-22-AUTHORIZATION-0-2-M1,agentdojo-workspace-UserTask8,AUTHORIZATION,0,M1,Microsoft Agent Framework
r1-22-AUTHORIZATION-0-2-M2,agentdojo-workspace-UserTask8,AUTHORIZATION,0,M2,Microsoft Agent Framework
r1-22-AUTHORIZATION-0-2-M3,agentdojo-workspace-UserTask8,AUTHORIZATION,0,M3,Microsoft Agent Framework
r1-22-AUTHORIZATION-1-0-M0,agentdojo-workspace-UserTask8,AUTHORIZATION,1,M0,Microsoft Agent Framework
r1-22-AUTHORIZATION-1-0-M1,agentdojo-workspace-UserTask8,AUTHORIZATION,1,M1,Microsoft Agent Framework
r1-22-AUTHORIZATION-1-0-M2,agentdojo-workspace-UserTask8,AUTHORIZATION,1,M2,Microsoft Agent Framework
r1-22-AUTHORIZATION-1-0-M3,agentdojo-workspace-UserTask8,AUTHORIZATION,1,M3,Microsoft Agent Framework
r1-22-AUTHORIZATION-1-1-M0,agentdojo-workspace-UserTask8,AUTHORIZATION,1,M0,Microsoft Agent Framework
r1-22-AUTHORIZATION-1-1-M1,agentdojo-workspace-UserTask8,AUTHORIZATION,1,M1,Microsoft Agent Framework
r1-22-AUTHORIZATION-1-1-M2,agentdojo-workspace-UserTask8,AUTHORIZATION,1,M2,Microsoft Agent Framework
r1-22-AUTHORIZATION-1-1-M3,agentdojo-workspace-UserTask8,AUTHORIZATION,1,M3,Microsoft Agent Framework
r1-22-AUTHORIZATION-1-2-M0,agentdojo-workspace-UserTask8,AUTHORIZATION,1,M0,Microsoft Agent Framework
r1-22-AUTHORIZATION-1-2-M1,agentdojo-workspace-UserTask8,AUTHORIZATION,1,M1,Microsoft Agent Framework
r1-22-AUTHORIZATION-1-2-M2,agentdojo-workspace-UserTask8,AUTHORIZATION,1,M2,Microsoft Agent Framework
r1-22-AUTHORIZATION-1-2-M3,agentdojo-workspace-UserTask8,AUTHORIZATION,1,M3,Microsoft Agent Framework
r1-22-PROVENANCE_HISTORY-0-0-M0,agentdojo-workspace-UserTask8,PROVENANCE_HISTORY,0,M0,Microsoft Agent Framework
r1-22-PROVENANCE_HISTORY-0-0-M1,agentdojo-workspace-UserTask8,PROVENANCE_HISTORY,0,M1,Microsoft Agent Framework
r1-22-PROVENANCE_HISTORY-0-0-M2,agentdojo-workspace-UserTask8,PROVENANCE_HISTORY,0,M2,Microsoft Agent Framework
r1-22-PROVENANCE_HISTORY-0-0-M3,agentdojo-workspace-UserTask8,PROVENANCE_HISTORY,0,M3,Microsoft Agent Framework
r1-22-PROVENANCE_HISTORY-0-1-M0,agentdojo-workspace-UserTask8,PROVENANCE_HISTORY,0,M0,Microsoft Agent Framework
r1-22-PROVENANCE_HISTORY-0-1-M1,agentdojo-workspace-UserTask8,PROVENANCE_HISTORY,0,M1,Microsoft Agent Framework
r1-22-PROVENANCE_HISTORY-0-1-M2,agentdojo-workspace-UserTask8,PROVENANCE_HISTORY,0,M2,Microsoft Agent Framework
r1-22-PROVENANCE_HISTORY-0-1-M3,agentdojo-workspace-UserTask8,PROVENANCE_HISTORY,0,M3,Microsoft Agent Framework
r1-22-PROVENANCE_HISTORY-0-2-M0,agentdojo-workspace-UserTask8,PROVENANCE_HISTORY,0,M0,Microsoft Agent Framework
r1-22-PROVENANCE_HISTORY-0-2-M1,agentdojo-workspace-UserTask8,PROVENANCE_HISTORY,0,M1,Microsoft Agent Framework
r1-22-PROVENANCE_HISTORY-0-2-M2,agentdojo-workspace-UserTask8,PROVENANCE_HISTORY,0,M2,Microsoft Agent Framework
r1-22-PROVENANCE_HISTORY-0-2-M3,agentdojo-workspace-UserTask8,PROVENANCE_HISTORY,0,M3,Microsoft Agent Framework
r1-22-PROVENANCE_HISTORY-1-0-M0,agentdojo-workspace-UserTask8,PROVENANCE_HISTORY,1,M0,Microsoft Agent Framework
r1-22-PROVENANCE_HISTORY-1-0-M1,agentdojo-workspace-UserTask8,PROVENANCE_HISTORY,1,M1,Microsoft Agent Framework
r1-22-PROVENANCE_HISTORY-1-0-M2,agentdojo-workspace-UserTask8,PROVENANCE_HISTORY,1,M2,Microsoft Agent Framework
r1-22-PROVENANCE_HISTORY-1-0-M3,agentdojo-workspace-UserTask8,PROVENANCE_HISTORY,1,M3,Microsoft Agent Framework
r1-22-PROVENANCE_HISTORY-1-1-M0,agentdojo-workspace-UserTask8,PROVENANCE_HISTORY,1,M0,Microsoft Agent Framework
r1-22-PROVENANCE_HISTORY-1-1-M1,agentdojo-workspace-UserTask8,PROVENANCE_HISTORY,1,M1,Microsoft Agent Framework
r1-22-PROVENANCE_HISTORY-1-1-M2,agentdojo-workspace-UserTask8,PROVENANCE_HISTORY,1,M2,Microsoft Agent Framework
r1-22-PROVENANCE_HISTORY-1-1-M3,agentdojo-workspace-UserTask8,PROVENANCE_HISTORY,1,M3,Microsoft Agent Framework
r1-22-PROVENANCE_HISTORY-1-2-M0,agentdojo-workspace-UserTask8,PROVENANCE_HISTORY,1,M0,Microsoft Agent Framework
r1-22-PROVENANCE_HISTORY-1-2-M1,agentdojo-workspace-UserTask8,PROVENANCE_HISTORY,1,M1,Microsoft Agent Framework
r1-22-PROVENANCE_HISTORY-1-2-M2,agentdojo-workspace-UserTask8,PROVENANCE_HISTORY,1,M2,Microsoft Agent Framework
r1-22-PROVENANCE_HISTORY-1-2-M3,agentdojo-workspace-UserTask8,PROVENANCE_HISTORY,1,M3,Microsoft Agent Framework
r1-23-AUTHORIZATION-0-0-M0,agentdojo-workspace-UserTask9,AUTHORIZATION,0,M0,Microsoft Agent Framework
r1-23-AUTHORIZATION-0-0-M1,agentdojo-workspace-UserTask9,AUTHORIZATION,0,M1,Microsoft Agent Framework
r1-23-AUTHORIZATION-0-0-M2,agentdojo-workspace-UserTask9,AUTHORIZATION,0,M2,Microsoft Agent Framework
r1-23-AUTHORIZATION-0-0-M3,agentdojo-workspace-UserTask9,AUTHORIZATION,0,M3,Microsoft Agent Framework
r1-23-AUTHORIZATION-0-1-M0,agentdojo-workspace-UserTask9,AUTHORIZATION,0,M0,Microsoft Agent Framework
r1-23-AUTHORIZATION-0-1-M1,agentdojo-workspace-UserTask9,AUTHORIZATION,0,M1,Microsoft Agent Framework
r1-23-AUTHORIZATION-0-1-M2,agentdojo-workspace-UserTask9,AUTHORIZATION,0,M2,Microsoft Agent Framework
r1-23-AUTHORIZATION-0-1-M3,agentdojo-workspace-UserTask9,AUTHORIZATION,0,M3,Microsoft Agent Framework
r1-23-AUTHORIZATION-0-2-M0,agentdojo-workspace-UserTask9,AUTHORIZATION,0,M0,Microsoft Agent Framework
r1-23-AUTHORIZATION-0-2-M1,agentdojo-workspace-UserTask9,AUTHORIZATION,0,M1,Microsoft Agent Framework
r1-23-AUTHORIZATION-0-2-M2,agentdojo-workspace-UserTask9,AUTHORIZATION,0,M2,Microsoft Agent Framework
r1-23-AUTHORIZATION-0-2-M3,agentdojo-workspace-UserTask9,AUTHORIZATION,0,M3,Microsoft Agent Framework
r1-23-AUTHORIZATION-1-0-M0,agentdojo-workspace-UserTask9,AUTHORIZATION,1,M0,Microsoft Agent Framework
r1-23-AUTHORIZATION-1-0-M1,agentdojo-workspace-UserTask9,AUTHORIZATION,1,M1,Microsoft Agent Framework
r1-23-AUTHORIZATION-1-0-M2,agentdojo-workspace-UserTask9,AUTHORIZATION,1,M2,Microsoft Agent Framework
r1-23-AUTHORIZATION-1-0-M3,agentdojo-workspace-UserTask9,AUTHORIZATION,1,M3,Microsoft Agent Framework
r1-23-AUTHORIZATION-1-1-M0,agentdojo-workspace-UserTask9,AUTHORIZATION,1,M0,Microsoft Agent Framework
r1-23-AUTHORIZATION-1-1-M1,agentdojo-workspace-UserTask9,AUTHORIZATION,1,M1,Microsoft Agent Framework
r1-23-AUTHORIZATION-1-1-M2,agentdojo-workspace-UserTask9,AUTHORIZATION,1,M2,Microsoft Agent Framework
r1-23-AUTHORIZATION-1-1-M3,agentdojo-workspace-UserTask9,AUTHORIZATION,1,M3,Microsoft Agent Framework
r1-23-AUTHORIZATION-1-2-M0,agentdojo-workspace-UserTask9,AUTHORIZATION,1,M0,Microsoft Agent Framework
r1-23-AUTHORIZATION-1-2-M1,agentdojo-workspace-UserTask9,AUTHORIZATION,1,M1,Microsoft Agent Framework
r1-23-AUTHORIZATION-1-2-M2,agentdojo-workspace-UserTask9,AUTHORIZATION,1,M2,Microsoft Agent Framework
r1-23-AUTHORIZATION-1-2-M3,agentdojo-workspace-UserTask9,AUTHORIZATION,1,M3,Microsoft Agent Framework
r1-23-PROVENANCE_HISTORY-0-0-M0,agentdojo-workspace-UserTask9,PROVENANCE_HISTORY,0,M0,Microsoft Agent Framework
r1-23-PROVENANCE_HISTORY-0-0-M1,agentdojo-workspace-UserTask9,PROVENANCE_HISTORY,0,M1,Microsoft Agent Framework
r1-23-PROVENANCE_HISTORY-0-0-M2,agentdojo-workspace-UserTask9,PROVENANCE_HISTORY,0,M2,Microsoft Agent Framework
r1-23-PROVENANCE_HISTORY-0-0-M3,agentdojo-workspace-UserTask9,PROVENANCE_HISTORY,0,M3,Microsoft Agent Framework
r1-23-PROVENANCE_HISTORY-0-1-M0,agentdojo-workspace-UserTask9,PROVENANCE_HISTORY,0,M0,Microsoft Agent Framework
r1-23-PROVENANCE_HISTORY-0-1-M1,agentdojo-workspace-UserTask9,PROVENANCE_HISTORY,0,M1,Microsoft Agent Framework
r1-23-PROVENANCE_HISTORY-0-1-M2,agentdojo-workspace-UserTask9,PROVENANCE_HISTORY,0,M2,Microsoft Agent Framework
r1-23-PROVENANCE_HISTORY-0-1-M3,agentdojo-workspace-UserTask9,PROVENANCE_HISTORY,0,M3,Microsoft Agent Framework
r1-23-PROVENANCE_HISTORY-0-2-M0,agentdojo-workspace-UserTask9,PROVENANCE_HISTORY,0,M0,Microsoft Agent Framework
r1-23-PROVENANCE_HISTORY-0-2-M1,agentdojo-workspace-UserTask9,PROVENANCE_HISTORY,0,M1,Microsoft Agent Framework
r1-23-PROVENANCE_HISTORY-0-2-M2,agentdojo-workspace-UserTask9,PROVENANCE_HISTORY,0,M2,Microsoft Agent Framework
r1-23-PROVENANCE_HISTORY-0-2-M3,agentdojo-workspace-UserTask9,PROVENANCE_HISTORY,0,M3,Microsoft Agent Framework
r1-23-PROVENANCE_HISTORY-1-0-M0,agentdojo-workspace-UserTask9,PROVENANCE_HISTORY,1,M0,Microsoft Agent Framework
r1-23-PROVENANCE_HISTORY-1-0-M1,agentdojo-workspace-UserTask9,PROVENANCE_HISTORY,1,M1,Microsoft Agent Framework
r1-23-PROVENANCE_HISTORY-1-0-M2,agentdojo-workspace-UserTask9,PROVENANCE_HISTORY,1,M2,Microsoft Agent Framework
r1-23-PROVENANCE_HISTORY-1-0-M3,agentdojo-workspace-UserTask9,PROVENANCE_HISTORY,1,M3,Microsoft Agent Framework
r1-23-PROVENANCE_HISTORY-1-1-M0,agentdojo-workspace-UserTask9,PROVENANCE_HISTORY,1,M0,Microsoft Agent Framework
r1-23-PROVENANCE_HISTORY-1-1-M1,agentdojo-workspace-UserTask9,PROVENANCE_HISTORY,1,M1,Microsoft Agent Framework
r1-23-PROVENANCE_HISTORY-1-1-M2,agentdojo-workspace-UserTask9,PROVENANCE_HISTORY,1,M2,Microsoft Agent Framework
r1-23-PROVENANCE_HISTORY-1-1-M3,agentdojo-workspace-UserTask9,PROVENANCE_HISTORY,1,M3,Microsoft Agent Framework
r1-23-PROVENANCE_HISTORY-1-2-M0,agentdojo-workspace-UserTask9,PROVENANCE_HISTORY,1,M0,Microsoft Agent Framework
r1-23-PROVENANCE_HISTORY-1-2-M1,agentdojo-workspace-UserTask9,PROVENANCE_HISTORY,1,M1,Microsoft Agent Framework
r1-23-PROVENANCE_HISTORY-1-2-M2,agentdojo-workspace-UserTask9,PROVENANCE_HISTORY,1,M2,Microsoft Agent Framework
r1-23-PROVENANCE_HISTORY-1-2-M3,agentdojo-workspace-UserTask9,PROVENANCE_HISTORY,1,M3,Microsoft Agent Framework
r1-24-AUTHORIZATION-0-0-M0,agentdojo-workspace-UserTask12,AUTHORIZATION,0,M0,Microsoft Agent Framework
r1-24-AUTHORIZATION-0-0-M1,agentdojo-workspace-UserTask12,AUTHORIZATION,0,M1,Microsoft Agent Framework
r1-24-AUTHORIZATION-0-0-M2,agentdojo-workspace-UserTask12,AUTHORIZATION,0,M2,Microsoft Agent Framework
r1-24-AUTHORIZATION-0-0-M3,agentdojo-workspace-UserTask12,AUTHORIZATION,0,M3,Microsoft Agent Framework
r1-24-AUTHORIZATION-0-1-M0,agentdojo-workspace-UserTask12,AUTHORIZATION,0,M0,Microsoft Agent Framework
r1-24-AUTHORIZATION-0-1-M1,agentdojo-workspace-UserTask12,AUTHORIZATION,0,M1,Microsoft Agent Framework
r1-24-AUTHORIZATION-0-1-M2,agentdojo-workspace-UserTask12,AUTHORIZATION,0,M2,Microsoft Agent Framework
r1-24-AUTHORIZATION-0-1-M3,agentdojo-workspace-UserTask12,AUTHORIZATION,0,M3,Microsoft Agent Framework
r1-24-AUTHORIZATION-0-2-M0,agentdojo-workspace-UserTask12,AUTHORIZATION,0,M0,Microsoft Agent Framework
r1-24-AUTHORIZATION-0-2-M1,agentdojo-workspace-UserTask12,AUTHORIZATION,0,M1,Microsoft Agent Framework
r1-24-AUTHORIZATION-0-2-M2,agentdojo-workspace-UserTask12,AUTHORIZATION,0,M2,Microsoft Agent Framework
r1-24-AUTHORIZATION-0-2-M3,agentdojo-workspace-UserTask12,AUTHORIZATION,0,M3,Microsoft Agent Framework
r1-24-AUTHORIZATION-1-0-M0,agentdojo-workspace-UserTask12,AUTHORIZATION,1,M0,Microsoft Agent Framework
r1-24-AUTHORIZATION-1-0-M1,agentdojo-workspace-UserTask12,AUTHORIZATION,1,M1,Microsoft Agent Framework
r1-24-AUTHORIZATION-1-0-M2,agentdojo-workspace-UserTask12,AUTHORIZATION,1,M2,Microsoft Agent Framework
r1-24-AUTHORIZATION-1-0-M3,agentdojo-workspace-UserTask12,AUTHORIZATION,1,M3,Microsoft Agent Framework
r1-24-AUTHORIZATION-1-1-M0,agentdojo-workspace-UserTask12,AUTHORIZATION,1,M0,Microsoft Agent Framework
r1-24-AUTHORIZATION-1-1-M1,agentdojo-workspace-UserTask12,AUTHORIZATION,1,M1,Microsoft Agent Framework
r1-24-AUTHORIZATION-1-1-M2,agentdojo-workspace-UserTask12,AUTHORIZATION,1,M2,Microsoft Agent Framework
r1-24-AUTHORIZATION-1-1-M3,agentdojo-workspace-UserTask12,AUTHORIZATION,1,M3,Microsoft Agent Framework
r1-24-AUTHORIZATION-1-2-M0,agentdojo-workspace-UserTask12,AUTHORIZATION,1,M0,Microsoft Agent Framework
r1-24-AUTHORIZATION-1-2-M1,agentdojo-workspace-UserTask12,AUTHORIZATION,1,M1,Microsoft Agent Framework
r1-24-AUTHORIZATION-1-2-M2,agentdojo-workspace-UserTask12,AUTHORIZATION,1,M2,Microsoft Agent Framework
r1-24-AUTHORIZATION-1-2-M3,agentdojo-workspace-UserTask12,AUTHORIZATION,1,M3,Microsoft Agent Framework
r1-24-PROVENANCE_HISTORY-0-0-M0,agentdojo-workspace-UserTask12,PROVENANCE_HISTORY,0,M0,Microsoft Agent Framework
r1-24-PROVENANCE_HISTORY-0-0-M1,agentdojo-workspace-UserTask12,PROVENANCE_HISTORY,0,M1,Microsoft Agent Framework
r1-24-PROVENANCE_HISTORY-0-0-M2,agentdojo-workspace-UserTask12,PROVENANCE_HISTORY,0,M2,Microsoft Agent Framework
r1-24-PROVENANCE_HISTORY-0-0-M3,agentdojo-workspace-UserTask12,PROVENANCE_HISTORY,0,M3,Microsoft Agent Framework
r1-24-PROVENANCE_HISTORY-0-1-M0,agentdojo-workspace-UserTask12,PROVENANCE_HISTORY,0,M0,Microsoft Agent Framework
r1-24-PROVENANCE_HISTORY-0-1-M1,agentdojo-workspace-UserTask12,PROVENANCE_HISTORY,0,M1,Microsoft Agent Framework
r1-24-PROVENANCE_HISTORY-0-1-M2,agentdojo-workspace-UserTask12,PROVENANCE_HISTORY,0,M2,Microsoft Agent Framework
r1-24-PROVENANCE_HISTORY-0-1-M3,agentdojo-workspace-UserTask12,PROVENANCE_HISTORY,0,M3,Microsoft Agent Framework
r1-24-PROVENANCE_HISTORY-0-2-M0,agentdojo-workspace-UserTask12,PROVENANCE_HISTORY,0,M0,Microsoft Agent Framework
r1-24-PROVENANCE_HISTORY-0-2-M1,agentdojo-workspace-UserTask12,PROVENANCE_HISTORY,0,M1,Microsoft Agent Framework
r1-24-PROVENANCE_HISTORY-0-2-M2,agentdojo-workspace-UserTask12,PROVENANCE_HISTORY,0,M2,Microsoft Agent Framework
r1-24-PROVENANCE_HISTORY-0-2-M3,agentdojo-workspace-UserTask12,PROVENANCE_HISTORY,0,M3,Microsoft Agent Framework
r1-24-PROVENANCE_HISTORY-1-0-M0,agentdojo-workspace-UserTask12,PROVENANCE_HISTORY,1,M0,Microsoft Agent Framework
r1-24-PROVENANCE_HISTORY-1-0-M1,agentdojo-workspace-UserTask12,PROVENANCE_HISTORY,1,M1,Microsoft Agent Framework
r1-24-PROVENANCE_HISTORY-1-0-M2,agentdojo-workspace-UserTask12,PROVENANCE_HISTORY,1,M2,Microsoft Agent Framework
r1-24-PROVENANCE_HISTORY-1-0-M3,agentdojo-workspace-UserTask12,PROVENANCE_HISTORY,1,M3,Microsoft Agent Framework
r1-24-PROVENANCE_HISTORY-1-1-M0,agentdojo-workspace-UserTask12,PROVENANCE_HISTORY,1,M0,Microsoft Agent Framework
r1-24-PROVENANCE_HISTORY-1-1-M1,agentdojo-workspace-UserTask12,PROVENANCE_HISTORY,1,M1,Microsoft Agent Framework
r1-24-PROVENANCE_HISTORY-1-1-M2,agentdojo-workspace-UserTask12,PROVENANCE_HISTORY,1,M2,Microsoft Agent Framework
r1-24-PROVENANCE_HISTORY-1-1-M3,agentdojo-workspace-UserTask12,PROVENANCE_HISTORY,1,M3,Microsoft Agent Framework
r1-24-PROVENANCE_HISTORY-1-2-M0,agentdojo-workspace-UserTask12,PROVENANCE_HISTORY,1,M0,Microsoft Agent Framework
r1-24-PROVENANCE_HISTORY-1-2-M1,agentdojo-workspace-UserTask12,PROVENANCE_HISTORY,1,M1,Microsoft Agent Framework
r1-24-PROVENANCE_HISTORY-1-2-M2,agentdojo-workspace-UserTask12,PROVENANCE_HISTORY,1,M2,Microsoft Agent Framework
r1-24-PROVENANCE_HISTORY-1-2-M3,agentdojo-workspace-UserTask12,PROVENANCE_HISTORY,1,M3,Microsoft Agent Framework
r1-25-AUTHORIZATION-0-0-M0,agentdojo-workspace-UserTask21,AUTHORIZATION,0,M0,Microsoft Agent Framework
r1-25-AUTHORIZATION-0-0-M1,agentdojo-workspace-UserTask21,AUTHORIZATION,0,M1,Microsoft Agent Framework
r1-25-AUTHORIZATION-0-0-M2,agentdojo-workspace-UserTask21,AUTHORIZATION,0,M2,Microsoft Agent Framework
r1-25-AUTHORIZATION-0-0-M3,agentdojo-workspace-UserTask21,AUTHORIZATION,0,M3,Microsoft Agent Framework
r1-25-AUTHORIZATION-0-1-M0,agentdojo-workspace-UserTask21,AUTHORIZATION,0,M0,Microsoft Agent Framework
r1-25-AUTHORIZATION-0-1-M1,agentdojo-workspace-UserTask21,AUTHORIZATION,0,M1,Microsoft Agent Framework
r1-25-AUTHORIZATION-0-1-M2,agentdojo-workspace-UserTask21,AUTHORIZATION,0,M2,Microsoft Agent Framework
r1-25-AUTHORIZATION-0-1-M3,agentdojo-workspace-UserTask21,AUTHORIZATION,0,M3,Microsoft Agent Framework
r1-25-AUTHORIZATION-0-2-M0,agentdojo-workspace-UserTask21,AUTHORIZATION,0,M0,Microsoft Agent Framework
r1-25-AUTHORIZATION-0-2-M1,agentdojo-workspace-UserTask21,AUTHORIZATION,0,M1,Microsoft Agent Framework
r1-25-AUTHORIZATION-0-2-M2,agentdojo-workspace-UserTask21,AUTHORIZATION,0,M2,Microsoft Agent Framework
r1-25-AUTHORIZATION-0-2-M3,agentdojo-workspace-UserTask21,AUTHORIZATION,0,M3,Microsoft Agent Framework
r1-25-AUTHORIZATION-1-0-M0,agentdojo-workspace-UserTask21,AUTHORIZATION,1,M0,Microsoft Agent Framework
r1-25-AUTHORIZATION-1-0-M1,agentdojo-workspace-UserTask21,AUTHORIZATION,1,M1,Microsoft Agent Framework
r1-25-AUTHORIZATION-1-0-M2,agentdojo-workspace-UserTask21,AUTHORIZATION,1,M2,Microsoft Agent Framework
r1-25-AUTHORIZATION-1-0-M3,agentdojo-workspace-UserTask21,AUTHORIZATION,1,M3,Microsoft Agent Framework
r1-25-AUTHORIZATION-1-1-M0,agentdojo-workspace-UserTask21,AUTHORIZATION,1,M0,Microsoft Agent Framework
r1-25-AUTHORIZATION-1-1-M1,agentdojo-workspace-UserTask21,AUTHORIZATION,1,M1,Microsoft Agent Framework
r1-25-AUTHORIZATION-1-1-M2,agentdojo-workspace-UserTask21,AUTHORIZATION,1,M2,Microsoft Agent Framework
r1-25-AUTHORIZATION-1-1-M3,agentdojo-workspace-UserTask21,AUTHORIZATION,1,M3,Microsoft Agent Framework
r1-25-AUTHORIZATION-1-2-M0,agentdojo-workspace-UserTask21,AUTHORIZATION,1,M0,Microsoft Agent Framework
r1-25-AUTHORIZATION-1-2-M1,agentdojo-workspace-UserTask21,AUTHORIZATION,1,M1,Microsoft Agent Framework
r1-25-AUTHORIZATION-1-2-M2,agentdojo-workspace-UserTask21,AUTHORIZATION,1,M2,Microsoft Agent Framework
r1-25-AUTHORIZATION-1-2-M3,agentdojo-workspace-UserTask21,AUTHORIZATION,1,M3,Microsoft Agent Framework
r1-25-PROVENANCE_HISTORY-0-0-M0,agentdojo-workspace-UserTask21,PROVENANCE_HISTORY,0,M0,Microsoft Agent Framework
r1-25-PROVENANCE_HISTORY-0-0-M1,agentdojo-workspace-UserTask21,PROVENANCE_HISTORY,0,M1,Microsoft Agent Framework
r1-25-PROVENANCE_HISTORY-0-0-M2,agentdojo-workspace-UserTask21,PROVENANCE_HISTORY,0,M2,Microsoft Agent Framework
r1-25-PROVENANCE_HISTORY-0-0-M3,agentdojo-workspace-UserTask21,PROVENANCE_HISTORY,0,M3,Microsoft Agent Framework
r1-25-PROVENANCE_HISTORY-0-1-M0,agentdojo-workspace-UserTask21,PROVENANCE_HISTORY,0,M0,Microsoft Agent Framework
r1-25-PROVENANCE_HISTORY-0-1-M1,agentdojo-workspace-UserTask21,PROVENANCE_HISTORY,0,M1,Microsoft Agent Framework
r1-25-PROVENANCE_HISTORY-0-1-M2,agentdojo-workspace-UserTask21,PROVENANCE_HISTORY,0,M2,Microsoft Agent Framework
r1-25-PROVENANCE_HISTORY-0-1-M3,agentdojo-workspace-UserTask21,PROVENANCE_HISTORY,0,M3,Microsoft Agent Framework
r1-25-PROVENANCE_HISTORY-0-2-M0,agentdojo-workspace-UserTask21,PROVENANCE_HISTORY,0,M0,Microsoft Agent Framework
r1-25-PROVENANCE_HISTORY-0-2-M1,agentdojo-workspace-UserTask21,PROVENANCE_HISTORY,0,M1,Microsoft Agent Framework
r1-25-PROVENANCE_HISTORY-0-2-M2,agentdojo-workspace-UserTask21,PROVENANCE_HISTORY,0,M2,Microsoft Agent Framework
r1-25-PROVENANCE_HISTORY-0-2-M3,agentdojo-workspace-UserTask21,PROVENANCE_HISTORY,0,M3,Microsoft Agent Framework
r1-25-PROVENANCE_HISTORY-1-0-M0,agentdojo-workspace-UserTask21,PROVENANCE_HISTORY,1,M0,Microsoft Agent Framework
r1-25-PROVENANCE_HISTORY-1-0-M1,agentdojo-workspace-UserTask21,PROVENANCE_HISTORY,1,M1,Microsoft Agent Framework
r1-25-PROVENANCE_HISTORY-1-0-M2,agentdojo-workspace-UserTask21,PROVENANCE_HISTORY,1,M2,Microsoft Agent Framework
r1-25-PROVENANCE_HISTORY-1-0-M3,agentdojo-workspace-UserTask21,PROVENANCE_HISTORY,1,M3,Microsoft Agent Framework
r1-25-PROVENANCE_HISTORY-1-1-M0,agentdojo-workspace-UserTask21,PROVENANCE_HISTORY,1,M0,Microsoft Agent Framework
r1-25-PROVENANCE_HISTORY-1-1-M1,agentdojo-workspace-UserTask21,PROVENANCE_HISTORY,1,M1,Microsoft Agent Framework
r1-25-PROVENANCE_HISTORY-1-1-M2,agentdojo-workspace-UserTask21,PROVENANCE_HISTORY,1,M2,Microsoft Agent Framework
r1-25-PROVENANCE_HISTORY-1-1-M3,agentdojo-workspace-UserTask21,PROVENANCE_HISTORY,1,M3,Microsoft Agent Framework
r1-25-PROVENANCE_HISTORY-1-2-M0,agentdojo-workspace-UserTask21,PROVENANCE_HISTORY,1,M0,Microsoft Agent Framework
r1-25-PROVENANCE_HISTORY-1-2-M1,agentdojo-workspace-UserTask21,PROVENANCE_HISTORY,1,M1,Microsoft Agent Framework
r1-25-PROVENANCE_HISTORY-1-2-M2,agentdojo-workspace-UserTask21,PROVENANCE_HISTORY,1,M2,Microsoft Agent Framework
r1-25-PROVENANCE_HISTORY-1-2-M3,agentdojo-workspace-UserTask21,PROVENANCE_HISTORY,1,M3,Microsoft Agent Framework
r1-26-AUTHORIZATION-0-0-M0,agentdojo-workspace-UserTask35,AUTHORIZATION,0,M0,Microsoft Agent Framework
r1-26-AUTHORIZATION-0-0-M1,agentdojo-workspace-UserTask35,AUTHORIZATION,0,M1,Microsoft Agent Framework
r1-26-AUTHORIZATION-0-0-M2,agentdojo-workspace-UserTask35,AUTHORIZATION,0,M2,Microsoft Agent Framework
r1-26-AUTHORIZATION-0-0-M3,agentdojo-workspace-UserTask35,AUTHORIZATION,0,M3,Microsoft Agent Framework
r1-26-AUTHORIZATION-0-1-M0,agentdojo-workspace-UserTask35,AUTHORIZATION,0,M0,Microsoft Agent Framework
r1-26-AUTHORIZATION-0-1-M1,agentdojo-workspace-UserTask35,AUTHORIZATION,0,M1,Microsoft Agent Framework
r1-26-AUTHORIZATION-0-1-M2,agentdojo-workspace-UserTask35,AUTHORIZATION,0,M2,Microsoft Agent Framework
r1-26-AUTHORIZATION-0-1-M3,agentdojo-workspace-UserTask35,AUTHORIZATION,0,M3,Microsoft Agent Framework
r1-26-AUTHORIZATION-0-2-M0,agentdojo-workspace-UserTask35,AUTHORIZATION,0,M0,Microsoft Agent Framework
r1-26-AUTHORIZATION-0-2-M1,agentdojo-workspace-UserTask35,AUTHORIZATION,0,M1,Microsoft Agent Framework
r1-26-AUTHORIZATION-0-2-M2,agentdojo-workspace-UserTask35,AUTHORIZATION,0,M2,Microsoft Agent Framework
r1-26-AUTHORIZATION-0-2-M3,agentdojo-workspace-UserTask35,AUTHORIZATION,0,M3,Microsoft Agent Framework
r1-26-AUTHORIZATION-1-0-M0,agentdojo-workspace-UserTask35,AUTHORIZATION,1,M0,Microsoft Agent Framework
r1-26-AUTHORIZATION-1-0-M1,agentdojo-workspace-UserTask35,AUTHORIZATION,1,M1,Microsoft Agent Framework
r1-26-AUTHORIZATION-1-0-M2,agentdojo-workspace-UserTask35,AUTHORIZATION,1,M2,Microsoft Agent Framework
r1-26-AUTHORIZATION-1-0-M3,agentdojo-workspace-UserTask35,AUTHORIZATION,1,M3,Microsoft Agent Framework
r1-26-AUTHORIZATION-1-1-M0,agentdojo-workspace-UserTask35,AUTHORIZATION,1,M0,Microsoft Agent Framework
r1-26-AUTHORIZATION-1-1-M1,agentdojo-workspace-UserTask35,AUTHORIZATION,1,M1,Microsoft Agent Framework
r1-26-AUTHORIZATION-1-1-M2,agentdojo-workspace-UserTask35,AUTHORIZATION,1,M2,Microsoft Agent Framework
r1-26-AUTHORIZATION-1-1-M3,agentdojo-workspace-UserTask35,AUTHORIZATION,1,M3,Microsoft Agent Framework
r1-26-AUTHORIZATION-1-2-M0,agentdojo-workspace-UserTask35,AUTHORIZATION,1,M0,Microsoft Agent Framework
r1-26-AUTHORIZATION-1-2-M1,agentdojo-workspace-UserTask35,AUTHORIZATION,1,M1,Microsoft Agent Framework
r1-26-AUTHORIZATION-1-2-M2,agentdojo-workspace-UserTask35,AUTHORIZATION,1,M2,Microsoft Agent Framework
r1-26-AUTHORIZATION-1-2-M3,agentdojo-workspace-UserTask35,AUTHORIZATION,1,M3,Microsoft Agent Framework
r1-26-PROVENANCE_HISTORY-0-0-M0,agentdojo-workspace-UserTask35,PROVENANCE_HISTORY,0,M0,Microsoft Agent Framework
r1-26-PROVENANCE_HISTORY-0-0-M1,agentdojo-workspace-UserTask35,PROVENANCE_HISTORY,0,M1,Microsoft Agent Framework
r1-26-PROVENANCE_HISTORY-0-0-M2,agentdojo-workspace-UserTask35,PROVENANCE_HISTORY,0,M2,Microsoft Agent Framework
r1-26-PROVENANCE_HISTORY-0-0-M3,agentdojo-workspace-UserTask35,PROVENANCE_HISTORY,0,M3,Microsoft Agent Framework
r1-26-PROVENANCE_HISTORY-0-1-M0,agentdojo-workspace-UserTask35,PROVENANCE_HISTORY,0,M0,Microsoft Agent Framework
r1-26-PROVENANCE_HISTORY-0-1-M1,agentdojo-workspace-UserTask35,PROVENANCE_HISTORY,0,M1,Microsoft Agent Framework
r1-26-PROVENANCE_HISTORY-0-1-M2,agentdojo-workspace-UserTask35,PROVENANCE_HISTORY,0,M2,Microsoft Agent Framework
r1-26-PROVENANCE_HISTORY-0-1-M3,agentdojo-workspace-UserTask35,PROVENANCE_HISTORY,0,M3,Microsoft Agent Framework
r1-26-PROVENANCE_HISTORY-0-2-M0,agentdojo-workspace-UserTask35,PROVENANCE_HISTORY,0,M0,Microsoft Agent Framework
r1-26-PROVENANCE_HISTORY-0-2-M1,agentdojo-workspace-UserTask35,PROVENANCE_HISTORY,0,M1,Microsoft Agent Framework
r1-26-PROVENANCE_HISTORY-0-2-M2,agentdojo-workspace-UserTask35,PROVENANCE_HISTORY,0,M2,Microsoft Agent Framework
r1-26-PROVENANCE_HISTORY-0-2-M3,agentdojo-workspace-UserTask35,PROVENANCE_HISTORY,0,M3,Microsoft Agent Framework
r1-26-PROVENANCE_HISTORY-1-0-M0,agentdojo-workspace-UserTask35,PROVENANCE_HISTORY,1,M0,Microsoft Agent Framework
r1-26-PROVENANCE_HISTORY-1-0-M1,agentdojo-workspace-UserTask35,PROVENANCE_HISTORY,1,M1,Microsoft Agent Framework
r1-26-PROVENANCE_HISTORY-1-0-M2,agentdojo-workspace-UserTask35,PROVENANCE_HISTORY,1,M2,Microsoft Agent Framework
r1-26-PROVENANCE_HISTORY-1-0-M3,agentdojo-workspace-UserTask35,PROVENANCE_HISTORY,1,M3,Microsoft Agent Framework
r1-26-PROVENANCE_HISTORY-1-1-M0,agentdojo-workspace-UserTask35,PROVENANCE_HISTORY,1,M0,Microsoft Agent Framework
r1-26-PROVENANCE_HISTORY-1-1-M1,agentdojo-workspace-UserTask35,PROVENANCE_HISTORY,1,M1,Microsoft Agent Framework
r1-26-PROVENANCE_HISTORY-1-1-M2,agentdojo-workspace-UserTask35,PROVENANCE_HISTORY,1,M2,Microsoft Agent Framework
r1-26-PROVENANCE_HISTORY-1-1-M3,agentdojo-workspace-UserTask35,PROVENANCE_HISTORY,1,M3,Microsoft Agent Framework
r1-26-PROVENANCE_HISTORY-1-2-M0,agentdojo-workspace-UserTask35,PROVENANCE_HISTORY,1,M0,Microsoft Agent Framework
r1-26-PROVENANCE_HISTORY-1-2-M1,agentdojo-workspace-UserTask35,PROVENANCE_HISTORY,1,M1,Microsoft Agent Framework
r1-26-PROVENANCE_HISTORY-1-2-M2,agentdojo-workspace-UserTask35,PROVENANCE_HISTORY,1,M2,Microsoft Agent Framework
r1-26-PROVENANCE_HISTORY-1-2-M3,agentdojo-workspace-UserTask35,PROVENANCE_HISTORY,1,M3,Microsoft Agent Framework
r1-27-AUTHORIZATION-0-0-M0,agentdojo-workspace-UserTask31,AUTHORIZATION,0,M0,Microsoft Agent Framework
r1-27-AUTHORIZATION-0-0-M1,agentdojo-workspace-UserTask31,AUTHORIZATION,0,M1,Microsoft Agent Framework
r1-27-AUTHORIZATION-0-0-M2,agentdojo-workspace-UserTask31,AUTHORIZATION,0,M2,Microsoft Agent Framework
r1-27-AUTHORIZATION-0-0-M3,agentdojo-workspace-UserTask31,AUTHORIZATION,0,M3,Microsoft Agent Framework
r1-27-AUTHORIZATION-0-1-M0,agentdojo-workspace-UserTask31,AUTHORIZATION,0,M0,Microsoft Agent Framework
r1-27-AUTHORIZATION-0-1-M1,agentdojo-workspace-UserTask31,AUTHORIZATION,0,M1,Microsoft Agent Framework
r1-27-AUTHORIZATION-0-1-M2,agentdojo-workspace-UserTask31,AUTHORIZATION,0,M2,Microsoft Agent Framework
r1-27-AUTHORIZATION-0-1-M3,agentdojo-workspace-UserTask31,AUTHORIZATION,0,M3,Microsoft Agent Framework
r1-27-AUTHORIZATION-0-2-M0,agentdojo-workspace-UserTask31,AUTHORIZATION,0,M0,Microsoft Agent Framework
r1-27-AUTHORIZATION-0-2-M1,agentdojo-workspace-UserTask31,AUTHORIZATION,0,M1,Microsoft Agent Framework
r1-27-AUTHORIZATION-0-2-M2,agentdojo-workspace-UserTask31,AUTHORIZATION,0,M2,Microsoft Agent Framework
r1-27-AUTHORIZATION-0-2-M3,agentdojo-workspace-UserTask31,AUTHORIZATION,0,M3,Microsoft Agent Framework
r1-27-AUTHORIZATION-1-0-M0,agentdojo-workspace-UserTask31,AUTHORIZATION,1,M0,Microsoft Agent Framework
r1-27-AUTHORIZATION-1-0-M1,agentdojo-workspace-UserTask31,AUTHORIZATION,1,M1,Microsoft Agent Framework
r1-27-AUTHORIZATION-1-0-M2,agentdojo-workspace-UserTask31,AUTHORIZATION,1,M2,Microsoft Agent Framework
r1-27-AUTHORIZATION-1-0-M3,agentdojo-workspace-UserTask31,AUTHORIZATION,1,M3,Microsoft Agent Framework
r1-27-AUTHORIZATION-1-1-M0,agentdojo-workspace-UserTask31,AUTHORIZATION,1,M0,Microsoft Agent Framework
r1-27-AUTHORIZATION-1-1-M1,agentdojo-workspace-UserTask31,AUTHORIZATION,1,M1,Microsoft Agent Framework
r1-27-AUTHORIZATION-1-1-M2,agentdojo-workspace-UserTask31,AUTHORIZATION,1,M2,Microsoft Agent Framework
r1-27-AUTHORIZATION-1-1-M3,agentdojo-workspace-UserTask31,AUTHORIZATION,1,M3,Microsoft Agent Framework
r1-27-AUTHORIZATION-1-2-M0,agentdojo-workspace-UserTask31,AUTHORIZATION,1,M0,Microsoft Agent Framework
r1-27-AUTHORIZATION-1-2-M1,agentdojo-workspace-UserTask31,AUTHORIZATION,1,M1,Microsoft Agent Framework
r1-27-AUTHORIZATION-1-2-M2,agentdojo-workspace-UserTask31,AUTHORIZATION,1,M2,Microsoft Agent Framework
r1-27-AUTHORIZATION-1-2-M3,agentdojo-workspace-UserTask31,AUTHORIZATION,1,M3,Microsoft Agent Framework
r1-27-PROVENANCE_HISTORY-0-0-M0,agentdojo-workspace-UserTask31,PROVENANCE_HISTORY,0,M0,Microsoft Agent Framework
r1-27-PROVENANCE_HISTORY-0-0-M1,agentdojo-workspace-UserTask31,PROVENANCE_HISTORY,0,M1,Microsoft Agent Framework
r1-27-PROVENANCE_HISTORY-0-0-M2,agentdojo-workspace-UserTask31,PROVENANCE_HISTORY,0,M2,Microsoft Agent Framework
r1-27-PROVENANCE_HISTORY-0-0-M3,agentdojo-workspace-UserTask31,PROVENANCE_HISTORY,0,M3,Microsoft Agent Framework
r1-27-PROVENANCE_HISTORY-0-1-M0,agentdojo-workspace-UserTask31,PROVENANCE_HISTORY,0,M0,Microsoft Agent Framework
r1-27-PROVENANCE_HISTORY-0-1-M1,agentdojo-workspace-UserTask31,PROVENANCE_HISTORY,0,M1,Microsoft Agent Framework
r1-27-PROVENANCE_HISTORY-0-1-M2,agentdojo-workspace-UserTask31,PROVENANCE_HISTORY,0,M2,Microsoft Agent Framework
r1-27-PROVENANCE_HISTORY-0-1-M3,agentdojo-workspace-UserTask31,PROVENANCE_HISTORY,0,M3,Microsoft Agent Framework
r1-27-PROVENANCE_HISTORY-0-2-M0,agentdojo-workspace-UserTask31,PROVENANCE_HISTORY,0,M0,Microsoft Agent Framework
r1-27-PROVENANCE_HISTORY-0-2-M1,agentdojo-workspace-UserTask31,PROVENANCE_HISTORY,0,M1,Microsoft Agent Framework
r1-27-PROVENANCE_HISTORY-0-2-M2,agentdojo-workspace-UserTask31,PROVENANCE_HISTORY,0,M2,Microsoft Agent Framework
r1-27-PROVENANCE_HISTORY-0-2-M3,agentdojo-workspace-UserTask31,PROVENANCE_HISTORY,0,M3,Microsoft Agent Framework
r1-27-PROVENANCE_HISTORY-1-0-M0,agentdojo-workspace-UserTask31,PROVENANCE_HISTORY,1,M0,Microsoft Agent Framework
r1-27-PROVENANCE_HISTORY-1-0-M1,agentdojo-workspace-UserTask31,PROVENANCE_HISTORY,1,M1,Microsoft Agent Framework
r1-27-PROVENANCE_HISTORY-1-0-M2,agentdojo-workspace-UserTask31,PROVENANCE_HISTORY,1,M2,Microsoft Agent Framework
r1-27-PROVENANCE_HISTORY-1-0-M3,agentdojo-workspace-UserTask31,PROVENANCE_HISTORY,1,M3,Microsoft Agent Framework
r1-27-PROVENANCE_HISTORY-1-1-M0,agentdojo-workspace-UserTask31,PROVENANCE_HISTORY,1,M0,Microsoft Agent Framework
r1-27-PROVENANCE_HISTORY-1-1-M1,agentdojo-workspace-UserTask31,PROVENANCE_HISTORY,1,M1,Microsoft Agent Framework
r1-27-PROVENANCE_HISTORY-1-1-M2,agentdojo-workspace-UserTask31,PROVENANCE_HISTORY,1,M2,Microsoft Agent Framework
r1-27-PROVENANCE_HISTORY-1-1-M3,agentdojo-workspace-UserTask31,PROVENANCE_HISTORY,1,M3,Microsoft Agent Framework
r1-27-PROVENANCE_HISTORY-1-2-M0,agentdojo-workspace-UserTask31,PROVENANCE_HISTORY,1,M0,Microsoft Agent Framework
r1-27-PROVENANCE_HISTORY-1-2-M1,agentdojo-workspace-UserTask31,PROVENANCE_HISTORY,1,M1,Microsoft Agent Framework
r1-27-PROVENANCE_HISTORY-1-2-M2,agentdojo-workspace-UserTask31,PROVENANCE_HISTORY,1,M2,Microsoft Agent Framework
r1-27-PROVENANCE_HISTORY-1-2-M3,agentdojo-workspace-UserTask31,PROVENANCE_HISTORY,1,M3,Microsoft Agent Framework
r1-28-AUTHORIZATION-0-0-M0,agentdojo-workspace-UserTask32,AUTHORIZATION,0,M0,Microsoft Agent Framework
r1-28-AUTHORIZATION-0-0-M1,agentdojo-workspace-UserTask32,AUTHORIZATION,0,M1,Microsoft Agent Framework
r1-28-AUTHORIZATION-0-0-M2,agentdojo-workspace-UserTask32,AUTHORIZATION,0,M2,Microsoft Agent Framework
r1-28-AUTHORIZATION-0-0-M3,agentdojo-workspace-UserTask32,AUTHORIZATION,0,M3,Microsoft Agent Framework
r1-28-AUTHORIZATION-0-1-M0,agentdojo-workspace-UserTask32,AUTHORIZATION,0,M0,Microsoft Agent Framework
r1-28-AUTHORIZATION-0-1-M1,agentdojo-workspace-UserTask32,AUTHORIZATION,0,M1,Microsoft Agent Framework
r1-28-AUTHORIZATION-0-1-M2,agentdojo-workspace-UserTask32,AUTHORIZATION,0,M2,Microsoft Agent Framework
r1-28-AUTHORIZATION-0-1-M3,agentdojo-workspace-UserTask32,AUTHORIZATION,0,M3,Microsoft Agent Framework
r1-28-AUTHORIZATION-0-2-M0,agentdojo-workspace-UserTask32,AUTHORIZATION,0,M0,Microsoft Agent Framework
r1-28-AUTHORIZATION-0-2-M1,agentdojo-workspace-UserTask32,AUTHORIZATION,0,M1,Microsoft Agent Framework
r1-28-AUTHORIZATION-0-2-M2,agentdojo-workspace-UserTask32,AUTHORIZATION,0,M2,Microsoft Agent Framework
r1-28-AUTHORIZATION-0-2-M3,agentdojo-workspace-UserTask32,AUTHORIZATION,0,M3,Microsoft Agent Framework
r1-28-AUTHORIZATION-1-0-M0,agentdojo-workspace-UserTask32,AUTHORIZATION,1,M0,Microsoft Agent Framework
r1-28-AUTHORIZATION-1-0-M1,agentdojo-workspace-UserTask32,AUTHORIZATION,1,M1,Microsoft Agent Framework
r1-28-AUTHORIZATION-1-0-M2,agentdojo-workspace-UserTask32,AUTHORIZATION,1,M2,Microsoft Agent Framework
r1-28-AUTHORIZATION-1-0-M3,agentdojo-workspace-UserTask32,AUTHORIZATION,1,M3,Microsoft Agent Framework
r1-28-AUTHORIZATION-1-1-M0,agentdojo-workspace-UserTask32,AUTHORIZATION,1,M0,Microsoft Agent Framework
r1-28-AUTHORIZATION-1-1-M1,agentdojo-workspace-UserTask32,AUTHORIZATION,1,M1,Microsoft Agent Framework
r1-28-AUTHORIZATION-1-1-M2,agentdojo-workspace-UserTask32,AUTHORIZATION,1,M2,Microsoft Agent Framework
r1-28-AUTHORIZATION-1-1-M3,agentdojo-workspace-UserTask32,AUTHORIZATION,1,M3,Microsoft Agent Framework
r1-28-AUTHORIZATION-1-2-M0,agentdojo-workspace-UserTask32,AUTHORIZATION,1,M0,Microsoft Agent Framework
r1-28-AUTHORIZATION-1-2-M1,agentdojo-workspace-UserTask32,AUTHORIZATION,1,M1,Microsoft Agent Framework
r1-28-AUTHORIZATION-1-2-M2,agentdojo-workspace-UserTask32,AUTHORIZATION,1,M2,Microsoft Agent Framework
r1-28-AUTHORIZATION-1-2-M3,agentdojo-workspace-UserTask32,AUTHORIZATION,1,M3,Microsoft Agent Framework
r1-28-PROVENANCE_HISTORY-0-0-M0,agentdojo-workspace-UserTask32,PROVENANCE_HISTORY,0,M0,Microsoft Agent Framework
r1-28-PROVENANCE_HISTORY-0-0-M1,agentdojo-workspace-UserTask32,PROVENANCE_HISTORY,0,M1,Microsoft Agent Framework
r1-28-PROVENANCE_HISTORY-0-0-M2,agentdojo-workspace-UserTask32,PROVENANCE_HISTORY,0,M2,Microsoft Agent Framework
r1-28-PROVENANCE_HISTORY-0-0-M3,agentdojo-workspace-UserTask32,PROVENANCE_HISTORY,0,M3,Microsoft Agent Framework
r1-28-PROVENANCE_HISTORY-0-1-M0,agentdojo-workspace-UserTask32,PROVENANCE_HISTORY,0,M0,Microsoft Agent Framework
r1-28-PROVENANCE_HISTORY-0-1-M1,agentdojo-workspace-UserTask32,PROVENANCE_HISTORY,0,M1,Microsoft Agent Framework
r1-28-PROVENANCE_HISTORY-0-1-M2,agentdojo-workspace-UserTask32,PROVENANCE_HISTORY,0,M2,Microsoft Agent Framework
r1-28-PROVENANCE_HISTORY-0-1-M3,agentdojo-workspace-UserTask32,PROVENANCE_HISTORY,0,M3,Microsoft Agent Framework
r1-28-PROVENANCE_HISTORY-0-2-M0,agentdojo-workspace-UserTask32,PROVENANCE_HISTORY,0,M0,Microsoft Agent Framework
r1-28-PROVENANCE_HISTORY-0-2-M1,agentdojo-workspace-UserTask32,PROVENANCE_HISTORY,0,M1,Microsoft Agent Framework
r1-28-PROVENANCE_HISTORY-0-2-M2,agentdojo-workspace-UserTask32,PROVENANCE_HISTORY,0,M2,Microsoft Agent Framework
r1-28-PROVENANCE_HISTORY-0-2-M3,agentdojo-workspace-UserTask32,PROVENANCE_HISTORY,0,M3,Microsoft Agent Framework
r1-28-PROVENANCE_HISTORY-1-0-M0,agentdojo-workspace-UserTask32,PROVENANCE_HISTORY,1,M0,Microsoft Agent Framework
r1-28-PROVENANCE_HISTORY-1-0-M1,agentdojo-workspace-UserTask32,PROVENANCE_HISTORY,1,M1,Microsoft Agent Framework
r1-28-PROVENANCE_HISTORY-1-0-M2,agentdojo-workspace-UserTask32,PROVENANCE_HISTORY,1,M2,Microsoft Agent Framework
r1-28-PROVENANCE_HISTORY-1-0-M3,agentdojo-workspace-UserTask32,PROVENANCE_HISTORY,1,M3,Microsoft Agent Framework
r1-28-PROVENANCE_HISTORY-1-1-M0,agentdojo-workspace-UserTask32,PROVENANCE_HISTORY,1,M0,Microsoft Agent Framework
r1-28-PROVENANCE_HISTORY-1-1-M1,agentdojo-workspace-UserTask32,PROVENANCE_HISTORY,1,M1,Microsoft Agent Framework
r1-28-PROVENANCE_HISTORY-1-1-M2,agentdojo-workspace-UserTask32,PROVENANCE_HISTORY,1,M2,Microsoft Agent Framework
r1-28-PROVENANCE_HISTORY-1-1-M3,agentdojo-workspace-UserTask32,PROVENANCE_HISTORY,1,M3,Microsoft Agent Framework
r1-28-PROVENANCE_HISTORY-1-2-M0,agentdojo-workspace-UserTask32,PROVENANCE_HISTORY,1,M0,Microsoft Agent Framework
r1-28-PROVENANCE_HISTORY-1-2-M1,agentdojo-workspace-UserTask32,PROVENANCE_HISTORY,1,M1,Microsoft Agent Framework
r1-28-PROVENANCE_HISTORY-1-2-M2,agentdojo-workspace-UserTask32,PROVENANCE_HISTORY,1,M2,Microsoft Agent Framework
r1-28-PROVENANCE_HISTORY-1-2-M3,agentdojo-workspace-UserTask32,PROVENANCE_HISTORY,1,M3,Microsoft Agent Framework
r1-29-AUTHORIZATION-0-0-M0,agentdojo-workspace-UserTask15,AUTHORIZATION,0,M0,Microsoft Agent Framework
r1-29-AUTHORIZATION-0-0-M1,agentdojo-workspace-UserTask15,AUTHORIZATION,0,M1,Microsoft Agent Framework
r1-29-AUTHORIZATION-0-0-M2,agentdojo-workspace-UserTask15,AUTHORIZATION,0,M2,Microsoft Agent Framework
r1-29-AUTHORIZATION-0-0-M3,agentdojo-workspace-UserTask15,AUTHORIZATION,0,M3,Microsoft Agent Framework
r1-29-AUTHORIZATION-0-1-M0,agentdojo-workspace-UserTask15,AUTHORIZATION,0,M0,Microsoft Agent Framework
r1-29-AUTHORIZATION-0-1-M1,agentdojo-workspace-UserTask15,AUTHORIZATION,0,M1,Microsoft Agent Framework
r1-29-AUTHORIZATION-0-1-M2,agentdojo-workspace-UserTask15,AUTHORIZATION,0,M2,Microsoft Agent Framework
r1-29-AUTHORIZATION-0-1-M3,agentdojo-workspace-UserTask15,AUTHORIZATION,0,M3,Microsoft Agent Framework
r1-29-AUTHORIZATION-0-2-M0,agentdojo-workspace-UserTask15,AUTHORIZATION,0,M0,Microsoft Agent Framework
r1-29-AUTHORIZATION-0-2-M1,agentdojo-workspace-UserTask15,AUTHORIZATION,0,M1,Microsoft Agent Framework
r1-29-AUTHORIZATION-0-2-M2,agentdojo-workspace-UserTask15,AUTHORIZATION,0,M2,Microsoft Agent Framework
r1-29-AUTHORIZATION-0-2-M3,agentdojo-workspace-UserTask15,AUTHORIZATION,0,M3,Microsoft Agent Framework
r1-29-AUTHORIZATION-1-0-M0,agentdojo-workspace-UserTask15,AUTHORIZATION,1,M0,Microsoft Agent Framework
r1-29-AUTHORIZATION-1-0-M1,agentdojo-workspace-UserTask15,AUTHORIZATION,1,M1,Microsoft Agent Framework
r1-29-AUTHORIZATION-1-0-M2,agentdojo-workspace-UserTask15,AUTHORIZATION,1,M2,Microsoft Agent Framework
r1-29-AUTHORIZATION-1-0-M3,agentdojo-workspace-UserTask15,AUTHORIZATION,1,M3,Microsoft Agent Framework
r1-29-AUTHORIZATION-1-1-M0,agentdojo-workspace-UserTask15,AUTHORIZATION,1,M0,Microsoft Agent Framework
r1-29-AUTHORIZATION-1-1-M1,agentdojo-workspace-UserTask15,AUTHORIZATION,1,M1,Microsoft Agent Framework
r1-29-AUTHORIZATION-1-1-M2,agentdojo-workspace-UserTask15,AUTHORIZATION,1,M2,Microsoft Agent Framework
r1-29-AUTHORIZATION-1-1-M3,agentdojo-workspace-UserTask15,AUTHORIZATION,1,M3,Microsoft Agent Framework
r1-29-AUTHORIZATION-1-2-M0,agentdojo-workspace-UserTask15,AUTHORIZATION,1,M0,Microsoft Agent Framework
r1-29-AUTHORIZATION-1-2-M1,agentdojo-workspace-UserTask15,AUTHORIZATION,1,M1,Microsoft Agent Framework
r1-29-AUTHORIZATION-1-2-M2,agentdojo-workspace-UserTask15,AUTHORIZATION,1,M2,Microsoft Agent Framework
r1-29-AUTHORIZATION-1-2-M3,agentdojo-workspace-UserTask15,AUTHORIZATION,1,M3,Microsoft Agent Framework
r1-29-PROVENANCE_HISTORY-0-0-M0,agentdojo-workspace-UserTask15,PROVENANCE_HISTORY,0,M0,Microsoft Agent Framework
r1-29-PROVENANCE_HISTORY-0-0-M1,agentdojo-workspace-UserTask15,PROVENANCE_HISTORY,0,M1,Microsoft Agent Framework
r1-29-PROVENANCE_HISTORY-0-0-M2,agentdojo-workspace-UserTask15,PROVENANCE_HISTORY,0,M2,Microsoft Agent Framework
r1-29-PROVENANCE_HISTORY-0-0-M3,agentdojo-workspace-UserTask15,PROVENANCE_HISTORY,0,M3,Microsoft Agent Framework
r1-29-PROVENANCE_HISTORY-0-1-M0,agentdojo-workspace-UserTask15,PROVENANCE_HISTORY,0,M0,Microsoft Agent Framework
r1-29-PROVENANCE_HISTORY-0-1-M1,agentdojo-workspace-UserTask15,PROVENANCE_HISTORY,0,M1,Microsoft Agent Framework
r1-29-PROVENANCE_HISTORY-0-1-M2,agentdojo-workspace-UserTask15,PROVENANCE_HISTORY,0,M2,Microsoft Agent Framework
r1-29-PROVENANCE_HISTORY-0-1-M3,agentdojo-workspace-UserTask15,PROVENANCE_HISTORY,0,M3,Microsoft Agent Framework
r1-29-PROVENANCE_HISTORY-0-2-M0,agentdojo-workspace-UserTask15,PROVENANCE_HISTORY,0,M0,Microsoft Agent Framework
r1-29-PROVENANCE_HISTORY-0-2-M1,agentdojo-workspace-UserTask15,PROVENANCE_HISTORY,0,M1,Microsoft Agent Framework
r1-29-PROVENANCE_HISTORY-0-2-M2,agentdojo-workspace-UserTask15,PROVENANCE_HISTORY,0,M2,Microsoft Agent Framework
r1-29-PROVENANCE_HISTORY-0-2-M3,agentdojo-workspace-UserTask15,PROVENANCE_HISTORY,0,M3,Microsoft Agent Framework
r1-29-PROVENANCE_HISTORY-1-0-M0,agentdojo-workspace-UserTask15,PROVENANCE_HISTORY,1,M0,Microsoft Agent Framework
r1-29-PROVENANCE_HISTORY-1-0-M1,agentdojo-workspace-UserTask15,PROVENANCE_HISTORY,1,M1,Microsoft Agent Framework
r1-29-PROVENANCE_HISTORY-1-0-M2,agentdojo-workspace-UserTask15,PROVENANCE_HISTORY,1,M2,Microsoft Agent Framework
r1-29-PROVENANCE_HISTORY-1-0-M3,agentdojo-workspace-UserTask15,PROVENANCE_HISTORY,1,M3,Microsoft Agent Framework
r1-29-PROVENANCE_HISTORY-1-1-M0,agentdojo-workspace-UserTask15,PROVENANCE_HISTORY,1,M0,Microsoft Agent Framework
r1-29-PROVENANCE_HISTORY-1-1-M1,agentdojo-workspace-UserTask15,PROVENANCE_HISTORY,1,M1,Microsoft Agent Framework
r1-29-PROVENANCE_HISTORY-1-1-M2,agentdojo-workspace-UserTask15,PROVENANCE_HISTORY,1,M2,Microsoft Agent Framework
r1-29-PROVENANCE_HISTORY-1-1-M3,agentdojo-workspace-UserTask15,PROVENANCE_HISTORY,1,M3,Microsoft Agent Framework
r1-29-PROVENANCE_HISTORY-1-2-M0,agentdojo-workspace-UserTask15,PROVENANCE_HISTORY,1,M0,Microsoft Agent Framework
r1-29-PROVENANCE_HISTORY-1-2-M1,agentdojo-workspace-UserTask15,PROVENANCE_HISTORY,1,M1,Microsoft Agent Framework
r1-29-PROVENANCE_HISTORY-1-2-M2,agentdojo-workspace-UserTask15,PROVENANCE_HISTORY,1,M2,Microsoft Agent Framework
r1-29-PROVENANCE_HISTORY-1-2-M3,agentdojo-workspace-UserTask15,PROVENANCE_HISTORY,1,M3,Microsoft Agent Framework
r1-30-AUTHORIZATION-0-0-M0,agentdojo-workspace-UserTask18,AUTHORIZATION,0,M0,Microsoft Agent Framework
r1-30-AUTHORIZATION-0-0-M1,agentdojo-workspace-UserTask18,AUTHORIZATION,0,M1,Microsoft Agent Framework
r1-30-AUTHORIZATION-0-0-M2,agentdojo-workspace-UserTask18,AUTHORIZATION,0,M2,Microsoft Agent Framework
r1-30-AUTHORIZATION-0-0-M3,agentdojo-workspace-UserTask18,AUTHORIZATION,0,M3,Microsoft Agent Framework
r1-30-AUTHORIZATION-0-1-M0,agentdojo-workspace-UserTask18,AUTHORIZATION,0,M0,Microsoft Agent Framework
r1-30-AUTHORIZATION-0-1-M1,agentdojo-workspace-UserTask18,AUTHORIZATION,0,M1,Microsoft Agent Framework
r1-30-AUTHORIZATION-0-1-M2,agentdojo-workspace-UserTask18,AUTHORIZATION,0,M2,Microsoft Agent Framework
r1-30-AUTHORIZATION-0-1-M3,agentdojo-workspace-UserTask18,AUTHORIZATION,0,M3,Microsoft Agent Framework
r1-30-AUTHORIZATION-0-2-M0,agentdojo-workspace-UserTask18,AUTHORIZATION,0,M0,Microsoft Agent Framework
r1-30-AUTHORIZATION-0-2-M1,agentdojo-workspace-UserTask18,AUTHORIZATION,0,M1,Microsoft Agent Framework
r1-30-AUTHORIZATION-0-2-M2,agentdojo-workspace-UserTask18,AUTHORIZATION,0,M2,Microsoft Agent Framework
r1-30-AUTHORIZATION-0-2-M3,agentdojo-workspace-UserTask18,AUTHORIZATION,0,M3,Microsoft Agent Framework
r1-30-AUTHORIZATION-1-0-M0,agentdojo-workspace-UserTask18,AUTHORIZATION,1,M0,Microsoft Agent Framework
r1-30-AUTHORIZATION-1-0-M1,agentdojo-workspace-UserTask18,AUTHORIZATION,1,M1,Microsoft Agent Framework
r1-30-AUTHORIZATION-1-0-M2,agentdojo-workspace-UserTask18,AUTHORIZATION,1,M2,Microsoft Agent Framework
r1-30-AUTHORIZATION-1-0-M3,agentdojo-workspace-UserTask18,AUTHORIZATION,1,M3,Microsoft Agent Framework
r1-30-AUTHORIZATION-1-1-M0,agentdojo-workspace-UserTask18,AUTHORIZATION,1,M0,Microsoft Agent Framework
r1-30-AUTHORIZATION-1-1-M1,agentdojo-workspace-UserTask18,AUTHORIZATION,1,M1,Microsoft Agent Framework
r1-30-AUTHORIZATION-1-1-M2,agentdojo-workspace-UserTask18,AUTHORIZATION,1,M2,Microsoft Agent Framework
r1-30-AUTHORIZATION-1-1-M3,agentdojo-workspace-UserTask18,AUTHORIZATION,1,M3,Microsoft Agent Framework
r1-30-AUTHORIZATION-1-2-M0,agentdojo-workspace-UserTask18,AUTHORIZATION,1,M0,Microsoft Agent Framework
r1-30-AUTHORIZATION-1-2-M1,agentdojo-workspace-UserTask18,AUTHORIZATION,1,M1,Microsoft Agent Framework
r1-30-AUTHORIZATION-1-2-M2,agentdojo-workspace-UserTask18,AUTHORIZATION,1,M2,Microsoft Agent Framework
r1-30-AUTHORIZATION-1-2-M3,agentdojo-workspace-UserTask18,AUTHORIZATION,1,M3,Microsoft Agent Framework
r1-30-PROVENANCE_HISTORY-0-0-M0,agentdojo-workspace-UserTask18,PROVENANCE_HISTORY,0,M0,Microsoft Agent Framework
r1-30-PROVENANCE_HISTORY-0-0-M1,agentdojo-workspace-UserTask18,PROVENANCE_HISTORY,0,M1,Microsoft Agent Framework
r1-30-PROVENANCE_HISTORY-0-0-M2,agentdojo-workspace-UserTask18,PROVENANCE_HISTORY,0,M2,Microsoft Agent Framework
r1-30-PROVENANCE_HISTORY-0-0-M3,agentdojo-workspace-UserTask18,PROVENANCE_HISTORY,0,M3,Microsoft Agent Framework
r1-30-PROVENANCE_HISTORY-0-1-M0,agentdojo-workspace-UserTask18,PROVENANCE_HISTORY,0,M0,Microsoft Agent Framework
r1-30-PROVENANCE_HISTORY-0-1-M1,agentdojo-workspace-UserTask18,PROVENANCE_HISTORY,0,M1,Microsoft Agent Framework
r1-30-PROVENANCE_HISTORY-0-1-M2,agentdojo-workspace-UserTask18,PROVENANCE_HISTORY,0,M2,Microsoft Agent Framework
r1-30-PROVENANCE_HISTORY-0-1-M3,agentdojo-workspace-UserTask18,PROVENANCE_HISTORY,0,M3,Microsoft Agent Framework
r1-30-PROVENANCE_HISTORY-0-2-M0,agentdojo-workspace-UserTask18,PROVENANCE_HISTORY,0,M0,Microsoft Agent Framework
r1-30-PROVENANCE_HISTORY-0-2-M1,agentdojo-workspace-UserTask18,PROVENANCE_HISTORY,0,M1,Microsoft Agent Framework
r1-30-PROVENANCE_HISTORY-0-2-M2,agentdojo-workspace-UserTask18,PROVENANCE_HISTORY,0,M2,Microsoft Agent Framework
r1-30-PROVENANCE_HISTORY-0-2-M3,agentdojo-workspace-UserTask18,PROVENANCE_HISTORY,0,M3,Microsoft Agent Framework
r1-30-PROVENANCE_HISTORY-1-0-M0,agentdojo-workspace-UserTask18,PROVENANCE_HISTORY,1,M0,Microsoft Agent Framework
r1-30-PROVENANCE_HISTORY-1-0-M1,agentdojo-workspace-UserTask18,PROVENANCE_HISTORY,1,M1,Microsoft Agent Framework
r1-30-PROVENANCE_HISTORY-1-0-M2,agentdojo-workspace-UserTask18,PROVENANCE_HISTORY,1,M2,Microsoft Agent Framework
r1-30-PROVENANCE_HISTORY-1-0-M3,agentdojo-workspace-UserTask18,PROVENANCE_HISTORY,1,M3,Microsoft Agent Framework
r1-30-PROVENANCE_HISTORY-1-1-M0,agentdojo-workspace-UserTask18,PROVENANCE_HISTORY,1,M0,Microsoft Agent Framework
r1-30-PROVENANCE_HISTORY-1-1-M1,agentdojo-workspace-UserTask18,PROVENANCE_HISTORY,1,M1,Microsoft Agent Framework
r1-30-PROVENANCE_HISTORY-1-1-M2,agentdojo-workspace-UserTask18,PROVENANCE_HISTORY,1,M2,Microsoft Agent Framework
r1-30-PROVENANCE_HISTORY-1-1-M3,agentdojo-workspace-UserTask18,PROVENANCE_HISTORY,1,M3,Microsoft Agent Framework
r1-30-PROVENANCE_HISTORY-1-2-M0,agentdojo-workspace-UserTask18,PROVENANCE_HISTORY,1,M0,Microsoft Agent Framework
r1-30-PROVENANCE_HISTORY-1-2-M1,agentdojo-workspace-UserTask18,PROVENANCE_HISTORY,1,M1,Microsoft Agent Framework
r1-30-PROVENANCE_HISTORY-1-2-M2,agentdojo-workspace-UserTask18,PROVENANCE_HISTORY,1,M2,Microsoft Agent Framework
r1-30-PROVENANCE_HISTORY-1-2-M3,agentdojo-workspace-UserTask18,PROVENANCE_HISTORY,1,M3,Microsoft Agent Framework
r1-31-AUTHORIZATION-0-0-M0,agentdojo-workspace-UserTask20,AUTHORIZATION,0,M0,Microsoft Agent Framework
r1-31-AUTHORIZATION-0-0-M1,agentdojo-workspace-UserTask20,AUTHORIZATION,0,M1,Microsoft Agent Framework
r1-31-AUTHORIZATION-0-0-M2,agentdojo-workspace-UserTask20,AUTHORIZATION,0,M2,Microsoft Agent Framework
r1-31-AUTHORIZATION-0-0-M3,agentdojo-workspace-UserTask20,AUTHORIZATION,0,M3,Microsoft Agent Framework
r1-31-AUTHORIZATION-0-1-M0,agentdojo-workspace-UserTask20,AUTHORIZATION,0,M0,Microsoft Agent Framework
r1-31-AUTHORIZATION-0-1-M1,agentdojo-workspace-UserTask20,AUTHORIZATION,0,M1,Microsoft Agent Framework
r1-31-AUTHORIZATION-0-1-M2,agentdojo-workspace-UserTask20,AUTHORIZATION,0,M2,Microsoft Agent Framework
r1-31-AUTHORIZATION-0-1-M3,agentdojo-workspace-UserTask20,AUTHORIZATION,0,M3,Microsoft Agent Framework
r1-31-AUTHORIZATION-0-2-M0,agentdojo-workspace-UserTask20,AUTHORIZATION,0,M0,Microsoft Agent Framework
r1-31-AUTHORIZATION-0-2-M1,agentdojo-workspace-UserTask20,AUTHORIZATION,0,M1,Microsoft Agent Framework
r1-31-AUTHORIZATION-0-2-M2,agentdojo-workspace-UserTask20,AUTHORIZATION,0,M2,Microsoft Agent Framework
r1-31-AUTHORIZATION-0-2-M3,agentdojo-workspace-UserTask20,AUTHORIZATION,0,M3,Microsoft Agent Framework
r1-31-AUTHORIZATION-1-0-M0,agentdojo-workspace-UserTask20,AUTHORIZATION,1,M0,Microsoft Agent Framework
r1-31-AUTHORIZATION-1-0-M1,agentdojo-workspace-UserTask20,AUTHORIZATION,1,M1,Microsoft Agent Framework
r1-31-AUTHORIZATION-1-0-M2,agentdojo-workspace-UserTask20,AUTHORIZATION,1,M2,Microsoft Agent Framework
r1-31-AUTHORIZATION-1-0-M3,agentdojo-workspace-UserTask20,AUTHORIZATION,1,M3,Microsoft Agent Framework
r1-31-AUTHORIZATION-1-1-M0,agentdojo-workspace-UserTask20,AUTHORIZATION,1,M0,Microsoft Agent Framework
r1-31-AUTHORIZATION-1-1-M1,agentdojo-workspace-UserTask20,AUTHORIZATION,1,M1,Microsoft Agent Framework
r1-31-AUTHORIZATION-1-1-M2,agentdojo-workspace-UserTask20,AUTHORIZATION,1,M2,Microsoft Agent Framework
r1-31-AUTHORIZATION-1-1-M3,agentdojo-workspace-UserTask20,AUTHORIZATION,1,M3,Microsoft Agent Framework
r1-31-AUTHORIZATION-1-2-M0,agentdojo-workspace-UserTask20,AUTHORIZATION,1,M0,Microsoft Agent Framework
r1-31-AUTHORIZATION-1-2-M1,agentdojo-workspace-UserTask20,AUTHORIZATION,1,M1,Microsoft Agent Framework
r1-31-AUTHORIZATION-1-2-M2,agentdojo-workspace-UserTask20,AUTHORIZATION,1,M2,Microsoft Agent Framework
r1-31-AUTHORIZATION-1-2-M3,agentdojo-workspace-UserTask20,AUTHORIZATION,1,M3,Microsoft Agent Framework
r1-31-PROVENANCE_HISTORY-0-0-M0,agentdojo-workspace-UserTask20,PROVENANCE_HISTORY,0,M0,Microsoft Agent Framework
r1-31-PROVENANCE_HISTORY-0-0-M1,agentdojo-workspace-UserTask20,PROVENANCE_HISTORY,0,M1,Microsoft Agent Framework
r1-31-PROVENANCE_HISTORY-0-0-M2,agentdojo-workspace-UserTask20,PROVENANCE_HISTORY,0,M2,Microsoft Agent Framework
r1-31-PROVENANCE_HISTORY-0-0-M3,agentdojo-workspace-UserTask20,PROVENANCE_HISTORY,0,M3,Microsoft Agent Framework
r1-31-PROVENANCE_HISTORY-0-1-M0,agentdojo-workspace-UserTask20,PROVENANCE_HISTORY,0,M0,Microsoft Agent Framework
r1-31-PROVENANCE_HISTORY-0-1-M1,agentdojo-workspace-UserTask20,PROVENANCE_HISTORY,0,M1,Microsoft Agent Framework
r1-31-PROVENANCE_HISTORY-0-1-M2,agentdojo-workspace-UserTask20,PROVENANCE_HISTORY,0,M2,Microsoft Agent Framework
r1-31-PROVENANCE_HISTORY-0-1-M3,agentdojo-workspace-UserTask20,PROVENANCE_HISTORY,0,M3,Microsoft Agent Framework
r1-31-PROVENANCE_HISTORY-0-2-M0,agentdojo-workspace-UserTask20,PROVENANCE_HISTORY,0,M0,Microsoft Agent Framework
r1-31-PROVENANCE_HISTORY-0-2-M1,agentdojo-workspace-UserTask20,PROVENANCE_HISTORY,0,M1,Microsoft Agent Framework
r1-31-PROVENANCE_HISTORY-0-2-M2,agentdojo-workspace-UserTask20,PROVENANCE_HISTORY,0,M2,Microsoft Agent Framework
r1-31-PROVENANCE_HISTORY-0-2-M3,agentdojo-workspace-UserTask20,PROVENANCE_HISTORY,0,M3,Microsoft Agent Framework
r1-31-PROVENANCE_HISTORY-1-0-M0,agentdojo-workspace-UserTask20,PROVENANCE_HISTORY,1,M0,Microsoft Agent Framework
r1-31-PROVENANCE_HISTORY-1-0-M1,agentdojo-workspace-UserTask20,PROVENANCE_HISTORY,1,M1,Microsoft Agent Framework
r1-31-PROVENANCE_HISTORY-1-0-M2,agentdojo-workspace-UserTask20,PROVENANCE_HISTORY,1,M2,Microsoft Agent Framework
r1-31-PROVENANCE_HISTORY-1-0-M3,agentdojo-workspace-UserTask20,PROVENANCE_HISTORY,1,M3,Microsoft Agent Framework
r1-31-PROVENANCE_HISTORY-1-1-M0,agentdojo-workspace-UserTask20,PROVENANCE_HISTORY,1,M0,Microsoft Agent Framework
r1-31-PROVENANCE_HISTORY-1-1-M1,agentdojo-workspace-UserTask20,PROVENANCE_HISTORY,1,M1,Microsoft Agent Framework
r1-31-PROVENANCE_HISTORY-1-1-M2,agentdojo-workspace-UserTask20,PROVENANCE_HISTORY,1,M2,Microsoft Agent Framework
r1-31-PROVENANCE_HISTORY-1-1-M3,agentdojo-workspace-UserTask20,PROVENANCE_HISTORY,1,M3,Microsoft Agent Framework
r1-31-PROVENANCE_HISTORY-1-2-M0,agentdojo-workspace-UserTask20,PROVENANCE_HISTORY,1,M0,Microsoft Agent Framework
r1-31-PROVENANCE_HISTORY-1-2-M1,agentdojo-workspace-UserTask20,PROVENANCE_HISTORY,1,M1,Microsoft Agent Framework
r1-31-PROVENANCE_HISTORY-1-2-M2,agentdojo-workspace-UserTask20,PROVENANCE_HISTORY,1,M2,Microsoft Agent Framework
r1-31-PROVENANCE_HISTORY-1-2-M3,agentdojo-workspace-UserTask20,PROVENANCE_HISTORY,1,M3,Microsoft Agent Framework
r1-32-AUTHORIZATION-0-0-M0,agentdojo-workspace-UserTask33,AUTHORIZATION,0,M0,Microsoft Agent Framework
r1-32-AUTHORIZATION-0-0-M1,agentdojo-workspace-UserTask33,AUTHORIZATION,0,M1,Microsoft Agent Framework
r1-32-AUTHORIZATION-0-0-M2,agentdojo-workspace-UserTask33,AUTHORIZATION,0,M2,Microsoft Agent Framework
r1-32-AUTHORIZATION-0-0-M3,agentdojo-workspace-UserTask33,AUTHORIZATION,0,M3,Microsoft Agent Framework
r1-32-AUTHORIZATION-0-1-M0,agentdojo-workspace-UserTask33,AUTHORIZATION,0,M0,Microsoft Agent Framework
r1-32-AUTHORIZATION-0-1-M1,agentdojo-workspace-UserTask33,AUTHORIZATION,0,M1,Microsoft Agent Framework
r1-32-AUTHORIZATION-0-1-M2,agentdojo-workspace-UserTask33,AUTHORIZATION,0,M2,Microsoft Agent Framework
r1-32-AUTHORIZATION-0-1-M3,agentdojo-workspace-UserTask33,AUTHORIZATION,0,M3,Microsoft Agent Framework
r1-32-AUTHORIZATION-0-2-M0,agentdojo-workspace-UserTask33,AUTHORIZATION,0,M0,Microsoft Agent Framework
r1-32-AUTHORIZATION-0-2-M1,agentdojo-workspace-UserTask33,AUTHORIZATION,0,M1,Microsoft Agent Framework
r1-32-AUTHORIZATION-0-2-M2,agentdojo-workspace-UserTask33,AUTHORIZATION,0,M2,Microsoft Agent Framework
r1-32-AUTHORIZATION-0-2-M3,agentdojo-workspace-UserTask33,AUTHORIZATION,0,M3,Microsoft Agent Framework
r1-32-AUTHORIZATION-1-0-M0,agentdojo-workspace-UserTask33,AUTHORIZATION,1,M0,Microsoft Agent Framework
r1-32-AUTHORIZATION-1-0-M1,agentdojo-workspace-UserTask33,AUTHORIZATION,1,M1,Microsoft Agent Framework
r1-32-AUTHORIZATION-1-0-M2,agentdojo-workspace-UserTask33,AUTHORIZATION,1,M2,Microsoft Agent Framework
r1-32-AUTHORIZATION-1-0-M3,agentdojo-workspace-UserTask33,AUTHORIZATION,1,M3,Microsoft Agent Framework
r1-32-AUTHORIZATION-1-1-M0,agentdojo-workspace-UserTask33,AUTHORIZATION,1,M0,Microsoft Agent Framework
r1-32-AUTHORIZATION-1-1-M1,agentdojo-workspace-UserTask33,AUTHORIZATION,1,M1,Microsoft Agent Framework
r1-32-AUTHORIZATION-1-1-M2,agentdojo-workspace-UserTask33,AUTHORIZATION,1,M2,Microsoft Agent Framework
r1-32-AUTHORIZATION-1-1-M3,agentdojo-workspace-UserTask33,AUTHORIZATION,1,M3,Microsoft Agent Framework
r1-32-AUTHORIZATION-1-2-M0,agentdojo-workspace-UserTask33,AUTHORIZATION,1,M0,Microsoft Agent Framework
r1-32-AUTHORIZATION-1-2-M1,agentdojo-workspace-UserTask33,AUTHORIZATION,1,M1,Microsoft Agent Framework
r1-32-AUTHORIZATION-1-2-M2,agentdojo-workspace-UserTask33,AUTHORIZATION,1,M2,Microsoft Agent Framework
r1-32-AUTHORIZATION-1-2-M3,agentdojo-workspace-UserTask33,AUTHORIZATION,1,M3,Microsoft Agent Framework
r1-32-PROVENANCE_HISTORY-0-0-M0,agentdojo-workspace-UserTask33,PROVENANCE_HISTORY,0,M0,Microsoft Agent Framework
r1-32-PROVENANCE_HISTORY-0-0-M1,agentdojo-workspace-UserTask33,PROVENANCE_HISTORY,0,M1,Microsoft Agent Framework
r1-32-PROVENANCE_HISTORY-0-0-M2,agentdojo-workspace-UserTask33,PROVENANCE_HISTORY,0,M2,Microsoft Agent Framework
r1-32-PROVENANCE_HISTORY-0-0-M3,agentdojo-workspace-UserTask33,PROVENANCE_HISTORY,0,M3,Microsoft Agent Framework
r1-32-PROVENANCE_HISTORY-0-1-M0,agentdojo-workspace-UserTask33,PROVENANCE_HISTORY,0,M0,Microsoft Agent Framework
r1-32-PROVENANCE_HISTORY-0-1-M1,agentdojo-workspace-UserTask33,PROVENANCE_HISTORY,0,M1,Microsoft Agent Framework
r1-32-PROVENANCE_HISTORY-0-1-M2,agentdojo-workspace-UserTask33,PROVENANCE_HISTORY,0,M2,Microsoft Agent Framework
r1-32-PROVENANCE_HISTORY-0-1-M3,agentdojo-workspace-UserTask33,PROVENANCE_HISTORY,0,M3,Microsoft Agent Framework
r1-32-PROVENANCE_HISTORY-0-2-M0,agentdojo-workspace-UserTask33,PROVENANCE_HISTORY,0,M0,Microsoft Agent Framework
r1-32-PROVENANCE_HISTORY-0-2-M1,agentdojo-workspace-UserTask33,PROVENANCE_HISTORY,0,M1,Microsoft Agent Framework
r1-32-PROVENANCE_HISTORY-0-2-M2,agentdojo-workspace-UserTask33,PROVENANCE_HISTORY,0,M2,Microsoft Agent Framework
r1-32-PROVENANCE_HISTORY-0-2-M3,agentdojo-workspace-UserTask33,PROVENANCE_HISTORY,0,M3,Microsoft Agent Framework
r1-32-PROVENANCE_HISTORY-1-0-M0,agentdojo-workspace-UserTask33,PROVENANCE_HISTORY,1,M0,Microsoft Agent Framework
r1-32-PROVENANCE_HISTORY-1-0-M1,agentdojo-workspace-UserTask33,PROVENANCE_HISTORY,1,M1,Microsoft Agent Framework
r1-32-PROVENANCE_HISTORY-1-0-M2,agentdojo-workspace-UserTask33,PROVENANCE_HISTORY,1,M2,Microsoft Agent Framework
r1-32-PROVENANCE_HISTORY-1-0-M3,agentdojo-workspace-UserTask33,PROVENANCE_HISTORY,1,M3,Microsoft Agent Framework
r1-32-PROVENANCE_HISTORY-1-1-M0,agentdojo-workspace-UserTask33,PROVENANCE_HISTORY,1,M0,Microsoft Agent Framework
r1-32-PROVENANCE_HISTORY-1-1-M1,agentdojo-workspace-UserTask33,PROVENANCE_HISTORY,1,M1,Microsoft Agent Framework
r1-32-PROVENANCE_HISTORY-1-1-M2,agentdojo-workspace-UserTask33,PROVENANCE_HISTORY,1,M2,Microsoft Agent Framework
r1-32-PROVENANCE_HISTORY-1-1-M3,agentdojo-workspace-UserTask33,PROVENANCE_HISTORY,1,M3,Microsoft Agent Framework
r1-32-PROVENANCE_HISTORY-1-2-M0,agentdojo-workspace-UserTask33,PROVENANCE_HISTORY,1,M0,Microsoft Agent Framework
r1-32-PROVENANCE_HISTORY-1-2-M1,agentdojo-workspace-UserTask33,PROVENANCE_HISTORY,1,M1,Microsoft Agent Framework
r1-32-PROVENANCE_HISTORY-1-2-M2,agentdojo-workspace-UserTask33,PROVENANCE_HISTORY,1,M2,Microsoft Agent Framework
r1-32-PROVENANCE_HISTORY-1-2-M3,agentdojo-workspace-UserTask33,PROVENANCE_HISTORY,1,M3,Microsoft Agent Framework
r1-33-AUTHORIZATION-0-0-M0,agentdojo-workspace-UserTask25,AUTHORIZATION,0,M0,Microsoft Agent Framework
r1-33-AUTHORIZATION-0-0-M1,agentdojo-workspace-UserTask25,AUTHORIZATION,0,M1,Microsoft Agent Framework
r1-33-AUTHORIZATION-0-0-M2,agentdojo-workspace-UserTask25,AUTHORIZATION,0,M2,Microsoft Agent Framework
r1-33-AUTHORIZATION-0-0-M3,agentdojo-workspace-UserTask25,AUTHORIZATION,0,M3,Microsoft Agent Framework
r1-33-AUTHORIZATION-0-1-M0,agentdojo-workspace-UserTask25,AUTHORIZATION,0,M0,Microsoft Agent Framework
r1-33-AUTHORIZATION-0-1-M1,agentdojo-workspace-UserTask25,AUTHORIZATION,0,M1,Microsoft Agent Framework
r1-33-AUTHORIZATION-0-1-M2,agentdojo-workspace-UserTask25,AUTHORIZATION,0,M2,Microsoft Agent Framework
r1-33-AUTHORIZATION-0-1-M3,agentdojo-workspace-UserTask25,AUTHORIZATION,0,M3,Microsoft Agent Framework
r1-33-AUTHORIZATION-0-2-M0,agentdojo-workspace-UserTask25,AUTHORIZATION,0,M0,Microsoft Agent Framework
r1-33-AUTHORIZATION-0-2-M1,agentdojo-workspace-UserTask25,AUTHORIZATION,0,M1,Microsoft Agent Framework
r1-33-AUTHORIZATION-0-2-M2,agentdojo-workspace-UserTask25,AUTHORIZATION,0,M2,Microsoft Agent Framework
r1-33-AUTHORIZATION-0-2-M3,agentdojo-workspace-UserTask25,AUTHORIZATION,0,M3,Microsoft Agent Framework
r1-33-AUTHORIZATION-1-0-M0,agentdojo-workspace-UserTask25,AUTHORIZATION,1,M0,Microsoft Agent Framework
r1-33-AUTHORIZATION-1-0-M1,agentdojo-workspace-UserTask25,AUTHORIZATION,1,M1,Microsoft Agent Framework
r1-33-AUTHORIZATION-1-0-M2,agentdojo-workspace-UserTask25,AUTHORIZATION,1,M2,Microsoft Agent Framework
r1-33-AUTHORIZATION-1-0-M3,agentdojo-workspace-UserTask25,AUTHORIZATION,1,M3,Microsoft Agent Framework
r1-33-AUTHORIZATION-1-1-M0,agentdojo-workspace-UserTask25,AUTHORIZATION,1,M0,Microsoft Agent Framework
r1-33-AUTHORIZATION-1-1-M1,agentdojo-workspace-UserTask25,AUTHORIZATION,1,M1,Microsoft Agent Framework
r1-33-AUTHORIZATION-1-1-M2,agentdojo-workspace-UserTask25,AUTHORIZATION,1,M2,Microsoft Agent Framework
r1-33-AUTHORIZATION-1-1-M3,agentdojo-workspace-UserTask25,AUTHORIZATION,1,M3,Microsoft Agent Framework
r1-33-AUTHORIZATION-1-2-M0,agentdojo-workspace-UserTask25,AUTHORIZATION,1,M0,Microsoft Agent Framework
r1-33-AUTHORIZATION-1-2-M1,agentdojo-workspace-UserTask25,AUTHORIZATION,1,M1,Microsoft Agent Framework
r1-33-AUTHORIZATION-1-2-M2,agentdojo-workspace-UserTask25,AUTHORIZATION,1,M2,Microsoft Agent Framework
r1-33-AUTHORIZATION-1-2-M3,agentdojo-workspace-UserTask25,AUTHORIZATION,1,M3,Microsoft Agent Framework
r1-33-PROVENANCE_HISTORY-0-0-M0,agentdojo-workspace-UserTask25,PROVENANCE_HISTORY,0,M0,Microsoft Agent Framework
r1-33-PROVENANCE_HISTORY-0-0-M1,agentdojo-workspace-UserTask25,PROVENANCE_HISTORY,0,M1,Microsoft Agent Framework
r1-33-PROVENANCE_HISTORY-0-0-M2,agentdojo-workspace-UserTask25,PROVENANCE_HISTORY,0,M2,Microsoft Agent Framework
r1-33-PROVENANCE_HISTORY-0-0-M3,agentdojo-workspace-UserTask25,PROVENANCE_HISTORY,0,M3,Microsoft Agent Framework
r1-33-PROVENANCE_HISTORY-0-1-M0,agentdojo-workspace-UserTask25,PROVENANCE_HISTORY,0,M0,Microsoft Agent Framework
r1-33-PROVENANCE_HISTORY-0-1-M1,agentdojo-workspace-UserTask25,PROVENANCE_HISTORY,0,M1,Microsoft Agent Framework
r1-33-PROVENANCE_HISTORY-0-1-M2,agentdojo-workspace-UserTask25,PROVENANCE_HISTORY,0,M2,Microsoft Agent Framework
r1-33-PROVENANCE_HISTORY-0-1-M3,agentdojo-workspace-UserTask25,PROVENANCE_HISTORY,0,M3,Microsoft Agent Framework
r1-33-PROVENANCE_HISTORY-0-2-M0,agentdojo-workspace-UserTask25,PROVENANCE_HISTORY,0,M0,Microsoft Agent Framework
r1-33-PROVENANCE_HISTORY-0-2-M1,agentdojo-workspace-UserTask25,PROVENANCE_HISTORY,0,M1,Microsoft Agent Framework
r1-33-PROVENANCE_HISTORY-0-2-M2,agentdojo-workspace-UserTask25,PROVENANCE_HISTORY,0,M2,Microsoft Agent Framework
r1-33-PROVENANCE_HISTORY-0-2-M3,agentdojo-workspace-UserTask25,PROVENANCE_HISTORY,0,M3,Microsoft Agent Framework
r1-33-PROVENANCE_HISTORY-1-0-M0,agentdojo-workspace-UserTask25,PROVENANCE_HISTORY,1,M0,Microsoft Agent Framework
r1-33-PROVENANCE_HISTORY-1-0-M1,agentdojo-workspace-UserTask25,PROVENANCE_HISTORY,1,M1,Microsoft Agent Framework
r1-33-PROVENANCE_HISTORY-1-0-M2,agentdojo-workspace-UserTask25,PROVENANCE_HISTORY,1,M2,Microsoft Agent Framework
r1-33-PROVENANCE_HISTORY-1-0-M3,agentdojo-workspace-UserTask25,PROVENANCE_HISTORY,1,M3,Microsoft Agent Framework
r1-33-PROVENANCE_HISTORY-1-1-M0,agentdojo-workspace-UserTask25,PROVENANCE_HISTORY,1,M0,Microsoft Agent Framework
r1-33-PROVENANCE_HISTORY-1-1-M1,agentdojo-workspace-UserTask25,PROVENANCE_HISTORY,1,M1,Microsoft Agent Framework
r1-33-PROVENANCE_HISTORY-1-1-M2,agentdojo-workspace-UserTask25,PROVENANCE_HISTORY,1,M2,Microsoft Agent Framework
r1-33-PROVENANCE_HISTORY-1-1-M3,agentdojo-workspace-UserTask25,PROVENANCE_HISTORY,1,M3,Microsoft Agent Framework
r1-33-PROVENANCE_HISTORY-1-2-M0,agentdojo-workspace-UserTask25,PROVENANCE_HISTORY,1,M0,Microsoft Agent Framework
r1-33-PROVENANCE_HISTORY-1-2-M1,agentdojo-workspace-UserTask25,PROVENANCE_HISTORY,1,M1,Microsoft Agent Framework
r1-33-PROVENANCE_HISTORY-1-2-M2,agentdojo-workspace-UserTask25,PROVENANCE_HISTORY,1,M2,Microsoft Agent Framework
r1-33-PROVENANCE_HISTORY-1-2-M3,agentdojo-workspace-UserTask25,PROVENANCE_HISTORY,1,M3,Microsoft Agent Framework
r1-34-AUTHORIZATION-0-0-M0,agentdojo-workspace-UserTask13,AUTHORIZATION,0,M0,Microsoft Agent Framework
r1-34-AUTHORIZATION-0-0-M1,agentdojo-workspace-UserTask13,AUTHORIZATION,0,M1,Microsoft Agent Framework
r1-34-AUTHORIZATION-0-0-M2,agentdojo-workspace-UserTask13,AUTHORIZATION,0,M2,Microsoft Agent Framework
r1-34-AUTHORIZATION-0-0-M3,agentdojo-workspace-UserTask13,AUTHORIZATION,0,M3,Microsoft Agent Framework
r1-34-AUTHORIZATION-0-1-M0,agentdojo-workspace-UserTask13,AUTHORIZATION,0,M0,Microsoft Agent Framework
r1-34-AUTHORIZATION-0-1-M1,agentdojo-workspace-UserTask13,AUTHORIZATION,0,M1,Microsoft Agent Framework
r1-34-AUTHORIZATION-0-1-M2,agentdojo-workspace-UserTask13,AUTHORIZATION,0,M2,Microsoft Agent Framework
r1-34-AUTHORIZATION-0-1-M3,agentdojo-workspace-UserTask13,AUTHORIZATION,0,M3,Microsoft Agent Framework
r1-34-AUTHORIZATION-0-2-M0,agentdojo-workspace-UserTask13,AUTHORIZATION,0,M0,Microsoft Agent Framework
r1-34-AUTHORIZATION-0-2-M1,agentdojo-workspace-UserTask13,AUTHORIZATION,0,M1,Microsoft Agent Framework
r1-34-AUTHORIZATION-0-2-M2,agentdojo-workspace-UserTask13,AUTHORIZATION,0,M2,Microsoft Agent Framework
r1-34-AUTHORIZATION-0-2-M3,agentdojo-workspace-UserTask13,AUTHORIZATION,0,M3,Microsoft Agent Framework
r1-34-AUTHORIZATION-1-0-M0,agentdojo-workspace-UserTask13,AUTHORIZATION,1,M0,Microsoft Agent Framework
r1-34-AUTHORIZATION-1-0-M1,agentdojo-workspace-UserTask13,AUTHORIZATION,1,M1,Microsoft Agent Framework
r1-34-AUTHORIZATION-1-0-M2,agentdojo-workspace-UserTask13,AUTHORIZATION,1,M2,Microsoft Agent Framework
r1-34-AUTHORIZATION-1-0-M3,agentdojo-workspace-UserTask13,AUTHORIZATION,1,M3,Microsoft Agent Framework
r1-34-AUTHORIZATION-1-1-M0,agentdojo-workspace-UserTask13,AUTHORIZATION,1,M0,Microsoft Agent Framework
r1-34-AUTHORIZATION-1-1-M1,agentdojo-workspace-UserTask13,AUTHORIZATION,1,M1,Microsoft Agent Framework
r1-34-AUTHORIZATION-1-1-M2,agentdojo-workspace-UserTask13,AUTHORIZATION,1,M2,Microsoft Agent Framework
r1-34-AUTHORIZATION-1-1-M3,agentdojo-workspace-UserTask13,AUTHORIZATION,1,M3,Microsoft Agent Framework
r1-34-AUTHORIZATION-1-2-M0,agentdojo-workspace-UserTask13,AUTHORIZATION,1,M0,Microsoft Agent Framework
r1-34-AUTHORIZATION-1-2-M1,agentdojo-workspace-UserTask13,AUTHORIZATION,1,M1,Microsoft Agent Framework
r1-34-AUTHORIZATION-1-2-M2,agentdojo-workspace-UserTask13,AUTHORIZATION,1,M2,Microsoft Agent Framework
r1-34-AUTHORIZATION-1-2-M3,agentdojo-workspace-UserTask13,AUTHORIZATION,1,M3,Microsoft Agent Framework
r1-34-PROVENANCE_HISTORY-0-0-M0,agentdojo-workspace-UserTask13,PROVENANCE_HISTORY,0,M0,Microsoft Agent Framework
r1-34-PROVENANCE_HISTORY-0-0-M1,agentdojo-workspace-UserTask13,PROVENANCE_HISTORY,0,M1,Microsoft Agent Framework
r1-34-PROVENANCE_HISTORY-0-0-M2,agentdojo-workspace-UserTask13,PROVENANCE_HISTORY,0,M2,Microsoft Agent Framework
r1-34-PROVENANCE_HISTORY-0-0-M3,agentdojo-workspace-UserTask13,PROVENANCE_HISTORY,0,M3,Microsoft Agent Framework
r1-34-PROVENANCE_HISTORY-0-1-M0,agentdojo-workspace-UserTask13,PROVENANCE_HISTORY,0,M0,Microsoft Agent Framework
r1-34-PROVENANCE_HISTORY-0-1-M1,agentdojo-workspace-UserTask13,PROVENANCE_HISTORY,0,M1,Microsoft Agent Framework
r1-34-PROVENANCE_HISTORY-0-1-M2,agentdojo-workspace-UserTask13,PROVENANCE_HISTORY,0,M2,Microsoft Agent Framework
r1-34-PROVENANCE_HISTORY-0-1-M3,agentdojo-workspace-UserTask13,PROVENANCE_HISTORY,0,M3,Microsoft Agent Framework
r1-34-PROVENANCE_HISTORY-0-2-M0,agentdojo-workspace-UserTask13,PROVENANCE_HISTORY,0,M0,Microsoft Agent Framework
r1-34-PROVENANCE_HISTORY-0-2-M1,agentdojo-workspace-UserTask13,PROVENANCE_HISTORY,0,M1,Microsoft Agent Framework
r1-34-PROVENANCE_HISTORY-0-2-M2,agentdojo-workspace-UserTask13,PROVENANCE_HISTORY,0,M2,Microsoft Agent Framework
r1-34-PROVENANCE_HISTORY-0-2-M3,agentdojo-workspace-UserTask13,PROVENANCE_HISTORY,0,M3,Microsoft Agent Framework
r1-34-PROVENANCE_HISTORY-1-0-M0,agentdojo-workspace-UserTask13,PROVENANCE_HISTORY,1,M0,Microsoft Agent Framework
r1-34-PROVENANCE_HISTORY-1-0-M1,agentdojo-workspace-UserTask13,PROVENANCE_HISTORY,1,M1,Microsoft Agent Framework
r1-34-PROVENANCE_HISTORY-1-0-M2,agentdojo-workspace-UserTask13,PROVENANCE_HISTORY,1,M2,Microsoft Agent Framework
r1-34-PROVENANCE_HISTORY-1-0-M3,agentdojo-workspace-UserTask13,PROVENANCE_HISTORY,1,M3,Microsoft Agent Framework
r1-34-PROVENANCE_HISTORY-1-1-M0,agentdojo-workspace-UserTask13,PROVENANCE_HISTORY,1,M0,Microsoft Agent Framework
r1-34-PROVENANCE_HISTORY-1-1-M1,agentdojo-workspace-UserTask13,PROVENANCE_HISTORY,1,M1,Microsoft Agent Framework
r1-34-PROVENANCE_HISTORY-1-1-M2,agentdojo-workspace-UserTask13,PROVENANCE_HISTORY,1,M2,Microsoft Agent Framework
r1-34-PROVENANCE_HISTORY-1-1-M3,agentdojo-workspace-UserTask13,PROVENANCE_HISTORY,1,M3,Microsoft Agent Framework
r1-34-PROVENANCE_HISTORY-1-2-M0,agentdojo-workspace-UserTask13,PROVENANCE_HISTORY,1,M0,Microsoft Agent Framework
r1-34-PROVENANCE_HISTORY-1-2-M1,agentdojo-workspace-UserTask13,PROVENANCE_HISTORY,1,M1,Microsoft Agent Framework
r1-34-PROVENANCE_HISTORY-1-2-M2,agentdojo-workspace-UserTask13,PROVENANCE_HISTORY,1,M2,Microsoft Agent Framework
r1-34-PROVENANCE_HISTORY-1-2-M3,agentdojo-workspace-UserTask13,PROVENANCE_HISTORY,1,M3,Microsoft Agent Framework
r1-35-AUTHORIZATION-0-0-M0,agentdojo-slack-UserTask1,AUTHORIZATION,0,M0,Microsoft Agent Framework
r1-35-AUTHORIZATION-0-0-M1,agentdojo-slack-UserTask1,AUTHORIZATION,0,M1,Microsoft Agent Framework
r1-35-AUTHORIZATION-0-0-M2,agentdojo-slack-UserTask1,AUTHORIZATION,0,M2,Microsoft Agent Framework
r1-35-AUTHORIZATION-0-0-M3,agentdojo-slack-UserTask1,AUTHORIZATION,0,M3,Microsoft Agent Framework
r1-35-AUTHORIZATION-0-1-M0,agentdojo-slack-UserTask1,AUTHORIZATION,0,M0,Microsoft Agent Framework
r1-35-AUTHORIZATION-0-1-M1,agentdojo-slack-UserTask1,AUTHORIZATION,0,M1,Microsoft Agent Framework
r1-35-AUTHORIZATION-0-1-M2,agentdojo-slack-UserTask1,AUTHORIZATION,0,M2,Microsoft Agent Framework
r1-35-AUTHORIZATION-0-1-M3,agentdojo-slack-UserTask1,AUTHORIZATION,0,M3,Microsoft Agent Framework
r1-35-AUTHORIZATION-0-2-M0,agentdojo-slack-UserTask1,AUTHORIZATION,0,M0,Microsoft Agent Framework
r1-35-AUTHORIZATION-0-2-M1,agentdojo-slack-UserTask1,AUTHORIZATION,0,M1,Microsoft Agent Framework
r1-35-AUTHORIZATION-0-2-M2,agentdojo-slack-UserTask1,AUTHORIZATION,0,M2,Microsoft Agent Framework
r1-35-AUTHORIZATION-0-2-M3,agentdojo-slack-UserTask1,AUTHORIZATION,0,M3,Microsoft Agent Framework
r1-35-AUTHORIZATION-1-0-M0,agentdojo-slack-UserTask1,AUTHORIZATION,1,M0,Microsoft Agent Framework
r1-35-AUTHORIZATION-1-0-M1,agentdojo-slack-UserTask1,AUTHORIZATION,1,M1,Microsoft Agent Framework
r1-35-AUTHORIZATION-1-0-M2,agentdojo-slack-UserTask1,AUTHORIZATION,1,M2,Microsoft Agent Framework
r1-35-AUTHORIZATION-1-0-M3,agentdojo-slack-UserTask1,AUTHORIZATION,1,M3,Microsoft Agent Framework
r1-35-AUTHORIZATION-1-1-M0,agentdojo-slack-UserTask1,AUTHORIZATION,1,M0,Microsoft Agent Framework
r1-35-AUTHORIZATION-1-1-M1,agentdojo-slack-UserTask1,AUTHORIZATION,1,M1,Microsoft Agent Framework
r1-35-AUTHORIZATION-1-1-M2,agentdojo-slack-UserTask1,AUTHORIZATION,1,M2,Microsoft Agent Framework
r1-35-AUTHORIZATION-1-1-M3,agentdojo-slack-UserTask1,AUTHORIZATION,1,M3,Microsoft Agent Framework
r1-35-AUTHORIZATION-1-2-M0,agentdojo-slack-UserTask1,AUTHORIZATION,1,M0,Microsoft Agent Framework
r1-35-AUTHORIZATION-1-2-M1,agentdojo-slack-UserTask1,AUTHORIZATION,1,M1,Microsoft Agent Framework
r1-35-AUTHORIZATION-1-2-M2,agentdojo-slack-UserTask1,AUTHORIZATION,1,M2,Microsoft Agent Framework
r1-35-AUTHORIZATION-1-2-M3,agentdojo-slack-UserTask1,AUTHORIZATION,1,M3,Microsoft Agent Framework
r1-35-PROVENANCE_HISTORY-0-0-M0,agentdojo-slack-UserTask1,PROVENANCE_HISTORY,0,M0,Microsoft Agent Framework
r1-35-PROVENANCE_HISTORY-0-0-M1,agentdojo-slack-UserTask1,PROVENANCE_HISTORY,0,M1,Microsoft Agent Framework
r1-35-PROVENANCE_HISTORY-0-0-M2,agentdojo-slack-UserTask1,PROVENANCE_HISTORY,0,M2,Microsoft Agent Framework
r1-35-PROVENANCE_HISTORY-0-0-M3,agentdojo-slack-UserTask1,PROVENANCE_HISTORY,0,M3,Microsoft Agent Framework
r1-35-PROVENANCE_HISTORY-0-1-M0,agentdojo-slack-UserTask1,PROVENANCE_HISTORY,0,M0,Microsoft Agent Framework
r1-35-PROVENANCE_HISTORY-0-1-M1,agentdojo-slack-UserTask1,PROVENANCE_HISTORY,0,M1,Microsoft Agent Framework
r1-35-PROVENANCE_HISTORY-0-1-M2,agentdojo-slack-UserTask1,PROVENANCE_HISTORY,0,M2,Microsoft Agent Framework
r1-35-PROVENANCE_HISTORY-0-1-M3,agentdojo-slack-UserTask1,PROVENANCE_HISTORY,0,M3,Microsoft Agent Framework
r1-35-PROVENANCE_HISTORY-0-2-M0,agentdojo-slack-UserTask1,PROVENANCE_HISTORY,0,M0,Microsoft Agent Framework
r1-35-PROVENANCE_HISTORY-0-2-M1,agentdojo-slack-UserTask1,PROVENANCE_HISTORY,0,M1,Microsoft Agent Framework
r1-35-PROVENANCE_HISTORY-0-2-M2,agentdojo-slack-UserTask1,PROVENANCE_HISTORY,0,M2,Microsoft Agent Framework
r1-35-PROVENANCE_HISTORY-0-2-M3,agentdojo-slack-UserTask1,PROVENANCE_HISTORY,0,M3,Microsoft Agent Framework
r1-35-PROVENANCE_HISTORY-1-0-M0,agentdojo-slack-UserTask1,PROVENANCE_HISTORY,1,M0,Microsoft Agent Framework
r1-35-PROVENANCE_HISTORY-1-0-M1,agentdojo-slack-UserTask1,PROVENANCE_HISTORY,1,M1,Microsoft Agent Framework
r1-35-PROVENANCE_HISTORY-1-0-M2,agentdojo-slack-UserTask1,PROVENANCE_HISTORY,1,M2,Microsoft Agent Framework
r1-35-PROVENANCE_HISTORY-1-0-M3,agentdojo-slack-UserTask1,PROVENANCE_HISTORY,1,M3,Microsoft Agent Framework
r1-35-PROVENANCE_HISTORY-1-1-M0,agentdojo-slack-UserTask1,PROVENANCE_HISTORY,1,M0,Microsoft Agent Framework
r1-35-PROVENANCE_HISTORY-1-1-M1,agentdojo-slack-UserTask1,PROVENANCE_HISTORY,1,M1,Microsoft Agent Framework
r1-35-PROVENANCE_HISTORY-1-1-M2,agentdojo-slack-UserTask1,PROVENANCE_HISTORY,1,M2,Microsoft Agent Framework
r1-35-PROVENANCE_HISTORY-1-1-M3,agentdojo-slack-UserTask1,PROVENANCE_HISTORY,1,M3,Microsoft Agent Framework
r1-35-PROVENANCE_HISTORY-1-2-M0,agentdojo-slack-UserTask1,PROVENANCE_HISTORY,1,M0,Microsoft Agent Framework
r1-35-PROVENANCE_HISTORY-1-2-M1,agentdojo-slack-UserTask1,PROVENANCE_HISTORY,1,M1,Microsoft Agent Framework
r1-35-PROVENANCE_HISTORY-1-2-M2,agentdojo-slack-UserTask1,PROVENANCE_HISTORY,1,M2,Microsoft Agent Framework
r1-35-PROVENANCE_HISTORY-1-2-M3,agentdojo-slack-UserTask1,PROVENANCE_HISTORY,1,M3,Microsoft Agent Framework
r1-36-AUTHORIZATION-0-0-M0,agentdojo-slack-UserTask3,AUTHORIZATION,0,M0,Microsoft Agent Framework
r1-36-AUTHORIZATION-0-0-M1,agentdojo-slack-UserTask3,AUTHORIZATION,0,M1,Microsoft Agent Framework
r1-36-AUTHORIZATION-0-0-M2,agentdojo-slack-UserTask3,AUTHORIZATION,0,M2,Microsoft Agent Framework
r1-36-AUTHORIZATION-0-0-M3,agentdojo-slack-UserTask3,AUTHORIZATION,0,M3,Microsoft Agent Framework
r1-36-AUTHORIZATION-0-1-M0,agentdojo-slack-UserTask3,AUTHORIZATION,0,M0,Microsoft Agent Framework
r1-36-AUTHORIZATION-0-1-M1,agentdojo-slack-UserTask3,AUTHORIZATION,0,M1,Microsoft Agent Framework
r1-36-AUTHORIZATION-0-1-M2,agentdojo-slack-UserTask3,AUTHORIZATION,0,M2,Microsoft Agent Framework
r1-36-AUTHORIZATION-0-1-M3,agentdojo-slack-UserTask3,AUTHORIZATION,0,M3,Microsoft Agent Framework
r1-36-AUTHORIZATION-0-2-M0,agentdojo-slack-UserTask3,AUTHORIZATION,0,M0,Microsoft Agent Framework
r1-36-AUTHORIZATION-0-2-M1,agentdojo-slack-UserTask3,AUTHORIZATION,0,M1,Microsoft Agent Framework
r1-36-AUTHORIZATION-0-2-M2,agentdojo-slack-UserTask3,AUTHORIZATION,0,M2,Microsoft Agent Framework
r1-36-AUTHORIZATION-0-2-M3,agentdojo-slack-UserTask3,AUTHORIZATION,0,M3,Microsoft Agent Framework
r1-36-AUTHORIZATION-1-0-M0,agentdojo-slack-UserTask3,AUTHORIZATION,1,M0,Microsoft Agent Framework
r1-36-AUTHORIZATION-1-0-M1,agentdojo-slack-UserTask3,AUTHORIZATION,1,M1,Microsoft Agent Framework
r1-36-AUTHORIZATION-1-0-M2,agentdojo-slack-UserTask3,AUTHORIZATION,1,M2,Microsoft Agent Framework
r1-36-AUTHORIZATION-1-0-M3,agentdojo-slack-UserTask3,AUTHORIZATION,1,M3,Microsoft Agent Framework
r1-36-AUTHORIZATION-1-1-M0,agentdojo-slack-UserTask3,AUTHORIZATION,1,M0,Microsoft Agent Framework
r1-36-AUTHORIZATION-1-1-M1,agentdojo-slack-UserTask3,AUTHORIZATION,1,M1,Microsoft Agent Framework
r1-36-AUTHORIZATION-1-1-M2,agentdojo-slack-UserTask3,AUTHORIZATION,1,M2,Microsoft Agent Framework
r1-36-AUTHORIZATION-1-1-M3,agentdojo-slack-UserTask3,AUTHORIZATION,1,M3,Microsoft Agent Framework
r1-36-AUTHORIZATION-1-2-M0,agentdojo-slack-UserTask3,AUTHORIZATION,1,M0,Microsoft Agent Framework
r1-36-AUTHORIZATION-1-2-M1,agentdojo-slack-UserTask3,AUTHORIZATION,1,M1,Microsoft Agent Framework
r1-36-AUTHORIZATION-1-2-M2,agentdojo-slack-UserTask3,AUTHORIZATION,1,M2,Microsoft Agent Framework
r1-36-AUTHORIZATION-1-2-M3,agentdojo-slack-UserTask3,AUTHORIZATION,1,M3,Microsoft Agent Framework
r1-36-PROVENANCE_HISTORY-0-0-M0,agentdojo-slack-UserTask3,PROVENANCE_HISTORY,0,M0,Microsoft Agent Framework
r1-36-PROVENANCE_HISTORY-0-0-M1,agentdojo-slack-UserTask3,PROVENANCE_HISTORY,0,M1,Microsoft Agent Framework
r1-36-PROVENANCE_HISTORY-0-0-M2,agentdojo-slack-UserTask3,PROVENANCE_HISTORY,0,M2,Microsoft Agent Framework
r1-36-PROVENANCE_HISTORY-0-0-M3,agentdojo-slack-UserTask3,PROVENANCE_HISTORY,0,M3,Microsoft Agent Framework
r1-36-PROVENANCE_HISTORY-0-1-M0,agentdojo-slack-UserTask3,PROVENANCE_HISTORY,0,M0,Microsoft Agent Framework
r1-36-PROVENANCE_HISTORY-0-1-M1,agentdojo-slack-UserTask3,PROVENANCE_HISTORY,0,M1,Microsoft Agent Framework
r1-36-PROVENANCE_HISTORY-0-1-M2,agentdojo-slack-UserTask3,PROVENANCE_HISTORY,0,M2,Microsoft Agent Framework
r1-36-PROVENANCE_HISTORY-0-1-M3,agentdojo-slack-UserTask3,PROVENANCE_HISTORY,0,M3,Microsoft Agent Framework
r1-36-PROVENANCE_HISTORY-0-2-M0,agentdojo-slack-UserTask3,PROVENANCE_HISTORY,0,M0,Microsoft Agent Framework
r1-36-PROVENANCE_HISTORY-0-2-M1,agentdojo-slack-UserTask3,PROVENANCE_HISTORY,0,M1,Microsoft Agent Framework
r1-36-PROVENANCE_HISTORY-0-2-M2,agentdojo-slack-UserTask3,PROVENANCE_HISTORY,0,M2,Microsoft Agent Framework
r1-36-PROVENANCE_HISTORY-0-2-M3,agentdojo-slack-UserTask3,PROVENANCE_HISTORY,0,M3,Microsoft Agent Framework
r1-36-PROVENANCE_HISTORY-1-0-M0,agentdojo-slack-UserTask3,PROVENANCE_HISTORY,1,M0,Microsoft Agent Framework
r1-36-PROVENANCE_HISTORY-1-0-M1,agentdojo-slack-UserTask3,PROVENANCE_HISTORY,1,M1,Microsoft Agent Framework
r1-36-PROVENANCE_HISTORY-1-0-M2,agentdojo-slack-UserTask3,PROVENANCE_HISTORY,1,M2,Microsoft Agent Framework
r1-36-PROVENANCE_HISTORY-1-0-M3,agentdojo-slack-UserTask3,PROVENANCE_HISTORY,1,M3,Microsoft Agent Framework
r1-36-PROVENANCE_HISTORY-1-1-M0,agentdojo-slack-UserTask3,PROVENANCE_HISTORY,1,M0,Microsoft Agent Framework
r1-36-PROVENANCE_HISTORY-1-1-M1,agentdojo-slack-UserTask3,PROVENANCE_HISTORY,1,M1,Microsoft Agent Framework
r1-36-PROVENANCE_HISTORY-1-1-M2,agentdojo-slack-UserTask3,PROVENANCE_HISTORY,1,M2,Microsoft Agent Framework
r1-36-PROVENANCE_HISTORY-1-1-M3,agentdojo-slack-UserTask3,PROVENANCE_HISTORY,1,M3,Microsoft Agent Framework
r1-36-PROVENANCE_HISTORY-1-2-M0,agentdojo-slack-UserTask3,PROVENANCE_HISTORY,1,M0,Microsoft Agent Framework
r1-36-PROVENANCE_HISTORY-1-2-M1,agentdojo-slack-UserTask3,PROVENANCE_HISTORY,1,M1,Microsoft Agent Framework
r1-36-PROVENANCE_HISTORY-1-2-M2,agentdojo-slack-UserTask3,PROVENANCE_HISTORY,1,M2,Microsoft Agent Framework
r1-36-PROVENANCE_HISTORY-1-2-M3,agentdojo-slack-UserTask3,PROVENANCE_HISTORY,1,M3,Microsoft Agent Framework
r1-37-AUTHORIZATION-0-0-M0,agentdojo-slack-UserTask5,AUTHORIZATION,0,M0,Microsoft Agent Framework
r1-37-AUTHORIZATION-0-0-M1,agentdojo-slack-UserTask5,AUTHORIZATION,0,M1,Microsoft Agent Framework
r1-37-AUTHORIZATION-0-0-M2,agentdojo-slack-UserTask5,AUTHORIZATION,0,M2,Microsoft Agent Framework
r1-37-AUTHORIZATION-0-0-M3,agentdojo-slack-UserTask5,AUTHORIZATION,0,M3,Microsoft Agent Framework
r1-37-AUTHORIZATION-0-1-M0,agentdojo-slack-UserTask5,AUTHORIZATION,0,M0,Microsoft Agent Framework
r1-37-AUTHORIZATION-0-1-M1,agentdojo-slack-UserTask5,AUTHORIZATION,0,M1,Microsoft Agent Framework
r1-37-AUTHORIZATION-0-1-M2,agentdojo-slack-UserTask5,AUTHORIZATION,0,M2,Microsoft Agent Framework
r1-37-AUTHORIZATION-0-1-M3,agentdojo-slack-UserTask5,AUTHORIZATION,0,M3,Microsoft Agent Framework
r1-37-AUTHORIZATION-0-2-M0,agentdojo-slack-UserTask5,AUTHORIZATION,0,M0,Microsoft Agent Framework
r1-37-AUTHORIZATION-0-2-M1,agentdojo-slack-UserTask5,AUTHORIZATION,0,M1,Microsoft Agent Framework
r1-37-AUTHORIZATION-0-2-M2,agentdojo-slack-UserTask5,AUTHORIZATION,0,M2,Microsoft Agent Framework
r1-37-AUTHORIZATION-0-2-M3,agentdojo-slack-UserTask5,AUTHORIZATION,0,M3,Microsoft Agent Framework
r1-37-AUTHORIZATION-1-0-M0,agentdojo-slack-UserTask5,AUTHORIZATION,1,M0,Microsoft Agent Framework
r1-37-AUTHORIZATION-1-0-M1,agentdojo-slack-UserTask5,AUTHORIZATION,1,M1,Microsoft Agent Framework
r1-37-AUTHORIZATION-1-0-M2,agentdojo-slack-UserTask5,AUTHORIZATION,1,M2,Microsoft Agent Framework
r1-37-AUTHORIZATION-1-0-M3,agentdojo-slack-UserTask5,AUTHORIZATION,1,M3,Microsoft Agent Framework
r1-37-AUTHORIZATION-1-1-M0,agentdojo-slack-UserTask5,AUTHORIZATION,1,M0,Microsoft Agent Framework
r1-37-AUTHORIZATION-1-1-M1,agentdojo-slack-UserTask5,AUTHORIZATION,1,M1,Microsoft Agent Framework
r1-37-AUTHORIZATION-1-1-M2,agentdojo-slack-UserTask5,AUTHORIZATION,1,M2,Microsoft Agent Framework
r1-37-AUTHORIZATION-1-1-M3,agentdojo-slack-UserTask5,AUTHORIZATION,1,M3,Microsoft Agent Framework
r1-37-AUTHORIZATION-1-2-M0,agentdojo-slack-UserTask5,AUTHORIZATION,1,M0,Microsoft Agent Framework
r1-37-AUTHORIZATION-1-2-M1,agentdojo-slack-UserTask5,AUTHORIZATION,1,M1,Microsoft Agent Framework
r1-37-AUTHORIZATION-1-2-M2,agentdojo-slack-UserTask5,AUTHORIZATION,1,M2,Microsoft Agent Framework
r1-37-AUTHORIZATION-1-2-M3,agentdojo-slack-UserTask5,AUTHORIZATION,1,M3,Microsoft Agent Framework
r1-37-PROVENANCE_HISTORY-0-0-M0,agentdojo-slack-UserTask5,PROVENANCE_HISTORY,0,M0,Microsoft Agent Framework
r1-37-PROVENANCE_HISTORY-0-0-M1,agentdojo-slack-UserTask5,PROVENANCE_HISTORY,0,M1,Microsoft Agent Framework
r1-37-PROVENANCE_HISTORY-0-0-M2,agentdojo-slack-UserTask5,PROVENANCE_HISTORY,0,M2,Microsoft Agent Framework
r1-37-PROVENANCE_HISTORY-0-0-M3,agentdojo-slack-UserTask5,PROVENANCE_HISTORY,0,M3,Microsoft Agent Framework
r1-37-PROVENANCE_HISTORY-0-1-M0,agentdojo-slack-UserTask5,PROVENANCE_HISTORY,0,M0,Microsoft Agent Framework
r1-37-PROVENANCE_HISTORY-0-1-M1,agentdojo-slack-UserTask5,PROVENANCE_HISTORY,0,M1,Microsoft Agent Framework
r1-37-PROVENANCE_HISTORY-0-1-M2,agentdojo-slack-UserTask5,PROVENANCE_HISTORY,0,M2,Microsoft Agent Framework
r1-37-PROVENANCE_HISTORY-0-1-M3,agentdojo-slack-UserTask5,PROVENANCE_HISTORY,0,M3,Microsoft Agent Framework
r1-37-PROVENANCE_HISTORY-0-2-M0,agentdojo-slack-UserTask5,PROVENANCE_HISTORY,0,M0,Microsoft Agent Framework
r1-37-PROVENANCE_HISTORY-0-2-M1,agentdojo-slack-UserTask5,PROVENANCE_HISTORY,0,M1,Microsoft Agent Framework
r1-37-PROVENANCE_HISTORY-0-2-M2,agentdojo-slack-UserTask5,PROVENANCE_HISTORY,0,M2,Microsoft Agent Framework
r1-37-PROVENANCE_HISTORY-0-2-M3,agentdojo-slack-UserTask5,PROVENANCE_HISTORY,0,M3,Microsoft Agent Framework
r1-37-PROVENANCE_HISTORY-1-0-M0,agentdojo-slack-UserTask5,PROVENANCE_HISTORY,1,M0,Microsoft Agent Framework
r1-37-PROVENANCE_HISTORY-1-0-M1,agentdojo-slack-UserTask5,PROVENANCE_HISTORY,1,M1,Microsoft Agent Framework
r1-37-PROVENANCE_HISTORY-1-0-M2,agentdojo-slack-UserTask5,PROVENANCE_HISTORY,1,M2,Microsoft Agent Framework
r1-37-PROVENANCE_HISTORY-1-0-M3,agentdojo-slack-UserTask5,PROVENANCE_HISTORY,1,M3,Microsoft Agent Framework
r1-37-PROVENANCE_HISTORY-1-1-M0,agentdojo-slack-UserTask5,PROVENANCE_HISTORY,1,M0,Microsoft Agent Framework
r1-37-PROVENANCE_HISTORY-1-1-M1,agentdojo-slack-UserTask5,PROVENANCE_HISTORY,1,M1,Microsoft Agent Framework
r1-37-PROVENANCE_HISTORY-1-1-M2,agentdojo-slack-UserTask5,PROVENANCE_HISTORY,1,M2,Microsoft Agent Framework
r1-37-PROVENANCE_HISTORY-1-1-M3,agentdojo-slack-UserTask5,PROVENANCE_HISTORY,1,M3,Microsoft Agent Framework
r1-37-PROVENANCE_HISTORY-1-2-M0,agentdojo-slack-UserTask5,PROVENANCE_HISTORY,1,M0,Microsoft Agent Framework
r1-37-PROVENANCE_HISTORY-1-2-M1,agentdojo-slack-UserTask5,PROVENANCE_HISTORY,1,M1,Microsoft Agent Framework
r1-37-PROVENANCE_HISTORY-1-2-M2,agentdojo-slack-UserTask5,PROVENANCE_HISTORY,1,M2,Microsoft Agent Framework
r1-37-PROVENANCE_HISTORY-1-2-M3,agentdojo-slack-UserTask5,PROVENANCE_HISTORY,1,M3,Microsoft Agent Framework
r1-38-AUTHORIZATION-0-0-M0,agentdojo-slack-UserTask6,AUTHORIZATION,0,M0,Microsoft Agent Framework
r1-38-AUTHORIZATION-0-0-M1,agentdojo-slack-UserTask6,AUTHORIZATION,0,M1,Microsoft Agent Framework
r1-38-AUTHORIZATION-0-0-M2,agentdojo-slack-UserTask6,AUTHORIZATION,0,M2,Microsoft Agent Framework
r1-38-AUTHORIZATION-0-0-M3,agentdojo-slack-UserTask6,AUTHORIZATION,0,M3,Microsoft Agent Framework
r1-38-AUTHORIZATION-0-1-M0,agentdojo-slack-UserTask6,AUTHORIZATION,0,M0,Microsoft Agent Framework
r1-38-AUTHORIZATION-0-1-M1,agentdojo-slack-UserTask6,AUTHORIZATION,0,M1,Microsoft Agent Framework
r1-38-AUTHORIZATION-0-1-M2,agentdojo-slack-UserTask6,AUTHORIZATION,0,M2,Microsoft Agent Framework
r1-38-AUTHORIZATION-0-1-M3,agentdojo-slack-UserTask6,AUTHORIZATION,0,M3,Microsoft Agent Framework
r1-38-AUTHORIZATION-0-2-M0,agentdojo-slack-UserTask6,AUTHORIZATION,0,M0,Microsoft Agent Framework
r1-38-AUTHORIZATION-0-2-M1,agentdojo-slack-UserTask6,AUTHORIZATION,0,M1,Microsoft Agent Framework
r1-38-AUTHORIZATION-0-2-M2,agentdojo-slack-UserTask6,AUTHORIZATION,0,M2,Microsoft Agent Framework
r1-38-AUTHORIZATION-0-2-M3,agentdojo-slack-UserTask6,AUTHORIZATION,0,M3,Microsoft Agent Framework
r1-38-AUTHORIZATION-1-0-M0,agentdojo-slack-UserTask6,AUTHORIZATION,1,M0,Microsoft Agent Framework
r1-38-AUTHORIZATION-1-0-M1,agentdojo-slack-UserTask6,AUTHORIZATION,1,M1,Microsoft Agent Framework
r1-38-AUTHORIZATION-1-0-M2,agentdojo-slack-UserTask6,AUTHORIZATION,1,M2,Microsoft Agent Framework
r1-38-AUTHORIZATION-1-0-M3,agentdojo-slack-UserTask6,AUTHORIZATION,1,M3,Microsoft Agent Framework
r1-38-AUTHORIZATION-1-1-M0,agentdojo-slack-UserTask6,AUTHORIZATION,1,M0,Microsoft Agent Framework
r1-38-AUTHORIZATION-1-1-M1,agentdojo-slack-UserTask6,AUTHORIZATION,1,M1,Microsoft Agent Framework
r1-38-AUTHORIZATION-1-1-M2,agentdojo-slack-UserTask6,AUTHORIZATION,1,M2,Microsoft Agent Framework
r1-38-AUTHORIZATION-1-1-M3,agentdojo-slack-UserTask6,AUTHORIZATION,1,M3,Microsoft Agent Framework
r1-38-AUTHORIZATION-1-2-M0,agentdojo-slack-UserTask6,AUTHORIZATION,1,M0,Microsoft Agent Framework
r1-38-AUTHORIZATION-1-2-M1,agentdojo-slack-UserTask6,AUTHORIZATION,1,M1,Microsoft Agent Framework
r1-38-AUTHORIZATION-1-2-M2,agentdojo-slack-UserTask6,AUTHORIZATION,1,M2,Microsoft Agent Framework
r1-38-AUTHORIZATION-1-2-M3,agentdojo-slack-UserTask6,AUTHORIZATION,1,M3,Microsoft Agent Framework
r1-38-PROVENANCE_HISTORY-0-0-M0,agentdojo-slack-UserTask6,PROVENANCE_HISTORY,0,M0,Microsoft Agent Framework
r1-38-PROVENANCE_HISTORY-0-0-M1,agentdojo-slack-UserTask6,PROVENANCE_HISTORY,0,M1,Microsoft Agent Framework
r1-38-PROVENANCE_HISTORY-0-0-M2,agentdojo-slack-UserTask6,PROVENANCE_HISTORY,0,M2,Microsoft Agent Framework
r1-38-PROVENANCE_HISTORY-0-0-M3,agentdojo-slack-UserTask6,PROVENANCE_HISTORY,0,M3,Microsoft Agent Framework
r1-38-PROVENANCE_HISTORY-0-1-M0,agentdojo-slack-UserTask6,PROVENANCE_HISTORY,0,M0,Microsoft Agent Framework
r1-38-PROVENANCE_HISTORY-0-1-M1,agentdojo-slack-UserTask6,PROVENANCE_HISTORY,0,M1,Microsoft Agent Framework
r1-38-PROVENANCE_HISTORY-0-1-M2,agentdojo-slack-UserTask6,PROVENANCE_HISTORY,0,M2,Microsoft Agent Framework
r1-38-PROVENANCE_HISTORY-0-1-M3,agentdojo-slack-UserTask6,PROVENANCE_HISTORY,0,M3,Microsoft Agent Framework
r1-38-PROVENANCE_HISTORY-0-2-M0,agentdojo-slack-UserTask6,PROVENANCE_HISTORY,0,M0,Microsoft Agent Framework
r1-38-PROVENANCE_HISTORY-0-2-M1,agentdojo-slack-UserTask6,PROVENANCE_HISTORY,0,M1,Microsoft Agent Framework
r1-38-PROVENANCE_HISTORY-0-2-M2,agentdojo-slack-UserTask6,PROVENANCE_HISTORY,0,M2,Microsoft Agent Framework
r1-38-PROVENANCE_HISTORY-0-2-M3,agentdojo-slack-UserTask6,PROVENANCE_HISTORY,0,M3,Microsoft Agent Framework
r1-38-PROVENANCE_HISTORY-1-0-M0,agentdojo-slack-UserTask6,PROVENANCE_HISTORY,1,M0,Microsoft Agent Framework
r1-38-PROVENANCE_HISTORY-1-0-M1,agentdojo-slack-UserTask6,PROVENANCE_HISTORY,1,M1,Microsoft Agent Framework
r1-38-PROVENANCE_HISTORY-1-0-M2,agentdojo-slack-UserTask6,PROVENANCE_HISTORY,1,M2,Microsoft Agent Framework
r1-38-PROVENANCE_HISTORY-1-0-M3,agentdojo-slack-UserTask6,PROVENANCE_HISTORY,1,M3,Microsoft Agent Framework
r1-38-PROVENANCE_HISTORY-1-1-M0,agentdojo-slack-UserTask6,PROVENANCE_HISTORY,1,M0,Microsoft Agent Framework
r1-38-PROVENANCE_HISTORY-1-1-M1,agentdojo-slack-UserTask6,PROVENANCE_HISTORY,1,M1,Microsoft Agent Framework
r1-38-PROVENANCE_HISTORY-1-1-M2,agentdojo-slack-UserTask6,PROVENANCE_HISTORY,1,M2,Microsoft Agent Framework
r1-38-PROVENANCE_HISTORY-1-1-M3,agentdojo-slack-UserTask6,PROVENANCE_HISTORY,1,M3,Microsoft Agent Framework
r1-38-PROVENANCE_HISTORY-1-2-M0,agentdojo-slack-UserTask6,PROVENANCE_HISTORY,1,M0,Microsoft Agent Framework
r1-38-PROVENANCE_HISTORY-1-2-M1,agentdojo-slack-UserTask6,PROVENANCE_HISTORY,1,M1,Microsoft Agent Framework
r1-38-PROVENANCE_HISTORY-1-2-M2,agentdojo-slack-UserTask6,PROVENANCE_HISTORY,1,M2,Microsoft Agent Framework
r1-38-PROVENANCE_HISTORY-1-2-M3,agentdojo-slack-UserTask6,PROVENANCE_HISTORY,1,M3,Microsoft Agent Framework
r1-39-AUTHORIZATION-0-0-M0,agentdojo-slack-UserTask7,AUTHORIZATION,0,M0,Microsoft Agent Framework
r1-39-AUTHORIZATION-0-0-M1,agentdojo-slack-UserTask7,AUTHORIZATION,0,M1,Microsoft Agent Framework
r1-39-AUTHORIZATION-0-0-M2,agentdojo-slack-UserTask7,AUTHORIZATION,0,M2,Microsoft Agent Framework
r1-39-AUTHORIZATION-0-0-M3,agentdojo-slack-UserTask7,AUTHORIZATION,0,M3,Microsoft Agent Framework
r1-39-AUTHORIZATION-0-1-M0,agentdojo-slack-UserTask7,AUTHORIZATION,0,M0,Microsoft Agent Framework
r1-39-AUTHORIZATION-0-1-M1,agentdojo-slack-UserTask7,AUTHORIZATION,0,M1,Microsoft Agent Framework
r1-39-AUTHORIZATION-0-1-M2,agentdojo-slack-UserTask7,AUTHORIZATION,0,M2,Microsoft Agent Framework
r1-39-AUTHORIZATION-0-1-M3,agentdojo-slack-UserTask7,AUTHORIZATION,0,M3,Microsoft Agent Framework
r1-39-AUTHORIZATION-0-2-M0,agentdojo-slack-UserTask7,AUTHORIZATION,0,M0,Microsoft Agent Framework
r1-39-AUTHORIZATION-0-2-M1,agentdojo-slack-UserTask7,AUTHORIZATION,0,M1,Microsoft Agent Framework
r1-39-AUTHORIZATION-0-2-M2,agentdojo-slack-UserTask7,AUTHORIZATION,0,M2,Microsoft Agent Framework
r1-39-AUTHORIZATION-0-2-M3,agentdojo-slack-UserTask7,AUTHORIZATION,0,M3,Microsoft Agent Framework
r1-39-AUTHORIZATION-1-0-M0,agentdojo-slack-UserTask7,AUTHORIZATION,1,M0,Microsoft Agent Framework
r1-39-AUTHORIZATION-1-0-M1,agentdojo-slack-UserTask7,AUTHORIZATION,1,M1,Microsoft Agent Framework
r1-39-AUTHORIZATION-1-0-M2,agentdojo-slack-UserTask7,AUTHORIZATION,1,M2,Microsoft Agent Framework
r1-39-AUTHORIZATION-1-0-M3,agentdojo-slack-UserTask7,AUTHORIZATION,1,M3,Microsoft Agent Framework
r1-39-AUTHORIZATION-1-1-M0,agentdojo-slack-UserTask7,AUTHORIZATION,1,M0,Microsoft Agent Framework
r1-39-AUTHORIZATION-1-1-M1,agentdojo-slack-UserTask7,AUTHORIZATION,1,M1,Microsoft Agent Framework
r1-39-AUTHORIZATION-1-1-M2,agentdojo-slack-UserTask7,AUTHORIZATION,1,M2,Microsoft Agent Framework
r1-39-AUTHORIZATION-1-1-M3,agentdojo-slack-UserTask7,AUTHORIZATION,1,M3,Microsoft Agent Framework
r1-39-AUTHORIZATION-1-2-M0,agentdojo-slack-UserTask7,AUTHORIZATION,1,M0,Microsoft Agent Framework
r1-39-AUTHORIZATION-1-2-M1,agentdojo-slack-UserTask7,AUTHORIZATION,1,M1,Microsoft Agent Framework
r1-39-AUTHORIZATION-1-2-M2,agentdojo-slack-UserTask7,AUTHORIZATION,1,M2,Microsoft Agent Framework
r1-39-AUTHORIZATION-1-2-M3,agentdojo-slack-UserTask7,AUTHORIZATION,1,M3,Microsoft Agent Framework
r1-39-PROVENANCE_HISTORY-0-0-M0,agentdojo-slack-UserTask7,PROVENANCE_HISTORY,0,M0,Microsoft Agent Framework
r1-39-PROVENANCE_HISTORY-0-0-M1,agentdojo-slack-UserTask7,PROVENANCE_HISTORY,0,M1,Microsoft Agent Framework
r1-39-PROVENANCE_HISTORY-0-0-M2,agentdojo-slack-UserTask7,PROVENANCE_HISTORY,0,M2,Microsoft Agent Framework
r1-39-PROVENANCE_HISTORY-0-0-M3,agentdojo-slack-UserTask7,PROVENANCE_HISTORY,0,M3,Microsoft Agent Framework
r1-39-PROVENANCE_HISTORY-0-1-M0,agentdojo-slack-UserTask7,PROVENANCE_HISTORY,0,M0,Microsoft Agent Framework
r1-39-PROVENANCE_HISTORY-0-1-M1,agentdojo-slack-UserTask7,PROVENANCE_HISTORY,0,M1,Microsoft Agent Framework
r1-39-PROVENANCE_HISTORY-0-1-M2,agentdojo-slack-UserTask7,PROVENANCE_HISTORY,0,M2,Microsoft Agent Framework
r1-39-PROVENANCE_HISTORY-0-1-M3,agentdojo-slack-UserTask7,PROVENANCE_HISTORY,0,M3,Microsoft Agent Framework
r1-39-PROVENANCE_HISTORY-0-2-M0,agentdojo-slack-UserTask7,PROVENANCE_HISTORY,0,M0,Microsoft Agent Framework
r1-39-PROVENANCE_HISTORY-0-2-M1,agentdojo-slack-UserTask7,PROVENANCE_HISTORY,0,M1,Microsoft Agent Framework
r1-39-PROVENANCE_HISTORY-0-2-M2,agentdojo-slack-UserTask7,PROVENANCE_HISTORY,0,M2,Microsoft Agent Framework
r1-39-PROVENANCE_HISTORY-0-2-M3,agentdojo-slack-UserTask7,PROVENANCE_HISTORY,0,M3,Microsoft Agent Framework
r1-39-PROVENANCE_HISTORY-1-0-M0,agentdojo-slack-UserTask7,PROVENANCE_HISTORY,1,M0,Microsoft Agent Framework
r1-39-PROVENANCE_HISTORY-1-0-M1,agentdojo-slack-UserTask7,PROVENANCE_HISTORY,1,M1,Microsoft Agent Framework
r1-39-PROVENANCE_HISTORY-1-0-M2,agentdojo-slack-UserTask7,PROVENANCE_HISTORY,1,M2,Microsoft Agent Framework
r1-39-PROVENANCE_HISTORY-1-0-M3,agentdojo-slack-UserTask7,PROVENANCE_HISTORY,1,M3,Microsoft Agent Framework
r1-39-PROVENANCE_HISTORY-1-1-M0,agentdojo-slack-UserTask7,PROVENANCE_HISTORY,1,M0,Microsoft Agent Framework
r1-39-PROVENANCE_HISTORY-1-1-M1,agentdojo-slack-UserTask7,PROVENANCE_HISTORY,1,M1,Microsoft Agent Framework
r1-39-PROVENANCE_HISTORY-1-1-M2,agentdojo-slack-UserTask7,PROVENANCE_HISTORY,1,M2,Microsoft Agent Framework
r1-39-PROVENANCE_HISTORY-1-1-M3,agentdojo-slack-UserTask7,PROVENANCE_HISTORY,1,M3,Microsoft Agent Framework
r1-39-PROVENANCE_HISTORY-1-2-M0,agentdojo-slack-UserTask7,PROVENANCE_HISTORY,1,M0,Microsoft Agent Framework
r1-39-PROVENANCE_HISTORY-1-2-M1,agentdojo-slack-UserTask7,PROVENANCE_HISTORY,1,M1,Microsoft Agent Framework
r1-39-PROVENANCE_HISTORY-1-2-M2,agentdojo-slack-UserTask7,PROVENANCE_HISTORY,1,M2,Microsoft Agent Framework
r1-39-PROVENANCE_HISTORY-1-2-M3,agentdojo-slack-UserTask7,PROVENANCE_HISTORY,1,M3,Microsoft Agent Framework
