run_id,seed,pair,variant,host_event_count,mediation_invocations,interruption_count,effect_count,final_output,native_elapsed_us,oram_accesses,dummy_fraction,structural_signature
s0-p0-v0-b0,0,0,B0-NATURAL,3,1,0,1,completed,7350.8,0,0.0,"[[1,""RUNTIME_BOUNDARY"",""MEDIATION_INVOCATION"",0,0],[2,""RUNTIME_BOUNDARY"",""PUBLIC_EFFECT_COMMIT"",0,0],[3,""RUNTIME_BOUNDARY"",""SANITIZED_RESULT"",0,0]]"
s0-p0-v0-b1,0,0,B0-NATURAL,6,2,1,1,completed,3838.8,0,0.0,"[[1,""RUNTIME_BOUNDARY"",""MEDIATION_INVOCATION"",0,0],[2,""RUNTIME_BOUNDARY"",""APPROVAL_INTERRUPTION"",0,0],[3,""RUNTIME_BOUNDARY"",""LOCAL_APPROVAL_DECISION"",0,0],[4,""RUNTIME_BOUNDARY"",""MEDIATION_INVOCATION"",0,0],[5,""RUNTIME_BOUNDARY"",""PUBLIC_EFFECT_COMMIT"",0,0],[6,""RUNTIME_BOUNDARY"",""SANITIZED_RESULT"",0,0]]"
s0-p1-v0-b0,0,1,B0-NATURAL,3,1,0,1,completed,2117.4,0,0.0,"[[1,""RUNTIME_BOUNDARY"",""MEDIATION_INVOCATION"",0,0],[2,""RUNTIME_BOUNDARY"",""PUBLIC_EFFECT_COMMIT"",0,0],[3,""RUNTIME_BOUNDARY"",""SANITIZED_RESULT"",0,0]]"
s0-p1-v0-b1,0,1,B0-NATURAL,6,2,1,1,completed,3271.4,0,0.0,"[[1,""RUNTIME_BOUNDARY"",""MEDIATION_INVOCATION"",0,0],[2,""RUNTIME_BOUNDARY"",""APPROVAL_INTERRUPTION"",0,0],[3,""RUNTIME_BOUNDARY"",""LOCAL_APPROVAL_DECISION"",0,0],[4,""RUNTIME_BOUNDARY"",""MEDIATION_INVOCATION"",0,0],[5,""RUNTIME_BOUNDARY"",""PUBLIC_EFFECT_COMMIT"",0,0],[6,""RUNTIME_BOUNDARY"",""SANITIZED_RESULT"",0,0]]"
s0-p2-v0-b0,0,2,B0-NATURAL,3,1,0,1,completed,2169.4,0,0.0,"[[1,""RUNTIME_BOUNDARY"",""MEDIATION_INVOCATION"",0,0],[2,""RUNTIME_BOUNDARY"",""PUBLIC_EFFECT_COMMIT"",0,0],[3,""RUNTIME_BOUNDARY"",""SANITIZED_RESULT"",0,0]]"
s0-p2-v0-b1,0,2,B0-NATURAL,6,2,1,1,completed,3252.0,0,0.0,"[[1,""RUNTIME_BOUNDARY"",""MEDIATION_INVOCATION"",0,0],[2,""RUNTIME_BOUNDARY"",""APPROVAL_INTERRUPTION"",0,0],[3,""RUNTIME_BOUNDARY"",""LOCAL_APPROVAL_DECISION"",0,0],[4,""RUNTIME_BOUNDARY"",""MEDIATION_INVOCATION"",0,0],[5,""RUNTIME_BOUNDARY"",""PUBLIC_EFFECT_COMMIT"",0,0],[6,""RUNTIME_BOUNDARY"",""SANITIZED_RESULT"",0,0]]"
s0-p3-v0-b0,0,3,B0-NATURAL,3,1,0,1,completed,2090.0,0,0.0,"[[1,""RUNTIME_BOUNDARY"",""MEDIATION_INVOCATION"",0,0],[2,""RUNTIME_BOUNDARY"",""PUBLIC_EFFECT_COMMIT"",0,0],[3,""RUNTIME_BOUNDARY"",""SANITIZED_RESULT"",0,0]]"
s0-p3-v0-b1,0,3,B0-NATURAL,6,2,1,1,completed,3258.8,0,0.0,"[[1,""RUNTIME_BOUNDARY"",""MEDIATION_INVOCATION"",0,0],[2,""RUNTIME_BOUNDARY"",""APPROVAL_INTERRUPTION"",0,0],[3,""RUNTIME_BOUNDARY"",""LOCAL_APPROVAL_DECISION"",0,0],[4,""RUNTIME_BOUNDARY"",""MEDIATION_INVOCATION"",0,0],[5,""RUNTIME_BOUNDARY"",""PUBLIC_EFFECT_COMMIT"",0,0],[6,""RUNTIME_BOUNDARY"",""SANITIZED_RESULT"",0,0]]"
s0-p4-v0-b0,0,4,B0-NATURAL,3,1,0,1,completed,2146.8,0,0.0,"[[1,""RUNTIME_BOUNDARY"",""MEDIATION_INVOCATION"",0,0],[2,""RUNTIME_BOUNDARY"",""PUBLIC_EFFECT_COMMIT"",0,0],[3,""RUNTIME_BOUNDARY"",""SANITIZED_RESULT"",0,0]]"
s0-p4-v0-b1,0,4,B0-NATURAL,6,2,1,1,completed,3475.3,0,0.0,"[[1,""RUNTIME_BOUNDARY"",""MEDIATION_INVOCATION"",0,0],[2,""RUNTIME_BOUNDARY"",""APPROVAL_INTERRUPTION"",0,0],[3,""RUNTIME_BOUNDARY"",""LOCAL_APPROVAL_DECISION"",0,0],[4,""RUNTIME_BOUNDARY"",""MEDIATION_INVOCATION"",0,0],[5,""RUNTIME_BOUNDARY"",""PUBLIC_EFFECT_COMMIT"",0,0],[6,""RUNTIME_BOUNDARY"",""SANITIZED_RESULT"",0,0]]"
s0-p5-v0-b0,0,5,B0-NATURAL,3,1,0,1,completed,2032.2,0,0.0,"[[1,""RUNTIME_BOUNDARY"",""MEDIATION_INVOCATION"",0,0],[2,""RUNTIME_BOUNDARY"",""PUBLIC_EFFECT_COMMIT"",0,0],[3,""RUNTIME_BOUNDARY"",""SANITIZED_RESULT"",0,0]]"
s0-p5-v0-b1,0,5,B0-NATURAL,6,2,1,1,completed,3250.4,0,0.0,"[[1,""RUNTIME_BOUNDARY"",""MEDIATION_INVOCATION"",0,0],[2,""RUNTIME_BOUNDARY"",""APPROVAL_INTERRUPTION"",0,0],[3,""RUNTIME_BOUNDARY"",""LOCAL_APPROVAL_DECISION"",0,0],[4,""RUNTIME_BOUNDARY"",""MEDIATION_INVOCATION"",0,0],[5,""RUNTIME_BOUNDARY"",""PUBLIC_EFFECT_COMMIT"",0,0],[6,""RUNTIME_BOUNDARY"",""SANITIZED_RESULT"",0,0]]"
s0-p6-v0-b0,0,6,B0-NATURAL,3,1,0,1,completed,2070.0,0,0.0,"[[1,""RUNTIME_BOUNDARY"",""MEDIATION_INVOCATION"",0,0],[2,""RUNTIME_BOUNDARY"",""PUBLIC_EFFECT_COMMIT"",0,0],[3,""RUNTIME_BOUNDARY"",""SANITIZED_RESULT"",0,0]]"
s0-p6-v0-b1,0,6,B0-NATURAL,6,2,1,1,completed,3267.2,0,0.0,"[[1,""RUNTIME_BOUNDARY"",""MEDIATION_INVOCATION"",0,0],[2,""RUNTIME_BOUNDARY"",""APPROVAL_INTERRUPTION"",0,0],[3,""RUNTIME_BOUNDARY"",""LOCAL_APPROVAL_DECISION"",0,0],[4,""RUNTIME_BOUNDARY"",""MEDIATION_INVOCATION"",0,0],[5,""RUNTIME_BOUNDARY"",""PUBLIC_EFFECT_COMMIT"",0,0],[6,""RUNTIME_BOUNDARY"",""SANITIZED_RESULT"",0,0]]"
s0-p7-v0-b0,0,7,B0-NATURAL,3,1,0,1,completed,2004.0,0,0.0,"[[1,""RUNTIME_BOUNDARY"",""MEDIATION_INVOCATION"",0,0],[2,""RUNTIME_BOUNDARY"",""PUBLIC_EFFECT_COMMIT"",0,0],[3,""RUNTIME_BOUNDARY"",""SANITIZED_RESULT"",0,0]]"
s0-p7-v0-b1,0,7,B0-NATURAL,6,2,1,1,completed,3300.6,0,0.0,"[[1,""RUNTIME_BOUNDARY"",""MEDIATION_INVOCATION"",0,0],[2,""RUNTIME_BOUNDARY"",""APPROVAL_INTERRUPTION"",0,0],[3,""RUNTIME_BOUNDARY"",""LOCAL_APPROVAL_DECISION"",0,0],[4,""RUNTIME_BOUNDARY"",""MEDIATION_INVOCATION"",0,0],[5,""RUNTIME_BOUNDARY"",""PUBLIC_EFFECT_COMMIT"",0,0],[6,""RUNTIME_BOUNDARY"",""SANITIZED_RESULT"",0,0]]"
s0-p8-v0-b0,0,8,B0-NATURAL,3,1,0,1,completed,2074.1,0,0.0,"[[1,""RUNTIME_BOUNDARY"",""MEDIATION_INVOCATION"",0,0],[2,""RUNTIME_BOUNDARY"",""PUBLIC_EFFECT_COMMIT"",0,0],[3,""RUNTIME_BOUNDARY"",""SANITIZED_RESULT"",0,0]]"
s0-p8-v0-b1,0,8,B0-NATURAL,6,2,1,1,completed,3422.8,0,0.0,"[[1,""RUNTIME_BOUNDARY"",""MEDIATION_INVOCATION"",0,0],[2,""RUNTIME_BOUNDARY"",""APPROVAL_INTERRUPTION"",0,0],[3,""RUNTIME_BOUNDARY"",""LOCAL_APPROVAL_DECISION"",0,0],[4,""RUNTIME_BOUNDARY"",""MEDIATION_INVOCATION"",0,0],[5,""RUNTIME_BOUNDARY"",""PUBLIC_EFFECT_COMMIT"",0,0],[6,""RUNTIME_BOUNDARY"",""SANITIZED_RESULT"",0,0]]"
s0-p9-v0-b0,0,9,B0-NATURAL,3,1,0,1,completed,2000.4,0,0.0,"[[1,""RUNTIME_BOUNDARY"",""MEDIATION_INVOCATION"",0,0],[2,""RUNTIME_BOUNDARY"",""PUBLIC_EFFECT_COMMIT"",0,0],[3,""RUNTIME_BOUNDARY"",""SANITIZED_RESULT"",0,0]]"
s0-p9-v0-b1,0,9,B0-NATURAL,6,2,1,1,completed,3269.1,0,0.0,"[[1,""RUNTIME_BOUNDARY"",""MEDIATION_INVOCATION"",0,0],[2,""RUNTIME_BOUNDARY"",""APPROVAL_INTERRUPTION"",0,0],[3,""RUNTIME_BOUNDARY"",""LOCAL_APPROVAL_DECISION"",0,0],[4,""RUNTIME_BOUNDARY"",""MEDIATION_INVOCATION"",0,0],[5,""RUNTIME_BOUNDARY"",""PUBLIC_EFFECT_COMMIT"",0,0],[6,""RUNTIME_BOUNDARY"",""SANITIZED_RESULT"",0,0]]"
s0-p10-v0-b0,0,10,B0-NATURAL,3,1,0,1,completed,1985.6,0,0.0,"[[1,""RUNTIME_BOUNDARY"",""MEDIATION_INVOCATION"",0,0],[2,""RUNTIME_BOUNDARY"",""PUBLIC_EFFECT_COMMIT"",0,0],[3,""RUNTIME_BOUNDARY"",""SANITIZED_RESULT"",0,0]]"
s0-p10-v0-b1,0,10,B0-NATURAL,6,2,1,1,completed,3211.1,0,0.0,"[[1,""RUNTIME_BOUNDARY"",""MEDIATION_INVOCATION"",0,0],[2,""RUNTIME_BOUNDARY"",""APPROVAL_INTERRUPTION"",0,0],[3,""RUNTIME_BOUNDARY"",""LOCAL_APPROVAL_DECISION"",0,0],[4,""RUNTIME_BOUNDARY"",""MEDIATION_INVOCATION"",0,0],[5,""RUNTIME_BOUNDARY"",""PUBLIC_EFFECT_COMMIT"",0,0],[6,""RUNTIME_BOUNDARY"",""SANITIZED_RESULT"",0,0]]"
s0-p11-v0-b0,0,11,B0-NATURAL,3,1,0,1,completed,1975.7,0,0.0,"[[1,""RUNTIME_BOUNDARY"",""MEDIATION_INVOCATION"",0,0],[2,""RUNTIME_BOUNDARY"",""PUBLIC_EFFECT_COMMIT"",0,0],[3,""RUNTIME_BOUNDARY"",""SANITIZED_RESULT"",0,0]]"
s0-p11-v0-b1,0,11,B0-NATURAL,6,2,1,1,completed,3131.7,0,0.0,"[[1,""RUNTIME_BOUNDARY"",""MEDIATION_INVOCATION"",0,0],[2,""RUNTIME_BOUNDARY"",""APPROVAL_INTERRUPTION"",0,0],[3,""RUNTIME_BOUNDARY"",""LOCAL_APPROVAL_DECISION"",0,0],[4,""RUNTIME_BOUNDARY"",""MEDIATION_INVOCATION"",0,0],[5,""RUNTIME_BOUNDARY"",""PUBLIC_EFFECT_COMMIT"",0,0],[6,""RUNTIME_BOUNDARY"",""SANITIZED_RESULT"",0,0]]"
s0-p12-v0-b0,0,12,B0-NATURAL,3,1,0,1,completed,2007.2,0,0.0,"[[1,""RUNTIME_BOUNDARY"",""MEDIATION_INVOCATION"",0,0],[2,""RUNTIME_BOUNDARY"",""PUBLIC_EFFECT_COMMIT"",0,0],[3,""RUNTIME_BOUNDARY"",""SANITIZED_RESULT"",0,0]]"
s0-p12-v0-b1,0,12,B0-NATURAL,6,2,1,1,completed,4709.7,0,0.0,"[[1,""RUNTIME_BOUNDARY"",""MEDIATION_INVOCATION"",0,0],[2,""RUNTIME_BOUNDARY"",""APPROVAL_INTERRUPTION"",0,0],[3,""RUNTIME_BOUNDARY"",""LOCAL_APPROVAL_DECISION"",0,0],[4,""RUNTIME_BOUNDARY"",""MEDIATION_INVOCATION"",0,0],[5,""RUNTIME_BOUNDARY"",""PUBLIC_EFFECT_COMMIT"",0,0],[6,""RUNTIME_BOUNDARY"",""SANITIZED_RESULT"",0,0]]"
s0-p13-v0-b0,0,13,B0-NATURAL,3,1,0,1,completed,1985.9,0,0.0,"[[1,""RUNTIME_BOUNDARY"",""MEDIATION_INVOCATION"",0,0],[2,""RUNTIME_BOUNDARY"",""PUBLIC_EFFECT_COMMIT"",0,0],[3,""RUNTIME_BOUNDARY"",""SANITIZED_RESULT"",0,0]]"
s0-p13-v0-b1,0,13,B0-NATURAL,6,2,1,1,completed,3162.6,0,0.0,"[[1,""RUNTIME_BOUNDARY"",""MEDIATION_INVOCATION"",0,0],[2,""RUNTIME_BOUNDARY"",""APPROVAL_INTERRUPTION"",0,0],[3,""RUNTIME_BOUNDARY"",""LOCAL_APPROVAL_DECISION"",0,0],[4,""RUNTIME_BOUNDARY"",""MEDIATION_INVOCATION"",0,0],[5,""RUNTIME_BOUNDARY"",""PUBLIC_EFFECT_COMMIT"",0,0],[6,""RUNTIME_BOUNDARY"",""SANITIZED_RESULT"",0,0]]"
s0-p14-v0-b0,0,14,B0-NATURAL,3,1,0,1,completed,1978.9,0,0.0,"[[1,""RUNTIME_BOUNDARY"",""MEDIATION_INVOCATION"",0,0],[2,""RUNTIME_BOUNDARY"",""PUBLIC_EFFECT_COMMIT"",0,0],[3,""RUNTIME_BOUNDARY"",""SANITIZED_RESULT"",0,0]]"
s0-p14-v0-b1,0,14,B0-NATURAL,6,2,1,1,completed,3098.1,0,0.0,"[[1,""RUNTIME_BOUNDARY"",""MEDIATION_INVOCATION"",0,0],[2,""RUNTIME_BOUNDARY"",""APPROVAL_INTERRUPTION"",0,0],[3,""RUNTIME_BOUNDARY"",""LOCAL_APPROVAL_DECISION"",0,0],[4,""RUNTIME_BOUNDARY"",""MEDIATION_INVOCATION"",0,0],[5,""RUNTIME_BOUNDARY"",""PUBLIC_EFFECT_COMMIT"",0,0],[6,""RUNTIME_BOUNDARY"",""SANITIZED_RESULT"",0,0]]"
s0-p15-v0-b0,0,15,B0-NATURAL,3,1,0,1,completed,2000.4,0,0.0,"[[1,""RUNTIME_BOUNDARY"",""MEDIATION_INVOCATION"",0,0],[2,""RUNTIME_BOUNDARY"",""PUBLIC_EFFECT_COMMIT"",0,0],[3,""RUNTIME_BOUNDARY"",""SANITIZED_RESULT"",0,0]]"
s0-p15-v0-b1,0,15,B0-NATURAL,6,2,1,1,completed,3217.0,0,0.0,"[[1,""RUNTIME_BOUNDARY"",""MEDIATION_INVOCATION"",0,0],[2,""RUNTIME_BOUNDARY"",""APPROVAL_INTERRUPTION"",0,0],[3,""RUNTIME_BOUNDARY"",""LOCAL_APPROVAL_DECISION"",0,0],[4,""RUNTIME_BOUNDARY"",""MEDIATION_INVOCATION"",0,0],[5,""RUNTIME_BOUNDARY"",""PUBLIC_EFFECT_COMMIT"",0,0],[6,""RUNTIME_BOUNDARY"",""SANITIZED_RESULT"",0,0]]"
s0-p16-v0-b0,0,16,B0-NATURAL,3,1,0,1,completed,1998.2,0,0.0,"[[1,""RUNTIME_BOUNDARY"",""MEDIATION_INVOCATION"",0,0],[2,""RUNTIME_BOUNDARY"",""PUBLIC_EFFECT_COMMIT"",0,0],[3,""RUNTIME_BOUNDARY"",""SANITIZED_RESULT"",0,0]]"
s0-p16-v0-b1,0,16,B0-NATURAL,6,2,1,1,completed,3351.6,0,0.0,"[[1,""RUNTIME_BOUNDARY"",""MEDIATION_INVOCATION"",0,0],[2,""RUNTIME_BOUNDARY"",""APPROVAL_INTERRUPTION"",0,0],[3,""RUNTIME_BOUNDARY"",""LOCAL_APPROVAL_DECISION"",0,0],[4,""RUNTIME_BOUNDARY"",""MEDIATION_INVOCATION"",0,0],[5,""RUNTIME_BOUNDARY"",""PUBLIC_EFFECT_COMMIT"",0,0],[6,""RUNTIME_BOUNDARY"",""SANITIZED_RESULT"",0,0]]"
s0-p17-v0-b0,0,17,B0-NATURAL,3,1,0,1,completed,1963.2,0,0.0,"[[1,""RUNTIME_BOUNDARY"",""MEDIATION_INVOCATION"",0,0],[2,""RUNTIME_BOUNDARY"",""PUBLIC_EFFECT_COMMIT"",0,0],[3,""RUNTIME_BOUNDARY"",""SANITIZED_RESULT"",0,0]]"
s0-p17-v0-b1,0,17,B0-NATURAL,6,2,1,1,completed,3287.3,0,0.0,"[[1,""RUNTIME_BOUNDARY"",""MEDIATION_INVOCATION"",0,0],[2,""RUNTIME_BOUNDARY"",""APPROVAL_INTERRUPTION"",0,0],[3,""RUNTIME_BOUNDARY"",""LOCAL_APPROVAL_DECISION"",0,0],[4,""RUNTIME_BOUNDARY"",""MEDIATION_INVOCATION"",0,0],[5,""RUNTIME_BOUNDARY"",""PUBLIC_EFFECT_COMMIT"",0,0],[6,""RUNTIME_BOUNDARY"",""SANITIZED_RESULT"",0,0]]"
s0-p18-v0-b0,0,18,B0-NATURAL,3,1,0,1,completed,2025.6,0,0.0,"[[1,""RUNTIME_BOUNDARY"",""MEDIATION_INVOCATION"",0,0],[2,""RUNTIME_BOUNDARY"",""PUBLIC_EFFECT_COMMIT"",0,0],[3,""RUNTIME_BOUNDARY"",""SANITIZED_RESULT"",0,0]]"
s0-p18-v0-b1,0,18,B0-NATURAL,6,2,1,1,completed,3222.6,0,0.0,"[[1,""RUNTIME_BOUNDARY"",""MEDIATION_INVOCATION"",0,0],[2,""RUNTIME_BOUNDARY"",""APPROVAL_INTERRUPTION"",0,0],[3,""RUNTIME_BOUNDARY"",""LOCAL_APPROVAL_DECISION"",0,0],[4,""RUNTIME_BOUNDARY"",""MEDIATION_INVOCATION"",0,0],[5,""RUNTIME_BOUNDARY"",""PUBLIC_EFFECT_COMMIT"",0,0],[6,""RUNTIME_BOUNDARY"",""SANITIZED_RESULT"",0,0]]"
s0-p19-v0-b0,0,19,B0-NATURAL,3,1,0,1,completed,2023.6,0,0.0,"[[1,""RUNTIME_BOUNDARY"",""MEDIATION_INVOCATION"",0,0],[2,""RUNTIME_BOUNDARY"",""PUBLIC_EFFECT_COMMIT"",0,0],[3,""RUNTIME_BOUNDARY"",""SANITIZED_RESULT"",0,0]]"
s0-p19-v0-b1,0,19,B0-NATURAL,6,2,1,1,completed,3279.5,0,0.0,"[[1,""RUNTIME_BOUNDARY"",""MEDIATION_INVOCATION"",0,0],[2,""RUNTIME_BOUNDARY"",""APPROVAL_INTERRUPTION"",0,0],[3,""RUNTIME_BOUNDARY"",""LOCAL_APPROVAL_DECISION"",0,0],[4,""RUNTIME_BOUNDARY"",""MEDIATION_INVOCATION"",0,0],[5,""RUNTIME_BOUNDARY"",""PUBLIC_EFFECT_COMMIT"",0,0],[6,""RUNTIME_BOUNDARY"",""SANITIZED_RESULT"",0,0]]"
s0-p0-v1-b0,0,0,B1-PER-ACTION-OBLIVIOUS,4,1,0,1,completed,2017.6,3,0.0,"[[1,""PRIVATE_STATE_ORAM"",""ORAM_ACCESS"",451,444],[1,""PRIVATE_STATE_ORAM"",""ORAM_ACCESS"",451,444],[1,""PRIVATE_STATE_ORAM"",""ORAM_ACCESS"",451,444],[1,""MESSAGE_TOOL"",""PUBLIC_EFFECT"",451,444]]"
s0-p0-v1-b1,0,0,B1-PER-ACTION-OBLIVIOUS,7,2,1,1,completed,3407.4,6,0.0,"[[1,""PRIVATE_STATE_ORAM"",""ORAM_ACCESS"",451,444],[1,""PRIVATE_STATE_ORAM"",""ORAM_ACCESS"",451,444],[1,""PRIVATE_STATE_ORAM"",""ORAM_ACCESS"",451,444],[2,""PRIVATE_STATE_ORAM"",""ORAM_ACCESS"",451,444],[2,""PRIVATE_STATE_ORAM"",""ORAM_ACCESS"",451,444],[2,""PRIVATE_STATE_ORAM"",""ORAM_ACCESS"",451,444],[2,""MESSAGE_TOOL"",""PUBLIC_EFFECT"",451,444]]"
s0-p1-v1-b0,0,1,B1-PER-ACTION-OBLIVIOUS,4,1,0,1,completed,2186.6,3,0.0,"[[1,""PRIVATE_STATE_ORAM"",""ORAM_ACCESS"",451,444],[1,""PRIVATE_STATE_ORAM"",""ORAM_ACCESS"",451,444],[1,""PRIVATE_STATE_ORAM"",""ORAM_ACCESS"",451,444],[1,""MESSAGE_TOOL"",""PUBLIC_EFFECT"",451,444]]"
s0-p1-v1-b1,0,1,B1-PER-ACTION-OBLIVIOUS,7,2,1,1,completed,3200.6,6,0.0,"[[1,""PRIVATE_STATE_ORAM"",""ORAM_ACCESS"",451,444],[1,""PRIVATE_STATE_ORAM"",""ORAM_ACCESS"",451,444],[1,""PRIVATE_STATE_ORAM"",""ORAM_ACCESS"",451,444],[2,""PRIVATE_STATE_ORAM"",""ORAM_ACCESS"",451,444],[2,""PRIVATE_STATE_ORAM"",""ORAM_ACCESS"",451,444],[2,""PRIVATE_STATE_ORAM"",""ORAM_ACCESS"",451,444],[2,""MESSAGE_TOOL"",""PUBLIC_EFFECT"",451,444]]"
s0-p2-v1-b0,0,2,B1-PER-ACTION-OBLIVIOUS,4,1,0,1,completed,2009.1,3,0.0,"[[1,""PRIVATE_STATE_ORAM"",""ORAM_ACCESS"",451,444],[1,""PRIVATE_STATE_ORAM"",""ORAM_ACCESS"",451,444],[1,""PRIVATE_STATE_ORAM"",""ORAM_ACCESS"",451,444],[1,""MESSAGE_TOOL"",""PUBLIC_EFFECT"",451,444]]"
s0-p2-v1-b1,0,2,B1-PER-ACTION-OBLIVIOUS,7,2,1,1,completed,3181.4,6,0.0,"[[1,""PRIVATE_STATE_ORAM"",""ORAM_ACCESS"",451,444],[1,""PRIVATE_STATE_ORAM"",""ORAM_ACCESS"",451,444],[1,""PRIVATE_STATE_ORAM"",""ORAM_ACCESS"",451,444],[2,""PRIVATE_STATE_ORAM"",""ORAM_ACCESS"",451,444],[2,""PRIVATE_STATE_ORAM"",""ORAM_ACCESS"",451,444],[2,""PRIVATE_STATE_ORAM"",""ORAM_ACCESS"",451,444],[2,""MESSAGE_TOOL"",""PUBLIC_EFFECT"",451,444]]"
s0-p3-v1-b0,0,3,B1-PER-ACTION-OBLIVIOUS,4,1,0,1,completed,1994.2,3,0.0,"[[1,""PRIVATE_STATE_ORAM"",""ORAM_ACCESS"",451,444],[1,""PRIVATE_STATE_ORAM"",""ORAM_ACCESS"",451,444],[1,""PRIVATE_STATE_ORAM"",""ORAM_ACCESS"",451,444],[1,""MESSAGE_TOOL"",""PUBLIC_EFFECT"",451,444]]"
s0-p3-v1-b1,0,3,B1-PER-ACTION-OBLIVIOUS,7,2,1,1,completed,3146.4,6,0.0,"[[1,""PRIVATE_STATE_ORAM"",""ORAM_ACCESS"",451,444],[1,""PRIVATE_STATE_ORAM"",""ORAM_ACCESS"",451,444],[1,""PRIVATE_STATE_ORAM"",""ORAM_ACCESS"",451,444],[2,""PRIVATE_STATE_ORAM"",""ORAM_ACCESS"",451,444],[2,""PRIVATE_STATE_ORAM"",""ORAM_ACCESS"",451,444],[2,""PRIVATE_STATE_ORAM"",""ORAM_ACCESS"",451,444],[2,""MESSAGE_TOOL"",""PUBLIC_EFFECT"",451,444]]"
s0-p4-v1-b0,0,4,B1-PER-ACTION-OBLIVIOUS,4,1,0,1,completed,1971.5,3,0.0,"[[1,""PRIVATE_STATE_ORAM"",""ORAM_ACCESS"",451,444],[1,""PRIVATE_STATE_ORAM"",""ORAM_ACCESS"",451,444],[1,""PRIVATE_STATE_ORAM"",""ORAM_ACCESS"",451,444],[1,""MESSAGE_TOOL"",""PUBLIC_EFFECT"",451,444]]"
s0-p4-v1-b1,0,4,B1-PER-ACTION-OBLIVIOUS,7,2,1,1,completed,3349.0,6,0.0,"[[1,""PRIVATE_STATE_ORAM"",""ORAM_ACCESS"",451,444],[1,""PRIVATE_STATE_ORAM"",""ORAM_ACCESS"",451,444],[1,""PRIVATE_STATE_ORAM"",""ORAM_ACCESS"",451,444],[2,""PRIVATE_STATE_ORAM"",""ORAM_ACCESS"",451,444],[2,""PRIVATE_STATE_ORAM"",""ORAM_ACCESS"",451,444],[2,""PRIVATE_STATE_ORAM"",""ORAM_ACCESS"",451,444],[2,""MESSAGE_TOOL"",""PUBLIC_EFFECT"",451,444]]"
s0-p5-v1-b0,0,5,B1-PER-ACTION-OBLIVIOUS,4,1,0,1,completed,2056.5,3,0.0,"[[1,""PRIVATE_STATE_ORAM"",""ORAM_ACCESS"",451,444],[1,""PRIVATE_STATE_ORAM"",""ORAM_ACCESS"",451,444],[1,""PRIVATE_STATE_ORAM"",""ORAM_ACCESS"",451,444],[1,""MESSAGE_TOOL"",""PUBLIC_EFFECT"",451,444]]"
s0-p5-v1-b1,0,5,B1-PER-ACTION-OBLIVIOUS,7,2,1,1,completed,3159.6,6,0.0,"[[1,""PRIVATE_STATE_ORAM"",""ORAM_ACCESS"",451,444],[1,""PRIVATE_STATE_ORAM"",""ORAM_ACCESS"",451,444],[1,""PRIVATE_STATE_ORAM"",""ORAM_ACCESS"",451,444],[2,""PRIVATE_STATE_ORAM"",""ORAM_ACCESS"",451,444],[2,""PRIVATE_STATE_ORAM"",""ORAM_ACCESS"",451,444],[2,""PRIVATE_STATE_ORAM"",""ORAM_ACCESS"",451,444],[2,""MESSAGE_TOOL"",""PUBLIC_EFFECT"",451,444]]"
s0-p6-v1-b0,0,6,B1-PER-ACTION-OBLIVIOUS,4,1,0,1,completed,1959.0,3,0.0,"[[1,""PRIVATE_STATE_ORAM"",""ORAM_ACCESS"",451,444],[1,""PRIVATE_STATE_ORAM"",""ORAM_ACCESS"",451,444],[1,""PRIVATE_STATE_ORAM"",""ORAM_ACCESS"",451,444],[1,""MESSAGE_TOOL"",""PUBLIC_EFFECT"",451,444]]"
s0-p6-v1-b1,0,6,B1-PER-ACTION-OBLIVIOUS,7,2,1,1,completed,3527.9,6,0.0,"[[1,""PRIVATE_STATE_ORAM"",""ORAM_ACCESS"",451,444],[1,""PRIVATE_STATE_ORAM"",""ORAM_ACCESS"",451,444],[1,""PRIVATE_STATE_ORAM"",""ORAM_ACCESS"",451,444],[2,""PRIVATE_STATE_ORAM"",""ORAM_ACCESS"",451,444],[2,""PRIVATE_STATE_ORAM"",""ORAM_ACCESS"",451,444],[2,""PRIVATE_STATE_ORAM"",""ORAM_ACCESS"",451,444],[2,""MESSAGE_TOOL"",""PUBLIC_EFFECT"",451,444]]"
s0-p7-v1-b0,0,7,B1-PER-ACTION-OBLIVIOUS,4,1,0,1,completed,2159.9,3,0.0,"[[1,""PRIVATE_STATE_ORAM"",""ORAM_ACCESS"",451,444],[1,""PRIVATE_STATE_ORAM"",""ORAM_ACCESS"",451,444],[1,""PRIVATE_STATE_ORAM"",""ORAM_ACCESS"",451,444],[1,""MESSAGE_TOOL"",""PUBLIC_EFFECT"",451,444]]"
s0-p7-v1-b1,0,7,B1-PER-ACTION-OBLIVIOUS,7,2,1,1,completed,3300.1,6,0.0,"[[1,""PRIVATE_STATE_ORAM"",""ORAM_ACCESS"",451,444],[1,""PRIVATE_STATE_ORAM"",""ORAM_ACCESS"",451,444],[1,""PRIVATE_STATE_ORAM"",""ORAM_ACCESS"",451,444],[2,""PRIVATE_STATE_ORAM"",""ORAM_ACCESS"",451,444],[2,""PRIVATE_STATE_ORAM"",""ORAM_ACCESS"",451,444],[2,""PRIVATE_STATE_ORAM"",""ORAM_ACCESS"",451,444],[2,""MESSAGE_TOOL"",""PUBLIC_EFFECT"",451,444]]"
s0-p8-v1-b0,0,8,B1-PER-ACTION-OBLIVIOUS,4,1,0,1,completed,2161.9,3,0.0,"[[1,""PRIVATE_STATE_ORAM"",""ORAM_ACCESS"",451,444],[1,""PRIVATE_STATE_ORAM"",""ORAM_ACCESS"",451,444],[1,""PRIVATE_STATE_ORAM"",""ORAM_ACCESS"",451,444],[1,""MESSAGE_TOOL"",""PUBLIC_EFFECT"",451,444]]"
s0-p8-v1-b1,0,8,B1-PER-ACTION-OBLIVIOUS,7,2,1,1,completed,3576.0,6,0.0,"[[1,""PRIVATE_STATE_ORAM"",""ORAM_ACCESS"",451,444],[1,""PRIVATE_STATE_ORAM"",""ORAM_ACCESS"",451,444],[1,""PRIVATE_STATE_ORAM"",""ORAM_ACCESS"",451,444],[2,""PRIVATE_STATE_ORAM"",""ORAM_ACCESS"",451,444],[2,""PRIVATE_STATE_ORAM"",""ORAM_ACCESS"",451,444],[2,""PRIVATE_STATE_ORAM"",""ORAM_ACCESS"",451,444],[2,""MESSAGE_TOOL"",""PUBLIC_EFFECT"",451,444]]"
s0-p9-v1-b0,0,9,B1-PER-ACTION-OBLIVIOUS,4,1,0,1,completed,2070.7,3,0.0,"[[1,""PRIVATE_STATE_ORAM"",""ORAM_ACCESS"",451,444],[1,""PRIVATE_STATE_ORAM"",""ORAM_ACCESS"",451,444],[1,""PRIVATE_STATE_ORAM"",""ORAM_ACCESS"",451,444],[1,""MESSAGE_TOOL"",""PUBLIC_EFFECT"",451,444]]"
s0-p9-v1-b1,0,9,B1-PER-ACTION-OBLIVIOUS,7,2,1,1,completed,3183.9,6,0.0,"[[1,""PRIVATE_STATE_ORAM"",""ORAM_ACCESS"",451,444],[1,""PRIVATE_STATE_ORAM"",""ORAM_ACCESS"",451,444],[1,""PRIVATE_STATE_ORAM"",""ORAM_ACCESS"",451,444],[2,""PRIVATE_STATE_ORAM"",""ORAM_ACCESS"",451,444],[2,""PRIVATE_STATE_ORAM"",""ORAM_ACCESS"",451,444],[2,""PRIVATE_STATE_ORAM"",""ORAM_ACCESS"",451,444],[2,""MESSAGE_TOOL"",""PUBLIC_EFFECT"",451,444]]"
s0-p10-v1-b0,0,10,B1-PER-ACTION-OBLIVIOUS,4,1,0,1,completed,2072.8,3,0.0,"[[1,""PRIVATE_STATE_ORAM"",""ORAM_ACCESS"",451,444],[1,""PRIVATE_STATE_ORAM"",""ORAM_ACCESS"",451,444],[1,""PRIVATE_STATE_ORAM"",""ORAM_ACCESS"",451,444],[1,""MESSAGE_TOOL"",""PUBLIC_EFFECT"",451,444]]"
s0-p10-v1-b1,0,10,B1-PER-ACTION-OBLIVIOUS,7,2,1,1,completed,3448.1,6,0.0,"[[1,""PRIVATE_STATE_ORAM"",""ORAM_ACCESS"",451,444],[1,""PRIVATE_STATE_ORAM"",""ORAM_ACCESS"",451,444],[1,""PRIVATE_STATE_ORAM"",""ORAM_ACCESS"",451,444],[2,""PRIVATE_STATE_ORAM"",""ORAM_ACCESS"",451,444],[2,""PRIVATE_STATE_ORAM"",""ORAM_ACCESS"",451,444],[2,""PRIVATE_STATE_ORAM"",""ORAM_ACCESS"",451,444],[2,""MESSAGE_TOOL"",""PUBLIC_EFFECT"",451,444]]"
s0-p11-v1-b0,0,11,B1-PER-ACTION-OBLIVIOUS,4,1,0,1,completed,2050.1,3,0.0,"[[1,""PRIVATE_STATE_ORAM"",""ORAM_ACCESS"",451,444],[1,""PRIVATE_STATE_ORAM"",""ORAM_ACCESS"",451,444],[1,""PRIVATE_STATE_ORAM"",""ORAM_ACCESS"",451,444],[1,""MESSAGE_TOOL"",""PUBLIC_EFFECT"",451,444]]"
s0-p11-v1-b1,0,11,B1-PER-ACTION-OBLIVIOUS,7,2,1,1,completed,3150.4,6,0.0,"[[1,""PRIVATE_STATE_ORAM"",""ORAM_ACCESS"",451,444],[1,""PRIVATE_STATE_ORAM"",""ORAM_ACCESS"",451,444],[1,""PRIVATE_STATE_ORAM"",""ORAM_ACCESS"",451,444],[2,""PRIVATE_STATE_ORAM"",""ORAM_ACCESS"",451,444],[2,""PRIVATE_STATE_ORAM"",""ORAM_ACCESS"",451,444],[2,""PRIVATE_STATE_ORAM"",""ORAM_ACCESS"",451,444],[2,""MESSAGE_TOOL"",""PUBLIC_EFFECT"",451,444]]"
s0-p12-v1-b0,0,12,B1-PER-ACTION-OBLIVIOUS,4,1,0,1,completed,2013.2,3,0.0,"[[1,""PRIVATE_STATE_ORAM"",""ORAM_ACCESS"",451,444],[1,""PRIVATE_STATE_ORAM"",""ORAM_ACCESS"",451,444],[1,""PRIVATE_STATE_ORAM"",""ORAM_ACCESS"",451,444],[1,""MESSAGE_TOOL"",""PUBLIC_EFFECT"",451,444]]"
s0-p12-v1-b1,0,12,B1-PER-ACTION-OBLIVIOUS,7,2,1,1,completed,3397.2,6,0.0,"[[1,""PRIVATE_STATE_ORAM"",""ORAM_ACCESS"",451,444],[1,""PRIVATE_STATE_ORAM"",""ORAM_ACCESS"",451,444],[1,""PRIVATE_STATE_ORAM"",""ORAM_ACCESS"",451,444],[2,""PRIVATE_STATE_ORAM"",""ORAM_ACCESS"",451,444],[2,""PRIVATE_STATE_ORAM"",""ORAM_ACCESS"",451,444],[2,""PRIVATE_STATE_ORAM"",""ORAM_ACCESS"",451,444],[2,""MESSAGE_TOOL"",""PUBLIC_EFFECT"",451,444]]"
s0-p13-v1-b0,0,13,B1-PER-ACTION-OBLIVIOUS,4,1,0,1,completed,2017.8,3,0.0,"[[1,""PRIVATE_STATE_ORAM"",""ORAM_ACCESS"",451,444],[1,""PRIVATE_STATE_ORAM"",""ORAM_ACCESS"",451,444],[1,""PRIVATE_STATE_ORAM"",""ORAM_ACCESS"",451,444],[1,""MESSAGE_TOOL"",""PUBLIC_EFFECT"",451,444]]"
s0-p13-v1-b1,0,13,B1-PER-ACTION-OBLIVIOUS,7,2,1,1,completed,3270.7,6,0.0,"[[1,""PRIVATE_STATE_ORAM"",""ORAM_ACCESS"",451,444],[1,""PRIVATE_STATE_ORAM"",""ORAM_ACCESS"",451,444],[1,""PRIVATE_STATE_ORAM"",""ORAM_ACCESS"",451,444],[2,""PRIVATE_STATE_ORAM"",""ORAM_ACCESS"",451,444],[2,""PRIVATE_STATE_ORAM"",""ORAM_ACCESS"",451,444],[2,""PRIVATE_STATE_ORAM"",""ORAM_ACCESS"",451,444],[2,""MESSAGE_TOOL"",""PUBLIC_EFFECT"",451,444]]"
s0-p14-v1-b0,0,14,B1-PER-ACTION-OBLIVIOUS,4,1,0,1,completed,2076.1,3,0.0,"[[1,""PRIVATE_STATE_ORAM"",""ORAM_ACCESS"",451,444],[1,""PRIVATE_STATE_ORAM"",""ORAM_ACCESS"",451,444],[1,""PRIVATE_STATE_ORAM"",""ORAM_ACCESS"",451,444],[1,""MESSAGE_TOOL"",""PUBLIC_EFFECT"",451,444]]"
s0-p14-v1-b1,0,14,B1-PER-ACTION-OBLIVIOUS,7,2,1,1,completed,3241.5,6,0.0,"[[1,""PRIVATE_STATE_ORAM"",""ORAM_ACCESS"",451,444],[1,""PRIVATE_STATE_ORAM"",""ORAM_ACCESS"",451,444],[1,""PRIVATE_STATE_ORAM"",""ORAM_ACCESS"",451,444],[2,""PRIVATE_STATE_ORAM"",""ORAM_ACCESS"",451,444],[2,""PRIVATE_STATE_ORAM"",""ORAM_ACCESS"",451,444],[2,""PRIVATE_STATE_ORAM"",""ORAM_ACCESS"",451,444],[2,""MESSAGE_TOOL"",""PUBLIC_EFFECT"",451,444]]"
s0-p15-v1-b0,0,15,B1-PER-ACTION-OBLIVIOUS,4,1,0,1,completed,2086.7,3,0.0,"[[1,""PRIVATE_STATE_ORAM"",""ORAM_ACCESS"",451,444],[1,""PRIVATE_STATE_ORAM"",""ORAM_ACCESS"",451,444],[1,""PRIVATE_STATE_ORAM"",""ORAM_ACCESS"",451,444],[1,""MESSAGE_TOOL"",""PUBLIC_EFFECT"",451,444]]"
s0-p15-v1-b1,0,15,B1-PER-ACTION-OBLIVIOUS,7,2,1,1,completed,3249.7,6,0.0,"[[1,""PRIVATE_STATE_ORAM"",""ORAM_ACCESS"",451,444],[1,""PRIVATE_STATE_ORAM"",""ORAM_ACCESS"",451,444],[1,""PRIVATE_STATE_ORAM"",""ORAM_ACCESS"",451,444],[2,""PRIVATE_STATE_ORAM"",""ORAM_ACCESS"",451,444],[2,""PRIVATE_STATE_ORAM"",""ORAM_ACCESS"",451,444],[2,""PRIVATE_STATE_ORAM"",""ORAM_ACCESS"",451,444],[2,""MESSAGE_TOOL"",""PUBLIC_EFFECT"",451,444]]"
s0-p16-v1-b0,0,16,B1-PER-ACTION-OBLIVIOUS,4,1,0,1,completed,2140.1,3,0.0,"[[1,""PRIVATE_STATE_ORAM"",""ORAM_ACCESS"",451,444],[1,""PRIVATE_STATE_ORAM"",""ORAM_ACCESS"",451,444],[1,""PRIVATE_STATE_ORAM"",""ORAM_ACCESS"",451,444],[1,""MESSAGE_TOOL"",""PUBLIC_EFFECT"",451,444]]"
s0-p16-v1-b1,0,16,B1-PER-ACTION-OBLIVIOUS,7,2,1,1,completed,3250.9,6,0.0,"[[1,""PRIVATE_STATE_ORAM"",""ORAM_ACCESS"",451,444],[1,""PRIVATE_STATE_ORAM"",""ORAM_ACCESS"",451,444],[1,""PRIVATE_STATE_ORAM"",""ORAM_ACCESS"",451,444],[2,""PRIVATE_STATE_ORAM"",""ORAM_ACCESS"",451,444],[2,""PRIVATE_STATE_ORAM"",""ORAM_ACCESS"",451,444],[2,""PRIVATE_STATE_ORAM"",""ORAM_ACCESS"",451,444],[2,""MESSAGE_TOOL"",""PUBLIC_EFFECT"",451,444]]"
s0-p17-v1-b0,0,17,B1-PER-ACTION-OBLIVIOUS,4,1,0,1,completed,2288.7,3,0.0,"[[1,""PRIVATE_STATE_ORAM"",""ORAM_ACCESS"",451,444],[1,""PRIVATE_STATE_ORAM"",""ORAM_ACCESS"",451,444],[1,""PRIVATE_STATE_ORAM"",""ORAM_ACCESS"",451,444],[1,""MESSAGE_TOOL"",""PUBLIC_EFFECT"",451,444]]"
s0-p17-v1-b1,0,17,B1-PER-ACTION-OBLIVIOUS,7,2,1,1,completed,3146.1,6,0.0,"[[1,""PRIVATE_STATE_ORAM"",""ORAM_ACCESS"",451,444],[1,""PRIVATE_STATE_ORAM"",""ORAM_ACCESS"",451,444],[1,""PRIVATE_STATE_ORAM"",""ORAM_ACCESS"",451,444],[2,""PRIVATE_STATE_ORAM"",""ORAM_ACCESS"",451,444],[2,""PRIVATE_STATE_ORAM"",""ORAM_ACCESS"",451,444],[2,""PRIVATE_STATE_ORAM"",""ORAM_ACCESS"",451,444],[2,""MESSAGE_TOOL"",""PUBLIC_EFFECT"",451,444]]"
s0-p18-v1-b0,0,18,B1-PER-ACTION-OBLIVIOUS,4,1,0,1,completed,1991.4,3,0.0,"[[1,""PRIVATE_STATE_ORAM"",""ORAM_ACCESS"",451,444],[1,""PRIVATE_STATE_ORAM"",""ORAM_ACCESS"",451,444],[1,""PRIVATE_STATE_ORAM"",""ORAM_ACCESS"",451,444],[1,""MESSAGE_TOOL"",""PUBLIC_EFFECT"",451,444]]"
s0-p18-v1-b1,0,18,B1-PER-ACTION-OBLIVIOUS,7,2,1,1,completed,3141.5,6,0.0,"[[1,""PRIVATE_STATE_ORAM"",""ORAM_ACCESS"",451,444],[1,""PRIVATE_STATE_ORAM"",""ORAM_ACCESS"",451,444],[1,""PRIVATE_STATE_ORAM"",""ORAM_ACCESS"",451,444],[2,""PRIVATE_STATE_ORAM"",""ORAM_ACCESS"",451,444],[2,""PRIVATE_STATE_ORAM"",""ORAM_ACCESS"",451,444],[2,""PRIVATE_STATE_ORAM"",""ORAM_ACCESS"",451,444],[2,""MESSAGE_TOOL"",""PUBLIC_EFFECT"",451,444]]"
s0-p19-v1-b0,0,19,B1-PER-ACTION-OBLIVIOUS,4,1,0,1,completed,1964.1,3,0.0,"[[1,""PRIVATE_STATE_ORAM"",""ORAM_ACCESS"",451,444],[1,""PRIVATE_STATE_ORAM"",""ORAM_ACCESS"",451,444],[1,""PRIVATE_STATE_ORAM"",""ORAM_ACCESS"",451,444],[1,""MESSAGE_TOOL"",""PUBLIC_EFFECT"",451,444]]"
s0-p19-v1-b1,0,19,B1-PER-ACTION-OBLIVIOUS,7,2,1,1,completed,3115.5,6,0.0,"[[1,""PRIVATE_STATE_ORAM"",""ORAM_ACCESS"",451,444],[1,""PRIVATE_STATE_ORAM"",""ORAM_ACCESS"",451,444],[1,""PRIVATE_STATE_ORAM"",""ORAM_ACCESS"",451,444],[2,""PRIVATE_STATE_ORAM"",""ORAM_ACCESS"",451,444],[2,""PRIVATE_STATE_ORAM"",""ORAM_ACCESS"",451,444],[2,""PRIVATE_STATE_ORAM"",""ORAM_ACCESS"",451,444],[2,""MESSAGE_TOOL"",""PUBLIC_EFFECT"",451,444]]"
s0-p0-v2-b0,0,0,B2-BOUNDED-ADAPTIVE-OBLIVIOUS,16,1,0,1,completed,1964.4,15,0.8,"[[1,""PRIVATE_STATE_ORAM"",""ORAM_ACCESS"",238,222],[1,""PRIVATE_STATE_ORAM"",""ORAM_ACCESS"",238,222],[1,""PRIVATE_STATE_ORAM"",""ORAM_ACCESS"",238,222],[2,""PRIVATE_STATE_ORAM"",""ORAM_ACCESS"",238,222],[2,""PRIVATE_STATE_ORAM"",""ORAM_ACCESS"",238,222],[2,""PRIVATE_STATE_ORAM"",""ORAM_ACCESS"",238,222],[3,""PRIVATE_STATE_ORAM"",""ORAM_ACCESS"",238,222],[3,""PRIVATE_STATE_ORAM"",""ORAM_ACCESS"",238,222],[3,""PRIVATE_STATE_ORAM"",""ORAM_ACCESS"",238,222],[4,""PRIVATE_STATE_ORAM"",""ORAM_ACCESS"",238,222],[4,""PRIVATE_STATE_ORAM"",""ORAM_ACCESS"",238,222],[4,""PRIVATE_STATE_ORAM"",""ORAM_ACCESS"",238,222],[5,""PRIVATE_STATE_ORAM"",""ORAM_ACCESS"",238,222],[5,""PRIVATE_STATE_ORAM"",""ORAM_ACCESS"",238,222],[5,""PRIVATE_STATE_ORAM"",""ORAM_ACCESS"",238,222],[5,""MESSAGE_TOOL"",""PUBLIC_EFFECT"",240,222]]"
s0-p0-v2-b1,0,0,B2-BOUNDED-ADAPTIVE-OBLIVIOUS,16,2,1,1,completed,3073.0,15,0.6,"[[1,""PRIVATE_STATE_ORAM"",""ORAM_ACCESS"",238,222],[1,""PRIVATE_STATE_ORAM"",""ORAM_ACCESS"",238,222],[1,""PRIVATE_STATE_ORAM"",""ORAM_ACCESS"",238,222],[2,""PRIVATE_STATE_ORAM"",""ORAM_ACCESS"",238,222],[2,""PRIVATE_STATE_ORAM"",""ORAM_ACCESS"",238,222],[2,""PRIVATE_STATE_ORAM"",""ORAM_ACCESS"",238,222],[3,""PRIVATE_STATE_ORAM"",""ORAM_ACCESS"",238,222],[3,""PRIVATE_STATE_ORAM"",""ORAM_ACCESS"",238,222],[3,""PRIVATE_STATE_ORAM"",""ORAM_ACCESS"",238,222],[4,""PRIVATE_STATE_ORAM"",""ORAM_ACCESS"",238,222],[4,""PRIVATE_STATE_ORAM"",""ORAM_ACCESS"",238,222],[4,""PRIVATE_STATE_ORAM"",""ORAM_ACCESS"",238,222],[5,""PRIVATE_STATE_ORAM"",""ORAM_ACCESS"",238,222],[5,""PRIVATE_STATE_ORAM"",""ORAM_ACCESS"",238,222],[5,""PRIVATE_STATE_ORAM"",""ORAM_ACCESS"",238,222],[5,""MESSAGE_TOOL"",""PUBLIC_EFFECT"",240,222]]"
s0-p1-v2-b0,0,1,B2-BOUNDED-ADAPTIVE-OBLIVIOUS,16,1,0,1,completed,2077.2,15,0.8,"[[1,""PRIVATE_STATE_ORAM"",""ORAM_ACCESS"",238,222],[1,""PRIVATE_STATE_ORAM"",""ORAM_ACCESS"",238,222],[1,""PRIVATE_STATE_ORAM"",""ORAM_ACCESS"",238,222],[2,""PRIVATE_STATE_ORAM"",""ORAM_ACCESS"",238,222],[2,""PRIVATE_STATE_ORAM"",""ORAM_ACCESS"",238,222],[2,""PRIVATE_STATE_ORAM"",""ORAM_ACCESS"",238,222],[3,""PRIVATE_STATE_ORAM"",""ORAM_ACCESS"",238,222],[3,""PRIVATE_STATE_ORAM"",""ORAM_ACCESS"",238,222],[3,""PRIVATE_STATE_ORAM"",""ORAM_ACCESS"",238,222],[4,""PRIVATE_STATE_ORAM"",""ORAM_ACCESS"",238,222],[4,""PRIVATE_STATE_ORAM"",""ORAM_ACCESS"",238,222],[4,""PRIVATE_STATE_ORAM"",""ORAM_ACCESS"",238,222],[5,""PRIVATE_STATE_ORAM"",""ORAM_ACCESS"",238,222],[5,""PRIVATE_STATE_ORAM"",""ORAM_ACCESS"",238,222],[5,""PRIVATE_STATE_ORAM"",""ORAM_ACCESS"",238,222],[5,""MESSAGE_TOOL"",""PUBLIC_EFFECT"",240,222]]"
s0-p1-v2-b1,0,1,B2-BOUNDED-ADAPTIVE-OBLIVIOUS,16,2,1,1,completed,3431.3,15,0.6,"[[1,""PRIVATE_STATE_ORAM"",""ORAM_ACCESS"",238,222],[1,""PRIVATE_STATE_ORAM"",""ORAM_ACCESS"",238,222],[1,""PRIVATE_STATE_ORAM"",""ORAM_ACCESS"",238,222],[2,""PRIVATE_STATE_ORAM"",""ORAM_ACCESS"",238,222],[2,""PRIVATE_STATE_ORAM"",""ORAM_ACCESS"",238,222],[2,""PRIVATE_STATE_ORAM"",""ORAM_ACCESS"",238,222],[3,""PRIVATE_STATE_ORAM"",""ORAM_ACCESS"",238,222],[3,""PRIVATE_STATE_ORAM"",""ORAM_ACCESS"",238,222],[3,""PRIVATE_STATE_ORAM"",""ORAM_ACCESS"",238,222],[4,""PRIVATE_STATE_ORAM"",""ORAM_ACCESS"",238,222],[4,""PRIVATE_STATE_ORAM"",""ORAM_ACCESS"",238,222],[4,""PRIVATE_STATE_ORAM"",""ORAM_ACCESS"",238,222],[5,""PRIVATE_STATE_ORAM"",""ORAM_ACCESS"",238,222],[5,""PRIVATE_STATE_ORAM"",""ORAM_ACCESS"",238,222],[5,""PRIVATE_STATE_ORAM"",""ORAM_ACCESS"",238,222],[5,""MESSAGE_TOOL"",""PUBLIC_EFFECT"",240,222]]"
s0-p2-v2-b0,0,2,B2-BOUNDED-ADAPTIVE-OBLIVIOUS,16,1,0,1,completed,2015.0,15,0.8,"[[1,""PRIVATE_STATE_ORAM"",""ORAM_ACCESS"",238,222],[1,""PRIVATE_STATE_ORAM"",""ORAM_ACCESS"",238,222],[1,""PRIVATE_STATE_ORAM"",""ORAM_ACCESS"",238,222],[2,""PRIVATE_STATE_ORAM"",""ORAM_ACCESS"",238,222],[2,""PRIVATE_STATE_ORAM"",""ORAM_ACCESS"",238,222],[2,""PRIVATE_STATE_ORAM"",""ORAM_ACCESS"",238,222],[3,""PRIVATE_STATE_ORAM"",""ORAM_ACCESS"",238,222],[3,""PRIVATE_STATE_ORAM"",""ORAM_ACCESS"",238,222],[3,""PRIVATE_STATE_ORAM"",""ORAM_ACCESS"",238,222],[4,""PRIVATE_STATE_ORAM"",""ORAM_ACCESS"",238,222],[4,""PRIVATE_STATE_ORAM"",""ORAM_ACCESS"",238,222],[4,""PRIVATE_STATE_ORAM"",""ORAM_ACCESS"",238,222],[5,""PRIVATE_STATE_ORAM"",""ORAM_ACCESS"",238,222],[5,""PRIVATE_STATE_ORAM"",""ORAM_ACCESS"",238,222],[5,""PRIVATE_STATE_ORAM"",""ORAM_ACCESS"",238,222],[5,""MESSAGE_TOOL"",""PUBLIC_EFFECT"",240,222]]"
s0-p2-v2-b1,0,2,B2-BOUNDED-ADAPTIVE-OBLIVIOUS,16,2,1,1,completed,3128.1,15,0.6,"[[1,""PRIVATE_STATE_ORAM"",""ORAM_ACCESS"",238,222],[1,""PRIVATE_STATE_ORAM"",""ORAM_ACCESS"",238,222],[1,""PRIVATE_STATE_ORAM"",""ORAM_ACCESS"",238,222],[2,""PRIVATE_STATE_ORAM"",""ORAM_ACCESS"",238,222],[2,""PRIVATE_STATE_ORAM"",""ORAM_ACCESS"",238,222],[2,""PRIVATE_STATE_ORAM"",""ORAM_ACCESS"",238,222],[3,""PRIVATE_STATE_ORAM"",""ORAM_ACCESS"",238,222],[3,""PRIVATE_STATE_ORAM"",""ORAM_ACCESS"",238,222],[3,""PRIVATE_STATE_ORAM"",""ORAM_ACCESS"",238,222],[4,""PRIVATE_STATE_ORAM"",""ORAM_ACCESS"",238,222],[4,""PRIVATE_STATE_ORAM"",""ORAM_ACCESS"",238,222],[4,""PRIVATE_STATE_ORAM"",""ORAM_ACCESS"",238,222],[5,""PRIVATE_STATE_ORAM"",""ORAM_ACCESS"",238,222],[5,""PRIVATE_STATE_ORAM"",""ORAM_ACCESS"",238,222],[5,""PRIVATE_STATE_ORAM"",""ORAM_ACCESS"",238,222],[5,""MESSAGE_TOOL"",""PUBLIC_EFFECT"",240,222]]"
s0-p3-v2-b0,0,3,B2-BOUNDED-ADAPTIVE-OBLIVIOUS,16,1,0,1,completed,2088.3,15,0.8,"[[1,""PRIVATE_STATE_ORAM"",""ORAM_ACCESS"",238,222],[1,""PRIVATE_STATE_ORAM"",""ORAM_ACCESS"",238,222],[1,""PRIVATE_STATE_ORAM"",""ORAM_ACCESS"",238,222],[2,""PRIVATE_STATE_ORAM"",""ORAM_ACCESS"",238,222],[2,""PRIVATE_STATE_ORAM"",""ORAM_ACCESS"",238,222],[2,""PRIVATE_STATE_ORAM"",""ORAM_ACCESS"",238,222],[3,""PRIVATE_STATE_ORAM"",""ORAM_ACCESS"",238,222],[3,""PRIVATE_STATE_ORAM"",""ORAM_ACCESS"",238,222],[3,""PRIVATE_STATE_ORAM"",""ORAM_ACCESS"",238,222],[4,""PRIVATE_STATE_ORAM"",""ORAM_ACCESS"",238,222],[4,""PRIVATE_STATE_ORAM"",""ORAM_ACCESS"",238,222],[4,""PRIVATE_STATE_ORAM"",""ORAM_ACCESS"",238,222],[5,""PRIVATE_STATE_ORAM"",""ORAM_ACCESS"",238,222],[5,""PRIVATE_STATE_ORAM"",""ORAM_ACCESS"",238,222],[5,""PRIVATE_STATE_ORAM"",""ORAM_ACCESS"",238,222],[5,""MESSAGE_TOOL"",""PUBLIC_EFFECT"",240,222]]"
s0-p3-v2-b1,0,3,B2-BOUNDED-ADAPTIVE-OBLIVIOUS,16,2,1,1,completed,3148.3,15,0.6,"[[1,""PRIVATE_STATE_ORAM"",""ORAM_ACCESS"",238,222],[1,""PRIVATE_STATE_ORAM"",""ORAM_ACCESS"",238,222],[1,""PRIVATE_STATE_ORAM"",""ORAM_ACCESS"",238,222],[2,""PRIVATE_STATE_ORAM"",""ORAM_ACCESS"",238,222],[2,""PRIVATE_STATE_ORAM"",""ORAM_ACCESS"",238,222],[2,""PRIVATE_STATE_ORAM"",""ORAM_ACCESS"",238,222],[3,""PRIVATE_STATE_ORAM"",""ORAM_ACCESS"",238,222],[3,""PRIVATE_STATE_ORAM"",""ORAM_ACCESS"",238,222],[3,""PRIVATE_STATE_ORAM"",""ORAM_ACCESS"",238,222],[4,""PRIVATE_STATE_ORAM"",""ORAM_ACCESS"",238,222],[4,""PRIVATE_STATE_ORAM"",""ORAM_ACCESS"",238,222],[4,""PRIVATE_STATE_ORAM"",""ORAM_ACCESS"",238,222],[5,""PRIVATE_STATE_ORAM"",""ORAM_ACCESS"",238,222],[5,""PRIVATE_STATE_ORAM"",""ORAM_ACCESS"",238,222],[5,""PRIVATE_STATE_ORAM"",""ORAM_ACCESS"",238,222],[5,""MESSAGE_TOOL"",""PUBLIC_EFFECT"",240,222]]"
s0-p4-v2-b0,0,4,B2-BOUNDED-ADAPTIVE-OBLIVIOUS,16,1,0,1,completed,2049.6,15,0.8,"[[1,""PRIVATE_STATE_ORAM"",""ORAM_ACCESS"",238,222],[1,""PRIVATE_STATE_ORAM"",""ORAM_ACCESS"",238,222],[1,""PRIVATE_STATE_ORAM"",""ORAM_ACCESS"",238,222],[2,""PRIVATE_STATE_ORAM"",""ORAM_ACCESS"",238,222],[2,""PRIVATE_STATE_ORAM"",""ORAM_ACCESS"",238,222],[2,""PRIVATE_STATE_ORAM"",""ORAM_ACCESS"",238,222],[3,""PRIVATE_STATE_ORAM"",""ORAM_ACCESS"",238,222],[3,""PRIVATE_STATE_ORAM"",""ORAM_ACCESS"",238,222],[3,""PRIVATE_STATE_ORAM"",""ORAM_ACCESS"",238,222],[4,""PRIVATE_STATE_ORAM"",""ORAM_ACCESS"",238,222],[4,""PRIVATE_STATE_ORAM"",""ORAM_ACCESS"",238,222],[4,""PRIVATE_STATE_ORAM"",""ORAM_ACCESS"",238,222],[5,""PRIVATE_STATE_ORAM"",""ORAM_ACCESS"",238,222],[5,""PRIVATE_STATE_ORAM"",""ORAM_ACCESS"",238,222],[5,""PRIVATE_STATE_ORAM"",""ORAM_ACCESS"",238,222],[5,""MESSAGE_TOOL"",""PUBLIC_EFFECT"",240,222]]"
s0-p4-v2-b1,0,4,B2-BOUNDED-ADAPTIVE-OBLIVIOUS,16,2,1,1,completed,3262.9,15,0.6,"[[1,""PRIVATE_STATE_ORAM"",""ORAM_ACCESS"",238,222],[1,""PRIVATE_STATE_ORAM"",""ORAM_ACCESS"",238,222],[1,""PRIVATE_STATE_ORAM"",""ORAM_ACCESS"",238,222],[2,""PRIVATE_STATE_ORAM"",""ORAM_ACCESS"",238,222],[2,""PRIVATE_STATE_ORAM"",""ORAM_ACCESS"",238,222],[2,""PRIVATE_STATE_ORAM"",""ORAM_ACCESS"",238,222],[3,""PRIVATE_STATE_ORAM"",""ORAM_ACCESS"",238,222],[3,""PRIVATE_STATE_ORAM"",""ORAM_ACCESS"",238,222],[3,""PRIVATE_STATE_ORAM"",""ORAM_ACCESS"",238,222],[4,""PRIVATE_STATE_ORAM"",""ORAM_ACCESS"",238,222],[4,""PRIVATE_STATE_ORAM"",""ORAM_ACCESS"",238,222],[4,""PRIVATE_STATE_ORAM"",""ORAM_ACCESS"",238,222],[5,""PRIVATE_STATE_ORAM"",""ORAM_ACCESS"",238,222],[5,""PRIVATE_STATE_ORAM"",""ORAM_ACCESS"",238,222],[5,""PRIVATE_STATE_ORAM"",""ORAM_ACCESS"",238,222],[5,""MESSAGE_TOOL"",""PUBLIC_EFFECT"",240,222]]"
s0-p5-v2-b0,0,5,B2-BOUNDED-ADAPTIVE-OBLIVIOUS,16,1,0,1,completed,2012.9,15,0.8,"[[1,""PRIVATE_STATE_ORAM"",""ORAM_ACCESS"",238,222],[1,""PRIVATE_STATE_ORAM"",""ORAM_ACCESS"",238,222],[1,""PRIVATE_STATE_ORAM"",""ORAM_ACCESS"",238,222],[2,""PRIVATE_STATE_ORAM"",""ORAM_ACCESS"",238,222],[2,""PRIVATE_STATE_ORAM"",""ORAM_ACCESS"",238,222],[2,""PRIVATE_STATE_ORAM"",""ORAM_ACCESS"",238,222],[3,""PRIVATE_STATE_ORAM"",""ORAM_ACCESS"",238,222],[3,""PRIVATE_STATE_ORAM"",""ORAM_ACCESS"",238,222],[3,""PRIVATE_STATE_ORAM"",""ORAM_ACCESS"",238,222],[4,""PRIVATE_STATE_ORAM"",""ORAM_ACCESS"",238,222],[4,""PRIVATE_STATE_ORAM"",""ORAM_ACCESS"",238,222],[4,""PRIVATE_STATE_ORAM"",""ORAM_ACCESS"",238,222],[5,""PRIVATE_STATE_ORAM"",""ORAM_ACCESS"",238,222],[5,""PRIVATE_STATE_ORAM"",""ORAM_ACCESS"",238,222],[5,""PRIVATE_STATE_ORAM"",""ORAM_ACCESS"",238,222],[5,""MESSAGE_TOOL"",""PUBLIC_EFFECT"",240,222]]"
s0-p5-v2-b1,0,5,B2-BOUNDED-ADAPTIVE-OBLIVIOUS,16,2,1,1,completed,3369.5,15,0.6,"[[1,""PRIVATE_STATE_ORAM"",""ORAM_ACCESS"",238,222],[1,""PRIVATE_STATE_ORAM"",""ORAM_ACCESS"",238,222],[1,""PRIVATE_STATE_ORAM"",""ORAM_ACCESS"",238,222],[2,""PRIVATE_STATE_ORAM"",""ORAM_ACCESS"",238,222],[2,""PRIVATE_STATE_ORAM"",""ORAM_ACCESS"",238,222],[2,""PRIVATE_STATE_ORAM"",""ORAM_ACCESS"",238,222],[3,""PRIVATE_STATE_ORAM"",""ORAM_ACCESS"",238,222],[3,""PRIVATE_STATE_ORAM"",""ORAM_ACCESS"",238,222],[3,""PRIVATE_STATE_ORAM"",""ORAM_ACCESS"",238,222],[4,""PRIVATE_STATE_ORAM"",""ORAM_ACCESS"",238,222],[4,""PRIVATE_STATE_ORAM"",""ORAM_ACCESS"",238,222],[4,""PRIVATE_STATE_ORAM"",""ORAM_ACCESS"",238,222],[5,""PRIVATE_STATE_ORAM"",""ORAM_ACCESS"",238,222],[5,""PRIVATE_STATE_ORAM"",""ORAM_ACCESS"",238,222],[5,""PRIVATE_STATE_ORAM"",""ORAM_ACCESS"",238,222],[5,""MESSAGE_TOOL"",""PUBLIC_EFFECT"",240,222]]"
s0-p6-v2-b0,0,6,B2-BOUNDED-ADAPTIVE-OBLIVIOUS,16,1,0,1,completed,2081.9,15,0.8,"[[1,""PRIVATE_STATE_ORAM"",""ORAM_ACCESS"",238,222],[1,""PRIVATE_STATE_ORAM"",""ORAM_ACCESS"",238,222],[1,""PRIVATE_STATE_ORAM"",""ORAM_ACCESS"",238,222],[2,""PRIVATE_STATE_ORAM"",""ORAM_ACCESS"",238,222],[2,""PRIVATE_STATE_ORAM"",""ORAM_ACCESS"",238,222],[2,""PRIVATE_STATE_ORAM"",""ORAM_ACCESS"",238,222],[3,""PRIVATE_STATE_ORAM"",""ORAM_ACCESS"",238,222],[3,""PRIVATE_STATE_ORAM"",""ORAM_ACCESS"",238,222],[3,""PRIVATE_STATE_ORAM"",""ORAM_ACCESS"",238,222],[4,""PRIVATE_STATE_ORAM"",""ORAM_ACCESS"",238,222],[4,""PRIVATE_STATE_ORAM"",""ORAM_ACCESS"",238,222],[4,""PRIVATE_STATE_ORAM"",""ORAM_ACCESS"",238,222],[5,""PRIVATE_STATE_ORAM"",""ORAM_ACCESS"",238,222],[5,""PRIVATE_STATE_ORAM"",""ORAM_ACCESS"",238,222],[5,""PRIVATE_STATE_ORAM"",""ORAM_ACCESS"",238,222],[5,""MESSAGE_TOOL"",""PUBLIC_EFFECT"",240,222]]"
s0-p6-v2-b1,0,6,B2-BOUNDED-ADAPTIVE-OBLIVIOUS,16,2,1,1,completed,3233.8,15,0.6,"[[1,""PRIVATE_STATE_ORAM"",""ORAM_ACCESS"",238,222],[1,""PRIVATE_STATE_ORAM"",""ORAM_ACCESS"",238,222],[1,""PRIVATE_STATE_ORAM"",""ORAM_ACCESS"",238,222],[2,""PRIVATE_STATE_ORAM"",""ORAM_ACCESS"",238,222],[2,""PRIVATE_STATE_ORAM"",""ORAM_ACCESS"",238,222],[2,""PRIVATE_STATE_ORAM"",""ORAM_ACCESS"",238,222],[3,""PRIVATE_STATE_ORAM"",""ORAM_ACCESS"",238,222],[3,""PRIVATE_STATE_ORAM"",""ORAM_ACCESS"",238,222],[3,""PRIVATE_STATE_ORAM"",""ORAM_ACCESS"",238,222],[4,""PRIVATE_STATE_ORAM"",""ORAM_ACCESS"",238,222],[4,""PRIVATE_STATE_ORAM"",""ORAM_ACCESS"",238,222],[4,""PRIVATE_STATE_ORAM"",""ORAM_ACCESS"",238,222],[5,""PRIVATE_STATE_ORAM"",""ORAM_ACCESS"",238,222],[5,""PRIVATE_STATE_ORAM"",""ORAM_ACCESS"",238,222],[5,""PRIVATE_STATE_ORAM"",""ORAM_ACCESS"",238,222],[5,""MESSAGE_TOOL"",""PUBLIC_EFFECT"",240,222]]"
s0-p7-v2-b0,0,7,B2-BOUNDED-ADAPTIVE-OBLIVIOUS,16,1,0,1,completed,2034.9,15,0.8,"[[1,""PRIVATE_STATE_ORAM"",""ORAM_ACCESS"",238,222],[1,""PRIVATE_STATE_ORAM"",""ORAM_ACCESS"",238,222],[1,""PRIVATE_STATE_ORAM"",""ORAM_ACCESS"",238,222],[2,""PRIVATE_STATE_ORAM"",""ORAM_ACCESS"",238,222],[2,""PRIVATE_STATE_ORAM"",""ORAM_ACCESS"",238,222],[2,""PRIVATE_STATE_ORAM"",""ORAM_ACCESS"",238,222],[3,""PRIVATE_STATE_ORAM"",""ORAM_ACCESS"",238,222],[3,""PRIVATE_STATE_ORAM"",""ORAM_ACCESS"",238,222],[3,""PRIVATE_STATE_ORAM"",""ORAM_ACCESS"",238,222],[4,""PRIVATE_STATE_ORAM"",""ORAM_ACCESS"",238,222],[4,""PRIVATE_STATE_ORAM"",""ORAM_ACCESS"",238,222],[4,""PRIVATE_STATE_ORAM"",""ORAM_ACCESS"",238,222],[5,""PRIVATE_STATE_ORAM"",""ORAM_ACCESS"",238,222],[5,""PRIVATE_STATE_ORAM"",""ORAM_ACCESS"",238,222],[5,""PRIVATE_STATE_ORAM"",""ORAM_ACCESS"",238,222],[5,""MESSAGE_TOOL"",""PUBLIC_EFFECT"",240,222]]"
s0-p7-v2-b1,0,7,B2-BOUNDED-ADAPTIVE-OBLIVIOUS,16,2,1,1,completed,3201.7,15,0.6,"[[1,""PRIVATE_STATE_ORAM"",""ORAM_ACCESS"",238,222],[1,""PRIVATE_STATE_ORAM"",""ORAM_ACCESS"",238,222],[1,""PRIVATE_STATE_ORAM"",""ORAM_ACCESS"",238,222],[2,""PRIVATE_STATE_ORAM"",""ORAM_ACCESS"",238,222],[2,""PRIVATE_STATE_ORAM"",""ORAM_ACCESS"",238,222],[2,""PRIVATE_STATE_ORAM"",""ORAM_ACCESS"",238,222],[3,""PRIVATE_STATE_ORAM"",""ORAM_ACCESS"",238,222],[3,""PRIVATE_STATE_ORAM"",""ORAM_ACCESS"",238,222],[3,""PRIVATE_STATE_ORAM"",""ORAM_ACCESS"",238,222],[4,""PRIVATE_STATE_ORAM"",""ORAM_ACCESS"",238,222],[4,""PRIVATE_STATE_ORAM"",""ORAM_ACCESS"",238,222],[4,""PRIVATE_STATE_ORAM"",""ORAM_ACCESS"",238,222],[5,""PRIVATE_STATE_ORAM"",""ORAM_ACCESS"",238,222],[5,""PRIVATE_STATE_ORAM"",""ORAM_ACCESS"",238,222],[5,""PRIVATE_STATE_ORAM"",""ORAM_ACCESS"",238,222],[5,""MESSAGE_TOOL"",""PUBLIC_EFFECT"",240,222]]"
s0-p8-v2-b0,0,8,B2-BOUNDED-ADAPTIVE-OBLIVIOUS,16,1,0,1,completed,2064.0,15,0.8,"[[1,""PRIVATE_STATE_ORAM"",""ORAM_ACCESS"",238,222],[1,""PRIVATE_STATE_ORAM"",""ORAM_ACCESS"",238,222],[1,""PRIVATE_STATE_ORAM"",""ORAM_ACCESS"",238,222],[2,""PRIVATE_STATE_ORAM"",""ORAM_ACCESS"",238,222],[2,""PRIVATE_STATE_ORAM"",""ORAM_ACCESS"",238,222],[2,""PRIVATE_STATE_ORAM"",""ORAM_ACCESS"",238,222],[3,""PRIVATE_STATE_ORAM"",""ORAM_ACCESS"",238,222],[3,""PRIVATE_STATE_ORAM"",""ORAM_ACCESS"",238,222],[3,""PRIVATE_STATE_ORAM"",""ORAM_ACCESS"",238,222],[4,""PRIVATE_STATE_ORAM"",""ORAM_ACCESS"",238,222],[4,""PRIVATE_STATE_ORAM"",""ORAM_ACCESS"",238,222],[4,""PRIVATE_STATE_ORAM"",""ORAM_ACCESS"",238,222],[5,""PRIVATE_STATE_ORAM"",""ORAM_ACCESS"",238,222],[5,""PRIVATE_STATE_ORAM"",""ORAM_ACCESS"",238,222],[5,""PRIVATE_STATE_ORAM"",""ORAM_ACCESS"",238,222],[5,""MESSAGE_TOOL"",""PUBLIC_EFFECT"",240,222]]"
s0-p8-v2-b1,0,8,B2-BOUNDED-ADAPTIVE-OBLIVIOUS,16,2,1,1,completed,3242.9,15,0.6,"[[1,""PRIVATE_STATE_ORAM"",""ORAM_ACCESS"",238,222],[1,""PRIVATE_STATE_ORAM"",""ORAM_ACCESS"",238,222],[1,""PRIVATE_STATE_ORAM"",""ORAM_ACCESS"",238,222],[2,""PRIVATE_STATE_ORAM"",""ORAM_ACCESS"",238,222],[2,""PRIVATE_STATE_ORAM"",""ORAM_ACCESS"",238,222],[2,""PRIVATE_STATE_ORAM"",""ORAM_ACCESS"",238,222],[3,""PRIVATE_STATE_ORAM"",""ORAM_ACCESS"",238,222],[3,""PRIVATE_STATE_ORAM"",""ORAM_ACCESS"",238,222],[3,""PRIVATE_STATE_ORAM"",""ORAM_ACCESS"",238,222],[4,""PRIVATE_STATE_ORAM"",""ORAM_ACCESS"",238,222],[4,""PRIVATE_STATE_ORAM"",""ORAM_ACCESS"",238,222],[4,""PRIVATE_STATE_ORAM"",""ORAM_ACCESS"",238,222],[5,""PRIVATE_STATE_ORAM"",""ORAM_ACCESS"",238,222],[5,""PRIVATE_STATE_ORAM"",""ORAM_ACCESS"",238,222],[5,""PRIVATE_STATE_ORAM"",""ORAM_ACCESS"",238,222],[5,""MESSAGE_TOOL"",""PUBLIC_EFFECT"",240,222]]"
s0-p9-v2-b0,0,9,B2-BOUNDED-ADAPTIVE-OBLIVIOUS,16,1,0,1,completed,2033.9,15,0.8,"[[1,""PRIVATE_STATE_ORAM"",""ORAM_ACCESS"",238,222],[1,""PRIVATE_STATE_ORAM"",""ORAM_ACCESS"",238,222],[1,""PRIVATE_STATE_ORAM"",""ORAM_ACCESS"",238,222],[2,""PRIVATE_STATE_ORAM"",""ORAM_ACCESS"",238,222],[2,""PRIVATE_STATE_ORAM"",""ORAM_ACCESS"",238,222],[2,""PRIVATE_STATE_ORAM"",""ORAM_ACCESS"",238,222],[3,""PRIVATE_STATE_ORAM"",""ORAM_ACCESS"",238,222],[3,""PRIVATE_STATE_ORAM"",""ORAM_ACCESS"",238,222],[3,""PRIVATE_STATE_ORAM"",""ORAM_ACCESS"",238,222],[4,""PRIVATE_STATE_ORAM"",""ORAM_ACCESS"",238,222],[4,""PRIVATE_STATE_ORAM"",""ORAM_ACCESS"",238,222],[4,""PRIVATE_STATE_ORAM"",""ORAM_ACCESS"",238,222],[5,""PRIVATE_STATE_ORAM"",""ORAM_ACCESS"",238,222],[5,""PRIVATE_STATE_ORAM"",""ORAM_ACCESS"",238,222],[5,""PRIVATE_STATE_ORAM"",""ORAM_ACCESS"",238,222],[5,""MESSAGE_TOOL"",""PUBLIC_EFFECT"",240,222]]"
s0-p9-v2-b1,0,9,B2-BOUNDED-ADAPTIVE-OBLIVIOUS,16,2,1,1,completed,3537.9,15,0.6,"[[1,""PRIVATE_STATE_ORAM"",""ORAM_ACCESS"",238,222],[1,""PRIVATE_STATE_ORAM"",""ORAM_ACCESS"",238,222],[1,""PRIVATE_STATE_ORAM"",""ORAM_ACCESS"",238,222],[2,""PRIVATE_STATE_ORAM"",""ORAM_ACCESS"",238,222],[2,""PRIVATE_STATE_ORAM"",""ORAM_ACCESS"",238,222],[2,""PRIVATE_STATE_ORAM"",""ORAM_ACCESS"",238,222],[3,""PRIVATE_STATE_ORAM"",""ORAM_ACCESS"",238,222],[3,""PRIVATE_STATE_ORAM"",""ORAM_ACCESS"",238,222],[3,""PRIVATE_STATE_ORAM"",""ORAM_ACCESS"",238,222],[4,""PRIVATE_STATE_ORAM"",""ORAM_ACCESS"",238,222],[4,""PRIVATE_STATE_ORAM"",""ORAM_ACCESS"",238,222],[4,""PRIVATE_STATE_ORAM"",""ORAM_ACCESS"",238,222],[5,""PRIVATE_STATE_ORAM"",""ORAM_ACCESS"",238,222],[5,""PRIVATE_STATE_ORAM"",""ORAM_ACCESS"",238,222],[5,""PRIVATE_STATE_ORAM"",""ORAM_ACCESS"",238,222],[5,""MESSAGE_TOOL"",""PUBLIC_EFFECT"",240,222]]"
s0-p10-v2-b0,0,10,B2-BOUNDED-ADAPTIVE-OBLIVIOUS,16,1,0,1,completed,2026.0,15,0.8,"[[1,""PRIVATE_STATE_ORAM"",""ORAM_ACCESS"",238,222],[1,""PRIVATE_STATE_ORAM"",""ORAM_ACCESS"",238,222],[1,""PRIVATE_STATE_ORAM"",""ORAM_ACCESS"",238,222],[2,""PRIVATE_STATE_ORAM"",""ORAM_ACCESS"",238,222],[2,""PRIVATE_STATE_ORAM"",""ORAM_ACCESS"",238,222],[2,""PRIVATE_STATE_ORAM"",""ORAM_ACCESS"",238,222],[3,""PRIVATE_STATE_ORAM"",""ORAM_ACCESS"",238,222],[3,""PRIVATE_STATE_ORAM"",""ORAM_ACCESS"",238,222],[3,""PRIVATE_STATE_ORAM"",""ORAM_ACCESS"",238,222],[4,""PRIVATE_STATE_ORAM"",""ORAM_ACCESS"",238,222],[4,""PRIVATE_STATE_ORAM"",""ORAM_ACCESS"",238,222],[4,""PRIVATE_STATE_ORAM"",""ORAM_ACCESS"",238,222],[5,""PRIVATE_STATE_ORAM"",""ORAM_ACCESS"",238,222],[5,""PRIVATE_STATE_ORAM"",""ORAM_ACCESS"",238,222],[5,""PRIVATE_STATE_ORAM"",""ORAM_ACCESS"",238,222],[5,""MESSAGE_TOOL"",""PUBLIC_EFFECT"",240,222]]"
s0-p10-v2-b1,0,10,B2-BOUNDED-ADAPTIVE-OBLIVIOUS,16,2,1,1,completed,3250.9,15,0.6,"[[1,""PRIVATE_STATE_ORAM"",""ORAM_ACCESS"",238,222],[1,""PRIVATE_STATE_ORAM"",""ORAM_ACCESS"",238,222],[1,""PRIVATE_STATE_ORAM"",""ORAM_ACCESS"",238,222],[2,""PRIVATE_STATE_ORAM"",""ORAM_ACCESS"",238,222],[2,""PRIVATE_STATE_ORAM"",""ORAM_ACCESS"",238,222],[2,""PRIVATE_STATE_ORAM"",""ORAM_ACCESS"",238,222],[3,""PRIVATE_STATE_ORAM"",""ORAM_ACCESS"",238,222],[3,""PRIVATE_STATE_ORAM"",""ORAM_ACCESS"",238,222],[3,""PRIVATE_STATE_ORAM"",""ORAM_ACCESS"",238,222],[4,""PRIVATE_STATE_ORAM"",""ORAM_ACCESS"",238,222],[4,""PRIVATE_STATE_ORAM"",""ORAM_ACCESS"",238,222],[4,""PRIVATE_STATE_ORAM"",""ORAM_ACCESS"",238,222],[5,""PRIVATE_STATE_ORAM"",""ORAM_ACCESS"",238,222],[5,""PRIVATE_STATE_ORAM"",""ORAM_ACCESS"",238,222],[5,""PRIVATE_STATE_ORAM"",""ORAM_ACCESS"",238,222],[5,""MESSAGE_TOOL"",""PUBLIC_EFFECT"",240,222]]"
s0-p11-v2-b0,0,11,B2-BOUNDED-ADAPTIVE-OBLIVIOUS,16,1,0,1,completed,2107.7,15,0.8,"[[1,""PRIVATE_STATE_ORAM"",""ORAM_ACCESS"",238,222],[1,""PRIVATE_STATE_ORAM"",""ORAM_ACCESS"",238,222],[1,""PRIVATE_STATE_ORAM"",""ORAM_ACCESS"",238,222],[2,""PRIVATE_STATE_ORAM"",""ORAM_ACCESS"",238,222],[2,""PRIVATE_STATE_ORAM"",""ORAM_ACCESS"",238,222],[2,""PRIVATE_STATE_ORAM"",""ORAM_ACCESS"",238,222],[3,""PRIVATE_STATE_ORAM"",""ORAM_ACCESS"",238,222],[3,""PRIVATE_STATE_ORAM"",""ORAM_ACCESS"",238,222],[3,""PRIVATE_STATE_ORAM"",""ORAM_ACCESS"",238,222],[4,""PRIVATE_STATE_ORAM"",""ORAM_ACCESS"",238,222],[4,""PRIVATE_STATE_ORAM"",""ORAM_ACCESS"",238,222],[4,""PRIVATE_STATE_ORAM"",""ORAM_ACCESS"",238,222],[5,""PRIVATE_STATE_ORAM"",""ORAM_ACCESS"",238,222],[5,""PRIVATE_STATE_ORAM"",""ORAM_ACCESS"",238,222],[5,""PRIVATE_STATE_ORAM"",""ORAM_ACCESS"",238,222],[5,""MESSAGE_TOOL"",""PUBLIC_EFFECT"",240,222]]"
s0-p11-v2-b1,0,11,B2-BOUNDED-ADAPTIVE-OBLIVIOUS,16,2,1,1,completed,3286.4,15,0.6,"[[1,""PRIVATE_STATE_ORAM"",""ORAM_ACCESS"",238,222],[1,""PRIVATE_STATE_ORAM"",""ORAM_ACCESS"",238,222],[1,""PRIVATE_STATE_ORAM"",""ORAM_ACCESS"",238,222],[2,""PRIVATE_STATE_ORAM"",""ORAM_ACCESS"",238,222],[2,""PRIVATE_STATE_ORAM"",""ORAM_ACCESS"",238,222],[2,""PRIVATE_STATE_ORAM"",""ORAM_ACCESS"",238,222],[3,""PRIVATE_STATE_ORAM"",""ORAM_ACCESS"",238,222],[3,""PRIVATE_STATE_ORAM"",""ORAM_ACCESS"",238,222],[3,""PRIVATE_STATE_ORAM"",""ORAM_ACCESS"",238,222],[4,""PRIVATE_STATE_ORAM"",""ORAM_ACCESS"",238,222],[4,""PRIVATE_STATE_ORAM"",""ORAM_ACCESS"",238,222],[4,""PRIVATE_STATE_ORAM"",""ORAM_ACCESS"",238,222],[5,""PRIVATE_STATE_ORAM"",""ORAM_ACCESS"",238,222],[5,""PRIVATE_STATE_ORAM"",""ORAM_ACCESS"",238,222],[5,""PRIVATE_STATE_ORAM"",""ORAM_ACCESS"",238,222],[5,""MESSAGE_TOOL"",""PUBLIC_EFFECT"",240,222]]"
s0-p12-v2-b0,0,12,B2-BOUNDED-ADAPTIVE-OBLIVIOUS,16,1,0,1,completed,1983.5,15,0.8,"[[1,""PRIVATE_STATE_ORAM"",""ORAM_ACCESS"",238,222],[1,""PRIVATE_STATE_ORAM"",""ORAM_ACCESS"",238,222],[1,""PRIVATE_STATE_ORAM"",""ORAM_ACCESS"",238,222],[2,""PRIVATE_STATE_ORAM"",""ORAM_ACCESS"",238,222],[2,""PRIVATE_STATE_ORAM"",""ORAM_ACCESS"",238,222],[2,""PRIVATE_STATE_ORAM"",""ORAM_ACCESS"",238,222],[3,""PRIVATE_STATE_ORAM"",""ORAM_ACCESS"",238,222],[3,""PRIVATE_STATE_ORAM"",""ORAM_ACCESS"",238,222],[3,""PRIVATE_STATE_ORAM"",""ORAM_ACCESS"",238,222],[4,""PRIVATE_STATE_ORAM"",""ORAM_ACCESS"",238,222],[4,""PRIVATE_STATE_ORAM"",""ORAM_ACCESS"",238,222],[4,""PRIVATE_STATE_ORAM"",""ORAM_ACCESS"",238,222],[5,""PRIVATE_STATE_ORAM"",""ORAM_ACCESS"",238,222],[5,""PRIVATE_STATE_ORAM"",""ORAM_ACCESS"",238,222],[5,""PRIVATE_STATE_ORAM"",""ORAM_ACCESS"",238,222],[5,""MESSAGE_TOOL"",""PUBLIC_EFFECT"",240,222]]"
s0-p12-v2-b1,0,12,B2-BOUNDED-ADAPTIVE-OBLIVIOUS,16,2,1,1,completed,3154.2,15,0.6,"[[1,""PRIVATE_STATE_ORAM"",""ORAM_ACCESS"",238,222],[1,""PRIVATE_STATE_ORAM"",""ORAM_ACCESS"",238,222],[1,""PRIVATE_STATE_ORAM"",""ORAM_ACCESS"",238,222],[2,""PRIVATE_STATE_ORAM"",""ORAM_ACCESS"",238,222],[2,""PRIVATE_STATE_ORAM"",""ORAM_ACCESS"",238,222],[2,""PRIVATE_STATE_ORAM"",""ORAM_ACCESS"",238,222],[3,""PRIVATE_STATE_ORAM"",""ORAM_ACCESS"",238,222],[3,""PRIVATE_STATE_ORAM"",""ORAM_ACCESS"",238,222],[3,""PRIVATE_STATE_ORAM"",""ORAM_ACCESS"",238,222],[4,""PRIVATE_STATE_ORAM"",""ORAM_ACCESS"",238,222],[4,""PRIVATE_STATE_ORAM"",""ORAM_ACCESS"",238,222],[4,""PRIVATE_STATE_ORAM"",""ORAM_ACCESS"",238,222],[5,""PRIVATE_STATE_ORAM"",""ORAM_ACCESS"",238,222],[5,""PRIVATE_STATE_ORAM"",""ORAM_ACCESS"",238,222],[5,""PRIVATE_STATE_ORAM"",""ORAM_ACCESS"",238,222],[5,""MESSAGE_TOOL"",""PUBLIC_EFFECT"",240,222]]"
s0-p13-v2-b0,0,13,B2-BOUNDED-ADAPTIVE-OBLIVIOUS,16,1,0,1,completed,1995.5,15,0.8,"[[1,""PRIVATE_STATE_ORAM"",""ORAM_ACCESS"",238,222],[1,""PRIVATE_STATE_ORAM"",""ORAM_ACCESS"",238,222],[1,""PRIVATE_STATE_ORAM"",""ORAM_ACCESS"",238,222],[2,""PRIVATE_STATE_ORAM"",""ORAM_ACCESS"",238,222],[2,""PRIVATE_STATE_ORAM"",""ORAM_ACCESS"",238,222],[2,""PRIVATE_STATE_ORAM"",""ORAM_ACCESS"",238,222],[3,""PRIVATE_STATE_ORAM"",""ORAM_ACCESS"",238,222],[3,""PRIVATE_STATE_ORAM"",""ORAM_ACCESS"",238,222],[3,""PRIVATE_STATE_ORAM"",""ORAM_ACCESS"",238,222],[4,""PRIVATE_STATE_ORAM"",""ORAM_ACCESS"",238,222],[4,""PRIVATE_STATE_ORAM"",""ORAM_ACCESS"",238,222],[4,""PRIVATE_STATE_ORAM"",""ORAM_ACCESS"",238,222],[5,""PRIVATE_STATE_ORAM"",""ORAM_ACCESS"",238,222],[5,""PRIVATE_STATE_ORAM"",""ORAM_ACCESS"",238,222],[5,""PRIVATE_STATE_ORAM"",""ORAM_ACCESS"",238,222],[5,""MESSAGE_TOOL"",""PUBLIC_EFFECT"",240,222]]"
s0-p13-v2-b1,0,13,B2-BOUNDED-ADAPTIVE-OBLIVIOUS,16,2,1,1,completed,3372.2,15,0.6,"[[1,""PRIVATE_STATE_ORAM"",""ORAM_ACCESS"",238,222],[1,""PRIVATE_STATE_ORAM"",""ORAM_ACCESS"",238,222],[1,""PRIVATE_STATE_ORAM"",""ORAM_ACCESS"",238,222],[2,""PRIVATE_STATE_ORAM"",""ORAM_ACCESS"",238,222],[2,""PRIVATE_STATE_ORAM"",""ORAM_ACCESS"",238,222],[2,""PRIVATE_STATE_ORAM"",""ORAM_ACCESS"",238,222],[3,""PRIVATE_STATE_ORAM"",""ORAM_ACCESS"",238,222],[3,""PRIVATE_STATE_ORAM"",""ORAM_ACCESS"",238,222],[3,""PRIVATE_STATE_ORAM"",""ORAM_ACCESS"",238,222],[4,""PRIVATE_STATE_ORAM"",""ORAM_ACCESS"",238,222],[4,""PRIVATE_STATE_ORAM"",""ORAM_ACCESS"",238,222],[4,""PRIVATE_STATE_ORAM"",""ORAM_ACCESS"",238,222],[5,""PRIVATE_STATE_ORAM"",""ORAM_ACCESS"",238,222],[5,""PRIVATE_STATE_ORAM"",""ORAM_ACCESS"",238,222],[5,""PRIVATE_STATE_ORAM"",""ORAM_ACCESS"",238,222],[5,""MESSAGE_TOOL"",""PUBLIC_EFFECT"",240,222]]"
s0-p14-v2-b0,0,14,B2-BOUNDED-ADAPTIVE-OBLIVIOUS,16,1,0,1,completed,1992.7,15,0.8,"[[1,""PRIVATE_STATE_ORAM"",""ORAM_ACCESS"",238,222],[1,""PRIVATE_STATE_ORAM"",""ORAM_ACCESS"",238,222],[1,""PRIVATE_STATE_ORAM"",""ORAM_ACCESS"",238,222],[2,""PRIVATE_STATE_ORAM"",""ORAM_ACCESS"",238,222],[2,""PRIVATE_STATE_ORAM"",""ORAM_ACCESS"",238,222],[2,""PRIVATE_STATE_ORAM"",""ORAM_ACCESS"",238,222],[3,""PRIVATE_STATE_ORAM"",""ORAM_ACCESS"",238,222],[3,""PRIVATE_STATE_ORAM"",""ORAM_ACCESS"",238,222],[3,""PRIVATE_STATE_ORAM"",""ORAM_ACCESS"",238,222],[4,""PRIVATE_STATE_ORAM"",""ORAM_ACCESS"",238,222],[4,""PRIVATE_STATE_ORAM"",""ORAM_ACCESS"",238,222],[4,""PRIVATE_STATE_ORAM"",""ORAM_ACCESS"",238,222],[5,""PRIVATE_STATE_ORAM"",""ORAM_ACCESS"",238,222],[5,""PRIVATE_STATE_ORAM"",""ORAM_ACCESS"",238,222],[5,""PRIVATE_STATE_ORAM"",""ORAM_ACCESS"",238,222],[5,""MESSAGE_TOOL"",""PUBLIC_EFFECT"",240,222]]"
s0-p14-v2-b1,0,14,B2-BOUNDED-ADAPTIVE-OBLIVIOUS,16,2,1,1,completed,3123.5,15,0.6,"[[1,""PRIVATE_STATE_ORAM"",""ORAM_ACCESS"",238,222],[1,""PRIVATE_STATE_ORAM"",""ORAM_ACCESS"",238,222],[1,""PRIVATE_STATE_ORAM"",""ORAM_ACCESS"",238,222],[2,""PRIVATE_STATE_ORAM"",""ORAM_ACCESS"",238,222],[2,""PRIVATE_STATE_ORAM"",""ORAM_ACCESS"",238,222],[2,""PRIVATE_STATE_ORAM"",""ORAM_ACCESS"",238,222],[3,""PRIVATE_STATE_ORAM"",""ORAM_ACCESS"",238,222],[3,""PRIVATE_STATE_ORAM"",""ORAM_ACCESS"",238,222],[3,""PRIVATE_STATE_ORAM"",""ORAM_ACCESS"",238,222],[4,""PRIVATE_STATE_ORAM"",""ORAM_ACCESS"",238,222],[4,""PRIVATE_STATE_ORAM"",""ORAM_ACCESS"",238,222],[4,""PRIVATE_STATE_ORAM"",""ORAM_ACCESS"",238,222],[5,""PRIVATE_STATE_ORAM"",""ORAM_ACCESS"",238,222],[5,""PRIVATE_STATE_ORAM"",""ORAM_ACCESS"",238,222],[5,""PRIVATE_STATE_ORAM"",""ORAM_ACCESS"",238,222],[5,""MESSAGE_TOOL"",""PUBLIC_EFFECT"",240,222]]"
s0-p15-v2-b0,0,15,B2-BOUNDED-ADAPTIVE-OBLIVIOUS,16,1,0,1,completed,2004.9,15,0.8,"[[1,""PRIVATE_STATE_ORAM"",""ORAM_ACCESS"",238,222],[1,""PRIVATE_STATE_ORAM"",""ORAM_ACCESS"",238,222],[1,""PRIVATE_STATE_ORAM"",""ORAM_ACCESS"",238,222],[2,""PRIVATE_STATE_ORAM"",""ORAM_ACCESS"",238,222],[2,""PRIVATE_STATE_ORAM"",""ORAM_ACCESS"",238,222],[2,""PRIVATE_STATE_ORAM"",""ORAM_ACCESS"",238,222],[3,""PRIVATE_STATE_ORAM"",""ORAM_ACCESS"",238,222],[3,""PRIVATE_STATE_ORAM"",""ORAM_ACCESS"",238,222],[3,""PRIVATE_STATE_ORAM"",""ORAM_ACCESS"",238,222],[4,""PRIVATE_STATE_ORAM"",""ORAM_ACCESS"",238,222],[4,""PRIVATE_STATE_ORAM"",""ORAM_ACCESS"",238,222],[4,""PRIVATE_STATE_ORAM"",""ORAM_ACCESS"",238,222],[5,""PRIVATE_STATE_ORAM"",""ORAM_ACCESS"",238,222],[5,""PRIVATE_STATE_ORAM"",""ORAM_ACCESS"",238,222],[5,""PRIVATE_STATE_ORAM"",""ORAM_ACCESS"",238,222],[5,""MESSAGE_TOOL"",""PUBLIC_EFFECT"",240,222]]"
s0-p15-v2-b1,0,15,B2-BOUNDED-ADAPTIVE-OBLIVIOUS,16,2,1,1,completed,3136.6,15,0.6,"[[1,""PRIVATE_STATE_ORAM"",""ORAM_ACCESS"",238,222],[1,""PRIVATE_STATE_ORAM"",""ORAM_ACCESS"",238,222],[1,""PRIVATE_STATE_ORAM"",""ORAM_ACCESS"",238,222],[2,""PRIVATE_STATE_ORAM"",""ORAM_ACCESS"",238,222],[2,""PRIVATE_STATE_ORAM"",""ORAM_ACCESS"",238,222],[2,""PRIVATE_STATE_ORAM"",""ORAM_ACCESS"",238,222],[3,""PRIVATE_STATE_ORAM"",""ORAM_ACCESS"",238,222],[3,""PRIVATE_STATE_ORAM"",""ORAM_ACCESS"",238,222],[3,""PRIVATE_STATE_ORAM"",""ORAM_ACCESS"",238,222],[4,""PRIVATE_STATE_ORAM"",""ORAM_ACCESS"",238,222],[4,""PRIVATE_STATE_ORAM"",""ORAM_ACCESS"",238,222],[4,""PRIVATE_STATE_ORAM"",""ORAM_ACCESS"",238,222],[5,""PRIVATE_STATE_ORAM"",""ORAM_ACCESS"",238,222],[5,""PRIVATE_STATE_ORAM"",""ORAM_ACCESS"",238,222],[5,""PRIVATE_STATE_ORAM"",""ORAM_ACCESS"",238,222],[5,""MESSAGE_TOOL"",""PUBLIC_EFFECT"",240,222]]"
s0-p16-v2-b0,0,16,B2-BOUNDED-ADAPTIVE-OBLIVIOUS,16,1,0,1,completed,2002.9,15,0.8,"[[1,""PRIVATE_STATE_ORAM"",""ORAM_ACCESS"",238,222],[1,""PRIVATE_STATE_ORAM"",""ORAM_ACCESS"",238,222],[1,""PRIVATE_STATE_ORAM"",""ORAM_ACCESS"",238,222],[2,""PRIVATE_STATE_ORAM"",""ORAM_ACCESS"",238,222],[2,""PRIVATE_STATE_ORAM"",""ORAM_ACCESS"",238,222],[2,""PRIVATE_STATE_ORAM"",""ORAM_ACCESS"",238,222],[3,""PRIVATE_STATE_ORAM"",""ORAM_ACCESS"",238,222],[3,""PRIVATE_STATE_ORAM"",""ORAM_ACCESS"",238,222],[3,""PRIVATE_STATE_ORAM"",""ORAM_ACCESS"",238,222],[4,""PRIVATE_STATE_ORAM"",""ORAM_ACCESS"",238,222],[4,""PRIVATE_STATE_ORAM"",""ORAM_ACCESS"",238,222],[4,""PRIVATE_STATE_ORAM"",""ORAM_ACCESS"",238,222],[5,""PRIVATE_STATE_ORAM"",""ORAM_ACCESS"",238,222],[5,""PRIVATE_STATE_ORAM"",""ORAM_ACCESS"",238,222],[5,""PRIVATE_STATE_ORAM"",""ORAM_ACCESS"",238,222],[5,""MESSAGE_TOOL"",""PUBLIC_EFFECT"",240,222]]"
s0-p16-v2-b1,0,16,B2-BOUNDED-ADAPTIVE-OBLIVIOUS,16,2,1,1,completed,3135.2,15,0.6,"[[1,""PRIVATE_STATE_ORAM"",""ORAM_ACCESS"",238,222],[1,""PRIVATE_STATE_ORAM"",""ORAM_ACCESS"",238,222],[1,""PRIVATE_STATE_ORAM"",""ORAM_ACCESS"",238,222],[2,""PRIVATE_STATE_ORAM"",""ORAM_ACCESS"",238,222],[2,""PRIVATE_STATE_ORAM"",""ORAM_ACCESS"",238,222],[2,""PRIVATE_STATE_ORAM"",""ORAM_ACCESS"",238,222],[3,""PRIVATE_STATE_ORAM"",""ORAM_ACCESS"",238,222],[3,""PRIVATE_STATE_ORAM"",""ORAM_ACCESS"",238,222],[3,""PRIVATE_STATE_ORAM"",""ORAM_ACCESS"",238,222],[4,""PRIVATE_STATE_ORAM"",""ORAM_ACCESS"",238,222],[4,""PRIVATE_STATE_ORAM"",""ORAM_ACCESS"",238,222],[4,""PRIVATE_STATE_ORAM"",""ORAM_ACCESS"",238,222],[5,""PRIVATE_STATE_ORAM"",""ORAM_ACCESS"",238,222],[5,""PRIVATE_STATE_ORAM"",""ORAM_ACCESS"",238,222],[5,""PRIVATE_STATE_ORAM"",""ORAM_ACCESS"",238,222],[5,""MESSAGE_TOOL"",""PUBLIC_EFFECT"",240,222]]"
s0-p17-v2-b0,0,17,B2-BOUNDED-ADAPTIVE-OBLIVIOUS,16,1,0,1,completed,2017.3,15,0.8,"[[1,""PRIVATE_STATE_ORAM"",""ORAM_ACCESS"",238,222],[1,""PRIVATE_STATE_ORAM"",""ORAM_ACCESS"",238,222],[1,""PRIVATE_STATE_ORAM"",""ORAM_ACCESS"",238,222],[2,""PRIVATE_STATE_ORAM"",""ORAM_ACCESS"",238,222],[2,""PRIVATE_STATE_ORAM"",""ORAM_ACCESS"",238,222],[2,""PRIVATE_STATE_ORAM"",""ORAM_ACCESS"",238,222],[3,""PRIVATE_STATE_ORAM"",""ORAM_ACCESS"",238,222],[3,""PRIVATE_STATE_ORAM"",""ORAM_ACCESS"",238,222],[3,""PRIVATE_STATE_ORAM"",""ORAM_ACCESS"",238,222],[4,""PRIVATE_STATE_ORAM"",""ORAM_ACCESS"",238,222],[4,""PRIVATE_STATE_ORAM"",""ORAM_ACCESS"",238,222],[4,""PRIVATE_STATE_ORAM"",""ORAM_ACCESS"",238,222],[5,""PRIVATE_STATE_ORAM"",""ORAM_ACCESS"",238,222],[5,""PRIVATE_STATE_ORAM"",""ORAM_ACCESS"",238,222],[5,""PRIVATE_STATE_ORAM"",""ORAM_ACCESS"",238,222],[5,""MESSAGE_TOOL"",""PUBLIC_EFFECT"",240,222]]"
s0-p17-v2-b1,0,17,B2-BOUNDED-ADAPTIVE-OBLIVIOUS,16,2,1,1,completed,3423.7,15,0.6,"[[1,""PRIVATE_STATE_ORAM"",""ORAM_ACCESS"",238,222],[1,""PRIVATE_STATE_ORAM"",""ORAM_ACCESS"",238,222],[1,""PRIVATE_STATE_ORAM"",""ORAM_ACCESS"",238,222],[2,""PRIVATE_STATE_ORAM"",""ORAM_ACCESS"",238,222],[2,""PRIVATE_STATE_ORAM"",""ORAM_ACCESS"",238,222],[2,""PRIVATE_STATE_ORAM"",""ORAM_ACCESS"",238,222],[3,""PRIVATE_STATE_ORAM"",""ORAM_ACCESS"",238,222],[3,""PRIVATE_STATE_ORAM"",""ORAM_ACCESS"",238,222],[3,""PRIVATE_STATE_ORAM"",""ORAM_ACCESS"",238,222],[4,""PRIVATE_STATE_ORAM"",""ORAM_ACCESS"",238,222],[4,""PRIVATE_STATE_ORAM"",""ORAM_ACCESS"",238,222],[4,""PRIVATE_STATE_ORAM"",""ORAM_ACCESS"",238,222],[5,""PRIVATE_STATE_ORAM"",""ORAM_ACCESS"",238,222],[5,""PRIVATE_STATE_ORAM"",""ORAM_ACCESS"",238,222],[5,""PRIVATE_STATE_ORAM"",""ORAM_ACCESS"",238,222],[5,""MESSAGE_TOOL"",""PUBLIC_EFFECT"",240,222]]"
s0-p18-v2-b0,0,18,B2-BOUNDED-ADAPTIVE-OBLIVIOUS,16,1,0,1,completed,2088.2,15,0.8,"[[1,""PRIVATE_STATE_ORAM"",""ORAM_ACCESS"",238,222],[1,""PRIVATE_STATE_ORAM"",""ORAM_ACCESS"",238,222],[1,""PRIVATE_STATE_ORAM"",""ORAM_ACCESS"",238,222],[2,""PRIVATE_STATE_ORAM"",""ORAM_ACCESS"",238,222],[2,""PRIVATE_STATE_ORAM"",""ORAM_ACCESS"",238,222],[2,""PRIVATE_STATE_ORAM"",""ORAM_ACCESS"",238,222],[3,""PRIVATE_STATE_ORAM"",""ORAM_ACCESS"",238,222],[3,""PRIVATE_STATE_ORAM"",""ORAM_ACCESS"",238,222],[3,""PRIVATE_STATE_ORAM"",""ORAM_ACCESS"",238,222],[4,""PRIVATE_STATE_ORAM"",""ORAM_ACCESS"",238,222],[4,""PRIVATE_STATE_ORAM"",""ORAM_ACCESS"",238,222],[4,""PRIVATE_STATE_ORAM"",""ORAM_ACCESS"",238,222],[5,""PRIVATE_STATE_ORAM"",""ORAM_ACCESS"",238,222],[5,""PRIVATE_STATE_ORAM"",""ORAM_ACCESS"",238,222],[5,""PRIVATE_STATE_ORAM"",""ORAM_ACCESS"",238,222],[5,""MESSAGE_TOOL"",""PUBLIC_EFFECT"",240,222]]"
s0-p18-v2-b1,0,18,B2-BOUNDED-ADAPTIVE-OBLIVIOUS,16,2,1,1,completed,3246.5,15,0.6,"[[1,""PRIVATE_STATE_ORAM"",""ORAM_ACCESS"",238,222],[1,""PRIVATE_STATE_ORAM"",""ORAM_ACCESS"",238,222],[1,""PRIVATE_STATE_ORAM"",""ORAM_ACCESS"",238,222],[2,""PRIVATE_STATE_ORAM"",""ORAM_ACCESS"",238,222],[2,""PRIVATE_STATE_ORAM"",""ORAM_ACCESS"",238,222],[2,""PRIVATE_STATE_ORAM"",""ORAM_ACCESS"",238,222],[3,""PRIVATE_STATE_ORAM"",""ORAM_ACCESS"",238,222],[3,""PRIVATE_STATE_ORAM"",""ORAM_ACCESS"",238,222],[3,""PRIVATE_STATE_ORAM"",""ORAM_ACCESS"",238,222],[4,""PRIVATE_STATE_ORAM"",""ORAM_ACCESS"",238,222],[4,""PRIVATE_STATE_ORAM"",""ORAM_ACCESS"",238,222],[4,""PRIVATE_STATE_ORAM"",""ORAM_ACCESS"",238,222],[5,""PRIVATE_STATE_ORAM"",""ORAM_ACCESS"",238,222],[5,""PRIVATE_STATE_ORAM"",""ORAM_ACCESS"",238,222],[5,""PRIVATE_STATE_ORAM"",""ORAM_ACCESS"",238,222],[5,""MESSAGE_TOOL"",""PUBLIC_EFFECT"",240,222]]"
s0-p19-v2-b0,0,19,B2-BOUNDED-ADAPTIVE-OBLIVIOUS,16,1,0,1,completed,2136.2,15,0.8,"[[1,""PRIVATE_STATE_ORAM"",""ORAM_ACCESS"",238,222],[1,""PRIVATE_STATE_ORAM"",""ORAM_ACCESS"",238,222],[1,""PRIVATE_STATE_ORAM"",""ORAM_ACCESS"",238,222],[2,""PRIVATE_STATE_ORAM"",""ORAM_ACCESS"",238,222],[2,""PRIVATE_STATE_ORAM"",""ORAM_ACCESS"",238,222],[2,""PRIVATE_STATE_ORAM"",""ORAM_ACCESS"",238,222],[3,""PRIVATE_STATE_ORAM"",""ORAM_ACCESS"",238,222],[3,""PRIVATE_STATE_ORAM"",""ORAM_ACCESS"",238,222],[3,""PRIVATE_STATE_ORAM"",""ORAM_ACCESS"",238,222],[4,""PRIVATE_STATE_ORAM"",""ORAM_ACCESS"",238,222],[4,""PRIVATE_STATE_ORAM"",""ORAM_ACCESS"",238,222],[4,""PRIVATE_STATE_ORAM"",""ORAM_ACCESS"",238,222],[5,""PRIVATE_STATE_ORAM"",""ORAM_ACCESS"",238,222],[5,""PRIVATE_STATE_ORAM"",""ORAM_ACCESS"",238,222],[5,""PRIVATE_STATE_ORAM"",""ORAM_ACCESS"",238,222],[5,""MESSAGE_TOOL"",""PUBLIC_EFFECT"",240,222]]"
s0-p19-v2-b1,0,19,B2-BOUNDED-ADAPTIVE-OBLIVIOUS,16,2,1,1,completed,3256.5,15,0.6,"[[1,""PRIVATE_STATE_ORAM"",""ORAM_ACCESS"",238,222],[1,""PRIVATE_STATE_ORAM"",""ORAM_ACCESS"",238,222],[1,""PRIVATE_STATE_ORAM"",""ORAM_ACCESS"",238,222],[2,""PRIVATE_STATE_ORAM"",""ORAM_ACCESS"",238,222],[2,""PRIVATE_STATE_ORAM"",""ORAM_ACCESS"",238,222],[2,""PRIVATE_STATE_ORAM"",""ORAM_ACCESS"",238,222],[3,""PRIVATE_STATE_ORAM"",""ORAM_ACCESS"",238,222],[3,""PRIVATE_STATE_ORAM"",""ORAM_ACCESS"",238,222],[3,""PRIVATE_STATE_ORAM"",""ORAM_ACCESS"",238,222],[4,""PRIVATE_STATE_ORAM"",""ORAM_ACCESS"",238,222],[4,""PRIVATE_STATE_ORAM"",""ORAM_ACCESS"",238,222],[4,""PRIVATE_STATE_ORAM"",""ORAM_ACCESS"",238,222],[5,""PRIVATE_STATE_ORAM"",""ORAM_ACCESS"",238,222],[5,""PRIVATE_STATE_ORAM"",""ORAM_ACCESS"",238,222],[5,""PRIVATE_STATE_ORAM"",""ORAM_ACCESS"",238,222],[5,""MESSAGE_TOOL"",""PUBLIC_EFFECT"",240,222]]"
s1-p0-v0-b0,1,0,B0-NATURAL,3,1,0,1,completed,2179.7,0,0.0,"[[1,""RUNTIME_BOUNDARY"",""MEDIATION_INVOCATION"",0,0],[2,""RUNTIME_BOUNDARY"",""PUBLIC_EFFECT_COMMIT"",0,0],[3,""RUNTIME_BOUNDARY"",""SANITIZED_RESULT"",0,0]]"
s1-p0-v0-b1,1,0,B0-NATURAL,6,2,1,1,completed,3318.7,0,0.0,"[[1,""RUNTIME_BOUNDARY"",""MEDIATION_INVOCATION"",0,0],[2,""RUNTIME_BOUNDARY"",""APPROVAL_INTERRUPTION"",0,0],[3,""RUNTIME_BOUNDARY"",""LOCAL_APPROVAL_DECISION"",0,0],[4,""RUNTIME_BOUNDARY"",""MEDIATION_INVOCATION"",0,0],[5,""RUNTIME_BOUNDARY"",""PUBLIC_EFFECT_COMMIT"",0,0],[6,""RUNTIME_BOUNDARY"",""SANITIZED_RESULT"",0,0]]"
s1-p1-v0-b0,1,1,B0-NATURAL,3,1,0,1,completed,2266.7,0,0.0,"[[1,""RUNTIME_BOUNDARY"",""MEDIATION_INVOCATION"",0,0],[2,""RUNTIME_BOUNDARY"",""PUBLIC_EFFECT_COMMIT"",0,0],[3,""RUNTIME_BOUNDARY"",""SANITIZED_RESULT"",0,0]]"
s1-p1-v0-b1,1,1,B0-NATURAL,6,2,1,1,completed,3685.1,0,0.0,"[[1,""RUNTIME_BOUNDARY"",""MEDIATION_INVOCATION"",0,0],[2,""RUNTIME_BOUNDARY"",""APPROVAL_INTERRUPTION"",0,0],[3,""RUNTIME_BOUNDARY"",""LOCAL_APPROVAL_DECISION"",0,0],[4,""RUNTIME_BOUNDARY"",""MEDIATION_INVOCATION"",0,0],[5,""RUNTIME_BOUNDARY"",""PUBLIC_EFFECT_COMMIT"",0,0],[6,""RUNTIME_BOUNDARY"",""SANITIZED_RESULT"",0,0]]"
s1-p2-v0-b0,1,2,B0-NATURAL,3,1,0,1,completed,2022.5,0,0.0,"[[1,""RUNTIME_BOUNDARY"",""MEDIATION_INVOCATION"",0,0],[2,""RUNTIME_BOUNDARY"",""PUBLIC_EFFECT_COMMIT"",0,0],[3,""RUNTIME_BOUNDARY"",""SANITIZED_RESULT"",0,0]]"
s1-p2-v0-b1,1,2,B0-NATURAL,6,2,1,1,completed,3246.9,0,0.0,"[[1,""RUNTIME_BOUNDARY"",""MEDIATION_INVOCATION"",0,0],[2,""RUNTIME_BOUNDARY"",""APPROVAL_INTERRUPTION"",0,0],[3,""RUNTIME_BOUNDARY"",""LOCAL_APPROVAL_DECISION"",0,0],[4,""RUNTIME_BOUNDARY"",""MEDIATION_INVOCATION"",0,0],[5,""RUNTIME_BOUNDARY"",""PUBLIC_EFFECT_COMMIT"",0,0],[6,""RUNTIME_BOUNDARY"",""SANITIZED_RESULT"",0,0]]"
s1-p3-v0-b0,1,3,B0-NATURAL,3,1,0,1,completed,2099.9,0,0.0,"[[1,""RUNTIME_BOUNDARY"",""MEDIATION_INVOCATION"",0,0],[2,""RUNTIME_BOUNDARY"",""PUBLIC_EFFECT_COMMIT"",0,0],[3,""RUNTIME_BOUNDARY"",""SANITIZED_RESULT"",0,0]]"
s1-p3-v0-b1,1,3,B0-NATURAL,6,2,1,1,completed,3258.5,0,0.0,"[[1,""RUNTIME_BOUNDARY"",""MEDIATION_INVOCATION"",0,0],[2,""RUNTIME_BOUNDARY"",""APPROVAL_INTERRUPTION"",0,0],[3,""RUNTIME_BOUNDARY"",""LOCAL_APPROVAL_DECISION"",0,0],[4,""RUNTIME_BOUNDARY"",""MEDIATION_INVOCATION"",0,0],[5,""RUNTIME_BOUNDARY"",""PUBLIC_EFFECT_COMMIT"",0,0],[6,""RUNTIME_BOUNDARY"",""SANITIZED_RESULT"",0,0]]"
s1-p4-v0-b0,1,4,B0-NATURAL,3,1,0,1,completed,2114.6,0,0.0,"[[1,""RUNTIME_BOUNDARY"",""MEDIATION_INVOCATION"",0,0],[2,""RUNTIME_BOUNDARY"",""PUBLIC_EFFECT_COMMIT"",0,0],[3,""RUNTIME_BOUNDARY"",""SANITIZED_RESULT"",0,0]]"
s1-p4-v0-b1,1,4,B0-NATURAL,6,2,1,1,completed,3253.3,0,0.0,"[[1,""RUNTIME_BOUNDARY"",""MEDIATION_INVOCATION"",0,0],[2,""RUNTIME_BOUNDARY"",""APPROVAL_INTERRUPTION"",0,0],[3,""RUNTIME_BOUNDARY"",""LOCAL_APPROVAL_DECISION"",0,0],[4,""RUNTIME_BOUNDARY"",""MEDIATION_INVOCATION"",0,0],[5,""RUNTIME_BOUNDARY"",""PUBLIC_EFFECT_COMMIT"",0,0],[6,""RUNTIME_BOUNDARY"",""SANITIZED_RESULT"",0,0]]"
s1-p5-v0-b0,1,5,B0-NATURAL,3,1,0,1,completed,2092.8,0,0.0,"[[1,""RUNTIME_BOUNDARY"",""MEDIATION_INVOCATION"",0,0],[2,""RUNTIME_BOUNDARY"",""PUBLIC_EFFECT_COMMIT"",0,0],[3,""RUNTIME_BOUNDARY"",""SANITIZED_RESULT"",0,0]]"
s1-p5-v0-b1,1,5,B0-NATURAL,6,2,1,1,completed,3242.3,0,0.0,"[[1,""RUNTIME_BOUNDARY"",""MEDIATION_INVOCATION"",0,0],[2,""RUNTIME_BOUNDARY"",""APPROVAL_INTERRUPTION"",0,0],[3,""RUNTIME_BOUNDARY"",""LOCAL_APPROVAL_DECISION"",0,0],[4,""RUNTIME_BOUNDARY"",""MEDIATION_INVOCATION"",0,0],[5,""RUNTIME_BOUNDARY"",""PUBLIC_EFFECT_COMMIT"",0,0],[6,""RUNTIME_BOUNDARY"",""SANITIZED_RESULT"",0,0]]"
s1-p6-v0-b0,1,6,B0-NATURAL,3,1,0,1,completed,2302.2,0,0.0,"[[1,""RUNTIME_BOUNDARY"",""MEDIATION_INVOCATION"",0,0],[2,""RUNTIME_BOUNDARY"",""PUBLIC_EFFECT_COMMIT"",0,0],[3,""RUNTIME_BOUNDARY"",""SANITIZED_RESULT"",0,0]]"
s1-p6-v0-b1,1,6,B0-NATURAL,6,2,1,1,completed,3273.3,0,0.0,"[[1,""RUNTIME_BOUNDARY"",""MEDIATION_INVOCATION"",0,0],[2,""RUNTIME_BOUNDARY"",""APPROVAL_INTERRUPTION"",0,0],[3,""RUNTIME_BOUNDARY"",""LOCAL_APPROVAL_DECISION"",0,0],[4,""RUNTIME_BOUNDARY"",""MEDIATION_INVOCATION"",0,0],[5,""RUNTIME_BOUNDARY"",""PUBLIC_EFFECT_COMMIT"",0,0],[6,""RUNTIME_BOUNDARY"",""SANITIZED_RESULT"",0,0]]"
s1-p7-v0-b0,1,7,B0-NATURAL,3,1,0,1,completed,2102.6,0,0.0,"[[1,""RUNTIME_BOUNDARY"",""MEDIATION_INVOCATION"",0,0],[2,""RUNTIME_BOUNDARY"",""PUBLIC_EFFECT_COMMIT"",0,0],[3,""RUNTIME_BOUNDARY"",""SANITIZED_RESULT"",0,0]]"
s1-p7-v0-b1,1,7,B0-NATURAL,6,2,1,1,completed,3118.5,0,0.0,"[[1,""RUNTIME_BOUNDARY"",""MEDIATION_INVOCATION"",0,0],[2,""RUNTIME_BOUNDARY"",""APPROVAL_INTERRUPTION"",0,0],[3,""RUNTIME_BOUNDARY"",""LOCAL_APPROVAL_DECISION"",0,0],[4,""RUNTIME_BOUNDARY"",""MEDIATION_INVOCATION"",0,0],[5,""RUNTIME_BOUNDARY"",""PUBLIC_EFFECT_COMMIT"",0,0],[6,""RUNTIME_BOUNDARY"",""SANITIZED_RESULT"",0,0]]"
s1-p8-v0-b0,1,8,B0-NATURAL,3,1,0,1,completed,1961.9,0,0.0,"[[1,""RUNTIME_BOUNDARY"",""MEDIATION_INVOCATION"",0,0],[2,""RUNTIME_BOUNDARY"",""PUBLIC_EFFECT_COMMIT"",0,0],[3,""RUNTIME_BOUNDARY"",""SANITIZED_RESULT"",0,0]]"
s1-p8-v0-b1,1,8,B0-NATURAL,6,2,1,1,completed,3143.9,0,0.0,"[[1,""RUNTIME_BOUNDARY"",""MEDIATION_INVOCATION"",0,0],[2,""RUNTIME_BOUNDARY"",""APPROVAL_INTERRUPTION"",0,0],[3,""RUNTIME_BOUNDARY"",""LOCAL_APPROVAL_DECISION"",0,0],[4,""RUNTIME_BOUNDARY"",""MEDIATION_INVOCATION"",0,0],[5,""RUNTIME_BOUNDARY"",""PUBLIC_EFFECT_COMMIT"",0,0],[6,""RUNTIME_BOUNDARY"",""SANITIZED_RESULT"",0,0]]"
s1-p9-v0-b0,1,9,B0-NATURAL,3,1,0,1,completed,2039.9,0,0.0,"[[1,""RUNTIME_BOUNDARY"",""MEDIATION_INVOCATION"",0,0],[2,""RUNTIME_BOUNDARY"",""PUBLIC_EFFECT_COMMIT"",0,0],[3,""RUNTIME_BOUNDARY"",""SANITIZED_RESULT"",0,0]]"
s1-p9-v0-b1,1,9,B0-NATURAL,6,2,1,1,completed,3123.2,0,0.0,"[[1,""RUNTIME_BOUNDARY"",""MEDIATION_INVOCATION"",0,0],[2,""RUNTIME_BOUNDARY"",""APPROVAL_INTERRUPTION"",0,0],[3,""RUNTIME_BOUNDARY"",""LOCAL_APPROVAL_DECISION"",0,0],[4,""RUNTIME_BOUNDARY"",""MEDIATION_INVOCATION"",0,0],[5,""RUNTIME_BOUNDARY"",""PUBLIC_EFFECT_COMMIT"",0,0],[6,""RUNTIME_BOUNDARY"",""SANITIZED_RESULT"",0,0]]"
s1-p10-v0-b0,1,10,B0-NATURAL,3,1,0,1,completed,2110.8,0,0.0,"[[1,""RUNTIME_BOUNDARY"",""MEDIATION_INVOCATION"",0,0],[2,""RUNTIME_BOUNDARY"",""PUBLIC_EFFECT_COMMIT"",0,0],[3,""RUNTIME_BOUNDARY"",""SANITIZED_RESULT"",0,0]]"
s1-p10-v0-b1,1,10,B0-NATURAL,6,2,1,1,completed,3434.7,0,0.0,"[[1,""RUNTIME_BOUNDARY"",""MEDIATION_INVOCATION"",0,0],[2,""RUNTIME_BOUNDARY"",""APPROVAL_INTERRUPTION"",0,0],[3,""RUNTIME_BOUNDARY"",""LOCAL_APPROVAL_DECISION"",0,0],[4,""RUNTIME_BOUNDARY"",""MEDIATION_INVOCATION"",0,0],[5,""RUNTIME_BOUNDARY"",""PUBLIC_EFFECT_COMMIT"",0,0],[6,""RUNTIME_BOUNDARY"",""SANITIZED_RESULT"",0,0]]"
s1-p11-v0-b0,1,11,B0-NATURAL,3,1,0,1,completed,2042.7,0,0.0,"[[1,""RUNTIME_BOUNDARY"",""MEDIATION_INVOCATION"",0,0],[2,""RUNTIME_BOUNDARY"",""PUBLIC_EFFECT_COMMIT"",0,0],[3,""RUNTIME_BOUNDARY"",""SANITIZED_RESULT"",0,0]]"
s1-p11-v0-b1,1,11,B0-NATURAL,6,2,1,1,completed,3148.6,0,0.0,"[[1,""RUNTIME_BOUNDARY"",""MEDIATION_INVOCATION"",0,0],[2,""RUNTIME_BOUNDARY"",""APPROVAL_INTERRUPTION"",0,0],[3,""RUNTIME_BOUNDARY"",""LOCAL_APPROVAL_DECISION"",0,0],[4,""RUNTIME_BOUNDARY"",""MEDIATION_INVOCATION"",0,0],[5,""RUNTIME_BOUNDARY"",""PUBLIC_EFFECT_COMMIT"",0,0],[6,""RUNTIME_BOUNDARY"",""SANITIZED_RESULT"",0,0]]"
s1-p12-v0-b0,1,12,B0-NATURAL,3,1,0,1,completed,2036.6,0,0.0,"[[1,""RUNTIME_BOUNDARY"",""MEDIATION_INVOCATION"",0,0],[2,""RUNTIME_BOUNDARY"",""PUBLIC_EFFECT_COMMIT"",0,0],[3,""RUNTIME_BOUNDARY"",""SANITIZED_RESULT"",0,0]]"
s1-p12-v0-b1,1,12,B0-NATURAL,6,2,1,1,completed,3355.7,0,0.0,"[[1,""RUNTIME_BOUNDARY"",""MEDIATION_INVOCATION"",0,0],[2,""RUNTIME_BOUNDARY"",""APPROVAL_INTERRUPTION"",0,0],[3,""RUNTIME_BOUNDARY"",""LOCAL_APPROVAL_DECISION"",0,0],[4,""RUNTIME_BOUNDARY"",""MEDIATION_INVOCATION"",0,0],[5,""RUNTIME_BOUNDARY"",""PUBLIC_EFFECT_COMMIT"",0,0],[6,""RUNTIME_BOUNDARY"",""SANITIZED_RESULT"",0,0]]"
s1-p13-v0-b0,1,13,B0-NATURAL,3,1,0,1,completed,2105.6,0,0.0,"[[1,""RUNTIME_BOUNDARY"",""MEDIATION_INVOCATION"",0,0],[2,""RUNTIME_BOUNDARY"",""PUBLIC_EFFECT_COMMIT"",0,0],[3,""RUNTIME_BOUNDARY"",""SANITIZED_RESULT"",0,0]]"
s1-p13-v0-b1,1,13,B0-NATURAL,6,2,1,1,completed,3264.2,0,0.0,"[[1,""RUNTIME_BOUNDARY"",""MEDIATION_INVOCATION"",0,0],[2,""RUNTIME_BOUNDARY"",""APPROVAL_INTERRUPTION"",0,0],[3,""RUNTIME_BOUNDARY"",""LOCAL_APPROVAL_DECISION"",0,0],[4,""RUNTIME_BOUNDARY"",""MEDIATION_INVOCATION"",0,0],[5,""RUNTIME_BOUNDARY"",""PUBLIC_EFFECT_COMMIT"",0,0],[6,""RUNTIME_BOUNDARY"",""SANITIZED_RESULT"",0,0]]"
s1-p14-v0-b0,1,14,B0-NATURAL,3,1,0,1,completed,2110.3,0,0.0,"[[1,""RUNTIME_BOUNDARY"",""MEDIATION_INVOCATION"",0,0],[2,""RUNTIME_BOUNDARY"",""PUBLIC_EFFECT_COMMIT"",0,0],[3,""RUNTIME_BOUNDARY"",""SANITIZED_RESULT"",0,0]]"
s1-p14-v0-b1,1,14,B0-NATURAL,6,2,1,1,completed,3299.3,0,0.0,"[[1,""RUNTIME_BOUNDARY"",""MEDIATION_INVOCATION"",0,0],[2,""RUNTIME_BOUNDARY"",""APPROVAL_INTERRUPTION"",0,0],[3,""RUNTIME_BOUNDARY"",""LOCAL_APPROVAL_DECISION"",0,0],[4,""RUNTIME_BOUNDARY"",""MEDIATION_INVOCATION"",0,0],[5,""RUNTIME_BOUNDARY"",""PUBLIC_EFFECT_COMMIT"",0,0],[6,""RUNTIME_BOUNDARY"",""SANITIZED_RESULT"",0,0]]"
s1-p15-v0-b0,1,15,B0-NATURAL,3,1,0,1,completed,2327.7,0,0.0,"[[1,""RUNTIME_BOUNDARY"",""MEDIATION_INVOCATION"",0,0],[2,""RUNTIME_BOUNDARY"",""PUBLIC_EFFECT_COMMIT"",0,0],[3,""RUNTIME_BOUNDARY"",""SANITIZED_RESULT"",0,0]]"
s1-p15-v0-b1,1,15,B0-NATURAL,6,2,1,1,completed,3469.0,0,0.0,"[[1,""RUNTIME_BOUNDARY"",""MEDIATION_INVOCATION"",0,0],[2,""RUNTIME_BOUNDARY"",""APPROVAL_INTERRUPTION"",0,0],[3,""RUNTIME_BOUNDARY"",""LOCAL_APPROVAL_DECISION"",0,0],[4,""RUNTIME_BOUNDARY"",""MEDIATION_INVOCATION"",0,0],[5,""RUNTIME_BOUNDARY"",""PUBLIC_EFFECT_COMMIT"",0,0],[6,""RUNTIME_BOUNDARY"",""SANITIZED_RESULT"",0,0]]"
s1-p16-v0-b0,1,16,B0-NATURAL,3,1,0,1,completed,2095.3,0,0.0,"[[1,""RUNTIME_BOUNDARY"",""MEDIATION_INVOCATION"",0,0],[2,""RUNTIME_BOUNDARY"",""PUBLIC_EFFECT_COMMIT"",0,0],[3,""RUNTIME_BOUNDARY"",""SANITIZED_RESULT"",0,0]]"
s1-p16-v0-b1,1,16,B0-NATURAL,6,2,1,1,completed,3313.8,0,0.0,"[[1,""RUNTIME_BOUNDARY"",""MEDIATION_INVOCATION"",0,0],[2,""RUNTIME_BOUNDARY"",""APPROVAL_INTERRUPTION"",0,0],[3,""RUNTIME_BOUNDARY"",""LOCAL_APPROVAL_DECISION"",0,0],[4,""RUNTIME_BOUNDARY"",""MEDIATION_INVOCATION"",0,0],[5,""RUNTIME_BOUNDARY"",""PUBLIC_EFFECT_COMMIT"",0,0],[6,""RUNTIME_BOUNDARY"",""SANITIZED_RESULT"",0,0]]"
s1-p17-v0-b0,1,17,B0-NATURAL,3,1,0,1,completed,2117.1,0,0.0,"[[1,""RUNTIME_BOUNDARY"",""MEDIATION_INVOCATION"",0,0],[2,""RUNTIME_BOUNDARY"",""PUBLIC_EFFECT_COMMIT"",0,0],[3,""RUNTIME_BOUNDARY"",""SANITIZED_RESULT"",0,0]]"
s1-p17-v0-b1,1,17,B0-NATURAL,6,2,1,1,completed,3223.0,0,0.0,"[[1,""RUNTIME_BOUNDARY"",""MEDIATION_INVOCATION"",0,0],[2,""RUNTIME_BOUNDARY"",""APPROVAL_INTERRUPTION"",0,0],[3,""RUNTIME_BOUNDARY"",""LOCAL_APPROVAL_DECISION"",0,0],[4,""RUNTIME_BOUNDARY"",""MEDIATION_INVOCATION"",0,0],[5,""RUNTIME_BOUNDARY"",""PUBLIC_EFFECT_COMMIT"",0,0],[6,""RUNTIME_BOUNDARY"",""SANITIZED_RESULT"",0,0]]"
s1-p18-v0-b0,1,18,B0-NATURAL,3,1,0,1,completed,2115.3,0,0.0,"[[1,""RUNTIME_BOUNDARY"",""MEDIATION_INVOCATION"",0,0],[2,""RUNTIME_BOUNDARY"",""PUBLIC_EFFECT_COMMIT"",0,0],[3,""RUNTIME_BOUNDARY"",""SANITIZED_RESULT"",0,0]]"
s1-p18-v0-b1,1,18,B0-NATURAL,6,2,1,1,completed,3282.7,0,0.0,"[[1,""RUNTIME_BOUNDARY"",""MEDIATION_INVOCATION"",0,0],[2,""RUNTIME_BOUNDARY"",""APPROVAL_INTERRUPTION"",0,0],[3,""RUNTIME_BOUNDARY"",""LOCAL_APPROVAL_DECISION"",0,0],[4,""RUNTIME_BOUNDARY"",""MEDIATION_INVOCATION"",0,0],[5,""RUNTIME_BOUNDARY"",""PUBLIC_EFFECT_COMMIT"",0,0],[6,""RUNTIME_BOUNDARY"",""SANITIZED_RESULT"",0,0]]"
s1-p19-v0-b0,1,19,B0-NATURAL,3,1,0,1,completed,2013.4,0,0.0,"[[1,""RUNTIME_BOUNDARY"",""MEDIATION_INVOCATION"",0,0],[2,""RUNTIME_BOUNDARY"",""PUBLIC_EFFECT_COMMIT"",0,0],[3,""RUNTIME_BOUNDARY"",""SANITIZED_RESULT"",0,0]]"
s1-p19-v0-b1,1,19,B0-NATURAL,6,2,1,1,completed,3383.4,0,0.0,"[[1,""RUNTIME_BOUNDARY"",""MEDIATION_INVOCATION"",0,0],[2,""RUNTIME_BOUNDARY"",""APPROVAL_INTERRUPTION"",0,0],[3,""RUNTIME_BOUNDARY"",""LOCAL_APPROVAL_DECISION"",0,0],[4,""RUNTIME_BOUNDARY"",""MEDIATION_INVOCATION"",0,0],[5,""RUNTIME_BOUNDARY"",""PUBLIC_EFFECT_COMMIT"",0,0],[6,""RUNTIME_BOUNDARY"",""SANITIZED_RESULT"",0,0]]"
s1-p0-v1-b0,1,0,B1-PER-ACTION-OBLIVIOUS,4,1,0,1,completed,1996.8,3,0.0,"[[1,""PRIVATE_STATE_ORAM"",""ORAM_ACCESS"",451,444],[1,""PRIVATE_STATE_ORAM"",""ORAM_ACCESS"",451,444],[1,""PRIVATE_STATE_ORAM"",""ORAM_ACCESS"",451,444],[1,""MESSAGE_TOOL"",""PUBLIC_EFFECT"",451,444]]"
s1-p0-v1-b1,1,0,B1-PER-ACTION-OBLIVIOUS,7,2,1,1,completed,3210.2,6,0.0,"[[1,""PRIVATE_STATE_ORAM"",""ORAM_ACCESS"",451,444],[1,""PRIVATE_STATE_ORAM"",""ORAM_ACCESS"",451,444],[1,""PRIVATE_STATE_ORAM"",""ORAM_ACCESS"",451,444],[2,""PRIVATE_STATE_ORAM"",""ORAM_ACCESS"",451,444],[2,""PRIVATE_STATE_ORAM"",""ORAM_ACCESS"",451,444],[2,""PRIVATE_STATE_ORAM"",""ORAM_ACCESS"",451,444],[2,""MESSAGE_TOOL"",""PUBLIC_EFFECT"",451,444]]"
s1-p1-v1-b0,1,1,B1-PER-ACTION-OBLIVIOUS,4,1,0,1,completed,2022.8,3,0.0,"[[1,""PRIVATE_STATE_ORAM"",""ORAM_ACCESS"",451,444],[1,""PRIVATE_STATE_ORAM"",""ORAM_ACCESS"",451,444],[1,""PRIVATE_STATE_ORAM"",""ORAM_ACCESS"",451,444],[1,""MESSAGE_TOOL"",""PUBLIC_EFFECT"",451,444]]"
s1-p1-v1-b1,1,1,B1-PER-ACTION-OBLIVIOUS,7,2,1,1,completed,3246.0,6,0.0,"[[1,""PRIVATE_STATE_ORAM"",""ORAM_ACCESS"",451,444],[1,""PRIVATE_STATE_ORAM"",""ORAM_ACCESS"",451,444],[1,""PRIVATE_STATE_ORAM"",""ORAM_ACCESS"",451,444],[2,""PRIVATE_STATE_ORAM"",""ORAM_ACCESS"",451,444],[2,""PRIVATE_STATE_ORAM"",""ORAM_ACCESS"",451,444],[2,""PRIVATE_STATE_ORAM"",""ORAM_ACCESS"",451,444],[2,""MESSAGE_TOOL"",""PUBLIC_EFFECT"",451,444]]"
s1-p2-v1-b0,1,2,B1-PER-ACTION-OBLIVIOUS,4,1,0,1,completed,2198.0,3,0.0,"[[1,""PRIVATE_STATE_ORAM"",""ORAM_ACCESS"",451,444],[1,""PRIVATE_STATE_ORAM"",""ORAM_ACCESS"",451,444],[1,""PRIVATE_STATE_ORAM"",""ORAM_ACCESS"",451,444],[1,""MESSAGE_TOOL"",""PUBLIC_EFFECT"",451,444]]"
s1-p2-v1-b1,1,2,B1-PER-ACTION-OBLIVIOUS,7,2,1,1,completed,3287.5,6,0.0,"[[1,""PRIVATE_STATE_ORAM"",""ORAM_ACCESS"",451,444],[1,""PRIVATE_STATE_ORAM"",""ORAM_ACCESS"",451,444],[1,""PRIVATE_STATE_ORAM"",""ORAM_ACCESS"",451,444],[2,""PRIVATE_STATE_ORAM"",""ORAM_ACCESS"",451,444],[2,""PRIVATE_STATE_ORAM"",""ORAM_ACCESS"",451,444],[2,""PRIVATE_STATE_ORAM"",""ORAM_ACCESS"",451,444],[2,""MESSAGE_TOOL"",""PUBLIC_EFFECT"",451,444]]"
s1-p3-v1-b0,1,3,B1-PER-ACTION-OBLIVIOUS,4,1,0,1,completed,2091.4,3,0.0,"[[1,""PRIVATE_STATE_ORAM"",""ORAM_ACCESS"",451,444],[1,""PRIVATE_STATE_ORAM"",""ORAM_ACCESS"",451,444],[1,""PRIVATE_STATE_ORAM"",""ORAM_ACCESS"",451,444],[1,""MESSAGE_TOOL"",""PUBLIC_EFFECT"",451,444]]"
s1-p3-v1-b1,1,3,B1-PER-ACTION-OBLIVIOUS,7,2,1,1,completed,3345.6,6,0.0,"[[1,""PRIVATE_STATE_ORAM"",""ORAM_ACCESS"",451,444],[1,""PRIVATE_STATE_ORAM"",""ORAM_ACCESS"",451,444],[1,""PRIVATE_STATE_ORAM"",""ORAM_ACCESS"",451,444],[2,""PRIVATE_STATE_ORAM"",""ORAM_ACCESS"",451,444],[2,""PRIVATE_STATE_ORAM"",""ORAM_ACCESS"",451,444],[2,""PRIVATE_STATE_ORAM"",""ORAM_ACCESS"",451,444],[2,""MESSAGE_TOOL"",""PUBLIC_EFFECT"",451,444]]"
s1-p4-v1-b0,1,4,B1-PER-ACTION-OBLIVIOUS,4,1,0,1,completed,2402.5,3,0.0,"[[1,""PRIVATE_STATE_ORAM"",""ORAM_ACCESS"",451,444],[1,""PRIVATE_STATE_ORAM"",""ORAM_ACCESS"",451,444],[1,""PRIVATE_STATE_ORAM"",""ORAM_ACCESS"",451,444],[1,""MESSAGE_TOOL"",""PUBLIC_EFFECT"",451,444]]"
s1-p4-v1-b1,1,4,B1-PER-ACTION-OBLIVIOUS,7,2,1,1,completed,3217.0,6,0.0,"[[1,""PRIVATE_STATE_ORAM"",""ORAM_ACCESS"",451,444],[1,""PRIVATE_STATE_ORAM"",""ORAM_ACCESS"",451,444],[1,""PRIVATE_STATE_ORAM"",""ORAM_ACCESS"",451,444],[2,""PRIVATE_STATE_ORAM"",""ORAM_ACCESS"",451,444],[2,""PRIVATE_STATE_ORAM"",""ORAM_ACCESS"",451,444],[2,""PRIVATE_STATE_ORAM"",""ORAM_ACCESS"",451,444],[2,""MESSAGE_TOOL"",""PUBLIC_EFFECT"",451,444]]"
s1-p5-v1-b0,1,5,B1-PER-ACTION-OBLIVIOUS,4,1,0,1,completed,2114.3,3,0.0,"[[1,""PRIVATE_STATE_ORAM"",""ORAM_ACCESS"",451,444],[1,""PRIVATE_STATE_ORAM"",""ORAM_ACCESS"",451,444],[1,""PRIVATE_STATE_ORAM"",""ORAM_ACCESS"",451,444],[1,""MESSAGE_TOOL"",""PUBLIC_EFFECT"",451,444]]"
s1-p5-v1-b1,1,5,B1-PER-ACTION-OBLIVIOUS,7,2,1,1,completed,3327.4,6,0.0,"[[1,""PRIVATE_STATE_ORAM"",""ORAM_ACCESS"",451,444],[1,""PRIVATE_STATE_ORAM"",""ORAM_ACCESS"",451,444],[1,""PRIVATE_STATE_ORAM"",""ORAM_ACCESS"",451,444],[2,""PRIVATE_STATE_ORAM"",""ORAM_ACCESS"",451,444],[2,""PRIVATE_STATE_ORAM"",""ORAM_ACCESS"",451,444],[2,""PRIVATE_STATE_ORAM"",""ORAM_ACCESS"",451,444],[2,""MESSAGE_TOOL"",""PUBLIC_EFFECT"",451,444]]"
s1-p6-v1-b0,1,6,B1-PER-ACTION-OBLIVIOUS,4,1,0,1,completed,2148.8,3,0.0,"[[1,""PRIVATE_STATE_ORAM"",""ORAM_ACCESS"",451,444],[1,""PRIVATE_STATE_ORAM"",""ORAM_ACCESS"",451,444],[1,""PRIVATE_STATE_ORAM"",""ORAM_ACCESS"",451,444],[1,""MESSAGE_TOOL"",""PUBLIC_EFFECT"",451,444]]"
s1-p6-v1-b1,1,6,B1-PER-ACTION-OBLIVIOUS,7,2,1,1,completed,3191.1,6,0.0,"[[1,""PRIVATE_STATE_ORAM"",""ORAM_ACCESS"",451,444],[1,""PRIVATE_STATE_ORAM"",""ORAM_ACCESS"",451,444],[1,""PRIVATE_STATE_ORAM"",""ORAM_ACCESS"",451,444],[2,""PRIVATE_STATE_ORAM"",""ORAM_ACCESS"",451,444],[2,""PRIVATE_STATE_ORAM"",""ORAM_ACCESS"",451,444],[2,""PRIVATE_STATE_ORAM"",""ORAM_ACCESS"",451,444],[2,""MESSAGE_TOOL"",""PUBLIC_EFFECT"",451,444]]"
s1-p7-v1-b0,1,7,B1-PER-ACTION-OBLIVIOUS,4,1,0,1,completed,2050.6,3,0.0,"[[1,""PRIVATE_STATE_ORAM"",""ORAM_ACCESS"",451,444],[1,""PRIVATE_STATE_ORAM"",""ORAM_ACCESS"",451,444],[1,""PRIVATE_STATE_ORAM"",""ORAM_ACCESS"",451,444],[1,""MESSAGE_TOOL"",""PUBLIC_EFFECT"",451,444]]"
s1-p7-v1-b1,1,7,B1-PER-ACTION-OBLIVIOUS,7,2,1,1,completed,3376.1,6,0.0,"[[1,""PRIVATE_STATE_ORAM"",""ORAM_ACCESS"",451,444],[1,""PRIVATE_STATE_ORAM"",""ORAM_ACCESS"",451,444],[1,""PRIVATE_STATE_ORAM"",""ORAM_ACCESS"",451,444],[2,""PRIVATE_STATE_ORAM"",""ORAM_ACCESS"",451,444],[2,""PRIVATE_STATE_ORAM"",""ORAM_ACCESS"",451,444],[2,""PRIVATE_STATE_ORAM"",""ORAM_ACCESS"",451,444],[2,""MESSAGE_TOOL"",""PUBLIC_EFFECT"",451,444]]"
s1-p8-v1-b0,1,8,B1-PER-ACTION-OBLIVIOUS,4,1,0,1,completed,2072.8,3,0.0,"[[1,""PRIVATE_STATE_ORAM"",""ORAM_ACCESS"",451,444],[1,""PRIVATE_STATE_ORAM"",""ORAM_ACCESS"",451,444],[1,""PRIVATE_STATE_ORAM"",""ORAM_ACCESS"",451,444],[1,""MESSAGE_TOOL"",""PUBLIC_EFFECT"",451,444]]"
s1-p8-v1-b1,1,8,B1-PER-ACTION-OBLIVIOUS,7,2,1,1,completed,3437.2,6,0.0,"[[1,""PRIVATE_STATE_ORAM"",""ORAM_ACCESS"",451,444],[1,""PRIVATE_STATE_ORAM"",""ORAM_ACCESS"",451,444],[1,""PRIVATE_STATE_ORAM"",""ORAM_ACCESS"",451,444],[2,""PRIVATE_STATE_ORAM"",""ORAM_ACCESS"",451,444],[2,""PRIVATE_STATE_ORAM"",""ORAM_ACCESS"",451,444],[2,""PRIVATE_STATE_ORAM"",""ORAM_ACCESS"",451,444],[2,""MESSAGE_TOOL"",""PUBLIC_EFFECT"",451,444]]"
s1-p9-v1-b0,1,9,B1-PER-ACTION-OBLIVIOUS,4,1,0,1,completed,2056.8,3,0.0,"[[1,""PRIVATE_STATE_ORAM"",""ORAM_ACCESS"",451,444],[1,""PRIVATE_STATE_ORAM"",""ORAM_ACCESS"",451,444],[1,""PRIVATE_STATE_ORAM"",""ORAM_ACCESS"",451,444],[1,""MESSAGE_TOOL"",""PUBLIC_EFFECT"",451,444]]"
s1-p9-v1-b1,1,9,B1-PER-ACTION-OBLIVIOUS,7,2,1,1,completed,3311.0,6,0.0,"[[1,""PRIVATE_STATE_ORAM"",""ORAM_ACCESS"",451,444],[1,""PRIVATE_STATE_ORAM"",""ORAM_ACCESS"",451,444],[1,""PRIVATE_STATE_ORAM"",""ORAM_ACCESS"",451,444],[2,""PRIVATE_STATE_ORAM"",""ORAM_ACCESS"",451,444],[2,""PRIVATE_STATE_ORAM"",""ORAM_ACCESS"",451,444],[2,""PRIVATE_STATE_ORAM"",""ORAM_ACCESS"",451,444],[2,""MESSAGE_TOOL"",""PUBLIC_EFFECT"",451,444]]"
s1-p10-v1-b0,1,10,B1-PER-ACTION-OBLIVIOUS,4,1,0,1,completed,2051.8,3,0.0,"[[1,""PRIVATE_STATE_ORAM"",""ORAM_ACCESS"",451,444],[1,""PRIVATE_STATE_ORAM"",""ORAM_ACCESS"",451,444],[1,""PRIVATE_STATE_ORAM"",""ORAM_ACCESS"",451,444],[1,""MESSAGE_TOOL"",""PUBLIC_EFFECT"",451,444]]"
s1-p10-v1-b1,1,10,B1-PER-ACTION-OBLIVIOUS,7,2,1,1,completed,3219.9,6,0.0,"[[1,""PRIVATE_STATE_ORAM"",""ORAM_ACCESS"",451,444],[1,""PRIVATE_STATE_ORAM"",""ORAM_ACCESS"",451,444],[1,""PRIVATE_STATE_ORAM"",""ORAM_ACCESS"",451,444],[2,""PRIVATE_STATE_ORAM"",""ORAM_ACCESS"",451,444],[2,""PRIVATE_STATE_ORAM"",""ORAM_ACCESS"",451,444],[2,""PRIVATE_STATE_ORAM"",""ORAM_ACCESS"",451,444],[2,""MESSAGE_TOOL"",""PUBLIC_EFFECT"",451,444]]"
s1-p11-v1-b0,1,11,B1-PER-ACTION-OBLIVIOUS,4,1,0,1,completed,2112.6,3,0.0,"[[1,""PRIVATE_STATE_ORAM"",""ORAM_ACCESS"",451,444],[1,""PRIVATE_STATE_ORAM"",""ORAM_ACCESS"",451,444],[1,""PRIVATE_STATE_ORAM"",""ORAM_ACCESS"",451,444],[1,""MESSAGE_TOOL"",""PUBLIC_EFFECT"",451,444]]"
s1-p11-v1-b1,1,11,B1-PER-ACTION-OBLIVIOUS,7,2,1,1,completed,3190.2,6,0.0,"[[1,""PRIVATE_STATE_ORAM"",""ORAM_ACCESS"",451,444],[1,""PRIVATE_STATE_ORAM"",""ORAM_ACCESS"",451,444],[1,""PRIVATE_STATE_ORAM"",""ORAM_ACCESS"",451,444],[2,""PRIVATE_STATE_ORAM"",""ORAM_ACCESS"",451,444],[2,""PRIVATE_STATE_ORAM"",""ORAM_ACCESS"",451,444],[2,""PRIVATE_STATE_ORAM"",""ORAM_ACCESS"",451,444],[2,""MESSAGE_TOOL"",""PUBLIC_EFFECT"",451,444]]"
s1-p12-v1-b0,1,12,B1-PER-ACTION-OBLIVIOUS,4,1,0,1,completed,2025.1,3,0.0,"[[1,""PRIVATE_STATE_ORAM"",""ORAM_ACCESS"",451,444],[1,""PRIVATE_STATE_ORAM"",""ORAM_ACCESS"",451,444],[1,""PRIVATE_STATE_ORAM"",""ORAM_ACCESS"",451,444],[1,""MESSAGE_TOOL"",""PUBLIC_EFFECT"",451,444]]"
s1-p12-v1-b1,1,12,B1-PER-ACTION-OBLIVIOUS,7,2,1,1,completed,3210.3,6,0.0,"[[1,""PRIVATE_STATE_ORAM"",""ORAM_ACCESS"",451,444],[1,""PRIVATE_STATE_ORAM"",""ORAM_ACCESS"",451,444],[1,""PRIVATE_STATE_ORAM"",""ORAM_ACCESS"",451,444],[2,""PRIVATE_STATE_ORAM"",""ORAM_ACCESS"",451,444],[2,""PRIVATE_STATE_ORAM"",""ORAM_ACCESS"",451,444],[2,""PRIVATE_STATE_ORAM"",""ORAM_ACCESS"",451,444],[2,""MESSAGE_TOOL"",""PUBLIC_EFFECT"",451,444]]"
s1-p13-v1-b0,1,13,B1-PER-ACTION-OBLIVIOUS,4,1,0,1,completed,2273.9,3,0.0,"[[1,""PRIVATE_STATE_ORAM"",""ORAM_ACCESS"",451,444],[1,""PRIVATE_STATE_ORAM"",""ORAM_ACCESS"",451,444],[1,""PRIVATE_STATE_ORAM"",""ORAM_ACCESS"",451,444],[1,""MESSAGE_TOOL"",""PUBLIC_EFFECT"",451,444]]"
s1-p13-v1-b1,1,13,B1-PER-ACTION-OBLIVIOUS,7,2,1,1,completed,3228.4,6,0.0,"[[1,""PRIVATE_STATE_ORAM"",""ORAM_ACCESS"",451,444],[1,""PRIVATE_STATE_ORAM"",""ORAM_ACCESS"",451,444],[1,""PRIVATE_STATE_ORAM"",""ORAM_ACCESS"",451,444],[2,""PRIVATE_STATE_ORAM"",""ORAM_ACCESS"",451,444],[2,""PRIVATE_STATE_ORAM"",""ORAM_ACCESS"",451,444],[2,""PRIVATE_STATE_ORAM"",""ORAM_ACCESS"",451,444],[2,""MESSAGE_TOOL"",""PUBLIC_EFFECT"",451,444]]"
s1-p14-v1-b0,1,14,B1-PER-ACTION-OBLIVIOUS,4,1,0,1,completed,2049.0,3,0.0,"[[1,""PRIVATE_STATE_ORAM"",""ORAM_ACCESS"",451,444],[1,""PRIVATE_STATE_ORAM"",""ORAM_ACCESS"",451,444],[1,""PRIVATE_STATE_ORAM"",""ORAM_ACCESS"",451,444],[1,""MESSAGE_TOOL"",""PUBLIC_EFFECT"",451,444]]"
s1-p14-v1-b1,1,14,B1-PER-ACTION-OBLIVIOUS,7,2,1,1,completed,3266.2,6,0.0,"[[1,""PRIVATE_STATE_ORAM"",""ORAM_ACCESS"",451,444],[1,""PRIVATE_STATE_ORAM"",""ORAM_ACCESS"",451,444],[1,""PRIVATE_STATE_ORAM"",""ORAM_ACCESS"",451,444],[2,""PRIVATE_STATE_ORAM"",""ORAM_ACCESS"",451,444],[2,""PRIVATE_STATE_ORAM"",""ORAM_ACCESS"",451,444],[2,""PRIVATE_STATE_ORAM"",""ORAM_ACCESS"",451,444],[2,""MESSAGE_TOOL"",""PUBLIC_EFFECT"",451,444]]"
s1-p15-v1-b0,1,15,B1-PER-ACTION-OBLIVIOUS,4,1,0,1,completed,2095.3,3,0.0,"[[1,""PRIVATE_STATE_ORAM"",""ORAM_ACCESS"",451,444],[1,""PRIVATE_STATE_ORAM"",""ORAM_ACCESS"",451,444],[1,""PRIVATE_STATE_ORAM"",""ORAM_ACCESS"",451,444],[1,""MESSAGE_TOOL"",""PUBLIC_EFFECT"",451,444]]"
s1-p15-v1-b1,1,15,B1-PER-ACTION-OBLIVIOUS,7,2,1,1,completed,3220.6,6,0.0,"[[1,""PRIVATE_STATE_ORAM"",""ORAM_ACCESS"",451,444],[1,""PRIVATE_STATE_ORAM"",""ORAM_ACCESS"",451,444],[1,""PRIVATE_STATE_ORAM"",""ORAM_ACCESS"",451,444],[2,""PRIVATE_STATE_ORAM"",""ORAM_ACCESS"",451,444],[2,""PRIVATE_STATE_ORAM"",""ORAM_ACCESS"",451,444],[2,""PRIVATE_STATE_ORAM"",""ORAM_ACCESS"",451,444],[2,""MESSAGE_TOOL"",""PUBLIC_EFFECT"",451,444]]"
s1-p16-v1-b0,1,16,B1-PER-ACTION-OBLIVIOUS,4,1,0,1,completed,2032.3,3,0.0,"[[1,""PRIVATE_STATE_ORAM"",""ORAM_ACCESS"",451,444],[1,""PRIVATE_STATE_ORAM"",""ORAM_ACCESS"",451,444],[1,""PRIVATE_STATE_ORAM"",""ORAM_ACCESS"",451,444],[1,""MESSAGE_TOOL"",""PUBLIC_EFFECT"",451,444]]"
s1-p16-v1-b1,1,16,B1-PER-ACTION-OBLIVIOUS,7,2,1,1,completed,3274.2,6,0.0,"[[1,""PRIVATE_STATE_ORAM"",""ORAM_ACCESS"",451,444],[1,""PRIVATE_STATE_ORAM"",""ORAM_ACCESS"",451,444],[1,""PRIVATE_STATE_ORAM"",""ORAM_ACCESS"",451,444],[2,""PRIVATE_STATE_ORAM"",""ORAM_ACCESS"",451,444],[2,""PRIVATE_STATE_ORAM"",""ORAM_ACCESS"",451,444],[2,""PRIVATE_STATE_ORAM"",""ORAM_ACCESS"",451,444],[2,""MESSAGE_TOOL"",""PUBLIC_EFFECT"",451,444]]"
s1-p17-v1-b0,1,17,B1-PER-ACTION-OBLIVIOUS,4,1,0,1,completed,2099.2,3,0.0,"[[1,""PRIVATE_STATE_ORAM"",""ORAM_ACCESS"",451,444],[1,""PRIVATE_STATE_ORAM"",""ORAM_ACCESS"",451,444],[1,""PRIVATE_STATE_ORAM"",""ORAM_ACCESS"",451,444],[1,""MESSAGE_TOOL"",""PUBLIC_EFFECT"",451,444]]"
s1-p17-v1-b1,1,17,B1-PER-ACTION-OBLIVIOUS,7,2,1,1,completed,3471.6,6,0.0,"[[1,""PRIVATE_STATE_ORAM"",""ORAM_ACCESS"",451,444],[1,""PRIVATE_STATE_ORAM"",""ORAM_ACCESS"",451,444],[1,""PRIVATE_STATE_ORAM"",""ORAM_ACCESS"",451,444],[2,""PRIVATE_STATE_ORAM"",""ORAM_ACCESS"",451,444],[2,""PRIVATE_STATE_ORAM"",""ORAM_ACCESS"",451,444],[2,""PRIVATE_STATE_ORAM"",""ORAM_ACCESS"",451,444],[2,""MESSAGE_TOOL"",""PUBLIC_EFFECT"",451,444]]"
s1-p18-v1-b0,1,18,B1-PER-ACTION-OBLIVIOUS,4,1,0,1,completed,2021.2,3,0.0,"[[1,""PRIVATE_STATE_ORAM"",""ORAM_ACCESS"",451,444],[1,""PRIVATE_STATE_ORAM"",""ORAM_ACCESS"",451,444],[1,""PRIVATE_STATE_ORAM"",""ORAM_ACCESS"",451,444],[1,""MESSAGE_TOOL"",""PUBLIC_EFFECT"",451,444]]"
s1-p18-v1-b1,1,18,B1-PER-ACTION-OBLIVIOUS,7,2,1,1,completed,3239.5,6,0.0,"[[1,""PRIVATE_STATE_ORAM"",""ORAM_ACCESS"",451,444],[1,""PRIVATE_STATE_ORAM"",""ORAM_ACCESS"",451,444],[1,""PRIVATE_STATE_ORAM"",""ORAM_ACCESS"",451,444],[2,""PRIVATE_STATE_ORAM"",""ORAM_ACCESS"",451,444],[2,""PRIVATE_STATE_ORAM"",""ORAM_ACCESS"",451,444],[2,""PRIVATE_STATE_ORAM"",""ORAM_ACCESS"",451,444],[2,""MESSAGE_TOOL"",""PUBLIC_EFFECT"",451,444]]"
s1-p19-v1-b0,1,19,B1-PER-ACTION-OBLIVIOUS,4,1,0,1,completed,2021.1,3,0.0,"[[1,""PRIVATE_STATE_ORAM"",""ORAM_ACCESS"",451,444],[1,""PRIVATE_STATE_ORAM"",""ORAM_ACCESS"",451,444],[1,""PRIVATE_STATE_ORAM"",""ORAM_ACCESS"",451,444],[1,""MESSAGE_TOOL"",""PUBLIC_EFFECT"",451,444]]"
s1-p19-v1-b1,1,19,B1-PER-ACTION-OBLIVIOUS,7,2,1,1,completed,3203.8,6,0.0,"[[1,""PRIVATE_STATE_ORAM"",""ORAM_ACCESS"",451,444],[1,""PRIVATE_STATE_ORAM"",""ORAM_ACCESS"",451,444],[1,""PRIVATE_STATE_ORAM"",""ORAM_ACCESS"",451,444],[2,""PRIVATE_STATE_ORAM"",""ORAM_ACCESS"",451,444],[2,""PRIVATE_STATE_ORAM"",""ORAM_ACCESS"",451,444],[2,""PRIVATE_STATE_ORAM"",""ORAM_ACCESS"",451,444],[2,""MESSAGE_TOOL"",""PUBLIC_EFFECT"",451,444]]"
s1-p0-v2-b0,1,0,B2-BOUNDED-ADAPTIVE-OBLIVIOUS,16,1,0,1,completed,2146.9,15,0.8,"[[1,""PRIVATE_STATE_ORAM"",""ORAM_ACCESS"",238,222],[1,""PRIVATE_STATE_ORAM"",""ORAM_ACCESS"",238,222],[1,""PRIVATE_STATE_ORAM"",""ORAM_ACCESS"",238,222],[2,""PRIVATE_STATE_ORAM"",""ORAM_ACCESS"",238,222],[2,""PRIVATE_STATE_ORAM"",""ORAM_ACCESS"",238,222],[2,""PRIVATE_STATE_ORAM"",""ORAM_ACCESS"",238,222],[3,""PRIVATE_STATE_ORAM"",""ORAM_ACCESS"",238,222],[3,""PRIVATE_STATE_ORAM"",""ORAM_ACCESS"",238,222],[3,""PRIVATE_STATE_ORAM"",""ORAM_ACCESS"",238,222],[4,""PRIVATE_STATE_ORAM"",""ORAM_ACCESS"",238,222],[4,""PRIVATE_STATE_ORAM"",""ORAM_ACCESS"",238,222],[4,""PRIVATE_STATE_ORAM"",""ORAM_ACCESS"",238,222],[5,""PRIVATE_STATE_ORAM"",""ORAM_ACCESS"",238,222],[5,""PRIVATE_STATE_ORAM"",""ORAM_ACCESS"",238,222],[5,""PRIVATE_STATE_ORAM"",""ORAM_ACCESS"",238,222],[5,""MESSAGE_TOOL"",""PUBLIC_EFFECT"",240,222]]"
s1-p0-v2-b1,1,0,B2-BOUNDED-ADAPTIVE-OBLIVIOUS,16,2,1,1,completed,3358.2,15,0.6,"[[1,""PRIVATE_STATE_ORAM"",""ORAM_ACCESS"",238,222],[1,""PRIVATE_STATE_ORAM"",""ORAM_ACCESS"",238,222],[1,""PRIVATE_STATE_ORAM"",""ORAM_ACCESS"",238,222],[2,""PRIVATE_STATE_ORAM"",""ORAM_ACCESS"",238,222],[2,""PRIVATE_STATE_ORAM"",""ORAM_ACCESS"",238,222],[2,""PRIVATE_STATE_ORAM"",""ORAM_ACCESS"",238,222],[3,""PRIVATE_STATE_ORAM"",""ORAM_ACCESS"",238,222],[3,""PRIVATE_STATE_ORAM"",""ORAM_ACCESS"",238,222],[3,""PRIVATE_STATE_ORAM"",""ORAM_ACCESS"",238,222],[4,""PRIVATE_STATE_ORAM"",""ORAM_ACCESS"",238,222],[4,""PRIVATE_STATE_ORAM"",""ORAM_ACCESS"",238,222],[4,""PRIVATE_STATE_ORAM"",""ORAM_ACCESS"",238,222],[5,""PRIVATE_STATE_ORAM"",""ORAM_ACCESS"",238,222],[5,""PRIVATE_STATE_ORAM"",""ORAM_ACCESS"",238,222],[5,""PRIVATE_STATE_ORAM"",""ORAM_ACCESS"",238,222],[5,""MESSAGE_TOOL"",""PUBLIC_EFFECT"",240,222]]"
s1-p1-v2-b0,1,1,B2-BOUNDED-ADAPTIVE-OBLIVIOUS,16,1,0,1,completed,2279.3,15,0.8,"[[1,""PRIVATE_STATE_ORAM"",""ORAM_ACCESS"",238,222],[1,""PRIVATE_STATE_ORAM"",""ORAM_ACCESS"",238,222],[1,""PRIVATE_STATE_ORAM"",""ORAM_ACCESS"",238,222],[2,""PRIVATE_STATE_ORAM"",""ORAM_ACCESS"",238,222],[2,""PRIVATE_STATE_ORAM"",""ORAM_ACCESS"",238,222],[2,""PRIVATE_STATE_ORAM"",""ORAM_ACCESS"",238,222],[3,""PRIVATE_STATE_ORAM"",""ORAM_ACCESS"",238,222],[3,""PRIVATE_STATE_ORAM"",""ORAM_ACCESS"",238,222],[3,""PRIVATE_STATE_ORAM"",""ORAM_ACCESS"",238,222],[4,""PRIVATE_STATE_ORAM"",""ORAM_ACCESS"",238,222],[4,""PRIVATE_STATE_ORAM"",""ORAM_ACCESS"",238,222],[4,""PRIVATE_STATE_ORAM"",""ORAM_ACCESS"",238,222],[5,""PRIVATE_STATE_ORAM"",""ORAM_ACCESS"",238,222],[5,""PRIVATE_STATE_ORAM"",""ORAM_ACCESS"",238,222],[5,""PRIVATE_STATE_ORAM"",""ORAM_ACCESS"",238,222],[5,""MESSAGE_TOOL"",""PUBLIC_EFFECT"",240,222]]"
s1-p1-v2-b1,1,1,B2-BOUNDED-ADAPTIVE-OBLIVIOUS,16,2,1,1,completed,3733.1,15,0.6,"[[1,""PRIVATE_STATE_ORAM"",""ORAM_ACCESS"",238,222],[1,""PRIVATE_STATE_ORAM"",""ORAM_ACCESS"",238,222],[1,""PRIVATE_STATE_ORAM"",""ORAM_ACCESS"",238,222],[2,""PRIVATE_STATE_ORAM"",""ORAM_ACCESS"",238,222],[2,""PRIVATE_STATE_ORAM"",""ORAM_ACCESS"",238,222],[2,""PRIVATE_STATE_ORAM"",""ORAM_ACCESS"",238,222],[3,""PRIVATE_STATE_ORAM"",""ORAM_ACCESS"",238,222],[3,""PRIVATE_STATE_ORAM"",""ORAM_ACCESS"",238,222],[3,""PRIVATE_STATE_ORAM"",""ORAM_ACCESS"",238,222],[4,""PRIVATE_STATE_ORAM"",""ORAM_ACCESS"",238,222],[4,""PRIVATE_STATE_ORAM"",""ORAM_ACCESS"",238,222],[4,""PRIVATE_STATE_ORAM"",""ORAM_ACCESS"",238,222],[5,""PRIVATE_STATE_ORAM"",""ORAM_ACCESS"",238,222],[5,""PRIVATE_STATE_ORAM"",""ORAM_ACCESS"",238,222],[5,""PRIVATE_STATE_ORAM"",""ORAM_ACCESS"",238,222],[5,""MESSAGE_TOOL"",""PUBLIC_EFFECT"",240,222]]"
s1-p2-v2-b0,1,2,B2-BOUNDED-ADAPTIVE-OBLIVIOUS,16,1,0,1,completed,2254.0,15,0.8,"[[1,""PRIVATE_STATE_ORAM"",""ORAM_ACCESS"",238,222],[1,""PRIVATE_STATE_ORAM"",""ORAM_ACCESS"",238,222],[1,""PRIVATE_STATE_ORAM"",""ORAM_ACCESS"",238,222],[2,""PRIVATE_STATE_ORAM"",""ORAM_ACCESS"",238,222],[2,""PRIVATE_STATE_ORAM"",""ORAM_ACCESS"",238,222],[2,""PRIVATE_STATE_ORAM"",""ORAM_ACCESS"",238,222],[3,""PRIVATE_STATE_ORAM"",""ORAM_ACCESS"",238,222],[3,""PRIVATE_STATE_ORAM"",""ORAM_ACCESS"",238,222],[3,""PRIVATE_STATE_ORAM"",""ORAM_ACCESS"",238,222],[4,""PRIVATE_STATE_ORAM"",""ORAM_ACCESS"",238,222],[4,""PRIVATE_STATE_ORAM"",""ORAM_ACCESS"",238,222],[4,""PRIVATE_STATE_ORAM"",""ORAM_ACCESS"",238,222],[5,""PRIVATE_STATE_ORAM"",""ORAM_ACCESS"",238,222],[5,""PRIVATE_STATE_ORAM"",""ORAM_ACCESS"",238,222],[5,""PRIVATE_STATE_ORAM"",""ORAM_ACCESS"",238,222],[5,""MESSAGE_TOOL"",""PUBLIC_EFFECT"",240,222]]"
s1-p2-v2-b1,1,2,B2-BOUNDED-ADAPTIVE-OBLIVIOUS,16,2,1,1,completed,3519.7,15,0.6,"[[1,""PRIVATE_STATE_ORAM"",""ORAM_ACCESS"",238,222],[1,""PRIVATE_STATE_ORAM"",""ORAM_ACCESS"",238,222],[1,""PRIVATE_STATE_ORAM"",""ORAM_ACCESS"",238,222],[2,""PRIVATE_STATE_ORAM"",""ORAM_ACCESS"",238,222],[2,""PRIVATE_STATE_ORAM"",""ORAM_ACCESS"",238,222],[2,""PRIVATE_STATE_ORAM"",""ORAM_ACCESS"",238,222],[3,""PRIVATE_STATE_ORAM"",""ORAM_ACCESS"",238,222],[3,""PRIVATE_STATE_ORAM"",""ORAM_ACCESS"",238,222],[3,""PRIVATE_STATE_ORAM"",""ORAM_ACCESS"",238,222],[4,""PRIVATE_STATE_ORAM"",""ORAM_ACCESS"",238,222],[4,""PRIVATE_STATE_ORAM"",""ORAM_ACCESS"",238,222],[4,""PRIVATE_STATE_ORAM"",""ORAM_ACCESS"",238,222],[5,""PRIVATE_STATE_ORAM"",""ORAM_ACCESS"",238,222],[5,""PRIVATE_STATE_ORAM"",""ORAM_ACCESS"",238,222],[5,""PRIVATE_STATE_ORAM"",""ORAM_ACCESS"",238,222],[5,""MESSAGE_TOOL"",""PUBLIC_EFFECT"",240,222]]"
s1-p3-v2-b0,1,3,B2-BOUNDED-ADAPTIVE-OBLIVIOUS,16,1,0,1,completed,2391.7,15,0.8,"[[1,""PRIVATE_STATE_ORAM"",""ORAM_ACCESS"",238,222],[1,""PRIVATE_STATE_ORAM"",""ORAM_ACCESS"",238,222],[1,""PRIVATE_STATE_ORAM"",""ORAM_ACCESS"",238,222],[2,""PRIVATE_STATE_ORAM"",""ORAM_ACCESS"",238,222],[2,""PRIVATE_STATE_ORAM"",""ORAM_ACCESS"",238,222],[2,""PRIVATE_STATE_ORAM"",""ORAM_ACCESS"",238,222],[3,""PRIVATE_STATE_ORAM"",""ORAM_ACCESS"",238,222],[3,""PRIVATE_STATE_ORAM"",""ORAM_ACCESS"",238,222],[3,""PRIVATE_STATE_ORAM"",""ORAM_ACCESS"",238,222],[4,""PRIVATE_STATE_ORAM"",""ORAM_ACCESS"",238,222],[4,""PRIVATE_STATE_ORAM"",""ORAM_ACCESS"",238,222],[4,""PRIVATE_STATE_ORAM"",""ORAM_ACCESS"",238,222],[5,""PRIVATE_STATE_ORAM"",""ORAM_ACCESS"",238,222],[5,""PRIVATE_STATE_ORAM"",""ORAM_ACCESS"",238,222],[5,""PRIVATE_STATE_ORAM"",""ORAM_ACCESS"",238,222],[5,""MESSAGE_TOOL"",""PUBLIC_EFFECT"",240,222]]"
s1-p3-v2-b1,1,3,B2-BOUNDED-ADAPTIVE-OBLIVIOUS,16,2,1,1,completed,3481.4,15,0.6,"[[1,""PRIVATE_STATE_ORAM"",""ORAM_ACCESS"",238,222],[1,""PRIVATE_STATE_ORAM"",""ORAM_ACCESS"",238,222],[1,""PRIVATE_STATE_ORAM"",""ORAM_ACCESS"",238,222],[2,""PRIVATE_STATE_ORAM"",""ORAM_ACCESS"",238,222],[2,""PRIVATE_STATE_ORAM"",""ORAM_ACCESS"",238,222],[2,""PRIVATE_STATE_ORAM"",""ORAM_ACCESS"",238,222],[3,""PRIVATE_STATE_ORAM"",""ORAM_ACCESS"",238,222],[3,""PRIVATE_STATE_ORAM"",""ORAM_ACCESS"",238,222],[3,""PRIVATE_STATE_ORAM"",""ORAM_ACCESS"",238,222],[4,""PRIVATE_STATE_ORAM"",""ORAM_ACCESS"",238,222],[4,""PRIVATE_STATE_ORAM"",""ORAM_ACCESS"",238,222],[4,""PRIVATE_STATE_ORAM"",""ORAM_ACCESS"",238,222],[5,""PRIVATE_STATE_ORAM"",""ORAM_ACCESS"",238,222],[5,""PRIVATE_STATE_ORAM"",""ORAM_ACCESS"",238,222],[5,""PRIVATE_STATE_ORAM"",""ORAM_ACCESS"",238,222],[5,""MESSAGE_TOOL"",""PUBLIC_EFFECT"",240,222]]"
s1-p4-v2-b0,1,4,B2-BOUNDED-ADAPTIVE-OBLIVIOUS,16,1,0,1,completed,2109.3,15,0.8,"[[1,""PRIVATE_STATE_ORAM"",""ORAM_ACCESS"",238,222],[1,""PRIVATE_STATE_ORAM"",""ORAM_ACCESS"",238,222],[1,""PRIVATE_STATE_ORAM"",""ORAM_ACCESS"",238,222],[2,""PRIVATE_STATE_ORAM"",""ORAM_ACCESS"",238,222],[2,""PRIVATE_STATE_ORAM"",""ORAM_ACCESS"",238,222],[2,""PRIVATE_STATE_ORAM"",""ORAM_ACCESS"",238,222],[3,""PRIVATE_STATE_ORAM"",""ORAM_ACCESS"",238,222],[3,""PRIVATE_STATE_ORAM"",""ORAM_ACCESS"",238,222],[3,""PRIVATE_STATE_ORAM"",""ORAM_ACCESS"",238,222],[4,""PRIVATE_STATE_ORAM"",""ORAM_ACCESS"",238,222],[4,""PRIVATE_STATE_ORAM"",""ORAM_ACCESS"",238,222],[4,""PRIVATE_STATE_ORAM"",""ORAM_ACCESS"",238,222],[5,""PRIVATE_STATE_ORAM"",""ORAM_ACCESS"",238,222],[5,""PRIVATE_STATE_ORAM"",""ORAM_ACCESS"",238,222],[5,""PRIVATE_STATE_ORAM"",""ORAM_ACCESS"",238,222],[5,""MESSAGE_TOOL"",""PUBLIC_EFFECT"",240,222]]"
s1-p4-v2-b1,1,4,B2-BOUNDED-ADAPTIVE-OBLIVIOUS,16,2,1,1,completed,3631.9,15,0.6,"[[1,""PRIVATE_STATE_ORAM"",""ORAM_ACCESS"",238,222],[1,""PRIVATE_STATE_ORAM"",""ORAM_ACCESS"",238,222],[1,""PRIVATE_STATE_ORAM"",""ORAM_ACCESS"",238,222],[2,""PRIVATE_STATE_ORAM"",""ORAM_ACCESS"",238,222],[2,""PRIVATE_STATE_ORAM"",""ORAM_ACCESS"",238,222],[2,""PRIVATE_STATE_ORAM"",""ORAM_ACCESS"",238,222],[3,""PRIVATE_STATE_ORAM"",""ORAM_ACCESS"",238,222],[3,""PRIVATE_STATE_ORAM"",""ORAM_ACCESS"",238,222],[3,""PRIVATE_STATE_ORAM"",""ORAM_ACCESS"",238,222],[4,""PRIVATE_STATE_ORAM"",""ORAM_ACCESS"",238,222],[4,""PRIVATE_STATE_ORAM"",""ORAM_ACCESS"",238,222],[4,""PRIVATE_STATE_ORAM"",""ORAM_ACCESS"",238,222],[5,""PRIVATE_STATE_ORAM"",""ORAM_ACCESS"",238,222],[5,""PRIVATE_STATE_ORAM"",""ORAM_ACCESS"",238,222],[5,""PRIVATE_STATE_ORAM"",""ORAM_ACCESS"",238,222],[5,""MESSAGE_TOOL"",""PUBLIC_EFFECT"",240,222]]"
s1-p5-v2-b0,1,5,B2-BOUNDED-ADAPTIVE-OBLIVIOUS,16,1,0,1,completed,2226.0,15,0.8,"[[1,""PRIVATE_STATE_ORAM"",""ORAM_ACCESS"",238,222],[1,""PRIVATE_STATE_ORAM"",""ORAM_ACCESS"",238,222],[1,""PRIVATE_STATE_ORAM"",""ORAM_ACCESS"",238,222],[2,""PRIVATE_STATE_ORAM"",""ORAM_ACCESS"",238,222],[2,""PRIVATE_STATE_ORAM"",""ORAM_ACCESS"",238,222],[2,""PRIVATE_STATE_ORAM"",""ORAM_ACCESS"",238,222],[3,""PRIVATE_STATE_ORAM"",""ORAM_ACCESS"",238,222],[3,""PRIVATE_STATE_ORAM"",""ORAM_ACCESS"",238,222],[3,""PRIVATE_STATE_ORAM"",""ORAM_ACCESS"",238,222],[4,""PRIVATE_STATE_ORAM"",""ORAM_ACCESS"",238,222],[4,""PRIVATE_STATE_ORAM"",""ORAM_ACCESS"",238,222],[4,""PRIVATE_STATE_ORAM"",""ORAM_ACCESS"",238,222],[5,""PRIVATE_STATE_ORAM"",""ORAM_ACCESS"",238,222],[5,""PRIVATE_STATE_ORAM"",""ORAM_ACCESS"",238,222],[5,""PRIVATE_STATE_ORAM"",""ORAM_ACCESS"",238,222],[5,""MESSAGE_TOOL"",""PUBLIC_EFFECT"",240,222]]"
s1-p5-v2-b1,1,5,B2-BOUNDED-ADAPTIVE-OBLIVIOUS,16,2,1,1,completed,3522.6,15,0.6,"[[1,""PRIVATE_STATE_ORAM"",""ORAM_ACCESS"",238,222],[1,""PRIVATE_STATE_ORAM"",""ORAM_ACCESS"",238,222],[1,""PRIVATE_STATE_ORAM"",""ORAM_ACCESS"",238,222],[2,""PRIVATE_STATE_ORAM"",""ORAM_ACCESS"",238,222],[2,""PRIVATE_STATE_ORAM"",""ORAM_ACCESS"",238,222],[2,""PRIVATE_STATE_ORAM"",""ORAM_ACCESS"",238,222],[3,""PRIVATE_STATE_ORAM"",""ORAM_ACCESS"",238,222],[3,""PRIVATE_STATE_ORAM"",""ORAM_ACCESS"",238,222],[3,""PRIVATE_STATE_ORAM"",""ORAM_ACCESS"",238,222],[4,""PRIVATE_STATE_ORAM"",""ORAM_ACCESS"",238,222],[4,""PRIVATE_STATE_ORAM"",""ORAM_ACCESS"",238,222],[4,""PRIVATE_STATE_ORAM"",""ORAM_ACCESS"",238,222],[5,""PRIVATE_STATE_ORAM"",""ORAM_ACCESS"",238,222],[5,""PRIVATE_STATE_ORAM"",""ORAM_ACCESS"",238,222],[5,""PRIVATE_STATE_ORAM"",""ORAM_ACCESS"",238,222],[5,""MESSAGE_TOOL"",""PUBLIC_EFFECT"",240,222]]"
s1-p6-v2-b0,1,6,B2-BOUNDED-ADAPTIVE-OBLIVIOUS,16,1,0,1,completed,2355.3,15,0.8,"[[1,""PRIVATE_STATE_ORAM"",""ORAM_ACCESS"",238,222],[1,""PRIVATE_STATE_ORAM"",""ORAM_ACCESS"",238,222],[1,""PRIVATE_STATE_ORAM"",""ORAM_ACCESS"",238,222],[2,""PRIVATE_STATE_ORAM"",""ORAM_ACCESS"",238,222],[2,""PRIVATE_STATE_ORAM"",""ORAM_ACCESS"",238,222],[2,""PRIVATE_STATE_ORAM"",""ORAM_ACCESS"",238,222],[3,""PRIVATE_STATE_ORAM"",""ORAM_ACCESS"",238,222],[3,""PRIVATE_STATE_ORAM"",""ORAM_ACCESS"",238,222],[3,""PRIVATE_STATE_ORAM"",""ORAM_ACCESS"",238,222],[4,""PRIVATE_STATE_ORAM"",""ORAM_ACCESS"",238,222],[4,""PRIVATE_STATE_ORAM"",""ORAM_ACCESS"",238,222],[4,""PRIVATE_STATE_ORAM"",""ORAM_ACCESS"",238,222],[5,""PRIVATE_STATE_ORAM"",""ORAM_ACCESS"",238,222],[5,""PRIVATE_STATE_ORAM"",""ORAM_ACCESS"",238,222],[5,""PRIVATE_STATE_ORAM"",""ORAM_ACCESS"",238,222],[5,""MESSAGE_TOOL"",""PUBLIC_EFFECT"",240,222]]"
s1-p6-v2-b1,1,6,B2-BOUNDED-ADAPTIVE-OBLIVIOUS,16,2,1,1,completed,3259.4,15,0.6,"[[1,""PRIVATE_STATE_ORAM"",""ORAM_ACCESS"",238,222],[1,""PRIVATE_STATE_ORAM"",""ORAM_ACCESS"",238,222],[1,""PRIVATE_STATE_ORAM"",""ORAM_ACCESS"",238,222],[2,""PRIVATE_STATE_ORAM"",""ORAM_ACCESS"",238,222],[2,""PRIVATE_STATE_ORAM"",""ORAM_ACCESS"",238,222],[2,""PRIVATE_STATE_ORAM"",""ORAM_ACCESS"",238,222],[3,""PRIVATE_STATE_ORAM"",""ORAM_ACCESS"",238,222],[3,""PRIVATE_STATE_ORAM"",""ORAM_ACCESS"",238,222],[3,""PRIVATE_STATE_ORAM"",""ORAM_ACCESS"",238,222],[4,""PRIVATE_STATE_ORAM"",""ORAM_ACCESS"",238,222],[4,""PRIVATE_STATE_ORAM"",""ORAM_ACCESS"",238,222],[4,""PRIVATE_STATE_ORAM"",""ORAM_ACCESS"",238,222],[5,""PRIVATE_STATE_ORAM"",""ORAM_ACCESS"",238,222],[5,""PRIVATE_STATE_ORAM"",""ORAM_ACCESS"",238,222],[5,""PRIVATE_STATE_ORAM"",""ORAM_ACCESS"",238,222],[5,""MESSAGE_TOOL"",""PUBLIC_EFFECT"",240,222]]"
s1-p7-v2-b0,1,7,B2-BOUNDED-ADAPTIVE-OBLIVIOUS,16,1,0,1,completed,2082.5,15,0.8,"[[1,""PRIVATE_STATE_ORAM"",""ORAM_ACCESS"",238,222],[1,""PRIVATE_STATE_ORAM"",""ORAM_ACCESS"",238,222],[1,""PRIVATE_STATE_ORAM"",""ORAM_ACCESS"",238,222],[2,""PRIVATE_STATE_ORAM"",""ORAM_ACCESS"",238,222],[2,""PRIVATE_STATE_ORAM"",""ORAM_ACCESS"",238,222],[2,""PRIVATE_STATE_ORAM"",""ORAM_ACCESS"",238,222],[3,""PRIVATE_STATE_ORAM"",""ORAM_ACCESS"",238,222],[3,""PRIVATE_STATE_ORAM"",""ORAM_ACCESS"",238,222],[3,""PRIVATE_STATE_ORAM"",""ORAM_ACCESS"",238,222],[4,""PRIVATE_STATE_ORAM"",""ORAM_ACCESS"",238,222],[4,""PRIVATE_STATE_ORAM"",""ORAM_ACCESS"",238,222],[4,""PRIVATE_STATE_ORAM"",""ORAM_ACCESS"",238,222],[5,""PRIVATE_STATE_ORAM"",""ORAM_ACCESS"",238,222],[5,""PRIVATE_STATE_ORAM"",""ORAM_ACCESS"",238,222],[5,""PRIVATE_STATE_ORAM"",""ORAM_ACCESS"",238,222],[5,""MESSAGE_TOOL"",""PUBLIC_EFFECT"",240,222]]"
s1-p7-v2-b1,1,7,B2-BOUNDED-ADAPTIVE-OBLIVIOUS,16,2,1,1,completed,3513.5,15,0.6,"[[1,""PRIVATE_STATE_ORAM"",""ORAM_ACCESS"",238,222],[1,""PRIVATE_STATE_ORAM"",""ORAM_ACCESS"",238,222],[1,""PRIVATE_STATE_ORAM"",""ORAM_ACCESS"",238,222],[2,""PRIVATE_STATE_ORAM"",""ORAM_ACCESS"",238,222],[2,""PRIVATE_STATE_ORAM"",""ORAM_ACCESS"",238,222],[2,""PRIVATE_STATE_ORAM"",""ORAM_ACCESS"",238,222],[3,""PRIVATE_STATE_ORAM"",""ORAM_ACCESS"",238,222],[3,""PRIVATE_STATE_ORAM"",""ORAM_ACCESS"",238,222],[3,""PRIVATE_STATE_ORAM"",""ORAM_ACCESS"",238,222],[4,""PRIVATE_STATE_ORAM"",""ORAM_ACCESS"",238,222],[4,""PRIVATE_STATE_ORAM"",""ORAM_ACCESS"",238,222],[4,""PRIVATE_STATE_ORAM"",""ORAM_ACCESS"",238,222],[5,""PRIVATE_STATE_ORAM"",""ORAM_ACCESS"",238,222],[5,""PRIVATE_STATE_ORAM"",""ORAM_ACCESS"",238,222],[5,""PRIVATE_STATE_ORAM"",""ORAM_ACCESS"",238,222],[5,""MESSAGE_TOOL"",""PUBLIC_EFFECT"",240,222]]"
s1-p8-v2-b0,1,8,B2-BOUNDED-ADAPTIVE-OBLIVIOUS,16,1,0,1,completed,2126.1,15,0.8,"[[1,""PRIVATE_STATE_ORAM"",""ORAM_ACCESS"",238,222],[1,""PRIVATE_STATE_ORAM"",""ORAM_ACCESS"",238,222],[1,""PRIVATE_STATE_ORAM"",""ORAM_ACCESS"",238,222],[2,""PRIVATE_STATE_ORAM"",""ORAM_ACCESS"",238,222],[2,""PRIVATE_STATE_ORAM"",""ORAM_ACCESS"",238,222],[2,""PRIVATE_STATE_ORAM"",""ORAM_ACCESS"",238,222],[3,""PRIVATE_STATE_ORAM"",""ORAM_ACCESS"",238,222],[3,""PRIVATE_STATE_ORAM"",""ORAM_ACCESS"",238,222],[3,""PRIVATE_STATE_ORAM"",""ORAM_ACCESS"",238,222],[4,""PRIVATE_STATE_ORAM"",""ORAM_ACCESS"",238,222],[4,""PRIVATE_STATE_ORAM"",""ORAM_ACCESS"",238,222],[4,""PRIVATE_STATE_ORAM"",""ORAM_ACCESS"",238,222],[5,""PRIVATE_STATE_ORAM"",""ORAM_ACCESS"",238,222],[5,""PRIVATE_STATE_ORAM"",""ORAM_ACCESS"",238,222],[5,""PRIVATE_STATE_ORAM"",""ORAM_ACCESS"",238,222],[5,""MESSAGE_TOOL"",""PUBLIC_EFFECT"",240,222]]"
s1-p8-v2-b1,1,8,B2-BOUNDED-ADAPTIVE-OBLIVIOUS,16,2,1,1,completed,3200.2,15,0.6,"[[1,""PRIVATE_STATE_ORAM"",""ORAM_ACCESS"",238,222],[1,""PRIVATE_STATE_ORAM"",""ORAM_ACCESS"",238,222],[1,""PRIVATE_STATE_ORAM"",""ORAM_ACCESS"",238,222],[2,""PRIVATE_STATE_ORAM"",""ORAM_ACCESS"",238,222],[2,""PRIVATE_STATE_ORAM"",""ORAM_ACCESS"",238,222],[2,""PRIVATE_STATE_ORAM"",""ORAM_ACCESS"",238,222],[3,""PRIVATE_STATE_ORAM"",""ORAM_ACCESS"",238,222],[3,""PRIVATE_STATE_ORAM"",""ORAM_ACCESS"",238,222],[3,""PRIVATE_STATE_ORAM"",""ORAM_ACCESS"",238,222],[4,""PRIVATE_STATE_ORAM"",""ORAM_ACCESS"",238,222],[4,""PRIVATE_STATE_ORAM"",""ORAM_ACCESS"",238,222],[4,""PRIVATE_STATE_ORAM"",""ORAM_ACCESS"",238,222],[5,""PRIVATE_STATE_ORAM"",""ORAM_ACCESS"",238,222],[5,""PRIVATE_STATE_ORAM"",""ORAM_ACCESS"",238,222],[5,""PRIVATE_STATE_ORAM"",""ORAM_ACCESS"",238,222],[5,""MESSAGE_TOOL"",""PUBLIC_EFFECT"",240,222]]"
s1-p9-v2-b0,1,9,B2-BOUNDED-ADAPTIVE-OBLIVIOUS,16,1,0,1,completed,2225.8,15,0.8,"[[1,""PRIVATE_STATE_ORAM"",""ORAM_ACCESS"",238,222],[1,""PRIVATE_STATE_ORAM"",""ORAM_ACCESS"",238,222],[1,""PRIVATE_STATE_ORAM"",""ORAM_ACCESS"",238,222],[2,""PRIVATE_STATE_ORAM"",""ORAM_ACCESS"",238,222],[2,""PRIVATE_STATE_ORAM"",""ORAM_ACCESS"",238,222],[2,""PRIVATE_STATE_ORAM"",""ORAM_ACCESS"",238,222],[3,""PRIVATE_STATE_ORAM"",""ORAM_ACCESS"",238,222],[3,""PRIVATE_STATE_ORAM"",""ORAM_ACCESS"",238,222],[3,""PRIVATE_STATE_ORAM"",""ORAM_ACCESS"",238,222],[4,""PRIVATE_STATE_ORAM"",""ORAM_ACCESS"",238,222],[4,""PRIVATE_STATE_ORAM"",""ORAM_ACCESS"",238,222],[4,""PRIVATE_STATE_ORAM"",""ORAM_ACCESS"",238,222],[5,""PRIVATE_STATE_ORAM"",""ORAM_ACCESS"",238,222],[5,""PRIVATE_STATE_ORAM"",""ORAM_ACCESS"",238,222],[5,""PRIVATE_STATE_ORAM"",""ORAM_ACCESS"",238,222],[5,""MESSAGE_TOOL"",""PUBLIC_EFFECT"",240,222]]"
s1-p9-v2-b1,1,9,B2-BOUNDED-ADAPTIVE-OBLIVIOUS,16,2,1,1,completed,3550.7,15,0.6,"[[1,""PRIVATE_STATE_ORAM"",""ORAM_ACCESS"",238,222],[1,""PRIVATE_STATE_ORAM"",""ORAM_ACCESS"",238,222],[1,""PRIVATE_STATE_ORAM"",""ORAM_ACCESS"",238,222],[2,""PRIVATE_STATE_ORAM"",""ORAM_ACCESS"",238,222],[2,""PRIVATE_STATE_ORAM"",""ORAM_ACCESS"",238,222],[2,""PRIVATE_STATE_ORAM"",""ORAM_ACCESS"",238,222],[3,""PRIVATE_STATE_ORAM"",""ORAM_ACCESS"",238,222],[3,""PRIVATE_STATE_ORAM"",""ORAM_ACCESS"",238,222],[3,""PRIVATE_STATE_ORAM"",""ORAM_ACCESS"",238,222],[4,""PRIVATE_STATE_ORAM"",""ORAM_ACCESS"",238,222],[4,""PRIVATE_STATE_ORAM"",""ORAM_ACCESS"",238,222],[4,""PRIVATE_STATE_ORAM"",""ORAM_ACCESS"",238,222],[5,""PRIVATE_STATE_ORAM"",""ORAM_ACCESS"",238,222],[5,""PRIVATE_STATE_ORAM"",""ORAM_ACCESS"",238,222],[5,""PRIVATE_STATE_ORAM"",""ORAM_ACCESS"",238,222],[5,""MESSAGE_TOOL"",""PUBLIC_EFFECT"",240,222]]"
s1-p10-v2-b0,1,10,B2-BOUNDED-ADAPTIVE-OBLIVIOUS,16,1,0,1,completed,2093.8,15,0.8,"[[1,""PRIVATE_STATE_ORAM"",""ORAM_ACCESS"",238,222],[1,""PRIVATE_STATE_ORAM"",""ORAM_ACCESS"",238,222],[1,""PRIVATE_STATE_ORAM"",""ORAM_ACCESS"",238,222],[2,""PRIVATE_STATE_ORAM"",""ORAM_ACCESS"",238,222],[2,""PRIVATE_STATE_ORAM"",""ORAM_ACCESS"",238,222],[2,""PRIVATE_STATE_ORAM"",""ORAM_ACCESS"",238,222],[3,""PRIVATE_STATE_ORAM"",""ORAM_ACCESS"",238,222],[3,""PRIVATE_STATE_ORAM"",""ORAM_ACCESS"",238,222],[3,""PRIVATE_STATE_ORAM"",""ORAM_ACCESS"",238,222],[4,""PRIVATE_STATE_ORAM"",""ORAM_ACCESS"",238,222],[4,""PRIVATE_STATE_ORAM"",""ORAM_ACCESS"",238,222],[4,""PRIVATE_STATE_ORAM"",""ORAM_ACCESS"",238,222],[5,""PRIVATE_STATE_ORAM"",""ORAM_ACCESS"",238,222],[5,""PRIVATE_STATE_ORAM"",""ORAM_ACCESS"",238,222],[5,""PRIVATE_STATE_ORAM"",""ORAM_ACCESS"",238,222],[5,""MESSAGE_TOOL"",""PUBLIC_EFFECT"",240,222]]"
s1-p10-v2-b1,1,10,B2-BOUNDED-ADAPTIVE-OBLIVIOUS,16,2,1,1,completed,3373.8,15,0.6,"[[1,""PRIVATE_STATE_ORAM"",""ORAM_ACCESS"",238,222],[1,""PRIVATE_STATE_ORAM"",""ORAM_ACCESS"",238,222],[1,""PRIVATE_STATE_ORAM"",""ORAM_ACCESS"",238,222],[2,""PRIVATE_STATE_ORAM"",""ORAM_ACCESS"",238,222],[2,""PRIVATE_STATE_ORAM"",""ORAM_ACCESS"",238,222],[2,""PRIVATE_STATE_ORAM"",""ORAM_ACCESS"",238,222],[3,""PRIVATE_STATE_ORAM"",""ORAM_ACCESS"",238,222],[3,""PRIVATE_STATE_ORAM"",""ORAM_ACCESS"",238,222],[3,""PRIVATE_STATE_ORAM"",""ORAM_ACCESS"",238,222],[4,""PRIVATE_STATE_ORAM"",""ORAM_ACCESS"",238,222],[4,""PRIVATE_STATE_ORAM"",""ORAM_ACCESS"",238,222],[4,""PRIVATE_STATE_ORAM"",""ORAM_ACCESS"",238,222],[5,""PRIVATE_STATE_ORAM"",""ORAM_ACCESS"",238,222],[5,""PRIVATE_STATE_ORAM"",""ORAM_ACCESS"",238,222],[5,""PRIVATE_STATE_ORAM"",""ORAM_ACCESS"",238,222],[5,""MESSAGE_TOOL"",""PUBLIC_EFFECT"",240,222]]"
s1-p11-v2-b0,1,11,B2-BOUNDED-ADAPTIVE-OBLIVIOUS,16,1,0,1,completed,2142.7,15,0.8,"[[1,""PRIVATE_STATE_ORAM"",""ORAM_ACCESS"",238,222],[1,""PRIVATE_STATE_ORAM"",""ORAM_ACCESS"",238,222],[1,""PRIVATE_STATE_ORAM"",""ORAM_ACCESS"",238,222],[2,""PRIVATE_STATE_ORAM"",""ORAM_ACCESS"",238,222],[2,""PRIVATE_STATE_ORAM"",""ORAM_ACCESS"",238,222],[2,""PRIVATE_STATE_ORAM"",""ORAM_ACCESS"",238,222],[3,""PRIVATE_STATE_ORAM"",""ORAM_ACCESS"",238,222],[3,""PRIVATE_STATE_ORAM"",""ORAM_ACCESS"",238,222],[3,""PRIVATE_STATE_ORAM"",""ORAM_ACCESS"",238,222],[4,""PRIVATE_STATE_ORAM"",""ORAM_ACCESS"",238,222],[4,""PRIVATE_STATE_ORAM"",""ORAM_ACCESS"",238,222],[4,""PRIVATE_STATE_ORAM"",""ORAM_ACCESS"",238,222],[5,""PRIVATE_STATE_ORAM"",""ORAM_ACCESS"",238,222],[5,""PRIVATE_STATE_ORAM"",""ORAM_ACCESS"",238,222],[5,""PRIVATE_STATE_ORAM"",""ORAM_ACCESS"",238,222],[5,""MESSAGE_TOOL"",""PUBLIC_EFFECT"",240,222]]"
s1-p11-v2-b1,1,11,B2-BOUNDED-ADAPTIVE-OBLIVIOUS,16,2,1,1,completed,3265.5,15,0.6,"[[1,""PRIVATE_STATE_ORAM"",""ORAM_ACCESS"",238,222],[1,""PRIVATE_STATE_ORAM"",""ORAM_ACCESS"",238,222],[1,""PRIVATE_STATE_ORAM"",""ORAM_ACCESS"",238,222],[2,""PRIVATE_STATE_ORAM"",""ORAM_ACCESS"",238,222],[2,""PRIVATE_STATE_ORAM"",""ORAM_ACCESS"",238,222],[2,""PRIVATE_STATE_ORAM"",""ORAM_ACCESS"",238,222],[3,""PRIVATE_STATE_ORAM"",""ORAM_ACCESS"",238,222],[3,""PRIVATE_STATE_ORAM"",""ORAM_ACCESS"",238,222],[3,""PRIVATE_STATE_ORAM"",""ORAM_ACCESS"",238,222],[4,""PRIVATE_STATE_ORAM"",""ORAM_ACCESS"",238,222],[4,""PRIVATE_STATE_ORAM"",""ORAM_ACCESS"",238,222],[4,""PRIVATE_STATE_ORAM"",""ORAM_ACCESS"",238,222],[5,""PRIVATE_STATE_ORAM"",""ORAM_ACCESS"",238,222],[5,""PRIVATE_STATE_ORAM"",""ORAM_ACCESS"",238,222],[5,""PRIVATE_STATE_ORAM"",""ORAM_ACCESS"",238,222],[5,""MESSAGE_TOOL"",""PUBLIC_EFFECT"",240,222]]"
s1-p12-v2-b0,1,12,B2-BOUNDED-ADAPTIVE-OBLIVIOUS,16,1,0,1,completed,2079.1,15,0.8,"[[1,""PRIVATE_STATE_ORAM"",""ORAM_ACCESS"",238,222],[1,""PRIVATE_STATE_ORAM"",""ORAM_ACCESS"",238,222],[1,""PRIVATE_STATE_ORAM"",""ORAM_ACCESS"",238,222],[2,""PRIVATE_STATE_ORAM"",""ORAM_ACCESS"",238,222],[2,""PRIVATE_STATE_ORAM"",""ORAM_ACCESS"",238,222],[2,""PRIVATE_STATE_ORAM"",""ORAM_ACCESS"",238,222],[3,""PRIVATE_STATE_ORAM"",""ORAM_ACCESS"",238,222],[3,""PRIVATE_STATE_ORAM"",""ORAM_ACCESS"",238,222],[3,""PRIVATE_STATE_ORAM"",""ORAM_ACCESS"",238,222],[4,""PRIVATE_STATE_ORAM"",""ORAM_ACCESS"",238,222],[4,""PRIVATE_STATE_ORAM"",""ORAM_ACCESS"",238,222],[4,""PRIVATE_STATE_ORAM"",""ORAM_ACCESS"",238,222],[5,""PRIVATE_STATE_ORAM"",""ORAM_ACCESS"",238,222],[5,""PRIVATE_STATE_ORAM"",""ORAM_ACCESS"",238,222],[5,""PRIVATE_STATE_ORAM"",""ORAM_ACCESS"",238,222],[5,""MESSAGE_TOOL"",""PUBLIC_EFFECT"",240,222]]"
s1-p12-v2-b1,1,12,B2-BOUNDED-ADAPTIVE-OBLIVIOUS,16,2,1,1,completed,3382.3,15,0.6,"[[1,""PRIVATE_STATE_ORAM"",""ORAM_ACCESS"",238,222],[1,""PRIVATE_STATE_ORAM"",""ORAM_ACCESS"",238,222],[1,""PRIVATE_STATE_ORAM"",""ORAM_ACCESS"",238,222],[2,""PRIVATE_STATE_ORAM"",""ORAM_ACCESS"",238,222],[2,""PRIVATE_STATE_ORAM"",""ORAM_ACCESS"",238,222],[2,""PRIVATE_STATE_ORAM"",""ORAM_ACCESS"",238,222],[3,""PRIVATE_STATE_ORAM"",""ORAM_ACCESS"",238,222],[3,""PRIVATE_STATE_ORAM"",""ORAM_ACCESS"",238,222],[3,""PRIVATE_STATE_ORAM"",""ORAM_ACCESS"",238,222],[4,""PRIVATE_STATE_ORAM"",""ORAM_ACCESS"",238,222],[4,""PRIVATE_STATE_ORAM"",""ORAM_ACCESS"",238,222],[4,""PRIVATE_STATE_ORAM"",""ORAM_ACCESS"",238,222],[5,""PRIVATE_STATE_ORAM"",""ORAM_ACCESS"",238,222],[5,""PRIVATE_STATE_ORAM"",""ORAM_ACCESS"",238,222],[5,""PRIVATE_STATE_ORAM"",""ORAM_ACCESS"",238,222],[5,""MESSAGE_TOOL"",""PUBLIC_EFFECT"",240,222]]"
s1-p13-v2-b0,1,13,B2-BOUNDED-ADAPTIVE-OBLIVIOUS,16,1,0,1,completed,2126.0,15,0.8,"[[1,""PRIVATE_STATE_ORAM"",""ORAM_ACCESS"",238,222],[1,""PRIVATE_STATE_ORAM"",""ORAM_ACCESS"",238,222],[1,""PRIVATE_STATE_ORAM"",""ORAM_ACCESS"",238,222],[2,""PRIVATE_STATE_ORAM"",""ORAM_ACCESS"",238,222],[2,""PRIVATE_STATE_ORAM"",""ORAM_ACCESS"",238,222],[2,""PRIVATE_STATE_ORAM"",""ORAM_ACCESS"",238,222],[3,""PRIVATE_STATE_ORAM"",""ORAM_ACCESS"",238,222],[3,""PRIVATE_STATE_ORAM"",""ORAM_ACCESS"",238,222],[3,""PRIVATE_STATE_ORAM"",""ORAM_ACCESS"",238,222],[4,""PRIVATE_STATE_ORAM"",""ORAM_ACCESS"",238,222],[4,""PRIVATE_STATE_ORAM"",""ORAM_ACCESS"",238,222],[4,""PRIVATE_STATE_ORAM"",""ORAM_ACCESS"",238,222],[5,""PRIVATE_STATE_ORAM"",""ORAM_ACCESS"",238,222],[5,""PRIVATE_STATE_ORAM"",""ORAM_ACCESS"",238,222],[5,""PRIVATE_STATE_ORAM"",""ORAM_ACCESS"",238,222],[5,""MESSAGE_TOOL"",""PUBLIC_EFFECT"",240,222]]"
s1-p13-v2-b1,1,13,B2-BOUNDED-ADAPTIVE-OBLIVIOUS,16,2,1,1,completed,3783.0,15,0.6,"[[1,""PRIVATE_STATE_ORAM"",""ORAM_ACCESS"",238,222],[1,""PRIVATE_STATE_ORAM"",""ORAM_ACCESS"",238,222],[1,""PRIVATE_STATE_ORAM"",""ORAM_ACCESS"",238,222],[2,""PRIVATE_STATE_ORAM"",""ORAM_ACCESS"",238,222],[2,""PRIVATE_STATE_ORAM"",""ORAM_ACCESS"",238,222],[2,""PRIVATE_STATE_ORAM"",""ORAM_ACCESS"",238,222],[3,""PRIVATE_STATE_ORAM"",""ORAM_ACCESS"",238,222],[3,""PRIVATE_STATE_ORAM"",""ORAM_ACCESS"",238,222],[3,""PRIVATE_STATE_ORAM"",""ORAM_ACCESS"",238,222],[4,""PRIVATE_STATE_ORAM"",""ORAM_ACCESS"",238,222],[4,""PRIVATE_STATE_ORAM"",""ORAM_ACCESS"",238,222],[4,""PRIVATE_STATE_ORAM"",""ORAM_ACCESS"",238,222],[5,""PRIVATE_STATE_ORAM"",""ORAM_ACCESS"",238,222],[5,""PRIVATE_STATE_ORAM"",""ORAM_ACCESS"",238,222],[5,""PRIVATE_STATE_ORAM"",""ORAM_ACCESS"",238,222],[5,""MESSAGE_TOOL"",""PUBLIC_EFFECT"",240,222]]"
s1-p14-v2-b0,1,14,B2-BOUNDED-ADAPTIVE-OBLIVIOUS,16,1,0,1,completed,2193.9,15,0.8,"[[1,""PRIVATE_STATE_ORAM"",""ORAM_ACCESS"",238,222],[1,""PRIVATE_STATE_ORAM"",""ORAM_ACCESS"",238,222],[1,""PRIVATE_STATE_ORAM"",""ORAM_ACCESS"",238,222],[2,""PRIVATE_STATE_ORAM"",""ORAM_ACCESS"",238,222],[2,""PRIVATE_STATE_ORAM"",""ORAM_ACCESS"",238,222],[2,""PRIVATE_STATE_ORAM"",""ORAM_ACCESS"",238,222],[3,""PRIVATE_STATE_ORAM"",""ORAM_ACCESS"",238,222],[3,""PRIVATE_STATE_ORAM"",""ORAM_ACCESS"",238,222],[3,""PRIVATE_STATE_ORAM"",""ORAM_ACCESS"",238,222],[4,""PRIVATE_STATE_ORAM"",""ORAM_ACCESS"",238,222],[4,""PRIVATE_STATE_ORAM"",""ORAM_ACCESS"",238,222],[4,""PRIVATE_STATE_ORAM"",""ORAM_ACCESS"",238,222],[5,""PRIVATE_STATE_ORAM"",""ORAM_ACCESS"",238,222],[5,""PRIVATE_STATE_ORAM"",""ORAM_ACCESS"",238,222],[5,""PRIVATE_STATE_ORAM"",""ORAM_ACCESS"",238,222],[5,""MESSAGE_TOOL"",""PUBLIC_EFFECT"",240,222]]"
s1-p14-v2-b1,1,14,B2-BOUNDED-ADAPTIVE-OBLIVIOUS,16,2,1,1,completed,3173.0,15,0.6,"[[1,""PRIVATE_STATE_ORAM"",""ORAM_ACCESS"",238,222],[1,""PRIVATE_STATE_ORAM"",""ORAM_ACCESS"",238,222],[1,""PRIVATE_STATE_ORAM"",""ORAM_ACCESS"",238,222],[2,""PRIVATE_STATE_ORAM"",""ORAM_ACCESS"",238,222],[2,""PRIVATE_STATE_ORAM"",""ORAM_ACCESS"",238,222],[2,""PRIVATE_STATE_ORAM"",""ORAM_ACCESS"",238,222],[3,""PRIVATE_STATE_ORAM"",""ORAM_ACCESS"",238,222],[3,""PRIVATE_STATE_ORAM"",""ORAM_ACCESS"",238,222],[3,""PRIVATE_STATE_ORAM"",""ORAM_ACCESS"",238,222],[4,""PRIVATE_STATE_ORAM"",""ORAM_ACCESS"",238,222],[4,""PRIVATE_STATE_ORAM"",""ORAM_ACCESS"",238,222],[4,""PRIVATE_STATE_ORAM"",""ORAM_ACCESS"",238,222],[5,""PRIVATE_STATE_ORAM"",""ORAM_ACCESS"",238,222],[5,""PRIVATE_STATE_ORAM"",""ORAM_ACCESS"",238,222],[5,""PRIVATE_STATE_ORAM"",""ORAM_ACCESS"",238,222],[5,""MESSAGE_TOOL"",""PUBLIC_EFFECT"",240,222]]"
s1-p15-v2-b0,1,15,B2-BOUNDED-ADAPTIVE-OBLIVIOUS,16,1,0,1,completed,2097.6,15,0.8,"[[1,""PRIVATE_STATE_ORAM"",""ORAM_ACCESS"",238,222],[1,""PRIVATE_STATE_ORAM"",""ORAM_ACCESS"",238,222],[1,""PRIVATE_STATE_ORAM"",""ORAM_ACCESS"",238,222],[2,""PRIVATE_STATE_ORAM"",""ORAM_ACCESS"",238,222],[2,""PRIVATE_STATE_ORAM"",""ORAM_ACCESS"",238,222],[2,""PRIVATE_STATE_ORAM"",""ORAM_ACCESS"",238,222],[3,""PRIVATE_STATE_ORAM"",""ORAM_ACCESS"",238,222],[3,""PRIVATE_STATE_ORAM"",""ORAM_ACCESS"",238,222],[3,""PRIVATE_STATE_ORAM"",""ORAM_ACCESS"",238,222],[4,""PRIVATE_STATE_ORAM"",""ORAM_ACCESS"",238,222],[4,""PRIVATE_STATE_ORAM"",""ORAM_ACCESS"",238,222],[4,""PRIVATE_STATE_ORAM"",""ORAM_ACCESS"",238,222],[5,""PRIVATE_STATE_ORAM"",""ORAM_ACCESS"",238,222],[5,""PRIVATE_STATE_ORAM"",""ORAM_ACCESS"",238,222],[5,""PRIVATE_STATE_ORAM"",""ORAM_ACCESS"",238,222],[5,""MESSAGE_TOOL"",""PUBLIC_EFFECT"",240,222]]"
s1-p15-v2-b1,1,15,B2-BOUNDED-ADAPTIVE-OBLIVIOUS,16,2,1,1,completed,3331.5,15,0.6,"[[1,""PRIVATE_STATE_ORAM"",""ORAM_ACCESS"",238,222],[1,""PRIVATE_STATE_ORAM"",""ORAM_ACCESS"",238,222],[1,""PRIVATE_STATE_ORAM"",""ORAM_ACCESS"",238,222],[2,""PRIVATE_STATE_ORAM"",""ORAM_ACCESS"",238,222],[2,""PRIVATE_STATE_ORAM"",""ORAM_ACCESS"",238,222],[2,""PRIVATE_STATE_ORAM"",""ORAM_ACCESS"",238,222],[3,""PRIVATE_STATE_ORAM"",""ORAM_ACCESS"",238,222],[3,""PRIVATE_STATE_ORAM"",""ORAM_ACCESS"",238,222],[3,""PRIVATE_STATE_ORAM"",""ORAM_ACCESS"",238,222],[4,""PRIVATE_STATE_ORAM"",""ORAM_ACCESS"",238,222],[4,""PRIVATE_STATE_ORAM"",""ORAM_ACCESS"",238,222],[4,""PRIVATE_STATE_ORAM"",""ORAM_ACCESS"",238,222],[5,""PRIVATE_STATE_ORAM"",""ORAM_ACCESS"",238,222],[5,""PRIVATE_STATE_ORAM"",""ORAM_ACCESS"",238,222],[5,""PRIVATE_STATE_ORAM"",""ORAM_ACCESS"",238,222],[5,""MESSAGE_TOOL"",""PUBLIC_EFFECT"",240,222]]"
s1-p16-v2-b0,1,16,B2-BOUNDED-ADAPTIVE-OBLIVIOUS,16,1,0,1,completed,2069.6,15,0.8,"[[1,""PRIVATE_STATE_ORAM"",""ORAM_ACCESS"",238,222],[1,""PRIVATE_STATE_ORAM"",""ORAM_ACCESS"",238,222],[1,""PRIVATE_STATE_ORAM"",""ORAM_ACCESS"",238,222],[2,""PRIVATE_STATE_ORAM"",""ORAM_ACCESS"",238,222],[2,""PRIVATE_STATE_ORAM"",""ORAM_ACCESS"",238,222],[2,""PRIVATE_STATE_ORAM"",""ORAM_ACCESS"",238,222],[3,""PRIVATE_STATE_ORAM"",""ORAM_ACCESS"",238,222],[3,""PRIVATE_STATE_ORAM"",""ORAM_ACCESS"",238,222],[3,""PRIVATE_STATE_ORAM"",""ORAM_ACCESS"",238,222],[4,""PRIVATE_STATE_ORAM"",""ORAM_ACCESS"",238,222],[4,""PRIVATE_STATE_ORAM"",""ORAM_ACCESS"",238,222],[4,""PRIVATE_STATE_ORAM"",""ORAM_ACCESS"",238,222],[5,""PRIVATE_STATE_ORAM"",""ORAM_ACCESS"",238,222],[5,""PRIVATE_STATE_ORAM"",""ORAM_ACCESS"",238,222],[5,""PRIVATE_STATE_ORAM"",""ORAM_ACCESS"",238,222],[5,""MESSAGE_TOOL"",""PUBLIC_EFFECT"",240,222]]"
s1-p16-v2-b1,1,16,B2-BOUNDED-ADAPTIVE-OBLIVIOUS,16,2,1,1,completed,3312.2,15,0.6,"[[1,""PRIVATE_STATE_ORAM"",""ORAM_ACCESS"",238,222],[1,""PRIVATE_STATE_ORAM"",""ORAM_ACCESS"",238,222],[1,""PRIVATE_STATE_ORAM"",""ORAM_ACCESS"",238,222],[2,""PRIVATE_STATE_ORAM"",""ORAM_ACCESS"",238,222],[2,""PRIVATE_STATE_ORAM"",""ORAM_ACCESS"",238,222],[2,""PRIVATE_STATE_ORAM"",""ORAM_ACCESS"",238,222],[3,""PRIVATE_STATE_ORAM"",""ORAM_ACCESS"",238,222],[3,""PRIVATE_STATE_ORAM"",""ORAM_ACCESS"",238,222],[3,""PRIVATE_STATE_ORAM"",""ORAM_ACCESS"",238,222],[4,""PRIVATE_STATE_ORAM"",""ORAM_ACCESS"",238,222],[4,""PRIVATE_STATE_ORAM"",""ORAM_ACCESS"",238,222],[4,""PRIVATE_STATE_ORAM"",""ORAM_ACCESS"",238,222],[5,""PRIVATE_STATE_ORAM"",""ORAM_ACCESS"",238,222],[5,""PRIVATE_STATE_ORAM"",""ORAM_ACCESS"",238,222],[5,""PRIVATE_STATE_ORAM"",""ORAM_ACCESS"",238,222],[5,""MESSAGE_TOOL"",""PUBLIC_EFFECT"",240,222]]"
s1-p17-v2-b0,1,17,B2-BOUNDED-ADAPTIVE-OBLIVIOUS,16,1,0,1,completed,2082.2,15,0.8,"[[1,""PRIVATE_STATE_ORAM"",""ORAM_ACCESS"",238,222],[1,""PRIVATE_STATE_ORAM"",""ORAM_ACCESS"",238,222],[1,""PRIVATE_STATE_ORAM"",""ORAM_ACCESS"",238,222],[2,""PRIVATE_STATE_ORAM"",""ORAM_ACCESS"",238,222],[2,""PRIVATE_STATE_ORAM"",""ORAM_ACCESS"",238,222],[2,""PRIVATE_STATE_ORAM"",""ORAM_ACCESS"",238,222],[3,""PRIVATE_STATE_ORAM"",""ORAM_ACCESS"",238,222],[3,""PRIVATE_STATE_ORAM"",""ORAM_ACCESS"",238,222],[3,""PRIVATE_STATE_ORAM"",""ORAM_ACCESS"",238,222],[4,""PRIVATE_STATE_ORAM"",""ORAM_ACCESS"",238,222],[4,""PRIVATE_STATE_ORAM"",""ORAM_ACCESS"",238,222],[4,""PRIVATE_STATE_ORAM"",""ORAM_ACCESS"",238,222],[5,""PRIVATE_STATE_ORAM"",""ORAM_ACCESS"",238,222],[5,""PRIVATE_STATE_ORAM"",""ORAM_ACCESS"",238,222],[5,""PRIVATE_STATE_ORAM"",""ORAM_ACCESS"",238,222],[5,""MESSAGE_TOOL"",""PUBLIC_EFFECT"",240,222]]"
s1-p17-v2-b1,1,17,B2-BOUNDED-ADAPTIVE-OBLIVIOUS,16,2,1,1,completed,3501.9,15,0.6,"[[1,""PRIVATE_STATE_ORAM"",""ORAM_ACCESS"",238,222],[1,""PRIVATE_STATE_ORAM"",""ORAM_ACCESS"",238,222],[1,""PRIVATE_STATE_ORAM"",""ORAM_ACCESS"",238,222],[2,""PRIVATE_STATE_ORAM"",""ORAM_ACCESS"",238,222],[2,""PRIVATE_STATE_ORAM"",""ORAM_ACCESS"",238,222],[2,""PRIVATE_STATE_ORAM"",""ORAM_ACCESS"",238,222],[3,""PRIVATE_STATE_ORAM"",""ORAM_ACCESS"",238,222],[3,""PRIVATE_STATE_ORAM"",""ORAM_ACCESS"",238,222],[3,""PRIVATE_STATE_ORAM"",""ORAM_ACCESS"",238,222],[4,""PRIVATE_STATE_ORAM"",""ORAM_ACCESS"",238,222],[4,""PRIVATE_STATE_ORAM"",""ORAM_ACCESS"",238,222],[4,""PRIVATE_STATE_ORAM"",""ORAM_ACCESS"",238,222],[5,""PRIVATE_STATE_ORAM"",""ORAM_ACCESS"",238,222],[5,""PRIVATE_STATE_ORAM"",""ORAM_ACCESS"",238,222],[5,""PRIVATE_STATE_ORAM"",""ORAM_ACCESS"",238,222],[5,""MESSAGE_TOOL"",""PUBLIC_EFFECT"",240,222]]"
s1-p18-v2-b0,1,18,B2-BOUNDED-ADAPTIVE-OBLIVIOUS,16,1,0,1,completed,2040.6,15,0.8,"[[1,""PRIVATE_STATE_ORAM"",""ORAM_ACCESS"",238,222],[1,""PRIVATE_STATE_ORAM"",""ORAM_ACCESS"",238,222],[1,""PRIVATE_STATE_ORAM"",""ORAM_ACCESS"",238,222],[2,""PRIVATE_STATE_ORAM"",""ORAM_ACCESS"",238,222],[2,""PRIVATE_STATE_ORAM"",""ORAM_ACCESS"",238,222],[2,""PRIVATE_STATE_ORAM"",""ORAM_ACCESS"",238,222],[3,""PRIVATE_STATE_ORAM"",""ORAM_ACCESS"",238,222],[3,""PRIVATE_STATE_ORAM"",""ORAM_ACCESS"",238,222],[3,""PRIVATE_STATE_ORAM"",""ORAM_ACCESS"",238,222],[4,""PRIVATE_STATE_ORAM"",""ORAM_ACCESS"",238,222],[4,""PRIVATE_STATE_ORAM"",""ORAM_ACCESS"",238,222],[4,""PRIVATE_STATE_ORAM"",""ORAM_ACCESS"",238,222],[5,""PRIVATE_STATE_ORAM"",""ORAM_ACCESS"",238,222],[5,""PRIVATE_STATE_ORAM"",""ORAM_ACCESS"",238,222],[5,""PRIVATE_STATE_ORAM"",""ORAM_ACCESS"",238,222],[5,""MESSAGE_TOOL"",""PUBLIC_EFFECT"",240,222]]"
s1-p18-v2-b1,1,18,B2-BOUNDED-ADAPTIVE-OBLIVIOUS,16,2,1,1,completed,3276.5,15,0.6,"[[1,""PRIVATE_STATE_ORAM"",""ORAM_ACCESS"",238,222],[1,""PRIVATE_STATE_ORAM"",""ORAM_ACCESS"",238,222],[1,""PRIVATE_STATE_ORAM"",""ORAM_ACCESS"",238,222],[2,""PRIVATE_STATE_ORAM"",""ORAM_ACCESS"",238,222],[2,""PRIVATE_STATE_ORAM"",""ORAM_ACCESS"",238,222],[2,""PRIVATE_STATE_ORAM"",""ORAM_ACCESS"",238,222],[3,""PRIVATE_STATE_ORAM"",""ORAM_ACCESS"",238,222],[3,""PRIVATE_STATE_ORAM"",""ORAM_ACCESS"",238,222],[3,""PRIVATE_STATE_ORAM"",""ORAM_ACCESS"",238,222],[4,""PRIVATE_STATE_ORAM"",""ORAM_ACCESS"",238,222],[4,""PRIVATE_STATE_ORAM"",""ORAM_ACCESS"",238,222],[4,""PRIVATE_STATE_ORAM"",""ORAM_ACCESS"",238,222],[5,""PRIVATE_STATE_ORAM"",""ORAM_ACCESS"",238,222],[5,""PRIVATE_STATE_ORAM"",""ORAM_ACCESS"",238,222],[5,""PRIVATE_STATE_ORAM"",""ORAM_ACCESS"",238,222],[5,""MESSAGE_TOOL"",""PUBLIC_EFFECT"",240,222]]"
s1-p19-v2-b0,1,19,B2-BOUNDED-ADAPTIVE-OBLIVIOUS,16,1,0,1,completed,2081.6,15,0.8,"[[1,""PRIVATE_STATE_ORAM"",""ORAM_ACCESS"",238,222],[1,""PRIVATE_STATE_ORAM"",""ORAM_ACCESS"",238,222],[1,""PRIVATE_STATE_ORAM"",""ORAM_ACCESS"",238,222],[2,""PRIVATE_STATE_ORAM"",""ORAM_ACCESS"",238,222],[2,""PRIVATE_STATE_ORAM"",""ORAM_ACCESS"",238,222],[2,""PRIVATE_STATE_ORAM"",""ORAM_ACCESS"",238,222],[3,""PRIVATE_STATE_ORAM"",""ORAM_ACCESS"",238,222],[3,""PRIVATE_STATE_ORAM"",""ORAM_ACCESS"",238,222],[3,""PRIVATE_STATE_ORAM"",""ORAM_ACCESS"",238,222],[4,""PRIVATE_STATE_ORAM"",""ORAM_ACCESS"",238,222],[4,""PRIVATE_STATE_ORAM"",""ORAM_ACCESS"",238,222],[4,""PRIVATE_STATE_ORAM"",""ORAM_ACCESS"",238,222],[5,""PRIVATE_STATE_ORAM"",""ORAM_ACCESS"",238,222],[5,""PRIVATE_STATE_ORAM"",""ORAM_ACCESS"",238,222],[5,""PRIVATE_STATE_ORAM"",""ORAM_ACCESS"",238,222],[5,""MESSAGE_TOOL"",""PUBLIC_EFFECT"",240,222]]"
s1-p19-v2-b1,1,19,B2-BOUNDED-ADAPTIVE-OBLIVIOUS,16,2,1,1,completed,3268.3,15,0.6,"[[1,""PRIVATE_STATE_ORAM"",""ORAM_ACCESS"",238,222],[1,""PRIVATE_STATE_ORAM"",""ORAM_ACCESS"",238,222],[1,""PRIVATE_STATE_ORAM"",""ORAM_ACCESS"",238,222],[2,""PRIVATE_STATE_ORAM"",""ORAM_ACCESS"",238,222],[2,""PRIVATE_STATE_ORAM"",""ORAM_ACCESS"",238,222],[2,""PRIVATE_STATE_ORAM"",""ORAM_ACCESS"",238,222],[3,""PRIVATE_STATE_ORAM"",""ORAM_ACCESS"",238,222],[3,""PRIVATE_STATE_ORAM"",""ORAM_ACCESS"",238,222],[3,""PRIVATE_STATE_ORAM"",""ORAM_ACCESS"",238,222],[4,""PRIVATE_STATE_ORAM"",""ORAM_ACCESS"",238,222],[4,""PRIVATE_STATE_ORAM"",""ORAM_ACCESS"",238,222],[4,""PRIVATE_STATE_ORAM"",""ORAM_ACCESS"",238,222],[5,""PRIVATE_STATE_ORAM"",""ORAM_ACCESS"",238,222],[5,""PRIVATE_STATE_ORAM"",""ORAM_ACCESS"",238,222],[5,""PRIVATE_STATE_ORAM"",""ORAM_ACCESS"",238,222],[5,""MESSAGE_TOOL"",""PUBLIC_EFFECT"",240,222]]"
s2-p0-v0-b0,2,0,B0-NATURAL,3,1,0,1,completed,2064.6,0,0.0,"[[1,""RUNTIME_BOUNDARY"",""MEDIATION_INVOCATION"",0,0],[2,""RUNTIME_BOUNDARY"",""PUBLIC_EFFECT_COMMIT"",0,0],[3,""RUNTIME_BOUNDARY"",""SANITIZED_RESULT"",0,0]]"
s2-p0-v0-b1,2,0,B0-NATURAL,6,2,1,1,completed,3200.8,0,0.0,"[[1,""RUNTIME_BOUNDARY"",""MEDIATION_INVOCATION"",0,0],[2,""RUNTIME_BOUNDARY"",""APPROVAL_INTERRUPTION"",0,0],[3,""RUNTIME_BOUNDARY"",""LOCAL_APPROVAL_DECISION"",0,0],[4,""RUNTIME_BOUNDARY"",""MEDIATION_INVOCATION"",0,0],[5,""RUNTIME_BOUNDARY"",""PUBLIC_EFFECT_COMMIT"",0,0],[6,""RUNTIME_BOUNDARY"",""SANITIZED_RESULT"",0,0]]"
s2-p1-v0-b0,2,1,B0-NATURAL,3,1,0,1,completed,2019.9,0,0.0,"[[1,""RUNTIME_BOUNDARY"",""MEDIATION_INVOCATION"",0,0],[2,""RUNTIME_BOUNDARY"",""PUBLIC_EFFECT_COMMIT"",0,0],[3,""RUNTIME_BOUNDARY"",""SANITIZED_RESULT"",0,0]]"
s2-p1-v0-b1,2,1,B0-NATURAL,6,2,1,1,completed,3410.7,0,0.0,"[[1,""RUNTIME_BOUNDARY"",""MEDIATION_INVOCATION"",0,0],[2,""RUNTIME_BOUNDARY"",""APPROVAL_INTERRUPTION"",0,0],[3,""RUNTIME_BOUNDARY"",""LOCAL_APPROVAL_DECISION"",0,0],[4,""RUNTIME_BOUNDARY"",""MEDIATION_INVOCATION"",0,0],[5,""RUNTIME_BOUNDARY"",""PUBLIC_EFFECT_COMMIT"",0,0],[6,""RUNTIME_BOUNDARY"",""SANITIZED_RESULT"",0,0]]"
s2-p2-v0-b0,2,2,B0-NATURAL,3,1,0,1,completed,2006.4,0,0.0,"[[1,""RUNTIME_BOUNDARY"",""MEDIATION_INVOCATION"",0,0],[2,""RUNTIME_BOUNDARY"",""PUBLIC_EFFECT_COMMIT"",0,0],[3,""RUNTIME_BOUNDARY"",""SANITIZED_RESULT"",0,0]]"
s2-p2-v0-b1,2,2,B0-NATURAL,6,2,1,1,completed,3195.9,0,0.0,"[[1,""RUNTIME_BOUNDARY"",""MEDIATION_INVOCATION"",0,0],[2,""RUNTIME_BOUNDARY"",""APPROVAL_INTERRUPTION"",0,0],[3,""RUNTIME_BOUNDARY"",""LOCAL_APPROVAL_DECISION"",0,0],[4,""RUNTIME_BOUNDARY"",""MEDIATION_INVOCATION"",0,0],[5,""RUNTIME_BOUNDARY"",""PUBLIC_EFFECT_COMMIT"",0,0],[6,""RUNTIME_BOUNDARY"",""SANITIZED_RESULT"",0,0]]"
s2-p3-v0-b0,2,3,B0-NATURAL,3,1,0,1,completed,1992.2,0,0.0,"[[1,""RUNTIME_BOUNDARY"",""MEDIATION_INVOCATION"",0,0],[2,""RUNTIME_BOUNDARY"",""PUBLIC_EFFECT_COMMIT"",0,0],[3,""RUNTIME_BOUNDARY"",""SANITIZED_RESULT"",0,0]]"
s2-p3-v0-b1,2,3,B0-NATURAL,6,2,1,1,completed,3199.1,0,0.0,"[[1,""RUNTIME_BOUNDARY"",""MEDIATION_INVOCATION"",0,0],[2,""RUNTIME_BOUNDARY"",""APPROVAL_INTERRUPTION"",0,0],[3,""RUNTIME_BOUNDARY"",""LOCAL_APPROVAL_DECISION"",0,0],[4,""RUNTIME_BOUNDARY"",""MEDIATION_INVOCATION"",0,0],[5,""RUNTIME_BOUNDARY"",""PUBLIC_EFFECT_COMMIT"",0,0],[6,""RUNTIME_BOUNDARY"",""SANITIZED_RESULT"",0,0]]"
s2-p4-v0-b0,2,4,B0-NATURAL,3,1,0,1,completed,1980.4,0,0.0,"[[1,""RUNTIME_BOUNDARY"",""MEDIATION_INVOCATION"",0,0],[2,""RUNTIME_BOUNDARY"",""PUBLIC_EFFECT_COMMIT"",0,0],[3,""RUNTIME_BOUNDARY"",""SANITIZED_RESULT"",0,0]]"
s2-p4-v0-b1,2,4,B0-NATURAL,6,2,1,1,completed,3206.5,0,0.0,"[[1,""RUNTIME_BOUNDARY"",""MEDIATION_INVOCATION"",0,0],[2,""RUNTIME_BOUNDARY"",""APPROVAL_INTERRUPTION"",0,0],[3,""RUNTIME_BOUNDARY"",""LOCAL_APPROVAL_DECISION"",0,0],[4,""RUNTIME_BOUNDARY"",""MEDIATION_INVOCATION"",0,0],[5,""RUNTIME_BOUNDARY"",""PUBLIC_EFFECT_COMMIT"",0,0],[6,""RUNTIME_BOUNDARY"",""SANITIZED_RESULT"",0,0]]"
s2-p5-v0-b0,2,5,B0-NATURAL,3,1,0,1,completed,1994.3,0,0.0,"[[1,""RUNTIME_BOUNDARY"",""MEDIATION_INVOCATION"",0,0],[2,""RUNTIME_BOUNDARY"",""PUBLIC_EFFECT_COMMIT"",0,0],[3,""RUNTIME_BOUNDARY"",""SANITIZED_RESULT"",0,0]]"
s2-p5-v0-b1,2,5,B0-NATURAL,6,2,1,1,completed,3184.1,0,0.0,"[[1,""RUNTIME_BOUNDARY"",""MEDIATION_INVOCATION"",0,0],[2,""RUNTIME_BOUNDARY"",""APPROVAL_INTERRUPTION"",0,0],[3,""RUNTIME_BOUNDARY"",""LOCAL_APPROVAL_DECISION"",0,0],[4,""RUNTIME_BOUNDARY"",""MEDIATION_INVOCATION"",0,0],[5,""RUNTIME_BOUNDARY"",""PUBLIC_EFFECT_COMMIT"",0,0],[6,""RUNTIME_BOUNDARY"",""SANITIZED_RESULT"",0,0]]"
s2-p6-v0-b0,2,6,B0-NATURAL,3,1,0,1,completed,2269.9,0,0.0,"[[1,""RUNTIME_BOUNDARY"",""MEDIATION_INVOCATION"",0,0],[2,""RUNTIME_BOUNDARY"",""PUBLIC_EFFECT_COMMIT"",0,0],[3,""RUNTIME_BOUNDARY"",""SANITIZED_RESULT"",0,0]]"
s2-p6-v0-b1,2,6,B0-NATURAL,6,2,1,1,completed,3242.1,0,0.0,"[[1,""RUNTIME_BOUNDARY"",""MEDIATION_INVOCATION"",0,0],[2,""RUNTIME_BOUNDARY"",""APPROVAL_INTERRUPTION"",0,0],[3,""RUNTIME_BOUNDARY"",""LOCAL_APPROVAL_DECISION"",0,0],[4,""RUNTIME_BOUNDARY"",""MEDIATION_INVOCATION"",0,0],[5,""RUNTIME_BOUNDARY"",""PUBLIC_EFFECT_COMMIT"",0,0],[6,""RUNTIME_BOUNDARY"",""SANITIZED_RESULT"",0,0]]"
s2-p7-v0-b0,2,7,B0-NATURAL,3,1,0,1,completed,2014.0,0,0.0,"[[1,""RUNTIME_BOUNDARY"",""MEDIATION_INVOCATION"",0,0],[2,""RUNTIME_BOUNDARY"",""PUBLIC_EFFECT_COMMIT"",0,0],[3,""RUNTIME_BOUNDARY"",""SANITIZED_RESULT"",0,0]]"
s2-p7-v0-b1,2,7,B0-NATURAL,6,2,1,1,completed,3150.5,0,0.0,"[[1,""RUNTIME_BOUNDARY"",""MEDIATION_INVOCATION"",0,0],[2,""RUNTIME_BOUNDARY"",""APPROVAL_INTERRUPTION"",0,0],[3,""RUNTIME_BOUNDARY"",""LOCAL_APPROVAL_DECISION"",0,0],[4,""RUNTIME_BOUNDARY"",""MEDIATION_INVOCATION"",0,0],[5,""RUNTIME_BOUNDARY"",""PUBLIC_EFFECT_COMMIT"",0,0],[6,""RUNTIME_BOUNDARY"",""SANITIZED_RESULT"",0,0]]"
s2-p8-v0-b0,2,8,B0-NATURAL,3,1,0,1,completed,1993.5,0,0.0,"[[1,""RUNTIME_BOUNDARY"",""MEDIATION_INVOCATION"",0,0],[2,""RUNTIME_BOUNDARY"",""PUBLIC_EFFECT_COMMIT"",0,0],[3,""RUNTIME_BOUNDARY"",""SANITIZED_RESULT"",0,0]]"
s2-p8-v0-b1,2,8,B0-NATURAL,6,2,1,1,completed,3238.6,0,0.0,"[[1,""RUNTIME_BOUNDARY"",""MEDIATION_INVOCATION"",0,0],[2,""RUNTIME_BOUNDARY"",""APPROVAL_INTERRUPTION"",0,0],[3,""RUNTIME_BOUNDARY"",""LOCAL_APPROVAL_DECISION"",0,0],[4,""RUNTIME_BOUNDARY"",""MEDIATION_INVOCATION"",0,0],[5,""RUNTIME_BOUNDARY"",""PUBLIC_EFFECT_COMMIT"",0,0],[6,""RUNTIME_BOUNDARY"",""SANITIZED_RESULT"",0,0]]"
s2-p9-v0-b0,2,9,B0-NATURAL,3,1,0,1,completed,2013.1,0,0.0,"[[1,""RUNTIME_BOUNDARY"",""MEDIATION_INVOCATION"",0,0],[2,""RUNTIME_BOUNDARY"",""PUBLIC_EFFECT_COMMIT"",0,0],[3,""RUNTIME_BOUNDARY"",""SANITIZED_RESULT"",0,0]]"
s2-p9-v0-b1,2,9,B0-NATURAL,6,2,1,1,completed,3161.5,0,0.0,"[[1,""RUNTIME_BOUNDARY"",""MEDIATION_INVOCATION"",0,0],[2,""RUNTIME_BOUNDARY"",""APPROVAL_INTERRUPTION"",0,0],[3,""RUNTIME_BOUNDARY"",""LOCAL_APPROVAL_DECISION"",0,0],[4,""RUNTIME_BOUNDARY"",""MEDIATION_INVOCATION"",0,0],[5,""RUNTIME_BOUNDARY"",""PUBLIC_EFFECT_COMMIT"",0,0],[6,""RUNTIME_BOUNDARY"",""SANITIZED_RESULT"",0,0]]"
s2-p10-v0-b0,2,10,B0-NATURAL,3,1,0,1,completed,1986.4,0,0.0,"[[1,""RUNTIME_BOUNDARY"",""MEDIATION_INVOCATION"",0,0],[2,""RUNTIME_BOUNDARY"",""PUBLIC_EFFECT_COMMIT"",0,0],[3,""RUNTIME_BOUNDARY"",""SANITIZED_RESULT"",0,0]]"
s2-p10-v0-b1,2,10,B0-NATURAL,6,2,1,1,completed,3419.2,0,0.0,"[[1,""RUNTIME_BOUNDARY"",""MEDIATION_INVOCATION"",0,0],[2,""RUNTIME_BOUNDARY"",""APPROVAL_INTERRUPTION"",0,0],[3,""RUNTIME_BOUNDARY"",""LOCAL_APPROVAL_DECISION"",0,0],[4,""RUNTIME_BOUNDARY"",""MEDIATION_INVOCATION"",0,0],[5,""RUNTIME_BOUNDARY"",""PUBLIC_EFFECT_COMMIT"",0,0],[6,""RUNTIME_BOUNDARY"",""SANITIZED_RESULT"",0,0]]"
s2-p11-v0-b0,2,11,B0-NATURAL,3,1,0,1,completed,1985.6,0,0.0,"[[1,""RUNTIME_BOUNDARY"",""MEDIATION_INVOCATION"",0,0],[2,""RUNTIME_BOUNDARY"",""PUBLIC_EFFECT_COMMIT"",0,0],[3,""RUNTIME_BOUNDARY"",""SANITIZED_RESULT"",0,0]]"
s2-p11-v0-b1,2,11,B0-NATURAL,6,2,1,1,completed,3155.4,0,0.0,"[[1,""RUNTIME_BOUNDARY"",""MEDIATION_INVOCATION"",0,0],[2,""RUNTIME_BOUNDARY"",""APPROVAL_INTERRUPTION"",0,0],[3,""RUNTIME_BOUNDARY"",""LOCAL_APPROVAL_DECISION"",0,0],[4,""RUNTIME_BOUNDARY"",""MEDIATION_INVOCATION"",0,0],[5,""RUNTIME_BOUNDARY"",""PUBLIC_EFFECT_COMMIT"",0,0],[6,""RUNTIME_BOUNDARY"",""SANITIZED_RESULT"",0,0]]"
s2-p12-v0-b0,2,12,B0-NATURAL,3,1,0,1,completed,1996.6,0,0.0,"[[1,""RUNTIME_BOUNDARY"",""MEDIATION_INVOCATION"",0,0],[2,""RUNTIME_BOUNDARY"",""PUBLIC_EFFECT_COMMIT"",0,0],[3,""RUNTIME_BOUNDARY"",""SANITIZED_RESULT"",0,0]]"
s2-p12-v0-b1,2,12,B0-NATURAL,6,2,1,1,completed,3238.7,0,0.0,"[[1,""RUNTIME_BOUNDARY"",""MEDIATION_INVOCATION"",0,0],[2,""RUNTIME_BOUNDARY"",""APPROVAL_INTERRUPTION"",0,0],[3,""RUNTIME_BOUNDARY"",""LOCAL_APPROVAL_DECISION"",0,0],[4,""RUNTIME_BOUNDARY"",""MEDIATION_INVOCATION"",0,0],[5,""RUNTIME_BOUNDARY"",""PUBLIC_EFFECT_COMMIT"",0,0],[6,""RUNTIME_BOUNDARY"",""SANITIZED_RESULT"",0,0]]"
s2-p13-v0-b0,2,13,B0-NATURAL,3,1,0,1,completed,2019.3,0,0.0,"[[1,""RUNTIME_BOUNDARY"",""MEDIATION_INVOCATION"",0,0],[2,""RUNTIME_BOUNDARY"",""PUBLIC_EFFECT_COMMIT"",0,0],[3,""RUNTIME_BOUNDARY"",""SANITIZED_RESULT"",0,0]]"
s2-p13-v0-b1,2,13,B0-NATURAL,6,2,1,1,completed,3189.1,0,0.0,"[[1,""RUNTIME_BOUNDARY"",""MEDIATION_INVOCATION"",0,0],[2,""RUNTIME_BOUNDARY"",""APPROVAL_INTERRUPTION"",0,0],[3,""RUNTIME_BOUNDARY"",""LOCAL_APPROVAL_DECISION"",0,0],[4,""RUNTIME_BOUNDARY"",""MEDIATION_INVOCATION"",0,0],[5,""RUNTIME_BOUNDARY"",""PUBLIC_EFFECT_COMMIT"",0,0],[6,""RUNTIME_BOUNDARY"",""SANITIZED_RESULT"",0,0]]"
s2-p14-v0-b0,2,14,B0-NATURAL,3,1,0,1,completed,2059.0,0,0.0,"[[1,""RUNTIME_BOUNDARY"",""MEDIATION_INVOCATION"",0,0],[2,""RUNTIME_BOUNDARY"",""PUBLIC_EFFECT_COMMIT"",0,0],[3,""RUNTIME_BOUNDARY"",""SANITIZED_RESULT"",0,0]]"
s2-p14-v0-b1,2,14,B0-NATURAL,6,2,1,1,completed,3243.5,0,0.0,"[[1,""RUNTIME_BOUNDARY"",""MEDIATION_INVOCATION"",0,0],[2,""RUNTIME_BOUNDARY"",""APPROVAL_INTERRUPTION"",0,0],[3,""RUNTIME_BOUNDARY"",""LOCAL_APPROVAL_DECISION"",0,0],[4,""RUNTIME_BOUNDARY"",""MEDIATION_INVOCATION"",0,0],[5,""RUNTIME_BOUNDARY"",""PUBLIC_EFFECT_COMMIT"",0,0],[6,""RUNTIME_BOUNDARY"",""SANITIZED_RESULT"",0,0]]"
s2-p15-v0-b0,2,15,B0-NATURAL,3,1,0,1,completed,2272.8,0,0.0,"[[1,""RUNTIME_BOUNDARY"",""MEDIATION_INVOCATION"",0,0],[2,""RUNTIME_BOUNDARY"",""PUBLIC_EFFECT_COMMIT"",0,0],[3,""RUNTIME_BOUNDARY"",""SANITIZED_RESULT"",0,0]]"
s2-p15-v0-b1,2,15,B0-NATURAL,6,2,1,1,completed,3145.1,0,0.0,"[[1,""RUNTIME_BOUNDARY"",""MEDIATION_INVOCATION"",0,0],[2,""RUNTIME_BOUNDARY"",""APPROVAL_INTERRUPTION"",0,0],[3,""RUNTIME_BOUNDARY"",""LOCAL_APPROVAL_DECISION"",0,0],[4,""RUNTIME_BOUNDARY"",""MEDIATION_INVOCATION"",0,0],[5,""RUNTIME_BOUNDARY"",""PUBLIC_EFFECT_COMMIT"",0,0],[6,""RUNTIME_BOUNDARY"",""SANITIZED_RESULT"",0,0]]"
s2-p16-v0-b0,2,16,B0-NATURAL,3,1,0,1,completed,2038.7,0,0.0,"[[1,""RUNTIME_BOUNDARY"",""MEDIATION_INVOCATION"",0,0],[2,""RUNTIME_BOUNDARY"",""PUBLIC_EFFECT_COMMIT"",0,0],[3,""RUNTIME_BOUNDARY"",""SANITIZED_RESULT"",0,0]]"
s2-p16-v0-b1,2,16,B0-NATURAL,6,2,1,1,completed,3180.0,0,0.0,"[[1,""RUNTIME_BOUNDARY"",""MEDIATION_INVOCATION"",0,0],[2,""RUNTIME_BOUNDARY"",""APPROVAL_INTERRUPTION"",0,0],[3,""RUNTIME_BOUNDARY"",""LOCAL_APPROVAL_DECISION"",0,0],[4,""RUNTIME_BOUNDARY"",""MEDIATION_INVOCATION"",0,0],[5,""RUNTIME_BOUNDARY"",""PUBLIC_EFFECT_COMMIT"",0,0],[6,""RUNTIME_BOUNDARY"",""SANITIZED_RESULT"",0,0]]"
s2-p17-v0-b0,2,17,B0-NATURAL,3,1,0,1,completed,2003.7,0,0.0,"[[1,""RUNTIME_BOUNDARY"",""MEDIATION_INVOCATION"",0,0],[2,""RUNTIME_BOUNDARY"",""PUBLIC_EFFECT_COMMIT"",0,0],[3,""RUNTIME_BOUNDARY"",""SANITIZED_RESULT"",0,0]]"
s2-p17-v0-b1,2,17,B0-NATURAL,6,2,1,1,completed,3175.7,0,0.0,"[[1,""RUNTIME_BOUNDARY"",""MEDIATION_INVOCATION"",0,0],[2,""RUNTIME_BOUNDARY"",""APPROVAL_INTERRUPTION"",0,0],[3,""RUNTIME_BOUNDARY"",""LOCAL_APPROVAL_DECISION"",0,0],[4,""RUNTIME_BOUNDARY"",""MEDIATION_INVOCATION"",0,0],[5,""RUNTIME_BOUNDARY"",""PUBLIC_EFFECT_COMMIT"",0,0],[6,""RUNTIME_BOUNDARY"",""SANITIZED_RESULT"",0,0]]"
s2-p18-v0-b0,2,18,B0-NATURAL,3,1,0,1,completed,2022.3,0,0.0,"[[1,""RUNTIME_BOUNDARY"",""MEDIATION_INVOCATION"",0,0],[2,""RUNTIME_BOUNDARY"",""PUBLIC_EFFECT_COMMIT"",0,0],[3,""RUNTIME_BOUNDARY"",""SANITIZED_RESULT"",0,0]]"
s2-p18-v0-b1,2,18,B0-NATURAL,6,2,1,1,completed,3168.6,0,0.0,"[[1,""RUNTIME_BOUNDARY"",""MEDIATION_INVOCATION"",0,0],[2,""RUNTIME_BOUNDARY"",""APPROVAL_INTERRUPTION"",0,0],[3,""RUNTIME_BOUNDARY"",""LOCAL_APPROVAL_DECISION"",0,0],[4,""RUNTIME_BOUNDARY"",""MEDIATION_INVOCATION"",0,0],[5,""RUNTIME_BOUNDARY"",""PUBLIC_EFFECT_COMMIT"",0,0],[6,""RUNTIME_BOUNDARY"",""SANITIZED_RESULT"",0,0]]"
s2-p19-v0-b0,2,19,B0-NATURAL,3,1,0,1,completed,2009.1,0,0.0,"[[1,""RUNTIME_BOUNDARY"",""MEDIATION_INVOCATION"",0,0],[2,""RUNTIME_BOUNDARY"",""PUBLIC_EFFECT_COMMIT"",0,0],[3,""RUNTIME_BOUNDARY"",""SANITIZED_RESULT"",0,0]]"
s2-p19-v0-b1,2,19,B0-NATURAL,6,2,1,1,completed,3381.2,0,0.0,"[[1,""RUNTIME_BOUNDARY"",""MEDIATION_INVOCATION"",0,0],[2,""RUNTIME_BOUNDARY"",""APPROVAL_INTERRUPTION"",0,0],[3,""RUNTIME_BOUNDARY"",""LOCAL_APPROVAL_DECISION"",0,0],[4,""RUNTIME_BOUNDARY"",""MEDIATION_INVOCATION"",0,0],[5,""RUNTIME_BOUNDARY"",""PUBLIC_EFFECT_COMMIT"",0,0],[6,""RUNTIME_BOUNDARY"",""SANITIZED_RESULT"",0,0]]"
s2-p0-v1-b0,2,0,B1-PER-ACTION-OBLIVIOUS,4,1,0,1,completed,2416.9,3,0.0,"[[1,""PRIVATE_STATE_ORAM"",""ORAM_ACCESS"",451,444],[1,""PRIVATE_STATE_ORAM"",""ORAM_ACCESS"",451,444],[1,""PRIVATE_STATE_ORAM"",""ORAM_ACCESS"",451,444],[1,""MESSAGE_TOOL"",""PUBLIC_EFFECT"",451,444]]"
s2-p0-v1-b1,2,0,B1-PER-ACTION-OBLIVIOUS,7,2,1,1,completed,3239.1,6,0.0,"[[1,""PRIVATE_STATE_ORAM"",""ORAM_ACCESS"",451,444],[1,""PRIVATE_STATE_ORAM"",""ORAM_ACCESS"",451,444],[1,""PRIVATE_STATE_ORAM"",""ORAM_ACCESS"",451,444],[2,""PRIVATE_STATE_ORAM"",""ORAM_ACCESS"",451,444],[2,""PRIVATE_STATE_ORAM"",""ORAM_ACCESS"",451,444],[2,""PRIVATE_STATE_ORAM"",""ORAM_ACCESS"",451,444],[2,""MESSAGE_TOOL"",""PUBLIC_EFFECT"",451,444]]"
s2-p1-v1-b0,2,1,B1-PER-ACTION-OBLIVIOUS,4,1,0,1,completed,2012.6,3,0.0,"[[1,""PRIVATE_STATE_ORAM"",""ORAM_ACCESS"",451,444],[1,""PRIVATE_STATE_ORAM"",""ORAM_ACCESS"",451,444],[1,""PRIVATE_STATE_ORAM"",""ORAM_ACCESS"",451,444],[1,""MESSAGE_TOOL"",""PUBLIC_EFFECT"",451,444]]"
s2-p1-v1-b1,2,1,B1-PER-ACTION-OBLIVIOUS,7,2,1,1,completed,3158.1,6,0.0,"[[1,""PRIVATE_STATE_ORAM"",""ORAM_ACCESS"",451,444],[1,""PRIVATE_STATE_ORAM"",""ORAM_ACCESS"",451,444],[1,""PRIVATE_STATE_ORAM"",""ORAM_ACCESS"",451,444],[2,""PRIVATE_STATE_ORAM"",""ORAM_ACCESS"",451,444],[2,""PRIVATE_STATE_ORAM"",""ORAM_ACCESS"",451,444],[2,""PRIVATE_STATE_ORAM"",""ORAM_ACCESS"",451,444],[2,""MESSAGE_TOOL"",""PUBLIC_EFFECT"",451,444]]"
s2-p2-v1-b0,2,2,B1-PER-ACTION-OBLIVIOUS,4,1,0,1,completed,2077.7,3,0.0,"[[1,""PRIVATE_STATE_ORAM"",""ORAM_ACCESS"",451,444],[1,""PRIVATE_STATE_ORAM"",""ORAM_ACCESS"",451,444],[1,""PRIVATE_STATE_ORAM"",""ORAM_ACCESS"",451,444],[1,""MESSAGE_TOOL"",""PUBLIC_EFFECT"",451,444]]"
s2-p2-v1-b1,2,2,B1-PER-ACTION-OBLIVIOUS,7,2,1,1,completed,3164.7,6,0.0,"[[1,""PRIVATE_STATE_ORAM"",""ORAM_ACCESS"",451,444],[1,""PRIVATE_STATE_ORAM"",""ORAM_ACCESS"",451,444],[1,""PRIVATE_STATE_ORAM"",""ORAM_ACCESS"",451,444],[2,""PRIVATE_STATE_ORAM"",""ORAM_ACCESS"",451,444],[2,""PRIVATE_STATE_ORAM"",""ORAM_ACCESS"",451,444],[2,""PRIVATE_STATE_ORAM"",""ORAM_ACCESS"",451,444],[2,""MESSAGE_TOOL"",""PUBLIC_EFFECT"",451,444]]"
s2-p3-v1-b0,2,3,B1-PER-ACTION-OBLIVIOUS,4,1,0,1,completed,2025.4,3,0.0,"[[1,""PRIVATE_STATE_ORAM"",""ORAM_ACCESS"",451,444],[1,""PRIVATE_STATE_ORAM"",""ORAM_ACCESS"",451,444],[1,""PRIVATE_STATE_ORAM"",""ORAM_ACCESS"",451,444],[1,""MESSAGE_TOOL"",""PUBLIC_EFFECT"",451,444]]"
s2-p3-v1-b1,2,3,B1-PER-ACTION-OBLIVIOUS,7,2,1,1,completed,3176.4,6,0.0,"[[1,""PRIVATE_STATE_ORAM"",""ORAM_ACCESS"",451,444],[1,""PRIVATE_STATE_ORAM"",""ORAM_ACCESS"",451,444],[1,""PRIVATE_STATE_ORAM"",""ORAM_ACCESS"",451,444],[2,""PRIVATE_STATE_ORAM"",""ORAM_ACCESS"",451,444],[2,""PRIVATE_STATE_ORAM"",""ORAM_ACCESS"",451,444],[2,""PRIVATE_STATE_ORAM"",""ORAM_ACCESS"",451,444],[2,""MESSAGE_TOOL"",""PUBLIC_EFFECT"",451,444]]"
s2-p4-v1-b0,2,4,B1-PER-ACTION-OBLIVIOUS,4,1,0,1,completed,2255.5,3,0.0,"[[1,""PRIVATE_STATE_ORAM"",""ORAM_ACCESS"",451,444],[1,""PRIVATE_STATE_ORAM"",""ORAM_ACCESS"",451,444],[1,""PRIVATE_STATE_ORAM"",""ORAM_ACCESS"",451,444],[1,""MESSAGE_TOOL"",""PUBLIC_EFFECT"",451,444]]"
s2-p4-v1-b1,2,4,B1-PER-ACTION-OBLIVIOUS,7,2,1,1,completed,3215.2,6,0.0,"[[1,""PRIVATE_STATE_ORAM"",""ORAM_ACCESS"",451,444],[1,""PRIVATE_STATE_ORAM"",""ORAM_ACCESS"",451,444],[1,""PRIVATE_STATE_ORAM"",""ORAM_ACCESS"",451,444],[2,""PRIVATE_STATE_ORAM"",""ORAM_ACCESS"",451,444],[2,""PRIVATE_STATE_ORAM"",""ORAM_ACCESS"",451,444],[2,""PRIVATE_STATE_ORAM"",""ORAM_ACCESS"",451,444],[2,""MESSAGE_TOOL"",""PUBLIC_EFFECT"",451,444]]"
s2-p5-v1-b0,2,5,B1-PER-ACTION-OBLIVIOUS,4,1,0,1,completed,2015.0,3,0.0,"[[1,""PRIVATE_STATE_ORAM"",""ORAM_ACCESS"",451,444],[1,""PRIVATE_STATE_ORAM"",""ORAM_ACCESS"",451,444],[1,""PRIVATE_STATE_ORAM"",""ORAM_ACCESS"",451,444],[1,""MESSAGE_TOOL"",""PUBLIC_EFFECT"",451,444]]"
s2-p5-v1-b1,2,5,B1-PER-ACTION-OBLIVIOUS,7,2,1,1,completed,3275.3,6,0.0,"[[1,""PRIVATE_STATE_ORAM"",""ORAM_ACCESS"",451,444],[1,""PRIVATE_STATE_ORAM"",""ORAM_ACCESS"",451,444],[1,""PRIVATE_STATE_ORAM"",""ORAM_ACCESS"",451,444],[2,""PRIVATE_STATE_ORAM"",""ORAM_ACCESS"",451,444],[2,""PRIVATE_STATE_ORAM"",""ORAM_ACCESS"",451,444],[2,""PRIVATE_STATE_ORAM"",""ORAM_ACCESS"",451,444],[2,""MESSAGE_TOOL"",""PUBLIC_EFFECT"",451,444]]"
s2-p6-v1-b0,2,6,B1-PER-ACTION-OBLIVIOUS,4,1,0,1,completed,2020.7,3,0.0,"[[1,""PRIVATE_STATE_ORAM"",""ORAM_ACCESS"",451,444],[1,""PRIVATE_STATE_ORAM"",""ORAM_ACCESS"",451,444],[1,""PRIVATE_STATE_ORAM"",""ORAM_ACCESS"",451,444],[1,""MESSAGE_TOOL"",""PUBLIC_EFFECT"",451,444]]"
s2-p6-v1-b1,2,6,B1-PER-ACTION-OBLIVIOUS,7,2,1,1,completed,3179.6,6,0.0,"[[1,""PRIVATE_STATE_ORAM"",""ORAM_ACCESS"",451,444],[1,""PRIVATE_STATE_ORAM"",""ORAM_ACCESS"",451,444],[1,""PRIVATE_STATE_ORAM"",""ORAM_ACCESS"",451,444],[2,""PRIVATE_STATE_ORAM"",""ORAM_ACCESS"",451,444],[2,""PRIVATE_STATE_ORAM"",""ORAM_ACCESS"",451,444],[2,""PRIVATE_STATE_ORAM"",""ORAM_ACCESS"",451,444],[2,""MESSAGE_TOOL"",""PUBLIC_EFFECT"",451,444]]"
s2-p7-v1-b0,2,7,B1-PER-ACTION-OBLIVIOUS,4,1,0,1,completed,1989.9,3,0.0,"[[1,""PRIVATE_STATE_ORAM"",""ORAM_ACCESS"",451,444],[1,""PRIVATE_STATE_ORAM"",""ORAM_ACCESS"",451,444],[1,""PRIVATE_STATE_ORAM"",""ORAM_ACCESS"",451,444],[1,""MESSAGE_TOOL"",""PUBLIC_EFFECT"",451,444]]"
s2-p7-v1-b1,2,7,B1-PER-ACTION-OBLIVIOUS,7,2,1,1,completed,3225.4,6,0.0,"[[1,""PRIVATE_STATE_ORAM"",""ORAM_ACCESS"",451,444],[1,""PRIVATE_STATE_ORAM"",""ORAM_ACCESS"",451,444],[1,""PRIVATE_STATE_ORAM"",""ORAM_ACCESS"",451,444],[2,""PRIVATE_STATE_ORAM"",""ORAM_ACCESS"",451,444],[2,""PRIVATE_STATE_ORAM"",""ORAM_ACCESS"",451,444],[2,""PRIVATE_STATE_ORAM"",""ORAM_ACCESS"",451,444],[2,""MESSAGE_TOOL"",""PUBLIC_EFFECT"",451,444]]"
s2-p8-v1-b0,2,8,B1-PER-ACTION-OBLIVIOUS,4,1,0,1,completed,2018.3,3,0.0,"[[1,""PRIVATE_STATE_ORAM"",""ORAM_ACCESS"",451,444],[1,""PRIVATE_STATE_ORAM"",""ORAM_ACCESS"",451,444],[1,""PRIVATE_STATE_ORAM"",""ORAM_ACCESS"",451,444],[1,""MESSAGE_TOOL"",""PUBLIC_EFFECT"",451,444]]"
s2-p8-v1-b1,2,8,B1-PER-ACTION-OBLIVIOUS,7,2,1,1,completed,3407.9,6,0.0,"[[1,""PRIVATE_STATE_ORAM"",""ORAM_ACCESS"",451,444],[1,""PRIVATE_STATE_ORAM"",""ORAM_ACCESS"",451,444],[1,""PRIVATE_STATE_ORAM"",""ORAM_ACCESS"",451,444],[2,""PRIVATE_STATE_ORAM"",""ORAM_ACCESS"",451,444],[2,""PRIVATE_STATE_ORAM"",""ORAM_ACCESS"",451,444],[2,""PRIVATE_STATE_ORAM"",""ORAM_ACCESS"",451,444],[2,""MESSAGE_TOOL"",""PUBLIC_EFFECT"",451,444]]"
s2-p9-v1-b0,2,9,B1-PER-ACTION-OBLIVIOUS,4,1,0,1,completed,2153.3,3,0.0,"[[1,""PRIVATE_STATE_ORAM"",""ORAM_ACCESS"",451,444],[1,""PRIVATE_STATE_ORAM"",""ORAM_ACCESS"",451,444],[1,""PRIVATE_STATE_ORAM"",""ORAM_ACCESS"",451,444],[1,""MESSAGE_TOOL"",""PUBLIC_EFFECT"",451,444]]"
s2-p9-v1-b1,2,9,B1-PER-ACTION-OBLIVIOUS,7,2,1,1,completed,3199.6,6,0.0,"[[1,""PRIVATE_STATE_ORAM"",""ORAM_ACCESS"",451,444],[1,""PRIVATE_STATE_ORAM"",""ORAM_ACCESS"",451,444],[1,""PRIVATE_STATE_ORAM"",""ORAM_ACCESS"",451,444],[2,""PRIVATE_STATE_ORAM"",""ORAM_ACCESS"",451,444],[2,""PRIVATE_STATE_ORAM"",""ORAM_ACCESS"",451,444],[2,""PRIVATE_STATE_ORAM"",""ORAM_ACCESS"",451,444],[2,""MESSAGE_TOOL"",""PUBLIC_EFFECT"",451,444]]"
s2-p10-v1-b0,2,10,B1-PER-ACTION-OBLIVIOUS,4,1,0,1,completed,2033.8,3,0.0,"[[1,""PRIVATE_STATE_ORAM"",""ORAM_ACCESS"",451,444],[1,""PRIVATE_STATE_ORAM"",""ORAM_ACCESS"",451,444],[1,""PRIVATE_STATE_ORAM"",""ORAM_ACCESS"",451,444],[1,""MESSAGE_TOOL"",""PUBLIC_EFFECT"",451,444]]"
s2-p10-v1-b1,2,10,B1-PER-ACTION-OBLIVIOUS,7,2,1,1,completed,3175.0,6,0.0,"[[1,""PRIVATE_STATE_ORAM"",""ORAM_ACCESS"",451,444],[1,""PRIVATE_STATE_ORAM"",""ORAM_ACCESS"",451,444],[1,""PRIVATE_STATE_ORAM"",""ORAM_ACCESS"",451,444],[2,""PRIVATE_STATE_ORAM"",""ORAM_ACCESS"",451,444],[2,""PRIVATE_STATE_ORAM"",""ORAM_ACCESS"",451,444],[2,""PRIVATE_STATE_ORAM"",""ORAM_ACCESS"",451,444],[2,""MESSAGE_TOOL"",""PUBLIC_EFFECT"",451,444]]"
s2-p11-v1-b0,2,11,B1-PER-ACTION-OBLIVIOUS,4,1,0,1,completed,2063.5,3,0.0,"[[1,""PRIVATE_STATE_ORAM"",""ORAM_ACCESS"",451,444],[1,""PRIVATE_STATE_ORAM"",""ORAM_ACCESS"",451,444],[1,""PRIVATE_STATE_ORAM"",""ORAM_ACCESS"",451,444],[1,""MESSAGE_TOOL"",""PUBLIC_EFFECT"",451,444]]"
s2-p11-v1-b1,2,11,B1-PER-ACTION-OBLIVIOUS,7,2,1,1,completed,3156.4,6,0.0,"[[1,""PRIVATE_STATE_ORAM"",""ORAM_ACCESS"",451,444],[1,""PRIVATE_STATE_ORAM"",""ORAM_ACCESS"",451,444],[1,""PRIVATE_STATE_ORAM"",""ORAM_ACCESS"",451,444],[2,""PRIVATE_STATE_ORAM"",""ORAM_ACCESS"",451,444],[2,""PRIVATE_STATE_ORAM"",""ORAM_ACCESS"",451,444],[2,""PRIVATE_STATE_ORAM"",""ORAM_ACCESS"",451,444],[2,""MESSAGE_TOOL"",""PUBLIC_EFFECT"",451,444]]"
s2-p12-v1-b0,2,12,B1-PER-ACTION-OBLIVIOUS,4,1,0,1,completed,1981.5,3,0.0,"[[1,""PRIVATE_STATE_ORAM"",""ORAM_ACCESS"",451,444],[1,""PRIVATE_STATE_ORAM"",""ORAM_ACCESS"",451,444],[1,""PRIVATE_STATE_ORAM"",""ORAM_ACCESS"",451,444],[1,""MESSAGE_TOOL"",""PUBLIC_EFFECT"",451,444]]"
s2-p12-v1-b1,2,12,B1-PER-ACTION-OBLIVIOUS,7,2,1,1,completed,3168.0,6,0.0,"[[1,""PRIVATE_STATE_ORAM"",""ORAM_ACCESS"",451,444],[1,""PRIVATE_STATE_ORAM"",""ORAM_ACCESS"",451,444],[1,""PRIVATE_STATE_ORAM"",""ORAM_ACCESS"",451,444],[2,""PRIVATE_STATE_ORAM"",""ORAM_ACCESS"",451,444],[2,""PRIVATE_STATE_ORAM"",""ORAM_ACCESS"",451,444],[2,""PRIVATE_STATE_ORAM"",""ORAM_ACCESS"",451,444],[2,""MESSAGE_TOOL"",""PUBLIC_EFFECT"",451,444]]"
s2-p13-v1-b0,2,13,B1-PER-ACTION-OBLIVIOUS,4,1,0,1,completed,2248.4,3,0.0,"[[1,""PRIVATE_STATE_ORAM"",""ORAM_ACCESS"",451,444],[1,""PRIVATE_STATE_ORAM"",""ORAM_ACCESS"",451,444],[1,""PRIVATE_STATE_ORAM"",""ORAM_ACCESS"",451,444],[1,""MESSAGE_TOOL"",""PUBLIC_EFFECT"",451,444]]"
s2-p13-v1-b1,2,13,B1-PER-ACTION-OBLIVIOUS,7,2,1,1,completed,3195.1,6,0.0,"[[1,""PRIVATE_STATE_ORAM"",""ORAM_ACCESS"",451,444],[1,""PRIVATE_STATE_ORAM"",""ORAM_ACCESS"",451,444],[1,""PRIVATE_STATE_ORAM"",""ORAM_ACCESS"",451,444],[2,""PRIVATE_STATE_ORAM"",""ORAM_ACCESS"",451,444],[2,""PRIVATE_STATE_ORAM"",""ORAM_ACCESS"",451,444],[2,""PRIVATE_STATE_ORAM"",""ORAM_ACCESS"",451,444],[2,""MESSAGE_TOOL"",""PUBLIC_EFFECT"",451,444]]"
s2-p14-v1-b0,2,14,B1-PER-ACTION-OBLIVIOUS,4,1,0,1,completed,1996.9,3,0.0,"[[1,""PRIVATE_STATE_ORAM"",""ORAM_ACCESS"",451,444],[1,""PRIVATE_STATE_ORAM"",""ORAM_ACCESS"",451,444],[1,""PRIVATE_STATE_ORAM"",""ORAM_ACCESS"",451,444],[1,""MESSAGE_TOOL"",""PUBLIC_EFFECT"",451,444]]"
s2-p14-v1-b1,2,14,B1-PER-ACTION-OBLIVIOUS,7,2,1,1,completed,3312.6,6,0.0,"[[1,""PRIVATE_STATE_ORAM"",""ORAM_ACCESS"",451,444],[1,""PRIVATE_STATE_ORAM"",""ORAM_ACCESS"",451,444],[1,""PRIVATE_STATE_ORAM"",""ORAM_ACCESS"",451,444],[2,""PRIVATE_STATE_ORAM"",""ORAM_ACCESS"",451,444],[2,""PRIVATE_STATE_ORAM"",""ORAM_ACCESS"",451,444],[2,""PRIVATE_STATE_ORAM"",""ORAM_ACCESS"",451,444],[2,""MESSAGE_TOOL"",""PUBLIC_EFFECT"",451,444]]"
s2-p15-v1-b0,2,15,B1-PER-ACTION-OBLIVIOUS,4,1,0,1,completed,1986.8,3,0.0,"[[1,""PRIVATE_STATE_ORAM"",""ORAM_ACCESS"",451,444],[1,""PRIVATE_STATE_ORAM"",""ORAM_ACCESS"",451,444],[1,""PRIVATE_STATE_ORAM"",""ORAM_ACCESS"",451,444],[1,""MESSAGE_TOOL"",""PUBLIC_EFFECT"",451,444]]"
s2-p15-v1-b1,2,15,B1-PER-ACTION-OBLIVIOUS,7,2,1,1,completed,3168.4,6,0.0,"[[1,""PRIVATE_STATE_ORAM"",""ORAM_ACCESS"",451,444],[1,""PRIVATE_STATE_ORAM"",""ORAM_ACCESS"",451,444],[1,""PRIVATE_STATE_ORAM"",""ORAM_ACCESS"",451,444],[2,""PRIVATE_STATE_ORAM"",""ORAM_ACCESS"",451,444],[2,""PRIVATE_STATE_ORAM"",""ORAM_ACCESS"",451,444],[2,""PRIVATE_STATE_ORAM"",""ORAM_ACCESS"",451,444],[2,""MESSAGE_TOOL"",""PUBLIC_EFFECT"",451,444]]"
s2-p16-v1-b0,2,16,B1-PER-ACTION-OBLIVIOUS,4,1,0,1,completed,2001.5,3,0.0,"[[1,""PRIVATE_STATE_ORAM"",""ORAM_ACCESS"",451,444],[1,""PRIVATE_STATE_ORAM"",""ORAM_ACCESS"",451,444],[1,""PRIVATE_STATE_ORAM"",""ORAM_ACCESS"",451,444],[1,""MESSAGE_TOOL"",""PUBLIC_EFFECT"",451,444]]"
s2-p16-v1-b1,2,16,B1-PER-ACTION-OBLIVIOUS,7,2,1,1,completed,3192.1,6,0.0,"[[1,""PRIVATE_STATE_ORAM"",""ORAM_ACCESS"",451,444],[1,""PRIVATE_STATE_ORAM"",""ORAM_ACCESS"",451,444],[1,""PRIVATE_STATE_ORAM"",""ORAM_ACCESS"",451,444],[2,""PRIVATE_STATE_ORAM"",""ORAM_ACCESS"",451,444],[2,""PRIVATE_STATE_ORAM"",""ORAM_ACCESS"",451,444],[2,""PRIVATE_STATE_ORAM"",""ORAM_ACCESS"",451,444],[2,""MESSAGE_TOOL"",""PUBLIC_EFFECT"",451,444]]"
s2-p17-v1-b0,2,17,B1-PER-ACTION-OBLIVIOUS,4,1,0,1,completed,2028.4,3,0.0,"[[1,""PRIVATE_STATE_ORAM"",""ORAM_ACCESS"",451,444],[1,""PRIVATE_STATE_ORAM"",""ORAM_ACCESS"",451,444],[1,""PRIVATE_STATE_ORAM"",""ORAM_ACCESS"",451,444],[1,""MESSAGE_TOOL"",""PUBLIC_EFFECT"",451,444]]"
s2-p17-v1-b1,2,17,B1-PER-ACTION-OBLIVIOUS,7,2,1,1,completed,3387.3,6,0.0,"[[1,""PRIVATE_STATE_ORAM"",""ORAM_ACCESS"",451,444],[1,""PRIVATE_STATE_ORAM"",""ORAM_ACCESS"",451,444],[1,""PRIVATE_STATE_ORAM"",""ORAM_ACCESS"",451,444],[2,""PRIVATE_STATE_ORAM"",""ORAM_ACCESS"",451,444],[2,""PRIVATE_STATE_ORAM"",""ORAM_ACCESS"",451,444],[2,""PRIVATE_STATE_ORAM"",""ORAM_ACCESS"",451,444],[2,""MESSAGE_TOOL"",""PUBLIC_EFFECT"",451,444]]"
s2-p18-v1-b0,2,18,B1-PER-ACTION-OBLIVIOUS,4,1,0,1,completed,2082.4,3,0.0,"[[1,""PRIVATE_STATE_ORAM"",""ORAM_ACCESS"",451,444],[1,""PRIVATE_STATE_ORAM"",""ORAM_ACCESS"",451,444],[1,""PRIVATE_STATE_ORAM"",""ORAM_ACCESS"",451,444],[1,""MESSAGE_TOOL"",""PUBLIC_EFFECT"",451,444]]"
s2-p18-v1-b1,2,18,B1-PER-ACTION-OBLIVIOUS,7,2,1,1,completed,3175.0,6,0.0,"[[1,""PRIVATE_STATE_ORAM"",""ORAM_ACCESS"",451,444],[1,""PRIVATE_STATE_ORAM"",""ORAM_ACCESS"",451,444],[1,""PRIVATE_STATE_ORAM"",""ORAM_ACCESS"",451,444],[2,""PRIVATE_STATE_ORAM"",""ORAM_ACCESS"",451,444],[2,""PRIVATE_STATE_ORAM"",""ORAM_ACCESS"",451,444],[2,""PRIVATE_STATE_ORAM"",""ORAM_ACCESS"",451,444],[2,""MESSAGE_TOOL"",""PUBLIC_EFFECT"",451,444]]"
s2-p19-v1-b0,2,19,B1-PER-ACTION-OBLIVIOUS,4,1,0,1,completed,2062.5,3,0.0,"[[1,""PRIVATE_STATE_ORAM"",""ORAM_ACCESS"",451,444],[1,""PRIVATE_STATE_ORAM"",""ORAM_ACCESS"",451,444],[1,""PRIVATE_STATE_ORAM"",""ORAM_ACCESS"",451,444],[1,""MESSAGE_TOOL"",""PUBLIC_EFFECT"",451,444]]"
s2-p19-v1-b1,2,19,B1-PER-ACTION-OBLIVIOUS,7,2,1,1,completed,3201.3,6,0.0,"[[1,""PRIVATE_STATE_ORAM"",""ORAM_ACCESS"",451,444],[1,""PRIVATE_STATE_ORAM"",""ORAM_ACCESS"",451,444],[1,""PRIVATE_STATE_ORAM"",""ORAM_ACCESS"",451,444],[2,""PRIVATE_STATE_ORAM"",""ORAM_ACCESS"",451,444],[2,""PRIVATE_STATE_ORAM"",""ORAM_ACCESS"",451,444],[2,""PRIVATE_STATE_ORAM"",""ORAM_ACCESS"",451,444],[2,""MESSAGE_TOOL"",""PUBLIC_EFFECT"",451,444]]"
s2-p0-v2-b0,2,0,B2-BOUNDED-ADAPTIVE-OBLIVIOUS,16,1,0,1,completed,2031.8,15,0.8,"[[1,""PRIVATE_STATE_ORAM"",""ORAM_ACCESS"",238,222],[1,""PRIVATE_STATE_ORAM"",""ORAM_ACCESS"",238,222],[1,""PRIVATE_STATE_ORAM"",""ORAM_ACCESS"",238,222],[2,""PRIVATE_STATE_ORAM"",""ORAM_ACCESS"",238,222],[2,""PRIVATE_STATE_ORAM"",""ORAM_ACCESS"",238,222],[2,""PRIVATE_STATE_ORAM"",""ORAM_ACCESS"",238,222],[3,""PRIVATE_STATE_ORAM"",""ORAM_ACCESS"",238,222],[3,""PRIVATE_STATE_ORAM"",""ORAM_ACCESS"",238,222],[3,""PRIVATE_STATE_ORAM"",""ORAM_ACCESS"",238,222],[4,""PRIVATE_STATE_ORAM"",""ORAM_ACCESS"",238,222],[4,""PRIVATE_STATE_ORAM"",""ORAM_ACCESS"",238,222],[4,""PRIVATE_STATE_ORAM"",""ORAM_ACCESS"",238,222],[5,""PRIVATE_STATE_ORAM"",""ORAM_ACCESS"",238,222],[5,""PRIVATE_STATE_ORAM"",""ORAM_ACCESS"",238,222],[5,""PRIVATE_STATE_ORAM"",""ORAM_ACCESS"",238,222],[5,""MESSAGE_TOOL"",""PUBLIC_EFFECT"",240,222]]"
s2-p0-v2-b1,2,0,B2-BOUNDED-ADAPTIVE-OBLIVIOUS,16,2,1,1,completed,3324.6,15,0.6,"[[1,""PRIVATE_STATE_ORAM"",""ORAM_ACCESS"",238,222],[1,""PRIVATE_STATE_ORAM"",""ORAM_ACCESS"",238,222],[1,""PRIVATE_STATE_ORAM"",""ORAM_ACCESS"",238,222],[2,""PRIVATE_STATE_ORAM"",""ORAM_ACCESS"",238,222],[2,""PRIVATE_STATE_ORAM"",""ORAM_ACCESS"",238,222],[2,""PRIVATE_STATE_ORAM"",""ORAM_ACCESS"",238,222],[3,""PRIVATE_STATE_ORAM"",""ORAM_ACCESS"",238,222],[3,""PRIVATE_STATE_ORAM"",""ORAM_ACCESS"",238,222],[3,""PRIVATE_STATE_ORAM"",""ORAM_ACCESS"",238,222],[4,""PRIVATE_STATE_ORAM"",""ORAM_ACCESS"",238,222],[4,""PRIVATE_STATE_ORAM"",""ORAM_ACCESS"",238,222],[4,""PRIVATE_STATE_ORAM"",""ORAM_ACCESS"",238,222],[5,""PRIVATE_STATE_ORAM"",""ORAM_ACCESS"",238,222],[5,""PRIVATE_STATE_ORAM"",""ORAM_ACCESS"",238,222],[5,""PRIVATE_STATE_ORAM"",""ORAM_ACCESS"",238,222],[5,""MESSAGE_TOOL"",""PUBLIC_EFFECT"",240,222]]"
s2-p1-v2-b0,2,1,B2-BOUNDED-ADAPTIVE-OBLIVIOUS,16,1,0,1,completed,2279.6,15,0.8,"[[1,""PRIVATE_STATE_ORAM"",""ORAM_ACCESS"",238,222],[1,""PRIVATE_STATE_ORAM"",""ORAM_ACCESS"",238,222],[1,""PRIVATE_STATE_ORAM"",""ORAM_ACCESS"",238,222],[2,""PRIVATE_STATE_ORAM"",""ORAM_ACCESS"",238,222],[2,""PRIVATE_STATE_ORAM"",""ORAM_ACCESS"",238,222],[2,""PRIVATE_STATE_ORAM"",""ORAM_ACCESS"",238,222],[3,""PRIVATE_STATE_ORAM"",""ORAM_ACCESS"",238,222],[3,""PRIVATE_STATE_ORAM"",""ORAM_ACCESS"",238,222],[3,""PRIVATE_STATE_ORAM"",""ORAM_ACCESS"",238,222],[4,""PRIVATE_STATE_ORAM"",""ORAM_ACCESS"",238,222],[4,""PRIVATE_STATE_ORAM"",""ORAM_ACCESS"",238,222],[4,""PRIVATE_STATE_ORAM"",""ORAM_ACCESS"",238,222],[5,""PRIVATE_STATE_ORAM"",""ORAM_ACCESS"",238,222],[5,""PRIVATE_STATE_ORAM"",""ORAM_ACCESS"",238,222],[5,""PRIVATE_STATE_ORAM"",""ORAM_ACCESS"",238,222],[5,""MESSAGE_TOOL"",""PUBLIC_EFFECT"",240,222]]"
s2-p1-v2-b1,2,1,B2-BOUNDED-ADAPTIVE-OBLIVIOUS,16,2,1,1,completed,3577.1,15,0.6,"[[1,""PRIVATE_STATE_ORAM"",""ORAM_ACCESS"",238,222],[1,""PRIVATE_STATE_ORAM"",""ORAM_ACCESS"",238,222],[1,""PRIVATE_STATE_ORAM"",""ORAM_ACCESS"",238,222],[2,""PRIVATE_STATE_ORAM"",""ORAM_ACCESS"",238,222],[2,""PRIVATE_STATE_ORAM"",""ORAM_ACCESS"",238,222],[2,""PRIVATE_STATE_ORAM"",""ORAM_ACCESS"",238,222],[3,""PRIVATE_STATE_ORAM"",""ORAM_ACCESS"",238,222],[3,""PRIVATE_STATE_ORAM"",""ORAM_ACCESS"",238,222],[3,""PRIVATE_STATE_ORAM"",""ORAM_ACCESS"",238,222],[4,""PRIVATE_STATE_ORAM"",""ORAM_ACCESS"",238,222],[4,""PRIVATE_STATE_ORAM"",""ORAM_ACCESS"",238,222],[4,""PRIVATE_STATE_ORAM"",""ORAM_ACCESS"",238,222],[5,""PRIVATE_STATE_ORAM"",""ORAM_ACCESS"",238,222],[5,""PRIVATE_STATE_ORAM"",""ORAM_ACCESS"",238,222],[5,""PRIVATE_STATE_ORAM"",""ORAM_ACCESS"",238,222],[5,""MESSAGE_TOOL"",""PUBLIC_EFFECT"",240,222]]"
s2-p2-v2-b0,2,2,B2-BOUNDED-ADAPTIVE-OBLIVIOUS,16,1,0,1,completed,2220.9,15,0.8,"[[1,""PRIVATE_STATE_ORAM"",""ORAM_ACCESS"",238,222],[1,""PRIVATE_STATE_ORAM"",""ORAM_ACCESS"",238,222],[1,""PRIVATE_STATE_ORAM"",""ORAM_ACCESS"",238,222],[2,""PRIVATE_STATE_ORAM"",""ORAM_ACCESS"",238,222],[2,""PRIVATE_STATE_ORAM"",""ORAM_ACCESS"",238,222],[2,""PRIVATE_STATE_ORAM"",""ORAM_ACCESS"",238,222],[3,""PRIVATE_STATE_ORAM"",""ORAM_ACCESS"",238,222],[3,""PRIVATE_STATE_ORAM"",""ORAM_ACCESS"",238,222],[3,""PRIVATE_STATE_ORAM"",""ORAM_ACCESS"",238,222],[4,""PRIVATE_STATE_ORAM"",""ORAM_ACCESS"",238,222],[4,""PRIVATE_STATE_ORAM"",""ORAM_ACCESS"",238,222],[4,""PRIVATE_STATE_ORAM"",""ORAM_ACCESS"",238,222],[5,""PRIVATE_STATE_ORAM"",""ORAM_ACCESS"",238,222],[5,""PRIVATE_STATE_ORAM"",""ORAM_ACCESS"",238,222],[5,""PRIVATE_STATE_ORAM"",""ORAM_ACCESS"",238,222],[5,""MESSAGE_TOOL"",""PUBLIC_EFFECT"",240,222]]"
s2-p2-v2-b1,2,2,B2-BOUNDED-ADAPTIVE-OBLIVIOUS,16,2,1,1,completed,3283.5,15,0.6,"[[1,""PRIVATE_STATE_ORAM"",""ORAM_ACCESS"",238,222],[1,""PRIVATE_STATE_ORAM"",""ORAM_ACCESS"",238,222],[1,""PRIVATE_STATE_ORAM"",""ORAM_ACCESS"",238,222],[2,""PRIVATE_STATE_ORAM"",""ORAM_ACCESS"",238,222],[2,""PRIVATE_STATE_ORAM"",""ORAM_ACCESS"",238,222],[2,""PRIVATE_STATE_ORAM"",""ORAM_ACCESS"",238,222],[3,""PRIVATE_STATE_ORAM"",""ORAM_ACCESS"",238,222],[3,""PRIVATE_STATE_ORAM"",""ORAM_ACCESS"",238,222],[3,""PRIVATE_STATE_ORAM"",""ORAM_ACCESS"",238,222],[4,""PRIVATE_STATE_ORAM"",""ORAM_ACCESS"",238,222],[4,""PRIVATE_STATE_ORAM"",""ORAM_ACCESS"",238,222],[4,""PRIVATE_STATE_ORAM"",""ORAM_ACCESS"",238,222],[5,""PRIVATE_STATE_ORAM"",""ORAM_ACCESS"",238,222],[5,""PRIVATE_STATE_ORAM"",""ORAM_ACCESS"",238,222],[5,""PRIVATE_STATE_ORAM"",""ORAM_ACCESS"",238,222],[5,""MESSAGE_TOOL"",""PUBLIC_EFFECT"",240,222]]"
s2-p3-v2-b0,2,3,B2-BOUNDED-ADAPTIVE-OBLIVIOUS,16,1,0,1,completed,2261.4,15,0.8,"[[1,""PRIVATE_STATE_ORAM"",""ORAM_ACCESS"",238,222],[1,""PRIVATE_STATE_ORAM"",""ORAM_ACCESS"",238,222],[1,""PRIVATE_STATE_ORAM"",""ORAM_ACCESS"",238,222],[2,""PRIVATE_STATE_ORAM"",""ORAM_ACCESS"",238,222],[2,""PRIVATE_STATE_ORAM"",""ORAM_ACCESS"",238,222],[2,""PRIVATE_STATE_ORAM"",""ORAM_ACCESS"",238,222],[3,""PRIVATE_STATE_ORAM"",""ORAM_ACCESS"",238,222],[3,""PRIVATE_STATE_ORAM"",""ORAM_ACCESS"",238,222],[3,""PRIVATE_STATE_ORAM"",""ORAM_ACCESS"",238,222],[4,""PRIVATE_STATE_ORAM"",""ORAM_ACCESS"",238,222],[4,""PRIVATE_STATE_ORAM"",""ORAM_ACCESS"",238,222],[4,""PRIVATE_STATE_ORAM"",""ORAM_ACCESS"",238,222],[5,""PRIVATE_STATE_ORAM"",""ORAM_ACCESS"",238,222],[5,""PRIVATE_STATE_ORAM"",""ORAM_ACCESS"",238,222],[5,""PRIVATE_STATE_ORAM"",""ORAM_ACCESS"",238,222],[5,""MESSAGE_TOOL"",""PUBLIC_EFFECT"",240,222]]"
s2-p3-v2-b1,2,3,B2-BOUNDED-ADAPTIVE-OBLIVIOUS,16,2,1,1,completed,3423.6,15,0.6,"[[1,""PRIVATE_STATE_ORAM"",""ORAM_ACCESS"",238,222],[1,""PRIVATE_STATE_ORAM"",""ORAM_ACCESS"",238,222],[1,""PRIVATE_STATE_ORAM"",""ORAM_ACCESS"",238,222],[2,""PRIVATE_STATE_ORAM"",""ORAM_ACCESS"",238,222],[2,""PRIVATE_STATE_ORAM"",""ORAM_ACCESS"",238,222],[2,""PRIVATE_STATE_ORAM"",""ORAM_ACCESS"",238,222],[3,""PRIVATE_STATE_ORAM"",""ORAM_ACCESS"",238,222],[3,""PRIVATE_STATE_ORAM"",""ORAM_ACCESS"",238,222],[3,""PRIVATE_STATE_ORAM"",""ORAM_ACCESS"",238,222],[4,""PRIVATE_STATE_ORAM"",""ORAM_ACCESS"",238,222],[4,""PRIVATE_STATE_ORAM"",""ORAM_ACCESS"",238,222],[4,""PRIVATE_STATE_ORAM"",""ORAM_ACCESS"",238,222],[5,""PRIVATE_STATE_ORAM"",""ORAM_ACCESS"",238,222],[5,""PRIVATE_STATE_ORAM"",""ORAM_ACCESS"",238,222],[5,""PRIVATE_STATE_ORAM"",""ORAM_ACCESS"",238,222],[5,""MESSAGE_TOOL"",""PUBLIC_EFFECT"",240,222]]"
s2-p4-v2-b0,2,4,B2-BOUNDED-ADAPTIVE-OBLIVIOUS,16,1,0,1,completed,2119.5,15,0.8,"[[1,""PRIVATE_STATE_ORAM"",""ORAM_ACCESS"",238,222],[1,""PRIVATE_STATE_ORAM"",""ORAM_ACCESS"",238,222],[1,""PRIVATE_STATE_ORAM"",""ORAM_ACCESS"",238,222],[2,""PRIVATE_STATE_ORAM"",""ORAM_ACCESS"",238,222],[2,""PRIVATE_STATE_ORAM"",""ORAM_ACCESS"",238,222],[2,""PRIVATE_STATE_ORAM"",""ORAM_ACCESS"",238,222],[3,""PRIVATE_STATE_ORAM"",""ORAM_ACCESS"",238,222],[3,""PRIVATE_STATE_ORAM"",""ORAM_ACCESS"",238,222],[3,""PRIVATE_STATE_ORAM"",""ORAM_ACCESS"",238,222],[4,""PRIVATE_STATE_ORAM"",""ORAM_ACCESS"",238,222],[4,""PRIVATE_STATE_ORAM"",""ORAM_ACCESS"",238,222],[4,""PRIVATE_STATE_ORAM"",""ORAM_ACCESS"",238,222],[5,""PRIVATE_STATE_ORAM"",""ORAM_ACCESS"",238,222],[5,""PRIVATE_STATE_ORAM"",""ORAM_ACCESS"",238,222],[5,""PRIVATE_STATE_ORAM"",""ORAM_ACCESS"",238,222],[5,""MESSAGE_TOOL"",""PUBLIC_EFFECT"",240,222]]"
s2-p4-v2-b1,2,4,B2-BOUNDED-ADAPTIVE-OBLIVIOUS,16,2,1,1,completed,3259.5,15,0.6,"[[1,""PRIVATE_STATE_ORAM"",""ORAM_ACCESS"",238,222],[1,""PRIVATE_STATE_ORAM"",""ORAM_ACCESS"",238,222],[1,""PRIVATE_STATE_ORAM"",""ORAM_ACCESS"",238,222],[2,""PRIVATE_STATE_ORAM"",""ORAM_ACCESS"",238,222],[2,""PRIVATE_STATE_ORAM"",""ORAM_ACCESS"",238,222],[2,""PRIVATE_STATE_ORAM"",""ORAM_ACCESS"",238,222],[3,""PRIVATE_STATE_ORAM"",""ORAM_ACCESS"",238,222],[3,""PRIVATE_STATE_ORAM"",""ORAM_ACCESS"",238,222],[3,""PRIVATE_STATE_ORAM"",""ORAM_ACCESS"",238,222],[4,""PRIVATE_STATE_ORAM"",""ORAM_ACCESS"",238,222],[4,""PRIVATE_STATE_ORAM"",""ORAM_ACCESS"",238,222],[4,""PRIVATE_STATE_ORAM"",""ORAM_ACCESS"",238,222],[5,""PRIVATE_STATE_ORAM"",""ORAM_ACCESS"",238,222],[5,""PRIVATE_STATE_ORAM"",""ORAM_ACCESS"",238,222],[5,""PRIVATE_STATE_ORAM"",""ORAM_ACCESS"",238,222],[5,""MESSAGE_TOOL"",""PUBLIC_EFFECT"",240,222]]"
s2-p5-v2-b0,2,5,B2-BOUNDED-ADAPTIVE-OBLIVIOUS,16,1,0,1,completed,2209.2,15,0.8,"[[1,""PRIVATE_STATE_ORAM"",""ORAM_ACCESS"",238,222],[1,""PRIVATE_STATE_ORAM"",""ORAM_ACCESS"",238,222],[1,""PRIVATE_STATE_ORAM"",""ORAM_ACCESS"",238,222],[2,""PRIVATE_STATE_ORAM"",""ORAM_ACCESS"",238,222],[2,""PRIVATE_STATE_ORAM"",""ORAM_ACCESS"",238,222],[2,""PRIVATE_STATE_ORAM"",""ORAM_ACCESS"",238,222],[3,""PRIVATE_STATE_ORAM"",""ORAM_ACCESS"",238,222],[3,""PRIVATE_STATE_ORAM"",""ORAM_ACCESS"",238,222],[3,""PRIVATE_STATE_ORAM"",""ORAM_ACCESS"",238,222],[4,""PRIVATE_STATE_ORAM"",""ORAM_ACCESS"",238,222],[4,""PRIVATE_STATE_ORAM"",""ORAM_ACCESS"",238,222],[4,""PRIVATE_STATE_ORAM"",""ORAM_ACCESS"",238,222],[5,""PRIVATE_STATE_ORAM"",""ORAM_ACCESS"",238,222],[5,""PRIVATE_STATE_ORAM"",""ORAM_ACCESS"",238,222],[5,""PRIVATE_STATE_ORAM"",""ORAM_ACCESS"",238,222],[5,""MESSAGE_TOOL"",""PUBLIC_EFFECT"",240,222]]"
s2-p5-v2-b1,2,5,B2-BOUNDED-ADAPTIVE-OBLIVIOUS,16,2,1,1,completed,3748.3,15,0.6,"[[1,""PRIVATE_STATE_ORAM"",""ORAM_ACCESS"",238,222],[1,""PRIVATE_STATE_ORAM"",""ORAM_ACCESS"",238,222],[1,""PRIVATE_STATE_ORAM"",""ORAM_ACCESS"",238,222],[2,""PRIVATE_STATE_ORAM"",""ORAM_ACCESS"",238,222],[2,""PRIVATE_STATE_ORAM"",""ORAM_ACCESS"",238,222],[2,""PRIVATE_STATE_ORAM"",""ORAM_ACCESS"",238,222],[3,""PRIVATE_STATE_ORAM"",""ORAM_ACCESS"",238,222],[3,""PRIVATE_STATE_ORAM"",""ORAM_ACCESS"",238,222],[3,""PRIVATE_STATE_ORAM"",""ORAM_ACCESS"",238,222],[4,""PRIVATE_STATE_ORAM"",""ORAM_ACCESS"",238,222],[4,""PRIVATE_STATE_ORAM"",""ORAM_ACCESS"",238,222],[4,""PRIVATE_STATE_ORAM"",""ORAM_ACCESS"",238,222],[5,""PRIVATE_STATE_ORAM"",""ORAM_ACCESS"",238,222],[5,""PRIVATE_STATE_ORAM"",""ORAM_ACCESS"",238,222],[5,""PRIVATE_STATE_ORAM"",""ORAM_ACCESS"",238,222],[5,""MESSAGE_TOOL"",""PUBLIC_EFFECT"",240,222]]"
s2-p6-v2-b0,2,6,B2-BOUNDED-ADAPTIVE-OBLIVIOUS,16,1,0,1,completed,2104.5,15,0.8,"[[1,""PRIVATE_STATE_ORAM"",""ORAM_ACCESS"",238,222],[1,""PRIVATE_STATE_ORAM"",""ORAM_ACCESS"",238,222],[1,""PRIVATE_STATE_ORAM"",""ORAM_ACCESS"",238,222],[2,""PRIVATE_STATE_ORAM"",""ORAM_ACCESS"",238,222],[2,""PRIVATE_STATE_ORAM"",""ORAM_ACCESS"",238,222],[2,""PRIVATE_STATE_ORAM"",""ORAM_ACCESS"",238,222],[3,""PRIVATE_STATE_ORAM"",""ORAM_ACCESS"",238,222],[3,""PRIVATE_STATE_ORAM"",""ORAM_ACCESS"",238,222],[3,""PRIVATE_STATE_ORAM"",""ORAM_ACCESS"",238,222],[4,""PRIVATE_STATE_ORAM"",""ORAM_ACCESS"",238,222],[4,""PRIVATE_STATE_ORAM"",""ORAM_ACCESS"",238,222],[4,""PRIVATE_STATE_ORAM"",""ORAM_ACCESS"",238,222],[5,""PRIVATE_STATE_ORAM"",""ORAM_ACCESS"",238,222],[5,""PRIVATE_STATE_ORAM"",""ORAM_ACCESS"",238,222],[5,""PRIVATE_STATE_ORAM"",""ORAM_ACCESS"",238,222],[5,""MESSAGE_TOOL"",""PUBLIC_EFFECT"",240,222]]"
s2-p6-v2-b1,2,6,B2-BOUNDED-ADAPTIVE-OBLIVIOUS,16,2,1,1,completed,3258.2,15,0.6,"[[1,""PRIVATE_STATE_ORAM"",""ORAM_ACCESS"",238,222],[1,""PRIVATE_STATE_ORAM"",""ORAM_ACCESS"",238,222],[1,""PRIVATE_STATE_ORAM"",""ORAM_ACCESS"",238,222],[2,""PRIVATE_STATE_ORAM"",""ORAM_ACCESS"",238,222],[2,""PRIVATE_STATE_ORAM"",""ORAM_ACCESS"",238,222],[2,""PRIVATE_STATE_ORAM"",""ORAM_ACCESS"",238,222],[3,""PRIVATE_STATE_ORAM"",""ORAM_ACCESS"",238,222],[3,""PRIVATE_STATE_ORAM"",""ORAM_ACCESS"",238,222],[3,""PRIVATE_STATE_ORAM"",""ORAM_ACCESS"",238,222],[4,""PRIVATE_STATE_ORAM"",""ORAM_ACCESS"",238,222],[4,""PRIVATE_STATE_ORAM"",""ORAM_ACCESS"",238,222],[4,""PRIVATE_STATE_ORAM"",""ORAM_ACCESS"",238,222],[5,""PRIVATE_STATE_ORAM"",""ORAM_ACCESS"",238,222],[5,""PRIVATE_STATE_ORAM"",""ORAM_ACCESS"",238,222],[5,""PRIVATE_STATE_ORAM"",""ORAM_ACCESS"",238,222],[5,""MESSAGE_TOOL"",""PUBLIC_EFFECT"",240,222]]"
s2-p7-v2-b0,2,7,B2-BOUNDED-ADAPTIVE-OBLIVIOUS,16,1,0,1,completed,2094.7,15,0.8,"[[1,""PRIVATE_STATE_ORAM"",""ORAM_ACCESS"",238,222],[1,""PRIVATE_STATE_ORAM"",""ORAM_ACCESS"",238,222],[1,""PRIVATE_STATE_ORAM"",""ORAM_ACCESS"",238,222],[2,""PRIVATE_STATE_ORAM"",""ORAM_ACCESS"",238,222],[2,""PRIVATE_STATE_ORAM"",""ORAM_ACCESS"",238,222],[2,""PRIVATE_STATE_ORAM"",""ORAM_ACCESS"",238,222],[3,""PRIVATE_STATE_ORAM"",""ORAM_ACCESS"",238,222],[3,""PRIVATE_STATE_ORAM"",""ORAM_ACCESS"",238,222],[3,""PRIVATE_STATE_ORAM"",""ORAM_ACCESS"",238,222],[4,""PRIVATE_STATE_ORAM"",""ORAM_ACCESS"",238,222],[4,""PRIVATE_STATE_ORAM"",""ORAM_ACCESS"",238,222],[4,""PRIVATE_STATE_ORAM"",""ORAM_ACCESS"",238,222],[5,""PRIVATE_STATE_ORAM"",""ORAM_ACCESS"",238,222],[5,""PRIVATE_STATE_ORAM"",""ORAM_ACCESS"",238,222],[5,""PRIVATE_STATE_ORAM"",""ORAM_ACCESS"",238,222],[5,""MESSAGE_TOOL"",""PUBLIC_EFFECT"",240,222]]"
s2-p7-v2-b1,2,7,B2-BOUNDED-ADAPTIVE-OBLIVIOUS,16,2,1,1,completed,4244.5,15,0.6,"[[1,""PRIVATE_STATE_ORAM"",""ORAM_ACCESS"",238,222],[1,""PRIVATE_STATE_ORAM"",""ORAM_ACCESS"",238,222],[1,""PRIVATE_STATE_ORAM"",""ORAM_ACCESS"",238,222],[2,""PRIVATE_STATE_ORAM"",""ORAM_ACCESS"",238,222],[2,""PRIVATE_STATE_ORAM"",""ORAM_ACCESS"",238,222],[2,""PRIVATE_STATE_ORAM"",""ORAM_ACCESS"",238,222],[3,""PRIVATE_STATE_ORAM"",""ORAM_ACCESS"",238,222],[3,""PRIVATE_STATE_ORAM"",""ORAM_ACCESS"",238,222],[3,""PRIVATE_STATE_ORAM"",""ORAM_ACCESS"",238,222],[4,""PRIVATE_STATE_ORAM"",""ORAM_ACCESS"",238,222],[4,""PRIVATE_STATE_ORAM"",""ORAM_ACCESS"",238,222],[4,""PRIVATE_STATE_ORAM"",""ORAM_ACCESS"",238,222],[5,""PRIVATE_STATE_ORAM"",""ORAM_ACCESS"",238,222],[5,""PRIVATE_STATE_ORAM"",""ORAM_ACCESS"",238,222],[5,""PRIVATE_STATE_ORAM"",""ORAM_ACCESS"",238,222],[5,""MESSAGE_TOOL"",""PUBLIC_EFFECT"",240,222]]"
s2-p8-v2-b0,2,8,B2-BOUNDED-ADAPTIVE-OBLIVIOUS,16,1,0,1,completed,4611.9,15,0.8,"[[1,""PRIVATE_STATE_ORAM"",""ORAM_ACCESS"",238,222],[1,""PRIVATE_STATE_ORAM"",""ORAM_ACCESS"",238,222],[1,""PRIVATE_STATE_ORAM"",""ORAM_ACCESS"",238,222],[2,""PRIVATE_STATE_ORAM"",""ORAM_ACCESS"",238,222],[2,""PRIVATE_STATE_ORAM"",""ORAM_ACCESS"",238,222],[2,""PRIVATE_STATE_ORAM"",""ORAM_ACCESS"",238,222],[3,""PRIVATE_STATE_ORAM"",""ORAM_ACCESS"",238,222],[3,""PRIVATE_STATE_ORAM"",""ORAM_ACCESS"",238,222],[3,""PRIVATE_STATE_ORAM"",""ORAM_ACCESS"",238,222],[4,""PRIVATE_STATE_ORAM"",""ORAM_ACCESS"",238,222],[4,""PRIVATE_STATE_ORAM"",""ORAM_ACCESS"",238,222],[4,""PRIVATE_STATE_ORAM"",""ORAM_ACCESS"",238,222],[5,""PRIVATE_STATE_ORAM"",""ORAM_ACCESS"",238,222],[5,""PRIVATE_STATE_ORAM"",""ORAM_ACCESS"",238,222],[5,""PRIVATE_STATE_ORAM"",""ORAM_ACCESS"",238,222],[5,""MESSAGE_TOOL"",""PUBLIC_EFFECT"",240,222]]"
s2-p8-v2-b1,2,8,B2-BOUNDED-ADAPTIVE-OBLIVIOUS,16,2,1,1,completed,7701.0,15,0.6,"[[1,""PRIVATE_STATE_ORAM"",""ORAM_ACCESS"",238,222],[1,""PRIVATE_STATE_ORAM"",""ORAM_ACCESS"",238,222],[1,""PRIVATE_STATE_ORAM"",""ORAM_ACCESS"",238,222],[2,""PRIVATE_STATE_ORAM"",""ORAM_ACCESS"",238,222],[2,""PRIVATE_STATE_ORAM"",""ORAM_ACCESS"",238,222],[2,""PRIVATE_STATE_ORAM"",""ORAM_ACCESS"",238,222],[3,""PRIVATE_STATE_ORAM"",""ORAM_ACCESS"",238,222],[3,""PRIVATE_STATE_ORAM"",""ORAM_ACCESS"",238,222],[3,""PRIVATE_STATE_ORAM"",""ORAM_ACCESS"",238,222],[4,""PRIVATE_STATE_ORAM"",""ORAM_ACCESS"",238,222],[4,""PRIVATE_STATE_ORAM"",""ORAM_ACCESS"",238,222],[4,""PRIVATE_STATE_ORAM"",""ORAM_ACCESS"",238,222],[5,""PRIVATE_STATE_ORAM"",""ORAM_ACCESS"",238,222],[5,""PRIVATE_STATE_ORAM"",""ORAM_ACCESS"",238,222],[5,""PRIVATE_STATE_ORAM"",""ORAM_ACCESS"",238,222],[5,""MESSAGE_TOOL"",""PUBLIC_EFFECT"",240,222]]"
s2-p9-v2-b0,2,9,B2-BOUNDED-ADAPTIVE-OBLIVIOUS,16,1,0,1,completed,6521.1,15,0.8,"[[1,""PRIVATE_STATE_ORAM"",""ORAM_ACCESS"",238,222],[1,""PRIVATE_STATE_ORAM"",""ORAM_ACCESS"",238,222],[1,""PRIVATE_STATE_ORAM"",""ORAM_ACCESS"",238,222],[2,""PRIVATE_STATE_ORAM"",""ORAM_ACCESS"",238,222],[2,""PRIVATE_STATE_ORAM"",""ORAM_ACCESS"",238,222],[2,""PRIVATE_STATE_ORAM"",""ORAM_ACCESS"",238,222],[3,""PRIVATE_STATE_ORAM"",""ORAM_ACCESS"",238,222],[3,""PRIVATE_STATE_ORAM"",""ORAM_ACCESS"",238,222],[3,""PRIVATE_STATE_ORAM"",""ORAM_ACCESS"",238,222],[4,""PRIVATE_STATE_ORAM"",""ORAM_ACCESS"",238,222],[4,""PRIVATE_STATE_ORAM"",""ORAM_ACCESS"",238,222],[4,""PRIVATE_STATE_ORAM"",""ORAM_ACCESS"",238,222],[5,""PRIVATE_STATE_ORAM"",""ORAM_ACCESS"",238,222],[5,""PRIVATE_STATE_ORAM"",""ORAM_ACCESS"",238,222],[5,""PRIVATE_STATE_ORAM"",""ORAM_ACCESS"",238,222],[5,""MESSAGE_TOOL"",""PUBLIC_EFFECT"",240,222]]"
s2-p9-v2-b1,2,9,B2-BOUNDED-ADAPTIVE-OBLIVIOUS,16,2,1,1,completed,7947.2,15,0.6,"[[1,""PRIVATE_STATE_ORAM"",""ORAM_ACCESS"",238,222],[1,""PRIVATE_STATE_ORAM"",""ORAM_ACCESS"",238,222],[1,""PRIVATE_STATE_ORAM"",""ORAM_ACCESS"",238,222],[2,""PRIVATE_STATE_ORAM"",""ORAM_ACCESS"",238,222],[2,""PRIVATE_STATE_ORAM"",""ORAM_ACCESS"",238,222],[2,""PRIVATE_STATE_ORAM"",""ORAM_ACCESS"",238,222],[3,""PRIVATE_STATE_ORAM"",""ORAM_ACCESS"",238,222],[3,""PRIVATE_STATE_ORAM"",""ORAM_ACCESS"",238,222],[3,""PRIVATE_STATE_ORAM"",""ORAM_ACCESS"",238,222],[4,""PRIVATE_STATE_ORAM"",""ORAM_ACCESS"",238,222],[4,""PRIVATE_STATE_ORAM"",""ORAM_ACCESS"",238,222],[4,""PRIVATE_STATE_ORAM"",""ORAM_ACCESS"",238,222],[5,""PRIVATE_STATE_ORAM"",""ORAM_ACCESS"",238,222],[5,""PRIVATE_STATE_ORAM"",""ORAM_ACCESS"",238,222],[5,""PRIVATE_STATE_ORAM"",""ORAM_ACCESS"",238,222],[5,""MESSAGE_TOOL"",""PUBLIC_EFFECT"",240,222]]"
s2-p10-v2-b0,2,10,B2-BOUNDED-ADAPTIVE-OBLIVIOUS,16,1,0,1,completed,4240.0,15,0.8,"[[1,""PRIVATE_STATE_ORAM"",""ORAM_ACCESS"",238,222],[1,""PRIVATE_STATE_ORAM"",""ORAM_ACCESS"",238,222],[1,""PRIVATE_STATE_ORAM"",""ORAM_ACCESS"",238,222],[2,""PRIVATE_STATE_ORAM"",""ORAM_ACCESS"",238,222],[2,""PRIVATE_STATE_ORAM"",""ORAM_ACCESS"",238,222],[2,""PRIVATE_STATE_ORAM"",""ORAM_ACCESS"",238,222],[3,""PRIVATE_STATE_ORAM"",""ORAM_ACCESS"",238,222],[3,""PRIVATE_STATE_ORAM"",""ORAM_ACCESS"",238,222],[3,""PRIVATE_STATE_ORAM"",""ORAM_ACCESS"",238,222],[4,""PRIVATE_STATE_ORAM"",""ORAM_ACCESS"",238,222],[4,""PRIVATE_STATE_ORAM"",""ORAM_ACCESS"",238,222],[4,""PRIVATE_STATE_ORAM"",""ORAM_ACCESS"",238,222],[5,""PRIVATE_STATE_ORAM"",""ORAM_ACCESS"",238,222],[5,""PRIVATE_STATE_ORAM"",""ORAM_ACCESS"",238,222],[5,""PRIVATE_STATE_ORAM"",""ORAM_ACCESS"",238,222],[5,""MESSAGE_TOOL"",""PUBLIC_EFFECT"",240,222]]"
s2-p10-v2-b1,2,10,B2-BOUNDED-ADAPTIVE-OBLIVIOUS,16,2,1,1,completed,6871.6,15,0.6,"[[1,""PRIVATE_STATE_ORAM"",""ORAM_ACCESS"",238,222],[1,""PRIVATE_STATE_ORAM"",""ORAM_ACCESS"",238,222],[1,""PRIVATE_STATE_ORAM"",""ORAM_ACCESS"",238,222],[2,""PRIVATE_STATE_ORAM"",""ORAM_ACCESS"",238,222],[2,""PRIVATE_STATE_ORAM"",""ORAM_ACCESS"",238,222],[2,""PRIVATE_STATE_ORAM"",""ORAM_ACCESS"",238,222],[3,""PRIVATE_STATE_ORAM"",""ORAM_ACCESS"",238,222],[3,""PRIVATE_STATE_ORAM"",""ORAM_ACCESS"",238,222],[3,""PRIVATE_STATE_ORAM"",""ORAM_ACCESS"",238,222],[4,""PRIVATE_STATE_ORAM"",""ORAM_ACCESS"",238,222],[4,""PRIVATE_STATE_ORAM"",""ORAM_ACCESS"",238,222],[4,""PRIVATE_STATE_ORAM"",""ORAM_ACCESS"",238,222],[5,""PRIVATE_STATE_ORAM"",""ORAM_ACCESS"",238,222],[5,""PRIVATE_STATE_ORAM"",""ORAM_ACCESS"",238,222],[5,""PRIVATE_STATE_ORAM"",""ORAM_ACCESS"",238,222],[5,""MESSAGE_TOOL"",""PUBLIC_EFFECT"",240,222]]"
s2-p11-v2-b0,2,11,B2-BOUNDED-ADAPTIVE-OBLIVIOUS,16,1,0,1,completed,4183.6,15,0.8,"[[1,""PRIVATE_STATE_ORAM"",""ORAM_ACCESS"",238,222],[1,""PRIVATE_STATE_ORAM"",""ORAM_ACCESS"",238,222],[1,""PRIVATE_STATE_ORAM"",""ORAM_ACCESS"",238,222],[2,""PRIVATE_STATE_ORAM"",""ORAM_ACCESS"",238,222],[2,""PRIVATE_STATE_ORAM"",""ORAM_ACCESS"",238,222],[2,""PRIVATE_STATE_ORAM"",""ORAM_ACCESS"",238,222],[3,""PRIVATE_STATE_ORAM"",""ORAM_ACCESS"",238,222],[3,""PRIVATE_STATE_ORAM"",""ORAM_ACCESS"",238,222],[3,""PRIVATE_STATE_ORAM"",""ORAM_ACCESS"",238,222],[4,""PRIVATE_STATE_ORAM"",""ORAM_ACCESS"",238,222],[4,""PRIVATE_STATE_ORAM"",""ORAM_ACCESS"",238,222],[4,""PRIVATE_STATE_ORAM"",""ORAM_ACCESS"",238,222],[5,""PRIVATE_STATE_ORAM"",""ORAM_ACCESS"",238,222],[5,""PRIVATE_STATE_ORAM"",""ORAM_ACCESS"",238,222],[5,""PRIVATE_STATE_ORAM"",""ORAM_ACCESS"",238,222],[5,""MESSAGE_TOOL"",""PUBLIC_EFFECT"",240,222]]"
s2-p11-v2-b1,2,11,B2-BOUNDED-ADAPTIVE-OBLIVIOUS,16,2,1,1,completed,5770.1,15,0.6,"[[1,""PRIVATE_STATE_ORAM"",""ORAM_ACCESS"",238,222],[1,""PRIVATE_STATE_ORAM"",""ORAM_ACCESS"",238,222],[1,""PRIVATE_STATE_ORAM"",""ORAM_ACCESS"",238,222],[2,""PRIVATE_STATE_ORAM"",""ORAM_ACCESS"",238,222],[2,""PRIVATE_STATE_ORAM"",""ORAM_ACCESS"",238,222],[2,""PRIVATE_STATE_ORAM"",""ORAM_ACCESS"",238,222],[3,""PRIVATE_STATE_ORAM"",""ORAM_ACCESS"",238,222],[3,""PRIVATE_STATE_ORAM"",""ORAM_ACCESS"",238,222],[3,""PRIVATE_STATE_ORAM"",""ORAM_ACCESS"",238,222],[4,""PRIVATE_STATE_ORAM"",""ORAM_ACCESS"",238,222],[4,""PRIVATE_STATE_ORAM"",""ORAM_ACCESS"",238,222],[4,""PRIVATE_STATE_ORAM"",""ORAM_ACCESS"",238,222],[5,""PRIVATE_STATE_ORAM"",""ORAM_ACCESS"",238,222],[5,""PRIVATE_STATE_ORAM"",""ORAM_ACCESS"",238,222],[5,""PRIVATE_STATE_ORAM"",""ORAM_ACCESS"",238,222],[5,""MESSAGE_TOOL"",""PUBLIC_EFFECT"",240,222]]"
s2-p12-v2-b0,2,12,B2-BOUNDED-ADAPTIVE-OBLIVIOUS,16,1,0,1,completed,4136.3,15,0.8,"[[1,""PRIVATE_STATE_ORAM"",""ORAM_ACCESS"",238,222],[1,""PRIVATE_STATE_ORAM"",""ORAM_ACCESS"",238,222],[1,""PRIVATE_STATE_ORAM"",""ORAM_ACCESS"",238,222],[2,""PRIVATE_STATE_ORAM"",""ORAM_ACCESS"",238,222],[2,""PRIVATE_STATE_ORAM"",""ORAM_ACCESS"",238,222],[2,""PRIVATE_STATE_ORAM"",""ORAM_ACCESS"",238,222],[3,""PRIVATE_STATE_ORAM"",""ORAM_ACCESS"",238,222],[3,""PRIVATE_STATE_ORAM"",""ORAM_ACCESS"",238,222],[3,""PRIVATE_STATE_ORAM"",""ORAM_ACCESS"",238,222],[4,""PRIVATE_STATE_ORAM"",""ORAM_ACCESS"",238,222],[4,""PRIVATE_STATE_ORAM"",""ORAM_ACCESS"",238,222],[4,""PRIVATE_STATE_ORAM"",""ORAM_ACCESS"",238,222],[5,""PRIVATE_STATE_ORAM"",""ORAM_ACCESS"",238,222],[5,""PRIVATE_STATE_ORAM"",""ORAM_ACCESS"",238,222],[5,""PRIVATE_STATE_ORAM"",""ORAM_ACCESS"",238,222],[5,""MESSAGE_TOOL"",""PUBLIC_EFFECT"",240,222]]"
s2-p12-v2-b1,2,12,B2-BOUNDED-ADAPTIVE-OBLIVIOUS,16,2,1,1,completed,7068.9,15,0.6,"[[1,""PRIVATE_STATE_ORAM"",""ORAM_ACCESS"",238,222],[1,""PRIVATE_STATE_ORAM"",""ORAM_ACCESS"",238,222],[1,""PRIVATE_STATE_ORAM"",""ORAM_ACCESS"",238,222],[2,""PRIVATE_STATE_ORAM"",""ORAM_ACCESS"",238,222],[2,""PRIVATE_STATE_ORAM"",""ORAM_ACCESS"",238,222],[2,""PRIVATE_STATE_ORAM"",""ORAM_ACCESS"",238,222],[3,""PRIVATE_STATE_ORAM"",""ORAM_ACCESS"",238,222],[3,""PRIVATE_STATE_ORAM"",""ORAM_ACCESS"",238,222],[3,""PRIVATE_STATE_ORAM"",""ORAM_ACCESS"",238,222],[4,""PRIVATE_STATE_ORAM"",""ORAM_ACCESS"",238,222],[4,""PRIVATE_STATE_ORAM"",""ORAM_ACCESS"",238,222],[4,""PRIVATE_STATE_ORAM"",""ORAM_ACCESS"",238,222],[5,""PRIVATE_STATE_ORAM"",""ORAM_ACCESS"",238,222],[5,""PRIVATE_STATE_ORAM"",""ORAM_ACCESS"",238,222],[5,""PRIVATE_STATE_ORAM"",""ORAM_ACCESS"",238,222],[5,""MESSAGE_TOOL"",""PUBLIC_EFFECT"",240,222]]"
s2-p13-v2-b0,2,13,B2-BOUNDED-ADAPTIVE-OBLIVIOUS,16,1,0,1,completed,3726.3,15,0.8,"[[1,""PRIVATE_STATE_ORAM"",""ORAM_ACCESS"",238,222],[1,""PRIVATE_STATE_ORAM"",""ORAM_ACCESS"",238,222],[1,""PRIVATE_STATE_ORAM"",""ORAM_ACCESS"",238,222],[2,""PRIVATE_STATE_ORAM"",""ORAM_ACCESS"",238,222],[2,""PRIVATE_STATE_ORAM"",""ORAM_ACCESS"",238,222],[2,""PRIVATE_STATE_ORAM"",""ORAM_ACCESS"",238,222],[3,""PRIVATE_STATE_ORAM"",""ORAM_ACCESS"",238,222],[3,""PRIVATE_STATE_ORAM"",""ORAM_ACCESS"",238,222],[3,""PRIVATE_STATE_ORAM"",""ORAM_ACCESS"",238,222],[4,""PRIVATE_STATE_ORAM"",""ORAM_ACCESS"",238,222],[4,""PRIVATE_STATE_ORAM"",""ORAM_ACCESS"",238,222],[4,""PRIVATE_STATE_ORAM"",""ORAM_ACCESS"",238,222],[5,""PRIVATE_STATE_ORAM"",""ORAM_ACCESS"",238,222],[5,""PRIVATE_STATE_ORAM"",""ORAM_ACCESS"",238,222],[5,""PRIVATE_STATE_ORAM"",""ORAM_ACCESS"",238,222],[5,""MESSAGE_TOOL"",""PUBLIC_EFFECT"",240,222]]"
s2-p13-v2-b1,2,13,B2-BOUNDED-ADAPTIVE-OBLIVIOUS,16,2,1,1,completed,6387.1,15,0.6,"[[1,""PRIVATE_STATE_ORAM"",""ORAM_ACCESS"",238,222],[1,""PRIVATE_STATE_ORAM"",""ORAM_ACCESS"",238,222],[1,""PRIVATE_STATE_ORAM"",""ORAM_ACCESS"",238,222],[2,""PRIVATE_STATE_ORAM"",""ORAM_ACCESS"",238,222],[2,""PRIVATE_STATE_ORAM"",""ORAM_ACCESS"",238,222],[2,""PRIVATE_STATE_ORAM"",""ORAM_ACCESS"",238,222],[3,""PRIVATE_STATE_ORAM"",""ORAM_ACCESS"",238,222],[3,""PRIVATE_STATE_ORAM"",""ORAM_ACCESS"",238,222],[3,""PRIVATE_STATE_ORAM"",""ORAM_ACCESS"",238,222],[4,""PRIVATE_STATE_ORAM"",""ORAM_ACCESS"",238,222],[4,""PRIVATE_STATE_ORAM"",""ORAM_ACCESS"",238,222],[4,""PRIVATE_STATE_ORAM"",""ORAM_ACCESS"",238,222],[5,""PRIVATE_STATE_ORAM"",""ORAM_ACCESS"",238,222],[5,""PRIVATE_STATE_ORAM"",""ORAM_ACCESS"",238,222],[5,""PRIVATE_STATE_ORAM"",""ORAM_ACCESS"",238,222],[5,""MESSAGE_TOOL"",""PUBLIC_EFFECT"",240,222]]"
s2-p14-v2-b0,2,14,B2-BOUNDED-ADAPTIVE-OBLIVIOUS,16,1,0,1,completed,7814.0,15,0.8,"[[1,""PRIVATE_STATE_ORAM"",""ORAM_ACCESS"",238,222],[1,""PRIVATE_STATE_ORAM"",""ORAM_ACCESS"",238,222],[1,""PRIVATE_STATE_ORAM"",""ORAM_ACCESS"",238,222],[2,""PRIVATE_STATE_ORAM"",""ORAM_ACCESS"",238,222],[2,""PRIVATE_STATE_ORAM"",""ORAM_ACCESS"",238,222],[2,""PRIVATE_STATE_ORAM"",""ORAM_ACCESS"",238,222],[3,""PRIVATE_STATE_ORAM"",""ORAM_ACCESS"",238,222],[3,""PRIVATE_STATE_ORAM"",""ORAM_ACCESS"",238,222],[3,""PRIVATE_STATE_ORAM"",""ORAM_ACCESS"",238,222],[4,""PRIVATE_STATE_ORAM"",""ORAM_ACCESS"",238,222],[4,""PRIVATE_STATE_ORAM"",""ORAM_ACCESS"",238,222],[4,""PRIVATE_STATE_ORAM"",""ORAM_ACCESS"",238,222],[5,""PRIVATE_STATE_ORAM"",""ORAM_ACCESS"",238,222],[5,""PRIVATE_STATE_ORAM"",""ORAM_ACCESS"",238,222],[5,""PRIVATE_STATE_ORAM"",""ORAM_ACCESS"",238,222],[5,""MESSAGE_TOOL"",""PUBLIC_EFFECT"",240,222]]"
s2-p14-v2-b1,2,14,B2-BOUNDED-ADAPTIVE-OBLIVIOUS,16,2,1,1,completed,6341.5,15,0.6,"[[1,""PRIVATE_STATE_ORAM"",""ORAM_ACCESS"",238,222],[1,""PRIVATE_STATE_ORAM"",""ORAM_ACCESS"",238,222],[1,""PRIVATE_STATE_ORAM"",""ORAM_ACCESS"",238,222],[2,""PRIVATE_STATE_ORAM"",""ORAM_ACCESS"",238,222],[2,""PRIVATE_STATE_ORAM"",""ORAM_ACCESS"",238,222],[2,""PRIVATE_STATE_ORAM"",""ORAM_ACCESS"",238,222],[3,""PRIVATE_STATE_ORAM"",""ORAM_ACCESS"",238,222],[3,""PRIVATE_STATE_ORAM"",""ORAM_ACCESS"",238,222],[3,""PRIVATE_STATE_ORAM"",""ORAM_ACCESS"",238,222],[4,""PRIVATE_STATE_ORAM"",""ORAM_ACCESS"",238,222],[4,""PRIVATE_STATE_ORAM"",""ORAM_ACCESS"",238,222],[4,""PRIVATE_STATE_ORAM"",""ORAM_ACCESS"",238,222],[5,""PRIVATE_STATE_ORAM"",""ORAM_ACCESS"",238,222],[5,""PRIVATE_STATE_ORAM"",""ORAM_ACCESS"",238,222],[5,""PRIVATE_STATE_ORAM"",""ORAM_ACCESS"",238,222],[5,""MESSAGE_TOOL"",""PUBLIC_EFFECT"",240,222]]"
s2-p15-v2-b0,2,15,B2-BOUNDED-ADAPTIVE-OBLIVIOUS,16,1,0,1,completed,3903.6,15,0.8,"[[1,""PRIVATE_STATE_ORAM"",""ORAM_ACCESS"",238,222],[1,""PRIVATE_STATE_ORAM"",""ORAM_ACCESS"",238,222],[1,""PRIVATE_STATE_ORAM"",""ORAM_ACCESS"",238,222],[2,""PRIVATE_STATE_ORAM"",""ORAM_ACCESS"",238,222],[2,""PRIVATE_STATE_ORAM"",""ORAM_ACCESS"",238,222],[2,""PRIVATE_STATE_ORAM"",""ORAM_ACCESS"",238,222],[3,""PRIVATE_STATE_ORAM"",""ORAM_ACCESS"",238,222],[3,""PRIVATE_STATE_ORAM"",""ORAM_ACCESS"",238,222],[3,""PRIVATE_STATE_ORAM"",""ORAM_ACCESS"",238,222],[4,""PRIVATE_STATE_ORAM"",""ORAM_ACCESS"",238,222],[4,""PRIVATE_STATE_ORAM"",""ORAM_ACCESS"",238,222],[4,""PRIVATE_STATE_ORAM"",""ORAM_ACCESS"",238,222],[5,""PRIVATE_STATE_ORAM"",""ORAM_ACCESS"",238,222],[5,""PRIVATE_STATE_ORAM"",""ORAM_ACCESS"",238,222],[5,""PRIVATE_STATE_ORAM"",""ORAM_ACCESS"",238,222],[5,""MESSAGE_TOOL"",""PUBLIC_EFFECT"",240,222]]"
s2-p15-v2-b1,2,15,B2-BOUNDED-ADAPTIVE-OBLIVIOUS,16,2,1,1,completed,5737.5,15,0.6,"[[1,""PRIVATE_STATE_ORAM"",""ORAM_ACCESS"",238,222],[1,""PRIVATE_STATE_ORAM"",""ORAM_ACCESS"",238,222],[1,""PRIVATE_STATE_ORAM"",""ORAM_ACCESS"",238,222],[2,""PRIVATE_STATE_ORAM"",""ORAM_ACCESS"",238,222],[2,""PRIVATE_STATE_ORAM"",""ORAM_ACCESS"",238,222],[2,""PRIVATE_STATE_ORAM"",""ORAM_ACCESS"",238,222],[3,""PRIVATE_STATE_ORAM"",""ORAM_ACCESS"",238,222],[3,""PRIVATE_STATE_ORAM"",""ORAM_ACCESS"",238,222],[3,""PRIVATE_STATE_ORAM"",""ORAM_ACCESS"",238,222],[4,""PRIVATE_STATE_ORAM"",""ORAM_ACCESS"",238,222],[4,""PRIVATE_STATE_ORAM"",""ORAM_ACCESS"",238,222],[4,""PRIVATE_STATE_ORAM"",""ORAM_ACCESS"",238,222],[5,""PRIVATE_STATE_ORAM"",""ORAM_ACCESS"",238,222],[5,""PRIVATE_STATE_ORAM"",""ORAM_ACCESS"",238,222],[5,""PRIVATE_STATE_ORAM"",""ORAM_ACCESS"",238,222],[5,""MESSAGE_TOOL"",""PUBLIC_EFFECT"",240,222]]"
s2-p16-v2-b0,2,16,B2-BOUNDED-ADAPTIVE-OBLIVIOUS,16,1,0,1,completed,3836.4,15,0.8,"[[1,""PRIVATE_STATE_ORAM"",""ORAM_ACCESS"",238,222],[1,""PRIVATE_STATE_ORAM"",""ORAM_ACCESS"",238,222],[1,""PRIVATE_STATE_ORAM"",""ORAM_ACCESS"",238,222],[2,""PRIVATE_STATE_ORAM"",""ORAM_ACCESS"",238,222],[2,""PRIVATE_STATE_ORAM"",""ORAM_ACCESS"",238,222],[2,""PRIVATE_STATE_ORAM"",""ORAM_ACCESS"",238,222],[3,""PRIVATE_STATE_ORAM"",""ORAM_ACCESS"",238,222],[3,""PRIVATE_STATE_ORAM"",""ORAM_ACCESS"",238,222],[3,""PRIVATE_STATE_ORAM"",""ORAM_ACCESS"",238,222],[4,""PRIVATE_STATE_ORAM"",""ORAM_ACCESS"",238,222],[4,""PRIVATE_STATE_ORAM"",""ORAM_ACCESS"",238,222],[4,""PRIVATE_STATE_ORAM"",""ORAM_ACCESS"",238,222],[5,""PRIVATE_STATE_ORAM"",""ORAM_ACCESS"",238,222],[5,""PRIVATE_STATE_ORAM"",""ORAM_ACCESS"",238,222],[5,""PRIVATE_STATE_ORAM"",""ORAM_ACCESS"",238,222],[5,""MESSAGE_TOOL"",""PUBLIC_EFFECT"",240,222]]"
s2-p16-v2-b1,2,16,B2-BOUNDED-ADAPTIVE-OBLIVIOUS,16,2,1,1,completed,6882.7,15,0.6,"[[1,""PRIVATE_STATE_ORAM"",""ORAM_ACCESS"",238,222],[1,""PRIVATE_STATE_ORAM"",""ORAM_ACCESS"",238,222],[1,""PRIVATE_STATE_ORAM"",""ORAM_ACCESS"",238,222],[2,""PRIVATE_STATE_ORAM"",""ORAM_ACCESS"",238,222],[2,""PRIVATE_STATE_ORAM"",""ORAM_ACCESS"",238,222],[2,""PRIVATE_STATE_ORAM"",""ORAM_ACCESS"",238,222],[3,""PRIVATE_STATE_ORAM"",""ORAM_ACCESS"",238,222],[3,""PRIVATE_STATE_ORAM"",""ORAM_ACCESS"",238,222],[3,""PRIVATE_STATE_ORAM"",""ORAM_ACCESS"",238,222],[4,""PRIVATE_STATE_ORAM"",""ORAM_ACCESS"",238,222],[4,""PRIVATE_STATE_ORAM"",""ORAM_ACCESS"",238,222],[4,""PRIVATE_STATE_ORAM"",""ORAM_ACCESS"",238,222],[5,""PRIVATE_STATE_ORAM"",""ORAM_ACCESS"",238,222],[5,""PRIVATE_STATE_ORAM"",""ORAM_ACCESS"",238,222],[5,""PRIVATE_STATE_ORAM"",""ORAM_ACCESS"",238,222],[5,""MESSAGE_TOOL"",""PUBLIC_EFFECT"",240,222]]"
s2-p17-v2-b0,2,17,B2-BOUNDED-ADAPTIVE-OBLIVIOUS,16,1,0,1,completed,5883.1,15,0.8,"[[1,""PRIVATE_STATE_ORAM"",""ORAM_ACCESS"",238,222],[1,""PRIVATE_STATE_ORAM"",""ORAM_ACCESS"",238,222],[1,""PRIVATE_STATE_ORAM"",""ORAM_ACCESS"",238,222],[2,""PRIVATE_STATE_ORAM"",""ORAM_ACCESS"",238,222],[2,""PRIVATE_STATE_ORAM"",""ORAM_ACCESS"",238,222],[2,""PRIVATE_STATE_ORAM"",""ORAM_ACCESS"",238,222],[3,""PRIVATE_STATE_ORAM"",""ORAM_ACCESS"",238,222],[3,""PRIVATE_STATE_ORAM"",""ORAM_ACCESS"",238,222],[3,""PRIVATE_STATE_ORAM"",""ORAM_ACCESS"",238,222],[4,""PRIVATE_STATE_ORAM"",""ORAM_ACCESS"",238,222],[4,""PRIVATE_STATE_ORAM"",""ORAM_ACCESS"",238,222],[4,""PRIVATE_STATE_ORAM"",""ORAM_ACCESS"",238,222],[5,""PRIVATE_STATE_ORAM"",""ORAM_ACCESS"",238,222],[5,""PRIVATE_STATE_ORAM"",""ORAM_ACCESS"",238,222],[5,""PRIVATE_STATE_ORAM"",""ORAM_ACCESS"",238,222],[5,""MESSAGE_TOOL"",""PUBLIC_EFFECT"",240,222]]"
s2-p17-v2-b1,2,17,B2-BOUNDED-ADAPTIVE-OBLIVIOUS,16,2,1,1,completed,6761.2,15,0.6,"[[1,""PRIVATE_STATE_ORAM"",""ORAM_ACCESS"",238,222],[1,""PRIVATE_STATE_ORAM"",""ORAM_ACCESS"",238,222],[1,""PRIVATE_STATE_ORAM"",""ORAM_ACCESS"",238,222],[2,""PRIVATE_STATE_ORAM"",""ORAM_ACCESS"",238,222],[2,""PRIVATE_STATE_ORAM"",""ORAM_ACCESS"",238,222],[2,""PRIVATE_STATE_ORAM"",""ORAM_ACCESS"",238,222],[3,""PRIVATE_STATE_ORAM"",""ORAM_ACCESS"",238,222],[3,""PRIVATE_STATE_ORAM"",""ORAM_ACCESS"",238,222],[3,""PRIVATE_STATE_ORAM"",""ORAM_ACCESS"",238,222],[4,""PRIVATE_STATE_ORAM"",""ORAM_ACCESS"",238,222],[4,""PRIVATE_STATE_ORAM"",""ORAM_ACCESS"",238,222],[4,""PRIVATE_STATE_ORAM"",""ORAM_ACCESS"",238,222],[5,""PRIVATE_STATE_ORAM"",""ORAM_ACCESS"",238,222],[5,""PRIVATE_STATE_ORAM"",""ORAM_ACCESS"",238,222],[5,""PRIVATE_STATE_ORAM"",""ORAM_ACCESS"",238,222],[5,""MESSAGE_TOOL"",""PUBLIC_EFFECT"",240,222]]"
s2-p18-v2-b0,2,18,B2-BOUNDED-ADAPTIVE-OBLIVIOUS,16,1,0,1,completed,4079.2,15,0.8,"[[1,""PRIVATE_STATE_ORAM"",""ORAM_ACCESS"",238,222],[1,""PRIVATE_STATE_ORAM"",""ORAM_ACCESS"",238,222],[1,""PRIVATE_STATE_ORAM"",""ORAM_ACCESS"",238,222],[2,""PRIVATE_STATE_ORAM"",""ORAM_ACCESS"",238,222],[2,""PRIVATE_STATE_ORAM"",""ORAM_ACCESS"",238,222],[2,""PRIVATE_STATE_ORAM"",""ORAM_ACCESS"",238,222],[3,""PRIVATE_STATE_ORAM"",""ORAM_ACCESS"",238,222],[3,""PRIVATE_STATE_ORAM"",""ORAM_ACCESS"",238,222],[3,""PRIVATE_STATE_ORAM"",""ORAM_ACCESS"",238,222],[4,""PRIVATE_STATE_ORAM"",""ORAM_ACCESS"",238,222],[4,""PRIVATE_STATE_ORAM"",""ORAM_ACCESS"",238,222],[4,""PRIVATE_STATE_ORAM"",""ORAM_ACCESS"",238,222],[5,""PRIVATE_STATE_ORAM"",""ORAM_ACCESS"",238,222],[5,""PRIVATE_STATE_ORAM"",""ORAM_ACCESS"",238,222],[5,""PRIVATE_STATE_ORAM"",""ORAM_ACCESS"",238,222],[5,""MESSAGE_TOOL"",""PUBLIC_EFFECT"",240,222]]"
s2-p18-v2-b1,2,18,B2-BOUNDED-ADAPTIVE-OBLIVIOUS,16,2,1,1,completed,8798.4,15,0.6,"[[1,""PRIVATE_STATE_ORAM"",""ORAM_ACCESS"",238,222],[1,""PRIVATE_STATE_ORAM"",""ORAM_ACCESS"",238,222],[1,""PRIVATE_STATE_ORAM"",""ORAM_ACCESS"",238,222],[2,""PRIVATE_STATE_ORAM"",""ORAM_ACCESS"",238,222],[2,""PRIVATE_STATE_ORAM"",""ORAM_ACCESS"",238,222],[2,""PRIVATE_STATE_ORAM"",""ORAM_ACCESS"",238,222],[3,""PRIVATE_STATE_ORAM"",""ORAM_ACCESS"",238,222],[3,""PRIVATE_STATE_ORAM"",""ORAM_ACCESS"",238,222],[3,""PRIVATE_STATE_ORAM"",""ORAM_ACCESS"",238,222],[4,""PRIVATE_STATE_ORAM"",""ORAM_ACCESS"",238,222],[4,""PRIVATE_STATE_ORAM"",""ORAM_ACCESS"",238,222],[4,""PRIVATE_STATE_ORAM"",""ORAM_ACCESS"",238,222],[5,""PRIVATE_STATE_ORAM"",""ORAM_ACCESS"",238,222],[5,""PRIVATE_STATE_ORAM"",""ORAM_ACCESS"",238,222],[5,""PRIVATE_STATE_ORAM"",""ORAM_ACCESS"",238,222],[5,""MESSAGE_TOOL"",""PUBLIC_EFFECT"",240,222]]"
s2-p19-v2-b0,2,19,B2-BOUNDED-ADAPTIVE-OBLIVIOUS,16,1,0,1,completed,6551.0,15,0.8,"[[1,""PRIVATE_STATE_ORAM"",""ORAM_ACCESS"",238,222],[1,""PRIVATE_STATE_ORAM"",""ORAM_ACCESS"",238,222],[1,""PRIVATE_STATE_ORAM"",""ORAM_ACCESS"",238,222],[2,""PRIVATE_STATE_ORAM"",""ORAM_ACCESS"",238,222],[2,""PRIVATE_STATE_ORAM"",""ORAM_ACCESS"",238,222],[2,""PRIVATE_STATE_ORAM"",""ORAM_ACCESS"",238,222],[3,""PRIVATE_STATE_ORAM"",""ORAM_ACCESS"",238,222],[3,""PRIVATE_STATE_ORAM"",""ORAM_ACCESS"",238,222],[3,""PRIVATE_STATE_ORAM"",""ORAM_ACCESS"",238,222],[4,""PRIVATE_STATE_ORAM"",""ORAM_ACCESS"",238,222],[4,""PRIVATE_STATE_ORAM"",""ORAM_ACCESS"",238,222],[4,""PRIVATE_STATE_ORAM"",""ORAM_ACCESS"",238,222],[5,""PRIVATE_STATE_ORAM"",""ORAM_ACCESS"",238,222],[5,""PRIVATE_STATE_ORAM"",""ORAM_ACCESS"",238,222],[5,""PRIVATE_STATE_ORAM"",""ORAM_ACCESS"",238,222],[5,""MESSAGE_TOOL"",""PUBLIC_EFFECT"",240,222]]"
s2-p19-v2-b1,2,19,B2-BOUNDED-ADAPTIVE-OBLIVIOUS,16,2,1,1,completed,5785.8,15,0.6,"[[1,""PRIVATE_STATE_ORAM"",""ORAM_ACCESS"",238,222],[1,""PRIVATE_STATE_ORAM"",""ORAM_ACCESS"",238,222],[1,""PRIVATE_STATE_ORAM"",""ORAM_ACCESS"",238,222],[2,""PRIVATE_STATE_ORAM"",""ORAM_ACCESS"",238,222],[2,""PRIVATE_STATE_ORAM"",""ORAM_ACCESS"",238,222],[2,""PRIVATE_STATE_ORAM"",""ORAM_ACCESS"",238,222],[3,""PRIVATE_STATE_ORAM"",""ORAM_ACCESS"",238,222],[3,""PRIVATE_STATE_ORAM"",""ORAM_ACCESS"",238,222],[3,""PRIVATE_STATE_ORAM"",""ORAM_ACCESS"",238,222],[4,""PRIVATE_STATE_ORAM"",""ORAM_ACCESS"",238,222],[4,""PRIVATE_STATE_ORAM"",""ORAM_ACCESS"",238,222],[4,""PRIVATE_STATE_ORAM"",""ORAM_ACCESS"",238,222],[5,""PRIVATE_STATE_ORAM"",""ORAM_ACCESS"",238,222],[5,""PRIVATE_STATE_ORAM"",""ORAM_ACCESS"",238,222],[5,""PRIVATE_STATE_ORAM"",""ORAM_ACCESS"",238,222],[5,""MESSAGE_TOOL"",""PUBLIC_EFFECT"",240,222]]"
