phase,case,repetition,global_ordinal,agent_id_private,pir_row_private,apsi_oprf_ms,apsi_query_construction_ms,apsi_query_roundtrip_ms,apsi_result_processing_ms,apsi_label_decode_ms,apsi_total_wall_ms,simplepir_total_wall_ms,artifact_decode_ms,access_slot_total_ms,apsi_oprf_request_bytes,apsi_oprf_response_bytes,apsi_query_bytes,apsi_result_bytes,simplepir_query_bytes,simplepir_answer_bytes,message_count,protocol_round_count,query_sha256,correct,sender_cpu_ms,receiver_cpu_ms,simplepir_cpu_ms,sender_peak_rss_kib,receiver_peak_rss_kib,simplepir_peak_rss_kib,apsi_server_oprf_ms,apsi_server_evaluation_ms,simplepir_query_generation_ms,simplepir_server_answer_ms,simplepir_recovery_ms
MICROBENCHMARK,DEPLOYED,1,1,101,53717,10.021832,14.006981,37.344197,4.998463,0.016044,66.566272,46.868441,1.026319,114.482423,104,104,697972,1579652,36388,37180,6,3,3cbd74aaf45a658b8eac06c97b9d085a3e5bf44701a31f035fd9906495e58183,True,150.0,20.0,50.0,57332,9496,1418836,8.809832,29.409716,13.295,29.459,3.652
MICROBENCHMARK,DEPLOYED,2,2,101,53717,17.712345,20.165385,26.453923,5.003933,0.012559,69.443538,51.177342,0.216076,120.853192,104,104,697972,1579652,36388,37180,6,3,041c7e8e84528b42c0ad961b1032f102cd2f3505cd5a15348a3a18b204fab9ab,True,160.0,30.0,50.0,62696,11372,1418836,16.281924,20.54348,17.314,29.949,3.585
MICROBENCHMARK,DEPLOYED,3,3,101,53717,7.613897,21.432494,31.009088,5.379072,0.00915,65.533727,46.927268,0.208766,112.681357,104,104,697972,1579652,36388,37180,6,3,42708ac18cc06326d8df1462f68251ee37f247690cca2807f851f7bf36d5f887,True,160.0,30.0,50.0,70664,11492,1418836,7.044277,25.981789,13.22,29.692,3.713
MICROBENCHMARK,DEPLOYED,4,4,101,53717,8.421869,13.336311,26.038733,4.976128,0.010314,52.871174,47.265554,0.203468,100.353307,104,104,697972,1579652,36388,37180,6,3,22d4cf0070102884cb0d4cb6b70634ba9bae90c4f67235b71cd1ec90a9e89e48,True,130.0,20.0,40.0,79660,11956,1419064,7.841256,20.838179,13.281,29.998,3.673
MICROBENCHMARK,DEPLOYED,5,5,101,53717,8.324135,14.061011,25.365975,5.04862,0.011176,52.900467,48.111728,0.228393,101.256166,104,104,697972,1579652,36388,37180,6,3,c094c96fb176363ad8fa2c150929d67e1453b88eef4de8518ded8356709db03a,True,140.0,20.0,50.0,88340,11956,1419064,7.127814,20.215634,13.362,30.598,3.813
MICROBENCHMARK,DEPLOYED,6,6,101,53717,13.908123,16.614599,26.938811,6.218267,0.019119,63.832658,50.504679,0.219498,114.579689,104,104,697972,1579652,36388,37180,6,3,400f87cadcc6b2de59445a90fae9e95e4688b77326f828bbf74c87fb1962c540,True,140.0,30.0,60.0,97372,11956,1419064,13.16443,21.586777,15.356,30.563,3.871
MICROBENCHMARK,DEPLOYED,7,7,101,53717,10.119877,13.277521,34.350493,9.856612,0.008547,67.697672,48.342678,0.478025,116.531731,104,104,697972,1579652,36388,37180,6,3,c51f9564821cc9602ecedc2b1cb297f9859e3404b1bbd66cd811d4429b90746a,True,140.0,20.0,60.0,106212,11956,1419064,9.262173,24.143783,13.252,30.887,3.848
MICROBENCHMARK,DEPLOYED,8,8,101,53717,15.85064,13.239995,30.951148,4.989458,0.010208,65.165207,46.968386,0.216799,112.363943,104,104,697972,1579652,36388,37180,6,3,38a278e860df7e698b5f43a8fced5a9aa85de46038fe27eb579a86b67546c171,True,160.0,20.0,50.0,113220,11992,1419064,15.449114,22.492287,13.281,29.677,3.702
MICROBENCHMARK,DEPLOYED,9,9,101,53717,12.6179,13.138771,25.371237,11.114161,0.010753,62.376703,48.283124,0.218027,110.891785,104,104,697972,1579652,36388,37180,6,3,ee1a09664435e9cdb137c1fa0953fe8b62e2ff5ef890f11c4c0f1cc003969583,True,150.0,30.0,40.0,119408,12000,1419064,11.3733,20.435665,13.489,30.559,3.901
MICROBENCHMARK,DEPLOYED,10,10,101,53717,8.04688,27.636555,25.988539,4.980241,0.010029,66.754239,51.773785,0.211853,118.753321,104,104,697972,1579652,36388,37180,6,3,33b2a625abf49fbc12e6ed748953d6c3a57f1ab371417ff63fd184d640e34ccb,True,130.0,40.0,60.0,122020,12008,1419064,6.923526,20.324362,17.624,30.199,3.656
MICROBENCHMARK,DEPLOYED,11,11,101,53717,9.782178,15.092587,32.050399,4.989699,0.010139,62.016536,60.493937,0.378087,122.90342,104,104,697972,1579652,36388,37180,6,3,32e51e85bdec8bbcec8f86b47787a5a5f458b29abeb4d750c59638ae00b75fd1,True,150.0,30.0,60.0,128984,12072,1419064,8.669162,19.495591,13.193,43.21,3.746
MICROBENCHMARK,DEPLOYED,12,12,101,53717,7.737891,31.889351,28.111198,5.051758,0.00982,72.909039,48.159196,0.209611,121.29039,104,104,697972,1579652,36388,37180,6,3,a14a6c979627e6442b51f9ceca5cb0cfafadc24a2db42903c8dc7ab862337999,True,140.0,40.0,50.0,135116,12072,1419064,6.890497,22.29895,13.18,30.924,3.75
MICROBENCHMARK,DEPLOYED,13,13,101,53717,8.279727,13.128978,25.64068,4.969591,0.009448,52.115323,51.559918,0.211214,103.899067,104,104,697972,1579652,36388,37180,6,3,6491486c71edb1fb066975356580eb35df4a09fa1ca355c70da09c95473293bd,True,130.0,20.0,50.0,142752,12072,1419064,7.218136,19.826068,13.3,34.171,3.784
MICROBENCHMARK,DEPLOYED,14,14,101,53717,7.559335,15.05729,25.614599,4.904229,0.009608,53.236585,47.251682,0.198363,100.698503,104,104,697972,1579652,36388,37180,6,3,d526d67c627f196878aca922d5e4c73970bfdb243f26fcd62e034256377cf046,True,140.0,30.0,50.0,151524,12100,1419064,6.814384,19.444517,13.213,30.161,3.589
MICROBENCHMARK,DEPLOYED,15,15,101,53717,7.698002,31.133582,38.87613,6.526315,0.009146,84.335288,47.308907,0.202419,131.858462,104,104,697972,1579652,36388,37180,6,3,c41b5b138786b5be28dda1a2447e04ec8e8349fb47f551e07454fa97b630f166,True,170.0,30.0,40.0,154352,12100,1419064,6.978321,33.335721,13.233,30.069,3.71
MICROBENCHMARK,DEPLOYED,16,16,101,53717,8.982966,13.202163,25.281887,5.340026,0.010332,52.899286,46.564747,0.198033,99.67459,104,104,697972,1579652,36388,37180,6,3,572711e03b252dee3fe6c13869ba74758f79c26b85bc7530a8bfe1731980b2c0,True,140.0,20.0,50.0,161624,12100,1419064,8.610273,19.942392,13.149,29.392,3.716
MICROBENCHMARK,DEPLOYED,17,17,101,53717,10.235932,13.249579,29.490517,5.066083,0.010864,58.143767,46.94268,0.51513,105.617466,104,104,697972,1579652,36388,37180,6,3,105dda5e5308716c5b1070f0f2b0ee952664665b04875bf744aae12545962010,True,140.0,30.0,40.0,168908,12100,1419064,9.672324,24.653274,13.186,29.641,3.72
MICROBENCHMARK,DEPLOYED,18,18,101,53717,11.065995,29.158113,25.648095,4.941416,0.010416,70.943497,94.95471,0.607997,166.52561,104,104,697972,1579652,36388,37180,6,3,5c517faef6d8a855c8a93a4956c3f958679ee0f870cc58280714e0044de91b48,True,140.0,40.0,100.0,172452,12100,1419064,10.286352,19.661865,38.227,51.052,5.091
MICROBENCHMARK,DEPLOYED,19,19,101,53717,8.059702,27.37852,27.071642,8.265313,0.022918,70.965922,59.655584,0.425444,131.074712,104,104,697972,1579652,36388,37180,6,3,2993f01e15eb162b89e60f9281545745feb3928345af2afae8fcc30116895d54,True,130.0,40.0,50.0,183232,12100,1419064,6.996995,20.852274,12.332,41.963,5.013
MICROBENCHMARK,DEPLOYED,20,20,101,53717,13.162743,31.93657,31.003029,7.809955,0.02775,84.082549,59.852787,0.498148,144.467211,104,104,697972,1579652,36388,37180,6,3,785f0a5fdc412fc00ae0d1b95f5305d1180649a5ad76e92a38bf7238567d61ef,True,150.0,40.0,70.0,185052,12100,1419064,11.930446,23.825128,12.533,41.828,5.086
MICROBENCHMARK,DEPLOYED,21,21,101,53717,8.512465,33.417318,25.24626,7.421377,0.021423,74.745059,69.827421,0.486032,145.087381,104,104,697972,1579652,36388,37180,6,3,c2bfbbc9e91df0c37c29cd191551915d266cc5459784c7955efe937b14506f81,True,130.0,40.0,70.0,189092,12100,1419064,7.367992,19.673619,13.976,50.415,4.991
MICROBENCHMARK,DEPLOYED,22,22,101,53717,8.440709,24.368809,25.967763,8.286914,0.025982,67.263472,69.660952,0.589113,137.54866,104,104,697972,1579652,36388,37180,6,3,b1565e611f0b56cdedf4ab57d9786a4a24360c585ef7bf0fda429af926a24e47,True,130.0,40.0,70.0,194868,12100,1419064,7.601509,19.289306,11.943,52.133,5.102
MICROBENCHMARK,DEPLOYED,23,23,101,53717,7.926348,27.780685,36.637049,10.454478,0.023577,82.975818,62.857661,0.403118,146.265229,104,104,697972,1579652,36388,37180,6,3,e00a2ea8c8dba1009b2d2dc149d9d2e2ab703373a49a9dd63e0f51e51c0203b0,True,150.0,50.0,60.0,204108,12100,1419064,7.091949,24.575319,12.153,41.393,8.659
MICROBENCHMARK,DEPLOYED,24,24,101,53717,12.186955,33.574746,36.644795,11.610907,0.028232,94.266164,59.603191,0.519568,154.42473,104,104,697972,1579652,36388,37180,6,3,07afc538accc6011755d77bd78d311a20506d34489d99d85ce982502407ef22f,True,160.0,50.0,60.0,210008,12100,1419064,11.107736,26.618666,12.109,41.992,5.083
MICROBENCHMARK,DEPLOYED,25,25,101,53717,7.813379,36.02007,25.47816,4.912945,0.021681,74.383148,61.306284,0.498381,136.214675,104,104,697972,1579652,36388,37180,6,3,6d3edeafb78359560bcd1536fecc0950c9b9fce5852b6d1a565bfab85879087b,True,130.0,40.0,60.0,220368,12100,1419064,7.26228,20.02587,14.046,41.788,5.074
MICROBENCHMARK,DEPLOYED,26,26,101,53717,8.158464,25.038277,27.64749,8.249955,0.008598,69.172731,108.527673,0.525714,178.239711,104,104,697972,1579652,36388,37180,6,3,c0c436ad758b501bebe61a20cf8dc3b60cd9771aa94b6fcd185273db8dda1018,True,130.0,40.0,110.0,220700,12136,1419064,7.733619,20.519018,29.475,41.511,37.177
MICROBENCHMARK,DEPLOYED,27,27,101,53717,9.331296,32.834314,32.853491,8.726906,0.033005,83.963825,58.860579,0.297975,143.162065,104,104,697972,1579652,36388,37180,6,3,18d2ae75dacafdfe413759b83f398e9f804f6b339a5c7f10de5432c8bb857ddc,True,170.0,50.0,60.0,225080,12148,1419064,7.969005,27.02959,12.516,41.826,4.102
MICROBENCHMARK,DEPLOYED,28,28,101,53717,10.588668,36.280326,27.977756,9.898085,0.014083,84.872905,72.953312,0.330102,158.175168,104,104,697972,1579652,36388,37180,6,3,b1ee1d4bb38f8b76c28ce60f26a061dd05a7186cf2d5afe649a137a444b44ce0,True,140.0,60.0,70.0,229332,12160,1419064,9.115331,20.186186,13.093,55.5,3.975
MICROBENCHMARK,DEPLOYED,29,29,101,53717,8.198844,25.962844,29.066968,8.067659,0.013007,71.427737,64.50641,0.36812,136.319898,104,104,697972,1579652,36388,37180,6,3,372a92069a57fbdc4926ff30306f0138fd8856eeb0ebce2bcb8cdd735f201c79,True,150.0,40.0,70.0,236584,12168,1419064,7.302159,22.172109,17.209,42.934,3.967
MICROBENCHMARK,DEPLOYED,30,30,101,53717,8.596117,31.70598,30.330017,4.929402,0.011493,75.669851,64.875087,0.24097,140.799784,104,104,697972,1579652,36388,37180,6,3,a0f3cc1683b2f098315428e3722b1240c46fbfe6aad7a958b9ba550649bd8b2b,True,130.0,30.0,60.0,244060,12168,1419064,7.59534,24.749089,18.175,42.421,3.953
MICROBENCHMARK,DEPLOYED,31,31,101,53717,15.136368,35.363989,27.918425,7.688926,0.007462,86.191564,74.059733,0.2085,160.469952,104,104,697972,1579652,36388,37180,6,3,7a7f40cf1fc30eca0e4218c914f809debfa20ff348b38729d8cf842db12f7cef,True,150.0,60.0,80.0,249400,12168,1419064,14.304381,19.386141,19.848,42.48,11.439
MICROBENCHMARK,DEPLOYED,32,32,101,53717,13.047721,31.308193,39.165577,10.463602,0.026912,94.16037,60.212224,0.577304,154.984535,104,104,697972,1579652,36388,37180,6,3,6df8f1850f0ee487620344bc00f58195a2106523162a372578310e78bcb2f11a,True,150.0,40.0,60.0,254224,12168,1419064,11.540396,25.656179,12.592,43.188,3.963
MICROBENCHMARK,DEPLOYED,33,33,101,53717,8.958673,35.123305,41.534135,11.473074,0.013794,97.218937,248.059369,0.559301,345.858409,104,104,697972,1579652,36388,37180,6,3,3fd053136b60456e2dc74383111ac4dcf1fd6e5971f4ef2943b89de7785d298e,True,150.0,50.0,250.0,258584,12168,1419064,8.192492,29.061551,18.491,225.01,4.137
MICROBENCHMARK,DEPLOYED,34,34,101,53717,8.373491,19.779967,27.900009,5.243823,0.02361,61.474132,56.5995,0.458111,118.560603,104,104,697972,1579652,36388,37180,6,3,3d4f5b0b9b7d56016012a240b987a869dffe48e92d4f0e047bea89d0f8f9ece0,True,140.0,40.0,60.0,265012,12168,1419064,7.671544,20.690699,15.77,36.207,4.064
MICROBENCHMARK,DEPLOYED,35,35,101,53717,8.86282,13.435324,28.392607,4.934726,0.015718,55.768252,55.08077,0.330151,111.198518,104,104,697972,1579652,36388,37180,6,3,63bc91bc672c9516e7f5099ff9a105878676dd7dbfa573b3df414902313f41a8,True,140.0,20.0,50.0,269672,12168,1419064,7.630174,21.003145,15.12,35.751,3.851
MICROBENCHMARK,DEPLOYED,36,36,101,53717,7.838786,13.375406,27.305854,13.579829,0.011419,62.196254,62.396916,0.324403,124.932678,104,104,697972,1579652,36388,37180,6,3,fed77474b8c573b609b418231fd5263655f525387c28fc45f60636cca0502f96,True,140.0,30.0,60.0,271928,12168,1419064,7.082104,20.151651,12.858,42.766,6.48
MICROBENCHMARK,DEPLOYED,37,37,101,53717,9.090074,32.336837,27.469403,8.314675,0.014515,77.329826,58.464749,0.267093,136.079171,104,104,697972,1579652,36388,37180,6,3,8e277f02a6100b68ea843eef5055145b84efba1a1764616d44def090a7c762a9,True,130.0,40.0,60.0,273900,12168,1419064,7.606837,20.593444,18.761,35.427,3.971
MICROBENCHMARK,DEPLOYED,38,38,101,53717,13.244204,26.131001,29.234601,7.930254,0.020136,76.679286,61.437717,0.432132,138.575122,104,104,697972,1579652,36388,37180,6,3,1a9bce6d192bfd25a28e2c84d72fdfdd3033943e39ef766e8d70c245c9d2b7e5,True,140.0,50.0,70.0,273900,12168,1419064,11.763113,22.459732,19.06,35.983,5.908
MICROBENCHMARK,DEPLOYED,39,39,101,53717,7.469887,29.68009,27.859741,8.231951,0.018981,73.371343,62.565674,0.581891,136.547323,104,104,697972,1579652,36388,37180,6,3,90656d46481349409731a331468dca8e40cc0c29ea60051022d8aa815287a70e,True,140.0,40.0,60.0,278552,12168,1419064,7.115314,22.027742,13.443,43.359,5.255
MICROBENCHMARK,DEPLOYED,40,40,101,53717,8.323985,21.127229,25.959051,5.073396,0.011686,60.653441,56.778224,0.212626,117.659341,104,104,697972,1579652,36388,37180,6,3,f6871e3a812f20cbba451ceeef8fb8179fb6d4de6cd2002750adcd3ef7dae308,True,150.0,30.0,60.0,282648,12168,1419064,6.998712,19.741097,13.219,37.56,5.693
MICROBENCHMARK,DEPLOYED,41,41,101,53717,10.373121,13.251809,26.297074,13.990631,0.049261,64.258249,84.620742,0.22944,149.170084,104,104,697972,1579652,36388,37180,6,3,c0f8997abd88b1cf35dc98112af02dbdec392ab2924b733933eadbd504cdb2d5,True,130.0,30.0,80.0,288436,12168,1419064,9.162602,20.020369,15.501,63.412,5.057
MICROBENCHMARK,DEPLOYED,42,42,101,53717,8.7647,19.876374,26.234397,5.184985,0.0123,60.174014,56.776785,0.204406,117.169955,104,104,697972,1579652,36388,37180,6,3,168ec257cc2c4d660f3c58bb24c370ca42e246c568cd2f09fc2025a277f6e4bb,True,130.0,30.0,60.0,289940,12168,1419064,7.578148,19.741227,13.844,37.573,5.066
MICROBENCHMARK,DEPLOYED,43,43,101,53717,14.60605,13.230526,26.20736,5.036371,0.009883,59.168011,56.118832,0.200657,115.499931,104,104,697972,1579652,36388,37180,6,3,28efe145b2f48901538a3cf70c147ec58e65ce3237bac76c561bc9b2a2acc9f8,True,140.0,20.0,60.0,292556,12168,1419064,14.209968,19.823675,13.408,37.377,5.037
MICROBENCHMARK,DEPLOYED,44,44,101,53717,9.300367,13.971172,26.225829,13.148002,0.031027,62.848739,61.011952,0.227499,124.126106,104,104,697972,1579652,36388,37180,6,3,075c6f9b0cb868030aac24c6a9174eff491d5db3bfe5c5b1fcd9c082e00b8b9e,True,140.0,30.0,60.0,296568,12168,1419064,8.614665,19.727389,13.335,42.153,5.045
MICROBENCHMARK,DEPLOYED,45,45,101,53717,14.150381,13.42968,25.602705,5.034362,0.012187,58.323941,64.374161,0.422886,123.137401,104,104,697972,1579652,36388,37180,6,3,ea3a14f3edfb993701b7e2d4f819cf8c022e5c77dc5a7a07077e0075642ed903,True,140.0,30.0,70.0,307388,12168,1419064,13.656447,19.912553,13.55,45.239,5.211
MICROBENCHMARK,DEPLOYED,46,46,101,53717,8.21207,33.356178,26.902899,5.013992,0.010887,73.607815,60.659781,0.212614,134.494944,104,104,697972,1579652,36388,37180,6,3,3205f2486109e30434f0027af514c356bf643d39a0750f7eb388155a462763f9,True,140.0,50.0,70.0,307388,12168,1419064,7.457508,19.434189,17.121,38.028,5.187
MICROBENCHMARK,DEPLOYED,47,47,101,53717,9.104911,34.666712,34.062849,13.134152,0.021973,91.130962,56.754868,0.233225,148.148051,104,104,697972,1579652,36388,37180,6,3,ea5452aae66fa57bbdc12f2525d1dc5187d4b5188ae8e90ae7e663d891c7eb3b,True,140.0,50.0,50.0,309784,12168,1419064,7.624515,20.276313,13.365,37.781,5.08
MICROBENCHMARK,DEPLOYED,48,48,101,53717,8.295645,13.339282,41.95627,4.98529,0.012325,68.696001,59.538708,0.220704,128.47139,104,104,697972,1579652,36388,37180,6,3,c78f949d0c782a8fd72b0b8a32c1cef28a403cf7dd9723d0d255fd7418876db7,True,160.0,30.0,60.0,311704,12192,1419064,7.078787,27.750605,13.918,40.108,5.198
MICROBENCHMARK,DEPLOYED,49,49,101,53717,9.201978,13.301323,27.636893,5.116133,0.010551,55.350578,56.742768,0.205445,112.312288,104,104,697972,1579652,36388,37180,6,3,990618ac2a45f9ecd39cd49dc12e6f66243de3f8876091453870599e5f5945ca,True,130.0,20.0,60.0,311704,12192,1419064,7.927601,19.574903,13.699,37.645,5.108
MICROBENCHMARK,DEPLOYED,50,50,101,53717,7.392119,13.319927,29.536753,4.967734,0.010201,55.309291,56.617386,0.204991,112.144297,104,104,697972,1579652,36388,37180,6,3,768d2ab70a1ac7396e611f021352b727dd47a13acad0086031f1c21cc911a98b,True,150.0,20.0,60.0,311704,12192,1419064,7.042153,24.022971,13.7,37.526,5.101
MICROBENCHMARK,DEPLOYED,51,51,101,53717,8.612864,13.218041,25.188072,5.094463,0.00865,52.194032,62.987486,0.206637,115.399726,104,104,697972,1579652,36388,37180,6,3,c86779ccd54a9f3cfb58d9078aff6e0e04fc5a31de59947ce213bd84a64eb2f3,True,130.0,20.0,60.0,313368,12192,1419064,7.632654,19.671032,13.568,41.698,7.431
MICROBENCHMARK,DEPLOYED,52,52,101,53717,7.867432,13.322014,26.357617,5.027507,0.007625,52.647096,60.087427,0.175614,112.919445,104,104,697972,1579652,36388,37180,6,3,c8132080033aa86c3e213b6e8361f1dbb6d319a83302fc05aa52d7a0ea3a3b38,True,130.0,30.0,60.0,314060,12224,1419064,6.795983,20.68097,16.009,38.746,5.089
MICROBENCHMARK,DEPLOYED,53,53,101,53717,8.411157,13.190713,25.419564,5.090213,0.03058,52.299122,56.66249,0.204115,109.203817,104,104,697972,1579652,36388,37180,6,3,9eb93cdfb89a4a1459f2929f2a3b9e16fcd090ddb0c1ea43338b1db861ccd9c0,True,140.0,20.0,60.0,315268,12224,1419064,7.605754,19.68265,13.69,37.481,5.063
MICROBENCHMARK,DEPLOYED,54,54,101,53717,7.726811,13.659266,24.914606,5.112767,0.011417,51.522564,55.965741,0.203416,107.705913,104,104,697972,1579652,36388,37180,6,3,742ff73dd714217d3c6bc9bec091ccff47dc4cc89732894b965cbe5591a1ad7e,True,130.0,30.0,60.0,315564,12224,1419064,7.072776,20.260409,13.365,37.181,5.116
MICROBENCHMARK,DEPLOYED,55,55,101,53717,10.216798,13.287035,25.276692,5.101764,0.010521,53.972764,60.921219,0.21107,115.119239,104,104,697972,1579652,36388,37180,6,3,29fc434afe74da03ff17060750b3afac72881770c73f04e8010f96a4d278550e,True,150.0,20.0,60.0,316432,12224,1419064,9.616199,19.621728,17.06,38.298,5.268
MICROBENCHMARK,DEPLOYED,56,56,101,53717,8.469721,13.394846,31.442518,5.041957,0.008911,58.435884,61.7876,0.180956,120.415416,104,104,697972,1579652,36388,37180,6,3,23749422dfb7dc45ba067a036e1567fb7281c61c61b80893531e41067436893e,True,140.0,20.0,60.0,319056,12224,1419064,7.679892,25.261298,13.909,42.492,5.117
MICROBENCHMARK,DEPLOYED,57,57,101,53717,8.61528,33.180675,25.58867,5.093835,0.006545,72.544433,58.544297,0.168409,131.26551,104,104,697972,1579652,36388,37180,6,3,464995197252dd1db249e339140e2a12bb9026ac0979b5377a14dcc80b51231c,True,120.0,40.0,60.0,319056,12224,1419064,7.589498,19.88248,13.538,39.656,5.055
MICROBENCHMARK,DEPLOYED,58,58,101,53717,8.721654,13.394931,29.516186,5.030768,0.007803,56.750354,56.201585,0.178594,113.140209,104,104,697972,1579652,36388,37180,6,3,82ce95ac6d7c46339bda6765c88ff12a7a0573c8a975e2dac8e8e0428528ffab,True,140.0,30.0,50.0,319056,12224,1419064,7.458221,21.836319,13.498,37.374,5.051
MICROBENCHMARK,DEPLOYED,59,59,101,53717,9.351482,31.367468,29.06215,5.082981,0.008326,74.947154,56.267393,0.493278,131.720385,104,104,697972,1579652,36388,37180,6,3,d2476daa798fe8d6828077a7c464bfe0de1b1aecc72ef98f387780c911ce9a9b,True,130.0,40.0,60.0,322116,12224,1419064,8.31217,21.937803,13.253,37.574,5.055
MICROBENCHMARK,DEPLOYED,60,60,101,53717,12.096627,21.331089,29.476276,7.747713,0.010358,70.784681,62.874029,0.50695,134.181326,104,104,697972,1579652,36388,37180,6,3,c3b95ff1ff112ad25e997b2d63ef33c92ea6c433ae7a1672ccbe6fb1c08c7128,True,130.0,20.0,60.0,324524,12292,1419064,11.36058,21.600366,16.04,41.223,5.233
MICROBENCHMARK,DEPLOYED,61,61,101,53717,10.604373,27.118376,29.46185,5.130677,0.009768,72.430954,67.21925,0.210221,139.873668,104,104,697972,1579652,36388,37180,6,3,498993c6ac6bd3bfd707d521a94393b7b6a5f76793b39058e33dffa8ae4098d2,True,140.0,40.0,70.0,324924,12300,1419064,10.057635,22.639588,16.949,44.497,5.423
MICROBENCHMARK,DEPLOYED,62,62,101,53717,8.875124,13.500002,25.073071,5.343653,0.009388,52.883289,56.806385,0.206899,109.90858,104,104,697972,1579652,36388,37180,6,3,6005851d30b9c9e08278d9b39d02db4710da5f6b00fd2ef2974ee79c9c7c9bb0,True,130.0,30.0,60.0,329080,12300,1419064,7.752277,19.788657,14.265,36.994,5.226
MICROBENCHMARK,DEPLOYED,63,63,101,53717,7.649095,13.351992,25.737971,5.231843,0.009428,52.05005,95.706981,0.208844,147.978089,104,104,697972,1579652,36388,37180,6,3,e10537ecb2d192087141ab6c3286b31b086b4e04e7994e1e1da6bc71b431be37,True,140.0,10.0,90.0,330900,12300,1419064,7.184335,20.646954,44.92,36.766,13.685
MICROBENCHMARK,DEPLOYED,64,64,101,53717,8.343466,13.376966,24.872719,5.329322,0.00831,52.002028,61.325992,0.197238,113.536071,104,104,697972,1579652,36388,37180,6,3,bb159ac2d47912ee16e53c826b30dd8d589c4d82ad50891b6e0274d0a16b68e7,True,130.0,30.0,70.0,335880,12300,1419064,7.159032,19.463244,13.092,42.752,5.173
MICROBENCHMARK,DEPLOYED,65,65,101,53717,8.424601,15.289586,25.5012,5.181036,0.009426,54.491169,93.425156,0.220003,148.149215,104,104,697972,1579652,36388,37180,6,3,1ebd4a661e6f366ba2c10f5f99a2e64b921a5380313c05d4b1bbb9e2987d710e,True,130.0,20.0,90.0,336856,12300,1419064,7.129727,19.555372,13.044,74.856,5.19
MICROBENCHMARK,DEPLOYED,66,66,101,53717,7.596798,34.211586,26.798317,8.715839,0.030798,77.525181,118.140596,0.579284,196.284225,104,104,697972,1579652,36388,37180,6,3,81ce646b42a688995b985dcae51ce28eac640d5816e88feddb1a96a42eae3440,True,130.0,60.0,120.0,337944,12300,1419064,6.848763,19.173101,42.836,69.795,4.606
MICROBENCHMARK,DEPLOYED,67,67,101,53717,8.565154,33.030127,29.647569,8.892958,0.024121,80.337016,51.957857,0.508601,132.832499,104,104,697972,1579652,36388,37180,6,3,d522883f21e6abf8b193e2379b2b33212ebd54b173efadba54f5657fabe93e6b,True,140.0,40.0,50.0,340420,12300,1419064,7.301367,24.172206,13.766,34.029,3.754
MICROBENCHMARK,DEPLOYED,68,68,101,53717,8.390928,32.823174,29.15811,12.108322,0.026126,82.656017,51.84925,0.531332,135.068037,104,104,697972,1579652,36388,37180,6,3,770fa1a6d996d4382846960d617f0ea93fbf4fe2c1bc78090301fb843b2b7dbf,True,140.0,50.0,50.0,344392,12300,1419064,7.311532,23.241325,13.736,33.75,3.96
MICROBENCHMARK,DEPLOYED,69,69,101,53717,8.667849,32.587186,26.047698,7.824534,0.017401,75.260714,61.887151,0.503302,137.674288,104,104,697972,1579652,36388,37180,6,3,dace7b1dd8301aa0bc811ececdd515443c939053dac9b73e24cabb99e2af435f,True,130.0,50.0,70.0,349556,12300,1419064,7.879674,19.426937,13.723,44.062,3.732
MICROBENCHMARK,DEPLOYED,70,70,101,53717,8.228673,30.52543,30.062891,9.767948,0.021757,78.740038,61.309466,0.434203,140.524245,104,104,697972,1579652,36388,37180,6,3,740335eb188fb5a57bed262ee7901629a0f46479985feb24142bec97605ad1d7,True,140.0,40.0,50.0,356948,12316,1419064,7.269802,23.010659,14.355,33.775,12.772
MICROBENCHMARK,DEPLOYED,71,71,101,53717,9.038639,29.355275,29.563863,7.85779,0.020819,75.956795,56.313936,0.35306,132.649602,104,104,697972,1579652,36388,37180,6,3,0dbafc4713a429726c514d1245111b8195fd0e7ff55ddbe50d180543762a3399,True,140.0,40.0,70.0,363076,12324,1419064,7.641331,23.732081,18.377,33.686,3.924
MICROBENCHMARK,DEPLOYED,72,72,101,53717,14.8921,16.894611,26.581349,10.427366,0.023722,68.960875,56.754388,0.526329,126.271072,104,104,697972,1579652,36388,37180,6,3,e61fcde2fd3df391ddf5b2e8e6ee5ac5655cc5fccfb6a84b9c2ae9e788561378,True,240.0,40.0,50.0,367696,12332,1419064,13.489429,20.052424,16.185,35.937,4.207
MICROBENCHMARK,DEPLOYED,73,73,101,53717,9.200033,29.64503,26.490197,8.216138,0.023957,73.71423,58.685618,0.53365,132.962948,104,104,697972,1579652,36388,37180,6,3,007aebd5fe065893e1c0448a8757d9ff611d75a5a4eb11c353043e0826951042,True,130.0,40.0,60.0,367696,12332,1419064,7.746205,20.470792,19.541,34.795,3.933
MICROBENCHMARK,DEPLOYED,74,74,101,53717,8.150768,24.598411,25.854593,7.88376,0.022334,66.652326,61.427748,0.48905,128.596615,104,104,697972,1579652,36388,37180,6,3,a65a94b6c7374311c8c94c7084ff64f9392ca87162e35b51928d57858f422d20,True,130.0,40.0,60.0,371124,12332,1419064,7.093776,19.550209,14.138,43.178,3.741
MICROBENCHMARK,DEPLOYED,75,75,101,53717,8.610343,27.61411,27.269305,7.842271,0.021016,71.487857,60.459863,0.507841,132.481531,104,104,697972,1579652,36388,37180,6,3,45bb231e3f5aecc005f5ef935ff9df77393e40241fdae98686b43fcce79ef6a7,True,120.0,40.0,70.0,373188,12332,1419064,7.24045,21.571652,14.068,42.086,3.912
MICROBENCHMARK,DEPLOYED,76,76,101,53717,8.833623,29.739962,31.172207,11.041015,0.02117,80.964226,60.32612,0.535756,141.853662,104,104,697972,1579652,36388,37180,6,3,7179793bd481b19728218e9ab3105cef7abf6814fa759ad4fb7d7df02e588306,True,140.0,40.0,60.0,373272,12332,1419064,7.882934,25.487099,21.919,34.069,3.947
MICROBENCHMARK,DEPLOYED,77,77,101,53717,8.312753,29.98283,26.897856,11.282409,0.012895,76.61416,61.771809,0.465514,138.868869,104,104,697972,1579652,36388,37180,6,3,3072f933b054ecc4d7f4cf116762ce53731b66a8c6f52ac9e89db76350b824d3,True,140.0,50.0,60.0,377884,12332,1419064,7.46332,20.540027,23.592,33.926,3.952
MICROBENCHMARK,DEPLOYED,78,78,101,53717,8.312589,30.729842,27.136107,7.876061,0.022698,74.230872,59.602851,0.460525,134.323533,104,104,697972,1579652,36388,37180,6,3,d7232cdd8eb27303c34d31d12b379afa0f74d69b336c57109b4eb282e8e7273e,True,130.0,40.0,60.0,381960,12332,1419064,7.792878,21.448243,13.805,41.412,3.962
MICROBENCHMARK,DEPLOYED,79,79,101,53717,14.413042,31.369864,26.729315,8.268954,0.022686,80.943765,51.509649,0.398354,132.879721,104,104,697972,1579652,36388,37180,6,3,a43dcd5d961fd2cd304a530ddbcbf68da6eb42fd4502ebcf822bb4a8fcbdb556,True,140.0,60.0,50.0,381960,12332,1419064,13.072274,19.737543,13.903,33.554,3.705
MICROBENCHMARK,DEPLOYED,80,80,101,53717,11.794287,31.618696,26.281051,7.858281,0.024514,77.707157,52.21181,0.470077,130.418423,104,104,697972,1579652,36388,37180,6,3,7162e6efb7e31211dfd820f19edb55e951ee42d4d3e9928d33544ef98d3ae581,True,140.0,40.0,50.0,384268,12332,1419064,11.253345,19.665378,14.024,34.006,3.813
MICROBENCHMARK,DEPLOYED,81,81,101,53717,8.970915,28.685449,26.721263,9.700436,0.028973,74.268275,76.974622,0.565851,151.845806,104,104,697972,1579652,36388,37180,6,3,665fa5c6cca6b8681c8c8fcd5e47f3e5b9b3e9b14a666e6640f77c8abd3d5633,True,130.0,40.0,80.0,387932,12332,1419064,7.970443,20.023646,14.706,57.693,4.09
MICROBENCHMARK,DEPLOYED,82,82,101,53717,8.601685,33.784437,26.290113,4.942456,0.023686,73.797798,60.582427,0.518989,134.929305,104,104,697972,1579652,36388,37180,6,3,a9cfad453c56a5fc3fefd2a6f1bc698aad0c842a51729432c48908617e3d4a7e,True,140.0,50.0,70.0,388928,12332,1419064,7.314984,20.506155,14.352,41.982,3.831
MICROBENCHMARK,DEPLOYED,83,83,101,53717,17.10534,17.186819,27.377659,10.47225,0.023881,72.323191,54.566472,0.515466,127.435905,104,104,697972,1579652,36388,37180,6,3,01638cc387952464a3d43b5b9808a4982f84c1f58a994bdc2e8e510124ed57d3,True,160.0,30.0,50.0,388928,12332,1419064,16.657198,20.304312,16.001,34.104,4.05
MICROBENCHMARK,DEPLOYED,84,84,101,53717,14.248697,31.038933,26.944941,8.77354,0.023293,81.156746,52.022212,0.487495,133.695683,104,104,697972,1579652,36388,37180,6,3,9d7fed1c4e69be7b161c3f22b8a237b6149df6fd3c3acb1afa4b0fd4439e79f0,True,160.0,40.0,50.0,388928,12332,1419064,13.600847,20.133091,14.089,33.777,3.773
MICROBENCHMARK,DEPLOYED,85,85,101,53717,13.260504,35.21289,25.720976,4.900721,0.025298,79.260543,52.467298,0.499551,132.259477,104,104,697972,1579652,36388,37180,6,3,3df3f5c695dae6f23e84955a52a661e3baabae7d3f16cf508810a86b845bd8e0,True,130.0,40.0,50.0,389776,12332,1419064,12.555826,19.950904,13.987,34.11,3.978
MICROBENCHMARK,DEPLOYED,86,86,101,53717,8.396629,30.500984,25.975157,7.789588,0.020281,72.804546,56.605054,0.699398,130.134649,104,104,697972,1579652,36388,37180,6,3,04d30b24736625efb4ecfccd2cc86a1f914665631e0b758ea14170371b5e4762,True,140.0,50.0,60.0,396304,12332,1419064,7.299002,19.24517,13.988,34.61,7.094
MICROBENCHMARK,DEPLOYED,87,87,101,53717,8.517822,30.454751,26.030939,7.773102,0.01993,73.120959,52.391749,0.475977,126.015002,104,104,697972,1579652,36388,37180,6,3,c6c2f237197f2582e4fbeacb44e4bf09c479e9f3fc22fc012b788f4e2ff6709c,True,130.0,50.0,50.0,400436,12332,1419064,7.521252,19.168534,13.939,34.083,3.984
MICROBENCHMARK,DEPLOYED,88,88,101,53717,7.972334,29.537759,30.511475,7.885602,0.008331,76.008678,51.861241,0.502086,128.385514,104,104,697972,1579652,36388,37180,6,3,0c2e926baaec577215bf9eb756261a3d33cb9cdd445ecb59a4bca3fd4ccc246a,True,140.0,40.0,50.0,402300,12332,1419064,7.228192,24.549816,13.949,33.825,3.755
MICROBENCHMARK,DEPLOYED,89,89,101,53717,7.984309,29.697047,26.025041,7.790979,0.022374,71.652836,61.931779,0.51477,134.128144,104,104,697972,1579652,36388,37180,6,3,942e946be996e1d6ed2b7b471135450389919099261b917203a544b76eb55074,True,130.0,40.0,60.0,404336,12332,1419064,7.187356,19.233195,13.961,34.45,13.141
MICROBENCHMARK,DEPLOYED,90,90,101,53717,8.164641,30.493957,28.575826,7.789876,0.021905,75.170241,52.463428,0.472813,128.133847,104,104,697972,1579652,36388,37180,6,3,ca6f7965f6afc25ed152164cbd20e3c5dc7a56d22235c6a2a19c55675ba804db,True,150.0,50.0,60.0,407288,12332,1419064,7.544167,22.046731,14.137,34.06,3.873
MICROBENCHMARK,DEPLOYED,91,91,101,53717,15.641699,29.687235,26.216693,12.820351,0.020986,84.503775,53.006709,0.466905,138.003804,104,104,697972,1579652,36388,37180,6,3,989fae3dee9a2774e4f93466264cbf7143503a27d0b4583db71a33175abfe00b,True,150.0,50.0,50.0,410388,12332,1419064,14.418717,19.744281,13.958,34.692,4.009
MICROBENCHMARK,DEPLOYED,92,92,101,53717,8.325941,24.65234,26.028598,8.281139,0.018479,67.411184,56.248244,0.417653,124.100196,104,104,697972,1579652,36388,37180,6,3,ac0dff23638747fafe94172f4e27a99947cd0bcd1bc99ac58a1aadf664fe1b1a,True,130.0,30.0,50.0,410388,12332,1419064,7.60458,19.931849,17.553,34.374,4.004
MICROBENCHMARK,DEPLOYED,93,93,101,53717,8.517728,27.761583,33.705994,7.816995,0.019533,77.950144,54.120457,0.46093,132.55667,104,104,697972,1579652,36388,37180,6,3,fe3c3ff07de2a3db1bd8b1589dbdac31a961b7da760d75e17be0b0433cb63d15,True,150.0,50.0,70.0,410568,12332,1419064,7.342579,26.746899,14.485,35.265,3.982
MICROBENCHMARK,DEPLOYED,94,94,101,53717,7.935488,30.967416,31.91702,7.89549,0.021329,78.866895,54.695978,0.45095,134.040879,104,104,697972,1579652,36388,37180,6,3,b5d79779f10fa68e6dd3459dda0a7021836b854faa00cfd0a2b168fcf9aadaf0,True,150.0,40.0,50.0,410568,12332,1419064,7.198915,25.922728,16.327,34.283,3.718
MICROBENCHMARK,DEPLOYED,95,95,101,53717,10.997934,28.732497,32.309296,7.850478,0.01686,80.017271,62.73046,0.431333,143.202259,104,104,697972,1579652,36388,37180,6,3,25123b94eaa3614c1734df0c87e03e7eb9722cf4668501c61b65b235f42e20d0,True,150.0,40.0,60.0,411332,12332,1419064,10.004259,23.355316,13.995,44.55,3.862
MICROBENCHMARK,DEPLOYED,96,96,101,53717,8.52801,30.82882,26.448776,8.693574,0.013838,74.657565,58.90397,0.266954,133.846027,104,104,697972,1579652,36388,37180,6,3,025c0ffefdf3efa224523bf67bb92f3b537ef9461c147a53a2b2237a3a70137f,True,140.0,50.0,60.0,413052,12332,1419064,7.552887,19.90239,13.384,39.802,5.327
MICROBENCHMARK,DEPLOYED,97,97,101,53717,8.108241,31.463162,27.373968,4.939454,0.011847,72.002692,55.449815,0.20812,127.675013,104,104,697972,1579652,36388,37180,6,3,f2ac73915d9916b9c4c7ca01c776c3fd6fe3b17fc89df73620ba9ae46ec9b338,True,140.0,40.0,60.0,413912,12332,1419064,7.380551,20.678523,12.515,37.451,5.175
MICROBENCHMARK,DEPLOYED,98,98,101,53717,7.993166,31.768321,33.394066,4.962286,0.009681,78.221183,54.525625,0.209432,132.968774,104,104,697972,1579652,36388,37180,6,3,c8ede605058fa88cddd28fa04483ace9edf8525bc8ca76acdb1d628d07f6445b,True,180.0,50.0,50.0,420668,12332,1419064,7.099656,27.678443,12.491,36.651,5.054
MICROBENCHMARK,DEPLOYED,99,99,101,53717,8.220003,13.112223,32.841432,4.97462,0.008525,59.228218,56.290441,0.290259,115.821166,104,104,697972,1579652,36388,37180,6,3,56314b952ffee1d179118ebe824a809f41cd3008eec366efc21728aade4b5d36,True,140.0,20.0,60.0,420668,12332,1419064,7.807205,26.630706,12.73,37.637,5.563
MICROBENCHMARK,DEPLOYED,100,100,101,53717,12.66742,13.217486,27.357851,4.930623,0.011175,58.340275,61.302348,0.213568,119.87084,104,104,697972,1579652,36388,37180,6,3,4cc31bd5e010eba2387ccdbf60f944243007a882d6d70c86559adbdfede4edc6,True,160.0,20.0,60.0,424908,12332,1419064,10.767132,22.042598,12.695,43.198,5.071
MICROBENCHMARK,UNPROVISIONED,1,101,1000101,100000,8.450358,28.823093,43.601515,4.980772,0.001375,85.959953,58.855679,0.0,144.819844,104,104,697972,1579652,36388,37180,6,3,131bfce6211643ba9cef81106152a134eb68f0e5f8aa50d99e51407f4568958d,True,150.0,40.0,60.0,432456,12332,1419064,7.483034,26.737341,16.712,36.702,5.086
MICROBENCHMARK,UNPROVISIONED,2,102,1000101,100000,8.712688,31.802271,27.385094,14.921414,0.002662,83.081595,91.131509,0.0,174.224929,104,104,697972,1579652,36388,37180,6,3,17fb51eb216651a406f7425b99e689c010ef7134f6092454acbbd0027fcaee77,True,140.0,50.0,100.0,435864,12332,1419064,7.332343,20.182944,45.214,39.901,5.066
MICROBENCHMARK,UNPROVISIONED,3,103,1000101,100000,10.163725,36.011226,28.293549,7.908961,0.00155,82.577969,54.870647,0.0,137.455891,104,104,697972,1579652,36388,37180,6,3,91e8708633771c74efb316ac02a5e9113c00932c4b8069f9674460eaac40a876,True,140.0,50.0,50.0,439936,12332,1419064,9.125477,20.533205,16.034,34.045,4.28
MICROBENCHMARK,UNPROVISIONED,4,104,1000101,100000,7.661001,29.577049,26.626796,7.79446,0.001229,71.809254,63.333552,0.0,135.14711,104,104,697972,1579652,36388,37180,6,3,305ff3259a1188b5e763bb71d3aa84b29d824d93febe6b107ab6e049412a8d69,True,130.0,50.0,60.0,440012,12332,1419064,7.10734,19.93452,23.552,34.825,4.569
MICROBENCHMARK,UNPROVISIONED,5,105,1000101,100000,10.292234,29.520815,30.876299,7.804734,0.000392,78.586287,64.161144,0.0,142.749013,104,104,697972,1579652,36388,37180,6,3,1e3dbd406206678350c07f40412d7b87d9ce78f42b24dcbc229432df84c6b7c5,True,130.0,40.0,70.0,440012,12332,1419064,9.547722,21.998418,16.001,43.469,4.361
MICROBENCHMARK,UNPROVISIONED,6,106,1000101,100000,8.050538,20.946428,34.022669,7.494902,0.000431,70.597417,57.92837,0.0,128.528895,104,104,697972,1579652,36388,37180,6,3,88d454e435f385b576598822ca685fde862fb10e30fb41aa1f07201a9ef66dec,True,150.0,30.0,50.0,440012,12332,1419064,7.32815,25.946377,16.831,36.226,4.466
MICROBENCHMARK,UNPROVISIONED,7,107,1000101,100000,7.603906,19.90297,33.218929,5.081808,0.000783,65.963528,60.554673,0.0,126.524141,104,104,697972,1579652,36388,37180,6,3,5f87282a8aafb202cb1633246ad37940a03cd39a2524033984c9f4c4b3c0bcfc,True,160.0,30.0,70.0,440904,12332,1419064,6.958303,24.762183,17.348,36.459,4.419
MICROBENCHMARK,UNPROVISIONED,8,108,1000101,100000,8.164439,26.242276,32.828737,8.515144,0.006615,76.7618,69.364217,0.0,146.158768,104,104,697972,1579652,36388,37180,6,3,97853ed5ebb3c698a9f850360f8a52b08d1ba4ecef08dcfb50bca88ba1928114,True,130.0,50.0,60.0,445496,12332,1419064,7.661851,26.148247,17.587,38.197,12.277
MICROBENCHMARK,UNPROVISIONED,9,109,1000101,100000,7.657095,13.336451,26.37178,4.967415,0.001425,52.50212,73.398411,0.0,125.90842,104,104,697972,1579652,36388,37180,6,3,06d8593fd0a67c2da579cbd85b12fcfc32b327af88ff8af92397687a4fd53cb2,True,150.0,20.0,90.0,445568,12332,1419064,7.228495,20.37272,31.29,36.713,4.808
MICROBENCHMARK,UNPROVISIONED,10,110,1000101,100000,8.750389,13.363836,25.60711,10.888714,0.000915,58.790588,56.39452,0.0,115.189509,104,104,697972,1579652,36388,37180,6,3,eabad48866540f5673750894f22820c054183f7a101f36e7c04c850ff20d1209,True,170.0,30.0,50.0,450556,12332,1419064,7.582216,19.694754,16.149,35.39,4.424
MICROBENCHMARK,UNPROVISIONED,11,111,1000101,100000,8.75027,21.074476,26.751448,7.508236,0.000998,64.221012,111.271882,0.0,175.497835,104,104,697972,1579652,36388,37180,6,3,2ac4bdf069830df1487484eadc13eb7366f54138647722b44113da67327e0a1e,True,130.0,30.0,120.0,452880,12332,1419064,7.452141,21.181739,17.902,88.72,4.199
MICROBENCHMARK,UNPROVISIONED,12,112,1000101,100000,9.073491,26.859081,25.653829,9.249593,0.00072,70.975194,65.221081,0.0,136.200513,104,104,697972,1579652,36388,37180,6,3,b01d3995195c169f663a12b470ee05f7f2b2640fa2e49f3e440ee1012d713ea9,True,130.0,40.0,60.0,454704,12332,1419064,7.676622,20.399231,15.582,44.943,4.277
MICROBENCHMARK,UNPROVISIONED,13,113,1000101,100000,8.717292,29.784564,26.718721,7.828582,0.000768,73.176669,175.094426,0.0,248.276339,104,104,697972,1579652,36388,37180,6,3,cbb492744c775e8e5340aa6af805808c08b51f3f98a1aa977a64458b07d7b560,True,140.0,30.0,170.0,454704,12332,1419064,7.757721,20.447208,19.371,150.423,4.849
MICROBENCHMARK,UNPROVISIONED,14,114,1000101,100000,8.22164,32.051792,26.967718,12.55464,0.000748,79.980548,56.332421,0.0,136.3176,104,104,697972,1579652,36388,37180,6,3,af218eaf7a639d368d3006a0f89daf13ec9841b6dcbf2a9f27058fc3456e93a4,True,130.0,60.0,60.0,454704,12332,1419064,7.579327,20.01319,19.883,31.127,4.85
MICROBENCHMARK,UNPROVISIONED,15,115,1000101,100000,7.944845,31.953541,26.875951,4.932176,0.001018,71.846801,51.278776,0.0,123.129783,104,104,697972,1579652,36388,37180,6,3,2c4fcdd3e1716aed706fa63248bdfaca4677c12c221bafa4402a74c833efa76e,True,140.0,40.0,50.0,454704,12332,1419064,7.476404,20.594023,16.012,30.487,4.375
MICROBENCHMARK,UNPROVISIONED,16,116,1000101,100000,9.231561,31.297952,31.034092,7.447106,0.001215,79.166097,64.915587,0.0,144.087342,104,104,697972,1579652,36388,37180,6,3,ce61d16cf304d7fb891a84666b9bbc23eb4883e49bfe3d9e08a3b09e62b4bfe0,True,140.0,50.0,60.0,454704,12332,1419064,7.897877,24.945121,22.052,30.849,11.549
MICROBENCHMARK,UNPROVISIONED,17,117,1000101,100000,16.451089,31.153459,39.27132,7.832871,0.000758,94.911063,61.194965,0.0,156.114346,104,104,697972,1579652,36388,37180,6,3,c8b21678e0339a96dac7d74bbad4a68a90a8b80af6c2dd8d6c8b75589a1f4352,True,150.0,40.0,70.0,454704,12332,1419064,15.740529,28.5652,16.064,40.344,4.204
MICROBENCHMARK,UNPROVISIONED,18,118,1000101,100000,13.142493,19.705133,25.598253,5.213311,0.001192,63.872057,62.945443,0.0,126.825767,104,104,697972,1579652,36388,37180,6,3,345c609b0f85874c78344686db21ded702af1c79155adc6e0014b35c6f22558d,True,140.0,30.0,70.0,455344,12332,1419064,12.149671,21.219125,28.766,29.525,4.104
MICROBENCHMARK,UNPROVISIONED,19,119,1000101,100000,8.480469,13.222043,32.660411,8.021972,0.000806,62.588304,49.813579,0.0,112.408158,104,104,697972,1579652,36388,37180,6,3,5df65426b02ab45b20ed63d809eb8517a09be9bcf5a83e67811fb16406007164,True,160.0,30.0,50.0,455344,12332,1419064,7.448348,26.935563,16.071,29.467,3.829
MICROBENCHMARK,UNPROVISIONED,20,120,1000101,100000,8.034712,27.966417,26.307692,4.904175,0.000928,67.375975,56.009565,0.0,123.390808,104,104,697972,1579652,36388,37180,6,3,96e9ce61b4a8b995965695248d23264b2ce4cde49e9f8a7ce01b9add3f14739c,True,140.0,30.0,50.0,455344,12332,1419064,7.073018,20.643014,20.296,31.243,4.046
MICROBENCHMARK,UNPROVISIONED,21,121,1000101,100000,9.355565,30.881964,26.597898,5.150736,0.001425,72.14764,64.136143,0.0,136.289778,104,104,697972,1579652,36388,37180,6,3,a5adc466c51ab53a2b8ef39ff5e200653d191afaa2e041a044e7c1e36ce97e33,True,130.0,50.0,60.0,458692,12332,1419064,7.9783,20.500853,21.456,38.454,3.792
MICROBENCHMARK,UNPROVISIONED,22,122,1000101,100000,8.575841,30.922935,33.536981,11.376665,0.000978,84.596413,49.632124,0.0,134.234303,104,104,697972,1579652,36388,37180,6,3,fa86e2ac85e81e9ce6230d81f23637790dabe7d36e09cc5a7fe19bf8d4deca28,True,160.0,40.0,50.0,459660,12332,1419064,7.435572,28.595202,15.024,30.244,3.934
MICROBENCHMARK,UNPROVISIONED,23,123,1000101,100000,9.952335,25.156593,32.096374,5.023441,0.000774,72.379425,92.204372,0.0,164.587092,104,104,697972,1579652,36388,37180,6,3,a37551c43054deacf20f01d0ded6cd50d8ac62da7e20cc8118d5a400ea0de3e8,True,140.0,50.0,100.0,459660,12332,1419064,9.345764,19.380875,41.365,35.032,15.201
MICROBENCHMARK,UNPROVISIONED,24,124,1000101,100000,8.448712,25.771307,26.996322,13.373496,0.002271,76.000455,53.705399,0.0,129.718766,104,104,697972,1579652,36388,37180,6,3,c4f110f6418e07e508f4d7df65727954691ed80a1912ba5c52cc48e1e2a2802a,True,130.0,40.0,50.0,459660,12332,1419064,7.880102,21.095354,18.523,30.11,3.875
MICROBENCHMARK,UNPROVISIONED,25,125,1000101,100000,12.526574,24.496676,25.068955,4.962785,0.000792,67.191844,60.777776,0.0,127.974596,104,104,697972,1579652,36388,37180,6,3,4d5b94f2e59382a862a30410840f9df707b7994d4d9c5732626751548c93b829,True,150.0,40.0,60.0,459660,12332,1419064,11.921575,20.267936,15.692,40.541,4.125
MICROBENCHMARK,UNPROVISIONED,26,126,1000101,100000,8.776992,24.264492,33.015417,10.141106,0.000545,76.319968,55.224409,0.0,131.548228,104,104,697972,1579652,36388,37180,6,3,333119922e59c49f14997395d7944deeeec4416c86ed9edd5f8dc37955e40c86,True,160.0,50.0,50.0,459660,12332,1419064,7.39405,26.432427,17.714,32.988,4.114
MICROBENCHMARK,UNPROVISIONED,27,127,1000101,100000,7.757317,27.206,28.829486,7.478394,0.000936,71.42352,50.184054,0.0,121.612028,104,104,697972,1579652,36388,37180,6,3,8280cc7e172480bc01e5fd24da3233d681f403233bb77e6d7c949507ea86e42a,True,150.0,30.0,50.0,459660,12332,1419064,7.046408,19.58102,14.267,31.311,4.204
MICROBENCHMARK,UNPROVISIONED,28,128,1000101,100000,7.971569,33.336241,26.359456,4.887828,0.00031,72.664412,61.60368,0.0,134.270597,104,104,697972,1579652,36388,37180,6,3,ae71766ac147f1e5f44a426d97dec6d58a4b8711ddf06234bd3b9ad8382a89f3,True,140.0,50.0,70.0,459660,12332,1419064,7.379247,20.401999,13.984,31.294,15.981
MICROBENCHMARK,UNPROVISIONED,29,129,1000101,100000,8.020191,29.710459,26.072673,7.863833,0.000714,71.796686,60.257461,0.0,132.05816,104,104,697972,1579652,36388,37180,6,3,8b2928134c7b72c4f002ed1444610567cf093dcc751da3018e00fc5c5ce9a33c,True,120.0,40.0,60.0,459660,12332,1419064,6.810887,19.275075,14.437,40.971,4.446
MICROBENCHMARK,UNPROVISIONED,30,130,1000101,100000,9.665961,30.949424,44.985437,11.535015,0.000584,97.274436,61.583758,0.0,158.862318,104,104,697972,1579652,36388,37180,6,3,ee750bd252556e10978e983c46f104c87a57e915fb1dbd4cb74083d801a61b10,True,160.0,50.0,60.0,459660,12332,1419064,7.973292,28.106606,13.288,42.508,5.299
MICROBENCHMARK,UNPROVISIONED,31,131,1000101,100000,12.782938,31.22037,27.564928,7.496809,0.001003,79.207699,65.989422,0.0,145.201689,104,104,697972,1579652,36388,37180,6,3,2846828a7d2b89a592aa02cc8a5e584ee90d5d39a82a62ff3677b1231f59020a,True,150.0,40.0,70.0,459660,12332,1419064,12.187594,20.218435,12.562,47.795,5.17
MICROBENCHMARK,UNPROVISIONED,32,132,1000101,100000,8.832654,21.656053,26.094011,8.300863,0.001233,65.040331,63.84823,0.0,128.894231,104,104,697972,1579652,36388,37180,6,3,07c0bc0dcd622549d1db61f8a38082b961ffa339a203e918e46ce8eba92ae0af,True,130.0,30.0,70.0,459660,12332,1419064,7.418463,20.353572,14.182,44.069,5.167
MICROBENCHMARK,UNPROVISIONED,33,133,1000101,100000,9.323939,13.382576,46.546159,11.188531,0.001554,80.620124,50.898095,0.0,131.52489,104,104,697972,1579652,36388,37180,6,3,90d6fcd6565ebad7a66c574acf08a3d525d8d4c33bba9c8822be9f03c75f0f11,True,180.0,40.0,50.0,459660,12332,1419064,8.135338,32.6183,13.993,30.415,4.519
MICROBENCHMARK,UNPROVISIONED,34,134,1000101,100000,8.880932,37.683902,27.352506,10.191943,0.001181,84.258863,57.243505,0.0,141.507291,104,104,697972,1579652,36388,37180,6,3,bef2b07b7c092fa1d0888e78303d88276b8c66735d46772599c7ceba5485c900,True,140.0,50.0,50.0,460868,12332,1419064,7.31856,20.482301,14.161,37.25,5.444
MICROBENCHMARK,UNPROVISIONED,35,135,1000101,100000,8.57975,14.886965,32.742731,12.56909,0.000598,68.902938,55.921672,0.0,124.82901,104,104,697972,1579652,36388,37180,6,3,8c091f10d3fb7d58861cebe41b568e61db7feea8fd55985991291c7f475c005e,True,150.0,30.0,60.0,460868,12332,1419064,7.252799,26.653871,14.205,36.761,4.522
MICROBENCHMARK,UNPROVISIONED,36,136,1000101,100000,8.770965,32.261617,30.387635,8.133402,0.000675,79.737378,53.855483,0.0,133.598393,104,104,697972,1579652,36388,37180,6,3,c55d70663ab1ec269648ade899b4324843d592ccb8cfea1f08d8cd4af027a8d5,True,140.0,60.0,60.0,466656,12332,1419064,7.803077,23.846479,17.133,30.854,5.436
MICROBENCHMARK,UNPROVISIONED,37,137,1000101,100000,7.89716,24.039724,28.529186,4.96135,0.000748,65.561368,61.731393,0.0,127.296245,104,104,697972,1579652,36388,37180,6,3,0f1a240019393508c9f1d3ef54dd80eba78373bf4f097500356306f4c3453fab,True,140.0,30.0,60.0,466656,12332,1419064,7.115507,20.725275,13.305,42.788,5.286
MICROBENCHMARK,UNPROVISIONED,38,138,1000101,100000,14.279439,23.883637,25.990003,7.693866,0.000987,71.997114,70.983857,0.0,142.986194,104,104,697972,1579652,36388,37180,6,3,4379eabaa7048381a6ee8042545c678a02dbe61c75d2ec4c5351909017b0f05e,True,130.0,30.0,70.0,470948,12332,1419064,13.051317,20.279105,23.453,41.838,5.189
MICROBENCHMARK,UNPROVISIONED,39,139,1000101,100000,8.544953,13.310763,28.396637,5.218839,0.001186,55.619617,63.063281,0.0,118.688424,104,104,697972,1579652,36388,37180,6,3,e3bf93e15f8cfb0e520d8843d316e2bdacd7c17b5c662b42afeb556a06f8c4f5,True,130.0,30.0,60.0,470948,12332,1419064,7.697295,22.564993,12.955,44.558,5.12
MICROBENCHMARK,UNPROVISIONED,40,140,1000101,100000,7.98289,13.304166,25.560183,5.006024,0.000547,51.959986,60.019274,0.0,111.981655,104,104,697972,1579652,36388,37180,6,3,90bfe4b8bef5193d633ec6876aaa0bf7ee5372c5ac2f3905d0bd7e48b78b1b47,True,150.0,20.0,60.0,470948,12332,1419064,7.386238,20.270659,12.546,41.983,5.172
MICROBENCHMARK,UNPROVISIONED,41,141,1000101,100000,8.429186,31.841375,26.071323,4.937179,0.000543,71.385533,76.653582,0.0,148.042783,104,104,697972,1579652,36388,37180,6,3,80d8a551191f36d770d700ede6b0928a33e898679fdc3b60f19efa9cb7238af3,True,140.0,50.0,80.0,470948,12332,1419064,7.175487,19.441877,12.696,49.916,13.682
MICROBENCHMARK,UNPROVISIONED,42,142,1000101,100000,8.384074,32.624548,25.978381,4.974761,0.000597,72.081194,69.770859,0.0,141.856711,104,104,697972,1579652,36388,37180,6,3,48d69eb16d454e03496808c319fcdbd32f9178798c13b4292f9085170214fbd3,True,130.0,40.0,60.0,471080,12332,1419064,7.61283,19.666441,21.418,42.816,5.134
MICROBENCHMARK,UNPROVISIONED,43,143,1000101,100000,8.005567,13.199548,25.56415,4.919919,0.000652,51.813624,64.17049,0.0,115.988189,104,104,697972,1579652,36388,37180,6,3,de86210a43980b2ccfb7017b942ffd473303959ac2f599cbbca08f02e2503370,True,130.0,10.0,80.0,471080,12332,1419064,7.429484,19.658022,12.531,46.092,5.179
MICROBENCHMARK,UNPROVISIONED,44,144,1000101,100000,8.34612,34.054432,29.030907,4.903878,0.000773,76.461412,59.915665,0.0,136.381404,104,104,697972,1579652,36388,37180,6,3,482b210d6d9b6a0a28c2d060e52d26c48393157c1fe9dc5ac1c38359a0db190d,True,140.0,50.0,60.0,474660,12332,1419064,7.838691,20.316757,12.484,41.942,5.114
MICROBENCHMARK,UNPROVISIONED,45,145,1000101,100000,13.513849,13.145937,26.553985,5.241041,0.001714,58.652945,60.445112,0.0,119.104826,104,104,697972,1579652,36388,37180,6,3,7bc4aa22be08f3888d1f21b20e30545d227b4fb29dc144eb1944b2fcc3def74d,True,140.0,30.0,50.0,475256,12336,1419064,12.134466,20.899845,12.906,41.848,5.166
MICROBENCHMARK,UNPROVISIONED,46,146,1000101,100000,9.065942,13.318166,26.763101,5.003584,0.000795,54.29255,64.175741,0.0,118.473661,104,104,697972,1579652,36388,37180,6,3,929508f2d02ed8a2b5dbfbbd4c92a0db3106b352ba61f34e5bf907aee23ead13,True,130.0,20.0,70.0,480872,12348,1419064,7.819229,21.630062,12.78,45.855,5.113
MICROBENCHMARK,UNPROVISIONED,47,147,1000101,100000,9.513668,13.226509,26.435582,4.976035,0.000553,54.270156,59.529391,0.0,113.802525,104,104,697972,1579652,36388,37180,6,3,38aac2902c12eb1fcd8731e9a0585abb4fb7362de41bc04ceadda479475e86fa,True,140.0,20.0,60.0,480872,12360,1419064,8.121356,20.808203,12.549,41.522,5.131
MICROBENCHMARK,UNPROVISIONED,48,148,1000101,100000,8.107156,13.176,26.818608,4.954156,0.000641,53.144689,59.722457,0.0,112.870563,104,104,697972,1579652,36388,37180,6,3,5286942950907680e857c1be967d9eb38dde39e44ac75631c9c21285dcc1b22d,True,130.0,30.0,60.0,480872,12360,1419064,7.586284,21.262711,12.419,41.795,5.149
MICROBENCHMARK,UNPROVISIONED,49,149,1000101,100000,12.808455,13.158131,25.42234,4.901216,0.000733,56.427098,63.190098,0.0,119.623856,104,104,697972,1579652,36388,37180,6,3,b8555a864e9f54c4dcdab728c08b94f4af74ab1f1065d613486672f452a52b16,True,130.0,20.0,60.0,480872,12360,1419064,12.520824,20.002013,12.506,45.151,5.088
MICROBENCHMARK,UNPROVISIONED,50,150,1000101,100000,9.864127,34.147531,31.19666,4.919998,0.000445,80.259755,65.353816,0.0,145.617901,104,104,697972,1579652,36388,37180,6,3,90af7bbe648d35dfe8c20091558aa068f67ac75ed7b1530ee381be57e9a74e42,True,150.0,40.0,70.0,480872,12360,1419064,8.433517,22.872328,12.599,47.296,5.069
MICROBENCHMARK,UNPROVISIONED,51,151,1000101,100000,15.241431,13.171477,26.24525,4.936232,0.000341,59.702668,60.095584,0.0,119.80154,104,104,697972,1579652,36388,37180,6,3,6b3d85ff73188798aa46e4be794193094c621bb02f9ec4f95532857b4a95e19f,True,150.0,20.0,60.0,480872,12360,1419064,14.542954,19.851569,12.51,42.051,5.178
MICROBENCHMARK,UNPROVISIONED,52,152,1000101,100000,7.515546,13.129841,27.527442,4.922969,0.000614,53.215965,60.418552,0.0,113.637573,104,104,697972,1579652,36388,37180,6,3,aba646a9078c367cfc5c866075989c24c5c0070f3e4ec3b869a057e09c967e9f,True,130.0,30.0,70.0,480872,12360,1419064,6.906102,21.629747,12.975,41.975,5.15
MICROBENCHMARK,UNPROVISIONED,53,153,1000101,100000,7.509249,13.109395,28.640173,4.998045,0.000401,54.343509,60.097328,0.0,114.444255,104,104,697972,1579652,36388,37180,6,3,636b6eace455deb49ff7ae70b97e5f8918bc920a114ca24eecc227579f92501d,True,140.0,20.0,60.0,480872,12360,1419064,7.015079,21.491256,12.649,41.957,5.131
MICROBENCHMARK,UNPROVISIONED,54,154,1000101,100000,11.046955,37.140943,26.040066,5.035882,0.000344,79.399535,59.962512,0.0,139.365106,104,104,697972,1579652,36388,37180,6,3,38c66b65f39f5b2b4848d96b72896032de7a9554397bf9af383f6ee847dadb7f,True,140.0,40.0,60.0,480872,12360,1419064,9.921891,20.547052,12.673,41.844,5.13
MICROBENCHMARK,UNPROVISIONED,55,155,1000101,100000,7.982784,13.56701,27.50741,5.233512,0.001338,54.502147,54.512638,0.0,109.022091,104,104,697972,1579652,36388,37180,6,3,97f2c78802e1f2fab6bdbb54a53960e17df8fb2b23b37055d798f443cda24353,True,140.0,30.0,50.0,480872,12360,1419064,7.646635,20.704571,14.066,35.487,4.457
MICROBENCHMARK,UNPROVISIONED,56,156,1000101,100000,7.627192,13.508962,38.22912,5.153562,0.000493,64.646886,52.734714,0.0,117.385323,104,104,697972,1579652,36388,37180,6,3,2844c30874d7b27b7dc9bdd7fc2b80f18efe44d8c128e6597b9bafb04e1e2022,True,150.0,20.0,50.0,480872,12360,1419064,7.000948,24.759954,17.418,29.737,5.248
MICROBENCHMARK,UNPROVISIONED,57,157,1000101,100000,8.343269,13.343738,25.397404,4.949063,0.000431,52.143579,61.1363,0.0,113.283524,104,104,697972,1579652,36388,37180,6,3,e965de68bd3f02bf317eb6a7e85b17fc17ca2b9ce19f69846fc7618b30468891,True,130.0,30.0,70.0,480872,12360,1419064,7.358911,19.927053,13.26,42.362,5.144
MICROBENCHMARK,UNPROVISIONED,58,158,1000101,100000,9.199118,13.241077,26.424874,4.951539,0.000737,53.944885,60.434191,0.0,114.382475,104,104,697972,1579652,36388,37180,6,3,79c27f4ff8bcb0af9ef6fe37adbc8611db1e32792473723440ade0292e48ed62,True,120.0,20.0,60.0,480872,12360,1419064,7.894195,20.962837,12.7,42.217,5.175
MICROBENCHMARK,UNPROVISIONED,59,159,1000101,100000,7.933444,13.193253,31.705053,16.768698,0.001582,69.777242,83.918659,0.0,153.702988,104,104,697972,1579652,36388,37180,6,3,073dd0ce11e99d1ca6733a31a2c3ec9a247aceba2e7c825706bea9b1193ecde4,True,150.0,40.0,80.0,480872,12360,1419064,7.063253,21.671844,40.291,38.394,4.575
MICROBENCHMARK,UNPROVISIONED,60,160,1000101,100000,10.836857,25.745803,26.48515,7.991448,0.001228,71.274032,52.306083,0.0,123.587486,104,104,697972,1579652,36388,37180,6,3,2199c585cd3cadeaea7f8173708b3cff4e17509ff8fbd5af31db66e918813cbf,True,130.0,40.0,50.0,480872,12360,1419064,9.251918,19.609856,14.245,33.574,3.966
MICROBENCHMARK,UNPROVISIONED,61,161,1000101,100000,8.122456,34.731727,25.871355,4.994879,0.001195,73.962638,90.650415,0.0,164.619318,104,104,697972,1579652,36388,37180,6,3,8942a1e8093b1a3233fc2547f1d46e81dc5da7625811a7bfcda2fd07d39675bf,True,150.0,40.0,90.0,480872,12360,1419064,7.045765,19.203059,14.188,71.857,4.115
MICROBENCHMARK,UNPROVISIONED,62,162,1000101,100000,8.196677,28.231842,28.532872,12.158177,0.00121,77.334198,49.894217,0.0,127.233769,104,104,697972,1579652,36388,37180,6,3,ed94c37007f280949755778390db0b8fb8010da7d778c31329d34c5dbafba52f,True,130.0,40.0,50.0,480872,12360,1419064,7.539526,22.411822,14.215,31.309,3.941
MICROBENCHMARK,UNPROVISIONED,63,163,1000101,100000,8.294211,20.316765,26.356808,8.492606,0.001044,63.615395,83.596331,0.0,147.218109,104,104,697972,1579652,36388,37180,6,3,f7ccb916d5fe29bb8a4acd105d50beccb4926803bb2684862eb8449750ff8a82,True,130.0,40.0,90.0,480872,12360,1419064,7.01045,20.965975,14.154,65.08,3.932
MICROBENCHMARK,UNPROVISIONED,64,164,1000101,100000,8.765938,13.498101,25.10587,5.051246,0.000854,52.582839,49.724437,0.0,102.312147,104,104,697972,1579652,36388,37180,6,3,d2122eefcba6829ea4409782e0e5cbaab8e47d368e9f937c3fdf34371d13ac9c,True,140.0,20.0,50.0,480872,12360,1419064,7.650296,19.111766,14.057,31.346,3.924
MICROBENCHMARK,UNPROVISIONED,65,165,1000101,100000,8.05947,13.462813,25.201031,5.016192,0.000662,51.874395,57.254851,0.0,109.134288,104,104,697972,1579652,36388,37180,6,3,1f20039dd6de1cefde061ece3f060f7c31fc3d24cfcd1fb5f9fc4277a9f872ef,True,140.0,20.0,50.0,480872,12360,1419064,7.671703,19.7246,22.602,30.438,3.827
MICROBENCHMARK,UNPROVISIONED,66,166,1000101,100000,7.976864,34.101218,43.777253,8.05745,0.000999,94.085944,58.354163,0.0,152.446304,104,104,697972,1579652,36388,37180,6,3,75b257e636632dc9b7460c5b5f247759eae4f17b5dc7799d7f255480940990a0,True,150.0,50.0,60.0,480872,12360,1419064,7.130709,27.565864,14.165,39.868,3.855
MICROBENCHMARK,UNPROVISIONED,67,167,1000101,100000,7.999689,33.355884,25.497207,8.139293,0.000751,75.145874,50.722197,0.0,125.873156,104,104,697972,1579652,36388,37180,6,3,392fea94a8e541b1269332a7bc76d9a4625403485a4577adb977e16bc57a0c05,True,150.0,50.0,50.0,480872,12360,1419064,7.12214,19.503462,15.074,31.238,4.012
MICROBENCHMARK,UNPROVISIONED,68,168,1000101,100000,7.955854,24.979039,25.288045,8.72281,0.001224,67.105381,51.098879,0.0,118.209148,104,104,697972,1579652,36388,37180,6,3,51a3412003aa59ab2cb136b3cc06f7a87858310c4cad49c0613b45d2c7664cb1,True,140.0,40.0,50.0,480872,12360,1419064,7.1332,19.720967,15.782,30.889,4.033
MICROBENCHMARK,UNPROVISIONED,69,169,1000101,100000,12.152688,13.392085,25.083282,5.183224,0.000494,55.879178,59.211226,0.0,115.093428,104,104,697972,1579652,36388,37180,6,3,27954bd8ce6c01f62897ded7de149434a841783a712fdb0fc2c9db8f1a01aa77,True,130.0,10.0,70.0,480872,12360,1419064,11.454057,19.263595,24.482,30.522,3.865
MICROBENCHMARK,UNPROVISIONED,70,170,1000101,100000,8.025364,32.573919,27.233916,8.120197,0.000888,76.110207,58.495114,0.0,134.610269,104,104,697972,1579652,36388,37180,6,3,ac67dd635c7f8fe320cc47b0fa330b1f0271e6201b0a93185cb74928f373ff90,True,120.0,60.0,60.0,487736,12360,1419064,7.53293,21.23316,14.063,40.146,3.87
MICROBENCHMARK,UNPROVISIONED,71,171,1000101,100000,17.852879,31.586851,28.666689,8.061301,0.00037,86.278509,57.281508,0.0,143.562993,104,104,697972,1579652,36388,37180,6,3,4fba79907f1b266285ff04a5b2501c71494d4ace8bfb303148925cead575582c,True,150.0,40.0,50.0,487736,12360,1419064,16.519597,22.277057,14.155,38.637,4.08
MICROBENCHMARK,UNPROVISIONED,72,172,1000101,100000,8.129208,22.917325,25.679459,9.61039,0.00072,66.473293,53.761239,0.0,120.239513,104,104,697972,1579652,36388,37180,6,3,764fadbbc21bddc588b7f48758ba660965cfab9cc527963d0350d57a897c6a25,True,150.0,40.0,60.0,487736,12360,1419064,7.134456,20.091577,18.506,30.947,3.889
MICROBENCHMARK,UNPROVISIONED,73,173,1000101,100000,15.241951,31.074609,45.433386,7.092457,0.000734,98.998686,48.632161,0.0,147.63654,104,104,697972,1579652,36388,37180,6,3,a7594874f87ce49c86a361f403b017999e27504a05e754999e077d866ad34946,True,150.0,40.0,40.0,487736,12360,1419064,14.279115,29.417427,14.567,29.837,3.826
MICROBENCHMARK,UNPROVISIONED,74,174,1000101,100000,8.548502,30.89544,33.18037,11.198358,0.001212,84.207245,49.389981,0.0,133.602145,104,104,697972,1579652,36388,37180,6,3,abf336bb2def8b42241c37b2acbad898adb2b94e79e3b020219002bfb47986d7,True,150.0,50.0,50.0,487736,12360,1419064,7.769262,26.354524,14.874,29.868,3.894
MICROBENCHMARK,UNPROVISIONED,75,175,1000101,100000,7.937014,26.790697,26.246979,5.124729,0.00074,66.245501,60.597418,0.0,126.846919,104,104,697972,1579652,36388,37180,6,3,c373f8bdd15655be4a8a651913ca2827aea1202a496bb75eda4d65d55a7f3334,True,130.0,40.0,70.0,487736,12360,1419064,7.32653,20.467552,13.14,41.908,5.17
MICROBENCHMARK,UNPROVISIONED,76,176,1000101,100000,11.056989,29.37074,27.237961,5.001598,0.000699,72.770042,62.347839,0.0,135.122649,104,104,697972,1579652,36388,37180,6,3,97baf1920d873634abc850d5aa4129d454ea637eb037df65ace97ee75ebe43e4,True,140.0,40.0,60.0,487736,12360,1419064,9.541474,19.815096,12.648,44.136,5.094
MICROBENCHMARK,UNPROVISIONED,77,177,1000101,100000,7.795973,19.999997,25.996701,4.930266,0.000608,58.860664,65.024682,0.0,123.889511,104,104,697972,1579652,36388,37180,6,3,5ad5e16647bf521d30dbff4ba21ae816989ceb42a14304c1b5ca1b4ebe46ca5e,True,140.0,30.0,60.0,487736,12360,1419064,6.986545,19.231485,18.395,41.115,5.143
MICROBENCHMARK,UNPROVISIONED,78,178,1000101,100000,8.029994,13.19108,26.060712,13.25877,0.001427,60.754601,57.596615,0.0,118.357943,104,104,697972,1579652,36388,37180,6,3,c2e79b7e4de11c8ab1ca5c295b84218b6ad5d279f8f9649889f63bcd6b206d61,True,130.0,30.0,60.0,487736,12360,1419064,7.238661,19.273354,14.288,35.808,6.914
MICROBENCHMARK,UNPROVISIONED,79,179,1000101,100000,9.083069,13.238482,40.990538,4.990329,0.000534,68.432898,60.874926,0.0,129.311934,104,104,697972,1579652,36388,37180,6,3,ef79444c721fc592f93463dddda77b4e432d7111a6173923fa8bfe64a1a7893b,True,140.0,20.0,60.0,487736,12360,1419064,7.837249,25.50515,13.029,42.284,5.165
MICROBENCHMARK,UNPROVISIONED,80,180,1000101,100000,8.828248,19.602669,26.860126,4.925631,0.000347,60.324091,58.981634,0.0,119.308912,104,104,697972,1579652,36388,37180,6,3,dba3e4fb7111bf014173bec4108da4ad8e2a2f920ee78639818ce53567557095,True,130.0,30.0,60.0,487736,12376,1419064,7.60958,19.9785,12.459,41.124,5.063
MICROBENCHMARK,UNPROVISIONED,81,181,1000101,100000,8.426148,13.165336,25.782611,4.907432,0.000465,52.380571,60.023741,0.0,112.406634,104,104,697972,1579652,36388,37180,6,3,a525170b197c990937e4b8ae5472995f9ae5f6a48fbb59b038671694b61e37c2,True,130.0,30.0,60.0,487736,12376,1419064,7.085378,19.834505,12.501,42.171,5.062
MICROBENCHMARK,UNPROVISIONED,82,182,1000101,100000,8.310545,13.170556,29.444172,4.933685,0.000282,55.938022,59.894857,0.0,115.834242,104,104,697972,1579652,36388,37180,6,3,dbe26039fc908ec6ce33190c5bfe1a39194c8ead16570a68fbd5be4782bcd7b7,True,130.0,20.0,60.0,487736,12376,1419064,7.494106,23.902444,12.693,41.827,5.102
MICROBENCHMARK,UNPROVISIONED,83,183,1000101,100000,8.852194,19.077072,26.190577,5.056017,0.000381,59.25896,71.288879,0.0,130.5496,104,104,697972,1579652,36388,37180,6,3,d7db1d98cf9dcb9b90864b93698171b509779c938edd07d0c41358066c1ff3a8,True,140.0,20.0,70.0,487736,12376,1419064,7.532082,21.006742,14.756,49.948,6.244
MICROBENCHMARK,UNPROVISIONED,84,184,1000101,100000,8.293485,13.22595,29.600468,5.027455,0.000509,56.223744,81.297242,0.0,137.523123,104,104,697972,1579652,36388,37180,6,3,c9b5f94a1786ba3bd6f78b7184b2780011697579ee8abe5a2f63d701488db605,True,150.0,30.0,90.0,487736,12376,1419064,7.047487,23.613622,14.835,58.367,7.758
MICROBENCHMARK,UNPROVISIONED,85,185,1000101,100000,8.558783,13.300097,24.595739,4.981981,0.00042,51.530718,84.739837,0.0,136.273378,104,104,697972,1579652,36388,37180,6,3,6bb7323b3a29859e90633cce6eba4549385367dcbbeb6bd5b79251a0b2d1028e,True,140.0,20.0,90.0,487736,12376,1419064,8.07179,18.96684,15.703,60.666,8.032
MICROBENCHMARK,UNPROVISIONED,86,186,1000101,100000,8.775914,13.325454,25.389707,5.040511,0.000571,52.631012,79.943753,0.0,132.57774,104,104,697972,1579652,36388,37180,6,3,3cdb44219fa9c174ec67d0f50d1da32cd965adfa61a719ce709a0d37c8820bc5,True,130.0,20.0,80.0,487736,12376,1419064,8.23662,20.054786,15.439,57.392,6.766
MICROBENCHMARK,UNPROVISIONED,87,187,1000101,100000,8.413336,13.453012,26.190744,5.091806,0.001716,53.352897,57.833809,0.0,111.195608,104,104,697972,1579652,36388,37180,6,3,c6c63eb8a41188b4d11982f3313abd91042b7daec1705316561a7a90e72db8c8,True,140.0,20.0,50.0,487736,12376,1419064,7.188031,20.307553,14.31,38.254,4.728
MICROBENCHMARK,UNPROVISIONED,88,188,1000101,100000,7.263664,14.050884,25.8678,5.02865,0.000636,52.371598,68.177589,0.0,120.552957,104,104,697972,1579652,36388,37180,6,3,0c74c23a2f8413e32b191a6b87685f2f0026a0f5d02943a4fe4b17b81b76aa11,True,130.0,30.0,150.0,487736,12376,1419064,6.892038,19.421259,16.971,45.022,5.737
MICROBENCHMARK,UNPROVISIONED,89,189,1000101,100000,8.100354,13.233223,25.915282,5.082739,0.00117,52.50553,63.656283,0.0,116.168636,104,104,697972,1579652,36388,37180,6,3,b28df17db6332ec43e1bffa4b3de24d5d4984acdffac23c4dfeaee12c0ecc6d6,True,130.0,20.0,180.0,487736,12376,1419064,7.586983,19.751476,14.35,43.174,5.634
MICROBENCHMARK,UNPROVISIONED,90,190,1000101,100000,8.027965,13.505711,26.80937,5.04494,0.000618,53.500974,61.169793,0.0,114.674018,104,104,697972,1579652,36388,37180,6,3,6a297c85e4ce43eb71dd9bee929c728430cfe61d50b212519512fc406503d340,True,130.0,20.0,90.0,487736,12376,1419064,7.110036,21.603879,12.977,42.659,5.17
MICROBENCHMARK,UNPROVISIONED,91,191,1000101,100000,8.44202,16.669017,25.612126,4.934439,0.000803,55.758576,65.78299,0.0,121.544787,104,104,697972,1579652,36388,37180,6,3,d0905c821cbbcc15bc702608f9126bda42e07380ece64e7af944c3309ae28927,True,140.0,30.0,70.0,487736,12376,1419064,7.516963,19.867964,12.566,42.786,10.074
MICROBENCHMARK,UNPROVISIONED,92,192,1000101,100000,8.71348,13.200539,30.421871,4.964695,0.000508,57.413109,63.249193,0.0,120.665532,104,104,697972,1579652,36388,37180,6,3,89ae8426a16e87e51baa4165abd94ebb5b842f7637b4c5388eb1fa404515340b,True,130.0,10.0,60.0,491664,12376,1419064,7.481139,24.953755,13.138,44.456,5.313
MICROBENCHMARK,UNPROVISIONED,93,193,1000101,100000,11.342645,13.213686,25.878619,4.94731,0.000514,55.503534,61.331052,0.0,116.837575,104,104,697972,1579652,36388,37180,6,3,88f33c9aaac82553d564d8627d1026ec90af6bcf43b1c9765d8ff5473e590815,True,140.0,30.0,60.0,491664,12376,1419064,10.337525,21.089073,12.741,43.025,5.229
MICROBENCHMARK,UNPROVISIONED,94,194,1000101,100000,12.251929,13.310013,29.653166,11.734207,0.001812,67.158721,71.309834,0.0,138.476951,104,104,697972,1579652,36388,37180,6,3,907365c1e97a9f248319899b4d634145040477b44e641901911ab11d1d44741e,True,140.0,30.0,80.0,491664,12376,1419064,11.683079,21.707049,13.112,52.464,5.211
MICROBENCHMARK,UNPROVISIONED,95,195,1000101,100000,8.397638,13.367733,25.959231,4.964924,0.000518,52.809429,64.656882,0.0,117.468941,104,104,697972,1579652,36388,37180,6,3,60f0d31b2badeb143b195ebaa8572ea137c9d7963209f427bca1902045a91301,True,130.0,20.0,60.0,491664,12376,1419064,7.50816,20.169043,12.966,46.065,5.288
MICROBENCHMARK,UNPROVISIONED,96,196,1000101,100000,7.657049,13.300065,25.2923,4.924422,0.000433,51.264482,60.032752,0.0,111.299163,104,104,697972,1579652,36388,37180,6,3,2022b9ba5b21d2c3da380a906d63467601c1a56c97f18bff5b81d4abdbba5f54,True,130.0,20.0,60.0,491664,12376,1419064,7.298699,19.255565,12.894,41.726,5.098
MICROBENCHMARK,UNPROVISIONED,97,197,1000101,100000,8.036119,13.266641,25.86773,12.35947,0.000906,59.682451,83.724748,0.0,143.41325,104,104,697972,1579652,36388,37180,6,3,c1271375a05c1668c7837310d00ec2dbfa663388acf57103859ce7fc22ceac64,True,130.0,40.0,90.0,491664,12376,1419064,7.348779,19.35123,40.233,38.27,4.564
MICROBENCHMARK,UNPROVISIONED,98,198,1000101,100000,8.26876,17.920379,24.898337,7.522239,0.000972,58.797034,58.676246,0.0,117.478679,104,104,697972,1579652,36388,37180,6,3,dc9cfc83852a48ca049923928d4269b83106aebada937cf3b19b1cb522cd3019,True,130.0,30.0,60.0,491664,12376,1419064,7.791275,19.437238,13.616,40.779,3.875
MICROBENCHMARK,UNPROVISIONED,99,199,1000101,100000,8.175469,13.250459,25.782837,4.92343,0.000344,52.247451,48.584493,0.0,100.834174,104,104,697972,1579652,36388,37180,6,3,858c12d19694cb4496e4c97f96c647ca7627fcfa8299f6c170488bc519a60c4e,True,120.0,20.0,40.0,494532,12376,1419064,7.833405,19.836198,13.637,30.852,3.828
MICROBENCHMARK,UNPROVISIONED,100,200,1000101,100000,7.180829,13.091662,30.421984,4.888638,0.000208,55.658021,55.793482,0.0,111.453688,104,104,697972,1579652,36388,37180,6,3,40b414d295534320878c227ac98e75cc4bd31ab48b2cbf157c90e8566fc3b2cc,True,160.0,30.0,60.0,499888,12376,1419064,6.604541,25.554957,19.375,32.154,3.958
MICROBENCHMARK,IDLE,1,201,,100000,7.818708,18.195012,29.830992,6.949768,0.00062,62.923427,57.658476,0.0,120.58614,104,104,697972,1579652,36388,37180,6,3,0455b032f22b161bb4617f8e4947673bfb9ab4a4d213df40986316cc5ea6a211,True,140.0,30.0,60.0,499888,12376,1419064,6.98588,23.494462,13.614,39.653,4.042
MICROBENCHMARK,IDLE,2,202,,100000,8.28317,28.785168,27.11039,7.492084,0.000872,71.854305,49.29847,0.0,121.157709,104,104,697972,1579652,36388,37180,6,3,3a2e4de76428211aec697b46fc94edc4a381b4266056bb6d26d9c963b028ffd2,True,140.0,40.0,50.0,499888,12376,1419064,7.237451,19.784464,13.788,31.13,4.007
MICROBENCHMARK,IDLE,3,203,,100000,9.289802,31.728645,26.250652,4.944565,0.001358,72.382405,53.439342,0.0,125.827545,104,104,697972,1579652,36388,37180,6,3,392a78020311142e75571050f519f49ec6a5a3981327c240ea92f436af874c82,True,120.0,40.0,50.0,501600,12376,1419064,8.200835,20.168516,18.279,30.852,3.861
MICROBENCHMARK,IDLE,4,204,,100000,9.717271,30.650197,32.290428,7.913468,0.001357,80.745908,49.021333,0.0,129.773229,104,104,697972,1579652,36388,37180,6,3,cba9bb1e4196c8563c432358908cc2604dfffbb9bba9132486ec0de9a5dd847c,True,160.0,50.0,50.0,501600,12376,1419064,8.648076,25.589302,14.238,30.511,3.82
MICROBENCHMARK,IDLE,5,205,,100000,7.973586,27.818004,26.58426,9.874735,0.000949,72.42604,58.049783,0.0,130.481722,104,104,697972,1579652,36388,37180,6,3,b6242f4b0333b4182771327ae777125ca7d6989e5a2a5385214d6bbe3c3b227c,True,140.0,40.0,60.0,501600,12376,1419064,7.090614,19.533043,13.576,40.076,3.993
MICROBENCHMARK,IDLE,6,206,,100000,17.381777,29.158947,41.236606,15.179819,0.000925,103.15347,48.627583,0.0,151.786078,104,104,697972,1579652,36388,37180,6,3,eeadaabdb604e1d182bdbd5a1d79a3f4de788f140b55e4e9e6b011f309ffad62,True,160.0,50.0,50.0,501600,12376,1419064,16.608343,26.245795,13.525,30.821,3.879
MICROBENCHMARK,IDLE,7,207,,100000,14.626547,33.998286,27.921645,7.879176,0.000983,84.611406,53.372024,0.0,137.989775,104,104,697972,1579652,36388,37180,6,3,7870432676a97eacd7a8bfe736cf5a47e3db0d832ed0126196af54f4d6cb60cf,True,150.0,40.0,60.0,501600,12376,1419064,13.655098,22.6427,18.216,30.768,3.911
MICROBENCHMARK,IDLE,8,208,,100000,8.34572,34.967835,26.641543,8.246849,0.001175,78.381992,55.018315,0.0,133.405505,104,104,697972,1579652,36388,37180,6,3,046d060380af4393105e7c0896b91fefa6da020050fc45a9e30ce399d6c58739,True,130.0,60.0,60.0,501600,12376,1419064,7.910578,20.676868,20.246,30.439,3.916
MICROBENCHMARK,IDLE,9,209,,100000,8.406794,27.835332,31.806984,6.585602,0.001103,74.809369,49.501321,0.0,124.316952,104,104,697972,1579652,36388,37180,6,3,8a9ddb7d30eaf2eaab49760182252edf6ed09673ea293dc22a444c35fe63287f,True,130.0,30.0,50.0,504412,12376,1419064,7.90045,25.464588,14.104,30.978,3.995
MICROBENCHMARK,IDLE,10,210,,100000,7.82484,14.181137,32.031797,6.609685,0.001034,60.809076,50.374834,0.0,111.188121,104,104,697972,1579652,36388,37180,6,3,0c8bdba9105e1bef2fc6a53a5c55911fb386ec6890911cb1c24d80d76fae3c94,True,150.0,30.0,50.0,504480,12376,1419064,7.185277,21.358008,16.346,29.867,3.755
MICROBENCHMARK,IDLE,11,211,,100000,7.926749,16.686606,27.834932,5.003597,0.000789,57.586612,61.841833,0.0,119.432231,104,104,697972,1579652,36388,37180,6,3,a48d0b8f281b6bb733b46d4523379434fd91af980ecb5e5216ff0b10a5ff6557,True,120.0,30.0,60.0,504480,12376,1419064,6.847788,20.921294,13.542,41.614,5.277
MICROBENCHMARK,IDLE,12,212,,100000,7.897633,13.131182,24.721651,4.902497,0.000354,50.736282,59.082283,0.0,109.821046,104,104,697972,1579652,36388,37180,6,3,a27c9e74c5522e8aad5d79c980ef8d8fd34cd8a4cbaefb3f08f59da24ae40361,True,150.0,20.0,60.0,504480,12376,1419064,7.126534,20.199813,12.84,40.89,5.063
MICROBENCHMARK,IDLE,13,213,,100000,8.732687,32.102162,29.833422,6.976734,0.000762,77.760816,59.125884,0.0,136.890164,104,104,697972,1579652,36388,37180,6,3,0d83fd01c10c693c383d18562237e356dfde8735fe7f92ef40be1db2cd834bd8,True,120.0,50.0,60.0,504480,12376,1419064,7.5128,20.267405,12.873,40.889,5.015
MICROBENCHMARK,IDLE,14,214,,100000,8.406098,29.868456,26.032898,4.933748,0.000346,69.333509,64.289142,0.0,133.624651,104,104,697972,1579652,36388,37180,6,3,65a9a3cbddfbb1c47a71b954ddf203619a3ef25660e8581bd72cf43905474e05,True,140.0,30.0,60.0,504480,12376,1419064,7.225332,19.79984,17.875,41.049,5.045
MICROBENCHMARK,IDLE,15,215,,100000,7.838337,13.244041,26.110138,10.97666,0.001698,58.386468,86.841535,0.0,145.23686,104,104,697972,1579652,36388,37180,6,3,80fc67a1204d50cc9d0111c8d7674475a8bf63a659e45985200271c7e5a1f4f6,True,140.0,40.0,100.0,504480,12376,1419064,6.988739,19.665806,43.199,37.843,4.916
MICROBENCHMARK,IDLE,16,216,,100000,9.084987,31.069151,28.665644,9.208675,0.001412,78.209855,50.903084,0.0,129.118944,104,104,697972,1579652,36388,37180,6,3,a3c3c7e0486d7bedc6324324ee8d2da05fccee55c04a6f8b02e0dc18ba834638,True,120.0,40.0,50.0,504480,12376,1419064,7.792196,22.005708,15.785,30.398,4.24
MICROBENCHMARK,IDLE,17,217,,100000,8.413805,29.957776,32.895336,5.050674,0.000792,76.465217,50.63555,0.0,127.107549,104,104,697972,1579652,36388,37180,6,3,99f96b6a853393c4396148c23123deab5a53fcbcd606e3aa8ea706e32d50cd7d,True,140.0,40.0,40.0,504480,12376,1419064,7.420832,27.413054,15.612,30.505,4.017
MICROBENCHMARK,IDLE,18,218,,100000,8.579759,28.633463,26.244472,7.471825,0.000917,71.097012,61.829985,0.0,132.933367,104,104,697972,1579652,36388,37180,6,3,780c61df3d959944ab43e3ccb28333d4630b07a5d42c6ba543b906f07caacaf4,True,140.0,40.0,70.0,504480,12376,1419064,7.245145,19.884164,14.692,41.919,4.772
MICROBENCHMARK,IDLE,19,219,,100000,10.134967,29.71225,31.873032,7.795198,0.0016,79.681707,50.824856,0.0,130.511659,104,104,697972,1579652,36388,37180,6,3,7ddf2cdee27f556d8d4f94051d612fb673cfacbe9dc7a641c14cd15d484648ec,True,150.0,40.0,50.0,504480,12376,1419064,9.122156,24.695823,15.121,31.041,4.251
MICROBENCHMARK,IDLE,20,220,,100000,19.68128,20.561103,26.387007,11.013993,0.00113,77.789522,50.431016,0.0,128.224686,104,104,697972,1579652,36388,37180,6,3,385f50c78c6025bb883caa3c7c7b8a208fba6aba86b2d663cb7fb29ae36a43b1,True,150.0,40.0,50.0,504480,12376,1419064,18.913005,19.598371,15.101,30.823,4.102
MICROBENCHMARK,IDLE,21,221,,100000,7.580482,15.038147,46.013604,5.039098,0.000993,73.848412,49.509835,0.0,123.363856,104,104,697972,1579652,36388,37180,6,3,02497300d91ed93219b2b21b0868865973a7bbd3c283c569039ef85eaf7d4f71,True,140.0,30.0,50.0,504480,12376,1419064,6.935254,31.905045,15.27,29.727,4.086
MICROBENCHMARK,IDLE,22,222,,100000,8.210756,33.106863,25.479714,8.347104,0.000891,75.293908,60.260393,0.0,135.558139,104,104,697972,1579652,36388,37180,6,3,7be292487a509dc1c9eaed671f0e935bf55e5982bf6efa1eb16ae3d9f3497e4c,True,140.0,40.0,60.0,506644,12376,1419064,7.690276,19.376189,14.821,40.839,4.207
MICROBENCHMARK,IDLE,23,223,,100000,7.922071,29.655489,26.736465,8.207994,0.001397,72.654992,50.440909,0.0,123.100047,104,104,697972,1579652,36388,37180,6,3,56bd2dbd3f1e1d7abf39d861d5c1503f331c81233a0f9c6fad6f38ee12d6edb8,True,130.0,40.0,50.0,511760,12376,1419064,7.195883,20.480338,15.027,30.85,4.222
MICROBENCHMARK,IDLE,24,224,,100000,8.925052,33.523225,25.531678,8.309273,0.001167,76.425253,49.947924,0.0,126.377943,104,104,697972,1579652,36388,37180,6,3,50826512a1f9761f0bc0e274eb6c34c2444f0d27c05a7498659ac4fdc9401543,True,130.0,50.0,50.0,511760,12376,1419064,7.622625,19.891198,14.861,30.521,4.183
MICROBENCHMARK,IDLE,25,225,,100000,8.619428,24.793731,26.519661,7.593812,0.000772,67.689266,65.708894,0.0,133.403217,104,104,697972,1579652,36388,37180,6,3,ee6f14f27aee3904ac7cf7e2c5c7e1e18e15b1234e7a26f20a9c17b9cec60b0d,True,140.0,40.0,70.0,511760,12376,1419064,8.163648,20.92627,23.237,37.848,4.178
MICROBENCHMARK,IDLE,26,226,,100000,7.779898,24.460429,26.428855,7.833492,0.000708,66.65576,51.270256,0.0,117.930099,104,104,697972,1579652,36388,37180,6,3,44a01accac33644b8e63ce2b7776ecc4d15fd2387987d952a2a37366f555435b,True,130.0,40.0,50.0,511760,12376,1419064,7.131309,19.769101,14.987,31.317,4.602
MICROBENCHMARK,IDLE,27,227,,100000,7.843411,18.183158,29.45303,5.046843,0.000868,60.666111,62.764767,0.0,123.435818,104,104,697972,1579652,36388,37180,6,3,4437293df9ce7e8414521c1cdfacb6f094e065181e401cd6b5a54a3111231237,True,130.0,30.0,60.0,511760,12376,1419064,7.220395,21.036369,13.012,44.209,5.14
MICROBENCHMARK,IDLE,28,228,,100000,8.113249,21.452017,33.531884,4.97282,0.000607,68.191549,59.100408,0.0,127.294754,104,104,697972,1579652,36388,37180,6,3,b9eeb76e974f579dc5d6b23ef6eed20f669869aef1feab12b4b4530020d102f3,True,140.0,40.0,60.0,511760,12376,1419064,7.555582,27.706938,12.649,41.031,5.065
MICROBENCHMARK,IDLE,29,229,,100000,20.020753,35.186529,25.982823,4.985039,0.000495,86.280344,64.070844,0.0,150.353951,104,104,697972,1579652,36388,37180,6,3,ef5be1c0261605bfed8f87c11d603e47bb35991520bb0504a9c7cb22cfa17523,True,150.0,40.0,70.0,511760,12376,1419064,18.84717,20.359836,17.827,40.841,5.064
MICROBENCHMARK,IDLE,30,230,,100000,8.734164,35.695282,30.20393,13.287041,0.001696,88.112844,66.143375,0.0,154.263877,104,104,697972,1579652,36388,37180,6,3,dfcf85292c69968bc441ece74002588f2c754b7497f94f6c40be2561ac20723f,True,130.0,50.0,60.0,511760,12376,1419064,7.319819,23.976715,14.484,36.014,14.944
MICROBENCHMARK,IDLE,31,231,,100000,8.987868,36.519531,27.107822,7.931272,0.001133,80.743105,60.778616,0.0,141.52747,104,104,697972,1579652,36388,37180,6,3,611b9769f3426d2ae16d2394c747557f32b0855979e11dbe379b158f832f2afd,True,140.0,50.0,70.0,511760,12376,1419064,7.349582,20.174706,13.154,41.912,5.232
MICROBENCHMARK,IDLE,32,232,,100000,9.105273,13.687402,25.260652,4.928553,0.000812,53.123415,66.739969,0.0,119.868326,104,104,697972,1579652,36388,37180,6,3,f2e6acf447e673961f0d276ea18e78393c7b9764c7f5e60c33e1a2ea52341da9,True,140.0,20.0,60.0,511760,12376,1419064,7.925056,20.016638,16.061,45.228,5.014
MICROBENCHMARK,IDLE,33,233,,100000,8.613597,15.693385,25.41098,4.999048,0.00054,54.862349,64.991227,0.0,119.857177,104,104,697972,1579652,36388,37180,6,3,e3e29ecfb60d9ec02630eb0c1eb9f30c0bd95379f9fac4c55c1b81d7d06e004f,True,130.0,40.0,70.0,512444,12376,1419064,7.715684,19.851226,12.594,47.043,5.018
MICROBENCHMARK,IDLE,34,234,,100000,8.941964,13.170512,25.485489,4.938953,0.000561,52.637158,60.268374,0.0,112.908689,104,104,697972,1579652,36388,37180,6,3,976c2081eaa4f2e8ee326c3c4042869291e9c3d11295593835cc26148872baf6,True,140.0,10.0,60.0,512444,12376,1419064,7.906394,19.106961,12.681,41.387,5.757
MICROBENCHMARK,IDLE,35,235,,100000,15.378138,13.148162,25.81105,5.195947,0.000562,59.66271,59.518022,0.0,119.183116,104,104,697972,1579652,36388,37180,6,3,e612d946ac8288a4222b8bd228b89d04fc1893ad4598d55a04e92057cfd87858,True,130.0,30.0,60.0,512544,12376,1419064,14.210831,20.258982,12.805,41.269,5.105
MICROBENCHMARK,IDLE,36,236,,100000,7.526946,13.253197,25.832907,15.964041,0.005956,63.643673,57.293231,0.0,120.97142,104,104,697972,1579652,36388,37180,6,3,1accb474be187fad2fd46526cfe06163003feaafa1fd5fdd3acee9478e55224b,True,140.0,30.0,60.0,512920,12376,1419064,7.115396,19.431979,14.741,36.295,4.539
MICROBENCHMARK,IDLE,37,237,,100000,8.531957,28.413227,30.249307,8.70218,0.000885,76.101765,57.466002,0.0,133.574176,104,104,697972,1579652,36388,37180,6,3,d559e7f62aad98ca54e54a838fcc6a44139dee9c1381a8531e42743a1d91623b,True,140.0,50.0,50.0,516292,12376,1419064,7.873141,24.848438,13.925,39.332,3.769
MICROBENCHMARK,IDLE,38,238,,100000,8.780331,30.439778,28.018219,7.824408,0.001152,75.235468,61.108997,0.0,136.349975,104,104,697972,1579652,36388,37180,6,3,e7c02cff1036867f4333fbdddb77fd2aac62ded4c04605797164864b89db2972,True,140.0,40.0,60.0,516292,12376,1419064,7.884699,22.256645,13.438,41.994,5.205
MICROBENCHMARK,IDLE,39,239,,100000,16.607928,14.619589,25.311699,11.172546,0.001364,67.865353,64.880374,0.0,132.750086,104,104,697972,1579652,36388,37180,6,3,44554e88bc881bea8b7b12f3b9b1e12d1203600d93e2f267cc60caf717d10cfc,True,150.0,30.0,70.0,516292,12376,1419064,15.646483,19.453975,23.158,36.722,4.499
MICROBENCHMARK,IDLE,40,240,,100000,7.379838,29.612082,30.65917,8.342472,0.000838,76.110271,48.200933,0.0,124.314917,104,104,697972,1579652,36388,37180,6,3,3d52e3851dec6a147914e6575479055bb1ff000c1047bc6fd5e4ee2fdd1da673,True,170.0,50.0,50.0,516292,12376,1419064,6.913209,24.838545,14.193,29.695,3.928
MICROBENCHMARK,IDLE,41,241,,100000,8.610766,28.062692,26.435707,7.440548,0.000386,70.646894,64.423001,0.0,135.072029,104,104,697972,1579652,36388,37180,6,3,0cf43dc87b4adfc112d5a4a07171ec453f76208e27df0c2af0d9b4555ab4df84,True,120.0,40.0,70.0,516292,12376,1419064,7.459359,19.350173,13.8,46.454,3.85
MICROBENCHMARK,IDLE,42,242,,100000,8.510554,28.27248,26.298781,7.864127,0.000561,71.04684,47.852604,0.0,118.902227,104,104,697972,1579652,36388,37180,6,3,fe1c0e7b28eaa54c3008d1d4060a230635fe887704e7559227f4dacb0013906b,True,140.0,30.0,40.0,516292,12376,1419064,7.31809,19.456254,13.864,29.734,3.932
MICROBENCHMARK,IDLE,43,243,,100000,12.914716,29.488071,25.657546,7.493151,0.000809,75.660329,49.6444,0.0,125.308692,104,104,697972,1579652,36388,37180,6,3,9fca99507e15059c5e258e374c99e6fc2801afcf0f366c520f81faffbe33dd46,True,150.0,50.0,60.0,516292,12376,1419064,12.395432,19.219447,14.343,30.89,4.035
MICROBENCHMARK,IDLE,44,244,,100000,13.876167,28.428609,40.894861,7.799028,0.001299,91.115921,48.129186,0.0,139.249285,104,104,697972,1579652,36388,37180,6,3,bab9c0a1954b92352f3a0970c0c8d104535d1d7eaad6455deb40ddf13495a3a5,True,140.0,30.0,50.0,516292,12376,1419064,12.677933,33.074988,14.155,29.736,3.843
MICROBENCHMARK,IDLE,45,245,,100000,8.793572,31.088192,25.685984,7.791351,0.000261,73.443254,50.177354,0.0,123.622479,104,104,697972,1579652,36388,37180,6,3,4999da755bb04bc825b30dcb569ff6d60b032cd09f649e7c58ef1f4f03a4604f,True,140.0,50.0,50.0,516292,12376,1419064,7.419442,19.76112,16.114,29.978,3.777
MICROBENCHMARK,IDLE,46,246,,100000,7.916255,28.194392,26.850364,9.266817,0.000986,72.320043,53.463189,0.0,125.788305,104,104,697972,1579652,36388,37180,6,3,4967e4c076da1a1b974dc48de15f7eddda45c41e18cfa45f23da07cf47b6ac2d,True,130.0,40.0,50.0,516292,12376,1419064,7.42429,20.466552,13.878,35.201,3.977
MICROBENCHMARK,IDLE,47,247,,100000,7.573467,28.651624,26.450883,8.977498,0.000801,71.830778,61.040693,0.0,132.875755,104,104,697972,1579652,36388,37180,6,3,2eecd0cff36242051418350ab8ebe65a2be231f9c5d6c0ec2c4c0340380c3811,True,140.0,50.0,60.0,516292,12376,1419064,7.189288,20.13844,13.337,42.111,5.2
MICROBENCHMARK,IDLE,48,248,,100000,16.480621,13.590837,25.456339,4.903089,0.000608,60.542475,61.916699,0.0,122.462956,104,104,697972,1579652,36388,37180,6,3,1f7ea09bd6116d698efd8c020510a2aa80f7235d8ff9ae4deda5fd1f3ed8f635,True,140.0,20.0,70.0,516292,12376,1419064,15.428785,19.939964,12.867,42.091,6.55
MICROBENCHMARK,IDLE,49,249,,100000,8.919283,13.13242,27.05041,13.173573,0.001807,62.521605,92.848926,0.0,155.379822,104,104,697972,1579652,36388,37180,6,3,f11f858994b30986eca0c74a1c56e2345b98e1bcc255e1b7432c5fa7b07bf954,True,140.0,30.0,80.0,516292,12376,1419064,7.693714,20.862632,42.748,44.69,4.698
MICROBENCHMARK,IDLE,50,250,,100000,9.266409,36.243817,26.710726,8.495434,0.000149,80.848069,56.393959,0.0,137.244975,104,104,697972,1579652,36388,37180,6,3,bf4845fd9a2ef1d59c40541ea3b31eb155003adddf674c55c875750ce04780f0,True,140.0,50.0,60.0,516292,12376,1419064,7.77806,20.140831,15.256,36.824,3.958
MICROBENCHMARK,IDLE,51,251,,100000,7.713728,29.432159,26.870296,10.590427,0.000508,74.713048,50.787754,0.0,125.503638,104,104,697972,1579652,36388,37180,6,3,9185310dd98b40ba7901a6cfb9e523dd9f0bbeebe45b27ec5c1d3669c313614d,True,130.0,50.0,50.0,516292,12376,1419064,7.365828,19.95232,15.458,30.764,4.212
MICROBENCHMARK,IDLE,52,252,,100000,8.01264,29.83478,26.413092,9.459689,0.00432,74.44945,51.682756,0.0,126.155606,104,104,697972,1579652,36388,37180,6,3,8eded38a5d313df2bbe2b0927d392ac4da31e6af7c675ae1f947bf4c8dd8e80b,True,140.0,40.0,60.0,516292,12376,1419064,7.160072,20.22719,17.485,29.306,3.964
MICROBENCHMARK,IDLE,53,253,,100000,8.590728,29.54193,26.011921,7.672603,0.001148,72.002803,57.102224,0.0,129.111641,104,104,697972,1579652,36388,37180,6,3,c9d186dc8543b1f0f195578ded2f847292a4f0eb06d7dc0e83133f3138b978e8,True,120.0,50.0,60.0,519808,12376,1419064,7.45192,19.849059,22.291,30.085,4.236
MICROBENCHMARK,IDLE,54,254,,100000,8.713456,24.931992,26.700534,8.580612,0.001316,69.137052,48.461943,0.0,117.606187,104,104,697972,1579652,36388,37180,6,3,87c501623ea779333a49f1c24836c719cdf9850623012101f79fd7ca997dac3c,True,130.0,30.0,40.0,519808,12376,1419064,7.405872,19.623614,14.399,29.532,4.073
MICROBENCHMARK,IDLE,55,255,,100000,8.32522,31.347337,30.377978,9.865221,0.001176,80.085499,51.830281,0.0,131.921528,104,104,697972,1579652,36388,37180,6,3,abe6dff9aead3ac4c820fa068178db935a50cf7ae9956bf7ac7674fc04df40a6,True,150.0,40.0,60.0,520272,12376,1419064,7.171897,23.838614,17.631,29.606,4.093
MICROBENCHMARK,IDLE,56,256,,100000,8.977269,30.861311,25.54617,7.875608,0.00124,73.42811,49.253072,0.0,122.686434,104,104,697972,1579652,36388,37180,6,3,7a87f3d7a7b8abd19959eb77d8bc23dd3f489cf893410e85af17f74ac4742e0a,True,130.0,60.0,40.0,522216,12376,1419064,7.810885,19.648844,14.709,30.076,4.053
MICROBENCHMARK,IDLE,57,257,,100000,12.172536,15.358466,25.154084,4.901107,0.001,57.729689,52.518634,0.0,110.253529,104,104,697972,1579652,36388,37180,6,3,dc577ef3f679cdbbaa98109b34168a08585a6925360984fbc8bc783528108337,True,160.0,20.0,60.0,522216,12376,1419064,11.38498,18.836115,18.422,29.74,3.956
MICROBENCHMARK,IDLE,58,258,,100000,8.006551,13.057883,25.371146,4.858895,0.000776,51.422274,63.601876,0.0,115.029141,104,104,697972,1579652,36388,37180,6,3,79ee12a0b0328d76d266b5f137f7efb60e62405bc119fc368460990bd9ddcede,True,120.0,20.0,60.0,522216,12376,1419064,7.4451,19.905185,29.088,30.267,3.874
MICROBENCHMARK,IDLE,59,259,,100000,8.606065,19.902906,38.467113,7.456466,0.000708,74.574572,49.820693,0.0,124.39959,104,104,697972,1579652,36388,37180,6,3,1e68ea76c30b7cbf153e39bbce5ce196d137bca46b9bd9de9be989c48525ca65,True,160.0,30.0,50.0,522216,12376,1419064,7.230286,25.884769,15.202,30.167,4.089
MICROBENCHMARK,IDLE,60,260,,100000,8.411249,19.8269,25.810325,14.719247,0.001048,68.89674,50.486841,0.0,119.389059,104,104,697972,1579652,36388,37180,6,3,c33090a1f924adbffd823e2496d747abe48a5a1f9ce6dcd266daf4e9ef544aa7,True,140.0,30.0,60.0,522216,12376,1419064,7.389596,19.292908,15.462,30.56,4.094
MICROBENCHMARK,IDLE,61,261,,100000,7.932024,21.568105,27.325579,9.249578,0.00096,66.203163,60.06317,0.0,126.27168,104,104,697972,1579652,36388,37180,6,3,b0f5b59b489cae7513777cd8c5f292437c5327b5aa1c082a39dcc3335e5ac6ab,True,140.0,40.0,60.0,522216,12376,1419064,6.77991,19.509455,14.546,40.88,4.265
MICROBENCHMARK,IDLE,62,262,,100000,8.523173,28.42924,26.510904,7.857884,0.000889,71.474486,49.238254,0.0,120.716846,104,104,697972,1579652,36388,37180,6,3,eaaa41c68dd63a0cd244b2eb01443166ccbbe1ab072f20df0882045017ea65aa,True,130.0,50.0,50.0,522216,12376,1419064,7.2353,20.089689,14.574,30.319,3.992
MICROBENCHMARK,IDLE,63,263,,100000,8.219216,32.650935,26.492696,4.924226,0.0011,72.431298,49.285702,0.0,121.722186,104,104,697972,1579652,36388,37180,6,3,3ebee72ea6cf8a7114d098d6506536a6dbd16be6da1f7ce4bca2b76a81375704,True,120.0,40.0,50.0,522216,12376,1419064,7.518712,20.71203,14.858,29.849,4.176
MICROBENCHMARK,IDLE,64,264,,100000,8.645255,29.357943,28.698257,7.46204,0.00108,74.316247,59.948538,0.0,134.271111,104,104,697972,1579652,36388,37180,6,3,9fa4eb6f76b237c6e21fbe0c148b221fc851e07566698c715449493b99dd9fc7,True,140.0,40.0,60.0,522216,12376,1419064,7.593537,20.599633,14.81,40.555,4.175
MICROBENCHMARK,IDLE,65,265,,100000,9.117492,30.906429,27.344213,16.59376,0.001326,84.139525,48.960978,0.0,133.106275,104,104,697972,1579652,36388,37180,6,3,ff12502dd453e82a502b7a0449e4f4127a36442783c098e0d201c4d49d947abd,True,150.0,50.0,50.0,522216,12376,1419064,7.616903,19.440351,14.75,29.852,3.958
MICROBENCHMARK,IDLE,66,266,,100000,7.437187,31.559207,27.098619,4.937901,0.001241,71.188684,49.386964,0.0,120.581491,104,104,697972,1579652,36388,37180,6,3,c098489076f2015badc47ee8b54585181986671d4f6d3104a40568db589923b1,True,130.0,50.0,50.0,522216,12376,1419064,6.720558,19.522156,15.078,29.799,4.127
MICROBENCHMARK,IDLE,67,267,,100000,8.26282,32.126301,26.520037,8.842835,0.00067,75.886849,49.841343,0.0,125.731942,104,104,697972,1579652,36388,37180,6,3,eb5f62d3871bfd030b79914abe0a64c08bfe12284eb507e0d43ee1a45fc5f69c,True,150.0,40.0,50.0,522216,12376,1419064,7.037541,20.280014,15.059,30.258,4.194
MICROBENCHMARK,IDLE,68,268,,100000,7.895782,28.498803,26.829818,4.936052,0.000983,68.296712,55.777304,0.0,124.079015,104,104,697972,1579652,36388,37180,6,3,dded9b05c850b107412b917e0d865de5520d6d60e138549c5dc975de0ba3591a,True,140.0,40.0,60.0,522216,12376,1419064,7.485082,20.991413,20.373,30.781,4.192
MICROBENCHMARK,IDLE,69,269,,100000,8.807776,31.34463,29.898198,7.912175,0.000984,78.11114,52.867986,0.0,130.984853,104,104,697972,1579652,36388,37180,6,3,b161ae328723f9236280ed5261211f5b85b8e73d6c2f3c407c94bf9dc5702639,True,130.0,40.0,50.0,522216,12376,1419064,7.657169,21.17621,15.2,31.203,4.259
MICROBENCHMARK,IDLE,70,270,,100000,8.352522,28.410305,30.974244,5.046465,0.000869,72.956733,50.103402,0.0,123.068446,104,104,697972,1579652,36388,37180,6,3,13e62a63bcb510ba4b31661c1be7881981c7f5a3b78e17265cb326a647dc732a,True,150.0,40.0,50.0,522216,12376,1419064,7.434991,23.238553,15.22,30.197,4.16
MICROBENCHMARK,IDLE,71,271,,100000,7.752282,27.585294,26.055288,8.685541,0.000703,70.267407,76.82869,0.0,147.102439,104,104,697972,1579652,36388,37180,6,3,bb566ba9ca7f39d073c868276f8621fbfa2ff3fe1d8c05c1a761183b07fd1a2f,True,120.0,40.0,80.0,522216,12376,1419064,6.757853,20.096602,13.527,49.241,13.594
MICROBENCHMARK,IDLE,72,272,,100000,8.444972,26.744835,26.321364,11.989496,0.001914,73.67763,73.579763,0.0,147.266625,104,104,697972,1579652,36388,37180,6,3,75cf96a03e71a33080241a198246a0021734c771763a0b8d021694eb56a70fcc,True,140.0,50.0,70.0,522216,12376,1419064,7.063714,20.443127,20.473,47.416,5.075
MICROBENCHMARK,IDLE,73,273,,100000,7.851136,13.475825,34.510567,13.009827,0.00119,69.044683,60.46886,0.0,129.520043,104,104,697972,1579652,36388,37180,6,3,81a563bf112a5b17f04d222775db1baab03d906c1e343620cc95e343f1a8b175,True,150.0,30.0,60.0,522216,12376,1419064,7.232282,23.466945,12.916,41.88,5.194
MICROBENCHMARK,IDLE,74,274,,100000,7.996417,30.151408,27.533828,5.077145,0.000823,70.900908,60.181698,0.0,131.086627,104,104,697972,1579652,36388,37180,6,3,804d8e0bde980ed5ccae772f62a3cc73fdb3d90ebb901799ce5d50f24b140967,True,130.0,40.0,60.0,522216,12376,1419064,6.998652,19.158947,12.793,41.759,5.25
MICROBENCHMARK,IDLE,75,275,,100000,8.389558,27.692914,31.087829,10.433939,0.001682,77.790642,66.74566,0.0,144.544577,104,104,697972,1579652,36388,37180,6,3,3ea5aa025d1944de7a5c07bacf7a33967aa1cee0ad12978c7c42f1ee3e5ccecb,True,130.0,60.0,70.0,522216,12376,1419064,7.595425,21.718346,25.793,35.698,4.669
MICROBENCHMARK,IDLE,76,276,,100000,9.025202,28.680174,26.521859,9.813894,0.00102,74.209408,59.465389,0.0,133.681695,104,104,697972,1579652,36388,37180,6,3,89df9bf431a2096747fdf22a5529a9292fab7443fd52ce31daf0becfbd48557a,True,130.0,40.0,70.0,522216,12376,1419064,7.967507,19.786459,25.595,29.511,3.924
MICROBENCHMARK,IDLE,77,277,,100000,8.883283,30.389562,26.336886,7.788212,0.000802,73.558745,57.128937,0.0,130.692847,104,104,697972,1579652,36388,37180,6,3,53375829dbcada67c85c85c6d3e2211307b76e3085fb9655494fd67381d93856,True,140.0,40.0,50.0,522216,12376,1419064,7.421532,19.570966,15.774,37.04,3.92
MICROBENCHMARK,IDLE,78,278,,100000,7.742147,29.462311,26.482893,10.752517,0.00118,74.576568,55.068124,0.0,129.649382,104,104,697972,1579652,36388,37180,6,3,9436984e5854d22a0ef019b998cffe506bb3aae195104533906fd83f6ba4c190,True,140.0,40.0,60.0,522216,12376,1419064,6.708932,19.938284,20.717,29.899,4.071
MICROBENCHMARK,IDLE,79,279,,100000,8.685297,30.537646,26.693634,8.733801,0.00091,74.792571,56.055007,0.0,130.852168,104,104,697972,1579652,36388,37180,6,3,f4a74ca4352a880d0b54a9292a5fa81f8e87cf77f25e6973e9c5b1d5f01dd799,True,130.0,50.0,50.0,522216,12376,1419064,7.3628,19.920276,20.358,31.139,4.112
MICROBENCHMARK,IDLE,80,280,,100000,8.33624,27.129529,32.271891,10.569912,0.000765,78.426564,51.903456,0.0,130.3339,104,104,697972,1579652,36388,37180,6,3,6b06daec456b56425fc86bceab86b85fcbf3e8de922a4230af8c5597d8281ee3,True,140.0,50.0,60.0,522216,12376,1419064,7.2876,22.7616,17.743,29.463,4.299
MICROBENCHMARK,IDLE,81,281,,100000,8.782305,25.224149,26.562188,7.816201,0.000874,68.498389,65.755033,0.0,134.257651,104,104,697972,1579652,36388,37180,6,3,4f702f159b868c696aafa20484789b3902bd10937a1212605680fe902741759b,True,130.0,30.0,70.0,522216,12376,1419064,7.590426,19.783859,31.581,29.798,4.002
MICROBENCHMARK,IDLE,82,282,,100000,8.389493,31.300563,31.078755,4.885727,0.00106,75.795379,52.417687,0.0,128.218079,104,104,697972,1579652,36388,37180,6,3,331d53ba6bded70a2df351919f627aad662f14cd9fb72cd747b503c821c5d470,True,140.0,50.0,50.0,522216,12376,1419064,7.489903,20.534291,17.452,30.633,3.947
MICROBENCHMARK,IDLE,83,283,,100000,8.261105,33.84912,26.811028,4.881607,0.00099,73.942062,55.587838,0.0,129.535172,104,104,697972,1579652,36388,37180,6,3,5cd1bbc874a254df1db20a8cbbad4da59704f22aece547e1b0b34445f6da7ac8,True,130.0,50.0,60.0,522216,12376,1419064,7.412805,20.020127,20.456,30.732,4.007
MICROBENCHMARK,IDLE,84,284,,100000,8.895017,12.965962,25.035157,4.910407,0.000768,51.919005,112.266635,0.0,164.191455,104,104,697972,1579652,36388,37180,6,3,f35a9acb1cfc385472ae08915e7ccc604b2d3b10bacec5f4243b2d17157299f5,True,130.0,20.0,110.0,522216,12376,1419064,7.845039,20.488339,28.931,69.991,12.937
MICROBENCHMARK,IDLE,85,285,,100000,8.751608,34.207226,27.412335,8.616972,0.000656,79.12969,59.278291,0.0,138.412283,104,104,697972,1579652,36388,37180,6,3,3775871902e138ffe86fa794bef2dea2236db6300a34a1f36f8217a843f0167b,True,140.0,40.0,60.0,522216,12376,1419064,7.367959,21.127578,15.255,39.536,4.158
MICROBENCHMARK,IDLE,86,286,,100000,8.219244,23.658947,25.855363,10.050726,0.000601,67.878,49.022447,0.0,116.903236,104,104,697972,1579652,36388,37180,6,3,4a5d95d1f5216eca7bd1e3435a56cf27628df8b1aff7b2456a8bb94e41ad8574,True,150.0,50.0,50.0,522216,12376,1419064,7.470815,18.818457,15.129,29.697,3.891
MICROBENCHMARK,IDLE,87,287,,100000,12.662556,26.270818,25.520532,4.962111,0.000924,69.562951,61.514302,0.0,131.081569,104,104,697972,1579652,36388,37180,6,3,33d01b6541587c1ad07aba67141b8526c74abeccbcaab22645e2980f1829bc08,True,140.0,30.0,60.0,522216,12376,1419064,11.276751,19.228649,13.491,42.347,5.296
MICROBENCHMARK,IDLE,88,288,,100000,7.489214,13.206912,26.178819,4.952384,0.000448,51.917214,61.928782,0.0,113.848194,104,104,697972,1579652,36388,37180,6,3,8ae35493d0b162dd617a9f322672ba1405836755813643111e1754b614f00ea8,True,130.0,20.0,60.0,522216,12376,1419064,6.976712,19.661242,12.844,43.666,5.097
MICROBENCHMARK,IDLE,89,289,,100000,7.599234,13.258427,26.400353,5.12723,0.000387,52.464554,60.198498,0.0,112.666394,104,104,697972,1579652,36388,37180,6,3,33f6deb3c182ffcc4b487f64012fe7ed9daaacb7c871c0207e9cf7b231cf6ce4,True,140.0,30.0,70.0,522216,12376,1419064,7.099328,20.435994,12.787,41.818,5.249
MICROBENCHMARK,IDLE,90,290,,100000,8.644197,13.248314,30.621401,12.597256,0.001133,65.316502,55.829049,0.0,121.152725,104,104,697972,1579652,36388,37180,6,3,352232110c31968f271f61ccb5b81ce35a2402f91dc4728ebb5cb170de7eb336,True,150.0,30.0,50.0,522216,12376,1419064,7.281599,24.918346,14.39,36.249,4.638
MICROBENCHMARK,IDLE,91,291,,100000,8.286312,30.732497,26.287954,7.82302,0.000912,73.31393,68.859606,0.0,142.1803,104,104,697972,1579652,36388,37180,6,3,2949c1cd7e4fc4c5afd52e8a928c0c6b86836a2a10209a1b420a4eadd3c04862,True,130.0,40.0,80.0,523500,12376,1419064,7.505072,20.434705,21.121,43.203,4.063
MICROBENCHMARK,IDLE,92,292,,100000,10.194795,31.196778,34.839796,9.361035,0.000781,85.764396,61.856131,0.0,147.626071,104,104,697972,1579652,36388,37180,6,3,0b1a216d0832ce95b5a19df4441f5b7de950d3b13bd43311df00833766792f21,True,130.0,50.0,60.0,523500,12376,1419064,9.692787,24.15398,14.247,43.004,4.205
MICROBENCHMARK,IDLE,93,293,,100000,16.671616,30.539145,26.178525,8.303578,0.000797,81.861533,49.082935,0.0,130.948685,104,104,697972,1579652,36388,37180,6,3,87f1b2700bdb97cf0eac50d6937136e00c6b99468459f930afe6e0ef6f482a98,True,150.0,40.0,50.0,523500,12376,1419064,15.929572,20.655359,14.316,30.605,3.786
MICROBENCHMARK,IDLE,94,294,,100000,8.120814,31.453302,26.947396,8.454879,0.000931,75.131027,49.377754,0.0,124.513765,104,104,697972,1579652,36388,37180,6,3,bd3dd30613e12f1f798163d4c5c42672c38d13abc94588755f882bb33aa4fa2a,True,140.0,50.0,50.0,523500,12376,1419064,7.562591,20.086503,13.727,31.301,3.982
MICROBENCHMARK,IDLE,95,295,,100000,8.173439,27.936968,27.66521,7.54068,0.001079,71.47647,58.894663,0.0,130.376392,104,104,697972,1579652,36388,37180,6,3,690505a62358ad2abe5583acdbe5b47c0079b023cf747f96cdd24c05d1d9883a,True,140.0,40.0,60.0,523500,12376,1419064,7.045989,21.462455,23.054,31.452,3.988
MICROBENCHMARK,IDLE,96,296,,100000,8.239275,27.88669,30.128972,7.881375,0.000942,74.289828,56.641827,0.0,130.937186,104,104,697972,1579652,36388,37180,6,3,b847b0cc20dab452619dcbb195fa7acaa15d686001bd06ad33d7939e19cf9fb4,True,130.0,40.0,50.0,523500,12376,1419064,7.442074,23.97169,14.52,37.787,3.929
MICROBENCHMARK,IDLE,97,297,,100000,7.938956,29.724023,28.735133,7.954705,0.000777,74.528851,48.424975,0.0,122.958859,104,104,697972,1579652,36388,37180,6,3,07852200ad4e671349e87605eae9ed23b03cd2a87bca604523a2e5da7989848e,True,140.0,40.0,60.0,523500,12376,1419064,7.191076,23.196811,14.213,30.024,3.813
MICROBENCHMARK,IDLE,98,298,,100000,14.137592,32.470664,25.220718,8.026522,0.000906,80.034355,49.246148,0.0,129.285501,104,104,697972,1579652,36388,37180,6,3,7d752028fe5a95d9486c02a8eefe374e7bacaa3a0a154e5271c23d30c11a83ae,True,140.0,40.0,50.0,523500,12376,1419064,13.333913,19.570072,14.34,30.728,3.765
MICROBENCHMARK,IDLE,99,299,,100000,8.246655,31.124477,26.074995,4.927009,0.00068,70.502757,50.86775,0.0,121.373244,104,104,697972,1579652,36388,37180,6,3,9395d84f10be435a5dd6a2471dcd1e697a68f083128e82e2164e12c9044080c1,True,140.0,50.0,50.0,523500,12376,1419064,7.435059,20.215535,14.225,32.365,3.952
MICROBENCHMARK,IDLE,100,300,,100000,10.754016,16.190456,26.1798,4.921457,0.000794,59.29345,51.985906,0.0,111.282236,104,104,697972,1579652,36388,37180,6,3,4bdaf53ca2888bbb1674f59e6408d1a109ba61b1795f53e888334f1d598fa5c6,True,140.0,20.0,50.0,523500,12376,1419064,8.105272,19.56764,17.45,30.385,3.827
SCHEDULER_ALL_IDLE,IDLE,1,301,,100000,8.387831,13.706234,26.546342,4.969603,0.000799,53.719472,61.133555,0.0,114.856145,104,104,697972,1579652,36388,37180,6,3,242027017bc235f69889ef5eae6f32505c7b287502ddc34cc46bcc629ce029fd,True,130.0,30.0,60.0,523500,12376,1419064,7.454146,19.939812,14.061,42.714,4.059
SCHEDULER_ALL_IDLE,IDLE,2,302,,100000,8.109092,13.458544,26.028805,5.055573,0.000674,52.803793,49.053025,0.0,101.861611,104,104,697972,1579652,36388,37180,6,3,818e235a06994460a4afb4234f51c8447cc0d2ed70fb8836cb883204d7576ac6,True,150.0,20.0,50.0,523500,12376,1419064,7.47769,21.098884,14.038,30.81,3.839
SCHEDULER_ALL_IDLE,IDLE,3,303,,100000,9.465637,19.073948,33.530263,5.020633,0.000807,67.224604,60.394037,0.0,127.621983,104,104,697972,1579652,36388,37180,6,3,cca57073a9a4a0a88b948e90600ba07dfc5a64f37e5c823abb81e4d373a56fff,True,150.0,30.0,60.0,523500,12376,1419064,8.703064,25.632347,13.355,41.53,5.141
SCHEDULER_ALL_IDLE,IDLE,4,304,,100000,7.064,13.571768,24.765743,4.98081,0.000526,50.481332,59.411331,0.0,109.895731,104,104,697972,1579652,36388,37180,6,3,fa647b3e95dab0e52a401ed38d556f40aea1e30e5a1335a75116078b22b21063,True,130.0,10.0,60.0,523500,12376,1419064,6.786496,19.09417,12.876,41.046,5.138
SCHEDULER_ALL_IDLE,IDLE,5,305,,100000,7.883647,13.24855,27.979758,4.945041,0.00053,54.155985,59.201678,0.0,113.359684,104,104,697972,1579652,36388,37180,6,3,ecc012be1c981994c3880bc8aa4ab7d21e88e60acc26462e55896e75c43c0ea3,True,140.0,30.0,70.0,523500,12376,1419064,6.625231,22.55374,12.855,40.965,5.068
SCHEDULER_ALL_IDLE,IDLE,6,306,,100000,7.888229,13.067404,25.451979,4.932337,0.000464,51.423253,62.10486,0.0,113.53125,104,104,697972,1579652,36388,37180,6,3,66cf3c0cb343b3e15aecb834ad1376858372c35b47c1bbae318a1e6728b06a74,True,130.0,20.0,60.0,523500,12376,1419064,6.829497,19.583525,12.679,44.031,5.078
SCHEDULER_ALL_IDLE,IDLE,7,307,,100000,7.865511,13.23142,25.739879,4.943723,0.000512,51.880612,59.542635,0.0,111.426884,104,104,697972,1579652,36388,37180,6,3,6573c4a6a6bebdc17139b3a9f3140c4bf1f4167e30f9bb1b303e0c3a7753829a,True,140.0,30.0,60.0,523500,12376,1419064,6.840357,19.83687,12.719,41.401,5.102
SCHEDULER_ALL_IDLE,IDLE,8,308,,100000,8.704779,13.266194,29.644667,12.875402,0.000909,64.639835,58.156566,0.0,122.800576,104,104,697972,1579652,36388,37180,6,3,911fb2434575f1b2507d30064d65c1090fb18242a73ffd3c7a867f92c9739119,True,130.0,30.0,60.0,527340,12376,1419064,7.494068,19.26379,18.282,35.082,4.416
SCHEDULER_ALL_IDLE,IDLE,9,309,,100000,7.333501,13.360961,26.387231,4.975204,0.000372,52.151666,56.553169,0.0,108.70644,104,104,697972,1579652,36388,37180,6,3,a0ed4619826a188a815e890488c5ca62693965a18aeb3dd29663882331cebfb4,True,140.0,30.0,50.0,527340,12376,1419064,6.694281,20.555487,13.816,38.591,3.881
SCHEDULER_ALL_IDLE,IDLE,10,310,,100000,8.418797,13.211876,26.11214,4.909423,0.000597,52.725073,61.438547,0.0,114.166938,104,104,697972,1579652,36388,37180,6,3,6d3a7a6c041255a28c04c16bdb824efe4df63abd7bf2baa7e028102550152c4b,True,120.0,20.0,70.0,527340,12376,1419064,7.351074,19.401045,13.573,42.273,5.252
SCHEDULER_ALL_IDLE,IDLE,11,311,,100000,7.955795,29.294652,26.933024,4.988446,0.000789,69.308769,60.123729,0.0,129.436457,104,104,697972,1579652,36388,37180,6,3,41956dfbd5b1c0b047101f2686c64d737a75f8afd8b55ad08a836547e0168221,True,130.0,30.0,60.0,527340,12376,1419064,7.224776,19.609673,12.853,41.752,5.175
SCHEDULER_ALL_IDLE,IDLE,12,312,,100000,8.133787,13.272735,25.299142,5.044188,0.000638,51.872089,60.035753,0.0,111.911666,104,104,697972,1579652,36388,37180,6,3,2b1fe8a4b548820d8763cebc51e4e4734f564bdfc7bed98769bdf7a85ba6e10e,True,130.0,30.0,60.0,527340,12376,1419064,7.071901,18.843095,12.736,41.769,5.155
SCHEDULER_ALL_IDLE,IDLE,13,313,,100000,16.91756,13.310744,26.2655,4.981263,0.000801,61.616783,60.434752,0.0,122.056564,104,104,697972,1579652,36388,37180,6,3,ae9487937662cd9a7296965c0dd70b3554753a192348aafe2380ef64adbb19ad,True,160.0,20.0,60.0,527340,12376,1419064,15.649935,20.760009,12.736,42.14,5.189
SCHEDULER_ALL_IDLE,IDLE,14,314,,100000,7.910864,32.176325,38.764303,5.044077,0.000857,84.029995,60.221054,0.0,144.255455,104,104,697972,1579652,36388,37180,6,3,d5555a3b286918200f0178d34a3fcef0ad70ce83d671da53436aa0aece799a0a,True,140.0,50.0,60.0,527340,12376,1419064,7.38958,25.514499,12.832,41.857,5.198
SCHEDULER_ALL_IDLE,IDLE,15,315,,100000,8.315977,13.184542,25.763535,4.986107,0.000431,52.343985,62.556667,0.0,114.902685,104,104,697972,1579652,36388,37180,6,3,7b931c990b5e0ff3b9d4ce6a5355531b3930ac2767249b7c09aae72000866f12,True,140.0,20.0,60.0,527340,12376,1419064,7.439557,19.665582,12.793,44.276,5.195
SCHEDULER_ALL_IDLE,IDLE,16,316,,100000,8.215127,13.200335,26.215752,13.177034,0.001908,61.01649,60.491186,0.0,121.515696,104,104,697972,1579652,36388,37180,6,3,7e28e601bd8b7018afc4c6ca19a1536632e766278c58c3e7dff6810406c686a3,True,140.0,30.0,60.0,527340,12376,1419064,6.90881,19.603371,12.939,41.84,5.193
SCHEDULER_ALL_IDLE,IDLE,17,317,,100000,8.19759,16.604724,26.20117,9.758448,0.001555,60.944863,63.57184,0.0,124.524099,104,104,697972,1579652,36388,37180,6,3,b8bb13aa391ad76c05db9a2ae568279e374cf9b75afaa56ded682381a15e1fd0,True,130.0,30.0,60.0,527340,12376,1419064,7.38185,20.154648,14.448,44.13,4.513
SCHEDULER_ALL_IDLE,IDLE,18,318,,100000,8.218802,26.865609,27.119721,7.929808,0.001304,70.330046,58.646166,0.0,128.981963,104,104,697972,1579652,36388,37180,6,3,b3d6f72c862009829e0506c9320f3ffb34999947d0e7bf6b2f42cf28b54ac85f,True,130.0,50.0,60.0,527340,12376,1419064,7.297765,19.488715,14.199,40.007,3.992
SCHEDULER_ALL_IDLE,IDLE,19,319,,100000,8.01814,13.331564,26.365306,4.991756,0.001269,52.894805,62.565788,0.0,115.466348,104,104,697972,1579652,36388,37180,6,3,bd558c99d91b0400faa9d18d48ab0d0dd23bf59a3aa3876329454d644b139afd,True,140.0,10.0,70.0,527340,12376,1419064,7.232403,20.06445,13.927,42.967,5.262
SCHEDULER_ALL_IDLE,IDLE,20,320,,100000,8.124289,13.402289,33.950524,5.054598,0.000734,60.658357,59.293502,0.0,119.955159,104,104,697972,1579652,36388,37180,6,3,69c90c2755df3ee24e85b98a738a8b172e6ce0fe30a1fc5ed641f47adca4be4a,True,130.0,40.0,60.0,527340,12376,1419064,7.473287,21.799047,12.794,41.078,5.082
SCHEDULER_ALL_IDLE,IDLE,21,321,,100000,13.025072,13.129222,30.828182,4.947472,0.00059,62.025786,60.159628,0.0,122.188229,104,104,697972,1579652,36388,37180,6,3,a5fbee4388a36c36a5437fa43185efbcf07747ea95323c7c5d50c90b2abf257c,True,160.0,20.0,60.0,527340,12376,1419064,11.827156,21.396448,12.732,41.838,5.262
SCHEDULER_ALL_IDLE,IDLE,22,322,,100000,8.59082,16.117205,27.698236,10.879712,0.001692,63.492898,63.756554,0.0,127.257414,104,104,697972,1579652,36388,37180,6,3,b427e5c2ab4bbf568bd4e37badbdbd888482dab18461190f5a5213dc3b46e067,True,140.0,40.0,70.0,527340,12376,1419064,7.19623,21.657925,16.487,42.257,4.452
SCHEDULER_ALL_IDLE,IDLE,23,323,,100000,11.707329,13.275076,42.070701,16.945855,0.001345,84.176917,51.567674,0.0,135.749924,104,104,697972,1579652,36388,37180,6,3,cc74ddf972a400cdab205a03398b7fe39608af28019ef12829321a46074464c5,True,160.0,40.0,60.0,527340,12376,1419064,10.788162,26.251676,16.171,30.861,4.088
SCHEDULER_ALL_IDLE,IDLE,24,324,,100000,9.129216,27.129558,26.195622,13.193588,0.001343,75.84373,57.946291,0.0,133.796981,104,104,697972,1579652,36388,37180,6,3,0d83649fd18913d48559c53c8314f3103c6590ac0191787d8481fa828c5db2b4,True,130.0,40.0,50.0,527340,12376,1419064,7.708057,20.504292,22.61,30.894,3.959
SCHEDULER_ALL_IDLE,IDLE,25,325,,100000,8.016654,25.348224,25.949923,7.641852,0.001146,67.126785,62.407926,0.0,129.539717,104,104,697972,1579652,36388,37180,6,3,d680aa85cb87d2b1c5e46422e704b9040ee3627ac0d5a3f066ca65e5952063b9,True,140.0,40.0,60.0,527340,12376,1419064,7.066927,20.254811,13.502,41.48,5.158
SCHEDULER_ALL_IDLE,IDLE,26,326,,100000,8.593719,26.426337,27.836007,5.049595,0.000743,68.026697,59.313842,0.0,127.343575,104,104,697972,1579652,36388,37180,6,3,0541ea349524c0506cf4a992c4003950aa6b4a505816d3435219e019091ce963,True,150.0,30.0,60.0,527340,12376,1419064,7.857468,21.8918,12.771,41.076,5.107
SCHEDULER_ALL_IDLE,IDLE,27,327,,100000,7.593654,16.431473,33.882621,5.292316,0.000651,63.297558,59.156349,0.0,122.457535,104,104,697972,1579652,36388,37180,6,3,bc0e71984675231ffc185559df9bd77985a72e4eed53b8f759e3b8855402938e,True,140.0,30.0,70.0,527340,12376,1419064,6.921268,23.050442,12.659,41.077,5.081
SCHEDULER_ALL_IDLE,IDLE,28,328,,100000,8.102694,32.445674,27.847457,5.052098,0.000433,73.551777,59.599849,0.0,133.154428,104,104,697972,1579652,36388,37180,6,3,9f41ab52e1f988403689d0a0bb7edc696a76639e9c890834dcde478e3eb7a494,True,140.0,40.0,60.0,527340,12376,1419064,6.85963,21.184539,13.035,41.125,5.1
SCHEDULER_ALL_IDLE,IDLE,29,329,,100000,8.912323,13.768831,25.108076,10.147487,0.001585,58.141333,82.702486,0.0,140.852237,104,104,697972,1579652,36388,37180,6,3,cbba944f118a680b0f0b5555ab1442a3dcc42adf952e1ecee17c39fbceb62861,True,140.0,30.0,80.0,527340,12376,1419064,7.661175,20.001209,40.09,37.436,4.459
SCHEDULER_ALL_IDLE,IDLE,30,330,,100000,9.085394,13.587618,25.602618,11.953969,0.001234,60.4321,48.166916,0.0,108.604659,104,104,697972,1579652,36388,37180,6,3,d26264d18165e0cd65c7510d94024ebfe4213703532f118e6fb7e42cba1daba3,True,140.0,30.0,50.0,529380,12376,1419064,8.642209,19.959001,13.846,30.076,3.823
SCHEDULER_ALL_IDLE,IDLE,31,331,,100000,8.956715,32.113726,25.999014,8.037501,0.001045,75.289797,63.622788,0.0,138.918525,104,104,697972,1579652,36388,37180,6,3,5648e7325edb0f3905ae920f42f71a008511a5be1289ffc7a507f400b1008ffb,True,120.0,40.0,60.0,529380,12376,1419064,7.453408,19.561005,16.478,42.284,4.408
SCHEDULER_ALL_IDLE,IDLE,32,332,,100000,8.621385,31.187212,27.033607,8.073803,0.001102,75.084155,63.367165,0.0,138.456205,104,104,697972,1579652,36388,37180,6,3,77f52120d4d36609dee9da92b7258775789f91542d75b494627eed13d37addd6,True,140.0,60.0,70.0,534308,12376,1419064,7.427924,19.937345,14.519,44.575,3.89
SCHEDULER_ALL_IDLE,IDLE,33,333,,100000,8.038591,32.44812,37.428265,8.020208,0.00135,86.0955,58.431968,0.0,144.533502,104,104,697972,1579652,36388,37180,6,3,bde4e5ab43f96ef30530b95a2d91d1024010ca0fa81a50ba4d907849f2a6188b,True,150.0,40.0,50.0,534308,12376,1419064,7.060432,24.809937,13.794,40.459,3.751
SCHEDULER_ALL_IDLE,IDLE,34,334,,100000,8.49112,34.903392,32.026075,8.063146,0.001231,83.685074,49.475682,0.0,133.166891,104,104,697972,1579652,36388,37180,6,3,081b705eb821dac4f6939766113d371d6f4776b265734ef33d2e010f030527a1,True,160.0,50.0,60.0,534428,12376,1419064,7.098531,25.901751,14.012,31.01,4.048
SCHEDULER_ALL_IDLE,IDLE,35,335,,100000,8.649589,21.876036,28.044639,10.175174,0.000623,68.882573,48.990541,0.0,117.877212,104,104,697972,1579652,36388,37180,6,3,3ba076b259b137aeb2529ae7b2ccdc67e52f49b5953bd7756357ad725733c69b,True,140.0,30.0,50.0,541364,12376,1419064,7.810225,21.584567,14.049,30.585,3.973
SCHEDULER_ALL_IDLE,IDLE,36,336,,100000,7.619717,26.001849,30.043955,7.436224,0.000946,71.264469,60.359075,0.0,131.627828,104,104,697972,1579652,36388,37180,6,3,d1a0e25c7d8b5dcdede52c503b95cd19f008acea0052aeba46125f5ca78cde84,True,140.0,50.0,60.0,541892,12376,1419064,6.965918,21.869528,13.917,31.328,14.759
SCHEDULER_ALL_IDLE,IDLE,37,337,,100000,9.515005,29.158952,24.886328,7.468635,0.001484,71.192444,49.263432,0.0,120.462818,104,104,697972,1579652,36388,37180,6,3,a55984ea679e0553c88e16086782b09968cc23f86f2e106edd200b03f7413d7a,True,140.0,40.0,50.0,541892,12376,1419064,8.183289,19.053402,14.158,30.75,3.959
SCHEDULER_ALL_IDLE,IDLE,38,338,,100000,7.243126,27.948854,25.428058,7.46655,0.000869,68.22367,54.107565,0.0,122.336355,104,104,697972,1579652,36388,37180,6,3,619e78ff1be76a482e0f17b539b757ef5179da1afb33034aeaa6509e6fc97790,True,140.0,30.0,50.0,541892,12376,1419064,6.608002,19.509679,20.574,29.424,3.75
SCHEDULER_ALL_IDLE,IDLE,39,339,,100000,8.168526,13.32306,24.638543,4.958866,0.001005,51.241323,65.73442,0.0,116.981429,104,104,697972,1579652,36388,37180,6,3,f2c9afbc23b74c67aa30c1ecf6bd8d0b803609f88f7430de326169d3a0c97c79,True,130.0,20.0,80.0,541892,12376,1419064,6.811367,18.755747,15.518,45.659,4.122
SCHEDULER_ALL_IDLE,IDLE,40,340,,100000,8.913053,14.668949,28.716833,5.053889,0.000725,57.512147,50.197333,0.0,107.715219,104,104,697972,1579652,36388,37180,6,3,82a21e573d96ed914b11c7f700b9102415fa3463883e90163a95fc6bebb4faab,True,140.0,30.0,50.0,541892,12376,1419064,7.347867,23.710576,14.101,31.589,4.091
SCHEDULER_ALL_IDLE,IDLE,41,341,,100000,7.896252,34.516615,25.311264,4.981516,0.001468,72.913252,97.695622,0.0,170.617314,104,104,697972,1579652,36388,37180,6,3,685bd575e68bd3d35c7c366d82a77c1f9acaeeb3932a5899dbc836284e6a55aa,True,140.0,50.0,190.0,541892,12376,1419064,7.185484,19.431818,19.004,73.72,4.457
SCHEDULER_ALL_IDLE,IDLE,42,342,,100000,9.211212,31.679912,27.841456,8.267763,0.001737,77.262938,54.338427,0.0,131.61169,104,104,697972,1579652,36388,37180,6,3,c06ff9b816a890d681a662bb8c044942a61c53b53c4933dde4b1dcd8f63266b7,True,130.0,40.0,60.0,541892,12376,1419064,7.991824,20.928764,19.016,30.916,3.909
SCHEDULER_ALL_IDLE,IDLE,43,343,,100000,9.391695,30.645872,26.503123,7.954485,0.000803,74.65403,64.622265,0.0,139.281408,104,104,697972,1579652,36388,37180,6,3,b8c3a6d4719e47b24f9c18111224e8b35a114d9b024f855cc8277453f6d2330a,True,130.0,50.0,60.0,541892,12376,1419064,7.973831,20.777144,12.996,46.056,5.105
SCHEDULER_ALL_IDLE,IDLE,44,344,,100000,8.174879,13.290539,25.216708,8.020105,0.001002,54.847394,59.072509,0.0,113.925296,104,104,697972,1579652,36388,37180,6,3,73e731c015573da07a55808761a57a2937d29004c1832431dd897df9e0cfce53,True,130.0,20.0,60.0,541892,12376,1419064,7.147438,19.362362,12.543,40.998,5.027
SCHEDULER_ALL_IDLE,IDLE,45,345,,100000,8.095064,21.418723,29.317586,5.041735,0.000638,63.991014,59.307335,0.0,123.301118,104,104,697972,1579652,36388,37180,6,3,6b77ad9570af51f9299c630ad5f20340636981abb9fa02ab8cab334d10701093,True,160.0,30.0,70.0,541892,12376,1419064,7.43633,23.477976,12.655,41.197,5.103
SCHEDULER_ALL_IDLE,IDLE,46,346,,100000,7.864374,14.401595,25.673345,5.174091,0.000633,53.211214,63.857299,0.0,117.070849,104,104,697972,1579652,36388,37180,6,3,f337df1c42091c05951be2eb0e8ca6b21ab0c0d5e4bbb03a07dbce0fef3d8c5d,True,140.0,30.0,60.0,541892,12376,1419064,7.277135,19.940406,12.709,45.77,5.06
SCHEDULER_ALL_IDLE,IDLE,47,347,,100000,8.099032,30.354149,26.198856,6.497499,0.000578,71.249256,59.832291,0.0,131.085774,104,104,697972,1579652,36388,37180,6,3,4bae1b247775ed20846da02d750405ed38e227251ee3635b495682af23901a3f,True,140.0,40.0,60.0,541892,12376,1419064,7.030535,19.338385,12.448,41.864,5.126
SCHEDULER_ALL_IDLE,IDLE,48,348,,100000,7.688564,23.926747,30.961331,5.02735,0.000555,67.737936,58.913761,0.0,126.655078,104,104,697972,1579652,36388,37180,6,3,9a53eb744f8db468ffca2e895b5af9a683a9b69cf94c8090a17a6f9b93a80806,True,140.0,40.0,60.0,541892,12376,1419064,7.22878,19.80108,12.46,41.05,5.078
SCHEDULER_ALL_IDLE,IDLE,49,349,,100000,7.961359,15.207339,25.499546,4.92824,0.000406,53.687733,66.855006,0.0,120.546652,104,104,697972,1579652,36388,37180,6,3,cfb7f95fa9a9e8b00e7c94abcae86b67352aa08aeaa10ec81f8fcc4e02d5b3d6,True,140.0,20.0,80.0,541892,12376,1419064,7.237706,19.853983,12.482,48.92,5.051
SCHEDULER_ALL_IDLE,IDLE,50,350,,100000,7.723232,16.384401,25.267384,8.274712,0.000453,57.78782,59.161425,0.0,116.952567,104,104,697972,1579652,36388,37180,6,3,461f0499b49170a758c54686c906def7bfa1e0b94d3f736698c954ccd318f9b3,True,140.0,30.0,60.0,541892,12376,1419064,6.789452,19.570688,12.506,41.316,5.028
SCHEDULER_ALL_IDLE,IDLE,51,351,,100000,7.641144,21.895472,26.528465,5.114345,0.000471,61.297311,67.404693,0.0,128.705412,104,104,697972,1579652,36388,37180,6,3,39db70d636a359e87e827cc9b148e851ddf4f0e4810014fb1d42b56eb4ab8309,True,120.0,30.0,60.0,541892,12376,1419064,7.097544,20.520488,12.546,49.271,5.26
SCHEDULER_ALL_IDLE,IDLE,52,352,,100000,7.79686,13.215214,25.624059,13.386746,0.001536,60.236131,69.641012,0.0,129.885637,104,104,697972,1579652,36388,37180,6,3,33dd76ba7aa52c289af53049e0e6dc420218e4acd7589ad7e0638cf7737b8376,True,130.0,30.0,80.0,541892,12376,1419064,7.319473,20.08462,12.649,51.203,5.208
SCHEDULER_ALL_IDLE,IDLE,53,353,,100000,15.99469,13.316758,25.552515,4.954708,0.000487,59.956168,59.948079,0.0,119.906026,104,104,697972,1579652,36388,37180,6,3,5a3c2686b8eecdd2012f2db0c8d1d66a953f95860dc387ddf2483250cbbed4ae,True,150.0,30.0,60.0,541892,12376,1419064,15.34357,19.703681,12.433,42.175,5.062
SCHEDULER_ALL_IDLE,IDLE,54,354,,100000,8.81645,13.108308,32.457279,10.97023,0.001462,65.535604,54.346886,0.0,119.889659,104,104,697972,1579652,36388,37180,6,3,a8227e2c80d1858a061d746f330e824580aa2fdf0fb5f876ac97f3d9c2cd9485,True,150.0,30.0,50.0,541892,12376,1419064,7.998962,26.82116,14.05,35.353,4.392
SCHEDULER_ALL_IDLE,IDLE,55,355,,100000,8.742573,13.485636,26.380459,5.008148,0.000815,53.788822,61.335742,0.0,115.128262,104,104,697972,1579652,36388,37180,6,3,037c7544f23baafe86cb2626074adbac25e4bcb8f40692f48b05232539cbd72d,True,140.0,30.0,60.0,541892,12376,1419064,7.918115,21.2301,13.061,42.642,5.26
SCHEDULER_ALL_IDLE,IDLE,56,356,,100000,8.111199,13.125145,26.446949,5.036649,0.000721,52.841788,59.880649,0.0,112.727789,104,104,697972,1579652,36388,37180,6,3,95bdbbc6c567e95386cf1482cb9e635fcedc256fb6f4128687417dad9797f53e,True,130.0,20.0,60.0,541892,12376,1419064,7.262252,20.845541,12.488,41.883,5.126
SCHEDULER_ALL_IDLE,IDLE,57,357,,100000,8.500049,13.227433,26.119284,5.029794,0.000481,52.979864,59.000571,0.0,111.982176,104,104,697972,1579652,36388,37180,6,3,c00ccf3b254236ba65a38126ec6a6dd62312dc892f9219d255006ac2bb4aec86,True,130.0,20.0,60.0,541892,12376,1419064,7.38406,20.788444,12.516,41.173,5.006
SCHEDULER_ALL_IDLE,IDLE,58,358,,100000,8.433709,13.232371,27.069708,5.218405,0.000329,54.037121,59.678847,0.0,113.717504,104,104,697972,1579652,36388,37180,6,3,5b7eb1c9549b1df050a64aad586189b4ca474200d664cfd3ab77e16b3dd1ba55,True,140.0,30.0,60.0,541892,12376,1419064,7.151757,21.645305,12.562,41.685,5.123
SCHEDULER_ALL_IDLE,IDLE,59,359,,100000,7.497729,13.247162,25.452634,4.959747,0.000267,51.232881,60.578441,0.0,111.813301,104,104,697972,1579652,36388,37180,6,3,a5267ba9d5756cfab64e6b0947e44f2f0830ad39b761007e26864d6ff6f6903c,True,130.0,20.0,70.0,541892,12376,1419064,7.139863,20.096345,12.521,42.566,5.165
SCHEDULER_ALL_IDLE,IDLE,60,360,,100000,8.166055,13.272115,26.145576,4.961098,0.000442,52.646219,66.966537,0.0,119.616242,104,104,697972,1579652,36388,37180,6,3,842d3e0f636862cdce8d86b8067e5f23ab15cd9c2b8a6ae6b9ab0d6b2948f6c6,True,130.0,20.0,60.0,541892,12376,1419064,7.370775,20.206473,12.646,48.68,5.26
SCHEDULER_ALL_IDLE,IDLE,61,361,,100000,9.297511,13.287395,25.466352,5.02541,0.000308,53.167103,59.686223,0.0,112.854846,104,104,697972,1579652,36388,37180,6,3,36a5029ad1e018cbf05a11a04824df3a83f24d815829bbbbafb45b570e2a0233,True,140.0,20.0,70.0,541892,12376,1419064,8.837488,19.703634,12.53,41.748,5.131
SCHEDULER_ALL_IDLE,IDLE,62,362,,100000,8.539564,13.186656,25.220959,5.06671,0.000491,52.14485,60.711506,0.0,112.859806,104,104,697972,1579652,36388,37180,6,3,88c66f1ace9a452b870d3ad5b29e453d2c31bfaad781bbcba46b4191fb8f3d7b,True,140.0,20.0,60.0,541892,12376,1419064,7.328211,20.744737,12.832,42.359,5.128
SCHEDULER_ALL_IDLE,IDLE,63,363,,100000,8.404234,13.187841,26.323616,4.990349,0.00048,53.023084,59.778994,0.0,112.805273,104,104,697972,1579652,36388,37180,6,3,40e0b4af4a5a482a10509d97a87a604240c46ed48c013018d6800745880ac300,True,130.0,20.0,60.0,541892,12376,1419064,7.829838,20.710406,12.414,41.988,5.054
SCHEDULER_ALL_IDLE,IDLE,64,364,,100000,9.090242,13.313849,26.418286,4.973725,0.000407,53.887355,59.57495,0.0,113.464322,104,104,697972,1579652,36388,37180,6,3,f2fa3b629067ba7cc80f974f3facf9f749a7ce6a0e237d34792bcb84478afd7b,True,130.0,30.0,60.0,541892,12376,1419064,7.724983,21.187224,12.317,41.92,5.025
SCHEDULER_ALL_IDLE,IDLE,65,365,,100000,8.162181,13.227799,26.730044,5.071196,0.000302,53.275861,59.569284,0.0,112.847862,104,104,697972,1579652,36388,37180,6,3,20e8aeeeb88a7631ba96dcfd1441f1ebb43bf78510f23caeeaf7cf417d18a86e,True,150.0,20.0,60.0,541892,12376,1419064,7.409918,20.906181,12.268,41.93,5.064
SCHEDULER_ALL_IDLE,IDLE,66,366,,100000,7.915908,13.165525,26.466985,5.059518,0.000477,52.690265,59.446405,0.0,112.138763,104,104,697972,1579652,36388,37180,6,3,16a510e90eb6566b564466245a7d4e7809d39963d3eaa7b0c312b46e42f324fa,True,130.0,20.0,60.0,541892,12376,1419064,7.561493,21.482482,12.165,41.878,5.106
SCHEDULER_ALL_IDLE,IDLE,67,367,,100000,7.797916,13.206437,27.821291,12.448696,0.001333,61.469829,60.316789,0.0,121.793565,104,104,697972,1579652,36388,37180,6,3,7311156697386f3bb00dbb14bdbc6641bde2b0b06efa79a714731f7a9d26b1ab,True,140.0,40.0,60.0,541892,12376,1419064,7.455699,21.050475,12.33,42.349,5.1
SCHEDULER_ALL_IDLE,IDLE,68,368,,100000,7.872651,13.434462,26.566499,4.984057,0.000459,52.965072,59.277696,0.0,112.244818,104,104,697972,1579652,36388,37180,6,3,0063bfeffcf61e2b84f8ba419e5c9a8a83f0d9ab9a64c237f70514c08b47e312,True,140.0,20.0,60.0,541892,12376,1419064,7.396683,20.016066,12.036,41.897,5.052
SCHEDULER_ALL_IDLE,IDLE,69,369,,100000,7.983483,13.174432,26.503263,4.907523,0.000331,52.648882,59.412861,0.0,112.063705,104,104,697972,1579652,36388,37180,6,3,f3ae318a07f4e182572363f7f8e909cb804e997d4c95044811753ebcf1d360f6,True,130.0,20.0,60.0,541892,12376,1419064,7.248956,19.727816,12.118,41.955,5.067
SCHEDULER_ALL_IDLE,IDLE,70,370,,100000,8.021379,13.11765,26.343337,12.394937,0.001744,60.083618,59.917121,0.0,120.009631,104,104,697972,1579652,36388,37180,6,3,698de66a2ffdeac80fcce1110eed9cfb1fb505a836bc99a025cadc78fe07a638,True,130.0,30.0,60.0,541892,12376,1419064,7.308964,19.795628,19.963,35.031,4.34
SCHEDULER_ALL_IDLE,IDLE,71,371,,100000,9.345071,26.596505,39.976305,8.248832,0.000825,84.350189,60.63689,0.0,144.991896,104,104,697972,1579652,36388,37180,6,3,9b71f9472fef4069c15874c768b8dcf43a7ddf4991f07b75752e4d8f54e718d3,True,140.0,40.0,60.0,541892,12376,1419064,8.071702,25.530996,12.791,42.278,5.159
SCHEDULER_ALL_IDLE,IDLE,72,372,,100000,11.722171,14.047666,27.442863,12.415049,0.001289,65.862929,53.549584,0.0,119.4219,104,104,697972,1579652,36388,37180,6,3,c6437e0d271307819ef90d77869ae5dfb13fd4df6098a035aab64109bffb5518,True,150.0,30.0,50.0,541892,12376,1419064,10.987227,20.205694,13.756,35.042,4.218
SCHEDULER_ALL_IDLE,IDLE,73,373,,100000,11.666917,33.124577,30.533799,8.237847,0.001568,83.792959,46.715123,0.0,130.514799,104,104,697972,1579652,36388,37180,6,3,f09a4d32389ab8cd75f749539c6ddbeee9d505e3917736254ff261d27e65c980,True,140.0,50.0,50.0,541892,12376,1419064,10.827735,21.26915,13.175,29.402,3.73
SCHEDULER_ALL_IDLE,IDLE,74,374,,100000,8.287408,31.018723,26.541306,9.220411,0.001263,75.266656,46.939311,0.0,122.211902,104,104,697972,1579652,36388,37180,6,3,72fc08da516cdf666efb20d122e7f1105b7700264951b67007e9101dcf95cc65,True,140.0,50.0,50.0,541892,12376,1419064,7.654997,19.294111,13.127,29.593,3.838
SCHEDULER_ALL_IDLE,IDLE,75,375,,100000,19.077894,28.855987,26.051343,7.788284,0.001093,81.964855,47.681434,0.0,129.651813,104,104,697972,1579652,36388,37180,6,3,64a4da23726e1f50606b54ce411cfb56da9a0e9e6e65f2de5e0f118e93a1ccce,True,140.0,40.0,40.0,541892,12376,1419064,17.6296,19.452731,13.175,30.446,3.662
SCHEDULER_ALL_IDLE,IDLE,76,376,,100000,7.537823,20.846047,25.28001,7.441013,0.00075,61.229292,46.708074,0.0,107.94203,104,104,697972,1579652,36388,37180,6,3,cd1fdfe89182c7a9dd5d63ff0c2d036a36956a7d0e265cb3dfefd967e1f43cd7,True,140.0,30.0,50.0,541892,12376,1419064,7.084469,19.857497,13.163,29.473,3.755
SCHEDULER_ALL_IDLE,IDLE,77,377,,100000,8.996846,24.877567,28.04466,7.423062,0.001551,69.549528,46.539053,0.0,116.096113,104,104,697972,1579652,36388,37180,6,3,a4cd2bb8dbf4c5e38ba58634eea55d6a71c7c6055f54ef725102f45c61b394d1,True,140.0,40.0,50.0,541892,12376,1419064,7.665265,22.104264,13.185,29.403,3.586
SCHEDULER_ALL_IDLE,IDLE,78,378,,100000,8.630847,26.242283,27.379659,8.200496,0.000574,70.609387,48.230174,0.0,118.843932,104,104,697972,1579652,36388,37180,6,3,9ab0e1586761a145e77512269047919875181b1c28c19e2bf62d541ea70661d2,True,130.0,40.0,50.0,541892,12376,1419064,7.274305,21.474029,13.012,30.72,4.129
SCHEDULER_ALL_IDLE,IDLE,79,379,,100000,9.610669,13.346601,25.752988,9.92375,0.001239,58.816588,48.302004,0.0,107.123736,104,104,697972,1579652,36388,37180,6,3,f44b6d70a5c71828f1060f96187ed972b317050fa58e4def2bbc6e2c7efd3689,True,140.0,30.0,40.0,541892,12376,1419064,8.230002,20.522461,13.764,30.265,3.893
SCHEDULER_ALL_IDLE,IDLE,80,380,,100000,8.537941,28.007532,26.616115,9.849839,0.001128,73.26047,63.701032,0.0,136.968855,104,104,697972,1579652,36388,37180,6,3,ceb69d5b240e70757f8da076d62eace83d519353bf6a98e49886551e02a00e0d,True,140.0,40.0,70.0,541892,12376,1419064,7.231858,19.785625,15.641,43.879,3.781
SCHEDULER_ALL_IDLE,IDLE,81,381,,100000,8.719741,32.552643,26.527979,9.91048,0.000825,77.862379,55.723645,0.0,133.591804,104,104,697972,1579652,36388,37180,6,3,bf85dec4b938f5ce302034235143bb3fdc572dfcd600466181860ede544da70b,True,140.0,40.0,50.0,541892,12376,1419064,7.292026,19.689519,20.652,30.938,3.728
SCHEDULER_ALL_IDLE,IDLE,82,382,,100000,9.476811,30.498806,27.483868,7.833876,0.001109,75.512098,54.442162,0.0,129.961822,104,104,697972,1579652,36388,37180,6,3,01791cde6c2bc8dc3b0c0ce1434b3d9e4213c73dbdf076383ab0925f86f2c771,True,130.0,50.0,60.0,541892,12376,1419064,8.518182,20.482363,20.11,30.277,3.571
SCHEDULER_ALL_IDLE,IDLE,83,383,,100000,9.17923,29.842134,27.861249,8.049418,0.001492,75.179286,48.924197,0.0,124.113255,104,104,697972,1579652,36388,37180,6,3,9d60df83d17b33d159b1a937cd5487e226d8d2b05e86eb6adf5e77cf67be31b2,True,130.0,50.0,40.0,541892,12376,1419064,8.216608,22.468999,13.557,30.933,3.862
SCHEDULER_ALL_IDLE,IDLE,84,384,,100000,9.443949,28.837875,29.585341,7.970748,0.001238,76.060321,48.286429,0.0,124.355219,104,104,697972,1579652,36388,37180,6,3,670037f9ec7c2f0faf206a1e0238455eeeaa5a6f8256caa7bdc1d25c76802469,True,160.0,40.0,50.0,541892,12376,1419064,8.329003,24.622153,13.309,30.799,3.733
SCHEDULER_ALL_IDLE,IDLE,85,385,,100000,8.586995,28.69383,26.124408,7.837928,0.001344,71.440409,47.937233,0.0,119.383669,104,104,697972,1579652,36388,37180,6,3,ce894f32c5a0005ee28a2423ab089cba971d34dbda698ef21704c1e1c3d7679b,True,120.0,40.0,50.0,541892,12376,1419064,7.39154,19.419957,13.383,30.423,3.731
SCHEDULER_ALL_IDLE,IDLE,86,386,,100000,8.440448,27.946182,26.03993,7.463653,0.001092,70.07553,48.889188,0.0,118.971221,104,104,697972,1579652,36388,37180,6,3,159e3726c3303e7d7da06bcb2ff124b491d25e51d22a4cce33e3681cecf54a80,True,140.0,40.0,50.0,541892,12376,1419064,7.202334,19.780597,13.67,31.04,3.784
SCHEDULER_ALL_IDLE,IDLE,87,387,,100000,7.797067,27.808054,29.762447,7.518347,0.001064,73.056625,47.698309,0.0,120.762287,104,104,697972,1579652,36388,37180,6,3,96efcac23065cdc71ce5b65850aeaacb8b4664c624c9a005ffdb67a851b03114,True,160.0,40.0,50.0,541892,12376,1419064,6.966043,22.861761,13.67,29.731,3.874
SCHEDULER_ALL_IDLE,IDLE,88,388,,100000,10.816132,28.60445,26.124404,7.461236,0.001145,73.21504,48.159569,0.0,121.384244,104,104,697972,1579652,36388,37180,6,3,767b549d9a6df938c934cd9cb5af7c3a21c82960ace56ef9f049f8ea174e61cc,True,130.0,40.0,40.0,541892,12376,1419064,9.470879,19.69851,13.586,30.263,3.834
SCHEDULER_ALL_IDLE,IDLE,89,389,,100000,7.898206,27.923239,25.75085,7.88302,0.00086,69.631795,47.595871,0.0,117.233625,104,104,697972,1579652,36388,37180,6,3,2dfa11d0f9f7fcc54e14c8c770047c8f0864f94560a692c7e978cdf091abccd4,True,140.0,40.0,50.0,541892,12376,1419064,7.410116,20.569724,13.257,30.302,3.688
SCHEDULER_ALL_IDLE,IDLE,90,390,,100000,9.903491,28.829491,25.798474,7.427017,0.0008,72.144327,47.947285,0.0,120.098342,104,104,697972,1579652,36388,37180,6,3,198d9deb2d500e12bbf424371afc659515b84b93608ec272e59d7485c9b10a44,True,130.0,50.0,50.0,541892,12376,1419064,9.077189,20.00507,13.486,30.479,3.602
SCHEDULER_ALL_IDLE,IDLE,91,391,,100000,8.685624,28.836815,26.271801,9.897131,0.001295,73.852342,47.439566,0.0,121.296815,104,104,697972,1579652,36388,37180,6,3,6ed9e3ddbc40105f67775853a6bc712a7fc40601085f4c63baae92060a7da44a,True,140.0,40.0,50.0,541892,12376,1419064,7.472034,21.179564,13.268,30.267,3.58
SCHEDULER_ALL_IDLE,IDLE,92,392,,100000,11.441642,28.541921,26.927832,7.426055,0.001084,74.527731,47.584822,0.0,122.120199,104,104,697972,1579652,36388,37180,6,3,b10bbfdc82c95eb96173a031cfd6b0b693a8e6ffbd8443abe7120cdbf17cb9f0,True,150.0,40.0,50.0,541892,12376,1419064,10.952932,20.498767,13.26,30.096,3.798
SCHEDULER_ALL_IDLE,IDLE,93,393,,100000,7.92516,26.861737,29.384099,7.466637,0.001394,71.812474,48.796325,0.0,120.613826,104,104,697972,1579652,36388,37180,6,3,282c579be0d84577441929e514570c412f1cc5540346bb8edcb369aba0578fe5,True,150.0,40.0,50.0,541892,12384,1419064,6.785982,24.040002,13.237,31.397,3.818
SCHEDULER_ALL_IDLE,IDLE,94,394,,100000,7.880383,28.108869,26.885619,7.463436,0.000646,70.462033,48.346977,0.0,118.812774,104,104,697972,1579652,36388,37180,6,3,b9b6a26f9f345fb27b95c24952abcf8bc38434f2220186de66b6080a604027ae,True,130.0,40.0,50.0,541892,12384,1419064,6.982581,20.16827,13.258,30.925,3.871
SCHEDULER_ALL_IDLE,IDLE,95,395,,100000,8.393544,28.648206,26.450546,7.769412,0.001108,71.407688,49.011138,0.0,120.426466,104,104,697972,1579652,36388,37180,6,3,e1516d37d5ea8509ffd4e3bdc8e8ae89bf866c9705eaa1284dace3a7ec385836,True,140.0,40.0,40.0,541892,12400,1419064,7.423757,19.367963,13.625,31.235,3.732
SCHEDULER_ALL_IDLE,IDLE,96,396,,100000,7.998661,28.453406,26.648686,9.91696,0.000988,73.186474,47.89048,0.0,121.082709,104,104,697972,1579652,36388,37180,6,3,c1c53fc027423962490802c005f7195826ded253872237a419f4bbae6ce28b34,True,140.0,50.0,50.0,541892,12400,1419064,7.21786,19.528089,13.333,30.33,3.852
SCHEDULER_ALL_IDLE,IDLE,97,397,,100000,8.195093,28.875988,28.56249,5.262709,0.000719,71.073647,61.061322,0.0,132.140183,104,104,697972,1579652,36388,37180,6,3,3ddcf7cb339fb99582aebd94a810a1bdefafb3eac3173400dc764534583e29f5,True,130.0,40.0,60.0,541892,12428,1419064,7.020395,20.240869,12.885,42.516,5.217
SCHEDULER_ALL_IDLE,IDLE,98,398,,100000,8.659073,13.313485,41.494285,4.958287,0.000719,68.569744,59.0678,0.0,127.640972,104,104,697972,1579652,36388,37180,6,3,ab64c3bb876119d2cd4a0a298fa47daa090ee896477d4c2599228acf0bceff34,True,160.0,20.0,60.0,541892,12508,1419064,7.301936,25.91757,12.146,41.559,5.039
SCHEDULER_ALL_IDLE,IDLE,99,399,,100000,15.667663,13.230265,29.897594,17.14583,0.001267,76.116134,59.051624,0.0,135.174099,104,104,697972,1579652,36388,37180,6,3,2f3585678c86d80afc0f07964e8fa66456ed6bac46ba21e1b24f363d1379d58d,True,140.0,40.0,60.0,541892,12508,1419064,14.923809,23.863743,12.063,41.505,5.034
SCHEDULER_ALL_IDLE,IDLE,100,400,,100000,8.105987,26.193658,27.544344,10.002916,0.001464,72.038141,53.091546,0.0,125.137193,104,104,697972,1579652,36388,37180,6,3,7842466aad7d8f99a158afdf4d9647cd61a84af24e7caf8e100832f8f8819bc4,True,140.0,40.0,60.0,541892,12520,1419064,7.244101,21.588071,13.143,35.169,4.279
SCHEDULER_ALL_DEPLOYED,DEPLOYED,1,401,101,53717,13.538931,32.376968,26.777344,7.872152,0.027374,80.760443,46.54056,0.236214,127.571018,104,104,697972,1579652,36388,37180,6,3,2fb9748f150640ef6918dbac706d218aac1606fbd52a03cebd8fcd3e888f5792,True,140.0,50.0,40.0,541892,12528,1419064,12.882078,19.499039,13.208,29.249,3.616
SCHEDULER_ALL_DEPLOYED,DEPLOYED,2,402,101,53717,7.958266,13.542566,25.076796,5.006894,0.01206,51.705725,59.81737,0.21535,111.754141,104,104,697972,1579652,36388,37180,6,3,c2513e0aa2c508c5be50f35f8e3113f9b044d0c5b11e436ee1b7e2bb8a8f7aa3,True,130.0,20.0,70.0,541892,12536,1419064,7.039533,19.198203,12.77,41.61,5.1
SCHEDULER_ALL_DEPLOYED,DEPLOYED,3,403,101,53717,8.250289,13.251795,25.773946,4.986488,0.01075,52.363164,58.616442,0.212099,111.2059,104,104,697972,1579652,36388,37180,6,3,3d4277ba298b8cbd36df23dd3a9558cd1dba76b764c0eadbd7f798cf6fd3a3f7,True,140.0,20.0,60.0,541892,12544,1419064,6.872389,19.752133,12.307,40.999,4.986
SCHEDULER_ALL_DEPLOYED,DEPLOYED,4,404,101,53717,7.801206,13.16769,25.738269,4.9645,0.009392,51.771396,58.648154,0.202666,110.634067,104,104,697972,1579652,36388,37180,6,3,7479c08b8ee9dc4a0fa902b5b609484be0048aecd495e172ad8d17dd5002928e,True,130.0,20.0,60.0,541892,12556,1419064,7.087624,20.041597,12.328,41.01,4.997
SCHEDULER_ALL_DEPLOYED,DEPLOYED,5,405,101,53717,9.813307,13.290116,38.520778,5.011779,0.009431,66.757253,58.642764,0.497309,125.91282,104,104,697972,1579652,36388,37180,6,3,5c8a92397c26a6803e939fd373a7e567e03149ed5debdf2f897ad0d8ce061fcb,True,150.0,30.0,60.0,541892,12556,1419064,9.036832,25.913659,12.126,41.151,4.993
SCHEDULER_ALL_DEPLOYED,DEPLOYED,6,406,101,53717,9.019032,13.20277,42.817553,12.20382,0.017924,77.403525,54.188405,0.599671,132.215813,104,104,697972,1579652,36388,37180,6,3,4b0622f82abe3cd808aacbbab225a5a762b9d0e55e7d340b82fda738abd489f5,True,140.0,30.0,50.0,541892,12556,1419064,7.683405,27.411973,13.381,35.989,4.342
SCHEDULER_ALL_DEPLOYED,DEPLOYED,7,407,101,53717,8.148763,33.71531,26.639217,8.819476,0.019085,77.48168,47.970807,0.415287,125.891046,104,104,697972,1579652,36388,37180,6,3,1a3b9c74985d84f19d3a4f1335b474f6ae35af2104c586f9bc3eac8cee802311,True,140.0,50.0,50.0,541892,12556,1419064,7.158392,20.007315,13.264,30.588,3.793
SCHEDULER_ALL_DEPLOYED,DEPLOYED,8,408,101,53717,8.674642,32.011959,26.890678,7.925322,0.017575,75.639782,48.373624,0.386382,124.421655,104,104,697972,1579652,36388,37180,6,3,a82ce4d0ee76dafcce57d481b5e057f4cf60fa6bbbff0a9c209fa8a0032b5608,True,140.0,50.0,50.0,541892,12556,1419064,7.232962,20.059939,13.242,31.063,3.741
SCHEDULER_ALL_DEPLOYED,DEPLOYED,9,409,101,53717,8.295355,34.727707,26.441191,7.566019,0.006231,77.121754,48.493099,0.436957,126.062593,104,104,697972,1579652,36388,37180,6,3,b8c65d5e2f98f538a731e27b80536c4c7d43d90ba3a96f490ced42adc2dbf180,True,130.0,40.0,50.0,541892,12556,1419064,7.087706,19.437006,13.258,31.18,3.773
SCHEDULER_ALL_DEPLOYED,DEPLOYED,10,410,101,53717,7.864249,19.925648,26.398552,7.579051,0.016746,61.888141,48.098905,0.385662,110.393883,104,104,697972,1579652,36388,37180,6,3,739a91de5186a7f7424dc2dbaa822db075adc0eaf5222ff7069e2d120a5a8868,True,130.0,30.0,50.0,541892,12556,1419064,7.196276,19.942323,13.435,30.591,3.775
SCHEDULER_ALL_DEPLOYED,DEPLOYED,11,411,101,53717,8.042069,20.035441,28.333536,7.544107,0.018116,64.077106,48.796662,0.357039,113.252799,104,104,697972,1579652,36388,37180,6,3,bf617af0b0cb806536f6d38b83555133890c1d41ab30089f0a853a855ed5fd2f,True,140.0,30.0,50.0,541892,12556,1419064,7.441588,22.305323,13.253,31.406,3.849
SCHEDULER_ALL_DEPLOYED,DEPLOYED,12,412,101,53717,7.413354,27.194827,26.825603,7.541496,0.017494,69.084601,47.359452,0.356797,116.822488,104,104,697972,1579652,36388,37180,6,3,d95f1a5d1e78eb66326f8d4557c6151a6bcb0a4a31210edde7319955ee50ed1a,True,140.0,50.0,40.0,541892,12556,1419064,7.07619,20.318042,13.325,30.129,3.617
SCHEDULER_ALL_DEPLOYED,DEPLOYED,13,413,101,53717,13.003572,29.93023,26.495045,7.548065,0.016876,77.090039,48.635614,0.352244,126.098981,104,104,697972,1579652,36388,37180,6,3,af18d3bcd6270691e6f0a81be2c31888b9f29012cf737571238f6328fe7b0a3d,True,140.0,40.0,50.0,541892,12556,1419064,12.210715,20.477233,13.365,31.136,3.841
SCHEDULER_ALL_DEPLOYED,DEPLOYED,14,414,101,53717,8.325991,29.544017,26.534041,7.506914,0.018015,72.049788,60.001585,0.264476,132.339422,104,104,697972,1579652,36388,37180,6,3,82c771831958d649a80d29d49b807915ab6a4f96e6e322896e27dbb7bef10c4c,True,140.0,40.0,60.0,541892,12556,1419064,7.139906,21.032896,13.212,41.408,5.002
SCHEDULER_ALL_DEPLOYED,DEPLOYED,15,415,101,53717,12.989521,13.447085,25.950842,12.122933,0.017405,64.64973,53.783702,0.470071,118.925362,104,104,697972,1579652,36388,37180,6,3,e868e3e77366bb120425723df71847ea7e80b17c3b89f36c4a85866cb8031210,True,130.0,30.0,60.0,541892,12556,1419064,12.00886,20.398797,13.373,35.71,4.315
SCHEDULER_ALL_DEPLOYED,DEPLOYED,16,416,101,53717,8.085732,32.26879,27.325383,7.925872,0.018283,75.73791,47.782562,0.408664,123.951797,104,104,697972,1579652,36388,37180,6,3,42c00c34787a7e1926b5ed6343cf4adb619556e83cafa799ea13dbb5b817ef50,True,140.0,50.0,40.0,541892,12556,1419064,7.185143,20.55701,13.239,30.526,3.729
SCHEDULER_ALL_DEPLOYED,DEPLOYED,17,417,101,53717,8.000317,30.944504,41.434215,7.943691,0.005126,88.411432,48.48531,0.389462,137.294809,104,104,697972,1579652,36388,37180,6,3,c73a8ec31fa567c2037a7b9fd5cecf370db141d5291c3004353240afe13e7694,True,140.0,40.0,50.0,541892,12556,1419064,7.427783,26.362771,13.194,31.235,3.807
SCHEDULER_ALL_DEPLOYED,DEPLOYED,18,418,101,53717,10.434846,33.036825,27.763086,7.846065,0.018202,79.214729,56.392634,0.520825,136.151753,104,104,697972,1579652,36388,37180,6,3,a10588918eab37ff1fa1b5d2126911315b29751c8cf13b06e95fd9d71ec1d97e,True,130.0,50.0,60.0,541892,12556,1419064,9.515423,21.812013,13.322,39.099,3.631
SCHEDULER_ALL_DEPLOYED,DEPLOYED,19,419,101,53717,9.092326,30.67058,26.560852,7.908964,0.01948,74.38775,48.288086,0.422623,123.122677,104,104,697972,1579652,36388,37180,6,3,ee7418dd2075220599a4c71d8526988590df45b6c28eb745098e49fe416b4de2,True,140.0,40.0,50.0,541892,12556,1419064,7.753597,19.745231,13.773,30.415,3.771
SCHEDULER_ALL_DEPLOYED,DEPLOYED,20,420,101,53717,8.152684,31.551925,26.531371,7.557766,0.02264,73.959985,48.067153,0.527495,122.583312,104,104,697972,1579652,36388,37180,6,3,c848e8fa6cdba9e8885d717c1e255ffcfb1c8b8a8e829484c81a59d25407ed33,True,130.0,50.0,40.0,541892,12556,1419064,7.52066,20.104702,13.21,30.637,3.846
SCHEDULER_ALL_DEPLOYED,DEPLOYED,21,421,101,53717,9.283579,29.246679,44.25111,6.011668,0.012874,88.952505,59.607702,0.25803,148.835147,104,104,697972,1579652,36388,37180,6,3,fa566f42d6b843eb7cd99c1c24a97678428042e34c93bc5754deefe136abf441,True,150.0,40.0,60.0,541892,12556,1419064,7.995368,27.225568,12.644,41.501,5.095
SCHEDULER_ALL_DEPLOYED,DEPLOYED,22,422,101,53717,8.302012,33.036967,26.762202,11.267324,0.022289,79.525119,89.058025,0.364546,168.978167,104,104,697972,1579652,36388,37180,6,3,28efd98dcef0d0fa44bccfe813f44092b2ceca0faff87c31afe2c731e69a9251,True,130.0,50.0,100.0,541892,12556,1419064,7.411116,20.266684,38.808,45.207,4.425
SCHEDULER_ALL_DEPLOYED,DEPLOYED,23,423,101,53717,10.163568,42.870618,28.734253,9.036538,0.015888,91.002704,48.893132,0.298184,140.215974,104,104,697972,1579652,36388,37180,6,3,b760eda9f9bd44e87e65e85e935d27a391a2a2ec57c5dbd933e3ecff085deb56,True,140.0,60.0,50.0,541892,12620,1419064,8.313072,21.449514,15.327,29.543,3.632
SCHEDULER_ALL_DEPLOYED,DEPLOYED,24,424,101,53717,8.082487,13.275241,25.666084,4.975064,0.009418,52.097577,46.977178,0.47519,99.563411,104,104,697972,1579652,36388,37180,6,3,070a7e219764f9b515902e44c63d98664c19db081bd6251ea372e1b2e8521125,True,140.0,10.0,40.0,541892,12620,1419064,7.704219,19.824001,13.239,29.724,3.717
SCHEDULER_ALL_DEPLOYED,DEPLOYED,25,425,101,53717,8.180173,13.094346,29.276643,9.854239,0.018641,60.571458,47.045453,0.561305,108.20293,104,104,697972,1579652,36388,37180,6,3,399eab3bb8d1b7be0f3c13a3ce2a6a791d5bbef451870a5b3f095d62e8f260cf,True,130.0,40.0,50.0,541892,12620,1419064,7.186335,23.217144,13.055,30.006,3.597
SCHEDULER_ALL_DEPLOYED,DEPLOYED,26,426,101,53717,8.111281,14.716995,27.228787,11.459189,0.010947,61.686604,50.994827,0.472206,113.170298,104,104,697972,1579652,36388,37180,6,3,882b465f8d71e08fc2bd314b044bf5546eab15d2f8c14d4d372a2c8fcd3414f3,True,130.0,20.0,50.0,541892,12620,1419064,7.25201,19.710202,17.361,29.637,3.647
SCHEDULER_ALL_DEPLOYED,DEPLOYED,27,427,101,53717,12.32074,30.378423,26.563603,7.930053,0.018581,77.366116,47.018632,0.446267,124.855023,104,104,697972,1579652,36388,37180,6,3,1c220b34021f9fc9a0d074a2186d7adbecc67194f785635d5d476d633a127c76,True,140.0,50.0,50.0,541892,12620,1419064,11.179714,19.774171,13.232,29.77,3.693
SCHEDULER_ALL_DEPLOYED,DEPLOYED,28,428,101,53717,7.897307,28.335414,26.174276,7.479039,0.017381,70.016695,47.26354,0.408156,117.71041,104,104,697972,1579652,36388,37180,6,3,9cab098b1b90f86b77747074e537a1602e131a72b54576aad86cab6d41421f91,True,130.0,40.0,50.0,541892,12804,1419064,6.896335,20.036805,13.302,29.969,3.687
SCHEDULER_ALL_DEPLOYED,DEPLOYED,29,429,101,53717,8.284951,29.013769,25.445767,7.474639,0.019915,70.360556,46.524924,0.393235,117.303909,104,104,697972,1579652,36388,37180,6,3,2db4423750dc7d622cf4d68a8b71bdf3cb07ad5b9db1baa14b5da9a45987abc4,True,140.0,40.0,40.0,541892,12804,1419064,7.35948,19.489436,13.119,29.324,3.776
SCHEDULER_ALL_DEPLOYED,DEPLOYED,30,430,101,53717,8.881341,30.432674,25.395016,7.88747,0.019227,72.730887,47.2268,0.438405,120.420116,104,104,697972,1579652,36388,37180,6,3,ad7b5c37885d014f39258d8af8025c16875db24454c5db2e8383ea4798fe1f59,True,130.0,50.0,50.0,541892,12804,1419064,7.782039,20.410745,13.102,30.254,3.55
SCHEDULER_ALL_DEPLOYED,DEPLOYED,31,431,101,53717,7.806086,28.233765,27.010772,7.448585,0.018527,70.630729,50.406045,0.396258,121.456344,104,104,697972,1579652,36388,37180,6,3,5fac7e55078ec7a8bff0dd582736c06145d3e25400ca2818cb12b7dc911e3607,True,130.0,30.0,50.0,541892,12804,1419064,7.441537,19.593746,14.871,31.521,3.703
SCHEDULER_ALL_DEPLOYED,DEPLOYED,32,432,101,53717,8.842751,28.831513,26.679978,10.518792,0.023395,75.044773,47.596505,0.243037,122.912302,104,104,697972,1579652,36388,37180,6,3,1f16209a616386a1e2a14e66bebb50345912064e2bfb135ea5862a04d08c46d5,True,130.0,50.0,50.0,541892,12804,1419064,8.151322,20.044931,13.273,30.292,3.711
SCHEDULER_ALL_DEPLOYED,DEPLOYED,33,433,101,53717,7.610605,28.108562,29.519915,7.491058,0.022805,72.878962,47.967877,0.539967,121.416462,104,104,697972,1579652,36388,37180,6,3,f28144ff611de15a0a54a114defdc51fb7081b620d078bb18c5d77789c4abe9e,True,140.0,50.0,50.0,541892,12804,1419064,7.044417,21.47123,13.2,30.708,3.662
SCHEDULER_ALL_DEPLOYED,DEPLOYED,34,434,101,53717,11.414445,28.962108,25.746688,7.878135,0.023356,74.184857,47.331267,0.516134,122.061866,104,104,697972,1579652,36388,37180,6,3,1d0ac63a4e952d60b3de97119b3ce093ac42f5b71e1b03830d0ddcabd9214179,True,130.0,40.0,50.0,541892,12804,1419064,10.313197,19.72506,13.364,29.962,3.608
SCHEDULER_ALL_DEPLOYED,DEPLOYED,35,435,101,53717,9.380724,28.446633,38.311048,7.490435,0.020156,83.789351,45.736763,0.489189,130.039859,104,104,697972,1579652,36388,37180,6,3,a448c3172e3c8ff8403957f083ac7f579299c25011c3f1436c99f68036de2ad5,True,150.0,30.0,40.0,541892,12804,1419064,8.852901,25.189532,12.863,28.905,3.64
SCHEDULER_ALL_DEPLOYED,DEPLOYED,36,436,101,53717,9.141838,30.559004,26.283638,14.206053,0.021026,80.351506,52.194643,0.547502,133.120342,104,104,697972,1579652,36388,37180,6,3,befbff4b30ef8a0f58bd071918bed2725c25843c1710556bf837d1da6a880299,True,140.0,50.0,60.0,541892,12804,1419064,7.826581,20.249373,13.106,35.184,3.529
SCHEDULER_ALL_DEPLOYED,DEPLOYED,37,437,101,53717,8.081471,13.210663,25.951353,4.941422,0.020621,52.341384,46.932996,0.506617,99.807573,104,104,697972,1579652,36388,37180,6,3,fa3d93aee5d731a82d39ad164d53fd038cc4bd03feb7256d85543e5744d53a10,True,130.0,30.0,40.0,541892,12804,1419064,7.696901,20.132186,13.224,29.724,3.647
SCHEDULER_ALL_DEPLOYED,DEPLOYED,38,438,101,53717,8.299625,31.166103,25.783526,7.867338,0.019403,73.254764,47.611771,0.44218,121.332956,104,104,697972,1579652,36388,37180,6,3,99bc6e4f23995627a048742306fe6a0680ae087b2705cbbb4127ec7bbc943d24,True,130.0,50.0,50.0,541892,12804,1419064,7.318215,19.729215,13.37,30.293,3.636
SCHEDULER_ALL_DEPLOYED,DEPLOYED,39,439,101,53717,8.331579,28.165329,30.356765,7.790411,0.019488,74.786966,46.677911,0.480278,121.969716,104,104,697972,1579652,36388,37180,6,3,b648ad2a38ffd50756d9f926af83fee935f81b24108249ccdb0780f08c600780,True,140.0,30.0,40.0,541892,12804,1419064,7.841286,23.756461,13.346,29.474,3.487
SCHEDULER_ALL_DEPLOYED,DEPLOYED,40,440,101,53717,9.014539,30.383297,28.226758,7.816951,0.020828,75.593496,53.818886,0.522359,129.962787,104,104,697972,1579652,36388,37180,6,3,864f59e819c6ea9f92f5448562b08f9c6a7cdfb9f40d7d5df756d5f6ee86e57a,True,140.0,50.0,60.0,541892,12804,1419064,8.434688,20.504235,19.005,30.823,3.621
SCHEDULER_ALL_DEPLOYED,DEPLOYED,41,441,101,53717,7.545991,13.112987,25.198673,12.169615,0.022377,58.20047,56.797463,0.558076,115.584893,104,104,697972,1579652,36388,37180,6,3,4b43ce2abc90a9442986b59f5fb06060ece9c313fbf60bd61ae8f38add02baf3,True,130.0,30.0,60.0,545596,12804,1419064,7.094228,19.980403,13.108,39.611,3.711
SCHEDULER_ALL_DEPLOYED,DEPLOYED,42,442,101,53717,8.124725,29.961254,25.693205,7.893881,0.021379,71.832279,58.504321,0.468541,130.831768,104,104,697972,1579652,36388,37180,6,3,24c515c52fda13f8a8982d11c64ad92f86fbe92bb9296f2a0ffbaeb7ac0c1e96,True,130.0,40.0,50.0,545596,12804,1419064,7.6453,19.816311,12.616,41.755,3.718
SCHEDULER_ALL_DEPLOYED,DEPLOYED,43,443,101,53717,9.061162,30.336172,26.62662,7.804283,0.021513,73.983824,67.696755,0.500403,142.207935,104,104,697972,1579652,36388,37180,6,3,90290fb562229d85487d0b2f7a104491b2be91a4b934755e9cdb41fe768718a2,True,130.0,40.0,70.0,545596,12804,1419064,7.733669,19.772286,25.775,37.782,3.663
SCHEDULER_ALL_DEPLOYED,DEPLOYED,44,444,101,53717,8.134528,30.458192,26.424904,8.227258,0.021984,73.410229,47.481851,0.511405,121.431591,104,104,697972,1579652,36388,37180,6,3,b60e5cf5c40b358f0915010567956c4205dafb77172bfc9ee7ee2e6efc77bb84,True,140.0,50.0,50.0,545596,12804,1419064,7.777652,19.759564,12.984,30.408,3.717
SCHEDULER_ALL_DEPLOYED,DEPLOYED,45,445,101,53717,9.136459,29.974715,26.143736,7.873553,0.021776,73.292262,47.990729,0.525078,121.836784,104,104,697972,1579652,36388,37180,6,3,b28dfff92b4f3e448fc970adefd8d1f0a8d68f1e6eb882f0baf2b1a825ef3fc0,True,130.0,50.0,50.0,545596,12804,1419064,7.875348,19.843631,13.087,30.827,3.722
SCHEDULER_ALL_DEPLOYED,DEPLOYED,46,446,101,53717,7.837468,28.168729,27.040353,7.878536,0.021613,71.082126,47.451862,0.511957,119.073624,104,104,697972,1579652,36388,37180,6,3,aa7aaabb39310e6edd0446d4c141f2cf4e9e76eb499918a768cd8d50a241dd1d,True,130.0,40.0,50.0,549192,12804,1419064,7.075963,20.370073,12.907,30.47,3.728
SCHEDULER_ALL_DEPLOYED,DEPLOYED,47,447,101,53717,7.834457,21.008522,26.829231,7.456488,0.020466,63.280664,47.751164,0.481143,111.538578,104,104,697972,1579652,36388,37180,6,3,a55c284ec9cb239b47638b036e9c2f534b6de338793f37262a4a5cd53bea8d9a,True,130.0,30.0,40.0,549192,12804,1419064,7.202134,19.970136,13.005,30.776,3.639
SCHEDULER_ALL_DEPLOYED,DEPLOYED,48,448,101,53717,7.879275,26.153316,26.261755,7.44038,0.019081,67.879143,47.948046,0.47191,116.323509,104,104,697972,1579652,36388,37180,6,3,355dc1dc8b2e2f7fdc7d1e4c2587b081ab84c02d789a25eeac1bdde31cfc6d91,True,140.0,30.0,60.0,549192,12804,1419064,7.294732,19.467361,12.887,31.03,3.688
SCHEDULER_ALL_DEPLOYED,DEPLOYED,49,449,101,53717,7.627755,26.130842,26.604295,7.443376,0.020881,67.956215,48.278671,0.509393,116.770419,104,104,697972,1579652,36388,37180,6,3,5d7d3a8bae69203d230df48be21ad377762dbd16ae0d6af18d288bf95ba905bb,True,140.0,40.0,50.0,553228,12804,1419064,7.060379,21.290061,13.357,30.806,3.738
SCHEDULER_ALL_DEPLOYED,DEPLOYED,50,450,101,53717,8.489829,27.8769,26.13112,7.458984,0.022539,70.11246,47.848649,0.501641,118.490383,104,104,697972,1579652,36388,37180,6,3,4fe99dfc46905f334df5758d4bd0a2687fb30918719c8da0429882da9c9dddce,True,130.0,40.0,50.0,553228,12804,1419064,7.928535,20.787097,13.119,30.583,3.785
SCHEDULER_ALL_DEPLOYED,DEPLOYED,51,451,101,53717,8.359064,27.858638,25.676308,7.910485,0.019525,69.952765,47.894222,0.480232,118.352126,104,104,697972,1579652,36388,37180,6,3,22d2e1b73c60460b7e13b489b0160d03bc2b78f99042d5fe1c74cab01e011ac6,True,130.0,40.0,40.0,553228,12804,1419064,7.101467,19.627873,13.092,30.826,3.653
SCHEDULER_ALL_DEPLOYED,DEPLOYED,52,452,101,53717,8.655694,31.167745,30.854269,5.089787,0.021791,75.922657,53.328024,0.243884,129.523411,104,104,697972,1579652,36388,37180,6,3,5bfc1d26011d4f99f7dcdecabb37fd5ea260e871fa0bfed3902c2c1ddcef93af,True,130.0,50.0,60.0,553228,12804,1419064,7.431983,24.593447,13.077,34.829,5.047
SCHEDULER_ALL_DEPLOYED,DEPLOYED,53,453,101,53717,8.386922,13.486464,24.955193,4.982798,0.008116,51.912284,68.456986,0.204175,120.584924,104,104,697972,1579652,36388,37180,6,3,1083884fd4645f931bfa61387249847f39456373fcb26933229f2910bfaeaf99,True,140.0,20.0,70.0,553228,12804,1419064,7.128612,20.436024,12.568,41.593,13.945
SCHEDULER_ALL_DEPLOYED,DEPLOYED,54,454,101,53717,7.901369,13.237954,26.152716,4.9469,0.009824,52.334408,58.681409,0.520277,111.550642,104,104,697972,1579652,36388,37180,6,3,859144630e9eeaf0963c0414756e1ce1737555c833f7ac7ed799e9bda193038f,True,140.0,20.0,60.0,553228,12804,1419064,7.3201,20.494456,12.049,41.316,4.964
SCHEDULER_ALL_DEPLOYED,DEPLOYED,55,455,101,53717,8.118538,16.963753,26.548433,5.013715,0.009651,56.761847,65.13008,0.218407,122.124472,104,104,697972,1579652,36388,37180,6,3,dd0119560ef1b5f1b1204fc7fa6c328089eb606859da5abce87d9b2d3f416dd6,True,130.0,30.0,60.0,553228,12804,1419064,7.158759,19.573885,11.874,48.035,4.904
SCHEDULER_ALL_DEPLOYED,DEPLOYED,56,456,101,53717,8.982695,13.265126,30.056292,8.565086,0.009871,60.971245,57.534126,0.204272,118.722529,104,104,697972,1579652,36388,37180,6,3,1db72a9b9ebd1af91bdd5e5989874ac0f5a6068fb0cdee9d1081f539066b67d0,True,150.0,30.0,60.0,553228,12804,1419064,7.609782,25.794896,11.796,40.488,4.933
SCHEDULER_ALL_DEPLOYED,DEPLOYED,57,457,101,53717,8.461754,13.260247,25.952206,5.236891,0.008625,52.98639,65.270298,0.222058,118.491236,104,104,697972,1579652,36388,37180,6,3,89a60eba9f69f43b4f1b23397324b054bd4377a8ea7b90b8c2838d477c073d3a,True,130.0,20.0,60.0,553228,12804,1419064,7.591358,20.618606,19.133,40.879,4.955
SCHEDULER_ALL_DEPLOYED,DEPLOYED,58,458,101,53717,8.31848,15.082969,26.269061,4.978126,0.010256,54.752042,58.400607,0.205404,113.371062,104,104,697972,1579652,36388,37180,6,3,b55411dfd34d23cfb379557a9a6453631998da18ddc5ec97a291a416729eeffa,True,140.0,20.0,60.0,553228,12804,1419064,7.495544,19.517877,11.887,41.223,4.983
SCHEDULER_ALL_DEPLOYED,DEPLOYED,59,459,101,53717,8.491623,13.186638,27.364594,5.602283,0.008645,54.743046,62.636057,0.506182,117.898965,104,104,697972,1579652,36388,37180,6,3,cea3c85c07b1156d2a2f634b5d0830ea1e776bab948124f5e546bdeb976bdcdb,True,140.0,30.0,70.0,553228,12804,1419064,8.119861,22.297416,16.873,40.508,4.877
SCHEDULER_ALL_DEPLOYED,DEPLOYED,60,460,101,53717,8.946337,13.28485,26.336345,12.34981,0.02835,61.18956,61.171598,0.22076,122.618852,104,104,697972,1579652,36388,37180,6,3,90a770ae95fe3101d384e1c9663c7f278d7886984a56cbda8f1c011b84bc68fd,True,130.0,30.0,60.0,553228,12804,1419064,7.762199,19.953249,12.45,43.109,5.13
SCHEDULER_ALL_DEPLOYED,DEPLOYED,61,461,101,53717,8.723042,13.489904,26.168846,11.799762,0.009191,60.295089,53.579347,0.262313,114.148471,104,104,697972,1579652,36388,37180,6,3,7380320d01653881abd96b7b31789342a9fd80d70e82cd19c7d2e4ba8e888a78,True,130.0,30.0,50.0,553228,12804,1419064,8.03796,20.816342,13.378,35.603,4.274
SCHEDULER_ALL_DEPLOYED,DEPLOYED,62,462,101,53717,8.90654,30.612811,26.270077,7.859175,0.006046,73.7323,47.429774,0.133374,121.303021,104,104,697972,1579652,36388,37180,6,3,e71015bda79bb4d6e6a7f3567aa6454b3c159a2240ee4d65882fcd426215aafc,True,130.0,40.0,50.0,553228,12804,1419064,7.511026,19.602712,13.198,30.436,3.59
SCHEDULER_ALL_DEPLOYED,DEPLOYED,63,463,101,53717,7.968321,20.980398,25.65767,7.514541,0.005304,62.178951,62.965389,0.280813,125.434752,104,104,697972,1579652,36388,37180,6,3,ea8026050414255f6e71bde2d5415beb7da4d680b5f1ebbb7f45ff98137e2daa,True,130.0,40.0,60.0,553228,12804,1419064,7.328475,21.160343,13.144,43.714,5.744
SCHEDULER_ALL_DEPLOYED,DEPLOYED,64,464,101,53717,10.926824,13.864381,27.240703,5.165374,0.011519,57.331628,61.058339,0.223363,118.628521,104,104,697972,1579652,36388,37180,6,3,61fa3ec5bfeb1665e6336247e83e68cee6db67d470306c75cec3c8a538130a9d,True,140.0,20.0,60.0,553228,12804,1419064,9.608785,21.25342,12.386,43.181,5.167
SCHEDULER_ALL_DEPLOYED,DEPLOYED,65,465,101,53717,8.594891,13.414354,25.411478,5.006609,0.009017,52.527295,60.219605,0.206217,112.964219,104,104,697972,1579652,36388,37180,6,3,b9f6fdd770d0beda5f8a3509fd9797d8fd25fe2d4cded538afa9225a30a862c2,True,130.0,20.0,60.0,553228,12804,1419064,7.822024,19.737489,12.467,42.375,5.089
SCHEDULER_ALL_DEPLOYED,DEPLOYED,66,466,101,53717,7.744003,13.30234,25.250667,8.40297,0.0092,54.795855,60.179083,0.204166,115.1912,104,104,697972,1579652,36388,37180,6,3,1c97d45c04ad3908fcbda56d7deb58226e3cb0a79d52229d563511b6a23febf6,True,130.0,30.0,70.0,553228,12804,1419064,7.329005,19.411243,12.273,42.504,5.096
SCHEDULER_ALL_DEPLOYED,DEPLOYED,67,467,101,53717,8.177539,13.265377,25.445161,12.309934,0.026389,59.387107,53.55739,0.576028,113.555345,104,104,697972,1579652,36388,37180,6,3,c8b434c679b0274a163befe59ddfc30186a9ab23d357bcc8116b1629295af602,True,130.0,30.0,50.0,553228,12804,1419064,7.108197,19.236056,13.373,35.387,4.28
SCHEDULER_ALL_DEPLOYED,DEPLOYED,68,468,101,53717,7.947232,30.942078,25.610363,7.862208,0.019101,72.518092,48.002911,0.414688,120.958891,104,104,697972,1579652,36388,37180,6,3,89a3cf860a4ff00dc63b626943af9cbdc774bc8ae4076efdf4a3f7ff07b8cdd7,True,130.0,40.0,50.0,553228,12804,1419064,6.847878,20.107566,13.196,30.653,3.814
SCHEDULER_ALL_DEPLOYED,DEPLOYED,69,469,101,53717,7.965804,20.962243,26.648863,7.494064,0.019236,63.206247,47.603166,0.4115,111.244823,104,104,697972,1579652,36388,37180,6,3,522b9d523e115397a6f36f4172749082410dc2060b7b306ab51c61d6a7d04ca3,True,130.0,30.0,50.0,553228,12804,1419064,7.115909,20.24826,13.254,30.322,3.713
SCHEDULER_ALL_DEPLOYED,DEPLOYED,70,470,101,53717,8.277822,19.928731,29.967803,7.478762,0.017772,65.7772,58.715155,0.374698,124.889745,104,104,697972,1579652,36388,37180,6,3,435e8f8bf5f16f96a3af35b5d542aece41240e23411933b7532ea68adf43337e,True,140.0,30.0,50.0,553228,12804,1419064,6.961003,23.456636,22.934,31.615,3.845
SCHEDULER_ALL_DEPLOYED,DEPLOYED,71,471,101,53717,7.230784,26.189464,26.306226,7.865245,0.018128,67.720116,47.777768,0.366381,115.887416,104,104,697972,1579652,36388,37180,6,3,8f1fd326e7d85cdff80e1dba923f67ddfe16bf471e1dbe8b0c4172dc3334a1e3,True,150.0,40.0,50.0,553228,12804,1419064,6.64624,19.443785,13.261,30.565,3.649
SCHEDULER_ALL_DEPLOYED,DEPLOYED,72,472,101,53717,7.768699,22.871983,25.998162,4.950133,0.01877,61.729177,53.086463,0.286942,115.127269,104,104,697972,1579652,36388,37180,6,3,af1f65eacd7161143773b4e00432aa12dedc98ee6b96db83a9c0381da58e3134,True,130.0,40.0,50.0,553228,12804,1419064,7.42026,19.902594,17.697,31.146,3.846
SCHEDULER_ALL_DEPLOYED,DEPLOYED,73,473,101,53717,7.444856,13.12807,25.617729,4.912983,0.007999,51.181208,53.776286,0.523123,105.494666,104,104,697972,1579652,36388,37180,6,3,f48faa1f4a8a51e96471c1252c486f79094f3c0c461830ac1caf5f80943cdbec,True,140.0,20.0,60.0,553228,12804,1419064,6.804518,19.289742,17.948,31.689,3.815
SCHEDULER_ALL_DEPLOYED,DEPLOYED,74,474,101,53717,8.640058,13.192065,25.669988,4.966037,0.021863,52.634551,60.487541,0.257533,113.407457,104,104,697972,1579652,36388,37180,6,3,6ab335f8a9bee759f62c5430ff1ee6443b29dbef12976ab2042103fed9e1ad7f,True,130.0,20.0,60.0,553228,12804,1419064,7.469332,20.000515,12.761,42.299,5.062
SCHEDULER_ALL_DEPLOYED,DEPLOYED,75,475,101,53717,11.866215,13.421536,25.536729,4.970678,0.011372,55.920508,59.50316,0.210001,115.648545,104,104,697972,1579652,36388,37180,6,3,a504ea06dbf38c35ccdde778f2302ecfe2c38a56feaaa114510d5e4a7dfd6ba5,True,130.0,20.0,60.0,553228,12804,1419064,10.684366,20.505797,12.28,41.886,5.028
SCHEDULER_ALL_DEPLOYED,DEPLOYED,76,476,101,53717,7.621089,13.188917,29.535295,12.647729,0.027767,63.161813,53.662206,0.538977,117.397228,104,104,697972,1579652,36388,37180,6,3,aa560841a1c90d7c9cef7f042585cde69ac14b13f5490354969c16169a8cd14f,True,140.0,40.0,50.0,553228,12804,1419064,7.017777,23.419521,13.709,35.218,4.271
SCHEDULER_ALL_DEPLOYED,DEPLOYED,77,477,101,53717,9.376354,31.845301,32.071371,8.394636,0.023657,81.857182,54.237506,0.520566,136.645128,104,104,697972,1579652,36388,37180,6,3,f5fd3df6dcc27c123f5332f5f3743189b442300b0cc93d97c27eae44853e15b3,True,140.0,50.0,50.0,553228,12804,1419064,8.557902,21.312612,18.734,31.307,3.79
SCHEDULER_ALL_DEPLOYED,DEPLOYED,78,478,101,53717,9.306857,24.384227,26.294393,5.080336,0.011602,65.222167,59.764349,0.214341,125.215583,104,104,697972,1579652,36388,37180,6,3,89342e85588e5af303bac5a19bc5f0c9b1fe95ee7e6f0681223d5a7b5fb6d28d,True,130.0,40.0,60.0,553228,12804,1419064,7.834295,20.651279,12.668,41.662,5.1
SCHEDULER_ALL_DEPLOYED,DEPLOYED,79,479,101,53717,13.724987,13.257769,26.012132,13.175033,0.026029,66.348718,58.646566,0.532111,125.559372,104,104,697972,1579652,36388,37180,6,3,a0dbf21c91aa577eedd8f03b9c9c3668abe74c3bba94d53858217a2d2220f5a9,True,140.0,30.0,60.0,553228,12804,1419064,12.352239,19.361073,12.351,40.896,4.884
SCHEDULER_ALL_DEPLOYED,DEPLOYED,80,480,101,53717,8.365579,30.159312,25.773259,8.68628,0.019074,73.129053,69.735196,0.479833,143.368635,104,104,697972,1579652,36388,37180,6,3,8b68d014b512383fde5076a918ceccaa85a35d69e74210b455250c512e7b6afe,True,140.0,50.0,70.0,553228,12804,1419064,7.305384,19.577896,28.138,37.274,3.799
SCHEDULER_ALL_DEPLOYED,DEPLOYED,81,481,101,53717,7.830332,30.20402,28.078456,8.23246,0.018221,74.483523,46.869721,0.408648,121.784712,104,104,697972,1579652,36388,37180,6,3,9b2d2d1ce94f724643a67fa07f96eeaaa737a309d4d64ae1ea68c1613d78ee45,True,130.0,40.0,50.0,553228,12804,1419064,7.26701,18.718756,13.346,29.511,3.703
SCHEDULER_ALL_DEPLOYED,DEPLOYED,82,482,101,53717,8.233744,29.781315,26.200696,7.838849,0.019437,72.177592,47.750864,0.398703,120.351072,104,104,697972,1579652,36388,37180,6,3,5d66bb368be2b3dd7a256207c17724f6b3fb781c169ec4a88d98d92a33a5763b,True,130.0,40.0,50.0,553228,12804,1419064,7.526833,20.158028,13.22,30.409,3.813
SCHEDULER_ALL_DEPLOYED,DEPLOYED,83,483,101,53717,7.665574,13.544804,25.344032,10.440168,0.016129,57.119421,46.486405,0.365362,103.991887,104,104,697972,1579652,36388,37180,6,3,a5ae44d5339b7e390d880f8c22bfdf262e106e78d1b48696cde797aede270e52,True,140.0,30.0,40.0,553228,12804,1419064,6.89005,19.769461,13.156,29.485,3.571
SCHEDULER_ALL_DEPLOYED,DEPLOYED,84,484,101,53717,7.525925,28.932872,27.527993,7.410312,0.017419,71.511582,46.390158,0.36742,118.291427,104,104,697972,1579652,36388,37180,6,3,8627c83516a2d75190eb1795433fcb7fbea8b7f8847ac7299c8e8d9818d66cfb,True,140.0,40.0,50.0,553228,12804,1419064,7.097253,21.669185,13.056,29.41,3.647
SCHEDULER_ALL_DEPLOYED,DEPLOYED,85,485,101,53717,7.790021,28.075636,27.324064,5.10382,0.012501,68.438701,59.605133,0.253154,128.313224,104,104,697972,1579652,36388,37180,6,3,862d5ad465fb7fb598c6338579602f95c3781fe5558b7ee0423fefdc68d1e27d,True,130.0,40.0,60.0,553228,12804,1419064,7.281276,20.05184,12.73,41.488,5.037
SCHEDULER_ALL_DEPLOYED,DEPLOYED,86,486,101,53717,8.540427,26.262133,28.781712,10.497965,0.021308,74.219868,52.870857,0.46136,127.57922,104,104,697972,1579652,36388,37180,6,3,e22eda72e87adae43cd6f174c15d400254a569516d2a8bd97f5dc1c24d4b52c4,True,140.0,50.0,60.0,553228,12804,1419064,7.241304,21.320396,13.325,34.985,4.221
SCHEDULER_ALL_DEPLOYED,DEPLOYED,87,487,101,53717,15.26121,29.121833,35.30243,7.811673,0.020325,87.63497,46.301187,0.410333,134.371319,104,104,697972,1579652,36388,37180,6,3,06db2c81d215e75e5800c17d9f629f0c40e79219e9faf76d69fd034bd589cef3,True,140.0,40.0,50.0,553228,12804,1419064,13.938026,23.656178,13.005,29.462,3.532
SCHEDULER_ALL_DEPLOYED,DEPLOYED,88,488,101,53717,8.250691,30.047808,26.049982,10.627614,0.017166,75.101297,46.521416,0.397556,122.041964,104,104,697972,1579652,36388,37180,6,3,49d186c93f484d8f3264d6670b888328c3a9c0318b3fd708259068a66b299dd9,True,140.0,40.0,40.0,553228,12804,1419064,7.916429,19.931819,13.06,29.567,3.604
SCHEDULER_ALL_DEPLOYED,DEPLOYED,89,489,101,53717,8.249286,28.367811,30.475507,9.445981,0.022282,76.706865,47.380706,0.49085,124.605864,104,104,697972,1579652,36388,37180,6,3,f743028ea3250475bb24a0d985e7dcf0a5eefd17839caa51dc034d424f2d120a,True,150.0,50.0,50.0,553228,12804,1419064,7.322621,23.969871,13.05,30.308,3.672
SCHEDULER_ALL_DEPLOYED,DEPLOYED,90,490,101,53717,8.281663,29.594081,26.772585,7.799567,0.019341,72.579838,47.578029,0.383264,120.564584,104,104,697972,1579652,36388,37180,6,3,fdb9e2ea0add609059b9d7deb2f5e5affb457c6b222c41d642add63e80070ead,True,130.0,30.0,50.0,553228,12804,1419064,7.103536,20.420015,13.387,30.372,3.497
SCHEDULER_ALL_DEPLOYED,DEPLOYED,91,491,101,53717,10.451024,28.522347,26.394765,7.872895,0.018208,73.36928,47.46928,0.372597,121.234278,104,104,697972,1579652,36388,37180,6,3,591c013cc714c2f53db62adc90ad98b956f03902147650432c9b7ae2df037787,True,130.0,50.0,50.0,553228,12804,1419064,9.51971,19.274216,13.571,29.814,3.762
SCHEDULER_ALL_DEPLOYED,DEPLOYED,92,492,101,53717,8.280284,27.684839,26.253255,8.177269,0.017207,70.512819,47.889979,0.372938,118.797947,104,104,697972,1579652,36388,37180,6,3,73f2fdfac90d838fabbdc3afffa5c87f3daf3a5a8323a1a2ca45f4dc4846af27,True,140.0,40.0,50.0,553228,12804,1419064,7.022957,19.648272,13.401,30.357,3.848
SCHEDULER_ALL_DEPLOYED,DEPLOYED,93,493,101,53717,8.448164,27.739126,30.06954,9.754019,0.016441,76.124669,48.12973,0.404708,124.680841,104,104,697972,1579652,36388,37180,6,3,e7ef1e18fed65463504f79df8a8c7dac861fb139c0cf69878bac7e895778cb32,True,140.0,50.0,40.0,553228,12804,1419064,7.673577,24.196717,13.534,30.574,3.723
SCHEDULER_ALL_DEPLOYED,DEPLOYED,94,494,101,53717,8.344808,17.012478,25.347221,5.02166,0.012414,55.868732,59.912267,0.244448,116.042396,104,104,697972,1579652,36388,37180,6,3,896a41a89afc7c30e79141c8051d1fa22d8c756f297fc5bd16b45cab2a3a5428,True,120.0,20.0,60.0,553228,12804,1419064,7.565394,19.673046,12.616,41.777,5.149
SCHEDULER_ALL_DEPLOYED,DEPLOYED,95,495,101,53717,7.880313,21.886437,26.641116,4.962759,0.008622,61.478113,67.124233,0.515675,129.132408,104,104,697972,1579652,36388,37180,6,3,eccf5af2d9423230af2ece7ed69a6d69ae6763510a0911d9dab9a55ed07ce363,True,150.0,30.0,140.0,553228,12804,1419064,6.805231,18.983361,14.453,47.121,5.15
SCHEDULER_ALL_DEPLOYED,DEPLOYED,96,496,101,53717,7.881698,27.269927,36.745478,5.015118,0.008766,77.037389,61.246363,0.514306,138.811922,104,104,697972,1579652,36388,37180,6,3,d2f0a50e8a550bafb52541143c62c9ff04642384edff83736aeb8568f5d3acca,True,140.0,40.0,60.0,553228,12804,1419064,7.011994,23.888099,12.193,43.041,5.626
SCHEDULER_ALL_DEPLOYED,DEPLOYED,97,497,101,53717,8.727772,15.504441,37.1797,5.040789,0.009116,66.576704,59.653648,0.195369,126.437088,104,104,697972,1579652,36388,37180,6,3,1cdf490eb098e1a4e907a30c0da0ab7bc355de95567bf7d294fbf5c8bd85afbd,True,140.0,20.0,60.0,553228,12804,1419064,7.989624,25.64789,12.09,42.109,5.159
SCHEDULER_ALL_DEPLOYED,DEPLOYED,98,498,101,53717,8.401061,32.525135,28.427496,5.005747,0.009617,74.458032,58.93436,0.484476,133.890874,104,104,697972,1579652,36388,37180,6,3,8c8afe0a0f70c148aba802a6096795216006ad3ea6be896c1631409d5dfbfb38,True,140.0,50.0,60.0,553228,12804,1419064,7.206511,21.428168,12.008,41.532,5.034
SCHEDULER_ALL_DEPLOYED,DEPLOYED,99,499,101,53717,8.480369,21.454309,27.332925,4.959887,0.006664,62.328944,59.060509,0.495575,121.896066,104,104,697972,1579652,36388,37180,6,3,646be20ffa4628fc79d0d35f72699d3eb54af35414864a80cf097cff99e99dfb,True,130.0,30.0,60.0,553228,12804,1419064,7.249096,19.871416,12.101,41.607,5.011
SCHEDULER_ALL_DEPLOYED,DEPLOYED,100,500,101,53717,8.455759,17.305462,27.29061,5.052219,0.006974,58.209566,58.884692,0.196916,117.30082,104,104,697972,1579652,36388,37180,6,3,4e18bd53f0e446d117bf267e00b3da8cb6adb63e218e424b2b306c06c73ad486,True,140.0,30.0,60.0,553228,12804,1419064,7.313335,20.043787,11.957,41.683,4.979
SCHEDULER_ALL_UNPROVISIONED,UNPROVISIONED,1,501,1000101,100000,8.796652,13.267938,29.143099,5.092503,0.000563,56.39976,59.218051,0.0,115.620381,104,104,697972,1579652,36388,37180,6,3,6b0433665a0c63abeccee3335f60ce88af373c25285cd6874de517e0a566b688,True,140.0,20.0,60.0,553228,12804,1419064,8.091894,23.146981,12.362,41.593,4.981
SCHEDULER_ALL_UNPROVISIONED,UNPROVISIONED,2,502,1000101,100000,9.07205,13.219756,25.743526,13.169126,0.001365,61.4025,81.755404,0.0,143.165882,104,104,697972,1579652,36388,37180,6,3,e1cc8b8bf9a3c769e5bf34c7e78ef5c3f275e2cbfb33e2e6fe299af83a71f864,True,140.0,30.0,80.0,553228,12804,1419064,7.698318,19.5758,38.848,37.931,4.323
SCHEDULER_ALL_UNPROVISIONED,UNPROVISIONED,3,503,1000101,100000,16.78373,34.122259,32.62481,8.268015,0.001584,92.020762,50.578581,0.0,142.606063,104,104,697972,1579652,36388,37180,6,3,094644a15b60eb9522815fcb2c2573baa064b73974bf1096b399e3dbbbbdac0c,True,150.0,50.0,60.0,553228,12804,1419064,15.352262,22.420713,15.784,30.615,3.704
SCHEDULER_ALL_UNPROVISIONED,UNPROVISIONED,4,504,1000101,100000,8.355217,34.905168,32.767358,4.971924,0.001665,81.246195,49.09224,0.0,130.347159,104,104,697972,1579652,36388,37180,6,3,7b03f881b245f19c66cbaf1adaa56417c11f7afa55b01ef7e8e2c6f931511829,True,150.0,40.0,40.0,553228,12804,1419064,7.341857,24.180003,13.438,31.295,3.898
SCHEDULER_ALL_UNPROVISIONED,UNPROVISIONED,5,505,1000101,100000,9.9557,13.13764,26.135451,4.934597,0.000928,54.298598,49.195193,0.0,103.497052,104,104,697972,1579652,36388,37180,6,3,a872553f2bbbf2d834884f45f994c5330d1ec4a758dd51d4a78a81a915a34c7f,True,120.0,30.0,50.0,553228,12804,1419064,8.786924,20.216298,13.67,31.348,3.878
SCHEDULER_ALL_UNPROVISIONED,UNPROVISIONED,6,506,1000101,100000,7.835089,13.123141,25.286511,4.998948,0.001548,51.390871,51.216865,0.0,102.613311,104,104,697972,1579652,36388,37180,6,3,74e5cc9eb603d642fe95882056f2ed8f509985a6abcca77efd4a4ced1bdc9d79,True,140.0,20.0,60.0,553228,12804,1419064,6.790698,19.599015,16.582,30.442,3.786
SCHEDULER_ALL_UNPROVISIONED,UNPROVISIONED,7,507,1000101,100000,8.362359,13.0903,25.867279,4.882293,0.001225,52.375555,47.74537,0.0,100.126503,104,104,697972,1579652,36388,37180,6,3,9c29f00800ba189e19f8c7e40ab3f5657eb116a7540bbdcc5f6da739c92a3eac,True,140.0,20.0,40.0,553228,12804,1419064,7.864198,21.311324,13.441,30.149,3.797
SCHEDULER_ALL_UNPROVISIONED,UNPROVISIONED,8,508,1000101,100000,8.429072,32.007297,26.16381,10.523552,0.001123,77.297299,48.43607,0.0,125.739676,104,104,697972,1579652,36388,37180,6,3,325ec135ca9032e7d7f5edec417fbe66d25fd415c33733c67547b3c1c5795ad4,True,140.0,50.0,60.0,553228,12804,1419064,7.384194,19.211006,13.415,30.843,3.816
SCHEDULER_ALL_UNPROVISIONED,UNPROVISIONED,9,509,1000101,100000,8.460742,30.414037,30.133303,7.772643,0.000701,76.915405,54.873544,0.0,131.794182,104,104,697972,1579652,36388,37180,6,3,57c77b64d76759422705de0df0f471f6be47428418bc75b5d636bceb09f8deec,True,120.0,50.0,50.0,553228,12804,1419064,7.553663,22.186402,19.73,31.068,3.688
SCHEDULER_ALL_UNPROVISIONED,UNPROVISIONED,10,510,1000101,100000,8.160837,33.595375,30.350458,7.759568,0.001163,80.04765,47.993926,0.0,128.047914,104,104,697972,1579652,36388,37180,6,3,a53c1df63b346d3058d8cd04e1c4dab4835e05050ca8881bba55ed50a9a0bf97,True,150.0,40.0,50.0,553228,12804,1419064,7.197916,24.267592,13.505,30.361,3.732
SCHEDULER_ALL_UNPROVISIONED,UNPROVISIONED,11,511,1000101,100000,9.069243,30.565957,27.78231,7.816711,0.001609,75.414956,48.942497,0.0,124.364511,104,104,697972,1579652,36388,37180,6,3,4b9f0883c780bedfbe116c552986e03551616aa87e8e9f7772babd09e063850f,True,130.0,50.0,50.0,553228,12804,1419064,7.810927,18.996052,13.429,31.27,3.817
SCHEDULER_ALL_UNPROVISIONED,UNPROVISIONED,12,512,1000101,100000,8.397532,29.7215,26.266221,7.842669,0.001306,72.418103,48.675142,0.0,121.099979,104,104,697972,1579652,36388,37180,6,3,cf7ccc95343f2e8591b26c7f79b35cbe994308340216848e487b9562807d0679,True,140.0,40.0,50.0,553228,12804,1419064,7.940813,20.071335,13.303,31.147,3.845
SCHEDULER_ALL_UNPROVISIONED,UNPROVISIONED,13,513,1000101,100000,10.922182,29.094316,26.064812,7.76976,0.001278,74.027487,54.370414,0.0,128.404894,104,104,697972,1579652,36388,37180,6,3,7c3a39a737f1c96d75f347836f2b7dd2832043a916afb9471ef5405e053fdc55,True,130.0,40.0,60.0,553228,12804,1419064,10.003071,20.231985,13.386,36.72,3.851
SCHEDULER_ALL_UNPROVISIONED,UNPROVISIONED,14,514,1000101,100000,15.021599,18.302184,26.403775,4.958063,0.000938,64.850765,56.839519,0.0,121.695528,104,104,697972,1579652,36388,37180,6,3,e510572b7b49cbacf9ef15b54fa218271deb71c8d00dc4240e41442c794a88a9,True,140.0,30.0,50.0,553228,12804,1419064,14.437719,20.754098,13.096,39.177,4.166
SCHEDULER_ALL_UNPROVISIONED,UNPROVISIONED,15,515,1000101,100000,8.794054,13.42787,27.460155,5.10081,0.000799,54.941236,59.595633,0.0,114.541069,104,104,697972,1579652,36388,37180,6,3,49a715e88e27fc00365140d923f9ced69d5a12649562d0788dc6cb428481aee2,True,140.0,20.0,60.0,553228,12804,1419064,7.627155,22.295018,17.411,38.113,3.675
SCHEDULER_ALL_UNPROVISIONED,UNPROVISIONED,16,516,1000101,100000,8.127547,28.790343,27.111784,4.90749,0.001327,69.111868,48.616364,0.0,117.733399,104,104,697972,1579652,36388,37180,6,3,a8634db56328fd146af293da5ad47c76d08715452d259848eaf8e2f58eb44a95,True,140.0,40.0,50.0,553228,12804,1419064,7.6491,19.309823,12.994,31.33,3.887
SCHEDULER_ALL_UNPROVISIONED,UNPROVISIONED,17,517,1000101,100000,10.484545,13.107436,29.967959,13.670411,0.000664,67.383465,48.970907,0.0,116.358743,104,104,697972,1579652,36388,37180,6,3,4a038745aefa4e54f8b1aa4e58e04f0daaa3d707bf4893ced549337c7709676d,True,140.0,30.0,50.0,553228,12804,1419064,9.307226,24.641955,13.238,31.455,3.953
SCHEDULER_ALL_UNPROVISIONED,UNPROVISIONED,18,518,1000101,100000,8.219086,32.076751,26.24252,7.958577,0.00072,74.636665,49.212813,0.0,123.855348,104,104,697972,1579652,36388,37180,6,3,c0ad6fdd0e4d0ce6d095785ccec87239b4a368fc6fb3245d42dadfe13fdb8fdc,True,130.0,40.0,50.0,553228,12804,1419064,7.255302,20.037641,13.368,31.591,3.86
SCHEDULER_ALL_UNPROVISIONED,UNPROVISIONED,19,519,1000101,100000,8.273598,31.471148,26.807504,7.940655,0.001174,74.675034,48.653572,0.0,123.3336,104,104,697972,1579652,36388,37180,6,3,933f93af6774e030b90b38ed6713dbc5d96913c75bfdf68c7872ac8002442944,True,180.0,40.0,50.0,553228,12804,1419064,7.037656,19.890481,13.195,31.231,3.879
SCHEDULER_ALL_UNPROVISIONED,UNPROVISIONED,20,520,1000101,100000,8.57155,28.938717,26.089284,7.49843,0.000936,71.229877,48.640576,0.0,119.874145,104,104,697972,1579652,36388,37180,6,3,a54e37ce5729726bb2ff43ffe5cc7aa2a425235ae6e118aaa1256ad49c2131b1,True,130.0,50.0,50.0,553228,12804,1419064,7.823004,19.944109,13.191,31.293,3.858
SCHEDULER_ALL_UNPROVISIONED,UNPROVISIONED,21,521,1000101,100000,9.136008,28.90787,25.928894,7.539936,0.000791,71.641283,48.244928,0.0,119.890215,104,104,697972,1579652,36388,37180,6,3,8065c937876652fec441da696676ffb69d4d9ecbd89147b42d4a7d0bcea7a9a5,True,130.0,40.0,50.0,553228,12804,1419064,7.594415,19.871593,13.286,30.805,3.844
SCHEDULER_ALL_UNPROVISIONED,UNPROVISIONED,22,522,1000101,100000,7.623869,28.369149,26.569161,7.477821,0.000996,70.17385,47.83697,0.0,118.015384,104,104,697972,1579652,36388,37180,6,3,58b2e49d393b4712768cec2db57d4fd8b6214daf387ca012d287be75e07629cc,True,130.0,40.0,50.0,553228,12804,1419064,6.974199,20.958873,13.148,30.702,3.681
SCHEDULER_ALL_UNPROVISIONED,UNPROVISIONED,23,523,1000101,100000,8.552488,28.050077,25.710379,9.984502,0.000561,72.414838,48.025459,0.0,120.443487,104,104,697972,1579652,36388,37180,6,3,0700dac3d816d19f541efef2b831ace77c06c027644bc531f3627155e730520d,True,130.0,40.0,40.0,553228,12804,1419064,7.243574,19.922487,13.344,30.834,3.601
SCHEDULER_ALL_UNPROVISIONED,UNPROVISIONED,24,524,1000101,100000,8.06385,28.826921,25.754428,7.451298,0.000811,70.250074,47.439031,0.0,117.694299,104,104,697972,1579652,36388,37180,6,3,d2d853a01e373286d4eacd36022951d8619748b300010f53cd0b7e2784be9b3e,True,140.0,50.0,50.0,553228,12804,1419064,7.168573,19.134803,13.346,29.93,3.824
SCHEDULER_ALL_UNPROVISIONED,UNPROVISIONED,25,525,1000101,100000,8.494155,27.899263,26.287214,9.250728,0.000903,72.070616,51.936494,0.0,124.01191,104,104,697972,1579652,36388,37180,6,3,61f2136f173c317456a58b281668adf54752c3e04fa6b3a449bf904f8b801100,True,140.0,30.0,50.0,553228,12804,1419064,7.272408,20.176332,17.537,30.307,3.712
SCHEDULER_ALL_UNPROVISIONED,UNPROVISIONED,26,526,1000101,100000,8.650028,31.559491,26.744211,7.478147,0.001219,74.636702,47.714886,0.0,122.357783,104,104,697972,1579652,36388,37180,6,3,2e06a4a3334c389868880405968708705b402276cc4053867a546eb843e7fd9a,True,120.0,50.0,50.0,553228,12804,1419064,7.134591,19.641954,13.36,30.217,3.77
SCHEDULER_ALL_UNPROVISIONED,UNPROVISIONED,27,527,1000101,100000,15.637145,28.766404,26.150797,8.260148,0.001096,78.966639,48.529856,0.0,127.50203,104,104,697972,1579652,36388,37180,6,3,678346a7c679411055878ad5ad4f04adc9db10abd5917b1e5eef691a3b976d9c,True,130.0,40.0,50.0,553228,12804,1419064,14.60608,19.961433,13.332,31.09,3.779
SCHEDULER_ALL_UNPROVISIONED,UNPROVISIONED,28,528,1000101,100000,8.352027,28.940041,27.387259,7.522883,0.001477,72.42639,55.113962,0.0,127.547936,104,104,697972,1579652,36388,37180,6,3,ed94316cde28cf28cc20633fd785271e3a2fbcb52f1749355bd6a439a7898b94,True,140.0,50.0,60.0,553228,12804,1419064,7.231184,20.306398,19.375,31.279,3.983
SCHEDULER_ALL_UNPROVISIONED,UNPROVISIONED,29,529,1000101,100000,7.855775,28.85932,42.966245,7.836651,0.000951,87.696419,49.00616,0.0,136.706904,104,104,697972,1579652,36388,37180,6,3,97f7f9ef15be4720950f5502e982c3741771279c3790f32f6631e2170fc17a4b,True,170.0,30.0,50.0,553228,12804,1419064,7.02682,26.168333,13.373,31.523,3.798
SCHEDULER_ALL_UNPROVISIONED,UNPROVISIONED,30,530,1000101,100000,7.93543,31.25672,25.66301,7.863476,0.000932,72.854372,48.953333,0.0,121.812502,104,104,697972,1579652,36388,37180,6,3,4f7695dcb90bc06a45307b6190e0123bc246d20f774f43a2dc11f01bf14e99b3,True,130.0,60.0,50.0,553228,12804,1419064,6.924695,19.103744,13.327,31.483,3.773
SCHEDULER_ALL_UNPROVISIONED,UNPROVISIONED,31,531,1000101,100000,9.122914,30.541936,31.129524,8.424757,0.001462,79.392755,48.177329,0.0,127.577191,104,104,697972,1579652,36388,37180,6,3,6abb26ce9aaaa18209b1990e02c2b8c0d89295a50c94d09570620a5c200d677c,True,150.0,40.0,40.0,553228,12804,1419064,8.005093,21.330944,13.322,30.779,3.685
SCHEDULER_ALL_UNPROVISIONED,UNPROVISIONED,32,532,1000101,100000,8.051726,28.144435,26.999473,7.428511,0.001255,70.798367,48.454729,0.0,119.259314,104,104,697972,1579652,36388,37180,6,3,b3e1923fa688ccaec2d6fa6f17a01bcdf42fed88beffd2e41a8853826170bfef,True,140.0,30.0,50.0,553228,12804,1419064,7.223226,19.58498,13.238,31.047,3.789
SCHEDULER_ALL_UNPROVISIONED,UNPROVISIONED,33,533,1000101,100000,14.932867,29.953353,25.31657,4.989066,0.00045,75.331661,50.366084,0.0,125.701743,104,104,697972,1579652,36388,37180,6,3,49f7567921e1bedca3e5d3c4dcfba40b08d5c0218827c7cd89b4607975d5d1e7,True,130.0,50.0,50.0,553228,12804,1419064,12.128721,20.051518,15.174,31.095,3.764
SCHEDULER_ALL_UNPROVISIONED,UNPROVISIONED,34,534,1000101,100000,7.854069,13.182486,25.797181,4.990613,0.000727,51.959133,49.156321,0.0,101.119953,104,104,697972,1579652,36388,37180,6,3,e3100197fce3a713b6b410a1d93ef4692e55fc8596d8727b5938918b792f321d,True,140.0,20.0,50.0,553228,12804,1419064,7.341522,19.731305,14.032,30.991,3.775
SCHEDULER_ALL_UNPROVISIONED,UNPROVISIONED,35,535,1000101,100000,9.25398,34.227028,25.683107,7.835259,0.001565,77.19363,47.875714,0.0,125.075623,104,104,697972,1579652,36388,37180,6,3,51b66420981400bd6dba57fd81c2f3188f9aaff515e6aeb0076e0f1b30eeabaa,True,130.0,50.0,50.0,553228,12804,1419064,7.968771,19.474463,13.241,30.459,3.81
SCHEDULER_ALL_UNPROVISIONED,UNPROVISIONED,36,536,1000101,100000,8.036391,29.58107,27.674877,7.81349,0.000759,73.238814,48.469941,0.0,121.713475,104,104,697972,1579652,36388,37180,6,3,bcc9751a4f6dadcd1319811997392ae6b07ab181dd5fb35f00fb66b855e86b78,True,140.0,40.0,50.0,553228,12804,1419064,7.545722,21.350542,13.258,31.018,3.876
SCHEDULER_ALL_UNPROVISIONED,UNPROVISIONED,37,537,1000101,100000,7.82901,28.08329,30.585812,7.421457,0.000756,74.036808,55.027054,0.0,129.068538,104,104,697972,1579652,36388,37180,6,3,5834d16b1c362ac7336f77fc763362787bbf0e471b6efab18fb907c12c216924,True,140.0,40.0,50.0,553228,12804,1419064,7.325228,21.777392,13.184,37.694,3.808
SCHEDULER_ALL_UNPROVISIONED,UNPROVISIONED,38,538,1000101,100000,11.965712,31.207041,25.106956,7.974959,0.000753,76.418489,57.951028,0.0,134.374093,104,104,697972,1579652,36388,37180,6,3,c1a652bf28726101f5cfe104a1460e8246e504e567300e32a48d01d74ee9d8b2,True,140.0,50.0,60.0,553228,12804,1419064,11.424467,19.032494,13.234,40.555,3.816
SCHEDULER_ALL_UNPROVISIONED,UNPROVISIONED,39,539,1000101,100000,8.404299,30.739589,26.294375,8.34906,0.000908,73.941648,47.653285,0.0,121.599815,104,104,697972,1579652,36388,37180,6,3,701901c8c6e7393b59beb5670a262f0866f6b5d670a35e09b88f30e834b9fb65,True,130.0,40.0,50.0,553228,12804,1419064,7.439534,20.082651,13.291,30.393,3.654
SCHEDULER_ALL_UNPROVISIONED,UNPROVISIONED,40,540,1000101,100000,9.156677,32.292056,25.86286,4.905672,0.000872,72.362997,47.533763,0.0,119.901281,104,104,697972,1579652,36388,37180,6,3,822d3a859d46dd96a2ab05a52f50dcb632ed8ba23a43eb9a35595361f4124296,True,140.0,40.0,50.0,553228,12804,1419064,7.965058,20.105554,13.104,30.314,3.765
SCHEDULER_ALL_UNPROVISIONED,UNPROVISIONED,41,541,1000101,100000,7.819979,28.303165,28.771091,10.940569,0.000724,75.972705,47.602852,0.0,123.579474,104,104,697972,1579652,36388,37180,6,3,88f8db458b7740e0cc7d770034240a04cb129ac333df0b7e1e400353ecc72709,True,130.0,40.0,40.0,553228,12804,1419064,7.260801,24.08268,13.096,30.465,3.743
SCHEDULER_ALL_UNPROVISIONED,UNPROVISIONED,42,542,1000101,100000,14.083748,31.096919,44.064792,7.831346,0.000186,97.160614,52.168882,0.0,149.331075,104,104,697972,1579652,36388,37180,6,3,32a786785f257b89247651c909eb8a4623320b4f56ad52e0898d02cdbd4cacae,True,150.0,50.0,60.0,553228,12804,1419064,12.740022,38.41961,14.428,31.586,3.897
SCHEDULER_ALL_UNPROVISIONED,UNPROVISIONED,43,543,1000101,100000,7.781787,20.952125,25.091531,7.840164,0.000243,61.736686,50.030917,0.0,111.769133,104,104,697972,1579652,36388,37180,6,3,2ddc4e4f71aa37ca1504f53d72e498d094315361ad30b1c17440eb01e1d6c94d,True,140.0,30.0,50.0,553228,12804,1419064,6.944627,19.693427,15.653,30.338,3.781
SCHEDULER_ALL_UNPROVISIONED,UNPROVISIONED,44,544,1000101,100000,7.810475,20.958607,26.474561,7.456045,0.000207,62.763636,48.454221,0.0,111.219258,104,104,697972,1579652,36388,37180,6,3,924d288d1f798f861b0e44b89f01649a4a28f05ab2213aab1bc7fcac9b0962ae,True,130.0,40.0,50.0,553228,12804,1419064,7.156949,19.756195,13.356,30.979,3.928
SCHEDULER_ALL_UNPROVISIONED,UNPROVISIONED,45,545,1000101,100000,8.039701,19.984657,32.500201,7.460157,0.00017,68.044955,55.80733,0.0,123.853335,104,104,697972,1579652,36388,37180,6,3,c95f010b83f7bf7a30031dd3b50c7c22999937188d9e967613bc60319c1d0375,True,150.0,30.0,50.0,553228,12804,1419064,7.596663,24.575434,19.957,31.827,3.812
SCHEDULER_ALL_UNPROVISIONED,UNPROVISIONED,46,546,1000101,100000,9.437163,20.045835,28.708046,7.620613,0.000621,65.919025,49.097066,0.0,115.020344,104,104,697972,1579652,36388,37180,6,3,f87a47e92fb239d531c4123535d7a407e70e9feba29086785f302605b79f1bb8,True,120.0,30.0,50.0,553228,12804,1419064,8.859868,20.287223,13.223,31.59,3.931
SCHEDULER_ALL_UNPROVISIONED,UNPROVISIONED,47,547,1000101,100000,7.557421,13.126504,24.35455,4.896657,0.000849,50.067156,48.336971,0.0,98.408469,104,104,697972,1579652,36388,37180,6,3,d289942ebab2ac9d2e6d8e5e09b0a306efc32efe6232af483cbe62fb09b76a7b,True,140.0,20.0,50.0,553228,12804,1419064,7.050261,19.399262,13.202,30.908,3.909
SCHEDULER_ALL_UNPROVISIONED,UNPROVISIONED,48,548,1000101,100000,7.521698,13.050386,25.430321,4.937722,0.000655,51.031837,48.103638,0.0,99.137476,104,104,697972,1579652,36388,37180,6,3,bf27e347f0ac712d056cd538b6f6ff64e4b9d6caf50f9b520d479cd4cd91c3ab,True,140.0,20.0,50.0,553228,12804,1419064,6.882747,19.810259,13.089,31.093,3.689
SCHEDULER_ALL_UNPROVISIONED,UNPROVISIONED,49,549,1000101,100000,7.411626,13.041903,27.258715,14.023539,0.00052,61.823262,48.243344,0.0,110.069808,104,104,697972,1579652,36388,37180,6,3,f0715504f31d94edbb575712362db7fe6e2554a8d96f669d9c0a4ce6fbf970c9,True,140.0,30.0,50.0,553228,12804,1419064,6.944882,21.683669,13.436,30.666,3.843
SCHEDULER_ALL_UNPROVISIONED,UNPROVISIONED,50,550,1000101,100000,7.391892,26.915391,26.061767,7.460379,0.000421,67.921151,47.905522,0.0,115.829006,104,104,697972,1579652,36388,37180,6,3,8a068fe38f03627bce6d5d538e95941cab76fab71af7cdb6b67603adebfab887,True,130.0,40.0,50.0,553228,12804,1419064,6.770513,19.731381,12.999,30.897,3.758
SCHEDULER_ALL_UNPROVISIONED,UNPROVISIONED,51,551,1000101,100000,8.169172,19.788601,25.522603,7.431951,0.000377,60.99629,47.821432,0.0,108.819563,104,104,697972,1579652,36388,37180,6,3,751d16fdc7e0acf73fcbdb87208e3823edd738236f40aa63a5a402352cdc23b4,True,140.0,40.0,40.0,553228,12804,1419064,6.836872,20.003691,13.104,30.773,3.725
SCHEDULER_ALL_UNPROVISIONED,UNPROVISIONED,52,552,1000101,100000,8.283895,19.797319,29.161274,7.490451,0.00101,64.816321,47.936217,0.0,112.755461,104,104,697972,1579652,36388,37180,6,3,8dd6f6b36879d713d77097f431b6adf217ecab680fc1d23e3709a1bf94387fc3,True,150.0,40.0,50.0,553228,12804,1419064,7.190103,21.45747,13.357,30.547,3.752
SCHEDULER_ALL_UNPROVISIONED,UNPROVISIONED,53,553,1000101,100000,9.260225,19.871923,26.14333,4.904418,0.00044,60.250517,56.15716,0.0,116.410463,104,104,697972,1579652,36388,37180,6,3,4637a7b24da662d78789947ce08c3409544b3089a26b63b63edd01eeb1b69446,True,130.0,20.0,60.0,553228,12804,1419064,8.593427,20.533509,13.557,38.49,3.827
SCHEDULER_ALL_UNPROVISIONED,UNPROVISIONED,54,554,1000101,100000,8.51878,13.057909,25.902383,4.895813,0.000406,52.460816,47.270209,0.0,99.734362,104,104,697972,1579652,36388,37180,6,3,bc9f0d1b7ec307ea5c8a9d616bfc5f1ab0da0ac571ec6e6ebf93070426d63ba4,True,130.0,20.0,50.0,553228,12804,1419064,7.231384,20.536785,13.119,30.119,3.762
SCHEDULER_ALL_UNPROVISIONED,UNPROVISIONED,55,555,1000101,100000,7.347202,13.169025,25.360458,7.174477,0.000391,53.478182,50.271878,0.0,103.755935,104,104,697972,1579652,36388,37180,6,3,9e21861f72b1d03376d39f120932a3cca3271b646242989fe7a98367a3cc647a,True,130.0,20.0,50.0,553228,12804,1419064,6.997606,19.65052,15.455,30.088,3.781
SCHEDULER_ALL_UNPROVISIONED,UNPROVISIONED,56,556,1000101,100000,9.69097,30.899914,27.11164,7.822374,0.000725,75.672291,49.078879,0.0,124.756869,104,104,697972,1579652,36388,37180,6,3,6d82c53717c0e809f2f1fd821780ff8a6acec304248c2dbe50babb733e133dfb,True,160.0,50.0,50.0,553228,12804,1419064,8.415269,20.614666,13.343,31.5,3.867
SCHEDULER_ALL_UNPROVISIONED,UNPROVISIONED,57,557,1000101,100000,11.302159,31.173927,26.315184,7.856269,0.001344,76.820716,48.546592,0.0,125.372943,104,104,697972,1579652,36388,37180,6,3,b74e1c2c707a1d809f3202234e7981d7fde669d941efcd422ebfad02b17b73bc,True,140.0,40.0,50.0,553228,12804,1419064,9.783693,20.151189,13.111,31.292,3.789
SCHEDULER_ALL_UNPROVISIONED,UNPROVISIONED,58,558,1000101,100000,9.392119,30.368507,26.04958,7.856767,0.001255,73.830409,47.906685,0.0,121.742834,104,104,697972,1579652,36388,37180,6,3,99aac616c83b51446fc441989d1caee5943fb82c08e5da7714e1322d4618f338,True,160.0,50.0,40.0,553228,12804,1419064,8.500097,19.725192,13.551,30.317,3.673
SCHEDULER_ALL_UNPROVISIONED,UNPROVISIONED,59,559,1000101,100000,7.24211,28.317012,27.268143,7.875862,0.001168,70.875719,47.908815,0.0,118.790734,104,104,697972,1579652,36388,37180,6,3,a6f95c637f24e642b7ee73593df15500e8c16567aacefdb7ac8484a43c75e7a0,True,140.0,40.0,50.0,553228,12804,1419064,6.642878,20.434387,13.461,30.288,3.796
SCHEDULER_ALL_UNPROVISIONED,UNPROVISIONED,60,560,1000101,100000,7.924646,28.775919,26.591507,7.469922,0.00116,70.913953,56.266783,0.0,127.186555,104,104,697972,1579652,36388,37180,6,3,79d3b8a823131304e2f3494cc2aa2f90dbb24fbbe930657ef8352d09fbf196d6,True,140.0,40.0,60.0,553228,12804,1419064,7.463733,20.09811,13.623,38.613,3.665
SCHEDULER_ALL_UNPROVISIONED,UNPROVISIONED,61,561,1000101,100000,8.628526,30.875694,26.071668,7.512849,0.000744,73.250826,47.973749,0.0,121.228083,104,104,697972,1579652,36388,37180,6,3,3aa2fe4d6356e0e05e24055e561590d469134a893b5a31d25641240651fe99e6,True,130.0,50.0,50.0,553228,12804,1419064,7.507721,19.662714,13.1,30.818,3.757
SCHEDULER_ALL_UNPROVISIONED,UNPROVISIONED,62,562,1000101,100000,8.704776,30.055339,32.187988,9.533452,0.001299,80.626034,48.383327,0.0,129.014862,104,104,697972,1579652,36388,37180,6,3,b2e57ba1f92a54240725e19617c622ead6bddf6b88a0abc100ef7ba3ac16a7c1,True,140.0,50.0,50.0,553228,12804,1419064,7.536897,20.808633,14.451,29.944,3.607
SCHEDULER_ALL_UNPROVISIONED,UNPROVISIONED,63,563,1000101,100000,7.600746,31.192116,32.684574,4.935105,0.001207,76.597588,53.991364,0.0,130.595437,104,104,697972,1579652,36388,37180,6,3,ec98e03ae76152a45c43ac825f6e98e587801129183ea0ac30f4052ac672f559,True,140.0,40.0,50.0,553228,12804,1419064,6.976516,19.445136,18.718,31.008,3.862
SCHEDULER_ALL_UNPROVISIONED,UNPROVISIONED,64,564,1000101,100000,12.9576,30.461461,26.362302,7.489705,0.000915,77.466402,48.675769,0.0,126.147388,104,104,697972,1579652,36388,37180,6,3,d80e23803f7fc4101ec8bb8ff7fc94964dbfeabaf244b37d339a253bdc4e3e09,True,130.0,50.0,50.0,553228,12804,1419064,12.541298,19.59279,13.23,31.174,3.87
SCHEDULER_ALL_UNPROVISIONED,UNPROVISIONED,65,565,1000101,100000,7.9803,27.848287,32.634928,7.484883,0.00124,76.118619,51.596197,0.0,127.720859,104,104,697972,1579652,36388,37180,6,3,4366634fb4297c2868f6a52a056b001285b76cbfe29d8d7e598550d48a07d9b8,True,170.0,40.0,60.0,553228,12804,1419064,6.840156,26.632645,16.386,31.019,3.796
SCHEDULER_ALL_UNPROVISIONED,UNPROVISIONED,66,566,1000101,100000,7.450805,30.217378,26.979576,7.852033,0.000954,72.646953,46.666653,0.0,119.317645,104,104,697972,1579652,36388,37180,6,3,07a62a2d045106d60a2077395840a9e42949c119b4b5b00d52093d345d1d5e7f,True,130.0,40.0,50.0,553228,12804,1419064,7.042178,19.654631,12.989,29.772,3.595
SCHEDULER_ALL_UNPROVISIONED,UNPROVISIONED,67,567,1000101,100000,7.132359,27.92394,26.66588,7.417933,0.000964,69.258486,55.395607,0.0,124.659529,104,104,697972,1579652,36388,37180,6,3,f9d36782fdd16d97966f32640182626b3af0235182206cfb2f241bcca67d737d,True,150.0,40.0,50.0,553228,12804,1419064,6.611903,18.784791,20.971,30.426,3.657
SCHEDULER_ALL_UNPROVISIONED,UNPROVISIONED,68,568,1000101,100000,8.755384,27.733385,26.944006,7.793175,0.000892,71.386353,55.840061,0.0,127.231649,104,104,697972,1579652,36388,37180,6,3,66710191abd6d5153a0541896c0c96f4c9238fd83d434cd3d59d7476f4429bda,True,140.0,50.0,60.0,553228,12804,1419064,7.325861,20.814904,13.048,38.66,3.772
SCHEDULER_ALL_UNPROVISIONED,UNPROVISIONED,69,569,1000101,100000,9.913107,28.014626,27.762294,7.477033,0.001126,73.337479,47.978551,0.0,121.321143,104,104,697972,1579652,36388,37180,6,3,61a502e889e5e54c71df56480ea4f91737e97957a59bbabc24efeee6d1b6aaba,True,120.0,30.0,50.0,553228,12804,1419064,8.602299,20.523155,13.212,30.742,3.661
SCHEDULER_ALL_UNPROVISIONED,UNPROVISIONED,70,570,1000101,100000,9.091083,28.648125,26.517572,7.801206,0.000911,72.229524,47.572324,0.0,119.808012,104,104,697972,1579652,36388,37180,6,3,f790ab8727dd8ad4474d42828c62fe55d9e711cb85429ad4caece85b3f0cbb34,True,140.0,40.0,50.0,553228,12804,1419064,8.360666,19.552402,13.148,30.229,3.822
SCHEDULER_ALL_UNPROVISIONED,UNPROVISIONED,71,571,1000101,100000,8.429408,28.005421,27.288779,11.27617,0.000844,75.166463,48.204307,0.0,123.377127,104,104,697972,1579652,36388,37180,6,3,8eecc3be3d58dd1ddda80bf356540dae948751bdf6567b394761d3217bd81cbf,True,130.0,50.0,50.0,553228,12804,1419064,7.156196,19.989793,13.527,30.455,3.816
SCHEDULER_ALL_UNPROVISIONED,UNPROVISIONED,72,572,1000101,100000,8.295469,24.719757,30.099038,12.863622,0.000987,76.146064,55.704711,0.0,131.856719,104,104,697972,1579652,36388,37180,6,3,ff147baabac85458c6440eb2ade45b4ea760dd02b980d24ee76e45e34a841412,True,150.0,40.0,50.0,553228,12804,1419064,7.368746,24.596434,20.242,31.19,3.852
SCHEDULER_ALL_UNPROVISIONED,UNPROVISIONED,73,573,1000101,100000,12.783006,13.334562,25.205766,9.36765,0.001306,60.855861,57.901412,0.0,118.763633,104,104,697972,1579652,36388,37180,6,3,71b9ff7229cbdf5a7d50c89ce52dc887cf3e264ef3ab23f15d71cfeb8b27841b,True,150.0,30.0,50.0,553228,12804,1419064,11.745071,19.598561,21.824,31.733,3.918
SCHEDULER_ALL_UNPROVISIONED,UNPROVISIONED,74,574,1000101,100000,7.920823,29.814533,28.63341,8.180386,0.000958,74.742844,58.692388,0.0,133.442493,104,104,697972,1579652,36388,37180,6,3,8769df61af631a56a2389ca73506e638a8d11cc3f3e43bf679ea020effd20b1f,True,140.0,50.0,60.0,553228,12804,1419064,7.044767,21.327364,23.558,30.811,3.864
SCHEDULER_ALL_UNPROVISIONED,UNPROVISIONED,75,575,1000101,100000,7.98264,27.339832,27.498864,7.787489,0.000901,70.792444,47.973434,0.0,118.771399,104,104,697972,1579652,36388,37180,6,3,0fccd1f3b8b590a8277ed4be0673d557557718837fc5abe5f867a0561d371e2f,True,150.0,40.0,50.0,553228,12804,1419064,6.990447,21.56721,13.319,30.406,3.864
SCHEDULER_ALL_UNPROVISIONED,UNPROVISIONED,76,576,1000101,100000,8.662774,27.931989,25.410267,7.428529,0.000962,69.582114,47.679477,0.0,117.266458,104,104,697972,1579652,36388,37180,6,3,3c6eeb7f9630e6794f96078490ae35e3b9db190b31865f730d7c997c3dd5d492,True,120.0,40.0,50.0,553228,12804,1419064,7.380117,19.726439,13.253,30.308,3.8
SCHEDULER_ALL_UNPROVISIONED,UNPROVISIONED,77,577,1000101,100000,7.614085,26.21021,25.022112,7.406797,0.000983,66.379253,47.615302,0.0,113.999525,104,104,697972,1579652,36388,37180,6,3,624db5c541cc66aea9dacc2a37b36200342a9f38269b3d5516a6d5181e29652e,True,140.0,40.0,50.0,553228,12804,1419064,6.927728,20.50212,13.219,30.403,3.693
SCHEDULER_ALL_UNPROVISIONED,UNPROVISIONED,78,578,1000101,100000,12.933721,32.71219,25.865491,7.529385,0.00118,79.18314,47.799,0.0,126.988788,104,104,697972,1579652,36388,37180,6,3,dc261dfc415c91f237ed62195b524b8e4310f3653e6c9fefc834067c03b6cdc7,True,130.0,40.0,40.0,553228,12804,1419064,12.352249,19.529307,13.283,30.546,3.605
SCHEDULER_ALL_UNPROVISIONED,UNPROVISIONED,79,579,1000101,100000,8.019701,29.631797,25.909505,4.908759,0.001235,68.640406,52.320919,0.0,120.967907,104,104,697972,1579652,36388,37180,6,3,c455f59bc350714020eeaea1deb1c7cd82a603dcf39b7d68bd22704d43294012,True,130.0,40.0,60.0,553228,12804,1419064,6.926199,20.09757,18.576,29.621,3.752
SCHEDULER_ALL_UNPROVISIONED,UNPROVISIONED,80,580,1000101,100000,12.816364,29.859044,25.979849,9.187654,0.00088,78.012552,61.388243,0.0,139.406905,104,104,697972,1579652,36388,37180,6,3,98bd9ea9df4798db23ce1624f421f78a546f4fcc474fefa4b24e57af36924eec,True,140.0,40.0,60.0,553228,12804,1419064,11.838658,20.355299,13.135,42.278,5.116
SCHEDULER_ALL_UNPROVISIONED,UNPROVISIONED,81,581,1000101,100000,8.04948,21.436211,25.757061,9.443461,0.001329,64.857917,59.192664,0.0,124.057208,104,104,697972,1579652,36388,37180,6,3,424964f99943f6b2f147a0282479f8c8795142d15399c68a777dc31a71883eeb,True,130.0,40.0,60.0,553228,12804,1419064,7.131569,19.544538,13.783,40.634,4.282
SCHEDULER_ALL_UNPROVISIONED,UNPROVISIONED,82,582,1000101,100000,8.49619,24.548507,25.6738,7.791342,0.000982,66.660572,52.19334,0.0,118.858745,104,104,697972,1579652,36388,37180,6,3,e1e4460a46f3280e2769fa35d25f3813295f8e8681a798b910c0e03c5a187407,True,130.0,30.0,50.0,553228,12804,1419064,7.13664,19.905193,17.391,30.616,3.815
SCHEDULER_ALL_UNPROVISIONED,UNPROVISIONED,83,583,1000101,100000,8.123014,24.502033,27.227194,8.256201,0.000927,68.243867,47.692931,0.0,115.941394,104,104,697972,1579652,36388,37180,6,3,cded430b116717117838c0a1d59d2d3bc85af4c97fafeabb5b03062c87c62df5,True,140.0,40.0,50.0,553228,12804,1419064,7.004385,21.845823,13.117,30.428,3.799
SCHEDULER_ALL_UNPROVISIONED,UNPROVISIONED,84,584,1000101,100000,9.352386,24.426782,25.873376,7.473496,0.000857,67.272004,47.766316,0.0,115.042976,104,104,697972,1579652,36388,37180,6,3,08c3eb9d5e10b08934ede843010869e5c1571c22538a13f350ba3ba26bc249dd,True,120.0,40.0,60.0,553228,12804,1419064,8.950825,19.060612,13.262,30.496,3.667
SCHEDULER_ALL_UNPROVISIONED,UNPROVISIONED,85,585,1000101,100000,7.787941,25.43782,26.181493,4.876045,0.00107,64.425414,57.828502,0.0,122.259704,104,104,697972,1579652,36388,37180,6,3,5566f78c37ee0e6109515d8591ed0e37e06dd4b7c4439ef552812c9f21984f4b,True,150.0,40.0,60.0,553228,12804,1419064,7.033463,19.648622,13.146,40.628,3.687
SCHEDULER_ALL_UNPROVISIONED,UNPROVISIONED,86,586,1000101,100000,7.945855,29.057674,27.05764,7.817645,0.000933,72.026314,54.556624,0.0,126.588216,104,104,697972,1579652,36388,37180,6,3,71e86b9eeeb6d25c5bf0e047dfd0f1699a54e277cef422ddf1b599ec8d6ce8dc,True,140.0,40.0,50.0,553228,12804,1419064,6.858949,19.953269,13.699,36.669,3.849
SCHEDULER_ALL_UNPROVISIONED,UNPROVISIONED,87,587,1000101,100000,8.481303,21.828595,27.626653,7.492973,0.000595,65.551218,47.724359,0.0,113.279043,104,104,697972,1579652,36388,37180,6,3,685dae0b31b4442440dfc13b33f1657cc2b4fca4d577a7e4fd4e358e2685bc73,True,140.0,30.0,50.0,553228,12804,1419064,7.474899,21.706882,13.23,30.39,3.768
SCHEDULER_ALL_UNPROVISIONED,UNPROVISIONED,88,588,1000101,100000,8.133219,24.355929,25.285782,4.910855,0.001097,62.847315,46.905036,0.0,109.757628,104,104,697972,1579652,36388,37180,6,3,29f341d7e7a561ed271f41f2e16e2d4e202e579efc085e24dfd64674d31d17eb,True,140.0,30.0,50.0,553228,12804,1419064,7.023812,19.935341,12.997,29.775,3.77
SCHEDULER_ALL_UNPROVISIONED,UNPROVISIONED,89,589,1000101,100000,7.331226,26.306005,26.841103,7.407215,0.001378,68.040072,56.227226,0.0,124.274258,104,104,697972,1579652,36388,37180,6,3,b6bb706e393497a1865943f14fb9deedbfdaadebff2e57447f9b9febb71204d5,True,130.0,50.0,60.0,553228,12804,1419064,6.841698,20.420978,21.382,30.689,3.754
SCHEDULER_ALL_UNPROVISIONED,UNPROVISIONED,90,590,1000101,100000,8.629282,28.857929,26.021724,9.966499,0.001124,73.646594,47.073008,0.0,120.724822,104,104,697972,1579652,36388,37180,6,3,cfb8742b3d8b1288506f3f30c2ad64f2f03b9884009a4dbeb9ba0541d8c39b64,True,140.0,40.0,40.0,553228,12804,1419064,7.38809,20.179338,13.18,29.763,3.785
SCHEDULER_ALL_UNPROVISIONED,UNPROVISIONED,91,591,1000101,100000,9.203169,36.310614,26.462551,4.923695,0.001165,77.06433,51.308724,0.0,128.379144,104,104,697972,1579652,36388,37180,6,3,657ae437243c6768ce947785d1fca8b7c6b75e717af9b453b8897f80923aa31e,True,130.0,50.0,60.0,553228,12804,1419064,8.298919,20.179166,16.268,30.915,3.695
SCHEDULER_ALL_UNPROVISIONED,UNPROVISIONED,92,592,1000101,100000,11.268747,30.910449,28.680514,7.803919,0.001232,78.844118,54.637995,0.0,133.48868,104,104,697972,1579652,36388,37180,6,3,92cdf3f58dd81b32ef5fca7db71ecb1e25fb8371772236222e4128942a463a8a,True,140.0,40.0,50.0,553228,12804,1419064,10.312579,19.69602,13.884,36.572,3.745
SCHEDULER_ALL_UNPROVISIONED,UNPROVISIONED,93,593,1000101,100000,9.863786,30.479012,27.298966,7.795394,0.001019,75.579389,77.398177,0.0,152.981449,104,104,697972,1579652,36388,37180,6,3,975be31839d3596ca018fbf0670d83167ec32f72a37fd0cc1edaeb523b219f84,True,140.0,40.0,80.0,553228,12804,1419064,9.288222,20.484373,39.128,33.93,3.854
SCHEDULER_ALL_UNPROVISIONED,UNPROVISIONED,94,594,1000101,100000,8.831692,34.763305,27.653239,7.780937,0.001376,79.177653,48.044656,0.0,127.228052,104,104,697972,1579652,36388,37180,6,3,716cc91361b8c0732269cff0d387f5c0fe67aeb5d8071e22d407ee8570057fac,True,130.0,50.0,50.0,553228,12804,1419064,7.587102,20.716932,13.692,30.11,3.844
SCHEDULER_ALL_UNPROVISIONED,UNPROVISIONED,95,595,1000101,100000,11.78107,30.895413,30.300549,7.799329,0.000921,80.908714,48.787695,0.0,129.702068,104,104,697972,1579652,36388,37180,6,3,b765f9278d925a4b65897aea18776badc8509aefc9a4bd0824a16211cf6c94fa,True,150.0,50.0,50.0,553228,12804,1419064,11.281272,23.300341,14.305,30.316,3.724
SCHEDULER_ALL_UNPROVISIONED,UNPROVISIONED,96,596,1000101,100000,8.770195,30.471501,27.137831,4.877827,0.000531,71.378353,47.787919,0.0,119.169769,104,104,697972,1579652,36388,37180,6,3,fb31f63c21b3b3f71d8986b07ed00f422d98b959082358bd4a038cba8dddb799,True,130.0,40.0,50.0,553228,12804,1419064,7.555705,20.453364,13.248,30.454,3.784
SCHEDULER_ALL_UNPROVISIONED,UNPROVISIONED,97,597,1000101,100000,7.890042,31.744533,27.010765,7.773707,0.000956,74.540889,47.549256,0.0,122.094428,104,104,697972,1579652,36388,37180,6,3,a0a14d4b7fb6208f95b65fb86bcf00dbb20af783a88b00edc33ae36f0ec2c7be,True,140.0,40.0,50.0,553228,12804,1419064,7.229589,19.890898,13.256,30.317,3.68
SCHEDULER_ALL_UNPROVISIONED,UNPROVISIONED,98,598,1000101,100000,13.486682,30.847003,26.517904,7.791763,0.000742,78.752834,47.233423,0.0,125.989862,104,104,697972,1579652,36388,37180,6,3,f2d2e93263f9944ebc8452ad2bf49272c8b2512f7aebb17c3e18ebf01d4d3974,True,140.0,40.0,40.0,553228,12804,1419064,12.809168,20.059934,13.23,29.996,3.745
SCHEDULER_ALL_UNPROVISIONED,UNPROVISIONED,99,599,1000101,100000,7.843581,29.686563,27.003155,11.325058,0.000732,75.96275,48.693434,0.0,124.65992,104,104,697972,1579652,36388,37180,6,3,0953e72d2c08895098c16d5e91c0ff94acfd2bff740a8d63411503638617565e,True,140.0,50.0,50.0,553228,12804,1419064,7.382823,19.485194,13.612,31.109,3.662
SCHEDULER_ALL_UNPROVISIONED,UNPROVISIONED,100,600,1000101,100000,10.439125,28.680461,26.783196,7.855059,0.000961,73.872821,48.046928,0.0,121.923371,104,104,697972,1579652,36388,37180,6,3,e93cf02437bd38835d64779e625dae8414b702d82f1de63961f1bf0431bd7b54,True,150.0,40.0,50.0,553228,12804,1419064,9.592034,19.308243,13.175,30.881,3.707
SCHEDULER_ALTERNATING,DEPLOYED,1,601,101,53717,8.936394,30.348256,42.402745,12.031485,0.022917,93.856147,48.491946,0.526446,142.902786,104,104,697972,1579652,36388,37180,6,3,cb5d2e31cd8f9deb84f1648b41a6e585168b266bfd4a6f18ea0aac5801d956f7,True,140.0,40.0,50.0,553228,12804,1419064,7.98323,25.889782,13.234,31.096,3.873
SCHEDULER_ALTERNATING,UNPROVISIONED,2,602,1000101,100000,8.152954,34.819905,45.159973,10.446352,0.000828,98.698117,48.713919,0.0,147.415847,104,104,697972,1579652,36388,37180,6,3,aabf49a372ea72bc728a3128647c9c52894d9412fb53931b973064a2a21538af,True,160.0,60.0,50.0,553228,12804,1419064,7.157741,27.31168,13.423,31.197,3.785
SCHEDULER_ALTERNATING,IDLE,3,603,,100000,8.514116,40.309962,27.695672,9.195437,0.001108,85.875867,54.408709,0.0,140.290946,104,104,697972,1579652,36388,37180,6,3,2cf4bf29602f087a504f71ae33c86799eef8b8fb3ff9a013ddcc2d796c2af3a0,True,130.0,50.0,50.0,553228,12804,1419064,7.730804,20.150946,20.026,30.279,3.696
SCHEDULER_ALTERNATING,DEPLOYED,4,604,101,53717,8.778848,29.065673,29.75975,7.839403,0.024169,75.608196,48.002713,0.544362,124.184962,104,104,697972,1579652,36388,37180,6,3,b77a624b06ab021f81cc0d1ee4b61c15a9418cd4fcabfbe2f58706c52011855e,True,140.0,40.0,50.0,553228,12804,1419064,7.740223,22.821966,13.175,30.73,3.78
SCHEDULER_ALTERNATING,UNPROVISIONED,5,605,1000101,100000,8.842892,29.595014,28.731747,7.806652,0.000952,75.102782,48.280473,0.0,123.388363,104,104,697972,1579652,36388,37180,6,3,f271c8ce39070922be8be21231735ea295beae8ed87676b173def8380a583da8,True,130.0,50.0,50.0,553228,12804,1419064,7.606941,19.732533,13.239,30.915,3.82
SCHEDULER_ALTERNATING,IDLE,6,606,,100000,8.310585,30.255867,27.414841,7.778139,0.000776,73.87219,56.049417,0.0,129.925771,104,104,697972,1579652,36388,37180,6,3,64d98778d542fb7ccabf9a9d411d61f10d887b75c2b825945fe9eea144b05e01,True,150.0,40.0,60.0,553228,12804,1419064,7.088582,19.768164,20.713,31.379,3.629
SCHEDULER_ALTERNATING,DEPLOYED,7,607,101,53717,8.20737,29.347497,27.449158,7.848878,0.021034,73.021097,47.831103,0.520653,121.398778,104,104,697972,1579652,36388,37180,6,3,9b3b63fb180aecb3dbbd21133fe73b359d6b6cbe98255206bf035043ae79a1bb,True,130.0,40.0,40.0,553228,12804,1419064,7.71433,20.793326,13.297,30.397,3.85
SCHEDULER_ALTERNATING,UNPROVISIONED,8,608,1000101,100000,7.782128,28.454107,27.17114,7.402574,0.000874,70.921841,48.811388,0.0,119.7372,104,104,697972,1579652,36388,37180,6,3,579afae10d1d387289191b12040a1be5a7caf4b7901b314e4698aa2e534d41ca,True,130.0,40.0,50.0,553228,12804,1419064,7.376765,20.050083,13.354,31.316,3.838
SCHEDULER_ALTERNATING,IDLE,9,609,,100000,8.179957,28.143169,27.070023,7.796478,0.00095,71.307426,48.898452,0.0,120.209951,104,104,697972,1579652,36388,37180,6,3,df38e28346bcd4e065d6d7dde6fb66c388e2782b583e45d2a01c05041a180275,True,140.0,50.0,50.0,553228,12804,1419064,7.324805,19.985222,13.255,31.456,3.896
SCHEDULER_ALTERNATING,DEPLOYED,10,610,101,53717,8.380325,27.765543,28.159216,8.272402,0.023946,72.72888,57.664886,0.561545,130.986577,104,104,697972,1579652,36388,37180,6,3,9e8a3e214e2e00aaebfdc2903408c0dbc11450fcf3c82189a48c43f10411dd14,True,140.0,40.0,60.0,553228,12804,1419064,7.580193,22.389314,22.331,31.251,3.649
SCHEDULER_ALTERNATING,UNPROVISIONED,11,611,1000101,100000,9.395038,28.399714,26.51812,7.758931,0.000912,72.216675,48.011641,0.0,120.233408,104,104,697972,1579652,36388,37180,6,3,3f4ff81bbef5381a37d3f8a4721ae8a2e0000dd8fb9553c2573425c30e30cbd2,True,130.0,40.0,50.0,553228,12804,1419064,8.562346,20.038895,13.496,30.442,3.707
SCHEDULER_ALTERNATING,IDLE,12,612,,100000,8.259267,28.513877,26.658001,7.397632,0.001047,70.972037,48.097275,0.0,119.074343,104,104,697972,1579652,36388,37180,6,3,65959d016946898dd76b56b76e726931071f496834054307e29eae489ea58045,True,150.0,50.0,50.0,553228,12804,1419064,7.381991,19.6593,13.241,30.873,3.667
SCHEDULER_ALTERNATING,DEPLOYED,13,613,101,53717,7.744435,27.709335,26.39869,7.39827,0.025791,69.426314,48.529337,0.553319,118.541674,104,104,697972,1579652,36388,37180,6,3,6b47135b806e92e2b1ac1ff89f93158f5b85fabdf01fdd3843fa0c329cd5f48f,True,140.0,30.0,50.0,553228,12804,1419064,7.145469,20.783429,13.301,31.12,3.741
SCHEDULER_ALTERNATING,UNPROVISIONED,14,614,1000101,100000,7.727391,19.75846,25.626593,7.383177,0.000981,60.631577,47.340271,0.0,107.977079,104,104,697972,1579652,36388,37180,6,3,df7066303f5f7d799a985bee26a948aa7804d2f005c2dad0881141a8c93ed3b9,True,130.0,30.0,50.0,553228,12804,1419064,7.363756,20.060207,13.306,30.028,3.651
SCHEDULER_ALTERNATING,IDLE,15,615,,100000,7.992702,25.121646,26.645218,7.865408,0.000918,67.77341,52.914736,0.0,120.69225,104,104,697972,1579652,36388,37180,6,3,de1059aacd968c44c9223241461d9b9d6b1c925f1ded1976b3d2875007ac64a2,True,140.0,50.0,50.0,553228,12804,1419064,7.123159,19.683643,17.989,30.853,3.723
SCHEDULER_ALTERNATING,DEPLOYED,16,616,101,53717,8.618746,26.501584,30.709403,8.724049,0.021832,74.70745,55.085598,0.476823,130.29661,104,104,697972,1579652,36388,37180,6,3,1abac1a12e6d2fcd28b2cfec87280427cbcc6a021250fef387ddc55cdc297c13,True,150.0,40.0,60.0,553228,12804,1419064,7.79782,25.838935,20.817,30.258,3.683
SCHEDULER_ALTERNATING,UNPROVISIONED,17,617,1000101,100000,13.498792,29.327862,26.62216,7.772631,0.000651,77.322129,48.182863,0.0,125.508572,104,104,697972,1579652,36388,37180,6,3,bc531113b21833da909aaca0a9b08637ed95f8ed7b4ca70f077d3a8886b42d22,True,130.0,40.0,50.0,553228,12804,1419064,12.980486,19.268342,13.347,30.776,3.783
SCHEDULER_ALTERNATING,IDLE,18,618,,100000,8.144408,28.570888,26.817083,11.26267,0.000656,74.898505,48.133923,0.0,123.036003,104,104,697972,1579652,36388,37180,6,3,b7f0b106b155a33917ed6f2dc3d23040615c794f22f831e740c1c6e0d371c210,True,140.0,40.0,50.0,553228,12804,1419064,6.952946,19.812932,13.258,30.9,3.707
SCHEDULER_ALTERNATING,DEPLOYED,19,619,101,53717,8.929736,28.593203,25.913943,7.875169,0.019322,71.443605,48.583801,0.450974,120.502706,104,104,697972,1579652,36388,37180,6,3,0cee91b302e9aef5f2822edb95ef7ce378c6ab25ca7849776f58b8a91d2e30ab,True,120.0,50.0,40.0,553228,12804,1419064,7.926515,20.061828,13.336,31.202,3.758
SCHEDULER_ALTERNATING,UNPROVISIONED,20,620,1000101,100000,8.706451,25.49963,26.174509,7.494831,0.000817,68.005481,54.45386,0.0,122.465007,104,104,697972,1579652,36388,37180,6,3,eb9c41e4cf7bd1271c87017693caa3536cf1880493d6217e60a91c5a35ace105,True,130.0,30.0,60.0,553228,12804,1419064,7.616666,20.107368,20.216,30.089,3.796
SCHEDULER_ALTERNATING,IDLE,21,621,,100000,8.011837,26.852134,25.757115,4.971671,0.001012,65.739808,47.869041,0.0,113.613642,104,104,697972,1579652,36388,37180,6,3,a762b4a37678fad2650ed9707551a45816135ee18af90bd63f6008e78c41008d,True,140.0,40.0,50.0,553228,12804,1419064,6.879719,19.490543,13.048,30.655,3.837
SCHEDULER_ALTERNATING,DEPLOYED,22,622,101,53717,8.492738,28.97134,25.79221,7.507081,0.038437,70.930483,48.70438,0.539358,120.218618,104,104,697972,1579652,36388,37180,6,3,be3599144b6af3fe0da845813ebb5934c7253485f2d9d37b1a9d2ecd67e48c33,True,130.0,40.0,40.0,553228,12804,1419064,7.148725,20.945723,13.187,31.369,3.803
SCHEDULER_ALTERNATING,UNPROVISIONED,23,623,1000101,100000,13.060294,28.743851,26.295054,7.492854,0.000776,75.719993,48.143157,0.0,123.867849,104,104,697972,1579652,36388,37180,6,3,55e11975d780214ac4bb9bce6f4a34cea822543b637ae2809a9813257b5659ad,True,140.0,50.0,50.0,553228,12804,1419064,12.335931,21.314757,13.459,30.549,3.775
SCHEDULER_ALTERNATING,IDLE,24,624,,100000,14.259642,29.121277,31.934863,7.879052,0.000787,83.335906,56.449016,0.0,139.790768,104,104,697972,1579652,36388,37180,6,3,1d6961d18c56ee469afdac6a95f12949dc78a755e65a25f26844a30a9c0d49af,True,140.0,30.0,60.0,553228,12804,1419064,12.9735,22.534395,13.284,39.113,3.693
SCHEDULER_ALTERNATING,DEPLOYED,25,625,101,53717,8.329287,29.733035,26.065636,7.87412,0.023413,72.165445,50.299054,0.539718,123.033405,104,104,697972,1579652,36388,37180,6,3,4800f1e9955ef83f0ae11230c0a06ccb5169b9984ed4155bcf41e5e069078ecb,True,130.0,50.0,50.0,553228,12804,1419064,7.600988,19.675741,13.118,32.726,4.122
SCHEDULER_ALTERNATING,UNPROVISIONED,26,626,1000101,100000,8.719819,30.560027,34.2749,4.962938,0.001025,78.664236,50.407743,0.0,129.077482,104,104,697972,1579652,36388,37180,6,3,ad960b5f38054f5349d4293ece77545d0d00ea441d3505a4eb7f07bcf507a8e8,True,150.0,50.0,50.0,553228,12804,1419064,7.812555,23.861304,13.588,32.375,4.033
SCHEDULER_ALTERNATING,IDLE,27,627,,100000,8.726122,29.794139,25.986056,7.853245,0.000854,72.521987,56.794177,0.0,129.32135,104,104,697972,1579652,36388,37180,6,3,df32e6ef378d658496b6016c2521045b80ccf8cd495cad54949ff68dd63186bf,True,130.0,40.0,60.0,553228,12804,1419064,7.334921,19.472707,20.511,32.164,3.615
SCHEDULER_ALTERNATING,DEPLOYED,28,628,101,53717,8.345191,28.602952,26.074055,7.428192,0.023441,70.626563,55.607673,0.629324,126.893607,104,104,697972,1579652,36388,37180,6,3,4eaad4ff318627bab8831f20cb79ef4e838172bcd698d3b84df3bda7a11b11d3,True,150.0,40.0,60.0,553228,12804,1419064,7.483163,20.289421,13.142,38.348,3.749
SCHEDULER_ALTERNATING,UNPROVISIONED,29,629,1000101,100000,7.881422,26.62765,29.695646,9.254791,0.000773,73.595275,54.821688,0.0,128.422008,104,104,697972,1579652,36388,37180,6,3,d0cd2f4e13477facc3f14ad1717c74d40b2bfbfc575489e01f1a0ad6f64f983a,True,140.0,30.0,50.0,553228,12804,1419064,7.109477,21.470706,21.142,29.679,3.629
SCHEDULER_ALTERNATING,IDLE,30,630,,100000,8.469894,28.454982,26.996902,11.966756,0.001257,76.087012,52.397029,0.0,128.492013,104,104,697972,1579652,36388,37180,6,3,2f6f94caf8f7697a088f1c9470f02f1abb32af8743a5e40055e92176facfa04e,True,140.0,50.0,50.0,553228,12804,1419064,7.112446,19.992701,17.751,30.45,3.707
SCHEDULER_ALTERNATING,DEPLOYED,31,631,101,53717,10.670529,27.193892,30.129033,7.870421,0.024005,76.060588,47.278989,0.579674,123.950594,104,104,697972,1579652,36388,37180,6,3,06c88d1b3c3a734a9956d9196296551734a2e1efb36f8bfad3031247ad27de9b,True,140.0,40.0,50.0,553228,12804,1419064,9.652055,22.237913,13.186,29.938,3.76
SCHEDULER_ALTERNATING,UNPROVISIONED,32,632,1000101,100000,7.699349,32.397342,25.931901,9.793465,0.001205,76.001205,53.674044,0.0,129.682514,104,104,697972,1579652,36388,37180,6,3,545a3109866d21f1856f72fafe8189b59841a3135199ad42d400bed723476696,True,140.0,50.0,50.0,553228,12804,1419064,7.023013,19.995252,18.476,30.883,3.866
SCHEDULER_ALTERNATING,IDLE,33,633,,100000,8.791585,28.748058,26.311773,11.322305,0.0008,75.340786,48.605486,0.0,123.950899,104,104,697972,1579652,36388,37180,6,3,8eadb99fc856625a522b0a777553cc9f9abc4d4f2e3defa8fc2c03662edd9203,True,130.0,50.0,60.0,553228,12804,1419064,7.714328,19.995135,13.725,30.662,3.845
SCHEDULER_ALTERNATING,DEPLOYED,34,634,101,53717,9.177957,25.360319,26.549726,7.492697,0.015545,68.721051,48.048176,0.358817,117.147476,104,104,697972,1579652,36388,37180,6,3,7f1abc1e13bb09cfc5f59e2efc96039197c6131434036cb520c444441ab9256d,True,130.0,40.0,50.0,553228,12804,1419064,8.04698,20.300235,13.359,30.641,3.743
SCHEDULER_ALTERNATING,UNPROVISIONED,35,635,1000101,100000,8.386087,27.029949,32.274434,4.879857,0.000864,72.697447,51.153599,0.0,123.855699,104,104,697972,1579652,36388,37180,6,3,1888104c3494d72c8c6be57228304850e97f8e1b8fd195c4006fd34f2bdb7d5c,True,140.0,40.0,50.0,553228,12804,1419064,7.208784,21.950926,16.48,30.434,3.849
SCHEDULER_ALTERNATING,IDLE,36,636,,100000,7.575381,29.959127,27.716944,7.932059,0.000725,73.313837,54.620389,0.0,127.938732,104,104,697972,1579652,36388,37180,6,3,b18fa52251cff5e3d26ab47a696235b3213fed8060f783ed900c94893e1c0f0d,True,140.0,40.0,50.0,553228,12804,1419064,7.13669,20.20934,13.28,37.106,3.905
SCHEDULER_ALTERNATING,DEPLOYED,37,637,101,53717,9.738378,30.454043,26.161058,7.881313,0.022396,74.394332,56.255513,0.562239,131.253107,104,104,697972,1579652,36388,37180,6,3,afc165e11fd7c1ca3a410dbb953e6525a9ef413d39c8637daabf3429c48aee1b,True,140.0,40.0,60.0,553228,12804,1419064,8.699856,20.286432,13.236,38.836,3.834
SCHEDULER_ALTERNATING,UNPROVISIONED,38,638,1000101,100000,8.097285,29.673712,26.237148,8.285729,0.000787,72.434279,57.211893,0.0,129.650488,104,104,697972,1579652,36388,37180,6,3,2f3714adf99433d89660a32e34425df299d7d7a5c08a01b049f7022769746fb5,True,140.0,50.0,60.0,553228,12804,1419064,7.002921,20.388888,22.004,31.067,3.801
SCHEDULER_ALTERNATING,IDLE,39,639,,100000,10.610548,29.08083,30.118041,7.838984,0.000658,77.793208,57.456019,0.0,135.254884,104,104,697972,1579652,36388,37180,6,3,04d2f21d6618a1aa7edcfc09c8a04d3984dec6d0cb9be6546c5fe66e22fc5b06,True,140.0,40.0,50.0,553228,12804,1419064,9.528061,22.880711,13.17,40.36,3.575
SCHEDULER_ALTERNATING,DEPLOYED,40,640,101,53717,8.046188,29.450567,26.406582,8.249684,0.022384,72.315049,57.021627,0.530666,129.895136,104,104,697972,1579652,36388,37180,6,3,da833070ec78910bfd46ee14724a7c462484cdcc49b5815554ba2d0e31b984a3,True,130.0,40.0,60.0,553228,12804,1419064,7.589879,19.306195,13.074,39.951,3.677
SCHEDULER_ALTERNATING,UNPROVISIONED,41,641,1000101,100000,9.399626,29.430221,27.889351,7.840454,0.000796,74.687747,47.225291,0.0,121.91666,104,104,697972,1579652,36388,37180,6,3,32aad1809414e9302281e425f2849e18a6ad2e3c1a8b4fc62a3008d128b435ae,True,150.0,50.0,50.0,553228,12804,1419064,8.618076,19.633925,13.132,30.27,3.531
SCHEDULER_ALTERNATING,IDLE,42,642,,100000,7.9762,20.776124,25.590869,10.834896,0.000718,65.300093,47.018346,0.0,112.322984,104,104,697972,1579652,36388,37180,6,3,53f8185ec70685b6e28da5a987e6edf64f95540ad0cf89a39394ce383ab5ed85,True,150.0,30.0,50.0,553228,12804,1419064,6.948532,19.202516,13.315,29.715,3.684
SCHEDULER_ALTERNATING,DEPLOYED,43,643,101,53717,10.02994,19.825506,25.576545,7.458698,0.022697,63.025697,47.300888,0.509302,110.864432,104,104,697972,1579652,36388,37180,6,3,5ba7aa6ce0bfa7aded421a060c8e0f4dc0cff6d9a6d8b8632a2ed97d092cd1c1,True,140.0,30.0,40.0,553228,12804,1419064,8.67037,20.462114,13.306,29.895,3.789
SCHEDULER_ALTERNATING,UNPROVISIONED,44,644,1000101,100000,8.078767,21.57574,26.58125,4.908295,0.000954,61.266886,47.3345,0.0,108.605675,104,104,697972,1579652,36388,37180,6,3,ba045f5792c97310b76498e76980509736a25dbbee968da43186a172b21197c2,True,140.0,40.0,50.0,553228,12804,1419064,7.246724,20.465757,13.185,30.005,3.844
SCHEDULER_ALTERNATING,IDLE,45,645,,100000,8.308749,12.996986,28.293115,4.865572,0.000775,54.57202,56.274941,0.0,110.851389,104,104,697972,1579652,36388,37180,6,3,b180df510be3e91cc983c20aa0cb7284caebdf3bf45162b26493212e3373648d,True,130.0,10.0,60.0,553228,12804,1419064,7.191074,21.730245,13.185,39.048,3.708
SCHEDULER_ALTERNATING,DEPLOYED,46,646,101,53717,7.823471,13.075384,26.048197,4.884263,0.022202,51.970978,48.681054,0.514332,101.193986,104,104,697972,1579652,36388,37180,6,3,b116fad7573005ce35d533717383f33fc282042601e15637fb8f99ba1ea6f7bc,True,140.0,20.0,50.0,553228,12804,1419064,7.127552,20.559673,13.358,31.17,3.851
SCHEDULER_ALTERNATING,UNPROVISIONED,47,647,1000101,100000,8.087694,13.110858,27.914898,4.903069,0.000794,54.139722,47.593806,0.0,101.739009,104,104,697972,1579652,36388,37180,6,3,c114f4711045ca8b40ee4ebe732a0d4a42d4273e521458c7ff20ea4028151e10,True,140.0,30.0,50.0,553228,12804,1419064,7.049536,22.70653,13.299,30.28,3.67
SCHEDULER_ALTERNATING,IDLE,48,648,,100000,9.464251,13.075064,26.926414,4.910726,0.000794,54.493778,55.968239,0.0,110.466769,104,104,697972,1579652,36388,37180,6,3,b55cb784664669064a8614e3fc8c551ef826488b658064980c1dba74d8b2bc56,True,130.0,20.0,50.0,553228,12804,1419064,8.781558,20.326865,13.288,38.491,3.858
SCHEDULER_ALTERNATING,DEPLOYED,49,649,101,53717,8.396532,13.17023,28.666354,5.012285,0.050074,55.49808,69.759907,0.236611,125.563498,104,104,697972,1579652,36388,37180,6,3,d08c5b0c422ca7a7fd31a689b5b0a0eb55bc14637f7cf5ffbe8a50616f786983,True,150.0,30.0,140.0,553228,12804,1419064,7.217207,23.116562,21.071,43.064,5.171
SCHEDULER_ALTERNATING,UNPROVISIONED,50,650,1000101,100000,9.337942,17.486119,29.598965,8.381844,0.003668,65.194669,58.212254,0.0,123.421033,104,104,697972,1579652,36388,37180,6,3,fd37e550549fb170126ad430582dca1182be003a2d3913c845716e27e7071886,True,140.0,20.0,60.0,553228,12804,1419064,8.851955,23.198178,15.674,36.865,4.627
SCHEDULER_ALTERNATING,IDLE,51,651,,100000,9.064945,18.979844,25.220161,8.276262,0.001409,61.740574,57.311116,0.0,119.058021,104,104,697972,1579652,36388,37180,6,3,c51adf09e54dfc5681876fa2a587c795e60ceb797b2834743e05a642137e7fd7,True,150.0,40.0,50.0,553228,12804,1419064,8.400302,20.026582,14.048,38.753,4.1
SCHEDULER_ALTERNATING,DEPLOYED,52,652,101,53717,7.724984,26.366337,26.512642,8.382115,0.023805,69.173298,57.694797,0.301454,127.198572,104,104,697972,1579652,36388,37180,6,3,b85b51caa624f0d35d7bb3930ae5ef0892dcf3d5a2148ce96619e826d10511bb,True,120.0,40.0,60.0,553228,12804,1419064,7.199413,19.204129,21.291,31.97,4.099
SCHEDULER_ALTERNATING,UNPROVISIONED,53,653,1000101,100000,7.291115,23.913196,28.74034,7.479306,0.000705,67.525521,62.100554,0.0,129.629679,104,104,697972,1579652,36388,37180,6,3,2664eef9619b714965034df919afe50c770904ba2605acbcce0683d6f809f1e1,True,150.0,30.0,60.0,553228,12804,1419064,6.787971,20.877869,13.451,43.152,5.097
SCHEDULER_ALTERNATING,IDLE,54,654,,100000,8.166028,13.499157,29.443304,5.144609,0.000568,56.379512,59.357623,0.0,115.74008,104,104,697972,1579652,36388,37180,6,3,caef3914aabdb89fa76e58f2b4d05d6c4d702ed0634e804267f50b1d58864e6c,True,130.0,30.0,60.0,553228,12804,1419064,6.96063,24.423249,12.393,41.58,5.064
SCHEDULER_ALTERNATING,DEPLOYED,55,655,101,53717,7.722452,13.469783,26.457134,4.939848,0.008863,52.688187,58.596235,0.532376,111.829496,104,104,697972,1579652,36388,37180,6,3,69712911d16073d3925f47693d82ac0585d981e39d4954d6274c4df64b786514,True,140.0,20.0,60.0,553228,12804,1419064,6.952134,19.511622,12.08,41.142,5.005
SCHEDULER_ALTERNATING,UNPROVISIONED,56,656,1000101,100000,7.940578,13.168382,25.388945,10.50224,0.001776,57.183328,54.272958,0.0,111.463572,104,104,697972,1579652,36388,37180,6,3,5aa11efaf02e489850c74c042826c072c9222ac2250cf8a529ccb736d4a38b3b,True,120.0,40.0,60.0,553228,12804,1419064,7.404701,18.860064,13.658,35.756,4.328
SCHEDULER_ALTERNATING,IDLE,57,657,,100000,12.397862,13.424414,25.243456,5.05673,0.00099,56.808953,59.909993,0.0,116.722973,104,104,697972,1579652,36388,37180,6,3,a2f02c8f668e918a14a970634fb3930fa81c1a9a811bc0e0abd51786c732a9a4,True,150.0,20.0,60.0,553228,12804,1419064,11.336796,20.327811,12.71,41.745,5.032
SCHEDULER_ALTERNATING,DEPLOYED,58,658,101,53717,8.120815,13.42139,25.208233,5.001372,0.01527,51.887836,58.34021,0.369094,110.614761,104,104,697972,1579652,36388,37180,6,3,62e11c55b01456ffb49ba88ddd61580585e1e2c82737f879522e63931758ce1c,True,140.0,20.0,60.0,553228,12804,1419064,6.900288,19.681348,11.938,41.105,4.993
SCHEDULER_ALTERNATING,UNPROVISIONED,59,659,1000101,100000,8.77947,13.238662,25.560662,4.954499,0.000418,52.622882,59.168403,0.0,111.793314,104,104,697972,1579652,36388,37180,6,3,4e8fdc1ec7247502bfb97c948c979dbf6da9af0885546145d452ba6ae17e56d3,True,120.0,20.0,60.0,553228,12804,1419064,7.745308,19.706772,12.133,41.767,4.971
SCHEDULER_ALTERNATING,IDLE,60,660,,100000,11.337688,15.993256,25.322924,5.00663,0.000179,57.741918,58.768257,0.0,116.511202,104,104,697972,1579652,36388,37180,6,3,d21a749cb151767ba283a47adb14443b47acef29c9f11f7c4b25f3e8c1146966,True,130.0,20.0,60.0,553228,12804,1419064,10.825503,19.33896,12.255,41.225,5.054
SCHEDULER_ALTERNATING,DEPLOYED,61,661,101,53717,9.446175,31.563242,26.648779,5.085814,0.009042,72.827252,58.651047,0.216357,131.706147,104,104,697972,1579652,36388,37180,6,3,666b33cd84eaebf492880c9764c126dff494700570f7918f1da5b1125222de82,True,140.0,40.0,60.0,553228,12804,1419064,8.118341,20.422681,12.145,41.211,4.986
SCHEDULER_ALTERNATING,UNPROVISIONED,62,662,1000101,100000,8.756373,29.227919,26.085524,5.003666,0.000538,69.152481,58.892194,0.0,128.046366,104,104,697972,1579652,36388,37180,6,3,fdd5c426d3b086879cb683601da171cabff57307cb444cb3701d1b981abea014,True,140.0,40.0,60.0,553228,12804,1419064,7.761195,19.85153,12.335,41.264,5.007
SCHEDULER_ALTERNATING,IDLE,63,663,,100000,8.549095,31.386837,25.953556,4.958207,0.00071,70.934804,58.889333,0.0,129.826147,104,104,697972,1579652,36388,37180,6,3,1a31c4751493964ab429f779858dc76e8d3a5059a15faebe38b55a09b865ecbc,True,130.0,40.0,50.0,553228,12804,1419064,7.222687,19.748622,12.163,41.44,5.011
SCHEDULER_ALTERNATING,DEPLOYED,64,664,101,53717,16.063903,13.233787,30.661383,4.920854,0.013717,64.976919,58.732023,0.209793,123.934773,104,104,697972,1579652,36388,37180,6,3,0e0ba269c4d444c78b4ef0afd3f20a2d200435775868a416c322802e79eae50a,True,150.0,20.0,60.0,553228,12804,1419064,15.641238,21.649009,12.24,41.182,5.009
SCHEDULER_ALTERNATING,UNPROVISIONED,65,665,1000101,100000,8.590214,13.215399,25.592839,5.088463,0.000745,52.573168,58.716144,0.0,111.291607,104,104,697972,1579652,36388,37180,6,3,ecf1cc5175124189ffb60818ccb32795751d93391b5ad79530ff64cd4e2ab11e,True,130.0,30.0,60.0,553228,12804,1419064,7.817596,19.561255,12.117,41.282,5.012
SCHEDULER_ALTERNATING,IDLE,66,666,,100000,7.636671,15.343233,25.289748,5.036783,0.000643,53.39473,59.314827,0.0,112.712429,104,104,697972,1579652,36388,37180,6,3,1204c317b99804452e23bdff07db25849f3fc0f897d645b90d9599903d65b797,True,150.0,20.0,60.0,553228,12804,1419064,6.866079,19.178762,12.059,41.834,5.111
SCHEDULER_ALTERNATING,DEPLOYED,67,667,101,53717,13.509201,13.461705,25.754675,5.065389,0.010143,57.913997,58.781302,0.214287,116.92283,104,104,697972,1579652,36388,37180,6,3,44f25ee83cc845d885ae2635aa9183b7b952b4c65333fee97c69b71844ba771d,True,120.0,20.0,60.0,553228,12804,1419064,12.283832,20.160396,12.118,41.352,4.982
SCHEDULER_ALTERNATING,UNPROVISIONED,68,668,1000101,100000,9.773019,13.30787,25.528313,8.987068,0.000642,57.691629,62.913058,0.0,120.606706,104,104,697972,1579652,36388,37180,6,3,4c399c707d077e0f38b49d9465f800fb18b63995adc28a3379ebccd9a18ed937,True,130.0,30.0,70.0,553228,12804,1419064,8.870761,19.844493,16.483,41.16,4.961
SCHEDULER_ALTERNATING,IDLE,69,669,,100000,9.164641,29.322699,26.20338,7.487813,0.001708,72.388806,70.2576,0.0,142.654431,104,104,697972,1579652,36388,37180,6,3,cc543f70069b5a651eafa674d03ceba19a132e6c809f05b54dae5c6738071c6e,True,130.0,40.0,70.0,553228,12804,1419064,7.705668,19.273102,23.328,40.519,4.893
SCHEDULER_ALTERNATING,DEPLOYED,70,670,101,53717,8.759222,30.138097,26.946015,5.014771,0.009012,70.980356,58.926996,0.195246,130.113522,104,104,697972,1579652,36388,37180,6,3,e978fa7478aa83f51fcea89d514c4a88486d66da5729fed57ef9e40d4f44f908,True,140.0,50.0,60.0,553228,12804,1419064,7.61319,19.647715,12.058,41.664,4.951
SCHEDULER_ALTERNATING,UNPROVISIONED,71,671,1000101,100000,8.993208,30.053102,26.246135,9.643314,0.00152,75.133796,53.914597,0.0,129.055518,104,104,697972,1579652,36388,37180,6,3,53d5c80b9dd86d3205c3842fe2ed686916968c34aebd001c7d9927464a43b347,True,130.0,40.0,50.0,553228,12804,1419064,7.618326,19.616793,13.616,35.407,4.434
SCHEDULER_ALTERNATING,IDLE,72,672,,100000,7.281773,13.365815,25.849103,4.957937,0.000518,51.557136,59.899845,0.0,111.459332,104,104,697972,1579652,36388,37180,6,3,9682e0634e714c2294485edfcaaa2d77949dffe2bd6b2c5e0b42a5295d8844f9,True,150.0,20.0,60.0,553228,12804,1419064,6.870769,20.226271,12.634,41.743,5.224
SCHEDULER_ALTERNATING,DEPLOYED,73,673,101,53717,11.719353,19.267835,27.422284,11.88684,0.02817,70.468369,65.097329,0.579635,136.180835,104,104,697972,1579652,36388,37180,6,3,692f20bbb027f4e3eef647eeea94ea6e946ceec1ff59084b33959d0eba35f0eb,True,120.0,40.0,70.0,553228,12804,1419064,10.683447,19.509864,24.388,35.795,4.371
SCHEDULER_ALTERNATING,UNPROVISIONED,74,674,1000101,100000,7.960992,30.224566,26.518784,8.221913,0.001034,73.087152,51.067118,0.0,124.159478,104,104,697972,1579652,36388,37180,6,3,c74bc1af4ec63cab51bbe066ff8e2f4dcd20c8c034d574708a5a214f8714fb3f,True,140.0,40.0,50.0,553228,12804,1419064,6.823516,19.250265,15.048,31.763,3.845
SCHEDULER_ALTERNATING,IDLE,75,675,,100000,8.694453,29.689951,45.404359,12.598844,0.00128,96.551473,60.49517,0.0,157.05405,104,104,697972,1579652,36388,37180,6,3,f0b361fb317cf0d7dffd6baddbb7fae002f2d4277b77896f33d58ccb0a349741,True,160.0,50.0,60.0,553228,12804,1419064,7.706589,30.509269,13.049,41.874,5.101
SCHEDULER_ALTERNATING,DEPLOYED,76,676,101,53717,10.452527,13.445898,25.490002,10.484012,0.026457,60.140918,59.848926,0.571822,120.595886,104,104,697972,1579652,36388,37180,6,3,678685b7ff13879bc10b05dbe0e4d350fb52f0d549eab723a07baf98e8523406,True,130.0,30.0,70.0,553228,12804,1419064,9.850228,19.524306,19.248,35.741,4.359
SCHEDULER_ALTERNATING,UNPROVISIONED,77,677,1000101,100000,8.589954,26.580909,26.405544,7.828718,0.001255,69.6208,49.154149,0.0,118.782434,104,104,697972,1579652,36388,37180,6,3,655d5427a3177230ff731fc117b368a3c0d93eeff387f9829cd9a282961b56f1,True,140.0,40.0,50.0,553228,12804,1419064,7.746305,19.648683,13.265,31.59,3.859
SCHEDULER_ALTERNATING,IDLE,78,678,,100000,14.307896,33.767748,26.106095,7.783317,0.001332,82.161881,50.09056,0.0,132.258,104,104,697972,1579652,36388,37180,6,3,ce6509edc55250186e915ded525f72fc3bc04c01e2c933f7edff06591e3798ba,True,130.0,50.0,50.0,553228,12804,1419064,13.247925,19.636466,14.893,31.048,3.76
SCHEDULER_ALTERNATING,DEPLOYED,79,679,101,53717,7.760479,29.819219,25.840762,7.820155,0.027194,71.456095,65.227981,0.254175,136.973406,104,104,697972,1579652,36388,37180,6,3,d5555e20875da972afaa18d477600e74e2dba7a89f8f9380105bcd76557cb1d9,True,140.0,40.0,70.0,553228,12804,1419064,7.104862,19.565093,18.205,41.581,5.038
SCHEDULER_ALTERNATING,UNPROVISIONED,80,680,1000101,100000,7.87143,25.886757,27.201783,9.951074,0.000903,71.092545,54.254233,0.0,125.351203,104,104,697972,1579652,36388,37180,6,3,50923095e2546a6043fc6342bd95f67cd7f4afef10749761908a7e603af1d384,True,120.0,50.0,50.0,553228,12804,1419064,7.357332,19.900463,13.88,35.58,4.299
SCHEDULER_ALTERNATING,IDLE,81,681,,100000,8.503128,28.718185,25.499614,7.972805,0.00082,70.870874,52.936035,0.0,123.811386,104,104,697972,1579652,36388,37180,6,3,f19ebb81371e200b79147b6f7260fcfacce0ff2ccb6d8e6be3ef08f1af7d06cc,True,140.0,40.0,50.0,553228,12804,1419064,7.315228,20.001035,17.323,31.351,3.879
SCHEDULER_ALTERNATING,DEPLOYED,82,682,101,53717,12.170069,29.057448,26.583653,11.116222,0.023287,79.091197,60.741684,0.543026,140.40811,104,104,697972,1579652,36388,37180,6,3,c2942a29c25bd74ba11f1ccdd304c6786e2f76c8ca5168f4820175301c47cd54,True,150.0,40.0,70.0,553228,12804,1419064,11.549384,20.152972,12.668,42.182,5.426
SCHEDULER_ALTERNATING,UNPROVISIONED,83,683,1000101,100000,9.798285,13.507733,25.024561,4.990697,0.000686,53.453466,59.001729,0.0,112.45941,104,104,697972,1579652,36388,37180,6,3,b4a007b4d5ed0b48d85e8c663817710f81ba54289a70b8b514e53e0f0885df3e,True,130.0,20.0,60.0,553228,12804,1419064,8.476287,19.562989,12.108,41.477,5.032
SCHEDULER_ALTERNATING,IDLE,84,684,,100000,7.270091,32.761632,30.081097,7.817099,0.001324,78.142646,59.345585,0.0,137.496384,104,104,697972,1579652,36388,37180,6,3,a06a90c31a8f4d736dcac5d3f49bdedf0c6122f9f786c0030ae68ab1d1c935b2,True,140.0,50.0,60.0,553228,12804,1419064,6.73974,25.01584,12.641,41.193,5.017
SCHEDULER_ALTERNATING,DEPLOYED,85,685,101,53717,8.668558,13.495736,25.686016,11.076354,0.026346,59.093733,58.979961,0.245432,118.352841,104,104,697972,1579652,36388,37180,6,3,9ba0f7f1e34fec3b0e2cb8cf8231332479ba5fbbc2bf258a8aa89d3500f8a9bf,True,130.0,30.0,60.0,553228,12804,1419064,7.868102,19.939675,11.999,41.476,5.059
SCHEDULER_ALTERNATING,UNPROVISIONED,86,686,1000101,100000,8.585922,13.528798,25.670059,5.05991,0.001264,52.97462,58.866598,0.0,111.845325,104,104,697972,1579652,36388,37180,6,3,5183acdcad37809f90e404c6788ec6b4a2fa97aa89a00f24817c68f0242cd13b,True,140.0,20.0,60.0,553228,12804,1419064,8.158466,20.292794,12.069,41.464,5.013
SCHEDULER_ALTERNATING,IDLE,87,687,,100000,8.49745,13.390533,26.840865,11.887583,0.001236,60.770203,59.648666,0.0,120.424637,104,104,697972,1579652,36388,37180,6,3,d4a1dbc020277f4f4eeda767c223fa714ca48f641d6e8c53d324b78f5ce3d728,True,130.0,30.0,60.0,553228,12804,1419064,7.631978,21.070053,19.656,35.167,4.342
SCHEDULER_ALTERNATING,DEPLOYED,88,688,101,53717,8.044826,30.169783,27.128609,7.893526,0.022862,73.432133,49.696869,0.253953,123.412214,104,104,697972,1579652,36388,37180,6,3,df540fa315ffbd0a32f6285045af5d86e28e11a1d74de661ae3e9f32d97ecf75,True,130.0,40.0,50.0,553228,12804,1419064,7.548535,21.134547,13.589,31.346,4.327
SCHEDULER_ALTERNATING,UNPROVISIONED,89,689,1000101,100000,8.153812,13.421963,25.785077,5.032857,0.000859,52.507701,60.440353,0.0,112.951272,104,104,697972,1579652,36388,37180,6,3,89151384719525c5e6e158a61cbc0e67fbe8511b2e4e4509fec270628fac2c04,True,140.0,30.0,60.0,553228,12804,1419064,6.84571,20.712708,12.748,42.254,5.102
SCHEDULER_ALTERNATING,IDLE,90,690,,100000,8.084984,24.880493,28.507833,5.119629,0.000455,66.709894,59.061996,0.0,125.774449,104,104,697972,1579652,36388,37180,6,3,447818fb69d98aa14f10642c31adc29d76f001b1b39c667b34b9ce56008c32db,True,130.0,40.0,60.0,553228,12804,1419064,7.248585,20.977875,12.14,41.575,5.026
SCHEDULER_ALTERNATING,DEPLOYED,91,691,101,53717,11.887859,13.118685,26.23047,12.723199,0.026602,64.155209,62.762707,0.570579,127.522414,104,104,697972,1579652,36388,37180,6,3,9f6d29a964041bd02d29702065695947be87f2a5572aa9985051ccc94f5164a5,True,140.0,30.0,60.0,553228,12804,1419064,11.064426,19.805716,13.632,43.96,4.645
SCHEDULER_ALTERNATING,UNPROVISIONED,92,692,1000101,100000,11.810966,31.402271,25.880529,8.746275,0.010657,78.722742,69.030728,0.0,147.797667,104,104,697972,1579652,36388,37180,6,3,31eba4849a13907cfe12e3cea6f298c9bc3d7c6ca841f01bd1f84c7d94b4963b,True,130.0,50.0,70.0,553228,12804,1419064,10.833615,18.904494,20.184,41.797,5.222
SCHEDULER_ALTERNATING,IDLE,93,693,,100000,13.43905,13.367288,25.784352,4.991879,0.000384,57.725986,58.872115,0.0,116.601226,104,104,697972,1579652,36388,37180,6,3,4aad407bfe68ffcd4b818182fc85228d5372a5d7a4040b67db199631f4957849,True,140.0,20.0,60.0,553228,12804,1419064,12.706995,19.891236,12.201,41.324,5.004
SCHEDULER_ALTERNATING,DEPLOYED,94,694,101,53717,8.310114,13.208199,25.710984,4.942728,0.007919,52.273279,58.456334,0.207621,110.947351,104,104,697972,1579652,36388,37180,6,3,2bf0d006f4e1281fd29808b28a188aebad89c615a9affb09bd62d784b6e6bd99,True,130.0,20.0,60.0,553228,12804,1419064,7.346577,19.827559,12.035,41.184,4.981
SCHEDULER_ALTERNATING,UNPROVISIONED,95,695,1000101,100000,8.177125,13.112614,26.051945,11.31734,0.001511,58.896082,70.757908,0.0,129.661586,104,104,697972,1579652,36388,37180,6,3,8ac1ea18a1280618b07353cdfa264d941d374e9a7498954ee583470060beb80a,True,150.0,30.0,70.0,553228,12804,1419064,7.024071,20.274999,23.514,41.687,5.037
SCHEDULER_ALTERNATING,IDLE,96,696,,100000,8.084915,13.426856,26.335706,5.027373,0.00057,52.994668,80.923945,0.0,133.92377,104,104,697972,1579652,36388,37180,6,3,6466cc06e0f07dc34b49d2442b5c30bdf7522f2d0fea8dd2d17f9d9f86dfb352,True,130.0,30.0,90.0,553228,12804,1419064,7.456091,20.827272,38.41,37.649,4.289
SCHEDULER_ALTERNATING,DEPLOYED,97,697,101,53717,8.81344,29.454674,25.487693,8.249429,0.023414,72.206675,60.607163,0.240053,133.082787,104,104,697972,1579652,36388,37180,6,3,fea3fe7a5e40e0c6507d8ebe67a3122161116fb79ff59074a6bcb4f4b56b6855,True,130.0,40.0,60.0,553228,12804,1419064,7.625555,18.301707,12.86,42.27,5.119
SCHEDULER_ALTERNATING,UNPROVISIONED,98,698,1000101,100000,7.898772,13.29497,25.462769,4.967487,0.000538,51.716623,59.450788,0.0,111.170534,104,104,697972,1579652,36388,37180,6,3,4bd43b1ea0ab04656d278c925d81a9803331f1030151933fb9501caf571da361,True,140.0,20.0,60.0,553228,12804,1419064,6.833378,19.409548,12.225,41.871,4.989
SCHEDULER_ALTERNATING,IDLE,99,699,,100000,17.281843,13.187158,26.17407,12.844483,0.001049,69.670517,92.003658,0.0,161.68004,104,104,697972,1579652,36388,37180,6,3,458dbd0d669f8a1978984d6dcc573586bf69a04836ffaf99b3b1284163f51cd8,True,140.0,40.0,90.0,553228,12804,1419064,15.77543,19.719973,39.562,47.459,4.361
SCHEDULER_ALTERNATING,DEPLOYED,100,700,101,53717,8.349922,31.346048,26.521631,8.352301,0.02307,74.766517,60.023037,0.244866,135.063982,104,104,697972,1579652,36388,37180,6,3,31af8cb8518c2678e59eb4f256066b7151af4bd641dca23abf5143d2a87fbd7f,True,140.0,40.0,60.0,553228,12804,1419064,7.743516,19.459157,12.989,41.64,5.014
SCHEDULER_RANDOMIZED,DEPLOYED,1,701,101,53717,13.031133,13.51345,31.078115,11.142549,0.019152,68.928004,70.497625,0.187722,139.648385,104,104,697972,1579652,36388,37180,6,3,74923e5e8466d99e9f2cd669211ce8111df0039c2d697a9ae8d759b1b13398c7,True,140.0,30.0,80.0,553228,12804,1419064,11.807776,22.598017,23.246,41.809,5.045
SCHEDULER_RANDOMIZED,UNPROVISIONED,2,702,1000101,100000,12.551659,20.063673,43.48886,5.098999,0.000472,81.31194,59.38758,0.0,140.70174,104,104,697972,1579652,36388,37180,6,3,a9f0b6203ce8c1b1cdeb510ac99517881b58ca0c14825e2208c3deda1abf94b6,True,140.0,20.0,60.0,553228,12804,1419064,11.493917,28.492727,12.281,41.795,5.02
SCHEDULER_RANDOMIZED,DEPLOYED,3,703,101,53717,7.989921,13.176437,26.218481,4.997542,0.011759,52.496546,61.668978,0.222609,114.402663,104,104,697972,1579652,36388,37180,6,3,f9f99b7201104be6023ad5ab5430cd70f8b4b441191b19b8d008edf60e6835a3,True,150.0,30.0,60.0,553228,12804,1419064,7.129576,20.287212,14.579,41.675,5.092
SCHEDULER_RANDOMIZED,DEPLOYED,4,704,101,53717,8.244736,13.214518,25.591883,4.984907,0.008866,52.124984,59.278786,0.190069,111.604318,104,104,697972,1579652,36388,37180,6,3,ae37bb1975ed9a39dd8a4e9dd596e2e9787eb10e43954ff7ddc92eee313b9ed7,True,130.0,30.0,60.0,553228,12804,1419064,7.354461,20.172431,12.263,41.675,5.058
SCHEDULER_RANDOMIZED,UNPROVISIONED,5,705,1000101,100000,8.109465,13.233026,25.593853,5.014128,0.000736,52.049006,61.018695,0.0,113.071307,104,104,697972,1579652,36388,37180,6,3,73b676faf7375de20fcc14c1866369777eb725a22a2d6ca63532f9d16613636c,True,130.0,20.0,60.0,553228,12804,1419064,7.391173,19.742163,13.812,41.602,5.259
SCHEDULER_RANDOMIZED,UNPROVISIONED,6,706,1000101,100000,8.401315,21.07371,27.086366,4.954583,0.000879,61.657977,60.502281,0.0,122.164329,104,104,697972,1579652,36388,37180,6,3,8995184bfc82da63d4c1976542c406665e3efae8626565dd9f1c3e17d1ca8711,True,130.0,30.0,60.0,553228,12804,1419064,7.661994,21.028405,12.149,42.893,5.109
SCHEDULER_RANDOMIZED,IDLE,7,707,,100000,9.932745,24.707357,27.226104,7.827893,0.001672,69.892148,82.806896,0.0,152.708785,104,104,697972,1579652,36388,37180,6,3,6064052d17c7795306506ffd23e565e8b38e7eaca5eaf31b6101592e63595ecd,True,160.0,40.0,80.0,553228,12804,1419064,9.194701,20.363476,40.715,37.178,4.215
SCHEDULER_RANDOMIZED,UNPROVISIONED,8,708,1000101,100000,8.726623,29.410361,31.413141,7.949692,0.000631,77.67968,60.74774,0.0,138.432294,104,104,697972,1579652,36388,37180,6,3,2249a4023415733d752ebd91136bd8087d90951b19b347e34acab23171ad74e5,True,160.0,40.0,60.0,553228,12804,1419064,7.676799,26.226243,12.949,42.246,5.137
SCHEDULER_RANDOMIZED,UNPROVISIONED,9,709,1000101,100000,8.448587,23.619582,29.337858,9.978993,0.001318,71.593063,54.451651,0.0,126.05049,104,104,697972,1579652,36388,37180,6,3,06c18deb896c309c8a2d9d0712f5ab52fdf0cc19a98fb323689eb6be745faffb,True,140.0,50.0,60.0,553228,12804,1419064,7.676506,23.281908,13.68,35.361,4.309
SCHEDULER_RANDOMIZED,DEPLOYED,10,710,101,53717,8.767285,25.145382,26.551758,8.256025,0.024092,68.898002,47.45708,0.556643,116.941581,104,104,697972,1579652,36388,37180,6,3,beabab962212f0388c05aca681b73291b89deda596c743f0ca6f0b3e2eccc555,True,140.0,40.0,50.0,553228,12804,1419064,7.49989,19.370208,13.118,30.301,3.689
SCHEDULER_RANDOMIZED,DEPLOYED,11,711,101,53717,13.947681,26.768403,26.438269,8.254701,0.018661,75.544919,47.519036,0.428326,123.516229,104,104,697972,1579652,36388,37180,6,3,a93439ee20578663e78c761d8944c7a6de4a1b4ade55a10cac75c7b3b0aa8d21,True,140.0,40.0,40.0,553228,12804,1419064,13.070167,20.536668,13.232,30.25,3.73
SCHEDULER_RANDOMIZED,IDLE,12,712,,100000,8.945223,29.262914,30.256934,7.435246,0.000674,76.03846,47.777672,0.0,123.81991,104,104,697972,1579652,36388,37180,6,3,d5e1ad62d095f8dfa1bc484551926b11442783c620735d4791f01644615a2cf7,True,130.0,40.0,60.0,553228,12804,1419064,7.469959,23.888117,13.257,30.515,3.708
SCHEDULER_RANDOMIZED,DEPLOYED,13,713,101,53717,13.018122,30.910262,33.675082,7.855635,0.021017,85.585254,48.019932,0.429655,134.06077,104,104,697972,1579652,36388,37180,6,3,f7706a1e114dd78b6a3c41e09463f2fad53b76c1a7e8c7c944336c5b3277b5a2,True,150.0,40.0,50.0,553228,12804,1419064,12.29281,25.222723,13.212,30.751,3.782
SCHEDULER_RANDOMIZED,IDLE,14,714,,100000,9.771329,31.626258,26.458636,7.776405,0.000681,75.740568,48.195736,0.0,123.940377,104,104,697972,1579652,36388,37180,6,3,3d8fd08abd836107ed506ef7140b8ec994c346959d43d94cd409051654e03910,True,140.0,50.0,50.0,553228,12804,1419064,9.384593,20.959884,13.231,30.925,3.75
SCHEDULER_RANDOMIZED,IDLE,15,715,,100000,11.819055,30.498685,26.497618,7.869682,0.001045,76.848298,46.672442,0.0,123.526,104,104,697972,1579652,36388,37180,6,3,df1aecb5dac448d3ccd4f14f81c234f97de531a5b79e7b3bf72123cc4b9638c1,True,130.0,50.0,40.0,553228,12804,1419064,11.127558,19.920436,13.289,29.345,3.655
SCHEDULER_RANDOMIZED,UNPROVISIONED,16,716,1000101,100000,7.57737,31.047113,27.407084,6.579548,0.000779,72.760153,60.108803,0.0,132.874919,104,104,697972,1579652,36388,37180,6,3,df0c8c81c2e91d0ee1f9d23e843158b5c3bf44e03a9fe49fb8f5483b0d2ffddf,True,140.0,40.0,60.0,553228,12804,1419064,6.809525,22.234013,13.14,41.57,5.014
SCHEDULER_RANDOMIZED,IDLE,17,717,,100000,13.440731,13.269608,25.576157,4.98507,0.000525,57.386265,61.459376,0.0,118.847948,104,104,697972,1579652,36388,37180,6,3,f113e9142afb9e42bb8c75079a5c69b672c891cadff299ce9a9c40452c88ea0c,True,150.0,20.0,60.0,553228,12804,1419064,12.471664,19.592889,12.246,43.798,5.072
SCHEDULER_RANDOMIZED,UNPROVISIONED,18,718,1000101,100000,9.022913,13.296306,25.327907,6.622867,0.0011,54.438654,69.242771,0.0,123.687467,104,104,697972,1579652,36388,37180,6,3,1289348c814fb1ae15de4c886f1c36a280a5e5e20a74b56511c0628eea2270c4,True,130.0,30.0,70.0,553228,12804,1419064,7.741437,18.962326,22.541,41.187,5.023
SCHEDULER_RANDOMIZED,UNPROVISIONED,19,719,1000101,100000,7.881326,13.296942,25.508545,8.285075,0.00088,55.114548,53.122557,0.0,108.241261,104,104,697972,1579652,36388,37180,6,3,666e1920202802dba74aac513afb2f859bd2f37913f65c40fa96d93f2f5b618c,True,150.0,20.0,60.0,553228,12804,1419064,7.120136,19.832143,13.546,34.89,4.263
SCHEDULER_RANDOMIZED,UNPROVISIONED,20,720,1000101,100000,8.751006,19.043106,26.018532,10.168147,0.00076,64.13053,47.778154,0.0,111.912746,104,104,697972,1579652,36388,37180,6,3,8d95d1a218391857b9d068fe9d9cf14fe498508838a18b0bf1f8fa1673137095,True,130.0,40.0,50.0,553228,12804,1419064,7.356831,20.224722,13.041,30.703,3.724
SCHEDULER_RANDOMIZED,IDLE,21,721,,100000,8.455911,26.334957,25.57548,6.13954,0.000754,66.628281,47.290136,0.0,113.921957,104,104,697972,1579652,36388,37180,6,3,d1e246026c32ee14b23903568cdae7859741e5d29bcf6494b728c5786a269f9e,True,130.0,40.0,50.0,553228,12804,1419064,7.106008,19.713322,13.123,30.142,3.727
SCHEDULER_RANDOMIZED,IDLE,22,722,,100000,7.866027,23.411489,26.245005,7.427183,0.000676,65.066135,48.191114,0.0,113.260698,104,104,697972,1579652,36388,37180,6,3,f645a81ce66490b420c83e6c944440a31d45f9000754ca67970497d83212180d,True,140.0,30.0,40.0,553228,12804,1419064,7.186706,20.392751,13.128,31.019,3.777
SCHEDULER_RANDOMIZED,IDLE,23,723,,100000,7.809036,13.532109,25.378791,5.000027,0.000917,51.858663,60.59347,0.0,112.456863,104,104,697972,1579652,36388,37180,6,3,160c4b28fb340b85793025e87e42b686ab5d8ec43169fdb5dcc8e0b0f16f5dcc,True,140.0,20.0,70.0,553228,12804,1419064,7.377319,19.416071,12.869,42.176,5.166
SCHEDULER_RANDOMIZED,DEPLOYED,24,724,101,53717,8.541869,14.51798,25.72992,7.162121,0.024001,56.124343,71.071018,0.250453,127.475644,104,104,697972,1579652,36388,37180,6,3,099107d667114ad2cecaa873fec641bdba485bbd3e876c7a693b7b886d29b446,True,130.0,30.0,70.0,553228,12804,1419064,7.846188,19.720768,22.94,42.724,4.986
SCHEDULER_RANDOMIZED,DEPLOYED,25,725,101,53717,7.576851,13.323086,25.494095,8.313244,0.025454,54.883931,53.189224,0.574085,108.678494,104,104,697972,1579652,36388,37180,6,3,e2a4b7f751abf93c782ccfb64bdf96164eda3bc3dcffddc156e37003760279c7,True,140.0,30.0,50.0,553228,12804,1419064,7.035427,19.585659,13.57,34.9,4.248
SCHEDULER_RANDOMIZED,DEPLOYED,26,726,101,53717,15.617893,23.401775,26.49024,8.501649,0.024096,74.184233,48.862177,0.534635,123.611916,104,104,697972,1579652,36388,37180,6,3,520abd13db626b802a13e4e0e4d70178eacea4d1f477a7a5ab6193f75dfa5e8d,True,160.0,40.0,50.0,553228,12804,1419064,14.172692,20.666341,14.205,30.549,3.699
SCHEDULER_RANDOMIZED,UNPROVISIONED,27,727,1000101,100000,12.340046,24.82306,30.106691,5.014172,0.000791,72.435774,62.233055,0.0,134.672718,104,104,697972,1579652,36388,37180,6,3,dc4e61cb5d79e44cc080659d6d7917c1bbc8994456e9318af9307c261d487c3b,True,130.0,20.0,60.0,553228,12804,1419064,11.355458,21.488752,15.197,41.612,5.047
SCHEDULER_RANDOMIZED,DEPLOYED,28,728,101,53717,7.712332,29.603806,29.300433,7.820255,0.024861,74.658546,62.294084,0.240083,137.224239,104,104,697972,1579652,36388,37180,6,3,4561bcb1da3ad57ed31ad5507139ea3aa8dc235fb539e614c41ed3ee68d37ba1,True,140.0,60.0,60.0,553228,12804,1419064,7.283588,20.569385,15.835,40.996,5.002
SCHEDULER_RANDOMIZED,UNPROVISIONED,29,729,1000101,100000,8.052142,13.633095,29.152569,5.071636,0.000987,56.024894,58.458887,0.0,114.487324,104,104,697972,1579652,36388,37180,6,3,296f0daaeddc5041d4689b89abc42c3f5be77af6e2bd5ccdb457f632e0fa1667,True,140.0,20.0,60.0,553228,12804,1419064,6.95206,21.988016,12.183,40.963,4.988
SCHEDULER_RANDOMIZED,IDLE,30,730,,100000,8.009604,13.292156,28.847056,5.05124,0.000543,55.28913,58.307216,0.0,113.598242,104,104,697972,1579652,36388,37180,6,3,8a4902b3f8be64d1c909b119ffc6fb286822f7dd9315168f9fce1e8bd2595d2c,True,150.0,20.0,60.0,553228,12804,1419064,7.580217,24.070993,12.096,40.922,4.98
SCHEDULER_RANDOMIZED,UNPROVISIONED,31,731,1000101,100000,8.322049,13.412374,28.855028,5.044652,0.00061,55.740664,58.939883,0.0,114.682744,104,104,697972,1579652,36388,37180,6,3,0163e2fadd95d23cb02361d760f6146f3e955c370aa3e3f514a5eeba0108bf36,True,130.0,20.0,60.0,553228,12804,1419064,7.098373,24.497203,12.276,41.247,5.097
SCHEDULER_RANDOMIZED,IDLE,32,732,,100000,8.995509,13.366041,25.607949,5.012757,0.00047,53.069639,58.937731,0.0,112.009628,104,104,697972,1579652,36388,37180,6,3,074fe88ce3ac2191c2c81f0b04589d8bb563508cf933a0f5aa1174a0d545e37c,True,130.0,30.0,60.0,553228,12804,1419064,8.026097,19.741649,12.185,41.475,4.991
SCHEDULER_RANDOMIZED,UNPROVISIONED,33,733,1000101,100000,8.101726,13.305525,27.599981,5.081064,0.000255,54.168734,58.577073,0.0,112.747236,104,104,697972,1579652,36388,37180,6,3,a5a5c070bbac8afb47cfcee09a12dbcdbb2d202d736c9ab6bce6bd78487cc7ae,True,130.0,20.0,60.0,553228,12804,1419064,7.514902,22.254651,12.1,41.227,4.961
SCHEDULER_RANDOMIZED,DEPLOYED,34,734,101,53717,10.794355,13.353408,25.766796,11.913503,0.025283,62.002288,53.331541,0.597435,115.966482,104,104,697972,1579652,36388,37180,6,3,6b9bbae6dc6d7f95aa5252fb786e1bb21dc2ab64d3c4eade9f427cabf4128157,True,130.0,30.0,60.0,553228,12804,1419064,10.352944,20.166142,13.783,34.774,4.24
SCHEDULER_RANDOMIZED,UNPROVISIONED,35,735,1000101,100000,8.352154,30.763652,25.861182,7.877544,0.000842,73.005233,46.984716,0.0,119.995951,104,104,697972,1579652,36388,37180,6,3,c879cb52a49971a665f4fd907250419e5b41c731c00f692c19598e36d3cc9239,True,140.0,40.0,50.0,553228,12804,1419064,7.202613,19.326097,13.059,29.813,3.728
SCHEDULER_RANDOMIZED,UNPROVISIONED,36,736,1000101,100000,8.180241,28.232951,26.503948,7.804147,0.000768,70.865779,47.721796,0.0,118.591653,104,104,697972,1579652,36388,37180,6,3,1ec36ab1b78c020ca210580688363452769d1c968db06250dff19432eee44480,True,130.0,40.0,50.0,553228,12804,1419064,6.798609,19.086855,13.439,30.18,3.774
SCHEDULER_RANDOMIZED,DEPLOYED,37,737,101,53717,8.434522,28.908727,25.738671,7.436014,0.0292,70.697586,65.71706,0.250306,136.701761,104,104,697972,1579652,36388,37180,6,3,3fecf5478fbd21a32fa790e2f289395176fb7cac4a2ed81886508304acbb00b4,True,140.0,50.0,70.0,553228,12804,1419064,6.893579,19.378476,18.329,41.761,5.241
SCHEDULER_RANDOMIZED,DEPLOYED,38,738,101,53717,7.421689,13.564315,26.135432,11.101441,0.02193,58.38266,53.543011,0.530887,112.48348,104,104,697972,1579652,36388,37180,6,3,5495c86f0841374fb14468086769d332455f6c834e6893ba44205fbe1bcbdab6,True,130.0,30.0,50.0,553228,12804,1419064,7.044728,20.585382,13.724,35.087,4.259
SCHEDULER_RANDOMIZED,UNPROVISIONED,39,739,1000101,100000,8.480414,13.558371,25.53017,5.022529,0.000729,52.711796,48.131501,0.0,100.84784,104,104,697972,1579652,36388,37180,6,3,4115581ba721db70cec7844d50ec344ac1d1f83f2bf2a0efeff16d76ff25d67e,True,130.0,20.0,50.0,553228,12804,1419064,7.758321,19.38184,13.2,30.902,3.686
SCHEDULER_RANDOMIZED,DEPLOYED,40,740,101,53717,14.001039,33.324049,32.084621,4.987066,0.027376,84.579083,48.493321,0.561947,133.66926,104,104,697972,1579652,36388,37180,6,3,bd455ad78ecd56d06aa365519790875f28039a49ca5a0ab097b8de1429c9bce8,True,140.0,50.0,50.0,553228,12804,1419064,13.215186,19.247419,13.164,31.161,3.787
SCHEDULER_RANDOMIZED,DEPLOYED,41,741,101,53717,8.201333,28.521489,26.986536,7.787001,0.024958,71.685866,48.248843,0.552562,120.519174,104,104,697972,1579652,36388,37180,6,3,2a6c3451bc3aa30740daf6af74e99fe1f43982d07080de69b5dc3d08f5b28394,True,130.0,50.0,50.0,553228,12804,1419064,7.591694,20.907014,13.175,30.803,3.827
SCHEDULER_RANDOMIZED,DEPLOYED,42,742,101,53717,8.418254,21.049264,31.200521,7.501921,0.022923,68.335523,48.114892,0.591333,117.070705,104,104,697972,1579652,36388,37180,6,3,2800e59e3eeecfe4daf3405883908cfca0123836d35a88d0e614595aa7096068,True,150.0,30.0,40.0,553228,12804,1419064,7.31209,25.216882,13.138,30.848,3.734
SCHEDULER_RANDOMIZED,DEPLOYED,43,743,101,53717,7.71969,20.01618,26.410738,7.484079,0.020193,61.781405,48.791588,0.552632,111.152729,104,104,697972,1579652,36388,37180,6,3,e154a6181ccd1757e1cea65953bb595ad10ede8aa34a4a6cacb3a6d8968520d8,True,140.0,30.0,50.0,553228,12804,1419064,7.154523,20.169072,13.175,31.397,3.825
SCHEDULER_RANDOMIZED,DEPLOYED,44,744,101,53717,8.666268,20.030928,26.701612,7.52195,0.023633,63.092673,48.711555,0.516412,112.350295,104,104,697972,1579652,36388,37180,6,3,ad87ce3d48959d474d8dda2fea9383ad04815f15e6685627095de5d742dd4447,True,130.0,30.0,50.0,553228,12804,1419064,7.791465,19.577674,13.039,31.544,3.739
SCHEDULER_RANDOMIZED,UNPROVISIONED,45,745,1000101,100000,8.158515,19.970559,31.349122,7.548149,0.001494,67.189389,48.451644,0.0,115.647827,104,104,697972,1579652,36388,37180,6,3,5d9d3eceeb8a376aa0a7e30847a1f5f238758fbc28ccba217616af75d22d5792,True,130.0,40.0,50.0,553228,12804,1419064,7.032364,20.667061,13.144,31.156,3.74
SCHEDULER_RANDOMIZED,DEPLOYED,46,746,101,53717,7.548325,17.28522,24.499296,4.89172,0.031233,54.428758,48.591065,0.607666,103.667201,104,104,697972,1579652,36388,37180,6,3,26d56d0b7a4ec5ebc756f8743bc2a1467ba6c5a7c86535616a2d3f912770e431,True,140.0,20.0,50.0,553228,12804,1419064,7.190615,20.838738,13.199,30.892,4.068
SCHEDULER_RANDOMIZED,IDLE,47,747,,100000,7.909969,13.223338,26.826838,4.92868,0.001235,53.05778,55.179534,0.0,108.242242,104,104,697972,1579652,36388,37180,6,3,fe6d9c68ea3747e3035c6fb169035ff920bad88a73867c069aa72b515e4aa7fb,True,140.0,20.0,60.0,553228,12804,1419064,7.54025,20.882103,17.081,33.278,4.444
SCHEDULER_RANDOMIZED,DEPLOYED,48,748,101,53717,9.616169,29.806444,26.429073,7.830685,0.021932,73.853243,58.01691,0.253327,132.148703,104,104,697972,1579652,36388,37180,6,3,cfd6dbc65aba0b343fb12616dc6a868beb91f7339af4a74a569d985d2335fafc,True,140.0,50.0,50.0,553228,12804,1419064,8.129715,20.817985,13.732,39.996,3.962
SCHEDULER_RANDOMIZED,UNPROVISIONED,49,749,1000101,100000,8.757215,20.951671,26.157454,7.428169,0.000876,63.385702,50.551529,0.0,113.939854,104,104,697972,1579652,36388,37180,6,3,1b6c2e4312f478cd2460c3d4f40cac08a3de7221660ce2010b934b0f6ce076c6,True,130.0,30.0,60.0,553228,12804,1419064,7.558075,19.463633,13.802,32.545,3.939
SCHEDULER_RANDOMIZED,IDLE,50,750,,100000,8.249791,19.864118,29.809399,7.536106,0.000519,65.56526,52.694681,0.0,118.264529,104,104,697972,1579652,36388,37180,6,3,230c634856b248eecd4ef971c5f33e484b29f9b3300d2fef18c6cb48daab607f,True,140.0,40.0,50.0,553228,12804,1419064,6.962689,24.836266,14.201,33.832,4.265
SCHEDULER_RANDOMIZED,DEPLOYED,51,751,101,53717,7.443812,19.92519,26.648784,7.509084,0.027488,61.721137,51.81292,0.623456,114.192421,104,104,697972,1579652,36388,37180,6,3,c71b8d957aff1049d78681343c7d4df20e5b7a0d33655946785a7db535660623,True,160.0,20.0,50.0,553228,12804,1419064,6.476973,19.786368,14.901,32.587,3.884
SCHEDULER_RANDOMIZED,IDLE,52,752,,100000,8.384418,19.966399,26.106563,7.491846,0.001175,62.128176,50.67771,0.0,112.810912,104,104,697972,1579652,36388,37180,6,3,97ac2d3ce454911004e211adb6d0c900bcc2c76a59a24ead223db59193f6e85d,True,130.0,40.0,50.0,553228,12804,1419064,7.006291,19.169116,13.513,32.757,3.999
SCHEDULER_RANDOMIZED,IDLE,53,753,,100000,7.805422,19.926218,24.947535,7.494971,0.00096,60.335989,50.678854,0.0,111.021885,104,104,697972,1579652,36388,37180,6,3,51c4bec661e5b3af0e2dd94e2cb4a0ef7952e83249fb3514e83b61b9c0c2dcf9,True,130.0,30.0,50.0,553228,12804,1419064,6.789276,19.573456,13.517,32.824,3.951
SCHEDULER_RANDOMIZED,DEPLOYED,54,754,101,53717,8.003339,19.872016,25.090884,7.421139,0.024223,60.567712,50.342705,0.54909,111.490234,104,104,697972,1579652,36388,37180,6,3,df60968b4124091f750e41e1acbc0b7c31eaef43282f156710990b69d6e2bb62,True,140.0,30.0,50.0,553228,12804,1419064,7.476921,19.010719,13.505,32.505,3.973
SCHEDULER_RANDOMIZED,DEPLOYED,55,755,101,53717,8.032273,19.790137,25.336955,7.619636,0.020328,60.928818,48.367588,0.483775,109.805724,104,104,697972,1579652,36388,37180,6,3,3eed4a80d27b1482b48430bd779390b08a2f19c470c23a1d74d7ae3714c7874b,True,120.0,30.0,50.0,553228,12804,1419064,7.428238,18.827635,13.349,30.926,3.744
SCHEDULER_RANDOMIZED,DEPLOYED,56,756,101,53717,10.266734,25.496493,26.130932,7.440526,0.021726,69.484293,48.761393,0.530129,118.803573,104,104,697972,1579652,36388,37180,6,3,cb35c6d0aa4417a040b0a2bd91073f6649f32f9963d456315771a6c9a24d96db,True,140.0,50.0,50.0,553228,12804,1419064,9.530867,20.345307,13.307,31.266,3.831
SCHEDULER_RANDOMIZED,UNPROVISIONED,57,757,1000101,100000,8.106689,26.605883,27.56495,7.413082,0.000947,69.856492,48.771903,0.0,118.634297,104,104,697972,1579652,36388,37180,6,3,1cfd9d9af043aa5d34735afb147b738d3ba2a238134c5f82b0be90361c4a6c4e,True,150.0,30.0,50.0,553228,12804,1419064,6.867259,20.066823,13.241,31.351,3.83
SCHEDULER_RANDOMIZED,UNPROVISIONED,58,758,1000101,100000,7.938776,32.4302,25.318183,4.87884,0.001096,70.726493,57.013346,0.0,127.745824,104,104,697972,1579652,36388,37180,6,3,46cae5a53603f89a2c533f7d855739ce8b317958019c2adf36378b5c66896b63,True,140.0,50.0,60.0,553228,12804,1419064,7.30637,20.478168,22.223,30.539,3.824
SCHEDULER_RANDOMIZED,IDLE,59,759,,100000,11.841416,28.743447,26.37165,12.602098,0.001142,79.732808,48.99017,0.0,128.729899,104,104,697972,1579652,36388,37180,6,3,6ce0f7c17b6bed8afc501ef0ccebbf86049d21bb2a737defb9867ec320735612,True,130.0,40.0,50.0,553228,12804,1419064,10.918388,19.642018,13.881,30.851,3.794
SCHEDULER_RANDOMIZED,DEPLOYED,60,760,101,53717,7.665731,25.54556,38.542527,9.292936,0.026471,81.242875,48.666849,0.56131,130.504103,104,104,697972,1579652,36388,37180,6,3,ecf26861a7b21bab57cc0916d1b83da5b688fdbbea1c36aa628202ba1a08debb,True,140.0,40.0,50.0,553228,12804,1419064,6.867986,24.934417,13.668,30.743,3.834
SCHEDULER_RANDOMIZED,DEPLOYED,61,761,101,53717,10.102452,30.881096,26.041895,7.829639,0.021688,75.032671,55.195564,0.485086,130.739855,104,104,697972,1579652,36388,37180,6,3,b01954120da02c77a573d4bf9134c7ce67035d92baa1b473f6a61b35fe4dab9a,True,140.0,50.0,50.0,553228,12804,1419064,8.593127,19.81969,20.275,30.607,3.872
SCHEDULER_RANDOMIZED,IDLE,62,762,,100000,8.769833,28.361502,26.404904,7.893754,0.001144,71.562814,48.282942,0.0,119.850475,104,104,697972,1579652,36388,37180,6,3,b1cea5a5b85da7f362cfd3674158dd4601f27289f691709b27ca135b0cbed792,True,130.0,30.0,50.0,553228,12804,1419064,8.419383,19.538572,13.45,30.642,3.863
SCHEDULER_RANDOMIZED,IDLE,63,763,,100000,8.116536,29.390443,26.459524,7.458417,0.000791,71.561961,49.107544,0.0,120.674326,104,104,697972,1579652,36388,37180,6,3,e630d1656f8b2a5e7790b17bf5e0ed70a0ff4502f6d87ea7bba05d02b9071b9d,True,140.0,50.0,50.0,553228,12804,1419064,6.813557,19.141521,13.711,31.116,3.919
SCHEDULER_RANDOMIZED,DEPLOYED,64,764,101,53717,8.089919,27.914299,27.448363,7.816813,0.024509,71.436137,49.726004,0.567454,121.760199,104,104,697972,1579652,36388,37180,6,3,262e268a58a7f03ad0cb5d0773d9fedb988f0ba2245d2bfc38a0df857a13ec06,True,140.0,40.0,50.0,553228,12804,1419064,6.816987,20.214286,14.989,30.6,3.699
SCHEDULER_RANDOMIZED,UNPROVISIONED,65,765,1000101,100000,8.91403,29.128598,31.07393,5.136819,0.000907,74.419672,60.536429,0.0,134.960242,104,104,697972,1579652,36388,37180,6,3,281e34a736b9c97df1b508ecb47c5c676ab900eeee842bd63e9b4e5030cddca1,True,130.0,30.0,60.0,553228,12804,1419064,7.661867,26.429763,12.748,42.282,5.153
SCHEDULER_RANDOMIZED,DEPLOYED,66,766,101,53717,8.064365,13.568945,25.068151,5.061573,0.011055,51.902554,58.33746,0.610038,110.871101,104,104,697972,1579652,36388,37180,6,3,3e09b77e65f582c145017720f8f857eb87956ed4393fbb8eae32e80226785d2b,True,140.0,30.0,60.0,553228,12804,1419064,6.989647,19.921616,15.02,36.232,4.437
SCHEDULER_RANDOMIZED,DEPLOYED,67,767,101,53717,8.912331,13.381913,32.588427,4.941888,0.023213,60.000789,57.669462,0.516471,118.216613,104,104,697972,1579652,36388,37180,6,3,17b5de51296f6e5be0495bfcc0e4e4012f6c20963dbb1fad6940679c4040f912,True,130.0,30.0,60.0,553228,12804,1419064,7.917987,26.986397,20.949,32.394,3.895
SCHEDULER_RANDOMIZED,UNPROVISIONED,68,768,1000101,100000,7.31306,13.120006,25.378652,4.895663,0.001024,50.856735,49.805297,0.0,100.667701,104,104,697972,1579652,36388,37180,6,3,ab5ca03f996eca65cecca2443a242539626c48f5a79ad8e4239b9510680aca70,True,130.0,20.0,40.0,553228,12804,1419064,6.847285,19.99721,13.673,31.848,3.917
SCHEDULER_RANDOMIZED,IDLE,69,769,,100000,8.291613,12.999352,24.431469,4.887935,0.000758,50.734704,48.195402,0.0,98.934162,104,104,697972,1579652,36388,37180,6,3,24ea169d9cf69e5f064648f5d2eb2c5e771fc600e2904d3cb220d668606f7ef2,True,140.0,20.0,50.0,553228,12804,1419064,7.070062,19.196174,13.391,30.67,3.829
SCHEDULER_RANDOMIZED,IDLE,70,770,,100000,9.172335,13.011286,27.775843,4.885668,0.000727,54.944845,49.334349,0.0,104.283364,104,104,697972,1579652,36388,37180,6,3,12f832ae081659cb4a7cc9bca852a8c30a28c9e4e402d2a2383c5d15c2730665,True,140.0,20.0,50.0,553228,12804,1419064,8.91841,21.948532,13.484,31.292,4.263
SCHEDULER_RANDOMIZED,UNPROVISIONED,71,771,1000101,100000,8.239282,13.41328,27.335622,4.912907,0.000711,54.005186,49.808158,0.0,103.817849,104,104,697972,1579652,36388,37180,6,3,90f83b96bd59a83bf3373477e12bc898683704d812f13cf1644a230e8199378d,True,130.0,20.0,50.0,553228,12804,1419064,7.452645,20.882634,13.69,31.896,3.917
SCHEDULER_RANDOMIZED,UNPROVISIONED,72,772,1000101,100000,8.370891,13.044595,24.895073,4.874438,0.000717,51.295018,49.982591,0.0,101.281398,104,104,697972,1579652,36388,37180,6,3,3e4d6114489a786666b83d9c1e9be8c635937319de7d026f079fc2cc1836f42c,True,130.0,20.0,50.0,553228,12804,1419064,7.175197,19.325242,13.688,31.983,3.988
SCHEDULER_RANDOMIZED,IDLE,73,773,,100000,11.019974,13.01364,27.0764,4.861055,0.000678,56.077738,52.613774,0.0,108.695124,104,104,697972,1579652,36388,37180,6,3,a66a61e9cbe1a7544e4a71f2656e1e8ae544e6e96f13b98cc25d849cf92c4512,True,140.0,20.0,50.0,553228,12804,1419064,10.744012,21.142151,16.873,31.466,3.983
SCHEDULER_RANDOMIZED,IDLE,74,774,,100000,10.58558,13.008503,35.829579,4.868698,0.000952,64.422132,49.953236,0.0,114.380224,104,104,697972,1579652,36388,37180,6,3,863e64e96351f5b5afb38291af67dd4b8e09e6bbe54e89a2b4461e6320ed8c83,True,140.0,20.0,50.0,553228,12804,1419064,10.174156,27.375016,13.692,31.967,3.949
SCHEDULER_RANDOMIZED,DEPLOYED,75,775,101,53717,8.87222,35.548531,26.009476,7.801514,0.023814,78.37351,61.942447,0.261777,140.608688,104,104,697972,1579652,36388,37180,6,3,e9afab137224a987d3884fb6df50ecf66c071f6da9818180310b766368f6537a,True,140.0,60.0,70.0,553228,12804,1419064,8.56545,19.734341,14.108,42.282,5.163
SCHEDULER_RANDOMIZED,DEPLOYED,76,776,101,53717,8.34666,13.475035,25.469758,5.067016,0.009679,52.472883,59.281908,0.277075,112.044046,104,104,697972,1579652,36388,37180,6,3,8b1a34240bbf9cd608475ee9a4a10ae053adea46117b751f6fffeb1188f8687d,True,130.0,10.0,60.0,553228,12804,1419064,7.022902,20.50443,12.179,41.728,5.06
SCHEDULER_RANDOMIZED,IDLE,77,777,,100000,8.148201,19.387215,25.320728,7.937409,0.000703,60.883469,59.602088,0.0,120.488134,104,104,697972,1579652,36388,37180,6,3,0b8bbe0effa6374a7dbbfb0b8e170c9b154a564aa1fb6a609c3403770cf370d6,True,120.0,40.0,60.0,553228,12804,1419064,7.54395,19.598251,12.359,41.842,5.112
SCHEDULER_RANDOMIZED,IDLE,78,778,,100000,7.824603,17.061334,25.607522,5.013764,0.000543,55.59465,59.552504,0.0,115.148951,104,104,697972,1579652,36388,37180,6,3,b861b8579d2ed9be58716f757d0555ec0993f246f8c20f1f8d68cac447404dca,True,130.0,20.0,60.0,553228,12804,1419064,7.206491,19.361063,12.365,41.855,5.048
SCHEDULER_RANDOMIZED,DEPLOYED,79,779,101,53717,8.789683,13.252566,25.280336,5.00587,0.009628,52.431339,59.153164,0.219424,111.815882,104,104,697972,1579652,36388,37180,6,3,f10e381bd854391749159f6b47b353aca372cf479aa7ddc29654b7c69f5e6a30,True,120.0,20.0,60.0,553228,12804,1419064,7.573053,19.668811,12.165,41.663,5.04
SCHEDULER_RANDOMIZED,IDLE,80,780,,100000,7.494378,13.229324,28.363909,5.020954,0.000484,54.194097,59.750785,0.0,113.94848,104,104,697972,1579652,36388,37180,6,3,f3980093a8d9beb2de399ba38392d950b4c02e53566e43c9636eb51d4d680dc1,True,140.0,30.0,60.0,553228,12804,1419064,6.969302,23.344941,12.37,41.946,5.071
SCHEDULER_RANDOMIZED,UNPROVISIONED,81,781,1000101,100000,8.581777,13.282207,24.877733,4.936634,0.000694,51.801186,59.282418,0.0,111.086034,104,104,697972,1579652,36388,37180,6,3,8308f78ba095119cfd6f3b84a10e1d806eb9c893076afb2edee97e3898339de1,True,130.0,20.0,60.0,553228,12804,1419064,7.621607,19.887014,12.301,41.659,5.057
SCHEDULER_RANDOMIZED,DEPLOYED,82,782,101,53717,8.862613,13.412809,25.007659,5.049406,0.008441,52.424482,59.34619,0.221917,112.003198,104,104,697972,1579652,36388,37180,6,3,bda83369355caeebceb095bfb880f6791a1c2aa7df62175207a44f5fa2a81084,True,130.0,20.0,60.0,553228,12804,1419064,7.579923,19.353546,12.315,41.692,5.05
SCHEDULER_RANDOMIZED,IDLE,83,783,,100000,8.195671,13.283451,26.009949,4.966329,0.000553,52.549123,59.59171,0.0,112.144969,104,104,697972,1579652,36388,37180,6,3,5cd6ba15716fb1bbbc27753cf191d775fcdf3c0120d418d792958de81615a1f8,True,130.0,20.0,60.0,553228,12804,1419064,7.054864,20.320522,12.159,41.963,5.085
SCHEDULER_RANDOMIZED,DEPLOYED,84,784,101,53717,9.893467,13.364364,26.306452,4.931535,0.011603,54.670846,65.591592,0.534461,120.81421,104,104,697972,1579652,36388,37180,6,3,282650bfdfb4ef10536ff4e2fd7f72d2d3574be10851ef34794d8d14cbfb3638,True,140.0,20.0,60.0,553228,12804,1419064,9.503519,21.0198,14.905,44.215,6.044
SCHEDULER_RANDOMIZED,DEPLOYED,85,785,101,53717,7.419106,13.266972,24.817889,4.951192,0.009052,50.587094,58.51963,0.215466,109.333752,104,104,697972,1579652,36388,37180,6,3,eca295785573881f59cbbcdd3393e0d293a2a19bc8d02a82bfe4d646dc9b5cbb,True,130.0,20.0,60.0,553228,12804,1419064,6.965634,19.339494,12.083,41.171,4.971
SCHEDULER_RANDOMIZED,UNPROVISIONED,86,786,1000101,100000,8.523441,13.115567,27.525229,5.295644,0.000561,54.543595,59.577033,0.0,114.123876,104,104,697972,1579652,36388,37180,6,3,135582e4f39336b22882442913df6cd1092ec495e888fb484f662c176b4f5d87,True,160.0,30.0,60.0,553228,12804,1419064,7.230979,21.546083,12.415,41.787,5.043
SCHEDULER_RANDOMIZED,DEPLOYED,87,787,101,53717,7.932876,13.441422,26.898704,9.412235,0.011328,57.813305,59.20759,0.223247,117.258791,104,104,697972,1579652,36388,37180,6,3,b3f82458703ffaaeb2798c484d0997b34125f31ad97fce8ee447047b6c8b17ce,True,130.0,20.0,60.0,553228,12804,1419064,7.068393,21.005025,12.057,41.805,5.034
SCHEDULER_RANDOMIZED,UNPROVISIONED,88,788,1000101,100000,7.91543,20.552721,26.106066,8.596552,0.000868,63.290594,59.338571,0.0,122.633415,104,104,697972,1579652,36388,37180,6,3,1347a83a426f95581a5d476aa379076710a65486652ce572d28766b6a3f24f02,True,120.0,40.0,60.0,553228,12804,1419064,7.108721,20.348377,12.349,41.646,5.0
SCHEDULER_RANDOMIZED,UNPROVISIONED,89,789,1000101,100000,8.050495,19.844317,25.138193,9.159416,0.000744,62.320811,60.813351,0.0,123.137671,104,104,697972,1579652,36388,37180,6,3,7c50770c4a596f6cb57fbecd7d1860765ea766ab50f7ade9171165e1d96f920c,True,160.0,30.0,70.0,553228,12804,1419064,7.062057,20.599938,12.431,42.782,5.285
SCHEDULER_RANDOMIZED,DEPLOYED,90,790,101,53717,9.653964,20.324378,30.160894,8.509015,0.008986,68.790074,59.752002,0.220642,128.774749,104,104,697972,1579652,36388,37180,6,3,8d087aa10c168956835271575ed3e7fe004e42a6722aaf8b129f6eb1708c6e1d,True,140.0,30.0,60.0,553228,12804,1419064,8.588788,24.96724,12.401,42.021,5.024
SCHEDULER_RANDOMIZED,UNPROVISIONED,91,791,1000101,100000,8.464768,20.52166,26.376701,8.802563,0.000757,64.272722,59.283906,0.0,123.559361,104,104,697972,1579652,36388,37180,6,3,4269c5236ebedabfb6ea2c6516de91236d6bfb6ba457ac954edaa3f15886faf2,True,140.0,40.0,60.0,553228,12804,1419064,7.157102,20.844429,12.294,41.7,4.999
SCHEDULER_RANDOMIZED,DEPLOYED,92,792,101,53717,8.727021,20.398,25.781607,8.909255,0.007916,63.914323,59.494636,0.19175,123.610439,104,104,697972,1579652,36388,37180,6,3,08439b76a3f8af7a00f50605097885769be08feac09ed63909f99b054b52b61c,True,120.0,30.0,60.0,553228,12804,1419064,7.564161,20.04484,12.336,41.848,5.064
SCHEDULER_RANDOMIZED,IDLE,93,793,,100000,8.665098,22.546057,27.80809,9.142528,0.00064,68.254674,59.333415,0.0,127.591004,104,104,697972,1579652,36388,37180,6,3,407af413dba398fbb0c78eb7c01f9ac2f30c504391cc1e4a3fe3e46d2249b687,True,130.0,30.0,60.0,553228,12804,1419064,7.902204,22.049793,12.37,41.59,5.04
SCHEDULER_RANDOMIZED,DEPLOYED,94,794,101,53717,13.502833,21.484586,25.670941,9.228002,0.009279,70.001333,59.23218,0.301684,129.547486,104,104,697972,1579652,36388,37180,6,3,5492e7594013baa0b1dd2df7959a4ce2263bb8460cbc632ad1c8dd78f7cc338c,True,140.0,40.0,60.0,553228,12804,1419064,12.843837,20.02201,12.26,41.645,5.019
SCHEDULER_RANDOMIZED,IDLE,95,795,,100000,10.162366,20.51357,26.01223,8.476268,0.000535,65.254102,59.361041,0.0,124.617198,104,104,697972,1579652,36388,37180,6,3,7e23637673d697b5dfed35622ca1e1e0164029bbc69b922af8b3787bef99ee55,True,150.0,30.0,60.0,553228,12804,1419064,8.873597,19.587861,12.423,41.631,5.036
SCHEDULER_RANDOMIZED,IDLE,96,796,,100000,8.004029,20.450976,44.534886,9.208818,0.000717,82.303,67.872241,0.0,150.177983,104,104,697972,1579652,36388,37180,6,3,be9d47a501253dbfecab11c673fe657c975f5f9090509c03f6fed165927aef66,True,160.0,40.0,70.0,553228,12804,1419064,7.303163,30.081471,21.007,41.548,4.999
SCHEDULER_RANDOMIZED,DEPLOYED,97,797,101,53717,8.290835,20.266964,25.919269,8.716621,0.008616,63.313105,59.211252,0.202538,122.737782,104,104,697972,1579652,36388,37180,6,3,50f2cf899fce0a1e1c639bb03d828db5eb756eba42c2074ed15cf6535c7d613b,True,130.0,30.0,50.0,553228,12804,1419064,7.701006,19.830978,12.241,41.623,5.059
SCHEDULER_RANDOMIZED,UNPROVISIONED,98,798,1000101,100000,8.257736,20.723573,25.83455,9.223126,0.000401,64.166556,59.144227,0.0,123.31362,104,104,697972,1579652,36388,37180,6,3,e1733844c89228a3e933c8952536a77385df459635380fa2af0c4faf4a71e08f,True,120.0,40.0,60.0,553228,12804,1419064,7.60372,20.502602,12.233,41.574,5.032
SCHEDULER_RANDOMIZED,UNPROVISIONED,99,799,1000101,100000,8.321551,22.729292,24.953154,7.966277,0.001308,64.179518,59.017279,0.0,123.208077,104,104,697972,1579652,36388,37180,6,3,3aca748fc755677351fa4d65ee1c389ef2f8aa6edb5bc36711f072a0e60f6a41,True,120.0,30.0,60.0,553228,12804,1419064,7.443925,18.781102,19.013,35.091,4.303
SCHEDULER_RANDOMIZED,DEPLOYED,100,800,101,53717,9.026936,24.710703,25.341982,7.862371,0.026256,67.155922,61.39765,0.240903,128.826645,104,104,697972,1579652,36388,37180,6,3,134032b36991ef0a8dac643ed74c545055a79b62a964edcdb9cc173e95261481,True,140.0,30.0,60.0,553228,12804,1419064,7.546061,20.585232,13.197,42.589,5.17
