episode,round,index,class
M6-E01-9004,0,31,M6:REAL
M6-E01-9004,1,31,M6:REAL
M6-E01-9004,2,31,M6:REAL
M6-E01-9004,3,31,M6:REAL
M6-E01-9004,4,31,M6:REAL
M6-E01-9004,5,31,M6:REAL
M6-E01-9004,6,31,M6:REAL
M6-E01-9004,7,31,M6:REAL
M6-E01-9004,8,31,M6:REAL
M6-E01-9004,9,31,M6:REAL
M6-E01-9004,10,31,M6:REAL
M6-E01-9004,11,31,M6:REAL
M6-E01-9004,12,31,M6:REAL
M6-E01-9004,13,31,M6:REAL
M6-E01-9004,14,31,M6:REAL
M6-E01-9004,15,31,M6:REAL
M6-E01-9004,16,31,M6:REAL
M6-E01-9004,17,31,M6:REAL
M6-E01-9004,18,31,M6:REAL
M6-E01-9004,19,31,M6:REAL
M6-E01-9004,20,31,M6:REAL
M6-E01-9004,21,31,M6:REAL
M6-E01-9004,22,31,M6:REAL
M6-E01-9004,23,31,M6:REAL
M6-E01-9004,24,31,M6:REAL
M6-E01-9004,25,31,M6:REAL
M6-E01-9004,26,31,M6:REAL
M6-E01-9004,27,31,M6:REAL
M6-E01-9004,28,31,M6:REAL
M6-E01-9004,29,31,M6:REAL
M6-E01-9004,30,31,M6:REAL
M6-E01-9004,31,31,M6:REAL
M6-E01-9004,32,31,M6:REAL
M6-E01-9004,33,31,M6:REAL
M6-E01-9004,34,31,M6:REAL
M6-E01-9004,35,31,M6:REAL
M6-E01-9004,36,31,M6:REAL
M6-E01-9004,37,31,M6:REAL
M6-E01-9004,38,31,M6:REAL
M6-E01-9004,39,31,M6:REAL
M6-E01-9004,40,31,M6:REAL
M6-E01-9004,41,31,M6:REAL
M6-E01-9004,42,31,M6:REAL
M6-E01-9004,43,31,M6:REAL
M6-E01-9004,44,31,M6:REAL
M6-E01-9004,45,31,M6:REAL
M6-E01-9004,46,31,M6:REAL
M6-E01-9004,47,31,M6:REAL
M6-E01-9004,48,31,M6:REAL
M6-E01-9004,49,31,M6:REAL
M6-E01-9004,50,31,M6:REAL
M6-E01-9004,51,31,M6:REAL
M6-E01-9004,52,31,M6:REAL
M6-E01-9004,53,31,M6:REAL
M6-E01-9004,54,31,M6:REAL
M6-E01-9004,55,31,M6:REAL
M6-E01-9004,56,31,M6:REAL
M6-E01-9004,57,31,M6:REAL
M6-E01-9004,58,31,M6:REAL
M6-E01-9004,59,31,M6:REAL
M6-E01-9004,60,31,M6:REAL
M6-E01-9004,61,31,M6:REAL
M6-E01-9004,62,31,M6:REAL
M6-E01-9004,63,31,M6:REAL
M6-E01-9004,64,31,M6:REAL
M6-E01-9004,65,31,M6:REAL
M6-E01-9004,66,31,M6:REAL
M6-E01-9004,67,31,M6:REAL
M6-E01-9004,68,31,M6:REAL
M6-E01-9004,69,31,M6:REAL
M6-E01-9004,70,31,M6:REAL
M6-E01-9004,71,31,M6:REAL
M6-E01-9004,72,31,M6:REAL
M6-E01-9004,73,31,M6:REAL
M6-E01-9004,74,31,M6:REAL
M6-E01-9004,75,31,M6:REAL
M6-E01-9004,76,31,M6:REAL
M6-E01-9004,77,31,M6:REAL
M6-E01-9004,78,31,M6:REAL
M6-E01-9004,79,31,M6:REAL
M6-E01-9004,80,31,M6:REAL
M6-E01-9004,81,31,M6:REAL
M6-E01-9004,82,31,M6:REAL
M6-E01-9004,83,31,M6:REAL
M6-E01-9004,84,31,M6:REAL
M6-E01-9004,85,31,M6:REAL
M6-E01-9004,86,31,M6:REAL
M6-E01-9004,87,31,M6:REAL
M6-E01-9004,88,31,M6:REAL
M6-E01-9004,89,31,M6:REAL
M6-E01-9004,90,31,M6:REAL
M6-E01-9004,91,31,M6:REAL
M6-E01-9004,92,31,M6:REAL
M6-E01-9004,93,31,M6:REAL
M6-E01-9004,94,31,M6:REAL
M6-E01-9004,95,31,M6:REAL
M6-E01-9004,96,31,M6:REAL
M6-E01-9004,97,31,M6:REAL
M6-E01-9004,98,31,M6:REAL
M6-E01-9004,99,31,M6:REAL
PIR_REAL_50-E00-9004,0,17,PIR_REAL_50:REAL
PIR_REAL_50-E00-9004,1,17,PIR_REAL_50:REAL
PIR_REAL_50-E00-9004,2,1037,PIR_REAL_50:DUMMY
PIR_REAL_50-E00-9004,3,1003,PIR_REAL_50:DUMMY
PIR_REAL_50-E00-9004,4,17,PIR_REAL_50:REAL
PIR_REAL_50-E00-9004,5,17,PIR_REAL_50:REAL
PIR_REAL_50-E00-9004,6,17,PIR_REAL_50:REAL
PIR_REAL_50-E00-9004,7,17,PIR_REAL_50:REAL
PIR_REAL_50-E00-9004,8,1027,PIR_REAL_50:DUMMY
PIR_REAL_50-E00-9004,9,17,PIR_REAL_50:REAL
PIR_REAL_50-E00-9004,10,1048,PIR_REAL_50:DUMMY
PIR_REAL_50-E00-9004,11,1052,PIR_REAL_50:DUMMY
PIR_REAL_50-E00-9004,12,17,PIR_REAL_50:REAL
PIR_REAL_50-E00-9004,13,1017,PIR_REAL_50:DUMMY
PIR_REAL_50-E00-9004,14,17,PIR_REAL_50:REAL
PIR_REAL_50-E00-9004,15,17,PIR_REAL_50:REAL
PIR_REAL_50-E00-9004,16,1058,PIR_REAL_50:DUMMY
PIR_REAL_50-E00-9004,17,17,PIR_REAL_50:REAL
PIR_REAL_50-E00-9004,18,17,PIR_REAL_50:REAL
PIR_REAL_50-E00-9004,19,1062,PIR_REAL_50:DUMMY
PIR_REAL_50-E00-9004,20,17,PIR_REAL_50:REAL
PIR_REAL_50-E00-9004,21,1019,PIR_REAL_50:DUMMY
PIR_REAL_50-E00-9004,22,17,PIR_REAL_50:REAL
PIR_REAL_50-E00-9004,23,1014,PIR_REAL_50:DUMMY
PIR_REAL_50-E00-9004,24,17,PIR_REAL_50:REAL
PIR_REAL_50-E00-9004,25,17,PIR_REAL_50:REAL
PIR_REAL_50-E00-9004,26,17,PIR_REAL_50:REAL
PIR_REAL_50-E00-9004,27,1015,PIR_REAL_50:DUMMY
PIR_REAL_50-E00-9004,28,1062,PIR_REAL_50:DUMMY
PIR_REAL_50-E00-9004,29,17,PIR_REAL_50:REAL
PIR_REAL_50-E00-9004,30,17,PIR_REAL_50:REAL
PIR_REAL_50-E00-9004,31,17,PIR_REAL_50:REAL
PIR_REAL_50-E00-9004,32,1034,PIR_REAL_50:DUMMY
PIR_REAL_50-E00-9004,33,17,PIR_REAL_50:REAL
PIR_REAL_50-E00-9004,34,1009,PIR_REAL_50:DUMMY
PIR_REAL_50-E00-9004,35,17,PIR_REAL_50:REAL
PIR_REAL_50-E00-9004,36,1027,PIR_REAL_50:DUMMY
PIR_REAL_50-E00-9004,37,17,PIR_REAL_50:REAL
PIR_REAL_50-E00-9004,38,17,PIR_REAL_50:REAL
PIR_REAL_50-E00-9004,39,17,PIR_REAL_50:REAL
PIR_REAL_50-E00-9004,40,17,PIR_REAL_50:REAL
PIR_REAL_50-E00-9004,41,17,PIR_REAL_50:REAL
PIR_REAL_50-E00-9004,42,17,PIR_REAL_50:REAL
PIR_REAL_50-E00-9004,43,17,PIR_REAL_50:REAL
PIR_REAL_50-E00-9004,44,1063,PIR_REAL_50:DUMMY
PIR_REAL_50-E00-9004,45,1047,PIR_REAL_50:DUMMY
PIR_REAL_50-E00-9004,46,1054,PIR_REAL_50:DUMMY
PIR_REAL_50-E00-9004,47,1031,PIR_REAL_50:DUMMY
PIR_REAL_50-E00-9004,48,1025,PIR_REAL_50:DUMMY
PIR_REAL_50-E00-9004,49,17,PIR_REAL_50:REAL
PIR_REAL_50-E00-9004,50,1021,PIR_REAL_50:DUMMY
PIR_REAL_50-E00-9004,51,17,PIR_REAL_50:REAL
PIR_REAL_50-E00-9004,52,1035,PIR_REAL_50:DUMMY
PIR_REAL_50-E00-9004,53,1001,PIR_REAL_50:DUMMY
PIR_REAL_50-E00-9004,54,1019,PIR_REAL_50:DUMMY
PIR_REAL_50-E00-9004,55,17,PIR_REAL_50:REAL
PIR_REAL_50-E00-9004,56,17,PIR_REAL_50:REAL
PIR_REAL_50-E00-9004,57,1028,PIR_REAL_50:DUMMY
PIR_REAL_50-E00-9004,58,1012,PIR_REAL_50:DUMMY
PIR_REAL_50-E00-9004,59,17,PIR_REAL_50:REAL
PIR_REAL_50-E00-9004,60,1041,PIR_REAL_50:DUMMY
PIR_REAL_50-E00-9004,61,1029,PIR_REAL_50:DUMMY
PIR_REAL_50-E00-9004,62,17,PIR_REAL_50:REAL
PIR_REAL_50-E00-9004,63,17,PIR_REAL_50:REAL
PIR_REAL_50-E00-9004,64,1014,PIR_REAL_50:DUMMY
PIR_REAL_50-E00-9004,65,17,PIR_REAL_50:REAL
PIR_REAL_50-E00-9004,66,1054,PIR_REAL_50:DUMMY
PIR_REAL_50-E00-9004,67,17,PIR_REAL_50:REAL
PIR_REAL_50-E00-9004,68,1060,PIR_REAL_50:DUMMY
PIR_REAL_50-E00-9004,69,17,PIR_REAL_50:REAL
PIR_REAL_50-E00-9004,70,1039,PIR_REAL_50:DUMMY
PIR_REAL_50-E00-9004,71,17,PIR_REAL_50:REAL
PIR_REAL_50-E00-9004,72,1055,PIR_REAL_50:DUMMY
PIR_REAL_50-E00-9004,73,1048,PIR_REAL_50:DUMMY
PIR_REAL_50-E00-9004,74,1002,PIR_REAL_50:DUMMY
PIR_REAL_50-E00-9004,75,17,PIR_REAL_50:REAL
PIR_REAL_50-E00-9004,76,1033,PIR_REAL_50:DUMMY
PIR_REAL_50-E00-9004,77,1000,PIR_REAL_50:DUMMY
PIR_REAL_50-E00-9004,78,17,PIR_REAL_50:REAL
PIR_REAL_50-E00-9004,79,1061,PIR_REAL_50:DUMMY
PIR_REAL_50-E00-9004,80,17,PIR_REAL_50:REAL
PIR_REAL_50-E00-9004,81,1027,PIR_REAL_50:DUMMY
PIR_REAL_50-E00-9004,82,1019,PIR_REAL_50:DUMMY
PIR_REAL_50-E00-9004,83,17,PIR_REAL_50:REAL
PIR_REAL_50-E00-9004,84,17,PIR_REAL_50:REAL
PIR_REAL_50-E00-9004,85,17,PIR_REAL_50:REAL
PIR_REAL_50-E00-9004,86,1001,PIR_REAL_50:DUMMY
PIR_REAL_50-E00-9004,87,1048,PIR_REAL_50:DUMMY
PIR_REAL_50-E00-9004,88,1047,PIR_REAL_50:DUMMY
PIR_REAL_50-E00-9004,89,1031,PIR_REAL_50:DUMMY
PIR_REAL_50-E00-9004,90,1031,PIR_REAL_50:DUMMY
PIR_REAL_50-E00-9004,91,17,PIR_REAL_50:REAL
PIR_REAL_50-E00-9004,92,1056,PIR_REAL_50:DUMMY
PIR_REAL_50-E00-9004,93,1021,PIR_REAL_50:DUMMY
PIR_REAL_50-E00-9004,94,17,PIR_REAL_50:REAL
PIR_REAL_50-E00-9004,95,17,PIR_REAL_50:REAL
PIR_REAL_50-E00-9004,96,17,PIR_REAL_50:REAL
PIR_REAL_50-E00-9004,97,1061,PIR_REAL_50:DUMMY
PIR_REAL_50-E00-9004,98,1063,PIR_REAL_50:DUMMY
PIR_REAL_50-E00-9004,99,1029,PIR_REAL_50:DUMMY
M4-E00-9004,0,10,M4:REAL
M4-E00-9004,1,11,M4:REAL
M4-E00-9004,2,10,M4:REAL
M4-E00-9004,3,11,M4:REAL
M4-E00-9004,4,10,M4:REAL
M4-E00-9004,5,11,M4:REAL
M4-E00-9004,6,10,M4:REAL
M4-E00-9004,7,11,M4:REAL
M4-E00-9004,8,10,M4:REAL
M4-E00-9004,9,11,M4:REAL
M4-E00-9004,10,10,M4:REAL
M4-E00-9004,11,11,M4:REAL
M4-E00-9004,12,10,M4:REAL
M4-E00-9004,13,11,M4:REAL
M4-E00-9004,14,10,M4:REAL
M4-E00-9004,15,11,M4:REAL
M4-E00-9004,16,10,M4:REAL
M4-E00-9004,17,11,M4:REAL
M4-E00-9004,18,10,M4:REAL
M4-E00-9004,19,11,M4:REAL
M4-E00-9004,20,10,M4:REAL
M4-E00-9004,21,11,M4:REAL
M4-E00-9004,22,10,M4:REAL
M4-E00-9004,23,11,M4:REAL
M4-E00-9004,24,10,M4:REAL
M4-E00-9004,25,11,M4:REAL
M4-E00-9004,26,10,M4:REAL
M4-E00-9004,27,11,M4:REAL
M4-E00-9004,28,10,M4:REAL
M4-E00-9004,29,11,M4:REAL
M4-E00-9004,30,10,M4:REAL
M4-E00-9004,31,11,M4:REAL
M4-E00-9004,32,10,M4:REAL
M4-E00-9004,33,11,M4:REAL
M4-E00-9004,34,10,M4:REAL
M4-E00-9004,35,11,M4:REAL
M4-E00-9004,36,10,M4:REAL
M4-E00-9004,37,11,M4:REAL
M4-E00-9004,38,10,M4:REAL
M4-E00-9004,39,11,M4:REAL
M4-E00-9004,40,10,M4:REAL
M4-E00-9004,41,11,M4:REAL
M4-E00-9004,42,10,M4:REAL
M4-E00-9004,43,11,M4:REAL
M4-E00-9004,44,10,M4:REAL
M4-E00-9004,45,11,M4:REAL
M4-E00-9004,46,10,M4:REAL
M4-E00-9004,47,11,M4:REAL
M4-E00-9004,48,10,M4:REAL
M4-E00-9004,49,11,M4:REAL
M4-E00-9004,50,10,M4:REAL
M4-E00-9004,51,11,M4:REAL
M4-E00-9004,52,10,M4:REAL
M4-E00-9004,53,11,M4:REAL
M4-E00-9004,54,10,M4:REAL
M4-E00-9004,55,11,M4:REAL
M4-E00-9004,56,10,M4:REAL
M4-E00-9004,57,11,M4:REAL
M4-E00-9004,58,10,M4:REAL
M4-E00-9004,59,11,M4:REAL
M4-E00-9004,60,10,M4:REAL
M4-E00-9004,61,11,M4:REAL
M4-E00-9004,62,10,M4:REAL
M4-E00-9004,63,11,M4:REAL
M4-E00-9004,64,10,M4:REAL
M4-E00-9004,65,11,M4:REAL
M4-E00-9004,66,10,M4:REAL
M4-E00-9004,67,11,M4:REAL
M4-E00-9004,68,10,M4:REAL
M4-E00-9004,69,11,M4:REAL
M4-E00-9004,70,10,M4:REAL
M4-E00-9004,71,11,M4:REAL
M4-E00-9004,72,10,M4:REAL
M4-E00-9004,73,11,M4:REAL
M4-E00-9004,74,10,M4:REAL
M4-E00-9004,75,11,M4:REAL
M4-E00-9004,76,10,M4:REAL
M4-E00-9004,77,11,M4:REAL
M4-E00-9004,78,10,M4:REAL
M4-E00-9004,79,11,M4:REAL
M4-E00-9004,80,10,M4:REAL
M4-E00-9004,81,11,M4:REAL
M4-E00-9004,82,10,M4:REAL
M4-E00-9004,83,11,M4:REAL
M4-E00-9004,84,10,M4:REAL
M4-E00-9004,85,11,M4:REAL
M4-E00-9004,86,10,M4:REAL
M4-E00-9004,87,11,M4:REAL
M4-E00-9004,88,10,M4:REAL
M4-E00-9004,89,11,M4:REAL
M4-E00-9004,90,10,M4:REAL
M4-E00-9004,91,11,M4:REAL
M4-E00-9004,92,10,M4:REAL
M4-E00-9004,93,11,M4:REAL
M4-E00-9004,94,10,M4:REAL
M4-E00-9004,95,11,M4:REAL
M4-E00-9004,96,10,M4:REAL
M4-E00-9004,97,11,M4:REAL
M4-E00-9004,98,10,M4:REAL
M4-E00-9004,99,11,M4:REAL
M4-E04-9004,0,10,M4:REAL
M4-E04-9004,1,11,M4:REAL
M4-E04-9004,2,10,M4:REAL
M4-E04-9004,3,11,M4:REAL
M4-E04-9004,4,10,M4:REAL
M4-E04-9004,5,11,M4:REAL
M4-E04-9004,6,10,M4:REAL
M4-E04-9004,7,11,M4:REAL
M4-E04-9004,8,10,M4:REAL
M4-E04-9004,9,11,M4:REAL
M4-E04-9004,10,10,M4:REAL
M4-E04-9004,11,11,M4:REAL
M4-E04-9004,12,10,M4:REAL
M4-E04-9004,13,11,M4:REAL
M4-E04-9004,14,10,M4:REAL
M4-E04-9004,15,11,M4:REAL
M4-E04-9004,16,10,M4:REAL
M4-E04-9004,17,11,M4:REAL
M4-E04-9004,18,10,M4:REAL
M4-E04-9004,19,11,M4:REAL
M4-E04-9004,20,10,M4:REAL
M4-E04-9004,21,11,M4:REAL
M4-E04-9004,22,10,M4:REAL
M4-E04-9004,23,11,M4:REAL
M4-E04-9004,24,10,M4:REAL
M4-E04-9004,25,11,M4:REAL
M4-E04-9004,26,10,M4:REAL
M4-E04-9004,27,11,M4:REAL
M4-E04-9004,28,10,M4:REAL
M4-E04-9004,29,11,M4:REAL
M4-E04-9004,30,10,M4:REAL
M4-E04-9004,31,11,M4:REAL
M4-E04-9004,32,10,M4:REAL
M4-E04-9004,33,11,M4:REAL
M4-E04-9004,34,10,M4:REAL
M4-E04-9004,35,11,M4:REAL
M4-E04-9004,36,10,M4:REAL
M4-E04-9004,37,11,M4:REAL
M4-E04-9004,38,10,M4:REAL
M4-E04-9004,39,11,M4:REAL
M4-E04-9004,40,10,M4:REAL
M4-E04-9004,41,11,M4:REAL
M4-E04-9004,42,10,M4:REAL
M4-E04-9004,43,11,M4:REAL
M4-E04-9004,44,10,M4:REAL
M4-E04-9004,45,11,M4:REAL
M4-E04-9004,46,10,M4:REAL
M4-E04-9004,47,11,M4:REAL
M4-E04-9004,48,10,M4:REAL
M4-E04-9004,49,11,M4:REAL
M4-E04-9004,50,10,M4:REAL
M4-E04-9004,51,11,M4:REAL
M4-E04-9004,52,10,M4:REAL
M4-E04-9004,53,11,M4:REAL
M4-E04-9004,54,10,M4:REAL
M4-E04-9004,55,11,M4:REAL
M4-E04-9004,56,10,M4:REAL
M4-E04-9004,57,11,M4:REAL
M4-E04-9004,58,10,M4:REAL
M4-E04-9004,59,11,M4:REAL
M4-E04-9004,60,10,M4:REAL
M4-E04-9004,61,11,M4:REAL
M4-E04-9004,62,10,M4:REAL
M4-E04-9004,63,11,M4:REAL
M4-E04-9004,64,10,M4:REAL
M4-E04-9004,65,11,M4:REAL
M4-E04-9004,66,10,M4:REAL
M4-E04-9004,67,11,M4:REAL
M4-E04-9004,68,10,M4:REAL
M4-E04-9004,69,11,M4:REAL
M4-E04-9004,70,10,M4:REAL
M4-E04-9004,71,11,M4:REAL
M4-E04-9004,72,10,M4:REAL
M4-E04-9004,73,11,M4:REAL
M4-E04-9004,74,10,M4:REAL
M4-E04-9004,75,11,M4:REAL
M4-E04-9004,76,10,M4:REAL
M4-E04-9004,77,11,M4:REAL
M4-E04-9004,78,10,M4:REAL
M4-E04-9004,79,11,M4:REAL
M4-E04-9004,80,10,M4:REAL
M4-E04-9004,81,11,M4:REAL
M4-E04-9004,82,10,M4:REAL
M4-E04-9004,83,11,M4:REAL
M4-E04-9004,84,10,M4:REAL
M4-E04-9004,85,11,M4:REAL
M4-E04-9004,86,10,M4:REAL
M4-E04-9004,87,11,M4:REAL
M4-E04-9004,88,10,M4:REAL
M4-E04-9004,89,11,M4:REAL
M4-E04-9004,90,10,M4:REAL
M4-E04-9004,91,11,M4:REAL
M4-E04-9004,92,10,M4:REAL
M4-E04-9004,93,11,M4:REAL
M4-E04-9004,94,10,M4:REAL
M4-E04-9004,95,11,M4:REAL
M4-E04-9004,96,10,M4:REAL
M4-E04-9004,97,11,M4:REAL
M4-E04-9004,98,10,M4:REAL
M4-E04-9004,99,11,M4:REAL
PIR_REAL_50-E05-9004,0,1038,PIR_REAL_50:DUMMY
PIR_REAL_50-E05-9004,1,17,PIR_REAL_50:REAL
PIR_REAL_50-E05-9004,2,17,PIR_REAL_50:REAL
PIR_REAL_50-E05-9004,3,1018,PIR_REAL_50:DUMMY
PIR_REAL_50-E05-9004,4,17,PIR_REAL_50:REAL
PIR_REAL_50-E05-9004,5,17,PIR_REAL_50:REAL
PIR_REAL_50-E05-9004,6,17,PIR_REAL_50:REAL
PIR_REAL_50-E05-9004,7,1009,PIR_REAL_50:DUMMY
PIR_REAL_50-E05-9004,8,17,PIR_REAL_50:REAL
PIR_REAL_50-E05-9004,9,1054,PIR_REAL_50:DUMMY
PIR_REAL_50-E05-9004,10,17,PIR_REAL_50:REAL
PIR_REAL_50-E05-9004,11,1055,PIR_REAL_50:DUMMY
PIR_REAL_50-E05-9004,12,1002,PIR_REAL_50:DUMMY
PIR_REAL_50-E05-9004,13,17,PIR_REAL_50:REAL
PIR_REAL_50-E05-9004,14,1031,PIR_REAL_50:DUMMY
PIR_REAL_50-E05-9004,15,17,PIR_REAL_50:REAL
PIR_REAL_50-E05-9004,16,17,PIR_REAL_50:REAL
PIR_REAL_50-E05-9004,17,17,PIR_REAL_50:REAL
PIR_REAL_50-E05-9004,18,17,PIR_REAL_50:REAL
PIR_REAL_50-E05-9004,19,17,PIR_REAL_50:REAL
PIR_REAL_50-E05-9004,20,1030,PIR_REAL_50:DUMMY
PIR_REAL_50-E05-9004,21,1032,PIR_REAL_50:DUMMY
PIR_REAL_50-E05-9004,22,1008,PIR_REAL_50:DUMMY
PIR_REAL_50-E05-9004,23,17,PIR_REAL_50:REAL
PIR_REAL_50-E05-9004,24,17,PIR_REAL_50:REAL
PIR_REAL_50-E05-9004,25,1016,PIR_REAL_50:DUMMY
PIR_REAL_50-E05-9004,26,1044,PIR_REAL_50:DUMMY
PIR_REAL_50-E05-9004,27,1029,PIR_REAL_50:DUMMY
PIR_REAL_50-E05-9004,28,1003,PIR_REAL_50:DUMMY
PIR_REAL_50-E05-9004,29,1036,PIR_REAL_50:DUMMY
PIR_REAL_50-E05-9004,30,17,PIR_REAL_50:REAL
PIR_REAL_50-E05-9004,31,1052,PIR_REAL_50:DUMMY
PIR_REAL_50-E05-9004,32,1010,PIR_REAL_50:DUMMY
PIR_REAL_50-E05-9004,33,17,PIR_REAL_50:REAL
PIR_REAL_50-E05-9004,34,17,PIR_REAL_50:REAL
PIR_REAL_50-E05-9004,35,1015,PIR_REAL_50:DUMMY
PIR_REAL_50-E05-9004,36,17,PIR_REAL_50:REAL
PIR_REAL_50-E05-9004,37,1059,PIR_REAL_50:DUMMY
PIR_REAL_50-E05-9004,38,17,PIR_REAL_50:REAL
PIR_REAL_50-E05-9004,39,1013,PIR_REAL_50:DUMMY
PIR_REAL_50-E05-9004,40,1057,PIR_REAL_50:DUMMY
PIR_REAL_50-E05-9004,41,1013,PIR_REAL_50:DUMMY
PIR_REAL_50-E05-9004,42,17,PIR_REAL_50:REAL
PIR_REAL_50-E05-9004,43,17,PIR_REAL_50:REAL
PIR_REAL_50-E05-9004,44,17,PIR_REAL_50:REAL
PIR_REAL_50-E05-9004,45,17,PIR_REAL_50:REAL
PIR_REAL_50-E05-9004,46,17,PIR_REAL_50:REAL
PIR_REAL_50-E05-9004,47,1034,PIR_REAL_50:DUMMY
PIR_REAL_50-E05-9004,48,1035,PIR_REAL_50:DUMMY
PIR_REAL_50-E05-9004,49,17,PIR_REAL_50:REAL
PIR_REAL_50-E05-9004,50,1003,PIR_REAL_50:DUMMY
PIR_REAL_50-E05-9004,51,17,PIR_REAL_50:REAL
PIR_REAL_50-E05-9004,52,17,PIR_REAL_50:REAL
PIR_REAL_50-E05-9004,53,1040,PIR_REAL_50:DUMMY
PIR_REAL_50-E05-9004,54,17,PIR_REAL_50:REAL
PIR_REAL_50-E05-9004,55,17,PIR_REAL_50:REAL
PIR_REAL_50-E05-9004,56,17,PIR_REAL_50:REAL
PIR_REAL_50-E05-9004,57,17,PIR_REAL_50:REAL
PIR_REAL_50-E05-9004,58,17,PIR_REAL_50:REAL
PIR_REAL_50-E05-9004,59,17,PIR_REAL_50:REAL
PIR_REAL_50-E05-9004,60,1021,PIR_REAL_50:DUMMY
PIR_REAL_50-E05-9004,61,1023,PIR_REAL_50:DUMMY
PIR_REAL_50-E05-9004,62,17,PIR_REAL_50:REAL
PIR_REAL_50-E05-9004,63,1043,PIR_REAL_50:DUMMY
PIR_REAL_50-E05-9004,64,1054,PIR_REAL_50:DUMMY
PIR_REAL_50-E05-9004,65,1033,PIR_REAL_50:DUMMY
PIR_REAL_50-E05-9004,66,17,PIR_REAL_50:REAL
PIR_REAL_50-E05-9004,67,17,PIR_REAL_50:REAL
PIR_REAL_50-E05-9004,68,17,PIR_REAL_50:REAL
PIR_REAL_50-E05-9004,69,17,PIR_REAL_50:REAL
PIR_REAL_50-E05-9004,70,17,PIR_REAL_50:REAL
PIR_REAL_50-E05-9004,71,1025,PIR_REAL_50:DUMMY
PIR_REAL_50-E05-9004,72,1045,PIR_REAL_50:DUMMY
PIR_REAL_50-E05-9004,73,17,PIR_REAL_50:REAL
PIR_REAL_50-E05-9004,74,17,PIR_REAL_50:REAL
PIR_REAL_50-E05-9004,75,17,PIR_REAL_50:REAL
PIR_REAL_50-E05-9004,76,1030,PIR_REAL_50:DUMMY
PIR_REAL_50-E05-9004,77,17,PIR_REAL_50:REAL
PIR_REAL_50-E05-9004,78,17,PIR_REAL_50:REAL
PIR_REAL_50-E05-9004,79,1053,PIR_REAL_50:DUMMY
PIR_REAL_50-E05-9004,80,1002,PIR_REAL_50:DUMMY
PIR_REAL_50-E05-9004,81,1001,PIR_REAL_50:DUMMY
PIR_REAL_50-E05-9004,82,1044,PIR_REAL_50:DUMMY
PIR_REAL_50-E05-9004,83,1030,PIR_REAL_50:DUMMY
PIR_REAL_50-E05-9004,84,1000,PIR_REAL_50:DUMMY
PIR_REAL_50-E05-9004,85,17,PIR_REAL_50:REAL
PIR_REAL_50-E05-9004,86,1060,PIR_REAL_50:DUMMY
PIR_REAL_50-E05-9004,87,1007,PIR_REAL_50:DUMMY
PIR_REAL_50-E05-9004,88,1058,PIR_REAL_50:DUMMY
PIR_REAL_50-E05-9004,89,1048,PIR_REAL_50:DUMMY
PIR_REAL_50-E05-9004,90,1028,PIR_REAL_50:DUMMY
PIR_REAL_50-E05-9004,91,1029,PIR_REAL_50:DUMMY
PIR_REAL_50-E05-9004,92,1001,PIR_REAL_50:DUMMY
PIR_REAL_50-E05-9004,93,17,PIR_REAL_50:REAL
PIR_REAL_50-E05-9004,94,1004,PIR_REAL_50:DUMMY
PIR_REAL_50-E05-9004,95,17,PIR_REAL_50:REAL
PIR_REAL_50-E05-9004,96,17,PIR_REAL_50:REAL
PIR_REAL_50-E05-9004,97,17,PIR_REAL_50:REAL
PIR_REAL_50-E05-9004,98,1039,PIR_REAL_50:DUMMY
PIR_REAL_50-E05-9004,99,1039,PIR_REAL_50:DUMMY
M7-E02-9004,0,23,M7:REAL
M7-E02-9004,1,17,M7:REAL
M7-E02-9004,2,17,M7:REAL
M7-E02-9004,3,23,M7:REAL
M7-E02-9004,4,17,M7:REAL
M7-E02-9004,5,17,M7:REAL
M7-E02-9004,6,23,M7:REAL
M7-E02-9004,7,17,M7:REAL
M7-E02-9004,8,17,M7:REAL
M7-E02-9004,9,23,M7:REAL
M7-E02-9004,10,17,M7:REAL
M7-E02-9004,11,17,M7:REAL
M7-E02-9004,12,23,M7:REAL
M7-E02-9004,13,17,M7:REAL
M7-E02-9004,14,17,M7:REAL
M7-E02-9004,15,23,M7:REAL
M7-E02-9004,16,17,M7:REAL
M7-E02-9004,17,17,M7:REAL
M7-E02-9004,18,23,M7:REAL
M7-E02-9004,19,17,M7:REAL
M7-E02-9004,20,17,M7:REAL
M7-E02-9004,21,23,M7:REAL
M7-E02-9004,22,17,M7:REAL
M7-E02-9004,23,17,M7:REAL
M7-E02-9004,24,23,M7:REAL
M7-E02-9004,25,17,M7:REAL
M7-E02-9004,26,17,M7:REAL
M7-E02-9004,27,23,M7:REAL
M7-E02-9004,28,17,M7:REAL
M7-E02-9004,29,17,M7:REAL
M7-E02-9004,30,23,M7:REAL
M7-E02-9004,31,17,M7:REAL
M7-E02-9004,32,17,M7:REAL
M7-E02-9004,33,23,M7:REAL
M7-E02-9004,34,17,M7:REAL
M7-E02-9004,35,17,M7:REAL
M7-E02-9004,36,23,M7:REAL
M7-E02-9004,37,17,M7:REAL
M7-E02-9004,38,17,M7:REAL
M7-E02-9004,39,23,M7:REAL
M7-E02-9004,40,17,M7:REAL
M7-E02-9004,41,17,M7:REAL
M7-E02-9004,42,23,M7:REAL
M7-E02-9004,43,17,M7:REAL
M7-E02-9004,44,17,M7:REAL
M7-E02-9004,45,23,M7:REAL
M7-E02-9004,46,17,M7:REAL
M7-E02-9004,47,17,M7:REAL
M7-E02-9004,48,23,M7:REAL
M7-E02-9004,49,17,M7:REAL
M7-E02-9004,50,17,M7:REAL
M7-E02-9004,51,23,M7:REAL
M7-E02-9004,52,17,M7:REAL
M7-E02-9004,53,17,M7:REAL
M7-E02-9004,54,23,M7:REAL
M7-E02-9004,55,17,M7:REAL
M7-E02-9004,56,17,M7:REAL
M7-E02-9004,57,23,M7:REAL
M7-E02-9004,58,17,M7:REAL
M7-E02-9004,59,17,M7:REAL
M7-E02-9004,60,23,M7:REAL
M7-E02-9004,61,17,M7:REAL
M7-E02-9004,62,17,M7:REAL
M7-E02-9004,63,23,M7:REAL
M7-E02-9004,64,17,M7:REAL
M7-E02-9004,65,17,M7:REAL
M7-E02-9004,66,23,M7:REAL
M7-E02-9004,67,17,M7:REAL
M7-E02-9004,68,17,M7:REAL
M7-E02-9004,69,23,M7:REAL
M7-E02-9004,70,17,M7:REAL
M7-E02-9004,71,17,M7:REAL
M7-E02-9004,72,23,M7:REAL
M7-E02-9004,73,17,M7:REAL
M7-E02-9004,74,17,M7:REAL
M7-E02-9004,75,23,M7:REAL
M7-E02-9004,76,17,M7:REAL
M7-E02-9004,77,17,M7:REAL
M7-E02-9004,78,23,M7:REAL
M7-E02-9004,79,17,M7:REAL
M7-E02-9004,80,17,M7:REAL
M7-E02-9004,81,23,M7:REAL
M7-E02-9004,82,17,M7:REAL
M7-E02-9004,83,17,M7:REAL
M7-E02-9004,84,23,M7:REAL
M7-E02-9004,85,17,M7:REAL
M7-E02-9004,86,17,M7:REAL
M7-E02-9004,87,23,M7:REAL
M7-E02-9004,88,17,M7:REAL
M7-E02-9004,89,17,M7:REAL
M7-E02-9004,90,23,M7:REAL
M7-E02-9004,91,17,M7:REAL
M7-E02-9004,92,17,M7:REAL
M7-E02-9004,93,23,M7:REAL
M7-E02-9004,94,17,M7:REAL
M7-E02-9004,95,17,M7:REAL
M7-E02-9004,96,23,M7:REAL
M7-E02-9004,97,17,M7:REAL
M7-E02-9004,98,17,M7:REAL
M7-E02-9004,99,23,M7:REAL
PIR_REAL_100-E03-9004,0,17,PIR_REAL_100:REAL
PIR_REAL_100-E03-9004,1,17,PIR_REAL_100:REAL
PIR_REAL_100-E03-9004,2,17,PIR_REAL_100:REAL
PIR_REAL_100-E03-9004,3,17,PIR_REAL_100:REAL
PIR_REAL_100-E03-9004,4,17,PIR_REAL_100:REAL
PIR_REAL_100-E03-9004,5,17,PIR_REAL_100:REAL
PIR_REAL_100-E03-9004,6,17,PIR_REAL_100:REAL
PIR_REAL_100-E03-9004,7,17,PIR_REAL_100:REAL
PIR_REAL_100-E03-9004,8,17,PIR_REAL_100:REAL
PIR_REAL_100-E03-9004,9,17,PIR_REAL_100:REAL
PIR_REAL_100-E03-9004,10,17,PIR_REAL_100:REAL
PIR_REAL_100-E03-9004,11,17,PIR_REAL_100:REAL
PIR_REAL_100-E03-9004,12,17,PIR_REAL_100:REAL
PIR_REAL_100-E03-9004,13,17,PIR_REAL_100:REAL
PIR_REAL_100-E03-9004,14,17,PIR_REAL_100:REAL
PIR_REAL_100-E03-9004,15,17,PIR_REAL_100:REAL
PIR_REAL_100-E03-9004,16,17,PIR_REAL_100:REAL
PIR_REAL_100-E03-9004,17,17,PIR_REAL_100:REAL
PIR_REAL_100-E03-9004,18,17,PIR_REAL_100:REAL
PIR_REAL_100-E03-9004,19,17,PIR_REAL_100:REAL
PIR_REAL_100-E03-9004,20,17,PIR_REAL_100:REAL
PIR_REAL_100-E03-9004,21,17,PIR_REAL_100:REAL
PIR_REAL_100-E03-9004,22,17,PIR_REAL_100:REAL
PIR_REAL_100-E03-9004,23,17,PIR_REAL_100:REAL
PIR_REAL_100-E03-9004,24,17,PIR_REAL_100:REAL
PIR_REAL_100-E03-9004,25,17,PIR_REAL_100:REAL
PIR_REAL_100-E03-9004,26,17,PIR_REAL_100:REAL
PIR_REAL_100-E03-9004,27,17,PIR_REAL_100:REAL
PIR_REAL_100-E03-9004,28,17,PIR_REAL_100:REAL
PIR_REAL_100-E03-9004,29,17,PIR_REAL_100:REAL
PIR_REAL_100-E03-9004,30,17,PIR_REAL_100:REAL
PIR_REAL_100-E03-9004,31,17,PIR_REAL_100:REAL
PIR_REAL_100-E03-9004,32,17,PIR_REAL_100:REAL
PIR_REAL_100-E03-9004,33,17,PIR_REAL_100:REAL
PIR_REAL_100-E03-9004,34,17,PIR_REAL_100:REAL
PIR_REAL_100-E03-9004,35,17,PIR_REAL_100:REAL
PIR_REAL_100-E03-9004,36,17,PIR_REAL_100:REAL
PIR_REAL_100-E03-9004,37,17,PIR_REAL_100:REAL
PIR_REAL_100-E03-9004,38,17,PIR_REAL_100:REAL
PIR_REAL_100-E03-9004,39,17,PIR_REAL_100:REAL
PIR_REAL_100-E03-9004,40,17,PIR_REAL_100:REAL
PIR_REAL_100-E03-9004,41,17,PIR_REAL_100:REAL
PIR_REAL_100-E03-9004,42,17,PIR_REAL_100:REAL
PIR_REAL_100-E03-9004,43,17,PIR_REAL_100:REAL
PIR_REAL_100-E03-9004,44,17,PIR_REAL_100:REAL
PIR_REAL_100-E03-9004,45,17,PIR_REAL_100:REAL
PIR_REAL_100-E03-9004,46,17,PIR_REAL_100:REAL
PIR_REAL_100-E03-9004,47,17,PIR_REAL_100:REAL
PIR_REAL_100-E03-9004,48,17,PIR_REAL_100:REAL
PIR_REAL_100-E03-9004,49,17,PIR_REAL_100:REAL
PIR_REAL_100-E03-9004,50,17,PIR_REAL_100:REAL
PIR_REAL_100-E03-9004,51,17,PIR_REAL_100:REAL
PIR_REAL_100-E03-9004,52,17,PIR_REAL_100:REAL
PIR_REAL_100-E03-9004,53,17,PIR_REAL_100:REAL
PIR_REAL_100-E03-9004,54,17,PIR_REAL_100:REAL
PIR_REAL_100-E03-9004,55,17,PIR_REAL_100:REAL
PIR_REAL_100-E03-9004,56,17,PIR_REAL_100:REAL
PIR_REAL_100-E03-9004,57,17,PIR_REAL_100:REAL
PIR_REAL_100-E03-9004,58,17,PIR_REAL_100:REAL
PIR_REAL_100-E03-9004,59,17,PIR_REAL_100:REAL
PIR_REAL_100-E03-9004,60,17,PIR_REAL_100:REAL
PIR_REAL_100-E03-9004,61,17,PIR_REAL_100:REAL
PIR_REAL_100-E03-9004,62,17,PIR_REAL_100:REAL
PIR_REAL_100-E03-9004,63,17,PIR_REAL_100:REAL
PIR_REAL_100-E03-9004,64,17,PIR_REAL_100:REAL
PIR_REAL_100-E03-9004,65,17,PIR_REAL_100:REAL
PIR_REAL_100-E03-9004,66,17,PIR_REAL_100:REAL
PIR_REAL_100-E03-9004,67,17,PIR_REAL_100:REAL
PIR_REAL_100-E03-9004,68,17,PIR_REAL_100:REAL
PIR_REAL_100-E03-9004,69,17,PIR_REAL_100:REAL
PIR_REAL_100-E03-9004,70,17,PIR_REAL_100:REAL
PIR_REAL_100-E03-9004,71,17,PIR_REAL_100:REAL
PIR_REAL_100-E03-9004,72,17,PIR_REAL_100:REAL
PIR_REAL_100-E03-9004,73,17,PIR_REAL_100:REAL
PIR_REAL_100-E03-9004,74,17,PIR_REAL_100:REAL
PIR_REAL_100-E03-9004,75,17,PIR_REAL_100:REAL
PIR_REAL_100-E03-9004,76,17,PIR_REAL_100:REAL
PIR_REAL_100-E03-9004,77,17,PIR_REAL_100:REAL
PIR_REAL_100-E03-9004,78,17,PIR_REAL_100:REAL
PIR_REAL_100-E03-9004,79,17,PIR_REAL_100:REAL
PIR_REAL_100-E03-9004,80,17,PIR_REAL_100:REAL
PIR_REAL_100-E03-9004,81,17,PIR_REAL_100:REAL
PIR_REAL_100-E03-9004,82,17,PIR_REAL_100:REAL
PIR_REAL_100-E03-9004,83,17,PIR_REAL_100:REAL
PIR_REAL_100-E03-9004,84,17,PIR_REAL_100:REAL
PIR_REAL_100-E03-9004,85,17,PIR_REAL_100:REAL
PIR_REAL_100-E03-9004,86,17,PIR_REAL_100:REAL
PIR_REAL_100-E03-9004,87,17,PIR_REAL_100:REAL
PIR_REAL_100-E03-9004,88,17,PIR_REAL_100:REAL
PIR_REAL_100-E03-9004,89,17,PIR_REAL_100:REAL
PIR_REAL_100-E03-9004,90,17,PIR_REAL_100:REAL
PIR_REAL_100-E03-9004,91,17,PIR_REAL_100:REAL
PIR_REAL_100-E03-9004,92,17,PIR_REAL_100:REAL
PIR_REAL_100-E03-9004,93,17,PIR_REAL_100:REAL
PIR_REAL_100-E03-9004,94,17,PIR_REAL_100:REAL
PIR_REAL_100-E03-9004,95,17,PIR_REAL_100:REAL
PIR_REAL_100-E03-9004,96,17,PIR_REAL_100:REAL
PIR_REAL_100-E03-9004,97,17,PIR_REAL_100:REAL
PIR_REAL_100-E03-9004,98,17,PIR_REAL_100:REAL
PIR_REAL_100-E03-9004,99,17,PIR_REAL_100:REAL
M5-E00-9004,0,10,M5:REAL
M5-E00-9004,1,12,M5:REAL
M5-E00-9004,2,10,M5:REAL
M5-E00-9004,3,12,M5:REAL
M5-E00-9004,4,10,M5:REAL
M5-E00-9004,5,12,M5:REAL
M5-E00-9004,6,10,M5:REAL
M5-E00-9004,7,12,M5:REAL
M5-E00-9004,8,10,M5:REAL
M5-E00-9004,9,12,M5:REAL
M5-E00-9004,10,10,M5:REAL
M5-E00-9004,11,12,M5:REAL
M5-E00-9004,12,10,M5:REAL
M5-E00-9004,13,12,M5:REAL
M5-E00-9004,14,10,M5:REAL
M5-E00-9004,15,12,M5:REAL
M5-E00-9004,16,10,M5:REAL
M5-E00-9004,17,12,M5:REAL
M5-E00-9004,18,10,M5:REAL
M5-E00-9004,19,12,M5:REAL
M5-E00-9004,20,10,M5:REAL
M5-E00-9004,21,12,M5:REAL
M5-E00-9004,22,10,M5:REAL
M5-E00-9004,23,12,M5:REAL
M5-E00-9004,24,10,M5:REAL
M5-E00-9004,25,12,M5:REAL
M5-E00-9004,26,10,M5:REAL
M5-E00-9004,27,12,M5:REAL
M5-E00-9004,28,10,M5:REAL
M5-E00-9004,29,12,M5:REAL
M5-E00-9004,30,10,M5:REAL
M5-E00-9004,31,12,M5:REAL
M5-E00-9004,32,10,M5:REAL
M5-E00-9004,33,12,M5:REAL
M5-E00-9004,34,10,M5:REAL
M5-E00-9004,35,12,M5:REAL
M5-E00-9004,36,10,M5:REAL
M5-E00-9004,37,12,M5:REAL
M5-E00-9004,38,10,M5:REAL
M5-E00-9004,39,12,M5:REAL
M5-E00-9004,40,10,M5:REAL
M5-E00-9004,41,12,M5:REAL
M5-E00-9004,42,10,M5:REAL
M5-E00-9004,43,12,M5:REAL
M5-E00-9004,44,10,M5:REAL
M5-E00-9004,45,12,M5:REAL
M5-E00-9004,46,10,M5:REAL
M5-E00-9004,47,12,M5:REAL
M5-E00-9004,48,10,M5:REAL
M5-E00-9004,49,12,M5:REAL
M5-E00-9004,50,10,M5:REAL
M5-E00-9004,51,12,M5:REAL
M5-E00-9004,52,10,M5:REAL
M5-E00-9004,53,12,M5:REAL
M5-E00-9004,54,10,M5:REAL
M5-E00-9004,55,12,M5:REAL
M5-E00-9004,56,10,M5:REAL
M5-E00-9004,57,12,M5:REAL
M5-E00-9004,58,10,M5:REAL
M5-E00-9004,59,12,M5:REAL
M5-E00-9004,60,10,M5:REAL
M5-E00-9004,61,12,M5:REAL
M5-E00-9004,62,10,M5:REAL
M5-E00-9004,63,12,M5:REAL
M5-E00-9004,64,10,M5:REAL
M5-E00-9004,65,12,M5:REAL
M5-E00-9004,66,10,M5:REAL
M5-E00-9004,67,12,M5:REAL
M5-E00-9004,68,10,M5:REAL
M5-E00-9004,69,12,M5:REAL
M5-E00-9004,70,10,M5:REAL
M5-E00-9004,71,12,M5:REAL
M5-E00-9004,72,10,M5:REAL
M5-E00-9004,73,12,M5:REAL
M5-E00-9004,74,10,M5:REAL
M5-E00-9004,75,12,M5:REAL
M5-E00-9004,76,10,M5:REAL
M5-E00-9004,77,12,M5:REAL
M5-E00-9004,78,10,M5:REAL
M5-E00-9004,79,12,M5:REAL
M5-E00-9004,80,10,M5:REAL
M5-E00-9004,81,12,M5:REAL
M5-E00-9004,82,10,M5:REAL
M5-E00-9004,83,12,M5:REAL
M5-E00-9004,84,10,M5:REAL
M5-E00-9004,85,12,M5:REAL
M5-E00-9004,86,10,M5:REAL
M5-E00-9004,87,12,M5:REAL
M5-E00-9004,88,10,M5:REAL
M5-E00-9004,89,12,M5:REAL
M5-E00-9004,90,10,M5:REAL
M5-E00-9004,91,12,M5:REAL
M5-E00-9004,92,10,M5:REAL
M5-E00-9004,93,12,M5:REAL
M5-E00-9004,94,10,M5:REAL
M5-E00-9004,95,12,M5:REAL
M5-E00-9004,96,10,M5:REAL
M5-E00-9004,97,12,M5:REAL
M5-E00-9004,98,10,M5:REAL
M5-E00-9004,99,12,M5:REAL
M0-E05-9004,0,17,M0:REAL
M0-E05-9004,1,17,M0:REAL
M0-E05-9004,2,17,M0:REAL
M0-E05-9004,3,17,M0:REAL
M0-E05-9004,4,17,M0:REAL
M0-E05-9004,5,17,M0:REAL
M0-E05-9004,6,17,M0:REAL
M0-E05-9004,7,17,M0:REAL
M0-E05-9004,8,17,M0:REAL
M0-E05-9004,9,17,M0:REAL
M0-E05-9004,10,17,M0:REAL
M0-E05-9004,11,17,M0:REAL
M0-E05-9004,12,17,M0:REAL
M0-E05-9004,13,17,M0:REAL
M0-E05-9004,14,17,M0:REAL
M0-E05-9004,15,17,M0:REAL
M0-E05-9004,16,17,M0:REAL
M0-E05-9004,17,17,M0:REAL
M0-E05-9004,18,17,M0:REAL
M0-E05-9004,19,17,M0:REAL
M0-E05-9004,20,17,M0:REAL
M0-E05-9004,21,17,M0:REAL
M0-E05-9004,22,17,M0:REAL
M0-E05-9004,23,17,M0:REAL
M0-E05-9004,24,17,M0:REAL
M0-E05-9004,25,17,M0:REAL
M0-E05-9004,26,17,M0:REAL
M0-E05-9004,27,17,M0:REAL
M0-E05-9004,28,17,M0:REAL
M0-E05-9004,29,17,M0:REAL
M0-E05-9004,30,17,M0:REAL
M0-E05-9004,31,17,M0:REAL
M0-E05-9004,32,17,M0:REAL
M0-E05-9004,33,17,M0:REAL
M0-E05-9004,34,17,M0:REAL
M0-E05-9004,35,17,M0:REAL
M0-E05-9004,36,17,M0:REAL
M0-E05-9004,37,17,M0:REAL
M0-E05-9004,38,17,M0:REAL
M0-E05-9004,39,17,M0:REAL
M0-E05-9004,40,17,M0:REAL
M0-E05-9004,41,17,M0:REAL
M0-E05-9004,42,17,M0:REAL
M0-E05-9004,43,17,M0:REAL
M0-E05-9004,44,17,M0:REAL
M0-E05-9004,45,17,M0:REAL
M0-E05-9004,46,17,M0:REAL
M0-E05-9004,47,17,M0:REAL
M0-E05-9004,48,17,M0:REAL
M0-E05-9004,49,17,M0:REAL
M0-E05-9004,50,17,M0:REAL
M0-E05-9004,51,17,M0:REAL
M0-E05-9004,52,17,M0:REAL
M0-E05-9004,53,17,M0:REAL
M0-E05-9004,54,17,M0:REAL
M0-E05-9004,55,17,M0:REAL
M0-E05-9004,56,17,M0:REAL
M0-E05-9004,57,17,M0:REAL
M0-E05-9004,58,17,M0:REAL
M0-E05-9004,59,17,M0:REAL
M0-E05-9004,60,17,M0:REAL
M0-E05-9004,61,17,M0:REAL
M0-E05-9004,62,17,M0:REAL
M0-E05-9004,63,17,M0:REAL
M0-E05-9004,64,17,M0:REAL
M0-E05-9004,65,17,M0:REAL
M0-E05-9004,66,17,M0:REAL
M0-E05-9004,67,17,M0:REAL
M0-E05-9004,68,17,M0:REAL
M0-E05-9004,69,17,M0:REAL
M0-E05-9004,70,17,M0:REAL
M0-E05-9004,71,17,M0:REAL
M0-E05-9004,72,17,M0:REAL
M0-E05-9004,73,17,M0:REAL
M0-E05-9004,74,17,M0:REAL
M0-E05-9004,75,17,M0:REAL
M0-E05-9004,76,17,M0:REAL
M0-E05-9004,77,17,M0:REAL
M0-E05-9004,78,17,M0:REAL
M0-E05-9004,79,17,M0:REAL
M0-E05-9004,80,17,M0:REAL
M0-E05-9004,81,17,M0:REAL
M0-E05-9004,82,17,M0:REAL
M0-E05-9004,83,17,M0:REAL
M0-E05-9004,84,17,M0:REAL
M0-E05-9004,85,17,M0:REAL
M0-E05-9004,86,17,M0:REAL
M0-E05-9004,87,17,M0:REAL
M0-E05-9004,88,17,M0:REAL
M0-E05-9004,89,17,M0:REAL
M0-E05-9004,90,17,M0:REAL
M0-E05-9004,91,17,M0:REAL
M0-E05-9004,92,17,M0:REAL
M0-E05-9004,93,17,M0:REAL
M0-E05-9004,94,17,M0:REAL
M0-E05-9004,95,17,M0:REAL
M0-E05-9004,96,17,M0:REAL
M0-E05-9004,97,17,M0:REAL
M0-E05-9004,98,17,M0:REAL
M0-E05-9004,99,17,M0:REAL
M2-E00-9004,0,17,M2:REAL
M2-E00-9004,1,23,M2:REAL
M2-E00-9004,2,17,M2:REAL
M2-E00-9004,3,23,M2:REAL
M2-E00-9004,4,23,M2:REAL
M2-E00-9004,5,17,M2:REAL
M2-E00-9004,6,23,M2:REAL
M2-E00-9004,7,23,M2:REAL
M2-E00-9004,8,23,M2:REAL
M2-E00-9004,9,23,M2:REAL
M2-E00-9004,10,17,M2:REAL
M2-E00-9004,11,17,M2:REAL
M2-E00-9004,12,17,M2:REAL
M2-E00-9004,13,17,M2:REAL
M2-E00-9004,14,23,M2:REAL
M2-E00-9004,15,23,M2:REAL
M2-E00-9004,16,23,M2:REAL
M2-E00-9004,17,23,M2:REAL
M2-E00-9004,18,23,M2:REAL
M2-E00-9004,19,23,M2:REAL
M2-E00-9004,20,23,M2:REAL
M2-E00-9004,21,17,M2:REAL
M2-E00-9004,22,23,M2:REAL
M2-E00-9004,23,23,M2:REAL
M2-E00-9004,24,23,M2:REAL
M2-E00-9004,25,23,M2:REAL
M2-E00-9004,26,23,M2:REAL
M2-E00-9004,27,17,M2:REAL
M2-E00-9004,28,17,M2:REAL
M2-E00-9004,29,17,M2:REAL
M2-E00-9004,30,17,M2:REAL
M2-E00-9004,31,17,M2:REAL
M2-E00-9004,32,17,M2:REAL
M2-E00-9004,33,17,M2:REAL
M2-E00-9004,34,23,M2:REAL
M2-E00-9004,35,23,M2:REAL
M2-E00-9004,36,17,M2:REAL
M2-E00-9004,37,23,M2:REAL
M2-E00-9004,38,17,M2:REAL
M2-E00-9004,39,17,M2:REAL
M2-E00-9004,40,23,M2:REAL
M2-E00-9004,41,17,M2:REAL
M2-E00-9004,42,17,M2:REAL
M2-E00-9004,43,23,M2:REAL
M2-E00-9004,44,23,M2:REAL
M2-E00-9004,45,23,M2:REAL
M2-E00-9004,46,17,M2:REAL
M2-E00-9004,47,17,M2:REAL
M2-E00-9004,48,23,M2:REAL
M2-E00-9004,49,23,M2:REAL
M2-E00-9004,50,17,M2:REAL
M2-E00-9004,51,23,M2:REAL
M2-E00-9004,52,23,M2:REAL
M2-E00-9004,53,23,M2:REAL
M2-E00-9004,54,17,M2:REAL
M2-E00-9004,55,23,M2:REAL
M2-E00-9004,56,17,M2:REAL
M2-E00-9004,57,23,M2:REAL
M2-E00-9004,58,23,M2:REAL
M2-E00-9004,59,23,M2:REAL
M2-E00-9004,60,23,M2:REAL
M2-E00-9004,61,17,M2:REAL
M2-E00-9004,62,23,M2:REAL
M2-E00-9004,63,17,M2:REAL
M2-E00-9004,64,17,M2:REAL
M2-E00-9004,65,23,M2:REAL
M2-E00-9004,66,17,M2:REAL
M2-E00-9004,67,17,M2:REAL
M2-E00-9004,68,17,M2:REAL
M2-E00-9004,69,17,M2:REAL
M2-E00-9004,70,23,M2:REAL
M2-E00-9004,71,23,M2:REAL
M2-E00-9004,72,17,M2:REAL
M2-E00-9004,73,17,M2:REAL
M2-E00-9004,74,17,M2:REAL
M2-E00-9004,75,23,M2:REAL
M2-E00-9004,76,23,M2:REAL
M2-E00-9004,77,23,M2:REAL
M2-E00-9004,78,23,M2:REAL
M2-E00-9004,79,23,M2:REAL
M2-E00-9004,80,23,M2:REAL
M2-E00-9004,81,17,M2:REAL
M2-E00-9004,82,23,M2:REAL
M2-E00-9004,83,23,M2:REAL
M2-E00-9004,84,17,M2:REAL
M2-E00-9004,85,17,M2:REAL
M2-E00-9004,86,17,M2:REAL
M2-E00-9004,87,23,M2:REAL
M2-E00-9004,88,17,M2:REAL
M2-E00-9004,89,23,M2:REAL
M2-E00-9004,90,17,M2:REAL
M2-E00-9004,91,17,M2:REAL
M2-E00-9004,92,17,M2:REAL
M2-E00-9004,93,17,M2:REAL
M2-E00-9004,94,17,M2:REAL
M2-E00-9004,95,17,M2:REAL
M2-E00-9004,96,17,M2:REAL
M2-E00-9004,97,17,M2:REAL
M2-E00-9004,98,17,M2:REAL
M2-E00-9004,99,17,M2:REAL
M7-E00-9004,0,23,M7:REAL
M7-E00-9004,1,17,M7:REAL
M7-E00-9004,2,17,M7:REAL
M7-E00-9004,3,23,M7:REAL
M7-E00-9004,4,17,M7:REAL
M7-E00-9004,5,17,M7:REAL
M7-E00-9004,6,23,M7:REAL
M7-E00-9004,7,17,M7:REAL
M7-E00-9004,8,17,M7:REAL
M7-E00-9004,9,23,M7:REAL
M7-E00-9004,10,17,M7:REAL
M7-E00-9004,11,17,M7:REAL
M7-E00-9004,12,23,M7:REAL
M7-E00-9004,13,17,M7:REAL
M7-E00-9004,14,17,M7:REAL
M7-E00-9004,15,23,M7:REAL
M7-E00-9004,16,17,M7:REAL
M7-E00-9004,17,17,M7:REAL
M7-E00-9004,18,23,M7:REAL
M7-E00-9004,19,17,M7:REAL
M7-E00-9004,20,17,M7:REAL
M7-E00-9004,21,23,M7:REAL
M7-E00-9004,22,17,M7:REAL
M7-E00-9004,23,17,M7:REAL
M7-E00-9004,24,23,M7:REAL
M7-E00-9004,25,17,M7:REAL
M7-E00-9004,26,17,M7:REAL
M7-E00-9004,27,23,M7:REAL
M7-E00-9004,28,17,M7:REAL
M7-E00-9004,29,17,M7:REAL
M7-E00-9004,30,23,M7:REAL
M7-E00-9004,31,17,M7:REAL
M7-E00-9004,32,17,M7:REAL
M7-E00-9004,33,23,M7:REAL
M7-E00-9004,34,17,M7:REAL
M7-E00-9004,35,17,M7:REAL
M7-E00-9004,36,23,M7:REAL
M7-E00-9004,37,17,M7:REAL
M7-E00-9004,38,17,M7:REAL
M7-E00-9004,39,23,M7:REAL
M7-E00-9004,40,17,M7:REAL
M7-E00-9004,41,17,M7:REAL
M7-E00-9004,42,23,M7:REAL
M7-E00-9004,43,17,M7:REAL
M7-E00-9004,44,17,M7:REAL
M7-E00-9004,45,23,M7:REAL
M7-E00-9004,46,17,M7:REAL
M7-E00-9004,47,17,M7:REAL
M7-E00-9004,48,23,M7:REAL
M7-E00-9004,49,17,M7:REAL
M7-E00-9004,50,17,M7:REAL
M7-E00-9004,51,23,M7:REAL
M7-E00-9004,52,17,M7:REAL
M7-E00-9004,53,17,M7:REAL
M7-E00-9004,54,23,M7:REAL
M7-E00-9004,55,17,M7:REAL
M7-E00-9004,56,17,M7:REAL
M7-E00-9004,57,23,M7:REAL
M7-E00-9004,58,17,M7:REAL
M7-E00-9004,59,17,M7:REAL
M7-E00-9004,60,23,M7:REAL
M7-E00-9004,61,17,M7:REAL
M7-E00-9004,62,17,M7:REAL
M7-E00-9004,63,23,M7:REAL
M7-E00-9004,64,17,M7:REAL
M7-E00-9004,65,17,M7:REAL
M7-E00-9004,66,23,M7:REAL
M7-E00-9004,67,17,M7:REAL
M7-E00-9004,68,17,M7:REAL
M7-E00-9004,69,23,M7:REAL
M7-E00-9004,70,17,M7:REAL
M7-E00-9004,71,17,M7:REAL
M7-E00-9004,72,23,M7:REAL
M7-E00-9004,73,17,M7:REAL
M7-E00-9004,74,17,M7:REAL
M7-E00-9004,75,23,M7:REAL
M7-E00-9004,76,17,M7:REAL
M7-E00-9004,77,17,M7:REAL
M7-E00-9004,78,23,M7:REAL
M7-E00-9004,79,17,M7:REAL
M7-E00-9004,80,17,M7:REAL
M7-E00-9004,81,23,M7:REAL
M7-E00-9004,82,17,M7:REAL
M7-E00-9004,83,17,M7:REAL
M7-E00-9004,84,23,M7:REAL
M7-E00-9004,85,17,M7:REAL
M7-E00-9004,86,17,M7:REAL
M7-E00-9004,87,23,M7:REAL
M7-E00-9004,88,17,M7:REAL
M7-E00-9004,89,17,M7:REAL
M7-E00-9004,90,23,M7:REAL
M7-E00-9004,91,17,M7:REAL
M7-E00-9004,92,17,M7:REAL
M7-E00-9004,93,23,M7:REAL
M7-E00-9004,94,17,M7:REAL
M7-E00-9004,95,17,M7:REAL
M7-E00-9004,96,23,M7:REAL
M7-E00-9004,97,17,M7:REAL
M7-E00-9004,98,17,M7:REAL
M7-E00-9004,99,23,M7:REAL
PIR_REAL_100-E02-9004,0,17,PIR_REAL_100:REAL
PIR_REAL_100-E02-9004,1,17,PIR_REAL_100:REAL
PIR_REAL_100-E02-9004,2,17,PIR_REAL_100:REAL
PIR_REAL_100-E02-9004,3,17,PIR_REAL_100:REAL
PIR_REAL_100-E02-9004,4,17,PIR_REAL_100:REAL
PIR_REAL_100-E02-9004,5,17,PIR_REAL_100:REAL
PIR_REAL_100-E02-9004,6,17,PIR_REAL_100:REAL
PIR_REAL_100-E02-9004,7,17,PIR_REAL_100:REAL
PIR_REAL_100-E02-9004,8,17,PIR_REAL_100:REAL
PIR_REAL_100-E02-9004,9,17,PIR_REAL_100:REAL
PIR_REAL_100-E02-9004,10,17,PIR_REAL_100:REAL
PIR_REAL_100-E02-9004,11,17,PIR_REAL_100:REAL
PIR_REAL_100-E02-9004,12,17,PIR_REAL_100:REAL
PIR_REAL_100-E02-9004,13,17,PIR_REAL_100:REAL
PIR_REAL_100-E02-9004,14,17,PIR_REAL_100:REAL
PIR_REAL_100-E02-9004,15,17,PIR_REAL_100:REAL
PIR_REAL_100-E02-9004,16,17,PIR_REAL_100:REAL
PIR_REAL_100-E02-9004,17,17,PIR_REAL_100:REAL
PIR_REAL_100-E02-9004,18,17,PIR_REAL_100:REAL
PIR_REAL_100-E02-9004,19,17,PIR_REAL_100:REAL
PIR_REAL_100-E02-9004,20,17,PIR_REAL_100:REAL
PIR_REAL_100-E02-9004,21,17,PIR_REAL_100:REAL
PIR_REAL_100-E02-9004,22,17,PIR_REAL_100:REAL
PIR_REAL_100-E02-9004,23,17,PIR_REAL_100:REAL
PIR_REAL_100-E02-9004,24,17,PIR_REAL_100:REAL
PIR_REAL_100-E02-9004,25,17,PIR_REAL_100:REAL
PIR_REAL_100-E02-9004,26,17,PIR_REAL_100:REAL
PIR_REAL_100-E02-9004,27,17,PIR_REAL_100:REAL
PIR_REAL_100-E02-9004,28,17,PIR_REAL_100:REAL
PIR_REAL_100-E02-9004,29,17,PIR_REAL_100:REAL
PIR_REAL_100-E02-9004,30,17,PIR_REAL_100:REAL
PIR_REAL_100-E02-9004,31,17,PIR_REAL_100:REAL
PIR_REAL_100-E02-9004,32,17,PIR_REAL_100:REAL
PIR_REAL_100-E02-9004,33,17,PIR_REAL_100:REAL
PIR_REAL_100-E02-9004,34,17,PIR_REAL_100:REAL
PIR_REAL_100-E02-9004,35,17,PIR_REAL_100:REAL
PIR_REAL_100-E02-9004,36,17,PIR_REAL_100:REAL
PIR_REAL_100-E02-9004,37,17,PIR_REAL_100:REAL
PIR_REAL_100-E02-9004,38,17,PIR_REAL_100:REAL
PIR_REAL_100-E02-9004,39,17,PIR_REAL_100:REAL
PIR_REAL_100-E02-9004,40,17,PIR_REAL_100:REAL
PIR_REAL_100-E02-9004,41,17,PIR_REAL_100:REAL
PIR_REAL_100-E02-9004,42,17,PIR_REAL_100:REAL
PIR_REAL_100-E02-9004,43,17,PIR_REAL_100:REAL
PIR_REAL_100-E02-9004,44,17,PIR_REAL_100:REAL
PIR_REAL_100-E02-9004,45,17,PIR_REAL_100:REAL
PIR_REAL_100-E02-9004,46,17,PIR_REAL_100:REAL
PIR_REAL_100-E02-9004,47,17,PIR_REAL_100:REAL
PIR_REAL_100-E02-9004,48,17,PIR_REAL_100:REAL
PIR_REAL_100-E02-9004,49,17,PIR_REAL_100:REAL
PIR_REAL_100-E02-9004,50,17,PIR_REAL_100:REAL
PIR_REAL_100-E02-9004,51,17,PIR_REAL_100:REAL
PIR_REAL_100-E02-9004,52,17,PIR_REAL_100:REAL
PIR_REAL_100-E02-9004,53,17,PIR_REAL_100:REAL
PIR_REAL_100-E02-9004,54,17,PIR_REAL_100:REAL
PIR_REAL_100-E02-9004,55,17,PIR_REAL_100:REAL
PIR_REAL_100-E02-9004,56,17,PIR_REAL_100:REAL
PIR_REAL_100-E02-9004,57,17,PIR_REAL_100:REAL
PIR_REAL_100-E02-9004,58,17,PIR_REAL_100:REAL
PIR_REAL_100-E02-9004,59,17,PIR_REAL_100:REAL
PIR_REAL_100-E02-9004,60,17,PIR_REAL_100:REAL
PIR_REAL_100-E02-9004,61,17,PIR_REAL_100:REAL
PIR_REAL_100-E02-9004,62,17,PIR_REAL_100:REAL
PIR_REAL_100-E02-9004,63,17,PIR_REAL_100:REAL
PIR_REAL_100-E02-9004,64,17,PIR_REAL_100:REAL
PIR_REAL_100-E02-9004,65,17,PIR_REAL_100:REAL
PIR_REAL_100-E02-9004,66,17,PIR_REAL_100:REAL
PIR_REAL_100-E02-9004,67,17,PIR_REAL_100:REAL
PIR_REAL_100-E02-9004,68,17,PIR_REAL_100:REAL
PIR_REAL_100-E02-9004,69,17,PIR_REAL_100:REAL
PIR_REAL_100-E02-9004,70,17,PIR_REAL_100:REAL
PIR_REAL_100-E02-9004,71,17,PIR_REAL_100:REAL
PIR_REAL_100-E02-9004,72,17,PIR_REAL_100:REAL
PIR_REAL_100-E02-9004,73,17,PIR_REAL_100:REAL
PIR_REAL_100-E02-9004,74,17,PIR_REAL_100:REAL
PIR_REAL_100-E02-9004,75,17,PIR_REAL_100:REAL
PIR_REAL_100-E02-9004,76,17,PIR_REAL_100:REAL
PIR_REAL_100-E02-9004,77,17,PIR_REAL_100:REAL
PIR_REAL_100-E02-9004,78,17,PIR_REAL_100:REAL
PIR_REAL_100-E02-9004,79,17,PIR_REAL_100:REAL
PIR_REAL_100-E02-9004,80,17,PIR_REAL_100:REAL
PIR_REAL_100-E02-9004,81,17,PIR_REAL_100:REAL
PIR_REAL_100-E02-9004,82,17,PIR_REAL_100:REAL
PIR_REAL_100-E02-9004,83,17,PIR_REAL_100:REAL
PIR_REAL_100-E02-9004,84,17,PIR_REAL_100:REAL
PIR_REAL_100-E02-9004,85,17,PIR_REAL_100:REAL
PIR_REAL_100-E02-9004,86,17,PIR_REAL_100:REAL
PIR_REAL_100-E02-9004,87,17,PIR_REAL_100:REAL
PIR_REAL_100-E02-9004,88,17,PIR_REAL_100:REAL
PIR_REAL_100-E02-9004,89,17,PIR_REAL_100:REAL
PIR_REAL_100-E02-9004,90,17,PIR_REAL_100:REAL
PIR_REAL_100-E02-9004,91,17,PIR_REAL_100:REAL
PIR_REAL_100-E02-9004,92,17,PIR_REAL_100:REAL
PIR_REAL_100-E02-9004,93,17,PIR_REAL_100:REAL
PIR_REAL_100-E02-9004,94,17,PIR_REAL_100:REAL
PIR_REAL_100-E02-9004,95,17,PIR_REAL_100:REAL
PIR_REAL_100-E02-9004,96,17,PIR_REAL_100:REAL
PIR_REAL_100-E02-9004,97,17,PIR_REAL_100:REAL
PIR_REAL_100-E02-9004,98,17,PIR_REAL_100:REAL
PIR_REAL_100-E02-9004,99,17,PIR_REAL_100:REAL
M2-E03-9004,0,17,M2:REAL
M2-E03-9004,1,17,M2:REAL
M2-E03-9004,2,23,M2:REAL
M2-E03-9004,3,23,M2:REAL
M2-E03-9004,4,17,M2:REAL
M2-E03-9004,5,23,M2:REAL
M2-E03-9004,6,23,M2:REAL
M2-E03-9004,7,17,M2:REAL
M2-E03-9004,8,17,M2:REAL
M2-E03-9004,9,23,M2:REAL
M2-E03-9004,10,23,M2:REAL
M2-E03-9004,11,17,M2:REAL
M2-E03-9004,12,17,M2:REAL
M2-E03-9004,13,17,M2:REAL
M2-E03-9004,14,17,M2:REAL
M2-E03-9004,15,17,M2:REAL
M2-E03-9004,16,23,M2:REAL
M2-E03-9004,17,23,M2:REAL
M2-E03-9004,18,23,M2:REAL
M2-E03-9004,19,17,M2:REAL
M2-E03-9004,20,23,M2:REAL
M2-E03-9004,21,23,M2:REAL
M2-E03-9004,22,17,M2:REAL
M2-E03-9004,23,23,M2:REAL
M2-E03-9004,24,23,M2:REAL
M2-E03-9004,25,23,M2:REAL
M2-E03-9004,26,23,M2:REAL
M2-E03-9004,27,23,M2:REAL
M2-E03-9004,28,23,M2:REAL
M2-E03-9004,29,17,M2:REAL
M2-E03-9004,30,17,M2:REAL
M2-E03-9004,31,17,M2:REAL
M2-E03-9004,32,17,M2:REAL
M2-E03-9004,33,17,M2:REAL
M2-E03-9004,34,17,M2:REAL
M2-E03-9004,35,17,M2:REAL
M2-E03-9004,36,23,M2:REAL
M2-E03-9004,37,17,M2:REAL
M2-E03-9004,38,23,M2:REAL
M2-E03-9004,39,17,M2:REAL
M2-E03-9004,40,17,M2:REAL
M2-E03-9004,41,17,M2:REAL
M2-E03-9004,42,17,M2:REAL
M2-E03-9004,43,23,M2:REAL
M2-E03-9004,44,17,M2:REAL
M2-E03-9004,45,23,M2:REAL
M2-E03-9004,46,17,M2:REAL
M2-E03-9004,47,23,M2:REAL
M2-E03-9004,48,23,M2:REAL
M2-E03-9004,49,23,M2:REAL
M2-E03-9004,50,23,M2:REAL
M2-E03-9004,51,23,M2:REAL
M2-E03-9004,52,23,M2:REAL
M2-E03-9004,53,23,M2:REAL
M2-E03-9004,54,17,M2:REAL
M2-E03-9004,55,23,M2:REAL
M2-E03-9004,56,17,M2:REAL
M2-E03-9004,57,23,M2:REAL
M2-E03-9004,58,17,M2:REAL
M2-E03-9004,59,23,M2:REAL
M2-E03-9004,60,17,M2:REAL
M2-E03-9004,61,23,M2:REAL
M2-E03-9004,62,23,M2:REAL
M2-E03-9004,63,23,M2:REAL
M2-E03-9004,64,17,M2:REAL
M2-E03-9004,65,23,M2:REAL
M2-E03-9004,66,23,M2:REAL
M2-E03-9004,67,17,M2:REAL
M2-E03-9004,68,17,M2:REAL
M2-E03-9004,69,23,M2:REAL
M2-E03-9004,70,23,M2:REAL
M2-E03-9004,71,23,M2:REAL
M2-E03-9004,72,17,M2:REAL
M2-E03-9004,73,17,M2:REAL
M2-E03-9004,74,17,M2:REAL
M2-E03-9004,75,17,M2:REAL
M2-E03-9004,76,17,M2:REAL
M2-E03-9004,77,17,M2:REAL
M2-E03-9004,78,17,M2:REAL
M2-E03-9004,79,23,M2:REAL
M2-E03-9004,80,17,M2:REAL
M2-E03-9004,81,17,M2:REAL
M2-E03-9004,82,23,M2:REAL
M2-E03-9004,83,17,M2:REAL
M2-E03-9004,84,23,M2:REAL
M2-E03-9004,85,23,M2:REAL
M2-E03-9004,86,23,M2:REAL
M2-E03-9004,87,17,M2:REAL
M2-E03-9004,88,23,M2:REAL
M2-E03-9004,89,23,M2:REAL
M2-E03-9004,90,17,M2:REAL
M2-E03-9004,91,23,M2:REAL
M2-E03-9004,92,17,M2:REAL
M2-E03-9004,93,17,M2:REAL
M2-E03-9004,94,17,M2:REAL
M2-E03-9004,95,23,M2:REAL
M2-E03-9004,96,17,M2:REAL
M2-E03-9004,97,23,M2:REAL
M2-E03-9004,98,17,M2:REAL
M2-E03-9004,99,23,M2:REAL
PIR_REAL_50-E02-9004,0,17,PIR_REAL_50:REAL
PIR_REAL_50-E02-9004,1,17,PIR_REAL_50:REAL
PIR_REAL_50-E02-9004,2,17,PIR_REAL_50:REAL
PIR_REAL_50-E02-9004,3,17,PIR_REAL_50:REAL
PIR_REAL_50-E02-9004,4,1035,PIR_REAL_50:DUMMY
PIR_REAL_50-E02-9004,5,17,PIR_REAL_50:REAL
PIR_REAL_50-E02-9004,6,1027,PIR_REAL_50:DUMMY
PIR_REAL_50-E02-9004,7,17,PIR_REAL_50:REAL
PIR_REAL_50-E02-9004,8,17,PIR_REAL_50:REAL
PIR_REAL_50-E02-9004,9,1004,PIR_REAL_50:DUMMY
PIR_REAL_50-E02-9004,10,17,PIR_REAL_50:REAL
PIR_REAL_50-E02-9004,11,17,PIR_REAL_50:REAL
PIR_REAL_50-E02-9004,12,1002,PIR_REAL_50:DUMMY
PIR_REAL_50-E02-9004,13,17,PIR_REAL_50:REAL
PIR_REAL_50-E02-9004,14,1005,PIR_REAL_50:DUMMY
PIR_REAL_50-E02-9004,15,1020,PIR_REAL_50:DUMMY
PIR_REAL_50-E02-9004,16,17,PIR_REAL_50:REAL
PIR_REAL_50-E02-9004,17,17,PIR_REAL_50:REAL
PIR_REAL_50-E02-9004,18,17,PIR_REAL_50:REAL
PIR_REAL_50-E02-9004,19,17,PIR_REAL_50:REAL
PIR_REAL_50-E02-9004,20,17,PIR_REAL_50:REAL
PIR_REAL_50-E02-9004,21,17,PIR_REAL_50:REAL
PIR_REAL_50-E02-9004,22,1050,PIR_REAL_50:DUMMY
PIR_REAL_50-E02-9004,23,1041,PIR_REAL_50:DUMMY
PIR_REAL_50-E02-9004,24,1053,PIR_REAL_50:DUMMY
PIR_REAL_50-E02-9004,25,1009,PIR_REAL_50:DUMMY
PIR_REAL_50-E02-9004,26,1020,PIR_REAL_50:DUMMY
PIR_REAL_50-E02-9004,27,1035,PIR_REAL_50:DUMMY
PIR_REAL_50-E02-9004,28,17,PIR_REAL_50:REAL
PIR_REAL_50-E02-9004,29,1048,PIR_REAL_50:DUMMY
PIR_REAL_50-E02-9004,30,1021,PIR_REAL_50:DUMMY
PIR_REAL_50-E02-9004,31,1025,PIR_REAL_50:DUMMY
PIR_REAL_50-E02-9004,32,1039,PIR_REAL_50:DUMMY
PIR_REAL_50-E02-9004,33,17,PIR_REAL_50:REAL
PIR_REAL_50-E02-9004,34,1052,PIR_REAL_50:DUMMY
PIR_REAL_50-E02-9004,35,1046,PIR_REAL_50:DUMMY
PIR_REAL_50-E02-9004,36,1056,PIR_REAL_50:DUMMY
PIR_REAL_50-E02-9004,37,1032,PIR_REAL_50:DUMMY
PIR_REAL_50-E02-9004,38,17,PIR_REAL_50:REAL
PIR_REAL_50-E02-9004,39,1046,PIR_REAL_50:DUMMY
PIR_REAL_50-E02-9004,40,17,PIR_REAL_50:REAL
PIR_REAL_50-E02-9004,41,17,PIR_REAL_50:REAL
PIR_REAL_50-E02-9004,42,17,PIR_REAL_50:REAL
PIR_REAL_50-E02-9004,43,17,PIR_REAL_50:REAL
PIR_REAL_50-E02-9004,44,1007,PIR_REAL_50:DUMMY
PIR_REAL_50-E02-9004,45,1035,PIR_REAL_50:DUMMY
PIR_REAL_50-E02-9004,46,1017,PIR_REAL_50:DUMMY
PIR_REAL_50-E02-9004,47,17,PIR_REAL_50:REAL
PIR_REAL_50-E02-9004,48,1034,PIR_REAL_50:DUMMY
PIR_REAL_50-E02-9004,49,17,PIR_REAL_50:REAL
PIR_REAL_50-E02-9004,50,17,PIR_REAL_50:REAL
PIR_REAL_50-E02-9004,51,17,PIR_REAL_50:REAL
PIR_REAL_50-E02-9004,52,1056,PIR_REAL_50:DUMMY
PIR_REAL_50-E02-9004,53,17,PIR_REAL_50:REAL
PIR_REAL_50-E02-9004,54,1025,PIR_REAL_50:DUMMY
PIR_REAL_50-E02-9004,55,17,PIR_REAL_50:REAL
PIR_REAL_50-E02-9004,56,17,PIR_REAL_50:REAL
PIR_REAL_50-E02-9004,57,1058,PIR_REAL_50:DUMMY
PIR_REAL_50-E02-9004,58,17,PIR_REAL_50:REAL
PIR_REAL_50-E02-9004,59,17,PIR_REAL_50:REAL
PIR_REAL_50-E02-9004,60,17,PIR_REAL_50:REAL
PIR_REAL_50-E02-9004,61,17,PIR_REAL_50:REAL
PIR_REAL_50-E02-9004,62,17,PIR_REAL_50:REAL
PIR_REAL_50-E02-9004,63,1016,PIR_REAL_50:DUMMY
PIR_REAL_50-E02-9004,64,1032,PIR_REAL_50:DUMMY
PIR_REAL_50-E02-9004,65,1008,PIR_REAL_50:DUMMY
PIR_REAL_50-E02-9004,66,1010,PIR_REAL_50:DUMMY
PIR_REAL_50-E02-9004,67,1011,PIR_REAL_50:DUMMY
PIR_REAL_50-E02-9004,68,17,PIR_REAL_50:REAL
PIR_REAL_50-E02-9004,69,1051,PIR_REAL_50:DUMMY
PIR_REAL_50-E02-9004,70,1025,PIR_REAL_50:DUMMY
PIR_REAL_50-E02-9004,71,17,PIR_REAL_50:REAL
PIR_REAL_50-E02-9004,72,1004,PIR_REAL_50:DUMMY
PIR_REAL_50-E02-9004,73,1062,PIR_REAL_50:DUMMY
PIR_REAL_50-E02-9004,74,1041,PIR_REAL_50:DUMMY
PIR_REAL_50-E02-9004,75,1033,PIR_REAL_50:DUMMY
PIR_REAL_50-E02-9004,76,17,PIR_REAL_50:REAL
PIR_REAL_50-E02-9004,77,17,PIR_REAL_50:REAL
PIR_REAL_50-E02-9004,78,1038,PIR_REAL_50:DUMMY
PIR_REAL_50-E02-9004,79,1061,PIR_REAL_50:DUMMY
PIR_REAL_50-E02-9004,80,1027,PIR_REAL_50:DUMMY
PIR_REAL_50-E02-9004,81,1027,PIR_REAL_50:DUMMY
PIR_REAL_50-E02-9004,82,17,PIR_REAL_50:REAL
PIR_REAL_50-E02-9004,83,1000,PIR_REAL_50:DUMMY
PIR_REAL_50-E02-9004,84,17,PIR_REAL_50:REAL
PIR_REAL_50-E02-9004,85,17,PIR_REAL_50:REAL
PIR_REAL_50-E02-9004,86,17,PIR_REAL_50:REAL
PIR_REAL_50-E02-9004,87,17,PIR_REAL_50:REAL
PIR_REAL_50-E02-9004,88,1020,PIR_REAL_50:DUMMY
PIR_REAL_50-E02-9004,89,17,PIR_REAL_50:REAL
PIR_REAL_50-E02-9004,90,17,PIR_REAL_50:REAL
PIR_REAL_50-E02-9004,91,17,PIR_REAL_50:REAL
PIR_REAL_50-E02-9004,92,1048,PIR_REAL_50:DUMMY
PIR_REAL_50-E02-9004,93,17,PIR_REAL_50:REAL
PIR_REAL_50-E02-9004,94,1047,PIR_REAL_50:DUMMY
PIR_REAL_50-E02-9004,95,17,PIR_REAL_50:REAL
PIR_REAL_50-E02-9004,96,1037,PIR_REAL_50:DUMMY
PIR_REAL_50-E02-9004,97,1011,PIR_REAL_50:DUMMY
PIR_REAL_50-E02-9004,98,1048,PIR_REAL_50:DUMMY
PIR_REAL_50-E02-9004,99,17,PIR_REAL_50:REAL
M3-E04-9004,0,101,M3:REAL
M3-E04-9004,1,101,M3:REAL
M3-E04-9004,2,108,M3:REAL
M3-E04-9004,3,101,M3:REAL
M3-E04-9004,4,109,M3:REAL
M3-E04-9004,5,104,M3:REAL
M3-E04-9004,6,105,M3:REAL
M3-E04-9004,7,108,M3:REAL
M3-E04-9004,8,105,M3:REAL
M3-E04-9004,9,107,M3:REAL
M3-E04-9004,10,107,M3:REAL
M3-E04-9004,11,104,M3:REAL
M3-E04-9004,12,106,M3:REAL
M3-E04-9004,13,101,M3:REAL
M3-E04-9004,14,109,M3:REAL
M3-E04-9004,15,107,M3:REAL
M3-E04-9004,16,107,M3:REAL
M3-E04-9004,17,101,M3:REAL
M3-E04-9004,18,100,M3:REAL
M3-E04-9004,19,108,M3:REAL
M3-E04-9004,20,100,M3:REAL
M3-E04-9004,21,103,M3:REAL
M3-E04-9004,22,102,M3:REAL
M3-E04-9004,23,100,M3:REAL
M3-E04-9004,24,108,M3:REAL
M3-E04-9004,25,108,M3:REAL
M3-E04-9004,26,101,M3:REAL
M3-E04-9004,27,104,M3:REAL
M3-E04-9004,28,101,M3:REAL
M3-E04-9004,29,101,M3:REAL
M3-E04-9004,30,107,M3:REAL
M3-E04-9004,31,100,M3:REAL
M3-E04-9004,32,102,M3:REAL
M3-E04-9004,33,100,M3:REAL
M3-E04-9004,34,102,M3:REAL
M3-E04-9004,35,105,M3:REAL
M3-E04-9004,36,100,M3:REAL
M3-E04-9004,37,107,M3:REAL
M3-E04-9004,38,108,M3:REAL
M3-E04-9004,39,101,M3:REAL
M3-E04-9004,40,106,M3:REAL
M3-E04-9004,41,107,M3:REAL
M3-E04-9004,42,102,M3:REAL
M3-E04-9004,43,107,M3:REAL
M3-E04-9004,44,102,M3:REAL
M3-E04-9004,45,101,M3:REAL
M3-E04-9004,46,103,M3:REAL
M3-E04-9004,47,109,M3:REAL
M3-E04-9004,48,106,M3:REAL
M3-E04-9004,49,108,M3:REAL
M3-E04-9004,50,107,M3:REAL
M3-E04-9004,51,103,M3:REAL
M3-E04-9004,52,100,M3:REAL
M3-E04-9004,53,109,M3:REAL
M3-E04-9004,54,108,M3:REAL
M3-E04-9004,55,100,M3:REAL
M3-E04-9004,56,103,M3:REAL
M3-E04-9004,57,107,M3:REAL
M3-E04-9004,58,108,M3:REAL
M3-E04-9004,59,103,M3:REAL
M3-E04-9004,60,100,M3:REAL
M3-E04-9004,61,101,M3:REAL
M3-E04-9004,62,108,M3:REAL
M3-E04-9004,63,102,M3:REAL
M3-E04-9004,64,102,M3:REAL
M3-E04-9004,65,105,M3:REAL
M3-E04-9004,66,105,M3:REAL
M3-E04-9004,67,104,M3:REAL
M3-E04-9004,68,104,M3:REAL
M3-E04-9004,69,103,M3:REAL
M3-E04-9004,70,103,M3:REAL
M3-E04-9004,71,109,M3:REAL
M3-E04-9004,72,100,M3:REAL
M3-E04-9004,73,104,M3:REAL
M3-E04-9004,74,108,M3:REAL
M3-E04-9004,75,100,M3:REAL
M3-E04-9004,76,100,M3:REAL
M3-E04-9004,77,107,M3:REAL
M3-E04-9004,78,108,M3:REAL
M3-E04-9004,79,108,M3:REAL
M3-E04-9004,80,103,M3:REAL
M3-E04-9004,81,109,M3:REAL
M3-E04-9004,82,105,M3:REAL
M3-E04-9004,83,108,M3:REAL
M3-E04-9004,84,103,M3:REAL
M3-E04-9004,85,104,M3:REAL
M3-E04-9004,86,100,M3:REAL
M3-E04-9004,87,109,M3:REAL
M3-E04-9004,88,109,M3:REAL
M3-E04-9004,89,101,M3:REAL
M3-E04-9004,90,100,M3:REAL
M3-E04-9004,91,103,M3:REAL
M3-E04-9004,92,103,M3:REAL
M3-E04-9004,93,107,M3:REAL
M3-E04-9004,94,101,M3:REAL
M3-E04-9004,95,105,M3:REAL
M3-E04-9004,96,105,M3:REAL
M3-E04-9004,97,102,M3:REAL
M3-E04-9004,98,108,M3:REAL
M3-E04-9004,99,108,M3:REAL
M7-E01-9004,0,23,M7:REAL
M7-E01-9004,1,17,M7:REAL
M7-E01-9004,2,17,M7:REAL
M7-E01-9004,3,23,M7:REAL
M7-E01-9004,4,17,M7:REAL
M7-E01-9004,5,17,M7:REAL
M7-E01-9004,6,23,M7:REAL
M7-E01-9004,7,17,M7:REAL
M7-E01-9004,8,17,M7:REAL
M7-E01-9004,9,23,M7:REAL
M7-E01-9004,10,17,M7:REAL
M7-E01-9004,11,17,M7:REAL
M7-E01-9004,12,23,M7:REAL
M7-E01-9004,13,17,M7:REAL
M7-E01-9004,14,17,M7:REAL
M7-E01-9004,15,23,M7:REAL
M7-E01-9004,16,17,M7:REAL
M7-E01-9004,17,17,M7:REAL
M7-E01-9004,18,23,M7:REAL
M7-E01-9004,19,17,M7:REAL
M7-E01-9004,20,17,M7:REAL
M7-E01-9004,21,23,M7:REAL
M7-E01-9004,22,17,M7:REAL
M7-E01-9004,23,17,M7:REAL
M7-E01-9004,24,23,M7:REAL
M7-E01-9004,25,17,M7:REAL
M7-E01-9004,26,17,M7:REAL
M7-E01-9004,27,23,M7:REAL
M7-E01-9004,28,17,M7:REAL
M7-E01-9004,29,17,M7:REAL
M7-E01-9004,30,23,M7:REAL
M7-E01-9004,31,17,M7:REAL
M7-E01-9004,32,17,M7:REAL
M7-E01-9004,33,23,M7:REAL
M7-E01-9004,34,17,M7:REAL
M7-E01-9004,35,17,M7:REAL
M7-E01-9004,36,23,M7:REAL
M7-E01-9004,37,17,M7:REAL
M7-E01-9004,38,17,M7:REAL
M7-E01-9004,39,23,M7:REAL
M7-E01-9004,40,17,M7:REAL
M7-E01-9004,41,17,M7:REAL
M7-E01-9004,42,23,M7:REAL
M7-E01-9004,43,17,M7:REAL
M7-E01-9004,44,17,M7:REAL
M7-E01-9004,45,23,M7:REAL
M7-E01-9004,46,17,M7:REAL
M7-E01-9004,47,17,M7:REAL
M7-E01-9004,48,23,M7:REAL
M7-E01-9004,49,17,M7:REAL
M7-E01-9004,50,17,M7:REAL
M7-E01-9004,51,23,M7:REAL
M7-E01-9004,52,17,M7:REAL
M7-E01-9004,53,17,M7:REAL
M7-E01-9004,54,23,M7:REAL
M7-E01-9004,55,17,M7:REAL
M7-E01-9004,56,17,M7:REAL
M7-E01-9004,57,23,M7:REAL
M7-E01-9004,58,17,M7:REAL
M7-E01-9004,59,17,M7:REAL
M7-E01-9004,60,23,M7:REAL
M7-E01-9004,61,17,M7:REAL
M7-E01-9004,62,17,M7:REAL
M7-E01-9004,63,23,M7:REAL
M7-E01-9004,64,17,M7:REAL
M7-E01-9004,65,17,M7:REAL
M7-E01-9004,66,23,M7:REAL
M7-E01-9004,67,17,M7:REAL
M7-E01-9004,68,17,M7:REAL
M7-E01-9004,69,23,M7:REAL
M7-E01-9004,70,17,M7:REAL
M7-E01-9004,71,17,M7:REAL
M7-E01-9004,72,23,M7:REAL
M7-E01-9004,73,17,M7:REAL
M7-E01-9004,74,17,M7:REAL
M7-E01-9004,75,23,M7:REAL
M7-E01-9004,76,17,M7:REAL
M7-E01-9004,77,17,M7:REAL
M7-E01-9004,78,23,M7:REAL
M7-E01-9004,79,17,M7:REAL
M7-E01-9004,80,17,M7:REAL
M7-E01-9004,81,23,M7:REAL
M7-E01-9004,82,17,M7:REAL
M7-E01-9004,83,17,M7:REAL
M7-E01-9004,84,23,M7:REAL
M7-E01-9004,85,17,M7:REAL
M7-E01-9004,86,17,M7:REAL
M7-E01-9004,87,23,M7:REAL
M7-E01-9004,88,17,M7:REAL
M7-E01-9004,89,17,M7:REAL
M7-E01-9004,90,23,M7:REAL
M7-E01-9004,91,17,M7:REAL
M7-E01-9004,92,17,M7:REAL
M7-E01-9004,93,23,M7:REAL
M7-E01-9004,94,17,M7:REAL
M7-E01-9004,95,17,M7:REAL
M7-E01-9004,96,23,M7:REAL
M7-E01-9004,97,17,M7:REAL
M7-E01-9004,98,17,M7:REAL
M7-E01-9004,99,23,M7:REAL
M1-E02-9004,0,17,M1:REAL
M1-E02-9004,1,17,M1:REAL
M1-E02-9004,2,17,M1:REAL
M1-E02-9004,3,17,M1:REAL
M1-E02-9004,4,17,M1:REAL
M1-E02-9004,5,17,M1:REAL
M1-E02-9004,6,17,M1:REAL
M1-E02-9004,7,17,M1:REAL
M1-E02-9004,8,17,M1:REAL
M1-E02-9004,9,17,M1:REAL
M1-E02-9004,10,17,M1:REAL
M1-E02-9004,11,17,M1:REAL
M1-E02-9004,12,17,M1:REAL
M1-E02-9004,13,17,M1:REAL
M1-E02-9004,14,17,M1:REAL
M1-E02-9004,15,17,M1:REAL
M1-E02-9004,16,17,M1:REAL
M1-E02-9004,17,17,M1:REAL
M1-E02-9004,18,17,M1:REAL
M1-E02-9004,19,17,M1:REAL
M1-E02-9004,20,17,M1:REAL
M1-E02-9004,21,17,M1:REAL
M1-E02-9004,22,17,M1:REAL
M1-E02-9004,23,17,M1:REAL
M1-E02-9004,24,17,M1:REAL
M1-E02-9004,25,17,M1:REAL
M1-E02-9004,26,17,M1:REAL
M1-E02-9004,27,17,M1:REAL
M1-E02-9004,28,17,M1:REAL
M1-E02-9004,29,17,M1:REAL
M1-E02-9004,30,17,M1:REAL
M1-E02-9004,31,17,M1:REAL
M1-E02-9004,32,17,M1:REAL
M1-E02-9004,33,17,M1:REAL
M1-E02-9004,34,17,M1:REAL
M1-E02-9004,35,17,M1:REAL
M1-E02-9004,36,17,M1:REAL
M1-E02-9004,37,17,M1:REAL
M1-E02-9004,38,17,M1:REAL
M1-E02-9004,39,17,M1:REAL
M1-E02-9004,40,17,M1:REAL
M1-E02-9004,41,17,M1:REAL
M1-E02-9004,42,17,M1:REAL
M1-E02-9004,43,17,M1:REAL
M1-E02-9004,44,17,M1:REAL
M1-E02-9004,45,17,M1:REAL
M1-E02-9004,46,17,M1:REAL
M1-E02-9004,47,17,M1:REAL
M1-E02-9004,48,17,M1:REAL
M1-E02-9004,49,17,M1:REAL
M1-E02-9004,50,17,M1:REAL
M1-E02-9004,51,17,M1:REAL
M1-E02-9004,52,17,M1:REAL
M1-E02-9004,53,17,M1:REAL
M1-E02-9004,54,17,M1:REAL
M1-E02-9004,55,17,M1:REAL
M1-E02-9004,56,17,M1:REAL
M1-E02-9004,57,17,M1:REAL
M1-E02-9004,58,23,M1:REAL
M1-E02-9004,59,17,M1:REAL
M1-E02-9004,60,17,M1:REAL
M1-E02-9004,61,17,M1:REAL
M1-E02-9004,62,17,M1:REAL
M1-E02-9004,63,17,M1:REAL
M1-E02-9004,64,17,M1:REAL
M1-E02-9004,65,17,M1:REAL
M1-E02-9004,66,17,M1:REAL
M1-E02-9004,67,17,M1:REAL
M1-E02-9004,68,17,M1:REAL
M1-E02-9004,69,17,M1:REAL
M1-E02-9004,70,17,M1:REAL
M1-E02-9004,71,17,M1:REAL
M1-E02-9004,72,17,M1:REAL
M1-E02-9004,73,17,M1:REAL
M1-E02-9004,74,17,M1:REAL
M1-E02-9004,75,17,M1:REAL
M1-E02-9004,76,17,M1:REAL
M1-E02-9004,77,17,M1:REAL
M1-E02-9004,78,17,M1:REAL
M1-E02-9004,79,17,M1:REAL
M1-E02-9004,80,17,M1:REAL
M1-E02-9004,81,17,M1:REAL
M1-E02-9004,82,17,M1:REAL
M1-E02-9004,83,17,M1:REAL
M1-E02-9004,84,17,M1:REAL
M1-E02-9004,85,17,M1:REAL
M1-E02-9004,86,17,M1:REAL
M1-E02-9004,87,17,M1:REAL
M1-E02-9004,88,17,M1:REAL
M1-E02-9004,89,17,M1:REAL
M1-E02-9004,90,17,M1:REAL
M1-E02-9004,91,17,M1:REAL
M1-E02-9004,92,17,M1:REAL
M1-E02-9004,93,17,M1:REAL
M1-E02-9004,94,17,M1:REAL
M1-E02-9004,95,17,M1:REAL
M1-E02-9004,96,17,M1:REAL
M1-E02-9004,97,17,M1:REAL
M1-E02-9004,98,17,M1:REAL
M1-E02-9004,99,17,M1:REAL
PIR_REAL_1-E05-9004,0,1047,PIR_REAL_1:DUMMY
PIR_REAL_1-E05-9004,1,1055,PIR_REAL_1:DUMMY
PIR_REAL_1-E05-9004,2,1060,PIR_REAL_1:DUMMY
PIR_REAL_1-E05-9004,3,1027,PIR_REAL_1:DUMMY
PIR_REAL_1-E05-9004,4,1012,PIR_REAL_1:DUMMY
PIR_REAL_1-E05-9004,5,1050,PIR_REAL_1:DUMMY
PIR_REAL_1-E05-9004,6,1034,PIR_REAL_1:DUMMY
PIR_REAL_1-E05-9004,7,1036,PIR_REAL_1:DUMMY
PIR_REAL_1-E05-9004,8,1033,PIR_REAL_1:DUMMY
PIR_REAL_1-E05-9004,9,1052,PIR_REAL_1:DUMMY
PIR_REAL_1-E05-9004,10,1032,PIR_REAL_1:DUMMY
PIR_REAL_1-E05-9004,11,1017,PIR_REAL_1:DUMMY
PIR_REAL_1-E05-9004,12,1001,PIR_REAL_1:DUMMY
PIR_REAL_1-E05-9004,13,1037,PIR_REAL_1:DUMMY
PIR_REAL_1-E05-9004,14,1020,PIR_REAL_1:DUMMY
PIR_REAL_1-E05-9004,15,1024,PIR_REAL_1:DUMMY
PIR_REAL_1-E05-9004,16,1059,PIR_REAL_1:DUMMY
PIR_REAL_1-E05-9004,17,1016,PIR_REAL_1:DUMMY
PIR_REAL_1-E05-9004,18,1006,PIR_REAL_1:DUMMY
PIR_REAL_1-E05-9004,19,1025,PIR_REAL_1:DUMMY
PIR_REAL_1-E05-9004,20,1053,PIR_REAL_1:DUMMY
PIR_REAL_1-E05-9004,21,1038,PIR_REAL_1:DUMMY
PIR_REAL_1-E05-9004,22,1035,PIR_REAL_1:DUMMY
PIR_REAL_1-E05-9004,23,1036,PIR_REAL_1:DUMMY
PIR_REAL_1-E05-9004,24,1016,PIR_REAL_1:DUMMY
PIR_REAL_1-E05-9004,25,1006,PIR_REAL_1:DUMMY
PIR_REAL_1-E05-9004,26,1047,PIR_REAL_1:DUMMY
PIR_REAL_1-E05-9004,27,1004,PIR_REAL_1:DUMMY
PIR_REAL_1-E05-9004,28,1061,PIR_REAL_1:DUMMY
PIR_REAL_1-E05-9004,29,1052,PIR_REAL_1:DUMMY
PIR_REAL_1-E05-9004,30,1054,PIR_REAL_1:DUMMY
PIR_REAL_1-E05-9004,31,17,PIR_REAL_1:REAL
PIR_REAL_1-E05-9004,32,1047,PIR_REAL_1:DUMMY
PIR_REAL_1-E05-9004,33,1049,PIR_REAL_1:DUMMY
PIR_REAL_1-E05-9004,34,1020,PIR_REAL_1:DUMMY
PIR_REAL_1-E05-9004,35,1021,PIR_REAL_1:DUMMY
PIR_REAL_1-E05-9004,36,1058,PIR_REAL_1:DUMMY
PIR_REAL_1-E05-9004,37,1012,PIR_REAL_1:DUMMY
PIR_REAL_1-E05-9004,38,1003,PIR_REAL_1:DUMMY
PIR_REAL_1-E05-9004,39,1019,PIR_REAL_1:DUMMY
PIR_REAL_1-E05-9004,40,1054,PIR_REAL_1:DUMMY
PIR_REAL_1-E05-9004,41,1003,PIR_REAL_1:DUMMY
PIR_REAL_1-E05-9004,42,1053,PIR_REAL_1:DUMMY
PIR_REAL_1-E05-9004,43,1005,PIR_REAL_1:DUMMY
PIR_REAL_1-E05-9004,44,1060,PIR_REAL_1:DUMMY
PIR_REAL_1-E05-9004,45,1003,PIR_REAL_1:DUMMY
PIR_REAL_1-E05-9004,46,1033,PIR_REAL_1:DUMMY
PIR_REAL_1-E05-9004,47,1015,PIR_REAL_1:DUMMY
PIR_REAL_1-E05-9004,48,1011,PIR_REAL_1:DUMMY
PIR_REAL_1-E05-9004,49,1014,PIR_REAL_1:DUMMY
PIR_REAL_1-E05-9004,50,1046,PIR_REAL_1:DUMMY
PIR_REAL_1-E05-9004,51,1053,PIR_REAL_1:DUMMY
PIR_REAL_1-E05-9004,52,1028,PIR_REAL_1:DUMMY
PIR_REAL_1-E05-9004,53,1031,PIR_REAL_1:DUMMY
PIR_REAL_1-E05-9004,54,1030,PIR_REAL_1:DUMMY
PIR_REAL_1-E05-9004,55,1024,PIR_REAL_1:DUMMY
PIR_REAL_1-E05-9004,56,1042,PIR_REAL_1:DUMMY
PIR_REAL_1-E05-9004,57,1047,PIR_REAL_1:DUMMY
PIR_REAL_1-E05-9004,58,1014,PIR_REAL_1:DUMMY
PIR_REAL_1-E05-9004,59,1024,PIR_REAL_1:DUMMY
PIR_REAL_1-E05-9004,60,1017,PIR_REAL_1:DUMMY
PIR_REAL_1-E05-9004,61,1038,PIR_REAL_1:DUMMY
PIR_REAL_1-E05-9004,62,1018,PIR_REAL_1:DUMMY
PIR_REAL_1-E05-9004,63,1041,PIR_REAL_1:DUMMY
PIR_REAL_1-E05-9004,64,1032,PIR_REAL_1:DUMMY
PIR_REAL_1-E05-9004,65,1009,PIR_REAL_1:DUMMY
PIR_REAL_1-E05-9004,66,1049,PIR_REAL_1:DUMMY
PIR_REAL_1-E05-9004,67,1026,PIR_REAL_1:DUMMY
PIR_REAL_1-E05-9004,68,1027,PIR_REAL_1:DUMMY
PIR_REAL_1-E05-9004,69,1001,PIR_REAL_1:DUMMY
PIR_REAL_1-E05-9004,70,1036,PIR_REAL_1:DUMMY
PIR_REAL_1-E05-9004,71,1047,PIR_REAL_1:DUMMY
PIR_REAL_1-E05-9004,72,1060,PIR_REAL_1:DUMMY
PIR_REAL_1-E05-9004,73,1038,PIR_REAL_1:DUMMY
PIR_REAL_1-E05-9004,74,1043,PIR_REAL_1:DUMMY
PIR_REAL_1-E05-9004,75,1006,PIR_REAL_1:DUMMY
PIR_REAL_1-E05-9004,76,1025,PIR_REAL_1:DUMMY
PIR_REAL_1-E05-9004,77,1008,PIR_REAL_1:DUMMY
PIR_REAL_1-E05-9004,78,1045,PIR_REAL_1:DUMMY
PIR_REAL_1-E05-9004,79,1019,PIR_REAL_1:DUMMY
PIR_REAL_1-E05-9004,80,1014,PIR_REAL_1:DUMMY
PIR_REAL_1-E05-9004,81,1019,PIR_REAL_1:DUMMY
PIR_REAL_1-E05-9004,82,1011,PIR_REAL_1:DUMMY
PIR_REAL_1-E05-9004,83,1003,PIR_REAL_1:DUMMY
PIR_REAL_1-E05-9004,84,1039,PIR_REAL_1:DUMMY
PIR_REAL_1-E05-9004,85,1057,PIR_REAL_1:DUMMY
PIR_REAL_1-E05-9004,86,1007,PIR_REAL_1:DUMMY
PIR_REAL_1-E05-9004,87,1010,PIR_REAL_1:DUMMY
PIR_REAL_1-E05-9004,88,1030,PIR_REAL_1:DUMMY
PIR_REAL_1-E05-9004,89,1012,PIR_REAL_1:DUMMY
PIR_REAL_1-E05-9004,90,1013,PIR_REAL_1:DUMMY
PIR_REAL_1-E05-9004,91,1048,PIR_REAL_1:DUMMY
PIR_REAL_1-E05-9004,92,1015,PIR_REAL_1:DUMMY
PIR_REAL_1-E05-9004,93,1051,PIR_REAL_1:DUMMY
PIR_REAL_1-E05-9004,94,1001,PIR_REAL_1:DUMMY
PIR_REAL_1-E05-9004,95,1022,PIR_REAL_1:DUMMY
PIR_REAL_1-E05-9004,96,1017,PIR_REAL_1:DUMMY
PIR_REAL_1-E05-9004,97,1021,PIR_REAL_1:DUMMY
PIR_REAL_1-E05-9004,98,1000,PIR_REAL_1:DUMMY
PIR_REAL_1-E05-9004,99,1002,PIR_REAL_1:DUMMY
M6-E02-9004,0,32,M6:REAL
M6-E02-9004,1,32,M6:REAL
M6-E02-9004,2,32,M6:REAL
M6-E02-9004,3,32,M6:REAL
M6-E02-9004,4,32,M6:REAL
M6-E02-9004,5,32,M6:REAL
M6-E02-9004,6,32,M6:REAL
M6-E02-9004,7,32,M6:REAL
M6-E02-9004,8,32,M6:REAL
M6-E02-9004,9,32,M6:REAL
M6-E02-9004,10,32,M6:REAL
M6-E02-9004,11,32,M6:REAL
M6-E02-9004,12,32,M6:REAL
M6-E02-9004,13,32,M6:REAL
M6-E02-9004,14,32,M6:REAL
M6-E02-9004,15,32,M6:REAL
M6-E02-9004,16,32,M6:REAL
M6-E02-9004,17,32,M6:REAL
M6-E02-9004,18,32,M6:REAL
M6-E02-9004,19,32,M6:REAL
M6-E02-9004,20,32,M6:REAL
M6-E02-9004,21,32,M6:REAL
M6-E02-9004,22,32,M6:REAL
M6-E02-9004,23,32,M6:REAL
M6-E02-9004,24,32,M6:REAL
M6-E02-9004,25,32,M6:REAL
M6-E02-9004,26,32,M6:REAL
M6-E02-9004,27,32,M6:REAL
M6-E02-9004,28,32,M6:REAL
M6-E02-9004,29,32,M6:REAL
M6-E02-9004,30,32,M6:REAL
M6-E02-9004,31,32,M6:REAL
M6-E02-9004,32,32,M6:REAL
M6-E02-9004,33,32,M6:REAL
M6-E02-9004,34,32,M6:REAL
M6-E02-9004,35,32,M6:REAL
M6-E02-9004,36,32,M6:REAL
M6-E02-9004,37,32,M6:REAL
M6-E02-9004,38,32,M6:REAL
M6-E02-9004,39,32,M6:REAL
M6-E02-9004,40,32,M6:REAL
M6-E02-9004,41,32,M6:REAL
M6-E02-9004,42,32,M6:REAL
M6-E02-9004,43,32,M6:REAL
M6-E02-9004,44,32,M6:REAL
M6-E02-9004,45,32,M6:REAL
M6-E02-9004,46,32,M6:REAL
M6-E02-9004,47,32,M6:REAL
M6-E02-9004,48,32,M6:REAL
M6-E02-9004,49,32,M6:REAL
M6-E02-9004,50,32,M6:REAL
M6-E02-9004,51,32,M6:REAL
M6-E02-9004,52,32,M6:REAL
M6-E02-9004,53,32,M6:REAL
M6-E02-9004,54,32,M6:REAL
M6-E02-9004,55,32,M6:REAL
M6-E02-9004,56,32,M6:REAL
M6-E02-9004,57,32,M6:REAL
M6-E02-9004,58,32,M6:REAL
M6-E02-9004,59,32,M6:REAL
M6-E02-9004,60,32,M6:REAL
M6-E02-9004,61,32,M6:REAL
M6-E02-9004,62,32,M6:REAL
M6-E02-9004,63,32,M6:REAL
M6-E02-9004,64,32,M6:REAL
M6-E02-9004,65,32,M6:REAL
M6-E02-9004,66,32,M6:REAL
M6-E02-9004,67,32,M6:REAL
M6-E02-9004,68,32,M6:REAL
M6-E02-9004,69,32,M6:REAL
M6-E02-9004,70,32,M6:REAL
M6-E02-9004,71,32,M6:REAL
M6-E02-9004,72,32,M6:REAL
M6-E02-9004,73,32,M6:REAL
M6-E02-9004,74,32,M6:REAL
M6-E02-9004,75,32,M6:REAL
M6-E02-9004,76,32,M6:REAL
M6-E02-9004,77,32,M6:REAL
M6-E02-9004,78,32,M6:REAL
M6-E02-9004,79,32,M6:REAL
M6-E02-9004,80,32,M6:REAL
M6-E02-9004,81,32,M6:REAL
M6-E02-9004,82,32,M6:REAL
M6-E02-9004,83,32,M6:REAL
M6-E02-9004,84,32,M6:REAL
M6-E02-9004,85,32,M6:REAL
M6-E02-9004,86,32,M6:REAL
M6-E02-9004,87,32,M6:REAL
M6-E02-9004,88,32,M6:REAL
M6-E02-9004,89,32,M6:REAL
M6-E02-9004,90,32,M6:REAL
M6-E02-9004,91,32,M6:REAL
M6-E02-9004,92,32,M6:REAL
M6-E02-9004,93,32,M6:REAL
M6-E02-9004,94,32,M6:REAL
M6-E02-9004,95,32,M6:REAL
M6-E02-9004,96,32,M6:REAL
M6-E02-9004,97,32,M6:REAL
M6-E02-9004,98,32,M6:REAL
M6-E02-9004,99,32,M6:REAL
M3-E02-9004,0,107,M3:REAL
M3-E02-9004,1,105,M3:REAL
M3-E02-9004,2,100,M3:REAL
M3-E02-9004,3,101,M3:REAL
M3-E02-9004,4,102,M3:REAL
M3-E02-9004,5,104,M3:REAL
M3-E02-9004,6,100,M3:REAL
M3-E02-9004,7,100,M3:REAL
M3-E02-9004,8,101,M3:REAL
M3-E02-9004,9,107,M3:REAL
M3-E02-9004,10,107,M3:REAL
M3-E02-9004,11,104,M3:REAL
M3-E02-9004,12,109,M3:REAL
M3-E02-9004,13,104,M3:REAL
M3-E02-9004,14,104,M3:REAL
M3-E02-9004,15,103,M3:REAL
M3-E02-9004,16,108,M3:REAL
M3-E02-9004,17,103,M3:REAL
M3-E02-9004,18,107,M3:REAL
M3-E02-9004,19,102,M3:REAL
M3-E02-9004,20,100,M3:REAL
M3-E02-9004,21,100,M3:REAL
M3-E02-9004,22,106,M3:REAL
M3-E02-9004,23,108,M3:REAL
M3-E02-9004,24,109,M3:REAL
M3-E02-9004,25,106,M3:REAL
M3-E02-9004,26,104,M3:REAL
M3-E02-9004,27,108,M3:REAL
M3-E02-9004,28,102,M3:REAL
M3-E02-9004,29,103,M3:REAL
M3-E02-9004,30,108,M3:REAL
M3-E02-9004,31,105,M3:REAL
M3-E02-9004,32,107,M3:REAL
M3-E02-9004,33,104,M3:REAL
M3-E02-9004,34,109,M3:REAL
M3-E02-9004,35,109,M3:REAL
M3-E02-9004,36,100,M3:REAL
M3-E02-9004,37,106,M3:REAL
M3-E02-9004,38,107,M3:REAL
M3-E02-9004,39,102,M3:REAL
M3-E02-9004,40,107,M3:REAL
M3-E02-9004,41,104,M3:REAL
M3-E02-9004,42,105,M3:REAL
M3-E02-9004,43,102,M3:REAL
M3-E02-9004,44,104,M3:REAL
M3-E02-9004,45,108,M3:REAL
M3-E02-9004,46,100,M3:REAL
M3-E02-9004,47,101,M3:REAL
M3-E02-9004,48,105,M3:REAL
M3-E02-9004,49,105,M3:REAL
M3-E02-9004,50,105,M3:REAL
M3-E02-9004,51,101,M3:REAL
M3-E02-9004,52,107,M3:REAL
M3-E02-9004,53,104,M3:REAL
M3-E02-9004,54,107,M3:REAL
M3-E02-9004,55,109,M3:REAL
M3-E02-9004,56,103,M3:REAL
M3-E02-9004,57,104,M3:REAL
M3-E02-9004,58,102,M3:REAL
M3-E02-9004,59,104,M3:REAL
M3-E02-9004,60,101,M3:REAL
M3-E02-9004,61,106,M3:REAL
M3-E02-9004,62,100,M3:REAL
M3-E02-9004,63,102,M3:REAL
M3-E02-9004,64,104,M3:REAL
M3-E02-9004,65,103,M3:REAL
M3-E02-9004,66,100,M3:REAL
M3-E02-9004,67,107,M3:REAL
M3-E02-9004,68,107,M3:REAL
M3-E02-9004,69,105,M3:REAL
M3-E02-9004,70,103,M3:REAL
M3-E02-9004,71,107,M3:REAL
M3-E02-9004,72,104,M3:REAL
M3-E02-9004,73,103,M3:REAL
M3-E02-9004,74,109,M3:REAL
M3-E02-9004,75,107,M3:REAL
M3-E02-9004,76,106,M3:REAL
M3-E02-9004,77,109,M3:REAL
M3-E02-9004,78,108,M3:REAL
M3-E02-9004,79,104,M3:REAL
M3-E02-9004,80,104,M3:REAL
M3-E02-9004,81,108,M3:REAL
M3-E02-9004,82,105,M3:REAL
M3-E02-9004,83,104,M3:REAL
M3-E02-9004,84,107,M3:REAL
M3-E02-9004,85,101,M3:REAL
M3-E02-9004,86,106,M3:REAL
M3-E02-9004,87,108,M3:REAL
M3-E02-9004,88,108,M3:REAL
M3-E02-9004,89,100,M3:REAL
M3-E02-9004,90,101,M3:REAL
M3-E02-9004,91,101,M3:REAL
M3-E02-9004,92,104,M3:REAL
M3-E02-9004,93,109,M3:REAL
M3-E02-9004,94,103,M3:REAL
M3-E02-9004,95,102,M3:REAL
M3-E02-9004,96,103,M3:REAL
M3-E02-9004,97,108,M3:REAL
M3-E02-9004,98,107,M3:REAL
M3-E02-9004,99,104,M3:REAL
M1-E03-9004,0,17,M1:REAL
M1-E03-9004,1,23,M1:REAL
M1-E03-9004,2,17,M1:REAL
M1-E03-9004,3,17,M1:REAL
M1-E03-9004,4,17,M1:REAL
M1-E03-9004,5,17,M1:REAL
M1-E03-9004,6,17,M1:REAL
M1-E03-9004,7,17,M1:REAL
M1-E03-9004,8,17,M1:REAL
M1-E03-9004,9,17,M1:REAL
M1-E03-9004,10,17,M1:REAL
M1-E03-9004,11,17,M1:REAL
M1-E03-9004,12,17,M1:REAL
M1-E03-9004,13,17,M1:REAL
M1-E03-9004,14,17,M1:REAL
M1-E03-9004,15,17,M1:REAL
M1-E03-9004,16,17,M1:REAL
M1-E03-9004,17,17,M1:REAL
M1-E03-9004,18,17,M1:REAL
M1-E03-9004,19,17,M1:REAL
M1-E03-9004,20,17,M1:REAL
M1-E03-9004,21,17,M1:REAL
M1-E03-9004,22,17,M1:REAL
M1-E03-9004,23,17,M1:REAL
M1-E03-9004,24,17,M1:REAL
M1-E03-9004,25,17,M1:REAL
M1-E03-9004,26,17,M1:REAL
M1-E03-9004,27,17,M1:REAL
M1-E03-9004,28,17,M1:REAL
M1-E03-9004,29,17,M1:REAL
M1-E03-9004,30,17,M1:REAL
M1-E03-9004,31,17,M1:REAL
M1-E03-9004,32,17,M1:REAL
M1-E03-9004,33,17,M1:REAL
M1-E03-9004,34,17,M1:REAL
M1-E03-9004,35,17,M1:REAL
M1-E03-9004,36,17,M1:REAL
M1-E03-9004,37,17,M1:REAL
M1-E03-9004,38,17,M1:REAL
M1-E03-9004,39,17,M1:REAL
M1-E03-9004,40,17,M1:REAL
M1-E03-9004,41,17,M1:REAL
M1-E03-9004,42,17,M1:REAL
M1-E03-9004,43,17,M1:REAL
M1-E03-9004,44,17,M1:REAL
M1-E03-9004,45,17,M1:REAL
M1-E03-9004,46,17,M1:REAL
M1-E03-9004,47,17,M1:REAL
M1-E03-9004,48,17,M1:REAL
M1-E03-9004,49,17,M1:REAL
M1-E03-9004,50,17,M1:REAL
M1-E03-9004,51,17,M1:REAL
M1-E03-9004,52,17,M1:REAL
M1-E03-9004,53,17,M1:REAL
M1-E03-9004,54,17,M1:REAL
M1-E03-9004,55,17,M1:REAL
M1-E03-9004,56,17,M1:REAL
M1-E03-9004,57,17,M1:REAL
M1-E03-9004,58,17,M1:REAL
M1-E03-9004,59,17,M1:REAL
M1-E03-9004,60,17,M1:REAL
M1-E03-9004,61,17,M1:REAL
M1-E03-9004,62,17,M1:REAL
M1-E03-9004,63,17,M1:REAL
M1-E03-9004,64,17,M1:REAL
M1-E03-9004,65,17,M1:REAL
M1-E03-9004,66,17,M1:REAL
M1-E03-9004,67,17,M1:REAL
M1-E03-9004,68,17,M1:REAL
M1-E03-9004,69,17,M1:REAL
M1-E03-9004,70,17,M1:REAL
M1-E03-9004,71,17,M1:REAL
M1-E03-9004,72,17,M1:REAL
M1-E03-9004,73,17,M1:REAL
M1-E03-9004,74,17,M1:REAL
M1-E03-9004,75,17,M1:REAL
M1-E03-9004,76,17,M1:REAL
M1-E03-9004,77,17,M1:REAL
M1-E03-9004,78,17,M1:REAL
M1-E03-9004,79,17,M1:REAL
M1-E03-9004,80,17,M1:REAL
M1-E03-9004,81,17,M1:REAL
M1-E03-9004,82,17,M1:REAL
M1-E03-9004,83,17,M1:REAL
M1-E03-9004,84,17,M1:REAL
M1-E03-9004,85,17,M1:REAL
M1-E03-9004,86,17,M1:REAL
M1-E03-9004,87,17,M1:REAL
M1-E03-9004,88,17,M1:REAL
M1-E03-9004,89,17,M1:REAL
M1-E03-9004,90,17,M1:REAL
M1-E03-9004,91,17,M1:REAL
M1-E03-9004,92,17,M1:REAL
M1-E03-9004,93,17,M1:REAL
M1-E03-9004,94,17,M1:REAL
M1-E03-9004,95,17,M1:REAL
M1-E03-9004,96,17,M1:REAL
M1-E03-9004,97,17,M1:REAL
M1-E03-9004,98,17,M1:REAL
M1-E03-9004,99,17,M1:REAL
M5-E02-9004,0,10,M5:REAL
M5-E02-9004,1,12,M5:REAL
M5-E02-9004,2,10,M5:REAL
M5-E02-9004,3,12,M5:REAL
M5-E02-9004,4,10,M5:REAL
M5-E02-9004,5,12,M5:REAL
M5-E02-9004,6,10,M5:REAL
M5-E02-9004,7,12,M5:REAL
M5-E02-9004,8,10,M5:REAL
M5-E02-9004,9,12,M5:REAL
M5-E02-9004,10,10,M5:REAL
M5-E02-9004,11,12,M5:REAL
M5-E02-9004,12,10,M5:REAL
M5-E02-9004,13,12,M5:REAL
M5-E02-9004,14,10,M5:REAL
M5-E02-9004,15,12,M5:REAL
M5-E02-9004,16,10,M5:REAL
M5-E02-9004,17,12,M5:REAL
M5-E02-9004,18,10,M5:REAL
M5-E02-9004,19,12,M5:REAL
M5-E02-9004,20,10,M5:REAL
M5-E02-9004,21,12,M5:REAL
M5-E02-9004,22,10,M5:REAL
M5-E02-9004,23,12,M5:REAL
M5-E02-9004,24,10,M5:REAL
M5-E02-9004,25,12,M5:REAL
M5-E02-9004,26,10,M5:REAL
M5-E02-9004,27,12,M5:REAL
M5-E02-9004,28,10,M5:REAL
M5-E02-9004,29,12,M5:REAL
M5-E02-9004,30,10,M5:REAL
M5-E02-9004,31,12,M5:REAL
M5-E02-9004,32,10,M5:REAL
M5-E02-9004,33,12,M5:REAL
M5-E02-9004,34,10,M5:REAL
M5-E02-9004,35,12,M5:REAL
M5-E02-9004,36,10,M5:REAL
M5-E02-9004,37,12,M5:REAL
M5-E02-9004,38,10,M5:REAL
M5-E02-9004,39,12,M5:REAL
M5-E02-9004,40,10,M5:REAL
M5-E02-9004,41,12,M5:REAL
M5-E02-9004,42,10,M5:REAL
M5-E02-9004,43,12,M5:REAL
M5-E02-9004,44,10,M5:REAL
M5-E02-9004,45,12,M5:REAL
M5-E02-9004,46,10,M5:REAL
M5-E02-9004,47,12,M5:REAL
M5-E02-9004,48,10,M5:REAL
M5-E02-9004,49,12,M5:REAL
M5-E02-9004,50,10,M5:REAL
M5-E02-9004,51,12,M5:REAL
M5-E02-9004,52,10,M5:REAL
M5-E02-9004,53,12,M5:REAL
M5-E02-9004,54,10,M5:REAL
M5-E02-9004,55,12,M5:REAL
M5-E02-9004,56,10,M5:REAL
M5-E02-9004,57,12,M5:REAL
M5-E02-9004,58,10,M5:REAL
M5-E02-9004,59,12,M5:REAL
M5-E02-9004,60,10,M5:REAL
M5-E02-9004,61,12,M5:REAL
M5-E02-9004,62,10,M5:REAL
M5-E02-9004,63,12,M5:REAL
M5-E02-9004,64,10,M5:REAL
M5-E02-9004,65,12,M5:REAL
M5-E02-9004,66,10,M5:REAL
M5-E02-9004,67,12,M5:REAL
M5-E02-9004,68,10,M5:REAL
M5-E02-9004,69,12,M5:REAL
M5-E02-9004,70,10,M5:REAL
M5-E02-9004,71,12,M5:REAL
M5-E02-9004,72,10,M5:REAL
M5-E02-9004,73,12,M5:REAL
M5-E02-9004,74,10,M5:REAL
M5-E02-9004,75,12,M5:REAL
M5-E02-9004,76,10,M5:REAL
M5-E02-9004,77,12,M5:REAL
M5-E02-9004,78,10,M5:REAL
M5-E02-9004,79,12,M5:REAL
M5-E02-9004,80,10,M5:REAL
M5-E02-9004,81,12,M5:REAL
M5-E02-9004,82,10,M5:REAL
M5-E02-9004,83,12,M5:REAL
M5-E02-9004,84,10,M5:REAL
M5-E02-9004,85,12,M5:REAL
M5-E02-9004,86,10,M5:REAL
M5-E02-9004,87,12,M5:REAL
M5-E02-9004,88,10,M5:REAL
M5-E02-9004,89,12,M5:REAL
M5-E02-9004,90,10,M5:REAL
M5-E02-9004,91,12,M5:REAL
M5-E02-9004,92,10,M5:REAL
M5-E02-9004,93,12,M5:REAL
M5-E02-9004,94,10,M5:REAL
M5-E02-9004,95,12,M5:REAL
M5-E02-9004,96,10,M5:REAL
M5-E02-9004,97,12,M5:REAL
M5-E02-9004,98,10,M5:REAL
M5-E02-9004,99,12,M5:REAL
M4-E05-9004,0,10,M4:REAL
M4-E05-9004,1,11,M4:REAL
M4-E05-9004,2,10,M4:REAL
M4-E05-9004,3,11,M4:REAL
M4-E05-9004,4,10,M4:REAL
M4-E05-9004,5,11,M4:REAL
M4-E05-9004,6,10,M4:REAL
M4-E05-9004,7,11,M4:REAL
M4-E05-9004,8,10,M4:REAL
M4-E05-9004,9,11,M4:REAL
M4-E05-9004,10,10,M4:REAL
M4-E05-9004,11,11,M4:REAL
M4-E05-9004,12,10,M4:REAL
M4-E05-9004,13,11,M4:REAL
M4-E05-9004,14,10,M4:REAL
M4-E05-9004,15,11,M4:REAL
M4-E05-9004,16,10,M4:REAL
M4-E05-9004,17,11,M4:REAL
M4-E05-9004,18,10,M4:REAL
M4-E05-9004,19,11,M4:REAL
M4-E05-9004,20,10,M4:REAL
M4-E05-9004,21,11,M4:REAL
M4-E05-9004,22,10,M4:REAL
M4-E05-9004,23,11,M4:REAL
M4-E05-9004,24,10,M4:REAL
M4-E05-9004,25,11,M4:REAL
M4-E05-9004,26,10,M4:REAL
M4-E05-9004,27,11,M4:REAL
M4-E05-9004,28,10,M4:REAL
M4-E05-9004,29,11,M4:REAL
M4-E05-9004,30,10,M4:REAL
M4-E05-9004,31,11,M4:REAL
M4-E05-9004,32,10,M4:REAL
M4-E05-9004,33,11,M4:REAL
M4-E05-9004,34,10,M4:REAL
M4-E05-9004,35,11,M4:REAL
M4-E05-9004,36,10,M4:REAL
M4-E05-9004,37,11,M4:REAL
M4-E05-9004,38,10,M4:REAL
M4-E05-9004,39,11,M4:REAL
M4-E05-9004,40,10,M4:REAL
M4-E05-9004,41,11,M4:REAL
M4-E05-9004,42,10,M4:REAL
M4-E05-9004,43,11,M4:REAL
M4-E05-9004,44,10,M4:REAL
M4-E05-9004,45,11,M4:REAL
M4-E05-9004,46,10,M4:REAL
M4-E05-9004,47,11,M4:REAL
M4-E05-9004,48,10,M4:REAL
M4-E05-9004,49,11,M4:REAL
M4-E05-9004,50,10,M4:REAL
M4-E05-9004,51,11,M4:REAL
M4-E05-9004,52,10,M4:REAL
M4-E05-9004,53,11,M4:REAL
M4-E05-9004,54,10,M4:REAL
M4-E05-9004,55,11,M4:REAL
M4-E05-9004,56,10,M4:REAL
M4-E05-9004,57,11,M4:REAL
M4-E05-9004,58,10,M4:REAL
M4-E05-9004,59,11,M4:REAL
M4-E05-9004,60,10,M4:REAL
M4-E05-9004,61,11,M4:REAL
M4-E05-9004,62,10,M4:REAL
M4-E05-9004,63,11,M4:REAL
M4-E05-9004,64,10,M4:REAL
M4-E05-9004,65,11,M4:REAL
M4-E05-9004,66,10,M4:REAL
M4-E05-9004,67,11,M4:REAL
M4-E05-9004,68,10,M4:REAL
M4-E05-9004,69,11,M4:REAL
M4-E05-9004,70,10,M4:REAL
M4-E05-9004,71,11,M4:REAL
M4-E05-9004,72,10,M4:REAL
M4-E05-9004,73,11,M4:REAL
M4-E05-9004,74,10,M4:REAL
M4-E05-9004,75,11,M4:REAL
M4-E05-9004,76,10,M4:REAL
M4-E05-9004,77,11,M4:REAL
M4-E05-9004,78,10,M4:REAL
M4-E05-9004,79,11,M4:REAL
M4-E05-9004,80,10,M4:REAL
M4-E05-9004,81,11,M4:REAL
M4-E05-9004,82,10,M4:REAL
M4-E05-9004,83,11,M4:REAL
M4-E05-9004,84,10,M4:REAL
M4-E05-9004,85,11,M4:REAL
M4-E05-9004,86,10,M4:REAL
M4-E05-9004,87,11,M4:REAL
M4-E05-9004,88,10,M4:REAL
M4-E05-9004,89,11,M4:REAL
M4-E05-9004,90,10,M4:REAL
M4-E05-9004,91,11,M4:REAL
M4-E05-9004,92,10,M4:REAL
M4-E05-9004,93,11,M4:REAL
M4-E05-9004,94,10,M4:REAL
M4-E05-9004,95,11,M4:REAL
M4-E05-9004,96,10,M4:REAL
M4-E05-9004,97,11,M4:REAL
M4-E05-9004,98,10,M4:REAL
M4-E05-9004,99,11,M4:REAL
M1-E04-9004,0,17,M1:REAL
M1-E04-9004,1,17,M1:REAL
M1-E04-9004,2,17,M1:REAL
M1-E04-9004,3,17,M1:REAL
M1-E04-9004,4,17,M1:REAL
M1-E04-9004,5,17,M1:REAL
M1-E04-9004,6,17,M1:REAL
M1-E04-9004,7,17,M1:REAL
M1-E04-9004,8,17,M1:REAL
M1-E04-9004,9,17,M1:REAL
M1-E04-9004,10,17,M1:REAL
M1-E04-9004,11,17,M1:REAL
M1-E04-9004,12,17,M1:REAL
M1-E04-9004,13,17,M1:REAL
M1-E04-9004,14,17,M1:REAL
M1-E04-9004,15,17,M1:REAL
M1-E04-9004,16,17,M1:REAL
M1-E04-9004,17,17,M1:REAL
M1-E04-9004,18,17,M1:REAL
M1-E04-9004,19,17,M1:REAL
M1-E04-9004,20,17,M1:REAL
M1-E04-9004,21,17,M1:REAL
M1-E04-9004,22,17,M1:REAL
M1-E04-9004,23,17,M1:REAL
M1-E04-9004,24,17,M1:REAL
M1-E04-9004,25,17,M1:REAL
M1-E04-9004,26,17,M1:REAL
M1-E04-9004,27,17,M1:REAL
M1-E04-9004,28,17,M1:REAL
M1-E04-9004,29,17,M1:REAL
M1-E04-9004,30,17,M1:REAL
M1-E04-9004,31,17,M1:REAL
M1-E04-9004,32,17,M1:REAL
M1-E04-9004,33,17,M1:REAL
M1-E04-9004,34,17,M1:REAL
M1-E04-9004,35,17,M1:REAL
M1-E04-9004,36,17,M1:REAL
M1-E04-9004,37,17,M1:REAL
M1-E04-9004,38,23,M1:REAL
M1-E04-9004,39,17,M1:REAL
M1-E04-9004,40,17,M1:REAL
M1-E04-9004,41,17,M1:REAL
M1-E04-9004,42,17,M1:REAL
M1-E04-9004,43,17,M1:REAL
M1-E04-9004,44,17,M1:REAL
M1-E04-9004,45,17,M1:REAL
M1-E04-9004,46,17,M1:REAL
M1-E04-9004,47,17,M1:REAL
M1-E04-9004,48,17,M1:REAL
M1-E04-9004,49,17,M1:REAL
M1-E04-9004,50,17,M1:REAL
M1-E04-9004,51,17,M1:REAL
M1-E04-9004,52,17,M1:REAL
M1-E04-9004,53,17,M1:REAL
M1-E04-9004,54,17,M1:REAL
M1-E04-9004,55,17,M1:REAL
M1-E04-9004,56,17,M1:REAL
M1-E04-9004,57,17,M1:REAL
M1-E04-9004,58,17,M1:REAL
M1-E04-9004,59,17,M1:REAL
M1-E04-9004,60,17,M1:REAL
M1-E04-9004,61,17,M1:REAL
M1-E04-9004,62,17,M1:REAL
M1-E04-9004,63,17,M1:REAL
M1-E04-9004,64,17,M1:REAL
M1-E04-9004,65,17,M1:REAL
M1-E04-9004,66,17,M1:REAL
M1-E04-9004,67,17,M1:REAL
M1-E04-9004,68,17,M1:REAL
M1-E04-9004,69,17,M1:REAL
M1-E04-9004,70,17,M1:REAL
M1-E04-9004,71,17,M1:REAL
M1-E04-9004,72,17,M1:REAL
M1-E04-9004,73,17,M1:REAL
M1-E04-9004,74,17,M1:REAL
M1-E04-9004,75,17,M1:REAL
M1-E04-9004,76,17,M1:REAL
M1-E04-9004,77,17,M1:REAL
M1-E04-9004,78,17,M1:REAL
M1-E04-9004,79,17,M1:REAL
M1-E04-9004,80,17,M1:REAL
M1-E04-9004,81,17,M1:REAL
M1-E04-9004,82,17,M1:REAL
M1-E04-9004,83,17,M1:REAL
M1-E04-9004,84,17,M1:REAL
M1-E04-9004,85,17,M1:REAL
M1-E04-9004,86,17,M1:REAL
M1-E04-9004,87,17,M1:REAL
M1-E04-9004,88,17,M1:REAL
M1-E04-9004,89,17,M1:REAL
M1-E04-9004,90,17,M1:REAL
M1-E04-9004,91,17,M1:REAL
M1-E04-9004,92,17,M1:REAL
M1-E04-9004,93,17,M1:REAL
M1-E04-9004,94,17,M1:REAL
M1-E04-9004,95,17,M1:REAL
M1-E04-9004,96,17,M1:REAL
M1-E04-9004,97,17,M1:REAL
M1-E04-9004,98,17,M1:REAL
M1-E04-9004,99,17,M1:REAL
M2-E05-9004,0,23,M2:REAL
M2-E05-9004,1,23,M2:REAL
M2-E05-9004,2,17,M2:REAL
M2-E05-9004,3,23,M2:REAL
M2-E05-9004,4,23,M2:REAL
M2-E05-9004,5,17,M2:REAL
M2-E05-9004,6,23,M2:REAL
M2-E05-9004,7,17,M2:REAL
M2-E05-9004,8,17,M2:REAL
M2-E05-9004,9,23,M2:REAL
M2-E05-9004,10,23,M2:REAL
M2-E05-9004,11,17,M2:REAL
M2-E05-9004,12,17,M2:REAL
M2-E05-9004,13,17,M2:REAL
M2-E05-9004,14,17,M2:REAL
M2-E05-9004,15,17,M2:REAL
M2-E05-9004,16,17,M2:REAL
M2-E05-9004,17,23,M2:REAL
M2-E05-9004,18,17,M2:REAL
M2-E05-9004,19,17,M2:REAL
M2-E05-9004,20,23,M2:REAL
M2-E05-9004,21,23,M2:REAL
M2-E05-9004,22,17,M2:REAL
M2-E05-9004,23,17,M2:REAL
M2-E05-9004,24,23,M2:REAL
M2-E05-9004,25,23,M2:REAL
M2-E05-9004,26,17,M2:REAL
M2-E05-9004,27,23,M2:REAL
M2-E05-9004,28,23,M2:REAL
M2-E05-9004,29,17,M2:REAL
M2-E05-9004,30,17,M2:REAL
M2-E05-9004,31,17,M2:REAL
M2-E05-9004,32,17,M2:REAL
M2-E05-9004,33,23,M2:REAL
M2-E05-9004,34,17,M2:REAL
M2-E05-9004,35,23,M2:REAL
M2-E05-9004,36,23,M2:REAL
M2-E05-9004,37,17,M2:REAL
M2-E05-9004,38,23,M2:REAL
M2-E05-9004,39,17,M2:REAL
M2-E05-9004,40,23,M2:REAL
M2-E05-9004,41,17,M2:REAL
M2-E05-9004,42,17,M2:REAL
M2-E05-9004,43,17,M2:REAL
M2-E05-9004,44,17,M2:REAL
M2-E05-9004,45,17,M2:REAL
M2-E05-9004,46,23,M2:REAL
M2-E05-9004,47,23,M2:REAL
M2-E05-9004,48,23,M2:REAL
M2-E05-9004,49,23,M2:REAL
M2-E05-9004,50,17,M2:REAL
M2-E05-9004,51,23,M2:REAL
M2-E05-9004,52,23,M2:REAL
M2-E05-9004,53,23,M2:REAL
M2-E05-9004,54,23,M2:REAL
M2-E05-9004,55,17,M2:REAL
M2-E05-9004,56,17,M2:REAL
M2-E05-9004,57,23,M2:REAL
M2-E05-9004,58,17,M2:REAL
M2-E05-9004,59,23,M2:REAL
M2-E05-9004,60,23,M2:REAL
M2-E05-9004,61,17,M2:REAL
M2-E05-9004,62,23,M2:REAL
M2-E05-9004,63,23,M2:REAL
M2-E05-9004,64,17,M2:REAL
M2-E05-9004,65,17,M2:REAL
M2-E05-9004,66,23,M2:REAL
M2-E05-9004,67,23,M2:REAL
M2-E05-9004,68,23,M2:REAL
M2-E05-9004,69,17,M2:REAL
M2-E05-9004,70,23,M2:REAL
M2-E05-9004,71,17,M2:REAL
M2-E05-9004,72,23,M2:REAL
M2-E05-9004,73,17,M2:REAL
M2-E05-9004,74,23,M2:REAL
M2-E05-9004,75,23,M2:REAL
M2-E05-9004,76,23,M2:REAL
M2-E05-9004,77,17,M2:REAL
M2-E05-9004,78,17,M2:REAL
M2-E05-9004,79,17,M2:REAL
M2-E05-9004,80,23,M2:REAL
M2-E05-9004,81,23,M2:REAL
M2-E05-9004,82,17,M2:REAL
M2-E05-9004,83,17,M2:REAL
M2-E05-9004,84,23,M2:REAL
M2-E05-9004,85,17,M2:REAL
M2-E05-9004,86,17,M2:REAL
M2-E05-9004,87,17,M2:REAL
M2-E05-9004,88,23,M2:REAL
M2-E05-9004,89,17,M2:REAL
M2-E05-9004,90,23,M2:REAL
M2-E05-9004,91,17,M2:REAL
M2-E05-9004,92,17,M2:REAL
M2-E05-9004,93,23,M2:REAL
M2-E05-9004,94,23,M2:REAL
M2-E05-9004,95,17,M2:REAL
M2-E05-9004,96,23,M2:REAL
M2-E05-9004,97,23,M2:REAL
M2-E05-9004,98,23,M2:REAL
M2-E05-9004,99,17,M2:REAL
M5-E03-9004,0,10,M5:REAL
M5-E03-9004,1,12,M5:REAL
M5-E03-9004,2,10,M5:REAL
M5-E03-9004,3,12,M5:REAL
M5-E03-9004,4,10,M5:REAL
M5-E03-9004,5,12,M5:REAL
M5-E03-9004,6,10,M5:REAL
M5-E03-9004,7,12,M5:REAL
M5-E03-9004,8,10,M5:REAL
M5-E03-9004,9,12,M5:REAL
M5-E03-9004,10,10,M5:REAL
M5-E03-9004,11,12,M5:REAL
M5-E03-9004,12,10,M5:REAL
M5-E03-9004,13,12,M5:REAL
M5-E03-9004,14,10,M5:REAL
M5-E03-9004,15,12,M5:REAL
M5-E03-9004,16,10,M5:REAL
M5-E03-9004,17,12,M5:REAL
M5-E03-9004,18,10,M5:REAL
M5-E03-9004,19,12,M5:REAL
M5-E03-9004,20,10,M5:REAL
M5-E03-9004,21,12,M5:REAL
M5-E03-9004,22,10,M5:REAL
M5-E03-9004,23,12,M5:REAL
M5-E03-9004,24,10,M5:REAL
M5-E03-9004,25,12,M5:REAL
M5-E03-9004,26,10,M5:REAL
M5-E03-9004,27,12,M5:REAL
M5-E03-9004,28,10,M5:REAL
M5-E03-9004,29,12,M5:REAL
M5-E03-9004,30,10,M5:REAL
M5-E03-9004,31,12,M5:REAL
M5-E03-9004,32,10,M5:REAL
M5-E03-9004,33,12,M5:REAL
M5-E03-9004,34,10,M5:REAL
M5-E03-9004,35,12,M5:REAL
M5-E03-9004,36,10,M5:REAL
M5-E03-9004,37,12,M5:REAL
M5-E03-9004,38,10,M5:REAL
M5-E03-9004,39,12,M5:REAL
M5-E03-9004,40,10,M5:REAL
M5-E03-9004,41,12,M5:REAL
M5-E03-9004,42,10,M5:REAL
M5-E03-9004,43,12,M5:REAL
M5-E03-9004,44,10,M5:REAL
M5-E03-9004,45,12,M5:REAL
M5-E03-9004,46,10,M5:REAL
M5-E03-9004,47,12,M5:REAL
M5-E03-9004,48,10,M5:REAL
M5-E03-9004,49,12,M5:REAL
M5-E03-9004,50,10,M5:REAL
M5-E03-9004,51,12,M5:REAL
M5-E03-9004,52,10,M5:REAL
M5-E03-9004,53,12,M5:REAL
M5-E03-9004,54,10,M5:REAL
M5-E03-9004,55,12,M5:REAL
M5-E03-9004,56,10,M5:REAL
M5-E03-9004,57,12,M5:REAL
M5-E03-9004,58,10,M5:REAL
M5-E03-9004,59,12,M5:REAL
M5-E03-9004,60,10,M5:REAL
M5-E03-9004,61,12,M5:REAL
M5-E03-9004,62,10,M5:REAL
M5-E03-9004,63,12,M5:REAL
M5-E03-9004,64,10,M5:REAL
M5-E03-9004,65,12,M5:REAL
M5-E03-9004,66,10,M5:REAL
M5-E03-9004,67,12,M5:REAL
M5-E03-9004,68,10,M5:REAL
M5-E03-9004,69,12,M5:REAL
M5-E03-9004,70,10,M5:REAL
M5-E03-9004,71,12,M5:REAL
M5-E03-9004,72,10,M5:REAL
M5-E03-9004,73,12,M5:REAL
M5-E03-9004,74,10,M5:REAL
M5-E03-9004,75,12,M5:REAL
M5-E03-9004,76,10,M5:REAL
M5-E03-9004,77,12,M5:REAL
M5-E03-9004,78,10,M5:REAL
M5-E03-9004,79,12,M5:REAL
M5-E03-9004,80,10,M5:REAL
M5-E03-9004,81,12,M5:REAL
M5-E03-9004,82,10,M5:REAL
M5-E03-9004,83,12,M5:REAL
M5-E03-9004,84,10,M5:REAL
M5-E03-9004,85,12,M5:REAL
M5-E03-9004,86,10,M5:REAL
M5-E03-9004,87,12,M5:REAL
M5-E03-9004,88,10,M5:REAL
M5-E03-9004,89,12,M5:REAL
M5-E03-9004,90,10,M5:REAL
M5-E03-9004,91,12,M5:REAL
M5-E03-9004,92,10,M5:REAL
M5-E03-9004,93,12,M5:REAL
M5-E03-9004,94,10,M5:REAL
M5-E03-9004,95,12,M5:REAL
M5-E03-9004,96,10,M5:REAL
M5-E03-9004,97,12,M5:REAL
M5-E03-9004,98,10,M5:REAL
M5-E03-9004,99,12,M5:REAL
M6-E04-9004,0,30,M6:REAL
M6-E04-9004,1,30,M6:REAL
M6-E04-9004,2,30,M6:REAL
M6-E04-9004,3,30,M6:REAL
M6-E04-9004,4,30,M6:REAL
M6-E04-9004,5,30,M6:REAL
M6-E04-9004,6,30,M6:REAL
M6-E04-9004,7,30,M6:REAL
M6-E04-9004,8,30,M6:REAL
M6-E04-9004,9,30,M6:REAL
M6-E04-9004,10,30,M6:REAL
M6-E04-9004,11,30,M6:REAL
M6-E04-9004,12,30,M6:REAL
M6-E04-9004,13,30,M6:REAL
M6-E04-9004,14,30,M6:REAL
M6-E04-9004,15,30,M6:REAL
M6-E04-9004,16,30,M6:REAL
M6-E04-9004,17,30,M6:REAL
M6-E04-9004,18,30,M6:REAL
M6-E04-9004,19,30,M6:REAL
M6-E04-9004,20,30,M6:REAL
M6-E04-9004,21,30,M6:REAL
M6-E04-9004,22,30,M6:REAL
M6-E04-9004,23,30,M6:REAL
M6-E04-9004,24,30,M6:REAL
M6-E04-9004,25,30,M6:REAL
M6-E04-9004,26,30,M6:REAL
M6-E04-9004,27,30,M6:REAL
M6-E04-9004,28,30,M6:REAL
M6-E04-9004,29,30,M6:REAL
M6-E04-9004,30,30,M6:REAL
M6-E04-9004,31,30,M6:REAL
M6-E04-9004,32,30,M6:REAL
M6-E04-9004,33,30,M6:REAL
M6-E04-9004,34,30,M6:REAL
M6-E04-9004,35,30,M6:REAL
M6-E04-9004,36,30,M6:REAL
M6-E04-9004,37,30,M6:REAL
M6-E04-9004,38,30,M6:REAL
M6-E04-9004,39,30,M6:REAL
M6-E04-9004,40,30,M6:REAL
M6-E04-9004,41,30,M6:REAL
M6-E04-9004,42,30,M6:REAL
M6-E04-9004,43,30,M6:REAL
M6-E04-9004,44,30,M6:REAL
M6-E04-9004,45,30,M6:REAL
M6-E04-9004,46,30,M6:REAL
M6-E04-9004,47,30,M6:REAL
M6-E04-9004,48,30,M6:REAL
M6-E04-9004,49,30,M6:REAL
M6-E04-9004,50,30,M6:REAL
M6-E04-9004,51,30,M6:REAL
M6-E04-9004,52,30,M6:REAL
M6-E04-9004,53,30,M6:REAL
M6-E04-9004,54,30,M6:REAL
M6-E04-9004,55,30,M6:REAL
M6-E04-9004,56,30,M6:REAL
M6-E04-9004,57,30,M6:REAL
M6-E04-9004,58,30,M6:REAL
M6-E04-9004,59,30,M6:REAL
M6-E04-9004,60,30,M6:REAL
M6-E04-9004,61,30,M6:REAL
M6-E04-9004,62,30,M6:REAL
M6-E04-9004,63,30,M6:REAL
M6-E04-9004,64,30,M6:REAL
M6-E04-9004,65,30,M6:REAL
M6-E04-9004,66,30,M6:REAL
M6-E04-9004,67,30,M6:REAL
M6-E04-9004,68,30,M6:REAL
M6-E04-9004,69,30,M6:REAL
M6-E04-9004,70,30,M6:REAL
M6-E04-9004,71,30,M6:REAL
M6-E04-9004,72,30,M6:REAL
M6-E04-9004,73,30,M6:REAL
M6-E04-9004,74,30,M6:REAL
M6-E04-9004,75,30,M6:REAL
M6-E04-9004,76,30,M6:REAL
M6-E04-9004,77,30,M6:REAL
M6-E04-9004,78,30,M6:REAL
M6-E04-9004,79,30,M6:REAL
M6-E04-9004,80,30,M6:REAL
M6-E04-9004,81,30,M6:REAL
M6-E04-9004,82,30,M6:REAL
M6-E04-9004,83,30,M6:REAL
M6-E04-9004,84,30,M6:REAL
M6-E04-9004,85,30,M6:REAL
M6-E04-9004,86,30,M6:REAL
M6-E04-9004,87,30,M6:REAL
M6-E04-9004,88,30,M6:REAL
M6-E04-9004,89,30,M6:REAL
M6-E04-9004,90,30,M6:REAL
M6-E04-9004,91,30,M6:REAL
M6-E04-9004,92,30,M6:REAL
M6-E04-9004,93,30,M6:REAL
M6-E04-9004,94,30,M6:REAL
M6-E04-9004,95,30,M6:REAL
M6-E04-9004,96,30,M6:REAL
M6-E04-9004,97,30,M6:REAL
M6-E04-9004,98,30,M6:REAL
M6-E04-9004,99,30,M6:REAL
M1-E00-9004,0,17,M1:REAL
M1-E00-9004,1,17,M1:REAL
M1-E00-9004,2,17,M1:REAL
M1-E00-9004,3,17,M1:REAL
M1-E00-9004,4,17,M1:REAL
M1-E00-9004,5,17,M1:REAL
M1-E00-9004,6,17,M1:REAL
M1-E00-9004,7,17,M1:REAL
M1-E00-9004,8,17,M1:REAL
M1-E00-9004,9,17,M1:REAL
M1-E00-9004,10,17,M1:REAL
M1-E00-9004,11,17,M1:REAL
M1-E00-9004,12,17,M1:REAL
M1-E00-9004,13,17,M1:REAL
M1-E00-9004,14,17,M1:REAL
M1-E00-9004,15,17,M1:REAL
M1-E00-9004,16,17,M1:REAL
M1-E00-9004,17,17,M1:REAL
M1-E00-9004,18,17,M1:REAL
M1-E00-9004,19,17,M1:REAL
M1-E00-9004,20,17,M1:REAL
M1-E00-9004,21,17,M1:REAL
M1-E00-9004,22,17,M1:REAL
M1-E00-9004,23,17,M1:REAL
M1-E00-9004,24,17,M1:REAL
M1-E00-9004,25,17,M1:REAL
M1-E00-9004,26,17,M1:REAL
M1-E00-9004,27,17,M1:REAL
M1-E00-9004,28,17,M1:REAL
M1-E00-9004,29,17,M1:REAL
M1-E00-9004,30,17,M1:REAL
M1-E00-9004,31,17,M1:REAL
M1-E00-9004,32,17,M1:REAL
M1-E00-9004,33,17,M1:REAL
M1-E00-9004,34,17,M1:REAL
M1-E00-9004,35,17,M1:REAL
M1-E00-9004,36,17,M1:REAL
M1-E00-9004,37,17,M1:REAL
M1-E00-9004,38,17,M1:REAL
M1-E00-9004,39,17,M1:REAL
M1-E00-9004,40,17,M1:REAL
M1-E00-9004,41,17,M1:REAL
M1-E00-9004,42,17,M1:REAL
M1-E00-9004,43,17,M1:REAL
M1-E00-9004,44,17,M1:REAL
M1-E00-9004,45,17,M1:REAL
M1-E00-9004,46,17,M1:REAL
M1-E00-9004,47,17,M1:REAL
M1-E00-9004,48,17,M1:REAL
M1-E00-9004,49,17,M1:REAL
M1-E00-9004,50,17,M1:REAL
M1-E00-9004,51,17,M1:REAL
M1-E00-9004,52,17,M1:REAL
M1-E00-9004,53,17,M1:REAL
M1-E00-9004,54,17,M1:REAL
M1-E00-9004,55,17,M1:REAL
M1-E00-9004,56,17,M1:REAL
M1-E00-9004,57,17,M1:REAL
M1-E00-9004,58,23,M1:REAL
M1-E00-9004,59,17,M1:REAL
M1-E00-9004,60,17,M1:REAL
M1-E00-9004,61,17,M1:REAL
M1-E00-9004,62,17,M1:REAL
M1-E00-9004,63,17,M1:REAL
M1-E00-9004,64,17,M1:REAL
M1-E00-9004,65,17,M1:REAL
M1-E00-9004,66,17,M1:REAL
M1-E00-9004,67,17,M1:REAL
M1-E00-9004,68,17,M1:REAL
M1-E00-9004,69,17,M1:REAL
M1-E00-9004,70,17,M1:REAL
M1-E00-9004,71,17,M1:REAL
M1-E00-9004,72,17,M1:REAL
M1-E00-9004,73,17,M1:REAL
M1-E00-9004,74,17,M1:REAL
M1-E00-9004,75,17,M1:REAL
M1-E00-9004,76,17,M1:REAL
M1-E00-9004,77,17,M1:REAL
M1-E00-9004,78,17,M1:REAL
M1-E00-9004,79,17,M1:REAL
M1-E00-9004,80,17,M1:REAL
M1-E00-9004,81,17,M1:REAL
M1-E00-9004,82,17,M1:REAL
M1-E00-9004,83,17,M1:REAL
M1-E00-9004,84,17,M1:REAL
M1-E00-9004,85,17,M1:REAL
M1-E00-9004,86,17,M1:REAL
M1-E00-9004,87,17,M1:REAL
M1-E00-9004,88,17,M1:REAL
M1-E00-9004,89,17,M1:REAL
M1-E00-9004,90,17,M1:REAL
M1-E00-9004,91,17,M1:REAL
M1-E00-9004,92,17,M1:REAL
M1-E00-9004,93,17,M1:REAL
M1-E00-9004,94,17,M1:REAL
M1-E00-9004,95,17,M1:REAL
M1-E00-9004,96,17,M1:REAL
M1-E00-9004,97,17,M1:REAL
M1-E00-9004,98,17,M1:REAL
M1-E00-9004,99,17,M1:REAL
PIR_REAL_50-E03-9004,0,17,PIR_REAL_50:REAL
PIR_REAL_50-E03-9004,1,17,PIR_REAL_50:REAL
PIR_REAL_50-E03-9004,2,1016,PIR_REAL_50:DUMMY
PIR_REAL_50-E03-9004,3,1048,PIR_REAL_50:DUMMY
PIR_REAL_50-E03-9004,4,1020,PIR_REAL_50:DUMMY
PIR_REAL_50-E03-9004,5,1005,PIR_REAL_50:DUMMY
PIR_REAL_50-E03-9004,6,1061,PIR_REAL_50:DUMMY
PIR_REAL_50-E03-9004,7,1015,PIR_REAL_50:DUMMY
PIR_REAL_50-E03-9004,8,1061,PIR_REAL_50:DUMMY
PIR_REAL_50-E03-9004,9,17,PIR_REAL_50:REAL
PIR_REAL_50-E03-9004,10,1042,PIR_REAL_50:DUMMY
PIR_REAL_50-E03-9004,11,1044,PIR_REAL_50:DUMMY
PIR_REAL_50-E03-9004,12,1051,PIR_REAL_50:DUMMY
PIR_REAL_50-E03-9004,13,1053,PIR_REAL_50:DUMMY
PIR_REAL_50-E03-9004,14,17,PIR_REAL_50:REAL
PIR_REAL_50-E03-9004,15,17,PIR_REAL_50:REAL
PIR_REAL_50-E03-9004,16,17,PIR_REAL_50:REAL
PIR_REAL_50-E03-9004,17,1052,PIR_REAL_50:DUMMY
PIR_REAL_50-E03-9004,18,1012,PIR_REAL_50:DUMMY
PIR_REAL_50-E03-9004,19,17,PIR_REAL_50:REAL
PIR_REAL_50-E03-9004,20,17,PIR_REAL_50:REAL
PIR_REAL_50-E03-9004,21,17,PIR_REAL_50:REAL
PIR_REAL_50-E03-9004,22,17,PIR_REAL_50:REAL
PIR_REAL_50-E03-9004,23,17,PIR_REAL_50:REAL
PIR_REAL_50-E03-9004,24,17,PIR_REAL_50:REAL
PIR_REAL_50-E03-9004,25,1037,PIR_REAL_50:DUMMY
PIR_REAL_50-E03-9004,26,17,PIR_REAL_50:REAL
PIR_REAL_50-E03-9004,27,1010,PIR_REAL_50:DUMMY
PIR_REAL_50-E03-9004,28,1056,PIR_REAL_50:DUMMY
PIR_REAL_50-E03-9004,29,17,PIR_REAL_50:REAL
PIR_REAL_50-E03-9004,30,17,PIR_REAL_50:REAL
PIR_REAL_50-E03-9004,31,1021,PIR_REAL_50:DUMMY
PIR_REAL_50-E03-9004,32,17,PIR_REAL_50:REAL
PIR_REAL_50-E03-9004,33,1004,PIR_REAL_50:DUMMY
PIR_REAL_50-E03-9004,34,17,PIR_REAL_50:REAL
PIR_REAL_50-E03-9004,35,1053,PIR_REAL_50:DUMMY
PIR_REAL_50-E03-9004,36,17,PIR_REAL_50:REAL
PIR_REAL_50-E03-9004,37,17,PIR_REAL_50:REAL
PIR_REAL_50-E03-9004,38,1051,PIR_REAL_50:DUMMY
PIR_REAL_50-E03-9004,39,1006,PIR_REAL_50:DUMMY
PIR_REAL_50-E03-9004,40,1043,PIR_REAL_50:DUMMY
PIR_REAL_50-E03-9004,41,1048,PIR_REAL_50:DUMMY
PIR_REAL_50-E03-9004,42,1060,PIR_REAL_50:DUMMY
PIR_REAL_50-E03-9004,43,17,PIR_REAL_50:REAL
PIR_REAL_50-E03-9004,44,1063,PIR_REAL_50:DUMMY
PIR_REAL_50-E03-9004,45,17,PIR_REAL_50:REAL
PIR_REAL_50-E03-9004,46,17,PIR_REAL_50:REAL
PIR_REAL_50-E03-9004,47,1058,PIR_REAL_50:DUMMY
PIR_REAL_50-E03-9004,48,17,PIR_REAL_50:REAL
PIR_REAL_50-E03-9004,49,1042,PIR_REAL_50:DUMMY
PIR_REAL_50-E03-9004,50,17,PIR_REAL_50:REAL
PIR_REAL_50-E03-9004,51,1060,PIR_REAL_50:DUMMY
PIR_REAL_50-E03-9004,52,1029,PIR_REAL_50:DUMMY
PIR_REAL_50-E03-9004,53,17,PIR_REAL_50:REAL
PIR_REAL_50-E03-9004,54,17,PIR_REAL_50:REAL
PIR_REAL_50-E03-9004,55,17,PIR_REAL_50:REAL
PIR_REAL_50-E03-9004,56,1060,PIR_REAL_50:DUMMY
PIR_REAL_50-E03-9004,57,17,PIR_REAL_50:REAL
PIR_REAL_50-E03-9004,58,17,PIR_REAL_50:REAL
PIR_REAL_50-E03-9004,59,1017,PIR_REAL_50:DUMMY
PIR_REAL_50-E03-9004,60,1058,PIR_REAL_50:DUMMY
PIR_REAL_50-E03-9004,61,17,PIR_REAL_50:REAL
PIR_REAL_50-E03-9004,62,1034,PIR_REAL_50:DUMMY
PIR_REAL_50-E03-9004,63,1051,PIR_REAL_50:DUMMY
PIR_REAL_50-E03-9004,64,1033,PIR_REAL_50:DUMMY
PIR_REAL_50-E03-9004,65,1022,PIR_REAL_50:DUMMY
PIR_REAL_50-E03-9004,66,1005,PIR_REAL_50:DUMMY
PIR_REAL_50-E03-9004,67,17,PIR_REAL_50:REAL
PIR_REAL_50-E03-9004,68,1009,PIR_REAL_50:DUMMY
PIR_REAL_50-E03-9004,69,1032,PIR_REAL_50:DUMMY
PIR_REAL_50-E03-9004,70,17,PIR_REAL_50:REAL
PIR_REAL_50-E03-9004,71,17,PIR_REAL_50:REAL
PIR_REAL_50-E03-9004,72,17,PIR_REAL_50:REAL
PIR_REAL_50-E03-9004,73,1003,PIR_REAL_50:DUMMY
PIR_REAL_50-E03-9004,74,17,PIR_REAL_50:REAL
PIR_REAL_50-E03-9004,75,17,PIR_REAL_50:REAL
PIR_REAL_50-E03-9004,76,1020,PIR_REAL_50:DUMMY
PIR_REAL_50-E03-9004,77,1003,PIR_REAL_50:DUMMY
PIR_REAL_50-E03-9004,78,1050,PIR_REAL_50:DUMMY
PIR_REAL_50-E03-9004,79,17,PIR_REAL_50:REAL
PIR_REAL_50-E03-9004,80,17,PIR_REAL_50:REAL
PIR_REAL_50-E03-9004,81,17,PIR_REAL_50:REAL
PIR_REAL_50-E03-9004,82,1014,PIR_REAL_50:DUMMY
PIR_REAL_50-E03-9004,83,17,PIR_REAL_50:REAL
PIR_REAL_50-E03-9004,84,1045,PIR_REAL_50:DUMMY
PIR_REAL_50-E03-9004,85,17,PIR_REAL_50:REAL
PIR_REAL_50-E03-9004,86,1052,PIR_REAL_50:DUMMY
PIR_REAL_50-E03-9004,87,17,PIR_REAL_50:REAL
PIR_REAL_50-E03-9004,88,1021,PIR_REAL_50:DUMMY
PIR_REAL_50-E03-9004,89,1023,PIR_REAL_50:DUMMY
PIR_REAL_50-E03-9004,90,17,PIR_REAL_50:REAL
PIR_REAL_50-E03-9004,91,17,PIR_REAL_50:REAL
PIR_REAL_50-E03-9004,92,17,PIR_REAL_50:REAL
PIR_REAL_50-E03-9004,93,17,PIR_REAL_50:REAL
PIR_REAL_50-E03-9004,94,17,PIR_REAL_50:REAL
PIR_REAL_50-E03-9004,95,17,PIR_REAL_50:REAL
PIR_REAL_50-E03-9004,96,17,PIR_REAL_50:REAL
PIR_REAL_50-E03-9004,97,17,PIR_REAL_50:REAL
PIR_REAL_50-E03-9004,98,1052,PIR_REAL_50:DUMMY
PIR_REAL_50-E03-9004,99,1019,PIR_REAL_50:DUMMY
M0-E03-9004,0,17,M0:REAL
M0-E03-9004,1,17,M0:REAL
M0-E03-9004,2,17,M0:REAL
M0-E03-9004,3,17,M0:REAL
M0-E03-9004,4,17,M0:REAL
M0-E03-9004,5,17,M0:REAL
M0-E03-9004,6,17,M0:REAL
M0-E03-9004,7,17,M0:REAL
M0-E03-9004,8,17,M0:REAL
M0-E03-9004,9,17,M0:REAL
M0-E03-9004,10,17,M0:REAL
M0-E03-9004,11,17,M0:REAL
M0-E03-9004,12,17,M0:REAL
M0-E03-9004,13,17,M0:REAL
M0-E03-9004,14,17,M0:REAL
M0-E03-9004,15,17,M0:REAL
M0-E03-9004,16,17,M0:REAL
M0-E03-9004,17,17,M0:REAL
M0-E03-9004,18,17,M0:REAL
M0-E03-9004,19,17,M0:REAL
M0-E03-9004,20,17,M0:REAL
M0-E03-9004,21,17,M0:REAL
M0-E03-9004,22,17,M0:REAL
M0-E03-9004,23,17,M0:REAL
M0-E03-9004,24,17,M0:REAL
M0-E03-9004,25,17,M0:REAL
M0-E03-9004,26,17,M0:REAL
M0-E03-9004,27,17,M0:REAL
M0-E03-9004,28,17,M0:REAL
M0-E03-9004,29,17,M0:REAL
M0-E03-9004,30,17,M0:REAL
M0-E03-9004,31,17,M0:REAL
M0-E03-9004,32,17,M0:REAL
M0-E03-9004,33,17,M0:REAL
M0-E03-9004,34,17,M0:REAL
M0-E03-9004,35,17,M0:REAL
M0-E03-9004,36,17,M0:REAL
M0-E03-9004,37,17,M0:REAL
M0-E03-9004,38,17,M0:REAL
M0-E03-9004,39,17,M0:REAL
M0-E03-9004,40,17,M0:REAL
M0-E03-9004,41,17,M0:REAL
M0-E03-9004,42,17,M0:REAL
M0-E03-9004,43,17,M0:REAL
M0-E03-9004,44,17,M0:REAL
M0-E03-9004,45,17,M0:REAL
M0-E03-9004,46,17,M0:REAL
M0-E03-9004,47,17,M0:REAL
M0-E03-9004,48,17,M0:REAL
M0-E03-9004,49,17,M0:REAL
M0-E03-9004,50,17,M0:REAL
M0-E03-9004,51,17,M0:REAL
M0-E03-9004,52,17,M0:REAL
M0-E03-9004,53,17,M0:REAL
M0-E03-9004,54,17,M0:REAL
M0-E03-9004,55,17,M0:REAL
M0-E03-9004,56,17,M0:REAL
M0-E03-9004,57,17,M0:REAL
M0-E03-9004,58,17,M0:REAL
M0-E03-9004,59,17,M0:REAL
M0-E03-9004,60,17,M0:REAL
M0-E03-9004,61,17,M0:REAL
M0-E03-9004,62,17,M0:REAL
M0-E03-9004,63,17,M0:REAL
M0-E03-9004,64,17,M0:REAL
M0-E03-9004,65,17,M0:REAL
M0-E03-9004,66,17,M0:REAL
M0-E03-9004,67,17,M0:REAL
M0-E03-9004,68,17,M0:REAL
M0-E03-9004,69,17,M0:REAL
M0-E03-9004,70,17,M0:REAL
M0-E03-9004,71,17,M0:REAL
M0-E03-9004,72,17,M0:REAL
M0-E03-9004,73,17,M0:REAL
M0-E03-9004,74,17,M0:REAL
M0-E03-9004,75,17,M0:REAL
M0-E03-9004,76,17,M0:REAL
M0-E03-9004,77,17,M0:REAL
M0-E03-9004,78,17,M0:REAL
M0-E03-9004,79,17,M0:REAL
M0-E03-9004,80,17,M0:REAL
M0-E03-9004,81,17,M0:REAL
M0-E03-9004,82,17,M0:REAL
M0-E03-9004,83,17,M0:REAL
M0-E03-9004,84,17,M0:REAL
M0-E03-9004,85,17,M0:REAL
M0-E03-9004,86,17,M0:REAL
M0-E03-9004,87,17,M0:REAL
M0-E03-9004,88,17,M0:REAL
M0-E03-9004,89,17,M0:REAL
M0-E03-9004,90,17,M0:REAL
M0-E03-9004,91,17,M0:REAL
M0-E03-9004,92,17,M0:REAL
M0-E03-9004,93,17,M0:REAL
M0-E03-9004,94,17,M0:REAL
M0-E03-9004,95,17,M0:REAL
M0-E03-9004,96,17,M0:REAL
M0-E03-9004,97,17,M0:REAL
M0-E03-9004,98,17,M0:REAL
M0-E03-9004,99,17,M0:REAL
M0-E02-9004,0,17,M0:REAL
M0-E02-9004,1,17,M0:REAL
M0-E02-9004,2,17,M0:REAL
M0-E02-9004,3,17,M0:REAL
M0-E02-9004,4,17,M0:REAL
M0-E02-9004,5,17,M0:REAL
M0-E02-9004,6,17,M0:REAL
M0-E02-9004,7,17,M0:REAL
M0-E02-9004,8,17,M0:REAL
M0-E02-9004,9,17,M0:REAL
M0-E02-9004,10,17,M0:REAL
M0-E02-9004,11,17,M0:REAL
M0-E02-9004,12,17,M0:REAL
M0-E02-9004,13,17,M0:REAL
M0-E02-9004,14,17,M0:REAL
M0-E02-9004,15,17,M0:REAL
M0-E02-9004,16,17,M0:REAL
M0-E02-9004,17,17,M0:REAL
M0-E02-9004,18,17,M0:REAL
M0-E02-9004,19,17,M0:REAL
M0-E02-9004,20,17,M0:REAL
M0-E02-9004,21,17,M0:REAL
M0-E02-9004,22,17,M0:REAL
M0-E02-9004,23,17,M0:REAL
M0-E02-9004,24,17,M0:REAL
M0-E02-9004,25,17,M0:REAL
M0-E02-9004,26,17,M0:REAL
M0-E02-9004,27,17,M0:REAL
M0-E02-9004,28,17,M0:REAL
M0-E02-9004,29,17,M0:REAL
M0-E02-9004,30,17,M0:REAL
M0-E02-9004,31,17,M0:REAL
M0-E02-9004,32,17,M0:REAL
M0-E02-9004,33,17,M0:REAL
M0-E02-9004,34,17,M0:REAL
M0-E02-9004,35,17,M0:REAL
M0-E02-9004,36,17,M0:REAL
M0-E02-9004,37,17,M0:REAL
M0-E02-9004,38,17,M0:REAL
M0-E02-9004,39,17,M0:REAL
M0-E02-9004,40,17,M0:REAL
M0-E02-9004,41,17,M0:REAL
M0-E02-9004,42,17,M0:REAL
M0-E02-9004,43,17,M0:REAL
M0-E02-9004,44,17,M0:REAL
M0-E02-9004,45,17,M0:REAL
M0-E02-9004,46,17,M0:REAL
M0-E02-9004,47,17,M0:REAL
M0-E02-9004,48,17,M0:REAL
M0-E02-9004,49,17,M0:REAL
M0-E02-9004,50,17,M0:REAL
M0-E02-9004,51,17,M0:REAL
M0-E02-9004,52,17,M0:REAL
M0-E02-9004,53,17,M0:REAL
M0-E02-9004,54,17,M0:REAL
M0-E02-9004,55,17,M0:REAL
M0-E02-9004,56,17,M0:REAL
M0-E02-9004,57,17,M0:REAL
M0-E02-9004,58,17,M0:REAL
M0-E02-9004,59,17,M0:REAL
M0-E02-9004,60,17,M0:REAL
M0-E02-9004,61,17,M0:REAL
M0-E02-9004,62,17,M0:REAL
M0-E02-9004,63,17,M0:REAL
M0-E02-9004,64,17,M0:REAL
M0-E02-9004,65,17,M0:REAL
M0-E02-9004,66,17,M0:REAL
M0-E02-9004,67,17,M0:REAL
M0-E02-9004,68,17,M0:REAL
M0-E02-9004,69,17,M0:REAL
M0-E02-9004,70,17,M0:REAL
M0-E02-9004,71,17,M0:REAL
M0-E02-9004,72,17,M0:REAL
M0-E02-9004,73,17,M0:REAL
M0-E02-9004,74,17,M0:REAL
M0-E02-9004,75,17,M0:REAL
M0-E02-9004,76,17,M0:REAL
M0-E02-9004,77,17,M0:REAL
M0-E02-9004,78,17,M0:REAL
M0-E02-9004,79,17,M0:REAL
M0-E02-9004,80,17,M0:REAL
M0-E02-9004,81,17,M0:REAL
M0-E02-9004,82,17,M0:REAL
M0-E02-9004,83,17,M0:REAL
M0-E02-9004,84,17,M0:REAL
M0-E02-9004,85,17,M0:REAL
M0-E02-9004,86,17,M0:REAL
M0-E02-9004,87,17,M0:REAL
M0-E02-9004,88,17,M0:REAL
M0-E02-9004,89,17,M0:REAL
M0-E02-9004,90,17,M0:REAL
M0-E02-9004,91,17,M0:REAL
M0-E02-9004,92,17,M0:REAL
M0-E02-9004,93,17,M0:REAL
M0-E02-9004,94,17,M0:REAL
M0-E02-9004,95,17,M0:REAL
M0-E02-9004,96,17,M0:REAL
M0-E02-9004,97,17,M0:REAL
M0-E02-9004,98,17,M0:REAL
M0-E02-9004,99,17,M0:REAL
PIR_REAL_100-E04-9004,0,17,PIR_REAL_100:REAL
PIR_REAL_100-E04-9004,1,17,PIR_REAL_100:REAL
PIR_REAL_100-E04-9004,2,17,PIR_REAL_100:REAL
PIR_REAL_100-E04-9004,3,17,PIR_REAL_100:REAL
PIR_REAL_100-E04-9004,4,17,PIR_REAL_100:REAL
PIR_REAL_100-E04-9004,5,17,PIR_REAL_100:REAL
PIR_REAL_100-E04-9004,6,17,PIR_REAL_100:REAL
PIR_REAL_100-E04-9004,7,17,PIR_REAL_100:REAL
PIR_REAL_100-E04-9004,8,17,PIR_REAL_100:REAL
PIR_REAL_100-E04-9004,9,17,PIR_REAL_100:REAL
PIR_REAL_100-E04-9004,10,17,PIR_REAL_100:REAL
PIR_REAL_100-E04-9004,11,17,PIR_REAL_100:REAL
PIR_REAL_100-E04-9004,12,17,PIR_REAL_100:REAL
PIR_REAL_100-E04-9004,13,17,PIR_REAL_100:REAL
PIR_REAL_100-E04-9004,14,17,PIR_REAL_100:REAL
PIR_REAL_100-E04-9004,15,17,PIR_REAL_100:REAL
PIR_REAL_100-E04-9004,16,17,PIR_REAL_100:REAL
PIR_REAL_100-E04-9004,17,17,PIR_REAL_100:REAL
PIR_REAL_100-E04-9004,18,17,PIR_REAL_100:REAL
PIR_REAL_100-E04-9004,19,17,PIR_REAL_100:REAL
PIR_REAL_100-E04-9004,20,17,PIR_REAL_100:REAL
PIR_REAL_100-E04-9004,21,17,PIR_REAL_100:REAL
PIR_REAL_100-E04-9004,22,17,PIR_REAL_100:REAL
PIR_REAL_100-E04-9004,23,17,PIR_REAL_100:REAL
PIR_REAL_100-E04-9004,24,17,PIR_REAL_100:REAL
PIR_REAL_100-E04-9004,25,17,PIR_REAL_100:REAL
PIR_REAL_100-E04-9004,26,17,PIR_REAL_100:REAL
PIR_REAL_100-E04-9004,27,17,PIR_REAL_100:REAL
PIR_REAL_100-E04-9004,28,17,PIR_REAL_100:REAL
PIR_REAL_100-E04-9004,29,17,PIR_REAL_100:REAL
PIR_REAL_100-E04-9004,30,17,PIR_REAL_100:REAL
PIR_REAL_100-E04-9004,31,17,PIR_REAL_100:REAL
PIR_REAL_100-E04-9004,32,17,PIR_REAL_100:REAL
PIR_REAL_100-E04-9004,33,17,PIR_REAL_100:REAL
PIR_REAL_100-E04-9004,34,17,PIR_REAL_100:REAL
PIR_REAL_100-E04-9004,35,17,PIR_REAL_100:REAL
PIR_REAL_100-E04-9004,36,17,PIR_REAL_100:REAL
PIR_REAL_100-E04-9004,37,17,PIR_REAL_100:REAL
PIR_REAL_100-E04-9004,38,17,PIR_REAL_100:REAL
PIR_REAL_100-E04-9004,39,17,PIR_REAL_100:REAL
PIR_REAL_100-E04-9004,40,17,PIR_REAL_100:REAL
PIR_REAL_100-E04-9004,41,17,PIR_REAL_100:REAL
PIR_REAL_100-E04-9004,42,17,PIR_REAL_100:REAL
PIR_REAL_100-E04-9004,43,17,PIR_REAL_100:REAL
PIR_REAL_100-E04-9004,44,17,PIR_REAL_100:REAL
PIR_REAL_100-E04-9004,45,17,PIR_REAL_100:REAL
PIR_REAL_100-E04-9004,46,17,PIR_REAL_100:REAL
PIR_REAL_100-E04-9004,47,17,PIR_REAL_100:REAL
PIR_REAL_100-E04-9004,48,17,PIR_REAL_100:REAL
PIR_REAL_100-E04-9004,49,17,PIR_REAL_100:REAL
PIR_REAL_100-E04-9004,50,17,PIR_REAL_100:REAL
PIR_REAL_100-E04-9004,51,17,PIR_REAL_100:REAL
PIR_REAL_100-E04-9004,52,17,PIR_REAL_100:REAL
PIR_REAL_100-E04-9004,53,17,PIR_REAL_100:REAL
PIR_REAL_100-E04-9004,54,17,PIR_REAL_100:REAL
PIR_REAL_100-E04-9004,55,17,PIR_REAL_100:REAL
PIR_REAL_100-E04-9004,56,17,PIR_REAL_100:REAL
PIR_REAL_100-E04-9004,57,17,PIR_REAL_100:REAL
PIR_REAL_100-E04-9004,58,17,PIR_REAL_100:REAL
PIR_REAL_100-E04-9004,59,17,PIR_REAL_100:REAL
PIR_REAL_100-E04-9004,60,17,PIR_REAL_100:REAL
PIR_REAL_100-E04-9004,61,17,PIR_REAL_100:REAL
PIR_REAL_100-E04-9004,62,17,PIR_REAL_100:REAL
PIR_REAL_100-E04-9004,63,17,PIR_REAL_100:REAL
PIR_REAL_100-E04-9004,64,17,PIR_REAL_100:REAL
PIR_REAL_100-E04-9004,65,17,PIR_REAL_100:REAL
PIR_REAL_100-E04-9004,66,17,PIR_REAL_100:REAL
PIR_REAL_100-E04-9004,67,17,PIR_REAL_100:REAL
PIR_REAL_100-E04-9004,68,17,PIR_REAL_100:REAL
PIR_REAL_100-E04-9004,69,17,PIR_REAL_100:REAL
PIR_REAL_100-E04-9004,70,17,PIR_REAL_100:REAL
PIR_REAL_100-E04-9004,71,17,PIR_REAL_100:REAL
PIR_REAL_100-E04-9004,72,17,PIR_REAL_100:REAL
PIR_REAL_100-E04-9004,73,17,PIR_REAL_100:REAL
PIR_REAL_100-E04-9004,74,17,PIR_REAL_100:REAL
PIR_REAL_100-E04-9004,75,17,PIR_REAL_100:REAL
PIR_REAL_100-E04-9004,76,17,PIR_REAL_100:REAL
PIR_REAL_100-E04-9004,77,17,PIR_REAL_100:REAL
PIR_REAL_100-E04-9004,78,17,PIR_REAL_100:REAL
PIR_REAL_100-E04-9004,79,17,PIR_REAL_100:REAL
PIR_REAL_100-E04-9004,80,17,PIR_REAL_100:REAL
PIR_REAL_100-E04-9004,81,17,PIR_REAL_100:REAL
PIR_REAL_100-E04-9004,82,17,PIR_REAL_100:REAL
PIR_REAL_100-E04-9004,83,17,PIR_REAL_100:REAL
PIR_REAL_100-E04-9004,84,17,PIR_REAL_100:REAL
PIR_REAL_100-E04-9004,85,17,PIR_REAL_100:REAL
PIR_REAL_100-E04-9004,86,17,PIR_REAL_100:REAL
PIR_REAL_100-E04-9004,87,17,PIR_REAL_100:REAL
PIR_REAL_100-E04-9004,88,17,PIR_REAL_100:REAL
PIR_REAL_100-E04-9004,89,17,PIR_REAL_100:REAL
PIR_REAL_100-E04-9004,90,17,PIR_REAL_100:REAL
PIR_REAL_100-E04-9004,91,17,PIR_REAL_100:REAL
PIR_REAL_100-E04-9004,92,17,PIR_REAL_100:REAL
PIR_REAL_100-E04-9004,93,17,PIR_REAL_100:REAL
PIR_REAL_100-E04-9004,94,17,PIR_REAL_100:REAL
PIR_REAL_100-E04-9004,95,17,PIR_REAL_100:REAL
PIR_REAL_100-E04-9004,96,17,PIR_REAL_100:REAL
PIR_REAL_100-E04-9004,97,17,PIR_REAL_100:REAL
PIR_REAL_100-E04-9004,98,17,PIR_REAL_100:REAL
PIR_REAL_100-E04-9004,99,17,PIR_REAL_100:REAL
M7-E03-9004,0,23,M7:REAL
M7-E03-9004,1,17,M7:REAL
M7-E03-9004,2,17,M7:REAL
M7-E03-9004,3,23,M7:REAL
M7-E03-9004,4,17,M7:REAL
M7-E03-9004,5,17,M7:REAL
M7-E03-9004,6,23,M7:REAL
M7-E03-9004,7,17,M7:REAL
M7-E03-9004,8,17,M7:REAL
M7-E03-9004,9,23,M7:REAL
M7-E03-9004,10,17,M7:REAL
M7-E03-9004,11,17,M7:REAL
M7-E03-9004,12,23,M7:REAL
M7-E03-9004,13,17,M7:REAL
M7-E03-9004,14,17,M7:REAL
M7-E03-9004,15,23,M7:REAL
M7-E03-9004,16,17,M7:REAL
M7-E03-9004,17,17,M7:REAL
M7-E03-9004,18,23,M7:REAL
M7-E03-9004,19,17,M7:REAL
M7-E03-9004,20,17,M7:REAL
M7-E03-9004,21,23,M7:REAL
M7-E03-9004,22,17,M7:REAL
M7-E03-9004,23,17,M7:REAL
M7-E03-9004,24,23,M7:REAL
M7-E03-9004,25,17,M7:REAL
M7-E03-9004,26,17,M7:REAL
M7-E03-9004,27,23,M7:REAL
M7-E03-9004,28,17,M7:REAL
M7-E03-9004,29,17,M7:REAL
M7-E03-9004,30,23,M7:REAL
M7-E03-9004,31,17,M7:REAL
M7-E03-9004,32,17,M7:REAL
M7-E03-9004,33,23,M7:REAL
M7-E03-9004,34,17,M7:REAL
M7-E03-9004,35,17,M7:REAL
M7-E03-9004,36,23,M7:REAL
M7-E03-9004,37,17,M7:REAL
M7-E03-9004,38,17,M7:REAL
M7-E03-9004,39,23,M7:REAL
M7-E03-9004,40,17,M7:REAL
M7-E03-9004,41,17,M7:REAL
M7-E03-9004,42,23,M7:REAL
M7-E03-9004,43,17,M7:REAL
M7-E03-9004,44,17,M7:REAL
M7-E03-9004,45,23,M7:REAL
M7-E03-9004,46,17,M7:REAL
M7-E03-9004,47,17,M7:REAL
M7-E03-9004,48,23,M7:REAL
M7-E03-9004,49,17,M7:REAL
M7-E03-9004,50,17,M7:REAL
M7-E03-9004,51,23,M7:REAL
M7-E03-9004,52,17,M7:REAL
M7-E03-9004,53,17,M7:REAL
M7-E03-9004,54,23,M7:REAL
M7-E03-9004,55,17,M7:REAL
M7-E03-9004,56,17,M7:REAL
M7-E03-9004,57,23,M7:REAL
M7-E03-9004,58,17,M7:REAL
M7-E03-9004,59,17,M7:REAL
M7-E03-9004,60,23,M7:REAL
M7-E03-9004,61,17,M7:REAL
M7-E03-9004,62,17,M7:REAL
M7-E03-9004,63,23,M7:REAL
M7-E03-9004,64,17,M7:REAL
M7-E03-9004,65,17,M7:REAL
M7-E03-9004,66,23,M7:REAL
M7-E03-9004,67,17,M7:REAL
M7-E03-9004,68,17,M7:REAL
M7-E03-9004,69,23,M7:REAL
M7-E03-9004,70,17,M7:REAL
M7-E03-9004,71,17,M7:REAL
M7-E03-9004,72,23,M7:REAL
M7-E03-9004,73,17,M7:REAL
M7-E03-9004,74,17,M7:REAL
M7-E03-9004,75,23,M7:REAL
M7-E03-9004,76,17,M7:REAL
M7-E03-9004,77,17,M7:REAL
M7-E03-9004,78,23,M7:REAL
M7-E03-9004,79,17,M7:REAL
M7-E03-9004,80,17,M7:REAL
M7-E03-9004,81,23,M7:REAL
M7-E03-9004,82,17,M7:REAL
M7-E03-9004,83,17,M7:REAL
M7-E03-9004,84,23,M7:REAL
M7-E03-9004,85,17,M7:REAL
M7-E03-9004,86,17,M7:REAL
M7-E03-9004,87,23,M7:REAL
M7-E03-9004,88,17,M7:REAL
M7-E03-9004,89,17,M7:REAL
M7-E03-9004,90,23,M7:REAL
M7-E03-9004,91,17,M7:REAL
M7-E03-9004,92,17,M7:REAL
M7-E03-9004,93,23,M7:REAL
M7-E03-9004,94,17,M7:REAL
M7-E03-9004,95,17,M7:REAL
M7-E03-9004,96,23,M7:REAL
M7-E03-9004,97,17,M7:REAL
M7-E03-9004,98,17,M7:REAL
M7-E03-9004,99,23,M7:REAL
M1-E01-9004,0,17,M1:REAL
M1-E01-9004,1,17,M1:REAL
M1-E01-9004,2,17,M1:REAL
M1-E01-9004,3,17,M1:REAL
M1-E01-9004,4,17,M1:REAL
M1-E01-9004,5,17,M1:REAL
M1-E01-9004,6,17,M1:REAL
M1-E01-9004,7,17,M1:REAL
M1-E01-9004,8,17,M1:REAL
M1-E01-9004,9,17,M1:REAL
M1-E01-9004,10,17,M1:REAL
M1-E01-9004,11,17,M1:REAL
M1-E01-9004,12,17,M1:REAL
M1-E01-9004,13,17,M1:REAL
M1-E01-9004,14,17,M1:REAL
M1-E01-9004,15,17,M1:REAL
M1-E01-9004,16,17,M1:REAL
M1-E01-9004,17,17,M1:REAL
M1-E01-9004,18,17,M1:REAL
M1-E01-9004,19,17,M1:REAL
M1-E01-9004,20,17,M1:REAL
M1-E01-9004,21,17,M1:REAL
M1-E01-9004,22,17,M1:REAL
M1-E01-9004,23,17,M1:REAL
M1-E01-9004,24,17,M1:REAL
M1-E01-9004,25,17,M1:REAL
M1-E01-9004,26,17,M1:REAL
M1-E01-9004,27,17,M1:REAL
M1-E01-9004,28,17,M1:REAL
M1-E01-9004,29,17,M1:REAL
M1-E01-9004,30,17,M1:REAL
M1-E01-9004,31,17,M1:REAL
M1-E01-9004,32,17,M1:REAL
M1-E01-9004,33,17,M1:REAL
M1-E01-9004,34,17,M1:REAL
M1-E01-9004,35,17,M1:REAL
M1-E01-9004,36,17,M1:REAL
M1-E01-9004,37,17,M1:REAL
M1-E01-9004,38,17,M1:REAL
M1-E01-9004,39,17,M1:REAL
M1-E01-9004,40,17,M1:REAL
M1-E01-9004,41,17,M1:REAL
M1-E01-9004,42,17,M1:REAL
M1-E01-9004,43,17,M1:REAL
M1-E01-9004,44,17,M1:REAL
M1-E01-9004,45,17,M1:REAL
M1-E01-9004,46,17,M1:REAL
M1-E01-9004,47,17,M1:REAL
M1-E01-9004,48,17,M1:REAL
M1-E01-9004,49,17,M1:REAL
M1-E01-9004,50,17,M1:REAL
M1-E01-9004,51,17,M1:REAL
M1-E01-9004,52,17,M1:REAL
M1-E01-9004,53,17,M1:REAL
M1-E01-9004,54,17,M1:REAL
M1-E01-9004,55,17,M1:REAL
M1-E01-9004,56,17,M1:REAL
M1-E01-9004,57,17,M1:REAL
M1-E01-9004,58,17,M1:REAL
M1-E01-9004,59,17,M1:REAL
M1-E01-9004,60,23,M1:REAL
M1-E01-9004,61,17,M1:REAL
M1-E01-9004,62,17,M1:REAL
M1-E01-9004,63,17,M1:REAL
M1-E01-9004,64,17,M1:REAL
M1-E01-9004,65,17,M1:REAL
M1-E01-9004,66,17,M1:REAL
M1-E01-9004,67,17,M1:REAL
M1-E01-9004,68,17,M1:REAL
M1-E01-9004,69,17,M1:REAL
M1-E01-9004,70,17,M1:REAL
M1-E01-9004,71,17,M1:REAL
M1-E01-9004,72,17,M1:REAL
M1-E01-9004,73,17,M1:REAL
M1-E01-9004,74,17,M1:REAL
M1-E01-9004,75,17,M1:REAL
M1-E01-9004,76,17,M1:REAL
M1-E01-9004,77,17,M1:REAL
M1-E01-9004,78,17,M1:REAL
M1-E01-9004,79,17,M1:REAL
M1-E01-9004,80,17,M1:REAL
M1-E01-9004,81,17,M1:REAL
M1-E01-9004,82,17,M1:REAL
M1-E01-9004,83,17,M1:REAL
M1-E01-9004,84,17,M1:REAL
M1-E01-9004,85,17,M1:REAL
M1-E01-9004,86,17,M1:REAL
M1-E01-9004,87,17,M1:REAL
M1-E01-9004,88,17,M1:REAL
M1-E01-9004,89,17,M1:REAL
M1-E01-9004,90,17,M1:REAL
M1-E01-9004,91,17,M1:REAL
M1-E01-9004,92,17,M1:REAL
M1-E01-9004,93,17,M1:REAL
M1-E01-9004,94,17,M1:REAL
M1-E01-9004,95,17,M1:REAL
M1-E01-9004,96,17,M1:REAL
M1-E01-9004,97,17,M1:REAL
M1-E01-9004,98,17,M1:REAL
M1-E01-9004,99,17,M1:REAL
M4-E01-9004,0,10,M4:REAL
M4-E01-9004,1,11,M4:REAL
M4-E01-9004,2,10,M4:REAL
M4-E01-9004,3,11,M4:REAL
M4-E01-9004,4,10,M4:REAL
M4-E01-9004,5,11,M4:REAL
M4-E01-9004,6,10,M4:REAL
M4-E01-9004,7,11,M4:REAL
M4-E01-9004,8,10,M4:REAL
M4-E01-9004,9,11,M4:REAL
M4-E01-9004,10,10,M4:REAL
M4-E01-9004,11,11,M4:REAL
M4-E01-9004,12,10,M4:REAL
M4-E01-9004,13,11,M4:REAL
M4-E01-9004,14,10,M4:REAL
M4-E01-9004,15,11,M4:REAL
M4-E01-9004,16,10,M4:REAL
M4-E01-9004,17,11,M4:REAL
M4-E01-9004,18,10,M4:REAL
M4-E01-9004,19,11,M4:REAL
M4-E01-9004,20,10,M4:REAL
M4-E01-9004,21,11,M4:REAL
M4-E01-9004,22,10,M4:REAL
M4-E01-9004,23,11,M4:REAL
M4-E01-9004,24,10,M4:REAL
M4-E01-9004,25,11,M4:REAL
M4-E01-9004,26,10,M4:REAL
M4-E01-9004,27,11,M4:REAL
M4-E01-9004,28,10,M4:REAL
M4-E01-9004,29,11,M4:REAL
M4-E01-9004,30,10,M4:REAL
M4-E01-9004,31,11,M4:REAL
M4-E01-9004,32,10,M4:REAL
M4-E01-9004,33,11,M4:REAL
M4-E01-9004,34,10,M4:REAL
M4-E01-9004,35,11,M4:REAL
M4-E01-9004,36,10,M4:REAL
M4-E01-9004,37,11,M4:REAL
M4-E01-9004,38,10,M4:REAL
M4-E01-9004,39,11,M4:REAL
M4-E01-9004,40,10,M4:REAL
M4-E01-9004,41,11,M4:REAL
M4-E01-9004,42,10,M4:REAL
M4-E01-9004,43,11,M4:REAL
M4-E01-9004,44,10,M4:REAL
M4-E01-9004,45,11,M4:REAL
M4-E01-9004,46,10,M4:REAL
M4-E01-9004,47,11,M4:REAL
M4-E01-9004,48,10,M4:REAL
M4-E01-9004,49,11,M4:REAL
M4-E01-9004,50,10,M4:REAL
M4-E01-9004,51,11,M4:REAL
M4-E01-9004,52,10,M4:REAL
M4-E01-9004,53,11,M4:REAL
M4-E01-9004,54,10,M4:REAL
M4-E01-9004,55,11,M4:REAL
M4-E01-9004,56,10,M4:REAL
M4-E01-9004,57,11,M4:REAL
M4-E01-9004,58,10,M4:REAL
M4-E01-9004,59,11,M4:REAL
M4-E01-9004,60,10,M4:REAL
M4-E01-9004,61,11,M4:REAL
M4-E01-9004,62,10,M4:REAL
M4-E01-9004,63,11,M4:REAL
M4-E01-9004,64,10,M4:REAL
M4-E01-9004,65,11,M4:REAL
M4-E01-9004,66,10,M4:REAL
M4-E01-9004,67,11,M4:REAL
M4-E01-9004,68,10,M4:REAL
M4-E01-9004,69,11,M4:REAL
M4-E01-9004,70,10,M4:REAL
M4-E01-9004,71,11,M4:REAL
M4-E01-9004,72,10,M4:REAL
M4-E01-9004,73,11,M4:REAL
M4-E01-9004,74,10,M4:REAL
M4-E01-9004,75,11,M4:REAL
M4-E01-9004,76,10,M4:REAL
M4-E01-9004,77,11,M4:REAL
M4-E01-9004,78,10,M4:REAL
M4-E01-9004,79,11,M4:REAL
M4-E01-9004,80,10,M4:REAL
M4-E01-9004,81,11,M4:REAL
M4-E01-9004,82,10,M4:REAL
M4-E01-9004,83,11,M4:REAL
M4-E01-9004,84,10,M4:REAL
M4-E01-9004,85,11,M4:REAL
M4-E01-9004,86,10,M4:REAL
M4-E01-9004,87,11,M4:REAL
M4-E01-9004,88,10,M4:REAL
M4-E01-9004,89,11,M4:REAL
M4-E01-9004,90,10,M4:REAL
M4-E01-9004,91,11,M4:REAL
M4-E01-9004,92,10,M4:REAL
M4-E01-9004,93,11,M4:REAL
M4-E01-9004,94,10,M4:REAL
M4-E01-9004,95,11,M4:REAL
M4-E01-9004,96,10,M4:REAL
M4-E01-9004,97,11,M4:REAL
M4-E01-9004,98,10,M4:REAL
M4-E01-9004,99,11,M4:REAL
M6-E03-9004,0,33,M6:REAL
M6-E03-9004,1,33,M6:REAL
M6-E03-9004,2,33,M6:REAL
M6-E03-9004,3,33,M6:REAL
M6-E03-9004,4,33,M6:REAL
M6-E03-9004,5,33,M6:REAL
M6-E03-9004,6,33,M6:REAL
M6-E03-9004,7,33,M6:REAL
M6-E03-9004,8,33,M6:REAL
M6-E03-9004,9,33,M6:REAL
M6-E03-9004,10,33,M6:REAL
M6-E03-9004,11,33,M6:REAL
M6-E03-9004,12,33,M6:REAL
M6-E03-9004,13,33,M6:REAL
M6-E03-9004,14,33,M6:REAL
M6-E03-9004,15,33,M6:REAL
M6-E03-9004,16,33,M6:REAL
M6-E03-9004,17,33,M6:REAL
M6-E03-9004,18,33,M6:REAL
M6-E03-9004,19,33,M6:REAL
M6-E03-9004,20,33,M6:REAL
M6-E03-9004,21,33,M6:REAL
M6-E03-9004,22,33,M6:REAL
M6-E03-9004,23,33,M6:REAL
M6-E03-9004,24,33,M6:REAL
M6-E03-9004,25,33,M6:REAL
M6-E03-9004,26,33,M6:REAL
M6-E03-9004,27,33,M6:REAL
M6-E03-9004,28,33,M6:REAL
M6-E03-9004,29,33,M6:REAL
M6-E03-9004,30,33,M6:REAL
M6-E03-9004,31,33,M6:REAL
M6-E03-9004,32,33,M6:REAL
M6-E03-9004,33,33,M6:REAL
M6-E03-9004,34,33,M6:REAL
M6-E03-9004,35,33,M6:REAL
M6-E03-9004,36,33,M6:REAL
M6-E03-9004,37,33,M6:REAL
M6-E03-9004,38,33,M6:REAL
M6-E03-9004,39,33,M6:REAL
M6-E03-9004,40,33,M6:REAL
M6-E03-9004,41,33,M6:REAL
M6-E03-9004,42,33,M6:REAL
M6-E03-9004,43,33,M6:REAL
M6-E03-9004,44,33,M6:REAL
M6-E03-9004,45,33,M6:REAL
M6-E03-9004,46,33,M6:REAL
M6-E03-9004,47,33,M6:REAL
M6-E03-9004,48,33,M6:REAL
M6-E03-9004,49,33,M6:REAL
M6-E03-9004,50,33,M6:REAL
M6-E03-9004,51,33,M6:REAL
M6-E03-9004,52,33,M6:REAL
M6-E03-9004,53,33,M6:REAL
M6-E03-9004,54,33,M6:REAL
M6-E03-9004,55,33,M6:REAL
M6-E03-9004,56,33,M6:REAL
M6-E03-9004,57,33,M6:REAL
M6-E03-9004,58,33,M6:REAL
M6-E03-9004,59,33,M6:REAL
M6-E03-9004,60,33,M6:REAL
M6-E03-9004,61,33,M6:REAL
M6-E03-9004,62,33,M6:REAL
M6-E03-9004,63,33,M6:REAL
M6-E03-9004,64,33,M6:REAL
M6-E03-9004,65,33,M6:REAL
M6-E03-9004,66,33,M6:REAL
M6-E03-9004,67,33,M6:REAL
M6-E03-9004,68,33,M6:REAL
M6-E03-9004,69,33,M6:REAL
M6-E03-9004,70,33,M6:REAL
M6-E03-9004,71,33,M6:REAL
M6-E03-9004,72,33,M6:REAL
M6-E03-9004,73,33,M6:REAL
M6-E03-9004,74,33,M6:REAL
M6-E03-9004,75,33,M6:REAL
M6-E03-9004,76,33,M6:REAL
M6-E03-9004,77,33,M6:REAL
M6-E03-9004,78,33,M6:REAL
M6-E03-9004,79,33,M6:REAL
M6-E03-9004,80,33,M6:REAL
M6-E03-9004,81,33,M6:REAL
M6-E03-9004,82,33,M6:REAL
M6-E03-9004,83,33,M6:REAL
M6-E03-9004,84,33,M6:REAL
M6-E03-9004,85,33,M6:REAL
M6-E03-9004,86,33,M6:REAL
M6-E03-9004,87,33,M6:REAL
M6-E03-9004,88,33,M6:REAL
M6-E03-9004,89,33,M6:REAL
M6-E03-9004,90,33,M6:REAL
M6-E03-9004,91,33,M6:REAL
M6-E03-9004,92,33,M6:REAL
M6-E03-9004,93,33,M6:REAL
M6-E03-9004,94,33,M6:REAL
M6-E03-9004,95,33,M6:REAL
M6-E03-9004,96,33,M6:REAL
M6-E03-9004,97,33,M6:REAL
M6-E03-9004,98,33,M6:REAL
M6-E03-9004,99,33,M6:REAL
M0-E01-9004,0,17,M0:REAL
M0-E01-9004,1,17,M0:REAL
M0-E01-9004,2,17,M0:REAL
M0-E01-9004,3,17,M0:REAL
M0-E01-9004,4,17,M0:REAL
M0-E01-9004,5,17,M0:REAL
M0-E01-9004,6,17,M0:REAL
M0-E01-9004,7,17,M0:REAL
M0-E01-9004,8,17,M0:REAL
M0-E01-9004,9,17,M0:REAL
M0-E01-9004,10,17,M0:REAL
M0-E01-9004,11,17,M0:REAL
M0-E01-9004,12,17,M0:REAL
M0-E01-9004,13,17,M0:REAL
M0-E01-9004,14,17,M0:REAL
M0-E01-9004,15,17,M0:REAL
M0-E01-9004,16,17,M0:REAL
M0-E01-9004,17,17,M0:REAL
M0-E01-9004,18,17,M0:REAL
M0-E01-9004,19,17,M0:REAL
M0-E01-9004,20,17,M0:REAL
M0-E01-9004,21,17,M0:REAL
M0-E01-9004,22,17,M0:REAL
M0-E01-9004,23,17,M0:REAL
M0-E01-9004,24,17,M0:REAL
M0-E01-9004,25,17,M0:REAL
M0-E01-9004,26,17,M0:REAL
M0-E01-9004,27,17,M0:REAL
M0-E01-9004,28,17,M0:REAL
M0-E01-9004,29,17,M0:REAL
M0-E01-9004,30,17,M0:REAL
M0-E01-9004,31,17,M0:REAL
M0-E01-9004,32,17,M0:REAL
M0-E01-9004,33,17,M0:REAL
M0-E01-9004,34,17,M0:REAL
M0-E01-9004,35,17,M0:REAL
M0-E01-9004,36,17,M0:REAL
M0-E01-9004,37,17,M0:REAL
M0-E01-9004,38,17,M0:REAL
M0-E01-9004,39,17,M0:REAL
M0-E01-9004,40,17,M0:REAL
M0-E01-9004,41,17,M0:REAL
M0-E01-9004,42,17,M0:REAL
M0-E01-9004,43,17,M0:REAL
M0-E01-9004,44,17,M0:REAL
M0-E01-9004,45,17,M0:REAL
M0-E01-9004,46,17,M0:REAL
M0-E01-9004,47,17,M0:REAL
M0-E01-9004,48,17,M0:REAL
M0-E01-9004,49,17,M0:REAL
M0-E01-9004,50,17,M0:REAL
M0-E01-9004,51,17,M0:REAL
M0-E01-9004,52,17,M0:REAL
M0-E01-9004,53,17,M0:REAL
M0-E01-9004,54,17,M0:REAL
M0-E01-9004,55,17,M0:REAL
M0-E01-9004,56,17,M0:REAL
M0-E01-9004,57,17,M0:REAL
M0-E01-9004,58,17,M0:REAL
M0-E01-9004,59,17,M0:REAL
M0-E01-9004,60,17,M0:REAL
M0-E01-9004,61,17,M0:REAL
M0-E01-9004,62,17,M0:REAL
M0-E01-9004,63,17,M0:REAL
M0-E01-9004,64,17,M0:REAL
M0-E01-9004,65,17,M0:REAL
M0-E01-9004,66,17,M0:REAL
M0-E01-9004,67,17,M0:REAL
M0-E01-9004,68,17,M0:REAL
M0-E01-9004,69,17,M0:REAL
M0-E01-9004,70,17,M0:REAL
M0-E01-9004,71,17,M0:REAL
M0-E01-9004,72,17,M0:REAL
M0-E01-9004,73,17,M0:REAL
M0-E01-9004,74,17,M0:REAL
M0-E01-9004,75,17,M0:REAL
M0-E01-9004,76,17,M0:REAL
M0-E01-9004,77,17,M0:REAL
M0-E01-9004,78,17,M0:REAL
M0-E01-9004,79,17,M0:REAL
M0-E01-9004,80,17,M0:REAL
M0-E01-9004,81,17,M0:REAL
M0-E01-9004,82,17,M0:REAL
M0-E01-9004,83,17,M0:REAL
M0-E01-9004,84,17,M0:REAL
M0-E01-9004,85,17,M0:REAL
M0-E01-9004,86,17,M0:REAL
M0-E01-9004,87,17,M0:REAL
M0-E01-9004,88,17,M0:REAL
M0-E01-9004,89,17,M0:REAL
M0-E01-9004,90,17,M0:REAL
M0-E01-9004,91,17,M0:REAL
M0-E01-9004,92,17,M0:REAL
M0-E01-9004,93,17,M0:REAL
M0-E01-9004,94,17,M0:REAL
M0-E01-9004,95,17,M0:REAL
M0-E01-9004,96,17,M0:REAL
M0-E01-9004,97,17,M0:REAL
M0-E01-9004,98,17,M0:REAL
M0-E01-9004,99,17,M0:REAL
M3-E01-9004,0,107,M3:REAL
M3-E01-9004,1,105,M3:REAL
M3-E01-9004,2,101,M3:REAL
M3-E01-9004,3,106,M3:REAL
M3-E01-9004,4,104,M3:REAL
M3-E01-9004,5,108,M3:REAL
M3-E01-9004,6,106,M3:REAL
M3-E01-9004,7,101,M3:REAL
M3-E01-9004,8,104,M3:REAL
M3-E01-9004,9,108,M3:REAL
M3-E01-9004,10,100,M3:REAL
M3-E01-9004,11,108,M3:REAL
M3-E01-9004,12,104,M3:REAL
M3-E01-9004,13,101,M3:REAL
M3-E01-9004,14,101,M3:REAL
M3-E01-9004,15,105,M3:REAL
M3-E01-9004,16,103,M3:REAL
M3-E01-9004,17,102,M3:REAL
M3-E01-9004,18,108,M3:REAL
M3-E01-9004,19,106,M3:REAL
M3-E01-9004,20,107,M3:REAL
M3-E01-9004,21,108,M3:REAL
M3-E01-9004,22,100,M3:REAL
M3-E01-9004,23,101,M3:REAL
M3-E01-9004,24,106,M3:REAL
M3-E01-9004,25,109,M3:REAL
M3-E01-9004,26,102,M3:REAL
M3-E01-9004,27,101,M3:REAL
M3-E01-9004,28,109,M3:REAL
M3-E01-9004,29,102,M3:REAL
M3-E01-9004,30,100,M3:REAL
M3-E01-9004,31,105,M3:REAL
M3-E01-9004,32,109,M3:REAL
M3-E01-9004,33,100,M3:REAL
M3-E01-9004,34,108,M3:REAL
M3-E01-9004,35,107,M3:REAL
M3-E01-9004,36,106,M3:REAL
M3-E01-9004,37,104,M3:REAL
M3-E01-9004,38,103,M3:REAL
M3-E01-9004,39,100,M3:REAL
M3-E01-9004,40,101,M3:REAL
M3-E01-9004,41,101,M3:REAL
M3-E01-9004,42,104,M3:REAL
M3-E01-9004,43,105,M3:REAL
M3-E01-9004,44,100,M3:REAL
M3-E01-9004,45,100,M3:REAL
M3-E01-9004,46,101,M3:REAL
M3-E01-9004,47,106,M3:REAL
M3-E01-9004,48,102,M3:REAL
M3-E01-9004,49,109,M3:REAL
M3-E01-9004,50,105,M3:REAL
M3-E01-9004,51,108,M3:REAL
M3-E01-9004,52,107,M3:REAL
M3-E01-9004,53,102,M3:REAL
M3-E01-9004,54,106,M3:REAL
M3-E01-9004,55,104,M3:REAL
M3-E01-9004,56,101,M3:REAL
M3-E01-9004,57,107,M3:REAL
M3-E01-9004,58,107,M3:REAL
M3-E01-9004,59,103,M3:REAL
M3-E01-9004,60,104,M3:REAL
M3-E01-9004,61,100,M3:REAL
M3-E01-9004,62,107,M3:REAL
M3-E01-9004,63,106,M3:REAL
M3-E01-9004,64,107,M3:REAL
M3-E01-9004,65,105,M3:REAL
M3-E01-9004,66,100,M3:REAL
M3-E01-9004,67,106,M3:REAL
M3-E01-9004,68,105,M3:REAL
M3-E01-9004,69,104,M3:REAL
M3-E01-9004,70,102,M3:REAL
M3-E01-9004,71,105,M3:REAL
M3-E01-9004,72,103,M3:REAL
M3-E01-9004,73,109,M3:REAL
M3-E01-9004,74,105,M3:REAL
M3-E01-9004,75,100,M3:REAL
M3-E01-9004,76,102,M3:REAL
M3-E01-9004,77,102,M3:REAL
M3-E01-9004,78,101,M3:REAL
M3-E01-9004,79,103,M3:REAL
M3-E01-9004,80,106,M3:REAL
M3-E01-9004,81,109,M3:REAL
M3-E01-9004,82,102,M3:REAL
M3-E01-9004,83,108,M3:REAL
M3-E01-9004,84,101,M3:REAL
M3-E01-9004,85,102,M3:REAL
M3-E01-9004,86,104,M3:REAL
M3-E01-9004,87,100,M3:REAL
M3-E01-9004,88,103,M3:REAL
M3-E01-9004,89,104,M3:REAL
M3-E01-9004,90,105,M3:REAL
M3-E01-9004,91,103,M3:REAL
M3-E01-9004,92,102,M3:REAL
M3-E01-9004,93,102,M3:REAL
M3-E01-9004,94,101,M3:REAL
M3-E01-9004,95,107,M3:REAL
M3-E01-9004,96,108,M3:REAL
M3-E01-9004,97,103,M3:REAL
M3-E01-9004,98,108,M3:REAL
M3-E01-9004,99,106,M3:REAL
PIR_REAL_100-E00-9004,0,17,PIR_REAL_100:REAL
PIR_REAL_100-E00-9004,1,17,PIR_REAL_100:REAL
PIR_REAL_100-E00-9004,2,17,PIR_REAL_100:REAL
PIR_REAL_100-E00-9004,3,17,PIR_REAL_100:REAL
PIR_REAL_100-E00-9004,4,17,PIR_REAL_100:REAL
PIR_REAL_100-E00-9004,5,17,PIR_REAL_100:REAL
PIR_REAL_100-E00-9004,6,17,PIR_REAL_100:REAL
PIR_REAL_100-E00-9004,7,17,PIR_REAL_100:REAL
PIR_REAL_100-E00-9004,8,17,PIR_REAL_100:REAL
PIR_REAL_100-E00-9004,9,17,PIR_REAL_100:REAL
PIR_REAL_100-E00-9004,10,17,PIR_REAL_100:REAL
PIR_REAL_100-E00-9004,11,17,PIR_REAL_100:REAL
PIR_REAL_100-E00-9004,12,17,PIR_REAL_100:REAL
PIR_REAL_100-E00-9004,13,17,PIR_REAL_100:REAL
PIR_REAL_100-E00-9004,14,17,PIR_REAL_100:REAL
PIR_REAL_100-E00-9004,15,17,PIR_REAL_100:REAL
PIR_REAL_100-E00-9004,16,17,PIR_REAL_100:REAL
PIR_REAL_100-E00-9004,17,17,PIR_REAL_100:REAL
PIR_REAL_100-E00-9004,18,17,PIR_REAL_100:REAL
PIR_REAL_100-E00-9004,19,17,PIR_REAL_100:REAL
PIR_REAL_100-E00-9004,20,17,PIR_REAL_100:REAL
PIR_REAL_100-E00-9004,21,17,PIR_REAL_100:REAL
PIR_REAL_100-E00-9004,22,17,PIR_REAL_100:REAL
PIR_REAL_100-E00-9004,23,17,PIR_REAL_100:REAL
PIR_REAL_100-E00-9004,24,17,PIR_REAL_100:REAL
PIR_REAL_100-E00-9004,25,17,PIR_REAL_100:REAL
PIR_REAL_100-E00-9004,26,17,PIR_REAL_100:REAL
PIR_REAL_100-E00-9004,27,17,PIR_REAL_100:REAL
PIR_REAL_100-E00-9004,28,17,PIR_REAL_100:REAL
PIR_REAL_100-E00-9004,29,17,PIR_REAL_100:REAL
PIR_REAL_100-E00-9004,30,17,PIR_REAL_100:REAL
PIR_REAL_100-E00-9004,31,17,PIR_REAL_100:REAL
PIR_REAL_100-E00-9004,32,17,PIR_REAL_100:REAL
PIR_REAL_100-E00-9004,33,17,PIR_REAL_100:REAL
PIR_REAL_100-E00-9004,34,17,PIR_REAL_100:REAL
PIR_REAL_100-E00-9004,35,17,PIR_REAL_100:REAL
PIR_REAL_100-E00-9004,36,17,PIR_REAL_100:REAL
PIR_REAL_100-E00-9004,37,17,PIR_REAL_100:REAL
PIR_REAL_100-E00-9004,38,17,PIR_REAL_100:REAL
PIR_REAL_100-E00-9004,39,17,PIR_REAL_100:REAL
PIR_REAL_100-E00-9004,40,17,PIR_REAL_100:REAL
PIR_REAL_100-E00-9004,41,17,PIR_REAL_100:REAL
PIR_REAL_100-E00-9004,42,17,PIR_REAL_100:REAL
PIR_REAL_100-E00-9004,43,17,PIR_REAL_100:REAL
PIR_REAL_100-E00-9004,44,17,PIR_REAL_100:REAL
PIR_REAL_100-E00-9004,45,17,PIR_REAL_100:REAL
PIR_REAL_100-E00-9004,46,17,PIR_REAL_100:REAL
PIR_REAL_100-E00-9004,47,17,PIR_REAL_100:REAL
PIR_REAL_100-E00-9004,48,17,PIR_REAL_100:REAL
PIR_REAL_100-E00-9004,49,17,PIR_REAL_100:REAL
PIR_REAL_100-E00-9004,50,17,PIR_REAL_100:REAL
PIR_REAL_100-E00-9004,51,17,PIR_REAL_100:REAL
PIR_REAL_100-E00-9004,52,17,PIR_REAL_100:REAL
PIR_REAL_100-E00-9004,53,17,PIR_REAL_100:REAL
PIR_REAL_100-E00-9004,54,17,PIR_REAL_100:REAL
PIR_REAL_100-E00-9004,55,17,PIR_REAL_100:REAL
PIR_REAL_100-E00-9004,56,17,PIR_REAL_100:REAL
PIR_REAL_100-E00-9004,57,17,PIR_REAL_100:REAL
PIR_REAL_100-E00-9004,58,17,PIR_REAL_100:REAL
PIR_REAL_100-E00-9004,59,17,PIR_REAL_100:REAL
PIR_REAL_100-E00-9004,60,17,PIR_REAL_100:REAL
PIR_REAL_100-E00-9004,61,17,PIR_REAL_100:REAL
PIR_REAL_100-E00-9004,62,17,PIR_REAL_100:REAL
PIR_REAL_100-E00-9004,63,17,PIR_REAL_100:REAL
PIR_REAL_100-E00-9004,64,17,PIR_REAL_100:REAL
PIR_REAL_100-E00-9004,65,17,PIR_REAL_100:REAL
PIR_REAL_100-E00-9004,66,17,PIR_REAL_100:REAL
PIR_REAL_100-E00-9004,67,17,PIR_REAL_100:REAL
PIR_REAL_100-E00-9004,68,17,PIR_REAL_100:REAL
PIR_REAL_100-E00-9004,69,17,PIR_REAL_100:REAL
PIR_REAL_100-E00-9004,70,17,PIR_REAL_100:REAL
PIR_REAL_100-E00-9004,71,17,PIR_REAL_100:REAL
PIR_REAL_100-E00-9004,72,17,PIR_REAL_100:REAL
PIR_REAL_100-E00-9004,73,17,PIR_REAL_100:REAL
PIR_REAL_100-E00-9004,74,17,PIR_REAL_100:REAL
PIR_REAL_100-E00-9004,75,17,PIR_REAL_100:REAL
PIR_REAL_100-E00-9004,76,17,PIR_REAL_100:REAL
PIR_REAL_100-E00-9004,77,17,PIR_REAL_100:REAL
PIR_REAL_100-E00-9004,78,17,PIR_REAL_100:REAL
PIR_REAL_100-E00-9004,79,17,PIR_REAL_100:REAL
PIR_REAL_100-E00-9004,80,17,PIR_REAL_100:REAL
PIR_REAL_100-E00-9004,81,17,PIR_REAL_100:REAL
PIR_REAL_100-E00-9004,82,17,PIR_REAL_100:REAL
PIR_REAL_100-E00-9004,83,17,PIR_REAL_100:REAL
PIR_REAL_100-E00-9004,84,17,PIR_REAL_100:REAL
PIR_REAL_100-E00-9004,85,17,PIR_REAL_100:REAL
PIR_REAL_100-E00-9004,86,17,PIR_REAL_100:REAL
PIR_REAL_100-E00-9004,87,17,PIR_REAL_100:REAL
PIR_REAL_100-E00-9004,88,17,PIR_REAL_100:REAL
PIR_REAL_100-E00-9004,89,17,PIR_REAL_100:REAL
PIR_REAL_100-E00-9004,90,17,PIR_REAL_100:REAL
PIR_REAL_100-E00-9004,91,17,PIR_REAL_100:REAL
PIR_REAL_100-E00-9004,92,17,PIR_REAL_100:REAL
PIR_REAL_100-E00-9004,93,17,PIR_REAL_100:REAL
PIR_REAL_100-E00-9004,94,17,PIR_REAL_100:REAL
PIR_REAL_100-E00-9004,95,17,PIR_REAL_100:REAL
PIR_REAL_100-E00-9004,96,17,PIR_REAL_100:REAL
PIR_REAL_100-E00-9004,97,17,PIR_REAL_100:REAL
PIR_REAL_100-E00-9004,98,17,PIR_REAL_100:REAL
PIR_REAL_100-E00-9004,99,17,PIR_REAL_100:REAL
PIR_REAL_50-E04-9004,0,1011,PIR_REAL_50:DUMMY
PIR_REAL_50-E04-9004,1,17,PIR_REAL_50:REAL
PIR_REAL_50-E04-9004,2,1031,PIR_REAL_50:DUMMY
PIR_REAL_50-E04-9004,3,17,PIR_REAL_50:REAL
PIR_REAL_50-E04-9004,4,1056,PIR_REAL_50:DUMMY
PIR_REAL_50-E04-9004,5,17,PIR_REAL_50:REAL
PIR_REAL_50-E04-9004,6,17,PIR_REAL_50:REAL
PIR_REAL_50-E04-9004,7,17,PIR_REAL_50:REAL
PIR_REAL_50-E04-9004,8,17,PIR_REAL_50:REAL
PIR_REAL_50-E04-9004,9,17,PIR_REAL_50:REAL
PIR_REAL_50-E04-9004,10,17,PIR_REAL_50:REAL
PIR_REAL_50-E04-9004,11,1042,PIR_REAL_50:DUMMY
PIR_REAL_50-E04-9004,12,17,PIR_REAL_50:REAL
PIR_REAL_50-E04-9004,13,1023,PIR_REAL_50:DUMMY
PIR_REAL_50-E04-9004,14,17,PIR_REAL_50:REAL
PIR_REAL_50-E04-9004,15,1004,PIR_REAL_50:DUMMY
PIR_REAL_50-E04-9004,16,1011,PIR_REAL_50:DUMMY
PIR_REAL_50-E04-9004,17,1005,PIR_REAL_50:DUMMY
PIR_REAL_50-E04-9004,18,1061,PIR_REAL_50:DUMMY
PIR_REAL_50-E04-9004,19,17,PIR_REAL_50:REAL
PIR_REAL_50-E04-9004,20,1041,PIR_REAL_50:DUMMY
PIR_REAL_50-E04-9004,21,1018,PIR_REAL_50:DUMMY
PIR_REAL_50-E04-9004,22,17,PIR_REAL_50:REAL
PIR_REAL_50-E04-9004,23,17,PIR_REAL_50:REAL
PIR_REAL_50-E04-9004,24,17,PIR_REAL_50:REAL
PIR_REAL_50-E04-9004,25,1033,PIR_REAL_50:DUMMY
PIR_REAL_50-E04-9004,26,17,PIR_REAL_50:REAL
PIR_REAL_50-E04-9004,27,17,PIR_REAL_50:REAL
PIR_REAL_50-E04-9004,28,17,PIR_REAL_50:REAL
PIR_REAL_50-E04-9004,29,17,PIR_REAL_50:REAL
PIR_REAL_50-E04-9004,30,17,PIR_REAL_50:REAL
PIR_REAL_50-E04-9004,31,1047,PIR_REAL_50:DUMMY
PIR_REAL_50-E04-9004,32,1060,PIR_REAL_50:DUMMY
PIR_REAL_50-E04-9004,33,1006,PIR_REAL_50:DUMMY
PIR_REAL_50-E04-9004,34,1025,PIR_REAL_50:DUMMY
PIR_REAL_50-E04-9004,35,17,PIR_REAL_50:REAL
PIR_REAL_50-E04-9004,36,1029,PIR_REAL_50:DUMMY
PIR_REAL_50-E04-9004,37,1047,PIR_REAL_50:DUMMY
PIR_REAL_50-E04-9004,38,17,PIR_REAL_50:REAL
PIR_REAL_50-E04-9004,39,1002,PIR_REAL_50:DUMMY
PIR_REAL_50-E04-9004,40,1033,PIR_REAL_50:DUMMY
PIR_REAL_50-E04-9004,41,1012,PIR_REAL_50:DUMMY
PIR_REAL_50-E04-9004,42,1017,PIR_REAL_50:DUMMY
PIR_REAL_50-E04-9004,43,17,PIR_REAL_50:REAL
PIR_REAL_50-E04-9004,44,1035,PIR_REAL_50:DUMMY
PIR_REAL_50-E04-9004,45,17,PIR_REAL_50:REAL
PIR_REAL_50-E04-9004,46,17,PIR_REAL_50:REAL
PIR_REAL_50-E04-9004,47,17,PIR_REAL_50:REAL
PIR_REAL_50-E04-9004,48,1048,PIR_REAL_50:DUMMY
PIR_REAL_50-E04-9004,49,17,PIR_REAL_50:REAL
PIR_REAL_50-E04-9004,50,1016,PIR_REAL_50:DUMMY
PIR_REAL_50-E04-9004,51,1043,PIR_REAL_50:DUMMY
PIR_REAL_50-E04-9004,52,1022,PIR_REAL_50:DUMMY
PIR_REAL_50-E04-9004,53,17,PIR_REAL_50:REAL
PIR_REAL_50-E04-9004,54,17,PIR_REAL_50:REAL
PIR_REAL_50-E04-9004,55,1020,PIR_REAL_50:DUMMY
PIR_REAL_50-E04-9004,56,1042,PIR_REAL_50:DUMMY
PIR_REAL_50-E04-9004,57,17,PIR_REAL_50:REAL
PIR_REAL_50-E04-9004,58,17,PIR_REAL_50:REAL
PIR_REAL_50-E04-9004,59,1047,PIR_REAL_50:DUMMY
PIR_REAL_50-E04-9004,60,1054,PIR_REAL_50:DUMMY
PIR_REAL_50-E04-9004,61,17,PIR_REAL_50:REAL
PIR_REAL_50-E04-9004,62,1001,PIR_REAL_50:DUMMY
PIR_REAL_50-E04-9004,63,1056,PIR_REAL_50:DUMMY
PIR_REAL_50-E04-9004,64,1023,PIR_REAL_50:DUMMY
PIR_REAL_50-E04-9004,65,1028,PIR_REAL_50:DUMMY
PIR_REAL_50-E04-9004,66,17,PIR_REAL_50:REAL
PIR_REAL_50-E04-9004,67,17,PIR_REAL_50:REAL
PIR_REAL_50-E04-9004,68,17,PIR_REAL_50:REAL
PIR_REAL_50-E04-9004,69,1043,PIR_REAL_50:DUMMY
PIR_REAL_50-E04-9004,70,17,PIR_REAL_50:REAL
PIR_REAL_50-E04-9004,71,17,PIR_REAL_50:REAL
PIR_REAL_50-E04-9004,72,17,PIR_REAL_50:REAL
PIR_REAL_50-E04-9004,73,17,PIR_REAL_50:REAL
PIR_REAL_50-E04-9004,74,1030,PIR_REAL_50:DUMMY
PIR_REAL_50-E04-9004,75,1029,PIR_REAL_50:DUMMY
PIR_REAL_50-E04-9004,76,17,PIR_REAL_50:REAL
PIR_REAL_50-E04-9004,77,1021,PIR_REAL_50:DUMMY
PIR_REAL_50-E04-9004,78,17,PIR_REAL_50:REAL
PIR_REAL_50-E04-9004,79,17,PIR_REAL_50:REAL
PIR_REAL_50-E04-9004,80,1042,PIR_REAL_50:DUMMY
PIR_REAL_50-E04-9004,81,17,PIR_REAL_50:REAL
PIR_REAL_50-E04-9004,82,1007,PIR_REAL_50:DUMMY
PIR_REAL_50-E04-9004,83,1059,PIR_REAL_50:DUMMY
PIR_REAL_50-E04-9004,84,17,PIR_REAL_50:REAL
PIR_REAL_50-E04-9004,85,17,PIR_REAL_50:REAL
PIR_REAL_50-E04-9004,86,17,PIR_REAL_50:REAL
PIR_REAL_50-E04-9004,87,1048,PIR_REAL_50:DUMMY
PIR_REAL_50-E04-9004,88,17,PIR_REAL_50:REAL
PIR_REAL_50-E04-9004,89,17,PIR_REAL_50:REAL
PIR_REAL_50-E04-9004,90,17,PIR_REAL_50:REAL
PIR_REAL_50-E04-9004,91,1023,PIR_REAL_50:DUMMY
PIR_REAL_50-E04-9004,92,1045,PIR_REAL_50:DUMMY
PIR_REAL_50-E04-9004,93,1047,PIR_REAL_50:DUMMY
PIR_REAL_50-E04-9004,94,17,PIR_REAL_50:REAL
PIR_REAL_50-E04-9004,95,1017,PIR_REAL_50:DUMMY
PIR_REAL_50-E04-9004,96,1053,PIR_REAL_50:DUMMY
PIR_REAL_50-E04-9004,97,17,PIR_REAL_50:REAL
PIR_REAL_50-E04-9004,98,1051,PIR_REAL_50:DUMMY
PIR_REAL_50-E04-9004,99,1038,PIR_REAL_50:DUMMY
PIR_REAL_1-E02-9004,0,1029,PIR_REAL_1:DUMMY
PIR_REAL_1-E02-9004,1,1054,PIR_REAL_1:DUMMY
PIR_REAL_1-E02-9004,2,1038,PIR_REAL_1:DUMMY
PIR_REAL_1-E02-9004,3,1017,PIR_REAL_1:DUMMY
PIR_REAL_1-E02-9004,4,1004,PIR_REAL_1:DUMMY
PIR_REAL_1-E02-9004,5,1043,PIR_REAL_1:DUMMY
PIR_REAL_1-E02-9004,6,1063,PIR_REAL_1:DUMMY
PIR_REAL_1-E02-9004,7,1006,PIR_REAL_1:DUMMY
PIR_REAL_1-E02-9004,8,1051,PIR_REAL_1:DUMMY
PIR_REAL_1-E02-9004,9,1058,PIR_REAL_1:DUMMY
PIR_REAL_1-E02-9004,10,1061,PIR_REAL_1:DUMMY
PIR_REAL_1-E02-9004,11,1056,PIR_REAL_1:DUMMY
PIR_REAL_1-E02-9004,12,1025,PIR_REAL_1:DUMMY
PIR_REAL_1-E02-9004,13,1020,PIR_REAL_1:DUMMY
PIR_REAL_1-E02-9004,14,1050,PIR_REAL_1:DUMMY
PIR_REAL_1-E02-9004,15,1048,PIR_REAL_1:DUMMY
PIR_REAL_1-E02-9004,16,1057,PIR_REAL_1:DUMMY
PIR_REAL_1-E02-9004,17,1053,PIR_REAL_1:DUMMY
PIR_REAL_1-E02-9004,18,1009,PIR_REAL_1:DUMMY
PIR_REAL_1-E02-9004,19,1013,PIR_REAL_1:DUMMY
PIR_REAL_1-E02-9004,20,1033,PIR_REAL_1:DUMMY
PIR_REAL_1-E02-9004,21,1020,PIR_REAL_1:DUMMY
PIR_REAL_1-E02-9004,22,1011,PIR_REAL_1:DUMMY
PIR_REAL_1-E02-9004,23,1052,PIR_REAL_1:DUMMY
PIR_REAL_1-E02-9004,24,1041,PIR_REAL_1:DUMMY
PIR_REAL_1-E02-9004,25,1004,PIR_REAL_1:DUMMY
PIR_REAL_1-E02-9004,26,1062,PIR_REAL_1:DUMMY
PIR_REAL_1-E02-9004,27,1034,PIR_REAL_1:DUMMY
PIR_REAL_1-E02-9004,28,1018,PIR_REAL_1:DUMMY
PIR_REAL_1-E02-9004,29,1007,PIR_REAL_1:DUMMY
PIR_REAL_1-E02-9004,30,1026,PIR_REAL_1:DUMMY
PIR_REAL_1-E02-9004,31,1023,PIR_REAL_1:DUMMY
PIR_REAL_1-E02-9004,32,1029,PIR_REAL_1:DUMMY
PIR_REAL_1-E02-9004,33,1000,PIR_REAL_1:DUMMY
PIR_REAL_1-E02-9004,34,1017,PIR_REAL_1:DUMMY
PIR_REAL_1-E02-9004,35,1047,PIR_REAL_1:DUMMY
PIR_REAL_1-E02-9004,36,17,PIR_REAL_1:REAL
PIR_REAL_1-E02-9004,37,1030,PIR_REAL_1:DUMMY
PIR_REAL_1-E02-9004,38,1040,PIR_REAL_1:DUMMY
PIR_REAL_1-E02-9004,39,1007,PIR_REAL_1:DUMMY
PIR_REAL_1-E02-9004,40,1035,PIR_REAL_1:DUMMY
PIR_REAL_1-E02-9004,41,1000,PIR_REAL_1:DUMMY
PIR_REAL_1-E02-9004,42,1020,PIR_REAL_1:DUMMY
PIR_REAL_1-E02-9004,43,1053,PIR_REAL_1:DUMMY
PIR_REAL_1-E02-9004,44,1042,PIR_REAL_1:DUMMY
PIR_REAL_1-E02-9004,45,1035,PIR_REAL_1:DUMMY
PIR_REAL_1-E02-9004,46,1046,PIR_REAL_1:DUMMY
PIR_REAL_1-E02-9004,47,1022,PIR_REAL_1:DUMMY
PIR_REAL_1-E02-9004,48,1026,PIR_REAL_1:DUMMY
PIR_REAL_1-E02-9004,49,1035,PIR_REAL_1:DUMMY
PIR_REAL_1-E02-9004,50,1056,PIR_REAL_1:DUMMY
PIR_REAL_1-E02-9004,51,1005,PIR_REAL_1:DUMMY
PIR_REAL_1-E02-9004,52,1016,PIR_REAL_1:DUMMY
PIR_REAL_1-E02-9004,53,1059,PIR_REAL_1:DUMMY
PIR_REAL_1-E02-9004,54,1015,PIR_REAL_1:DUMMY
PIR_REAL_1-E02-9004,55,1021,PIR_REAL_1:DUMMY
PIR_REAL_1-E02-9004,56,1016,PIR_REAL_1:DUMMY
PIR_REAL_1-E02-9004,57,1060,PIR_REAL_1:DUMMY
PIR_REAL_1-E02-9004,58,1018,PIR_REAL_1:DUMMY
PIR_REAL_1-E02-9004,59,1002,PIR_REAL_1:DUMMY
PIR_REAL_1-E02-9004,60,1044,PIR_REAL_1:DUMMY
PIR_REAL_1-E02-9004,61,1026,PIR_REAL_1:DUMMY
PIR_REAL_1-E02-9004,62,1059,PIR_REAL_1:DUMMY
PIR_REAL_1-E02-9004,63,1037,PIR_REAL_1:DUMMY
PIR_REAL_1-E02-9004,64,1010,PIR_REAL_1:DUMMY
PIR_REAL_1-E02-9004,65,1035,PIR_REAL_1:DUMMY
PIR_REAL_1-E02-9004,66,1007,PIR_REAL_1:DUMMY
PIR_REAL_1-E02-9004,67,1052,PIR_REAL_1:DUMMY
PIR_REAL_1-E02-9004,68,1011,PIR_REAL_1:DUMMY
PIR_REAL_1-E02-9004,69,1024,PIR_REAL_1:DUMMY
PIR_REAL_1-E02-9004,70,1015,PIR_REAL_1:DUMMY
PIR_REAL_1-E02-9004,71,1060,PIR_REAL_1:DUMMY
PIR_REAL_1-E02-9004,72,1026,PIR_REAL_1:DUMMY
PIR_REAL_1-E02-9004,73,1057,PIR_REAL_1:DUMMY
PIR_REAL_1-E02-9004,74,1059,PIR_REAL_1:DUMMY
PIR_REAL_1-E02-9004,75,1014,PIR_REAL_1:DUMMY
PIR_REAL_1-E02-9004,76,1012,PIR_REAL_1:DUMMY
PIR_REAL_1-E02-9004,77,1015,PIR_REAL_1:DUMMY
PIR_REAL_1-E02-9004,78,1056,PIR_REAL_1:DUMMY
PIR_REAL_1-E02-9004,79,1041,PIR_REAL_1:DUMMY
PIR_REAL_1-E02-9004,80,1002,PIR_REAL_1:DUMMY
PIR_REAL_1-E02-9004,81,1053,PIR_REAL_1:DUMMY
PIR_REAL_1-E02-9004,82,1016,PIR_REAL_1:DUMMY
PIR_REAL_1-E02-9004,83,1026,PIR_REAL_1:DUMMY
PIR_REAL_1-E02-9004,84,1057,PIR_REAL_1:DUMMY
PIR_REAL_1-E02-9004,85,1048,PIR_REAL_1:DUMMY
PIR_REAL_1-E02-9004,86,1029,PIR_REAL_1:DUMMY
PIR_REAL_1-E02-9004,87,1041,PIR_REAL_1:DUMMY
PIR_REAL_1-E02-9004,88,1024,PIR_REAL_1:DUMMY
PIR_REAL_1-E02-9004,89,1034,PIR_REAL_1:DUMMY
PIR_REAL_1-E02-9004,90,1000,PIR_REAL_1:DUMMY
PIR_REAL_1-E02-9004,91,1046,PIR_REAL_1:DUMMY
PIR_REAL_1-E02-9004,92,1009,PIR_REAL_1:DUMMY
PIR_REAL_1-E02-9004,93,1051,PIR_REAL_1:DUMMY
PIR_REAL_1-E02-9004,94,1043,PIR_REAL_1:DUMMY
PIR_REAL_1-E02-9004,95,1035,PIR_REAL_1:DUMMY
PIR_REAL_1-E02-9004,96,1031,PIR_REAL_1:DUMMY
PIR_REAL_1-E02-9004,97,1036,PIR_REAL_1:DUMMY
PIR_REAL_1-E02-9004,98,1031,PIR_REAL_1:DUMMY
PIR_REAL_1-E02-9004,99,1057,PIR_REAL_1:DUMMY
M6-E00-9004,0,30,M6:REAL
M6-E00-9004,1,30,M6:REAL
M6-E00-9004,2,30,M6:REAL
M6-E00-9004,3,30,M6:REAL
M6-E00-9004,4,30,M6:REAL
M6-E00-9004,5,30,M6:REAL
M6-E00-9004,6,30,M6:REAL
M6-E00-9004,7,30,M6:REAL
M6-E00-9004,8,30,M6:REAL
M6-E00-9004,9,30,M6:REAL
M6-E00-9004,10,30,M6:REAL
M6-E00-9004,11,30,M6:REAL
M6-E00-9004,12,30,M6:REAL
M6-E00-9004,13,30,M6:REAL
M6-E00-9004,14,30,M6:REAL
M6-E00-9004,15,30,M6:REAL
M6-E00-9004,16,30,M6:REAL
M6-E00-9004,17,30,M6:REAL
M6-E00-9004,18,30,M6:REAL
M6-E00-9004,19,30,M6:REAL
M6-E00-9004,20,30,M6:REAL
M6-E00-9004,21,30,M6:REAL
M6-E00-9004,22,30,M6:REAL
M6-E00-9004,23,30,M6:REAL
M6-E00-9004,24,30,M6:REAL
M6-E00-9004,25,30,M6:REAL
M6-E00-9004,26,30,M6:REAL
M6-E00-9004,27,30,M6:REAL
M6-E00-9004,28,30,M6:REAL
M6-E00-9004,29,30,M6:REAL
M6-E00-9004,30,30,M6:REAL
M6-E00-9004,31,30,M6:REAL
M6-E00-9004,32,30,M6:REAL
M6-E00-9004,33,30,M6:REAL
M6-E00-9004,34,30,M6:REAL
M6-E00-9004,35,30,M6:REAL
M6-E00-9004,36,30,M6:REAL
M6-E00-9004,37,30,M6:REAL
M6-E00-9004,38,30,M6:REAL
M6-E00-9004,39,30,M6:REAL
M6-E00-9004,40,30,M6:REAL
M6-E00-9004,41,30,M6:REAL
M6-E00-9004,42,30,M6:REAL
M6-E00-9004,43,30,M6:REAL
M6-E00-9004,44,30,M6:REAL
M6-E00-9004,45,30,M6:REAL
M6-E00-9004,46,30,M6:REAL
M6-E00-9004,47,30,M6:REAL
M6-E00-9004,48,30,M6:REAL
M6-E00-9004,49,30,M6:REAL
M6-E00-9004,50,30,M6:REAL
M6-E00-9004,51,30,M6:REAL
M6-E00-9004,52,30,M6:REAL
M6-E00-9004,53,30,M6:REAL
M6-E00-9004,54,30,M6:REAL
M6-E00-9004,55,30,M6:REAL
M6-E00-9004,56,30,M6:REAL
M6-E00-9004,57,30,M6:REAL
M6-E00-9004,58,30,M6:REAL
M6-E00-9004,59,30,M6:REAL
M6-E00-9004,60,30,M6:REAL
M6-E00-9004,61,30,M6:REAL
M6-E00-9004,62,30,M6:REAL
M6-E00-9004,63,30,M6:REAL
M6-E00-9004,64,30,M6:REAL
M6-E00-9004,65,30,M6:REAL
M6-E00-9004,66,30,M6:REAL
M6-E00-9004,67,30,M6:REAL
M6-E00-9004,68,30,M6:REAL
M6-E00-9004,69,30,M6:REAL
M6-E00-9004,70,30,M6:REAL
M6-E00-9004,71,30,M6:REAL
M6-E00-9004,72,30,M6:REAL
M6-E00-9004,73,30,M6:REAL
M6-E00-9004,74,30,M6:REAL
M6-E00-9004,75,30,M6:REAL
M6-E00-9004,76,30,M6:REAL
M6-E00-9004,77,30,M6:REAL
M6-E00-9004,78,30,M6:REAL
M6-E00-9004,79,30,M6:REAL
M6-E00-9004,80,30,M6:REAL
M6-E00-9004,81,30,M6:REAL
M6-E00-9004,82,30,M6:REAL
M6-E00-9004,83,30,M6:REAL
M6-E00-9004,84,30,M6:REAL
M6-E00-9004,85,30,M6:REAL
M6-E00-9004,86,30,M6:REAL
M6-E00-9004,87,30,M6:REAL
M6-E00-9004,88,30,M6:REAL
M6-E00-9004,89,30,M6:REAL
M6-E00-9004,90,30,M6:REAL
M6-E00-9004,91,30,M6:REAL
M6-E00-9004,92,30,M6:REAL
M6-E00-9004,93,30,M6:REAL
M6-E00-9004,94,30,M6:REAL
M6-E00-9004,95,30,M6:REAL
M6-E00-9004,96,30,M6:REAL
M6-E00-9004,97,30,M6:REAL
M6-E00-9004,98,30,M6:REAL
M6-E00-9004,99,30,M6:REAL
M5-E05-9004,0,10,M5:REAL
M5-E05-9004,1,12,M5:REAL
M5-E05-9004,2,10,M5:REAL
M5-E05-9004,3,12,M5:REAL
M5-E05-9004,4,10,M5:REAL
M5-E05-9004,5,12,M5:REAL
M5-E05-9004,6,10,M5:REAL
M5-E05-9004,7,12,M5:REAL
M5-E05-9004,8,10,M5:REAL
M5-E05-9004,9,12,M5:REAL
M5-E05-9004,10,10,M5:REAL
M5-E05-9004,11,12,M5:REAL
M5-E05-9004,12,10,M5:REAL
M5-E05-9004,13,12,M5:REAL
M5-E05-9004,14,10,M5:REAL
M5-E05-9004,15,12,M5:REAL
M5-E05-9004,16,10,M5:REAL
M5-E05-9004,17,12,M5:REAL
M5-E05-9004,18,10,M5:REAL
M5-E05-9004,19,12,M5:REAL
M5-E05-9004,20,10,M5:REAL
M5-E05-9004,21,12,M5:REAL
M5-E05-9004,22,10,M5:REAL
M5-E05-9004,23,12,M5:REAL
M5-E05-9004,24,10,M5:REAL
M5-E05-9004,25,12,M5:REAL
M5-E05-9004,26,10,M5:REAL
M5-E05-9004,27,12,M5:REAL
M5-E05-9004,28,10,M5:REAL
M5-E05-9004,29,12,M5:REAL
M5-E05-9004,30,10,M5:REAL
M5-E05-9004,31,12,M5:REAL
M5-E05-9004,32,10,M5:REAL
M5-E05-9004,33,12,M5:REAL
M5-E05-9004,34,10,M5:REAL
M5-E05-9004,35,12,M5:REAL
M5-E05-9004,36,10,M5:REAL
M5-E05-9004,37,12,M5:REAL
M5-E05-9004,38,10,M5:REAL
M5-E05-9004,39,12,M5:REAL
M5-E05-9004,40,10,M5:REAL
M5-E05-9004,41,12,M5:REAL
M5-E05-9004,42,10,M5:REAL
M5-E05-9004,43,12,M5:REAL
M5-E05-9004,44,10,M5:REAL
M5-E05-9004,45,12,M5:REAL
M5-E05-9004,46,10,M5:REAL
M5-E05-9004,47,12,M5:REAL
M5-E05-9004,48,10,M5:REAL
M5-E05-9004,49,12,M5:REAL
M5-E05-9004,50,10,M5:REAL
M5-E05-9004,51,12,M5:REAL
M5-E05-9004,52,10,M5:REAL
M5-E05-9004,53,12,M5:REAL
M5-E05-9004,54,10,M5:REAL
M5-E05-9004,55,12,M5:REAL
M5-E05-9004,56,10,M5:REAL
M5-E05-9004,57,12,M5:REAL
M5-E05-9004,58,10,M5:REAL
M5-E05-9004,59,12,M5:REAL
M5-E05-9004,60,10,M5:REAL
M5-E05-9004,61,12,M5:REAL
M5-E05-9004,62,10,M5:REAL
M5-E05-9004,63,12,M5:REAL
M5-E05-9004,64,10,M5:REAL
M5-E05-9004,65,12,M5:REAL
M5-E05-9004,66,10,M5:REAL
M5-E05-9004,67,12,M5:REAL
M5-E05-9004,68,10,M5:REAL
M5-E05-9004,69,12,M5:REAL
M5-E05-9004,70,10,M5:REAL
M5-E05-9004,71,12,M5:REAL
M5-E05-9004,72,10,M5:REAL
M5-E05-9004,73,12,M5:REAL
M5-E05-9004,74,10,M5:REAL
M5-E05-9004,75,12,M5:REAL
M5-E05-9004,76,10,M5:REAL
M5-E05-9004,77,12,M5:REAL
M5-E05-9004,78,10,M5:REAL
M5-E05-9004,79,12,M5:REAL
M5-E05-9004,80,10,M5:REAL
M5-E05-9004,81,12,M5:REAL
M5-E05-9004,82,10,M5:REAL
M5-E05-9004,83,12,M5:REAL
M5-E05-9004,84,10,M5:REAL
M5-E05-9004,85,12,M5:REAL
M5-E05-9004,86,10,M5:REAL
M5-E05-9004,87,12,M5:REAL
M5-E05-9004,88,10,M5:REAL
M5-E05-9004,89,12,M5:REAL
M5-E05-9004,90,10,M5:REAL
M5-E05-9004,91,12,M5:REAL
M5-E05-9004,92,10,M5:REAL
M5-E05-9004,93,12,M5:REAL
M5-E05-9004,94,10,M5:REAL
M5-E05-9004,95,12,M5:REAL
M5-E05-9004,96,10,M5:REAL
M5-E05-9004,97,12,M5:REAL
M5-E05-9004,98,10,M5:REAL
M5-E05-9004,99,12,M5:REAL
PIR_REAL_1-E01-9004,0,1016,PIR_REAL_1:DUMMY
PIR_REAL_1-E01-9004,1,1057,PIR_REAL_1:DUMMY
PIR_REAL_1-E01-9004,2,1045,PIR_REAL_1:DUMMY
PIR_REAL_1-E01-9004,3,1019,PIR_REAL_1:DUMMY
PIR_REAL_1-E01-9004,4,1062,PIR_REAL_1:DUMMY
PIR_REAL_1-E01-9004,5,1040,PIR_REAL_1:DUMMY
PIR_REAL_1-E01-9004,6,1028,PIR_REAL_1:DUMMY
PIR_REAL_1-E01-9004,7,1003,PIR_REAL_1:DUMMY
PIR_REAL_1-E01-9004,8,1027,PIR_REAL_1:DUMMY
PIR_REAL_1-E01-9004,9,1009,PIR_REAL_1:DUMMY
PIR_REAL_1-E01-9004,10,1028,PIR_REAL_1:DUMMY
PIR_REAL_1-E01-9004,11,1012,PIR_REAL_1:DUMMY
PIR_REAL_1-E01-9004,12,1030,PIR_REAL_1:DUMMY
PIR_REAL_1-E01-9004,13,1022,PIR_REAL_1:DUMMY
PIR_REAL_1-E01-9004,14,1041,PIR_REAL_1:DUMMY
PIR_REAL_1-E01-9004,15,1058,PIR_REAL_1:DUMMY
PIR_REAL_1-E01-9004,16,1016,PIR_REAL_1:DUMMY
PIR_REAL_1-E01-9004,17,1002,PIR_REAL_1:DUMMY
PIR_REAL_1-E01-9004,18,1017,PIR_REAL_1:DUMMY
PIR_REAL_1-E01-9004,19,1059,PIR_REAL_1:DUMMY
PIR_REAL_1-E01-9004,20,1001,PIR_REAL_1:DUMMY
PIR_REAL_1-E01-9004,21,1060,PIR_REAL_1:DUMMY
PIR_REAL_1-E01-9004,22,1052,PIR_REAL_1:DUMMY
PIR_REAL_1-E01-9004,23,1054,PIR_REAL_1:DUMMY
PIR_REAL_1-E01-9004,24,1045,PIR_REAL_1:DUMMY
PIR_REAL_1-E01-9004,25,1005,PIR_REAL_1:DUMMY
PIR_REAL_1-E01-9004,26,1039,PIR_REAL_1:DUMMY
PIR_REAL_1-E01-9004,27,1020,PIR_REAL_1:DUMMY
PIR_REAL_1-E01-9004,28,1056,PIR_REAL_1:DUMMY
PIR_REAL_1-E01-9004,29,1052,PIR_REAL_1:DUMMY
PIR_REAL_1-E01-9004,30,1032,PIR_REAL_1:DUMMY
PIR_REAL_1-E01-9004,31,1003,PIR_REAL_1:DUMMY
PIR_REAL_1-E01-9004,32,1060,PIR_REAL_1:DUMMY
PIR_REAL_1-E01-9004,33,1029,PIR_REAL_1:DUMMY
PIR_REAL_1-E01-9004,34,1063,PIR_REAL_1:DUMMY
PIR_REAL_1-E01-9004,35,1011,PIR_REAL_1:DUMMY
PIR_REAL_1-E01-9004,36,1004,PIR_REAL_1:DUMMY
PIR_REAL_1-E01-9004,37,1014,PIR_REAL_1:DUMMY
PIR_REAL_1-E01-9004,38,1039,PIR_REAL_1:DUMMY
PIR_REAL_1-E01-9004,39,1047,PIR_REAL_1:DUMMY
PIR_REAL_1-E01-9004,40,1017,PIR_REAL_1:DUMMY
PIR_REAL_1-E01-9004,41,1005,PIR_REAL_1:DUMMY
PIR_REAL_1-E01-9004,42,1052,PIR_REAL_1:DUMMY
PIR_REAL_1-E01-9004,43,1037,PIR_REAL_1:DUMMY
PIR_REAL_1-E01-9004,44,1048,PIR_REAL_1:DUMMY
PIR_REAL_1-E01-9004,45,1004,PIR_REAL_1:DUMMY
PIR_REAL_1-E01-9004,46,1010,PIR_REAL_1:DUMMY
PIR_REAL_1-E01-9004,47,1018,PIR_REAL_1:DUMMY
PIR_REAL_1-E01-9004,48,1048,PIR_REAL_1:DUMMY
PIR_REAL_1-E01-9004,49,1052,PIR_REAL_1:DUMMY
PIR_REAL_1-E01-9004,50,1054,PIR_REAL_1:DUMMY
PIR_REAL_1-E01-9004,51,1045,PIR_REAL_1:DUMMY
PIR_REAL_1-E01-9004,52,17,PIR_REAL_1:REAL
PIR_REAL_1-E01-9004,53,1030,PIR_REAL_1:DUMMY
PIR_REAL_1-E01-9004,54,1016,PIR_REAL_1:DUMMY
PIR_REAL_1-E01-9004,55,1025,PIR_REAL_1:DUMMY
PIR_REAL_1-E01-9004,56,1020,PIR_REAL_1:DUMMY
PIR_REAL_1-E01-9004,57,1033,PIR_REAL_1:DUMMY
PIR_REAL_1-E01-9004,58,1051,PIR_REAL_1:DUMMY
PIR_REAL_1-E01-9004,59,1007,PIR_REAL_1:DUMMY
PIR_REAL_1-E01-9004,60,1027,PIR_REAL_1:DUMMY
PIR_REAL_1-E01-9004,61,1040,PIR_REAL_1:DUMMY
PIR_REAL_1-E01-9004,62,1056,PIR_REAL_1:DUMMY
PIR_REAL_1-E01-9004,63,1050,PIR_REAL_1:DUMMY
PIR_REAL_1-E01-9004,64,1011,PIR_REAL_1:DUMMY
PIR_REAL_1-E01-9004,65,1004,PIR_REAL_1:DUMMY
PIR_REAL_1-E01-9004,66,1023,PIR_REAL_1:DUMMY
PIR_REAL_1-E01-9004,67,1041,PIR_REAL_1:DUMMY
PIR_REAL_1-E01-9004,68,1023,PIR_REAL_1:DUMMY
PIR_REAL_1-E01-9004,69,1055,PIR_REAL_1:DUMMY
PIR_REAL_1-E01-9004,70,1006,PIR_REAL_1:DUMMY
PIR_REAL_1-E01-9004,71,1050,PIR_REAL_1:DUMMY
PIR_REAL_1-E01-9004,72,1017,PIR_REAL_1:DUMMY
PIR_REAL_1-E01-9004,73,1042,PIR_REAL_1:DUMMY
PIR_REAL_1-E01-9004,74,1020,PIR_REAL_1:DUMMY
PIR_REAL_1-E01-9004,75,1004,PIR_REAL_1:DUMMY
PIR_REAL_1-E01-9004,76,1040,PIR_REAL_1:DUMMY
PIR_REAL_1-E01-9004,77,1001,PIR_REAL_1:DUMMY
PIR_REAL_1-E01-9004,78,1026,PIR_REAL_1:DUMMY
PIR_REAL_1-E01-9004,79,1043,PIR_REAL_1:DUMMY
PIR_REAL_1-E01-9004,80,1053,PIR_REAL_1:DUMMY
PIR_REAL_1-E01-9004,81,1004,PIR_REAL_1:DUMMY
PIR_REAL_1-E01-9004,82,1059,PIR_REAL_1:DUMMY
PIR_REAL_1-E01-9004,83,1010,PIR_REAL_1:DUMMY
PIR_REAL_1-E01-9004,84,1039,PIR_REAL_1:DUMMY
PIR_REAL_1-E01-9004,85,1015,PIR_REAL_1:DUMMY
PIR_REAL_1-E01-9004,86,1044,PIR_REAL_1:DUMMY
PIR_REAL_1-E01-9004,87,1014,PIR_REAL_1:DUMMY
PIR_REAL_1-E01-9004,88,1041,PIR_REAL_1:DUMMY
PIR_REAL_1-E01-9004,89,1038,PIR_REAL_1:DUMMY
PIR_REAL_1-E01-9004,90,1054,PIR_REAL_1:DUMMY
PIR_REAL_1-E01-9004,91,1031,PIR_REAL_1:DUMMY
PIR_REAL_1-E01-9004,92,1043,PIR_REAL_1:DUMMY
PIR_REAL_1-E01-9004,93,1012,PIR_REAL_1:DUMMY
PIR_REAL_1-E01-9004,94,1047,PIR_REAL_1:DUMMY
PIR_REAL_1-E01-9004,95,1026,PIR_REAL_1:DUMMY
PIR_REAL_1-E01-9004,96,1057,PIR_REAL_1:DUMMY
PIR_REAL_1-E01-9004,97,1022,PIR_REAL_1:DUMMY
PIR_REAL_1-E01-9004,98,1024,PIR_REAL_1:DUMMY
PIR_REAL_1-E01-9004,99,1029,PIR_REAL_1:DUMMY
M0-E00-9004,0,17,M0:REAL
M0-E00-9004,1,17,M0:REAL
M0-E00-9004,2,17,M0:REAL
M0-E00-9004,3,17,M0:REAL
M0-E00-9004,4,17,M0:REAL
M0-E00-9004,5,17,M0:REAL
M0-E00-9004,6,17,M0:REAL
M0-E00-9004,7,17,M0:REAL
M0-E00-9004,8,17,M0:REAL
M0-E00-9004,9,17,M0:REAL
M0-E00-9004,10,17,M0:REAL
M0-E00-9004,11,17,M0:REAL
M0-E00-9004,12,17,M0:REAL
M0-E00-9004,13,17,M0:REAL
M0-E00-9004,14,17,M0:REAL
M0-E00-9004,15,17,M0:REAL
M0-E00-9004,16,17,M0:REAL
M0-E00-9004,17,17,M0:REAL
M0-E00-9004,18,17,M0:REAL
M0-E00-9004,19,17,M0:REAL
M0-E00-9004,20,17,M0:REAL
M0-E00-9004,21,17,M0:REAL
M0-E00-9004,22,17,M0:REAL
M0-E00-9004,23,17,M0:REAL
M0-E00-9004,24,17,M0:REAL
M0-E00-9004,25,17,M0:REAL
M0-E00-9004,26,17,M0:REAL
M0-E00-9004,27,17,M0:REAL
M0-E00-9004,28,17,M0:REAL
M0-E00-9004,29,17,M0:REAL
M0-E00-9004,30,17,M0:REAL
M0-E00-9004,31,17,M0:REAL
M0-E00-9004,32,17,M0:REAL
M0-E00-9004,33,17,M0:REAL
M0-E00-9004,34,17,M0:REAL
M0-E00-9004,35,17,M0:REAL
M0-E00-9004,36,17,M0:REAL
M0-E00-9004,37,17,M0:REAL
M0-E00-9004,38,17,M0:REAL
M0-E00-9004,39,17,M0:REAL
M0-E00-9004,40,17,M0:REAL
M0-E00-9004,41,17,M0:REAL
M0-E00-9004,42,17,M0:REAL
M0-E00-9004,43,17,M0:REAL
M0-E00-9004,44,17,M0:REAL
M0-E00-9004,45,17,M0:REAL
M0-E00-9004,46,17,M0:REAL
M0-E00-9004,47,17,M0:REAL
M0-E00-9004,48,17,M0:REAL
M0-E00-9004,49,17,M0:REAL
M0-E00-9004,50,17,M0:REAL
M0-E00-9004,51,17,M0:REAL
M0-E00-9004,52,17,M0:REAL
M0-E00-9004,53,17,M0:REAL
M0-E00-9004,54,17,M0:REAL
M0-E00-9004,55,17,M0:REAL
M0-E00-9004,56,17,M0:REAL
M0-E00-9004,57,17,M0:REAL
M0-E00-9004,58,17,M0:REAL
M0-E00-9004,59,17,M0:REAL
M0-E00-9004,60,17,M0:REAL
M0-E00-9004,61,17,M0:REAL
M0-E00-9004,62,17,M0:REAL
M0-E00-9004,63,17,M0:REAL
M0-E00-9004,64,17,M0:REAL
M0-E00-9004,65,17,M0:REAL
M0-E00-9004,66,17,M0:REAL
M0-E00-9004,67,17,M0:REAL
M0-E00-9004,68,17,M0:REAL
M0-E00-9004,69,17,M0:REAL
M0-E00-9004,70,17,M0:REAL
M0-E00-9004,71,17,M0:REAL
M0-E00-9004,72,17,M0:REAL
M0-E00-9004,73,17,M0:REAL
M0-E00-9004,74,17,M0:REAL
M0-E00-9004,75,17,M0:REAL
M0-E00-9004,76,17,M0:REAL
M0-E00-9004,77,17,M0:REAL
M0-E00-9004,78,17,M0:REAL
M0-E00-9004,79,17,M0:REAL
M0-E00-9004,80,17,M0:REAL
M0-E00-9004,81,17,M0:REAL
M0-E00-9004,82,17,M0:REAL
M0-E00-9004,83,17,M0:REAL
M0-E00-9004,84,17,M0:REAL
M0-E00-9004,85,17,M0:REAL
M0-E00-9004,86,17,M0:REAL
M0-E00-9004,87,17,M0:REAL
M0-E00-9004,88,17,M0:REAL
M0-E00-9004,89,17,M0:REAL
M0-E00-9004,90,17,M0:REAL
M0-E00-9004,91,17,M0:REAL
M0-E00-9004,92,17,M0:REAL
M0-E00-9004,93,17,M0:REAL
M0-E00-9004,94,17,M0:REAL
M0-E00-9004,95,17,M0:REAL
M0-E00-9004,96,17,M0:REAL
M0-E00-9004,97,17,M0:REAL
M0-E00-9004,98,17,M0:REAL
M0-E00-9004,99,17,M0:REAL
M5-E04-9004,0,10,M5:REAL
M5-E04-9004,1,12,M5:REAL
M5-E04-9004,2,10,M5:REAL
M5-E04-9004,3,12,M5:REAL
M5-E04-9004,4,10,M5:REAL
M5-E04-9004,5,12,M5:REAL
M5-E04-9004,6,10,M5:REAL
M5-E04-9004,7,12,M5:REAL
M5-E04-9004,8,10,M5:REAL
M5-E04-9004,9,12,M5:REAL
M5-E04-9004,10,10,M5:REAL
M5-E04-9004,11,12,M5:REAL
M5-E04-9004,12,10,M5:REAL
M5-E04-9004,13,12,M5:REAL
M5-E04-9004,14,10,M5:REAL
M5-E04-9004,15,12,M5:REAL
M5-E04-9004,16,10,M5:REAL
M5-E04-9004,17,12,M5:REAL
M5-E04-9004,18,10,M5:REAL
M5-E04-9004,19,12,M5:REAL
M5-E04-9004,20,10,M5:REAL
M5-E04-9004,21,12,M5:REAL
M5-E04-9004,22,10,M5:REAL
M5-E04-9004,23,12,M5:REAL
M5-E04-9004,24,10,M5:REAL
M5-E04-9004,25,12,M5:REAL
M5-E04-9004,26,10,M5:REAL
M5-E04-9004,27,12,M5:REAL
M5-E04-9004,28,10,M5:REAL
M5-E04-9004,29,12,M5:REAL
M5-E04-9004,30,10,M5:REAL
M5-E04-9004,31,12,M5:REAL
M5-E04-9004,32,10,M5:REAL
M5-E04-9004,33,12,M5:REAL
M5-E04-9004,34,10,M5:REAL
M5-E04-9004,35,12,M5:REAL
M5-E04-9004,36,10,M5:REAL
M5-E04-9004,37,12,M5:REAL
M5-E04-9004,38,10,M5:REAL
M5-E04-9004,39,12,M5:REAL
M5-E04-9004,40,10,M5:REAL
M5-E04-9004,41,12,M5:REAL
M5-E04-9004,42,10,M5:REAL
M5-E04-9004,43,12,M5:REAL
M5-E04-9004,44,10,M5:REAL
M5-E04-9004,45,12,M5:REAL
M5-E04-9004,46,10,M5:REAL
M5-E04-9004,47,12,M5:REAL
M5-E04-9004,48,10,M5:REAL
M5-E04-9004,49,12,M5:REAL
M5-E04-9004,50,10,M5:REAL
M5-E04-9004,51,12,M5:REAL
M5-E04-9004,52,10,M5:REAL
M5-E04-9004,53,12,M5:REAL
M5-E04-9004,54,10,M5:REAL
M5-E04-9004,55,12,M5:REAL
M5-E04-9004,56,10,M5:REAL
M5-E04-9004,57,12,M5:REAL
M5-E04-9004,58,10,M5:REAL
M5-E04-9004,59,12,M5:REAL
M5-E04-9004,60,10,M5:REAL
M5-E04-9004,61,12,M5:REAL
M5-E04-9004,62,10,M5:REAL
M5-E04-9004,63,12,M5:REAL
M5-E04-9004,64,10,M5:REAL
M5-E04-9004,65,12,M5:REAL
M5-E04-9004,66,10,M5:REAL
M5-E04-9004,67,12,M5:REAL
M5-E04-9004,68,10,M5:REAL
M5-E04-9004,69,12,M5:REAL
M5-E04-9004,70,10,M5:REAL
M5-E04-9004,71,12,M5:REAL
M5-E04-9004,72,10,M5:REAL
M5-E04-9004,73,12,M5:REAL
M5-E04-9004,74,10,M5:REAL
M5-E04-9004,75,12,M5:REAL
M5-E04-9004,76,10,M5:REAL
M5-E04-9004,77,12,M5:REAL
M5-E04-9004,78,10,M5:REAL
M5-E04-9004,79,12,M5:REAL
M5-E04-9004,80,10,M5:REAL
M5-E04-9004,81,12,M5:REAL
M5-E04-9004,82,10,M5:REAL
M5-E04-9004,83,12,M5:REAL
M5-E04-9004,84,10,M5:REAL
M5-E04-9004,85,12,M5:REAL
M5-E04-9004,86,10,M5:REAL
M5-E04-9004,87,12,M5:REAL
M5-E04-9004,88,10,M5:REAL
M5-E04-9004,89,12,M5:REAL
M5-E04-9004,90,10,M5:REAL
M5-E04-9004,91,12,M5:REAL
M5-E04-9004,92,10,M5:REAL
M5-E04-9004,93,12,M5:REAL
M5-E04-9004,94,10,M5:REAL
M5-E04-9004,95,12,M5:REAL
M5-E04-9004,96,10,M5:REAL
M5-E04-9004,97,12,M5:REAL
M5-E04-9004,98,10,M5:REAL
M5-E04-9004,99,12,M5:REAL
PIR_REAL_1-E00-9004,0,1018,PIR_REAL_1:DUMMY
PIR_REAL_1-E00-9004,1,1061,PIR_REAL_1:DUMMY
PIR_REAL_1-E00-9004,2,1019,PIR_REAL_1:DUMMY
PIR_REAL_1-E00-9004,3,1001,PIR_REAL_1:DUMMY
PIR_REAL_1-E00-9004,4,1040,PIR_REAL_1:DUMMY
PIR_REAL_1-E00-9004,5,1009,PIR_REAL_1:DUMMY
PIR_REAL_1-E00-9004,6,1045,PIR_REAL_1:DUMMY
PIR_REAL_1-E00-9004,7,1028,PIR_REAL_1:DUMMY
PIR_REAL_1-E00-9004,8,1031,PIR_REAL_1:DUMMY
PIR_REAL_1-E00-9004,9,1044,PIR_REAL_1:DUMMY
PIR_REAL_1-E00-9004,10,1047,PIR_REAL_1:DUMMY
PIR_REAL_1-E00-9004,11,1058,PIR_REAL_1:DUMMY
PIR_REAL_1-E00-9004,12,1023,PIR_REAL_1:DUMMY
PIR_REAL_1-E00-9004,13,1011,PIR_REAL_1:DUMMY
PIR_REAL_1-E00-9004,14,1024,PIR_REAL_1:DUMMY
PIR_REAL_1-E00-9004,15,1018,PIR_REAL_1:DUMMY
PIR_REAL_1-E00-9004,16,1059,PIR_REAL_1:DUMMY
PIR_REAL_1-E00-9004,17,1003,PIR_REAL_1:DUMMY
PIR_REAL_1-E00-9004,18,1033,PIR_REAL_1:DUMMY
PIR_REAL_1-E00-9004,19,1009,PIR_REAL_1:DUMMY
PIR_REAL_1-E00-9004,20,1030,PIR_REAL_1:DUMMY
PIR_REAL_1-E00-9004,21,1043,PIR_REAL_1:DUMMY
PIR_REAL_1-E00-9004,22,1061,PIR_REAL_1:DUMMY
PIR_REAL_1-E00-9004,23,1048,PIR_REAL_1:DUMMY
PIR_REAL_1-E00-9004,24,1061,PIR_REAL_1:DUMMY
PIR_REAL_1-E00-9004,25,1013,PIR_REAL_1:DUMMY
PIR_REAL_1-E00-9004,26,1002,PIR_REAL_1:DUMMY
PIR_REAL_1-E00-9004,27,1044,PIR_REAL_1:DUMMY
PIR_REAL_1-E00-9004,28,1032,PIR_REAL_1:DUMMY
PIR_REAL_1-E00-9004,29,1043,PIR_REAL_1:DUMMY
PIR_REAL_1-E00-9004,30,1032,PIR_REAL_1:DUMMY
PIR_REAL_1-E00-9004,31,1041,PIR_REAL_1:DUMMY
PIR_REAL_1-E00-9004,32,1056,PIR_REAL_1:DUMMY
PIR_REAL_1-E00-9004,33,1040,PIR_REAL_1:DUMMY
PIR_REAL_1-E00-9004,34,1009,PIR_REAL_1:DUMMY
PIR_REAL_1-E00-9004,35,1025,PIR_REAL_1:DUMMY
PIR_REAL_1-E00-9004,36,1057,PIR_REAL_1:DUMMY
PIR_REAL_1-E00-9004,37,1063,PIR_REAL_1:DUMMY
PIR_REAL_1-E00-9004,38,1025,PIR_REAL_1:DUMMY
PIR_REAL_1-E00-9004,39,1003,PIR_REAL_1:DUMMY
PIR_REAL_1-E00-9004,40,1011,PIR_REAL_1:DUMMY
PIR_REAL_1-E00-9004,41,1048,PIR_REAL_1:DUMMY
PIR_REAL_1-E00-9004,42,1051,PIR_REAL_1:DUMMY
PIR_REAL_1-E00-9004,43,1051,PIR_REAL_1:DUMMY
PIR_REAL_1-E00-9004,44,1027,PIR_REAL_1:DUMMY
PIR_REAL_1-E00-9004,45,1000,PIR_REAL_1:DUMMY
PIR_REAL_1-E00-9004,46,1059,PIR_REAL_1:DUMMY
PIR_REAL_1-E00-9004,47,1048,PIR_REAL_1:DUMMY
PIR_REAL_1-E00-9004,48,1016,PIR_REAL_1:DUMMY
PIR_REAL_1-E00-9004,49,1053,PIR_REAL_1:DUMMY
PIR_REAL_1-E00-9004,50,1009,PIR_REAL_1:DUMMY
PIR_REAL_1-E00-9004,51,1028,PIR_REAL_1:DUMMY
PIR_REAL_1-E00-9004,52,1039,PIR_REAL_1:DUMMY
PIR_REAL_1-E00-9004,53,1035,PIR_REAL_1:DUMMY
PIR_REAL_1-E00-9004,54,1016,PIR_REAL_1:DUMMY
PIR_REAL_1-E00-9004,55,1022,PIR_REAL_1:DUMMY
PIR_REAL_1-E00-9004,56,1059,PIR_REAL_1:DUMMY
PIR_REAL_1-E00-9004,57,1009,PIR_REAL_1:DUMMY
PIR_REAL_1-E00-9004,58,1028,PIR_REAL_1:DUMMY
PIR_REAL_1-E00-9004,59,1037,PIR_REAL_1:DUMMY
PIR_REAL_1-E00-9004,60,1044,PIR_REAL_1:DUMMY
PIR_REAL_1-E00-9004,61,1007,PIR_REAL_1:DUMMY
PIR_REAL_1-E00-9004,62,1032,PIR_REAL_1:DUMMY
PIR_REAL_1-E00-9004,63,1063,PIR_REAL_1:DUMMY
PIR_REAL_1-E00-9004,64,1063,PIR_REAL_1:DUMMY
PIR_REAL_1-E00-9004,65,1016,PIR_REAL_1:DUMMY
PIR_REAL_1-E00-9004,66,1057,PIR_REAL_1:DUMMY
PIR_REAL_1-E00-9004,67,1007,PIR_REAL_1:DUMMY
PIR_REAL_1-E00-9004,68,1044,PIR_REAL_1:DUMMY
PIR_REAL_1-E00-9004,69,1062,PIR_REAL_1:DUMMY
PIR_REAL_1-E00-9004,70,1061,PIR_REAL_1:DUMMY
PIR_REAL_1-E00-9004,71,1055,PIR_REAL_1:DUMMY
PIR_REAL_1-E00-9004,72,1050,PIR_REAL_1:DUMMY
PIR_REAL_1-E00-9004,73,1035,PIR_REAL_1:DUMMY
PIR_REAL_1-E00-9004,74,1003,PIR_REAL_1:DUMMY
PIR_REAL_1-E00-9004,75,1006,PIR_REAL_1:DUMMY
PIR_REAL_1-E00-9004,76,1014,PIR_REAL_1:DUMMY
PIR_REAL_1-E00-9004,77,1036,PIR_REAL_1:DUMMY
PIR_REAL_1-E00-9004,78,1060,PIR_REAL_1:DUMMY
PIR_REAL_1-E00-9004,79,1056,PIR_REAL_1:DUMMY
PIR_REAL_1-E00-9004,80,1018,PIR_REAL_1:DUMMY
PIR_REAL_1-E00-9004,81,1012,PIR_REAL_1:DUMMY
PIR_REAL_1-E00-9004,82,1047,PIR_REAL_1:DUMMY
PIR_REAL_1-E00-9004,83,1023,PIR_REAL_1:DUMMY
PIR_REAL_1-E00-9004,84,1001,PIR_REAL_1:DUMMY
PIR_REAL_1-E00-9004,85,1047,PIR_REAL_1:DUMMY
PIR_REAL_1-E00-9004,86,1054,PIR_REAL_1:DUMMY
PIR_REAL_1-E00-9004,87,1023,PIR_REAL_1:DUMMY
PIR_REAL_1-E00-9004,88,1049,PIR_REAL_1:DUMMY
PIR_REAL_1-E00-9004,89,1028,PIR_REAL_1:DUMMY
PIR_REAL_1-E00-9004,90,1026,PIR_REAL_1:DUMMY
PIR_REAL_1-E00-9004,91,1036,PIR_REAL_1:DUMMY
PIR_REAL_1-E00-9004,92,1043,PIR_REAL_1:DUMMY
PIR_REAL_1-E00-9004,93,1025,PIR_REAL_1:DUMMY
PIR_REAL_1-E00-9004,94,1002,PIR_REAL_1:DUMMY
PIR_REAL_1-E00-9004,95,1031,PIR_REAL_1:DUMMY
PIR_REAL_1-E00-9004,96,1013,PIR_REAL_1:DUMMY
PIR_REAL_1-E00-9004,97,1022,PIR_REAL_1:DUMMY
PIR_REAL_1-E00-9004,98,1018,PIR_REAL_1:DUMMY
PIR_REAL_1-E00-9004,99,17,PIR_REAL_1:REAL
M4-E03-9004,0,10,M4:REAL
M4-E03-9004,1,11,M4:REAL
M4-E03-9004,2,10,M4:REAL
M4-E03-9004,3,11,M4:REAL
M4-E03-9004,4,10,M4:REAL
M4-E03-9004,5,11,M4:REAL
M4-E03-9004,6,10,M4:REAL
M4-E03-9004,7,11,M4:REAL
M4-E03-9004,8,10,M4:REAL
M4-E03-9004,9,11,M4:REAL
M4-E03-9004,10,10,M4:REAL
M4-E03-9004,11,11,M4:REAL
M4-E03-9004,12,10,M4:REAL
M4-E03-9004,13,11,M4:REAL
M4-E03-9004,14,10,M4:REAL
M4-E03-9004,15,11,M4:REAL
M4-E03-9004,16,10,M4:REAL
M4-E03-9004,17,11,M4:REAL
M4-E03-9004,18,10,M4:REAL
M4-E03-9004,19,11,M4:REAL
M4-E03-9004,20,10,M4:REAL
M4-E03-9004,21,11,M4:REAL
M4-E03-9004,22,10,M4:REAL
M4-E03-9004,23,11,M4:REAL
M4-E03-9004,24,10,M4:REAL
M4-E03-9004,25,11,M4:REAL
M4-E03-9004,26,10,M4:REAL
M4-E03-9004,27,11,M4:REAL
M4-E03-9004,28,10,M4:REAL
M4-E03-9004,29,11,M4:REAL
M4-E03-9004,30,10,M4:REAL
M4-E03-9004,31,11,M4:REAL
M4-E03-9004,32,10,M4:REAL
M4-E03-9004,33,11,M4:REAL
M4-E03-9004,34,10,M4:REAL
M4-E03-9004,35,11,M4:REAL
M4-E03-9004,36,10,M4:REAL
M4-E03-9004,37,11,M4:REAL
M4-E03-9004,38,10,M4:REAL
M4-E03-9004,39,11,M4:REAL
M4-E03-9004,40,10,M4:REAL
M4-E03-9004,41,11,M4:REAL
M4-E03-9004,42,10,M4:REAL
M4-E03-9004,43,11,M4:REAL
M4-E03-9004,44,10,M4:REAL
M4-E03-9004,45,11,M4:REAL
M4-E03-9004,46,10,M4:REAL
M4-E03-9004,47,11,M4:REAL
M4-E03-9004,48,10,M4:REAL
M4-E03-9004,49,11,M4:REAL
M4-E03-9004,50,10,M4:REAL
M4-E03-9004,51,11,M4:REAL
M4-E03-9004,52,10,M4:REAL
M4-E03-9004,53,11,M4:REAL
M4-E03-9004,54,10,M4:REAL
M4-E03-9004,55,11,M4:REAL
M4-E03-9004,56,10,M4:REAL
M4-E03-9004,57,11,M4:REAL
M4-E03-9004,58,10,M4:REAL
M4-E03-9004,59,11,M4:REAL
M4-E03-9004,60,10,M4:REAL
M4-E03-9004,61,11,M4:REAL
M4-E03-9004,62,10,M4:REAL
M4-E03-9004,63,11,M4:REAL
M4-E03-9004,64,10,M4:REAL
M4-E03-9004,65,11,M4:REAL
M4-E03-9004,66,10,M4:REAL
M4-E03-9004,67,11,M4:REAL
M4-E03-9004,68,10,M4:REAL
M4-E03-9004,69,11,M4:REAL
M4-E03-9004,70,10,M4:REAL
M4-E03-9004,71,11,M4:REAL
M4-E03-9004,72,10,M4:REAL
M4-E03-9004,73,11,M4:REAL
M4-E03-9004,74,10,M4:REAL
M4-E03-9004,75,11,M4:REAL
M4-E03-9004,76,10,M4:REAL
M4-E03-9004,77,11,M4:REAL
M4-E03-9004,78,10,M4:REAL
M4-E03-9004,79,11,M4:REAL
M4-E03-9004,80,10,M4:REAL
M4-E03-9004,81,11,M4:REAL
M4-E03-9004,82,10,M4:REAL
M4-E03-9004,83,11,M4:REAL
M4-E03-9004,84,10,M4:REAL
M4-E03-9004,85,11,M4:REAL
M4-E03-9004,86,10,M4:REAL
M4-E03-9004,87,11,M4:REAL
M4-E03-9004,88,10,M4:REAL
M4-E03-9004,89,11,M4:REAL
M4-E03-9004,90,10,M4:REAL
M4-E03-9004,91,11,M4:REAL
M4-E03-9004,92,10,M4:REAL
M4-E03-9004,93,11,M4:REAL
M4-E03-9004,94,10,M4:REAL
M4-E03-9004,95,11,M4:REAL
M4-E03-9004,96,10,M4:REAL
M4-E03-9004,97,11,M4:REAL
M4-E03-9004,98,10,M4:REAL
M4-E03-9004,99,11,M4:REAL
M3-E05-9004,0,105,M3:REAL
M3-E05-9004,1,105,M3:REAL
M3-E05-9004,2,107,M3:REAL
M3-E05-9004,3,105,M3:REAL
M3-E05-9004,4,103,M3:REAL
M3-E05-9004,5,102,M3:REAL
M3-E05-9004,6,101,M3:REAL
M3-E05-9004,7,103,M3:REAL
M3-E05-9004,8,102,M3:REAL
M3-E05-9004,9,106,M3:REAL
M3-E05-9004,10,105,M3:REAL
M3-E05-9004,11,105,M3:REAL
M3-E05-9004,12,105,M3:REAL
M3-E05-9004,13,100,M3:REAL
M3-E05-9004,14,101,M3:REAL
M3-E05-9004,15,101,M3:REAL
M3-E05-9004,16,100,M3:REAL
M3-E05-9004,17,106,M3:REAL
M3-E05-9004,18,108,M3:REAL
M3-E05-9004,19,107,M3:REAL
M3-E05-9004,20,109,M3:REAL
M3-E05-9004,21,106,M3:REAL
M3-E05-9004,22,101,M3:REAL
M3-E05-9004,23,105,M3:REAL
M3-E05-9004,24,108,M3:REAL
M3-E05-9004,25,103,M3:REAL
M3-E05-9004,26,107,M3:REAL
M3-E05-9004,27,101,M3:REAL
M3-E05-9004,28,104,M3:REAL
M3-E05-9004,29,107,M3:REAL
M3-E05-9004,30,101,M3:REAL
M3-E05-9004,31,102,M3:REAL
M3-E05-9004,32,106,M3:REAL
M3-E05-9004,33,103,M3:REAL
M3-E05-9004,34,107,M3:REAL
M3-E05-9004,35,100,M3:REAL
M3-E05-9004,36,105,M3:REAL
M3-E05-9004,37,103,M3:REAL
M3-E05-9004,38,109,M3:REAL
M3-E05-9004,39,104,M3:REAL
M3-E05-9004,40,106,M3:REAL
M3-E05-9004,41,106,M3:REAL
M3-E05-9004,42,109,M3:REAL
M3-E05-9004,43,102,M3:REAL
M3-E05-9004,44,102,M3:REAL
M3-E05-9004,45,107,M3:REAL
M3-E05-9004,46,101,M3:REAL
M3-E05-9004,47,105,M3:REAL
M3-E05-9004,48,106,M3:REAL
M3-E05-9004,49,105,M3:REAL
M3-E05-9004,50,105,M3:REAL
M3-E05-9004,51,109,M3:REAL
M3-E05-9004,52,102,M3:REAL
M3-E05-9004,53,103,M3:REAL
M3-E05-9004,54,102,M3:REAL
M3-E05-9004,55,108,M3:REAL
M3-E05-9004,56,103,M3:REAL
M3-E05-9004,57,100,M3:REAL
M3-E05-9004,58,106,M3:REAL
M3-E05-9004,59,108,M3:REAL
M3-E05-9004,60,100,M3:REAL
M3-E05-9004,61,105,M3:REAL
M3-E05-9004,62,103,M3:REAL
M3-E05-9004,63,106,M3:REAL
M3-E05-9004,64,101,M3:REAL
M3-E05-9004,65,101,M3:REAL
M3-E05-9004,66,106,M3:REAL
M3-E05-9004,67,100,M3:REAL
M3-E05-9004,68,102,M3:REAL
M3-E05-9004,69,109,M3:REAL
M3-E05-9004,70,108,M3:REAL
M3-E05-9004,71,107,M3:REAL
M3-E05-9004,72,104,M3:REAL
M3-E05-9004,73,105,M3:REAL
M3-E05-9004,74,108,M3:REAL
M3-E05-9004,75,101,M3:REAL
M3-E05-9004,76,104,M3:REAL
M3-E05-9004,77,103,M3:REAL
M3-E05-9004,78,101,M3:REAL
M3-E05-9004,79,103,M3:REAL
M3-E05-9004,80,101,M3:REAL
M3-E05-9004,81,103,M3:REAL
M3-E05-9004,82,102,M3:REAL
M3-E05-9004,83,107,M3:REAL
M3-E05-9004,84,109,M3:REAL
M3-E05-9004,85,103,M3:REAL
M3-E05-9004,86,103,M3:REAL
M3-E05-9004,87,100,M3:REAL
M3-E05-9004,88,109,M3:REAL
M3-E05-9004,89,103,M3:REAL
M3-E05-9004,90,107,M3:REAL
M3-E05-9004,91,108,M3:REAL
M3-E05-9004,92,101,M3:REAL
M3-E05-9004,93,105,M3:REAL
M3-E05-9004,94,106,M3:REAL
M3-E05-9004,95,103,M3:REAL
M3-E05-9004,96,105,M3:REAL
M3-E05-9004,97,103,M3:REAL
M3-E05-9004,98,102,M3:REAL
M3-E05-9004,99,104,M3:REAL
M2-E02-9004,0,23,M2:REAL
M2-E02-9004,1,17,M2:REAL
M2-E02-9004,2,23,M2:REAL
M2-E02-9004,3,17,M2:REAL
M2-E02-9004,4,17,M2:REAL
M2-E02-9004,5,23,M2:REAL
M2-E02-9004,6,17,M2:REAL
M2-E02-9004,7,17,M2:REAL
M2-E02-9004,8,17,M2:REAL
M2-E02-9004,9,17,M2:REAL
M2-E02-9004,10,17,M2:REAL
M2-E02-9004,11,17,M2:REAL
M2-E02-9004,12,23,M2:REAL
M2-E02-9004,13,17,M2:REAL
M2-E02-9004,14,23,M2:REAL
M2-E02-9004,15,17,M2:REAL
M2-E02-9004,16,17,M2:REAL
M2-E02-9004,17,23,M2:REAL
M2-E02-9004,18,23,M2:REAL
M2-E02-9004,19,23,M2:REAL
M2-E02-9004,20,23,M2:REAL
M2-E02-9004,21,23,M2:REAL
M2-E02-9004,22,23,M2:REAL
M2-E02-9004,23,23,M2:REAL
M2-E02-9004,24,23,M2:REAL
M2-E02-9004,25,17,M2:REAL
M2-E02-9004,26,23,M2:REAL
M2-E02-9004,27,23,M2:REAL
M2-E02-9004,28,17,M2:REAL
M2-E02-9004,29,17,M2:REAL
M2-E02-9004,30,23,M2:REAL
M2-E02-9004,31,17,M2:REAL
M2-E02-9004,32,23,M2:REAL
M2-E02-9004,33,23,M2:REAL
M2-E02-9004,34,17,M2:REAL
M2-E02-9004,35,17,M2:REAL
M2-E02-9004,36,23,M2:REAL
M2-E02-9004,37,17,M2:REAL
M2-E02-9004,38,23,M2:REAL
M2-E02-9004,39,17,M2:REAL
M2-E02-9004,40,23,M2:REAL
M2-E02-9004,41,23,M2:REAL
M2-E02-9004,42,23,M2:REAL
M2-E02-9004,43,17,M2:REAL
M2-E02-9004,44,23,M2:REAL
M2-E02-9004,45,17,M2:REAL
M2-E02-9004,46,17,M2:REAL
M2-E02-9004,47,17,M2:REAL
M2-E02-9004,48,23,M2:REAL
M2-E02-9004,49,23,M2:REAL
M2-E02-9004,50,23,M2:REAL
M2-E02-9004,51,17,M2:REAL
M2-E02-9004,52,23,M2:REAL
M2-E02-9004,53,23,M2:REAL
M2-E02-9004,54,23,M2:REAL
M2-E02-9004,55,23,M2:REAL
M2-E02-9004,56,17,M2:REAL
M2-E02-9004,57,17,M2:REAL
M2-E02-9004,58,23,M2:REAL
M2-E02-9004,59,17,M2:REAL
M2-E02-9004,60,17,M2:REAL
M2-E02-9004,61,17,M2:REAL
M2-E02-9004,62,17,M2:REAL
M2-E02-9004,63,17,M2:REAL
M2-E02-9004,64,23,M2:REAL
M2-E02-9004,65,17,M2:REAL
M2-E02-9004,66,23,M2:REAL
M2-E02-9004,67,23,M2:REAL
M2-E02-9004,68,23,M2:REAL
M2-E02-9004,69,17,M2:REAL
M2-E02-9004,70,17,M2:REAL
M2-E02-9004,71,17,M2:REAL
M2-E02-9004,72,17,M2:REAL
M2-E02-9004,73,23,M2:REAL
M2-E02-9004,74,23,M2:REAL
M2-E02-9004,75,23,M2:REAL
M2-E02-9004,76,17,M2:REAL
M2-E02-9004,77,23,M2:REAL
M2-E02-9004,78,17,M2:REAL
M2-E02-9004,79,17,M2:REAL
M2-E02-9004,80,23,M2:REAL
M2-E02-9004,81,17,M2:REAL
M2-E02-9004,82,23,M2:REAL
M2-E02-9004,83,17,M2:REAL
M2-E02-9004,84,17,M2:REAL
M2-E02-9004,85,23,M2:REAL
M2-E02-9004,86,23,M2:REAL
M2-E02-9004,87,23,M2:REAL
M2-E02-9004,88,17,M2:REAL
M2-E02-9004,89,17,M2:REAL
M2-E02-9004,90,23,M2:REAL
M2-E02-9004,91,23,M2:REAL
M2-E02-9004,92,17,M2:REAL
M2-E02-9004,93,17,M2:REAL
M2-E02-9004,94,23,M2:REAL
M2-E02-9004,95,23,M2:REAL
M2-E02-9004,96,23,M2:REAL
M2-E02-9004,97,17,M2:REAL
M2-E02-9004,98,17,M2:REAL
M2-E02-9004,99,17,M2:REAL
PIR_REAL_100-E01-9004,0,17,PIR_REAL_100:REAL
PIR_REAL_100-E01-9004,1,17,PIR_REAL_100:REAL
PIR_REAL_100-E01-9004,2,17,PIR_REAL_100:REAL
PIR_REAL_100-E01-9004,3,17,PIR_REAL_100:REAL
PIR_REAL_100-E01-9004,4,17,PIR_REAL_100:REAL
PIR_REAL_100-E01-9004,5,17,PIR_REAL_100:REAL
PIR_REAL_100-E01-9004,6,17,PIR_REAL_100:REAL
PIR_REAL_100-E01-9004,7,17,PIR_REAL_100:REAL
PIR_REAL_100-E01-9004,8,17,PIR_REAL_100:REAL
PIR_REAL_100-E01-9004,9,17,PIR_REAL_100:REAL
PIR_REAL_100-E01-9004,10,17,PIR_REAL_100:REAL
PIR_REAL_100-E01-9004,11,17,PIR_REAL_100:REAL
PIR_REAL_100-E01-9004,12,17,PIR_REAL_100:REAL
PIR_REAL_100-E01-9004,13,17,PIR_REAL_100:REAL
PIR_REAL_100-E01-9004,14,17,PIR_REAL_100:REAL
PIR_REAL_100-E01-9004,15,17,PIR_REAL_100:REAL
PIR_REAL_100-E01-9004,16,17,PIR_REAL_100:REAL
PIR_REAL_100-E01-9004,17,17,PIR_REAL_100:REAL
PIR_REAL_100-E01-9004,18,17,PIR_REAL_100:REAL
PIR_REAL_100-E01-9004,19,17,PIR_REAL_100:REAL
PIR_REAL_100-E01-9004,20,17,PIR_REAL_100:REAL
PIR_REAL_100-E01-9004,21,17,PIR_REAL_100:REAL
PIR_REAL_100-E01-9004,22,17,PIR_REAL_100:REAL
PIR_REAL_100-E01-9004,23,17,PIR_REAL_100:REAL
PIR_REAL_100-E01-9004,24,17,PIR_REAL_100:REAL
PIR_REAL_100-E01-9004,25,17,PIR_REAL_100:REAL
PIR_REAL_100-E01-9004,26,17,PIR_REAL_100:REAL
PIR_REAL_100-E01-9004,27,17,PIR_REAL_100:REAL
PIR_REAL_100-E01-9004,28,17,PIR_REAL_100:REAL
PIR_REAL_100-E01-9004,29,17,PIR_REAL_100:REAL
PIR_REAL_100-E01-9004,30,17,PIR_REAL_100:REAL
PIR_REAL_100-E01-9004,31,17,PIR_REAL_100:REAL
PIR_REAL_100-E01-9004,32,17,PIR_REAL_100:REAL
PIR_REAL_100-E01-9004,33,17,PIR_REAL_100:REAL
PIR_REAL_100-E01-9004,34,17,PIR_REAL_100:REAL
PIR_REAL_100-E01-9004,35,17,PIR_REAL_100:REAL
PIR_REAL_100-E01-9004,36,17,PIR_REAL_100:REAL
PIR_REAL_100-E01-9004,37,17,PIR_REAL_100:REAL
PIR_REAL_100-E01-9004,38,17,PIR_REAL_100:REAL
PIR_REAL_100-E01-9004,39,17,PIR_REAL_100:REAL
PIR_REAL_100-E01-9004,40,17,PIR_REAL_100:REAL
PIR_REAL_100-E01-9004,41,17,PIR_REAL_100:REAL
PIR_REAL_100-E01-9004,42,17,PIR_REAL_100:REAL
PIR_REAL_100-E01-9004,43,17,PIR_REAL_100:REAL
PIR_REAL_100-E01-9004,44,17,PIR_REAL_100:REAL
PIR_REAL_100-E01-9004,45,17,PIR_REAL_100:REAL
PIR_REAL_100-E01-9004,46,17,PIR_REAL_100:REAL
PIR_REAL_100-E01-9004,47,17,PIR_REAL_100:REAL
PIR_REAL_100-E01-9004,48,17,PIR_REAL_100:REAL
PIR_REAL_100-E01-9004,49,17,PIR_REAL_100:REAL
PIR_REAL_100-E01-9004,50,17,PIR_REAL_100:REAL
PIR_REAL_100-E01-9004,51,17,PIR_REAL_100:REAL
PIR_REAL_100-E01-9004,52,17,PIR_REAL_100:REAL
PIR_REAL_100-E01-9004,53,17,PIR_REAL_100:REAL
PIR_REAL_100-E01-9004,54,17,PIR_REAL_100:REAL
PIR_REAL_100-E01-9004,55,17,PIR_REAL_100:REAL
PIR_REAL_100-E01-9004,56,17,PIR_REAL_100:REAL
PIR_REAL_100-E01-9004,57,17,PIR_REAL_100:REAL
PIR_REAL_100-E01-9004,58,17,PIR_REAL_100:REAL
PIR_REAL_100-E01-9004,59,17,PIR_REAL_100:REAL
PIR_REAL_100-E01-9004,60,17,PIR_REAL_100:REAL
PIR_REAL_100-E01-9004,61,17,PIR_REAL_100:REAL
PIR_REAL_100-E01-9004,62,17,PIR_REAL_100:REAL
PIR_REAL_100-E01-9004,63,17,PIR_REAL_100:REAL
PIR_REAL_100-E01-9004,64,17,PIR_REAL_100:REAL
PIR_REAL_100-E01-9004,65,17,PIR_REAL_100:REAL
PIR_REAL_100-E01-9004,66,17,PIR_REAL_100:REAL
PIR_REAL_100-E01-9004,67,17,PIR_REAL_100:REAL
PIR_REAL_100-E01-9004,68,17,PIR_REAL_100:REAL
PIR_REAL_100-E01-9004,69,17,PIR_REAL_100:REAL
PIR_REAL_100-E01-9004,70,17,PIR_REAL_100:REAL
PIR_REAL_100-E01-9004,71,17,PIR_REAL_100:REAL
PIR_REAL_100-E01-9004,72,17,PIR_REAL_100:REAL
PIR_REAL_100-E01-9004,73,17,PIR_REAL_100:REAL
PIR_REAL_100-E01-9004,74,17,PIR_REAL_100:REAL
PIR_REAL_100-E01-9004,75,17,PIR_REAL_100:REAL
PIR_REAL_100-E01-9004,76,17,PIR_REAL_100:REAL
PIR_REAL_100-E01-9004,77,17,PIR_REAL_100:REAL
PIR_REAL_100-E01-9004,78,17,PIR_REAL_100:REAL
PIR_REAL_100-E01-9004,79,17,PIR_REAL_100:REAL
PIR_REAL_100-E01-9004,80,17,PIR_REAL_100:REAL
PIR_REAL_100-E01-9004,81,17,PIR_REAL_100:REAL
PIR_REAL_100-E01-9004,82,17,PIR_REAL_100:REAL
PIR_REAL_100-E01-9004,83,17,PIR_REAL_100:REAL
PIR_REAL_100-E01-9004,84,17,PIR_REAL_100:REAL
PIR_REAL_100-E01-9004,85,17,PIR_REAL_100:REAL
PIR_REAL_100-E01-9004,86,17,PIR_REAL_100:REAL
PIR_REAL_100-E01-9004,87,17,PIR_REAL_100:REAL
PIR_REAL_100-E01-9004,88,17,PIR_REAL_100:REAL
PIR_REAL_100-E01-9004,89,17,PIR_REAL_100:REAL
PIR_REAL_100-E01-9004,90,17,PIR_REAL_100:REAL
PIR_REAL_100-E01-9004,91,17,PIR_REAL_100:REAL
PIR_REAL_100-E01-9004,92,17,PIR_REAL_100:REAL
PIR_REAL_100-E01-9004,93,17,PIR_REAL_100:REAL
PIR_REAL_100-E01-9004,94,17,PIR_REAL_100:REAL
PIR_REAL_100-E01-9004,95,17,PIR_REAL_100:REAL
PIR_REAL_100-E01-9004,96,17,PIR_REAL_100:REAL
PIR_REAL_100-E01-9004,97,17,PIR_REAL_100:REAL
PIR_REAL_100-E01-9004,98,17,PIR_REAL_100:REAL
PIR_REAL_100-E01-9004,99,17,PIR_REAL_100:REAL
M3-E03-9004,0,103,M3:REAL
M3-E03-9004,1,106,M3:REAL
M3-E03-9004,2,109,M3:REAL
M3-E03-9004,3,107,M3:REAL
M3-E03-9004,4,102,M3:REAL
M3-E03-9004,5,101,M3:REAL
M3-E03-9004,6,109,M3:REAL
M3-E03-9004,7,100,M3:REAL
M3-E03-9004,8,107,M3:REAL
M3-E03-9004,9,108,M3:REAL
M3-E03-9004,10,104,M3:REAL
M3-E03-9004,11,101,M3:REAL
M3-E03-9004,12,104,M3:REAL
M3-E03-9004,13,102,M3:REAL
M3-E03-9004,14,107,M3:REAL
M3-E03-9004,15,101,M3:REAL
M3-E03-9004,16,108,M3:REAL
M3-E03-9004,17,106,M3:REAL
M3-E03-9004,18,107,M3:REAL
M3-E03-9004,19,108,M3:REAL
M3-E03-9004,20,108,M3:REAL
M3-E03-9004,21,109,M3:REAL
M3-E03-9004,22,107,M3:REAL
M3-E03-9004,23,104,M3:REAL
M3-E03-9004,24,100,M3:REAL
M3-E03-9004,25,101,M3:REAL
M3-E03-9004,26,104,M3:REAL
M3-E03-9004,27,102,M3:REAL
M3-E03-9004,28,108,M3:REAL
M3-E03-9004,29,108,M3:REAL
M3-E03-9004,30,103,M3:REAL
M3-E03-9004,31,105,M3:REAL
M3-E03-9004,32,108,M3:REAL
M3-E03-9004,33,105,M3:REAL
M3-E03-9004,34,107,M3:REAL
M3-E03-9004,35,109,M3:REAL
M3-E03-9004,36,102,M3:REAL
M3-E03-9004,37,103,M3:REAL
M3-E03-9004,38,101,M3:REAL
M3-E03-9004,39,107,M3:REAL
M3-E03-9004,40,101,M3:REAL
M3-E03-9004,41,106,M3:REAL
M3-E03-9004,42,103,M3:REAL
M3-E03-9004,43,109,M3:REAL
M3-E03-9004,44,103,M3:REAL
M3-E03-9004,45,108,M3:REAL
M3-E03-9004,46,109,M3:REAL
M3-E03-9004,47,109,M3:REAL
M3-E03-9004,48,108,M3:REAL
M3-E03-9004,49,103,M3:REAL
M3-E03-9004,50,103,M3:REAL
M3-E03-9004,51,109,M3:REAL
M3-E03-9004,52,100,M3:REAL
M3-E03-9004,53,105,M3:REAL
M3-E03-9004,54,104,M3:REAL
M3-E03-9004,55,100,M3:REAL
M3-E03-9004,56,102,M3:REAL
M3-E03-9004,57,100,M3:REAL
M3-E03-9004,58,102,M3:REAL
M3-E03-9004,59,108,M3:REAL
M3-E03-9004,60,104,M3:REAL
M3-E03-9004,61,108,M3:REAL
M3-E03-9004,62,108,M3:REAL
M3-E03-9004,63,101,M3:REAL
M3-E03-9004,64,103,M3:REAL
M3-E03-9004,65,102,M3:REAL
M3-E03-9004,66,101,M3:REAL
M3-E03-9004,67,105,M3:REAL
M3-E03-9004,68,106,M3:REAL
M3-E03-9004,69,109,M3:REAL
M3-E03-9004,70,109,M3:REAL
M3-E03-9004,71,104,M3:REAL
M3-E03-9004,72,103,M3:REAL
M3-E03-9004,73,109,M3:REAL
M3-E03-9004,74,107,M3:REAL
M3-E03-9004,75,102,M3:REAL
M3-E03-9004,76,101,M3:REAL
M3-E03-9004,77,100,M3:REAL
M3-E03-9004,78,109,M3:REAL
M3-E03-9004,79,108,M3:REAL
M3-E03-9004,80,107,M3:REAL
M3-E03-9004,81,106,M3:REAL
M3-E03-9004,82,106,M3:REAL
M3-E03-9004,83,102,M3:REAL
M3-E03-9004,84,102,M3:REAL
M3-E03-9004,85,109,M3:REAL
M3-E03-9004,86,106,M3:REAL
M3-E03-9004,87,107,M3:REAL
M3-E03-9004,88,109,M3:REAL
M3-E03-9004,89,105,M3:REAL
M3-E03-9004,90,109,M3:REAL
M3-E03-9004,91,100,M3:REAL
M3-E03-9004,92,105,M3:REAL
M3-E03-9004,93,104,M3:REAL
M3-E03-9004,94,105,M3:REAL
M3-E03-9004,95,101,M3:REAL
M3-E03-9004,96,103,M3:REAL
M3-E03-9004,97,109,M3:REAL
M3-E03-9004,98,100,M3:REAL
M3-E03-9004,99,109,M3:REAL
M0-E04-9004,0,17,M0:REAL
M0-E04-9004,1,17,M0:REAL
M0-E04-9004,2,17,M0:REAL
M0-E04-9004,3,17,M0:REAL
M0-E04-9004,4,17,M0:REAL
M0-E04-9004,5,17,M0:REAL
M0-E04-9004,6,17,M0:REAL
M0-E04-9004,7,17,M0:REAL
M0-E04-9004,8,17,M0:REAL
M0-E04-9004,9,17,M0:REAL
M0-E04-9004,10,17,M0:REAL
M0-E04-9004,11,17,M0:REAL
M0-E04-9004,12,17,M0:REAL
M0-E04-9004,13,17,M0:REAL
M0-E04-9004,14,17,M0:REAL
M0-E04-9004,15,17,M0:REAL
M0-E04-9004,16,17,M0:REAL
M0-E04-9004,17,17,M0:REAL
M0-E04-9004,18,17,M0:REAL
M0-E04-9004,19,17,M0:REAL
M0-E04-9004,20,17,M0:REAL
M0-E04-9004,21,17,M0:REAL
M0-E04-9004,22,17,M0:REAL
M0-E04-9004,23,17,M0:REAL
M0-E04-9004,24,17,M0:REAL
M0-E04-9004,25,17,M0:REAL
M0-E04-9004,26,17,M0:REAL
M0-E04-9004,27,17,M0:REAL
M0-E04-9004,28,17,M0:REAL
M0-E04-9004,29,17,M0:REAL
M0-E04-9004,30,17,M0:REAL
M0-E04-9004,31,17,M0:REAL
M0-E04-9004,32,17,M0:REAL
M0-E04-9004,33,17,M0:REAL
M0-E04-9004,34,17,M0:REAL
M0-E04-9004,35,17,M0:REAL
M0-E04-9004,36,17,M0:REAL
M0-E04-9004,37,17,M0:REAL
M0-E04-9004,38,17,M0:REAL
M0-E04-9004,39,17,M0:REAL
M0-E04-9004,40,17,M0:REAL
M0-E04-9004,41,17,M0:REAL
M0-E04-9004,42,17,M0:REAL
M0-E04-9004,43,17,M0:REAL
M0-E04-9004,44,17,M0:REAL
M0-E04-9004,45,17,M0:REAL
M0-E04-9004,46,17,M0:REAL
M0-E04-9004,47,17,M0:REAL
M0-E04-9004,48,17,M0:REAL
M0-E04-9004,49,17,M0:REAL
M0-E04-9004,50,17,M0:REAL
M0-E04-9004,51,17,M0:REAL
M0-E04-9004,52,17,M0:REAL
M0-E04-9004,53,17,M0:REAL
M0-E04-9004,54,17,M0:REAL
M0-E04-9004,55,17,M0:REAL
M0-E04-9004,56,17,M0:REAL
M0-E04-9004,57,17,M0:REAL
M0-E04-9004,58,17,M0:REAL
M0-E04-9004,59,17,M0:REAL
M0-E04-9004,60,17,M0:REAL
M0-E04-9004,61,17,M0:REAL
M0-E04-9004,62,17,M0:REAL
M0-E04-9004,63,17,M0:REAL
M0-E04-9004,64,17,M0:REAL
M0-E04-9004,65,17,M0:REAL
M0-E04-9004,66,17,M0:REAL
M0-E04-9004,67,17,M0:REAL
M0-E04-9004,68,17,M0:REAL
M0-E04-9004,69,17,M0:REAL
M0-E04-9004,70,17,M0:REAL
M0-E04-9004,71,17,M0:REAL
M0-E04-9004,72,17,M0:REAL
M0-E04-9004,73,17,M0:REAL
M0-E04-9004,74,17,M0:REAL
M0-E04-9004,75,17,M0:REAL
M0-E04-9004,76,17,M0:REAL
M0-E04-9004,77,17,M0:REAL
M0-E04-9004,78,17,M0:REAL
M0-E04-9004,79,17,M0:REAL
M0-E04-9004,80,17,M0:REAL
M0-E04-9004,81,17,M0:REAL
M0-E04-9004,82,17,M0:REAL
M0-E04-9004,83,17,M0:REAL
M0-E04-9004,84,17,M0:REAL
M0-E04-9004,85,17,M0:REAL
M0-E04-9004,86,17,M0:REAL
M0-E04-9004,87,17,M0:REAL
M0-E04-9004,88,17,M0:REAL
M0-E04-9004,89,17,M0:REAL
M0-E04-9004,90,17,M0:REAL
M0-E04-9004,91,17,M0:REAL
M0-E04-9004,92,17,M0:REAL
M0-E04-9004,93,17,M0:REAL
M0-E04-9004,94,17,M0:REAL
M0-E04-9004,95,17,M0:REAL
M0-E04-9004,96,17,M0:REAL
M0-E04-9004,97,17,M0:REAL
M0-E04-9004,98,17,M0:REAL
M0-E04-9004,99,17,M0:REAL
M7-E04-9004,0,23,M7:REAL
M7-E04-9004,1,17,M7:REAL
M7-E04-9004,2,17,M7:REAL
M7-E04-9004,3,23,M7:REAL
M7-E04-9004,4,17,M7:REAL
M7-E04-9004,5,17,M7:REAL
M7-E04-9004,6,23,M7:REAL
M7-E04-9004,7,17,M7:REAL
M7-E04-9004,8,17,M7:REAL
M7-E04-9004,9,23,M7:REAL
M7-E04-9004,10,17,M7:REAL
M7-E04-9004,11,17,M7:REAL
M7-E04-9004,12,23,M7:REAL
M7-E04-9004,13,17,M7:REAL
M7-E04-9004,14,17,M7:REAL
M7-E04-9004,15,23,M7:REAL
M7-E04-9004,16,17,M7:REAL
M7-E04-9004,17,17,M7:REAL
M7-E04-9004,18,23,M7:REAL
M7-E04-9004,19,17,M7:REAL
M7-E04-9004,20,17,M7:REAL
M7-E04-9004,21,23,M7:REAL
M7-E04-9004,22,17,M7:REAL
M7-E04-9004,23,17,M7:REAL
M7-E04-9004,24,23,M7:REAL
M7-E04-9004,25,17,M7:REAL
M7-E04-9004,26,17,M7:REAL
M7-E04-9004,27,23,M7:REAL
M7-E04-9004,28,17,M7:REAL
M7-E04-9004,29,17,M7:REAL
M7-E04-9004,30,23,M7:REAL
M7-E04-9004,31,17,M7:REAL
M7-E04-9004,32,17,M7:REAL
M7-E04-9004,33,23,M7:REAL
M7-E04-9004,34,17,M7:REAL
M7-E04-9004,35,17,M7:REAL
M7-E04-9004,36,23,M7:REAL
M7-E04-9004,37,17,M7:REAL
M7-E04-9004,38,17,M7:REAL
M7-E04-9004,39,23,M7:REAL
M7-E04-9004,40,17,M7:REAL
M7-E04-9004,41,17,M7:REAL
M7-E04-9004,42,23,M7:REAL
M7-E04-9004,43,17,M7:REAL
M7-E04-9004,44,17,M7:REAL
M7-E04-9004,45,23,M7:REAL
M7-E04-9004,46,17,M7:REAL
M7-E04-9004,47,17,M7:REAL
M7-E04-9004,48,23,M7:REAL
M7-E04-9004,49,17,M7:REAL
M7-E04-9004,50,17,M7:REAL
M7-E04-9004,51,23,M7:REAL
M7-E04-9004,52,17,M7:REAL
M7-E04-9004,53,17,M7:REAL
M7-E04-9004,54,23,M7:REAL
M7-E04-9004,55,17,M7:REAL
M7-E04-9004,56,17,M7:REAL
M7-E04-9004,57,23,M7:REAL
M7-E04-9004,58,17,M7:REAL
M7-E04-9004,59,17,M7:REAL
M7-E04-9004,60,23,M7:REAL
M7-E04-9004,61,17,M7:REAL
M7-E04-9004,62,17,M7:REAL
M7-E04-9004,63,23,M7:REAL
M7-E04-9004,64,17,M7:REAL
M7-E04-9004,65,17,M7:REAL
M7-E04-9004,66,23,M7:REAL
M7-E04-9004,67,17,M7:REAL
M7-E04-9004,68,17,M7:REAL
M7-E04-9004,69,23,M7:REAL
M7-E04-9004,70,17,M7:REAL
M7-E04-9004,71,17,M7:REAL
M7-E04-9004,72,23,M7:REAL
M7-E04-9004,73,17,M7:REAL
M7-E04-9004,74,17,M7:REAL
M7-E04-9004,75,23,M7:REAL
M7-E04-9004,76,17,M7:REAL
M7-E04-9004,77,17,M7:REAL
M7-E04-9004,78,23,M7:REAL
M7-E04-9004,79,17,M7:REAL
M7-E04-9004,80,17,M7:REAL
M7-E04-9004,81,23,M7:REAL
M7-E04-9004,82,17,M7:REAL
M7-E04-9004,83,17,M7:REAL
M7-E04-9004,84,23,M7:REAL
M7-E04-9004,85,17,M7:REAL
M7-E04-9004,86,17,M7:REAL
M7-E04-9004,87,23,M7:REAL
M7-E04-9004,88,17,M7:REAL
M7-E04-9004,89,17,M7:REAL
M7-E04-9004,90,23,M7:REAL
M7-E04-9004,91,17,M7:REAL
M7-E04-9004,92,17,M7:REAL
M7-E04-9004,93,23,M7:REAL
M7-E04-9004,94,17,M7:REAL
M7-E04-9004,95,17,M7:REAL
M7-E04-9004,96,23,M7:REAL
M7-E04-9004,97,17,M7:REAL
M7-E04-9004,98,17,M7:REAL
M7-E04-9004,99,23,M7:REAL
PIR_REAL_1-E03-9004,0,1046,PIR_REAL_1:DUMMY
PIR_REAL_1-E03-9004,1,1019,PIR_REAL_1:DUMMY
PIR_REAL_1-E03-9004,2,1002,PIR_REAL_1:DUMMY
PIR_REAL_1-E03-9004,3,1014,PIR_REAL_1:DUMMY
PIR_REAL_1-E03-9004,4,1028,PIR_REAL_1:DUMMY
PIR_REAL_1-E03-9004,5,1059,PIR_REAL_1:DUMMY
PIR_REAL_1-E03-9004,6,1050,PIR_REAL_1:DUMMY
PIR_REAL_1-E03-9004,7,1003,PIR_REAL_1:DUMMY
PIR_REAL_1-E03-9004,8,1024,PIR_REAL_1:DUMMY
PIR_REAL_1-E03-9004,9,1062,PIR_REAL_1:DUMMY
PIR_REAL_1-E03-9004,10,1038,PIR_REAL_1:DUMMY
PIR_REAL_1-E03-9004,11,1008,PIR_REAL_1:DUMMY
PIR_REAL_1-E03-9004,12,1046,PIR_REAL_1:DUMMY
PIR_REAL_1-E03-9004,13,1021,PIR_REAL_1:DUMMY
PIR_REAL_1-E03-9004,14,1009,PIR_REAL_1:DUMMY
PIR_REAL_1-E03-9004,15,1032,PIR_REAL_1:DUMMY
PIR_REAL_1-E03-9004,16,1039,PIR_REAL_1:DUMMY
PIR_REAL_1-E03-9004,17,1033,PIR_REAL_1:DUMMY
PIR_REAL_1-E03-9004,18,1062,PIR_REAL_1:DUMMY
PIR_REAL_1-E03-9004,19,1062,PIR_REAL_1:DUMMY
PIR_REAL_1-E03-9004,20,1038,PIR_REAL_1:DUMMY
PIR_REAL_1-E03-9004,21,1032,PIR_REAL_1:DUMMY
PIR_REAL_1-E03-9004,22,1060,PIR_REAL_1:DUMMY
PIR_REAL_1-E03-9004,23,1029,PIR_REAL_1:DUMMY
PIR_REAL_1-E03-9004,24,1052,PIR_REAL_1:DUMMY
PIR_REAL_1-E03-9004,25,1018,PIR_REAL_1:DUMMY
PIR_REAL_1-E03-9004,26,1051,PIR_REAL_1:DUMMY
PIR_REAL_1-E03-9004,27,1023,PIR_REAL_1:DUMMY
PIR_REAL_1-E03-9004,28,1014,PIR_REAL_1:DUMMY
PIR_REAL_1-E03-9004,29,1028,PIR_REAL_1:DUMMY
PIR_REAL_1-E03-9004,30,1017,PIR_REAL_1:DUMMY
PIR_REAL_1-E03-9004,31,1002,PIR_REAL_1:DUMMY
PIR_REAL_1-E03-9004,32,1041,PIR_REAL_1:DUMMY
PIR_REAL_1-E03-9004,33,1044,PIR_REAL_1:DUMMY
PIR_REAL_1-E03-9004,34,1000,PIR_REAL_1:DUMMY
PIR_REAL_1-E03-9004,35,1007,PIR_REAL_1:DUMMY
PIR_REAL_1-E03-9004,36,1036,PIR_REAL_1:DUMMY
PIR_REAL_1-E03-9004,37,1035,PIR_REAL_1:DUMMY
PIR_REAL_1-E03-9004,38,1047,PIR_REAL_1:DUMMY
PIR_REAL_1-E03-9004,39,1060,PIR_REAL_1:DUMMY
PIR_REAL_1-E03-9004,40,1006,PIR_REAL_1:DUMMY
PIR_REAL_1-E03-9004,41,1025,PIR_REAL_1:DUMMY
PIR_REAL_1-E03-9004,42,1041,PIR_REAL_1:DUMMY
PIR_REAL_1-E03-9004,43,1003,PIR_REAL_1:DUMMY
PIR_REAL_1-E03-9004,44,1002,PIR_REAL_1:DUMMY
PIR_REAL_1-E03-9004,45,1028,PIR_REAL_1:DUMMY
PIR_REAL_1-E03-9004,46,1000,PIR_REAL_1:DUMMY
PIR_REAL_1-E03-9004,47,1030,PIR_REAL_1:DUMMY
PIR_REAL_1-E03-9004,48,1016,PIR_REAL_1:DUMMY
PIR_REAL_1-E03-9004,49,1057,PIR_REAL_1:DUMMY
PIR_REAL_1-E03-9004,50,1040,PIR_REAL_1:DUMMY
PIR_REAL_1-E03-9004,51,1052,PIR_REAL_1:DUMMY
PIR_REAL_1-E03-9004,52,1058,PIR_REAL_1:DUMMY
PIR_REAL_1-E03-9004,53,1054,PIR_REAL_1:DUMMY
PIR_REAL_1-E03-9004,54,1053,PIR_REAL_1:DUMMY
PIR_REAL_1-E03-9004,55,1058,PIR_REAL_1:DUMMY
PIR_REAL_1-E03-9004,56,1016,PIR_REAL_1:DUMMY
PIR_REAL_1-E03-9004,57,1016,PIR_REAL_1:DUMMY
PIR_REAL_1-E03-9004,58,1031,PIR_REAL_1:DUMMY
PIR_REAL_1-E03-9004,59,1000,PIR_REAL_1:DUMMY
PIR_REAL_1-E03-9004,60,1051,PIR_REAL_1:DUMMY
PIR_REAL_1-E03-9004,61,1041,PIR_REAL_1:DUMMY
PIR_REAL_1-E03-9004,62,1021,PIR_REAL_1:DUMMY
PIR_REAL_1-E03-9004,63,1042,PIR_REAL_1:DUMMY
PIR_REAL_1-E03-9004,64,1056,PIR_REAL_1:DUMMY
PIR_REAL_1-E03-9004,65,1018,PIR_REAL_1:DUMMY
PIR_REAL_1-E03-9004,66,1050,PIR_REAL_1:DUMMY
PIR_REAL_1-E03-9004,67,1031,PIR_REAL_1:DUMMY
PIR_REAL_1-E03-9004,68,1000,PIR_REAL_1:DUMMY
PIR_REAL_1-E03-9004,69,1043,PIR_REAL_1:DUMMY
PIR_REAL_1-E03-9004,70,1004,PIR_REAL_1:DUMMY
PIR_REAL_1-E03-9004,71,1020,PIR_REAL_1:DUMMY
PIR_REAL_1-E03-9004,72,1021,PIR_REAL_1:DUMMY
PIR_REAL_1-E03-9004,73,1049,PIR_REAL_1:DUMMY
PIR_REAL_1-E03-9004,74,1017,PIR_REAL_1:DUMMY
PIR_REAL_1-E03-9004,75,1018,PIR_REAL_1:DUMMY
PIR_REAL_1-E03-9004,76,1037,PIR_REAL_1:DUMMY
PIR_REAL_1-E03-9004,77,1039,PIR_REAL_1:DUMMY
PIR_REAL_1-E03-9004,78,1021,PIR_REAL_1:DUMMY
PIR_REAL_1-E03-9004,79,1038,PIR_REAL_1:DUMMY
PIR_REAL_1-E03-9004,80,1006,PIR_REAL_1:DUMMY
PIR_REAL_1-E03-9004,81,1019,PIR_REAL_1:DUMMY
PIR_REAL_1-E03-9004,82,1008,PIR_REAL_1:DUMMY
PIR_REAL_1-E03-9004,83,1057,PIR_REAL_1:DUMMY
PIR_REAL_1-E03-9004,84,1012,PIR_REAL_1:DUMMY
PIR_REAL_1-E03-9004,85,1046,PIR_REAL_1:DUMMY
PIR_REAL_1-E03-9004,86,1002,PIR_REAL_1:DUMMY
PIR_REAL_1-E03-9004,87,1003,PIR_REAL_1:DUMMY
PIR_REAL_1-E03-9004,88,1014,PIR_REAL_1:DUMMY
PIR_REAL_1-E03-9004,89,1047,PIR_REAL_1:DUMMY
PIR_REAL_1-E03-9004,90,1032,PIR_REAL_1:DUMMY
PIR_REAL_1-E03-9004,91,1020,PIR_REAL_1:DUMMY
PIR_REAL_1-E03-9004,92,1004,PIR_REAL_1:DUMMY
PIR_REAL_1-E03-9004,93,1006,PIR_REAL_1:DUMMY
PIR_REAL_1-E03-9004,94,1003,PIR_REAL_1:DUMMY
PIR_REAL_1-E03-9004,95,1033,PIR_REAL_1:DUMMY
PIR_REAL_1-E03-9004,96,1025,PIR_REAL_1:DUMMY
PIR_REAL_1-E03-9004,97,1038,PIR_REAL_1:DUMMY
PIR_REAL_1-E03-9004,98,1012,PIR_REAL_1:DUMMY
PIR_REAL_1-E03-9004,99,17,PIR_REAL_1:REAL
M4-E02-9004,0,10,M4:REAL
M4-E02-9004,1,11,M4:REAL
M4-E02-9004,2,10,M4:REAL
M4-E02-9004,3,11,M4:REAL
M4-E02-9004,4,10,M4:REAL
M4-E02-9004,5,11,M4:REAL
M4-E02-9004,6,10,M4:REAL
M4-E02-9004,7,11,M4:REAL
M4-E02-9004,8,10,M4:REAL
M4-E02-9004,9,11,M4:REAL
M4-E02-9004,10,10,M4:REAL
M4-E02-9004,11,11,M4:REAL
M4-E02-9004,12,10,M4:REAL
M4-E02-9004,13,11,M4:REAL
M4-E02-9004,14,10,M4:REAL
M4-E02-9004,15,11,M4:REAL
M4-E02-9004,16,10,M4:REAL
M4-E02-9004,17,11,M4:REAL
M4-E02-9004,18,10,M4:REAL
M4-E02-9004,19,11,M4:REAL
M4-E02-9004,20,10,M4:REAL
M4-E02-9004,21,11,M4:REAL
M4-E02-9004,22,10,M4:REAL
M4-E02-9004,23,11,M4:REAL
M4-E02-9004,24,10,M4:REAL
M4-E02-9004,25,11,M4:REAL
M4-E02-9004,26,10,M4:REAL
M4-E02-9004,27,11,M4:REAL
M4-E02-9004,28,10,M4:REAL
M4-E02-9004,29,11,M4:REAL
M4-E02-9004,30,10,M4:REAL
M4-E02-9004,31,11,M4:REAL
M4-E02-9004,32,10,M4:REAL
M4-E02-9004,33,11,M4:REAL
M4-E02-9004,34,10,M4:REAL
M4-E02-9004,35,11,M4:REAL
M4-E02-9004,36,10,M4:REAL
M4-E02-9004,37,11,M4:REAL
M4-E02-9004,38,10,M4:REAL
M4-E02-9004,39,11,M4:REAL
M4-E02-9004,40,10,M4:REAL
M4-E02-9004,41,11,M4:REAL
M4-E02-9004,42,10,M4:REAL
M4-E02-9004,43,11,M4:REAL
M4-E02-9004,44,10,M4:REAL
M4-E02-9004,45,11,M4:REAL
M4-E02-9004,46,10,M4:REAL
M4-E02-9004,47,11,M4:REAL
M4-E02-9004,48,10,M4:REAL
M4-E02-9004,49,11,M4:REAL
M4-E02-9004,50,10,M4:REAL
M4-E02-9004,51,11,M4:REAL
M4-E02-9004,52,10,M4:REAL
M4-E02-9004,53,11,M4:REAL
M4-E02-9004,54,10,M4:REAL
M4-E02-9004,55,11,M4:REAL
M4-E02-9004,56,10,M4:REAL
M4-E02-9004,57,11,M4:REAL
M4-E02-9004,58,10,M4:REAL
M4-E02-9004,59,11,M4:REAL
M4-E02-9004,60,10,M4:REAL
M4-E02-9004,61,11,M4:REAL
M4-E02-9004,62,10,M4:REAL
M4-E02-9004,63,11,M4:REAL
M4-E02-9004,64,10,M4:REAL
M4-E02-9004,65,11,M4:REAL
M4-E02-9004,66,10,M4:REAL
M4-E02-9004,67,11,M4:REAL
M4-E02-9004,68,10,M4:REAL
M4-E02-9004,69,11,M4:REAL
M4-E02-9004,70,10,M4:REAL
M4-E02-9004,71,11,M4:REAL
M4-E02-9004,72,10,M4:REAL
M4-E02-9004,73,11,M4:REAL
M4-E02-9004,74,10,M4:REAL
M4-E02-9004,75,11,M4:REAL
M4-E02-9004,76,10,M4:REAL
M4-E02-9004,77,11,M4:REAL
M4-E02-9004,78,10,M4:REAL
M4-E02-9004,79,11,M4:REAL
M4-E02-9004,80,10,M4:REAL
M4-E02-9004,81,11,M4:REAL
M4-E02-9004,82,10,M4:REAL
M4-E02-9004,83,11,M4:REAL
M4-E02-9004,84,10,M4:REAL
M4-E02-9004,85,11,M4:REAL
M4-E02-9004,86,10,M4:REAL
M4-E02-9004,87,11,M4:REAL
M4-E02-9004,88,10,M4:REAL
M4-E02-9004,89,11,M4:REAL
M4-E02-9004,90,10,M4:REAL
M4-E02-9004,91,11,M4:REAL
M4-E02-9004,92,10,M4:REAL
M4-E02-9004,93,11,M4:REAL
M4-E02-9004,94,10,M4:REAL
M4-E02-9004,95,11,M4:REAL
M4-E02-9004,96,10,M4:REAL
M4-E02-9004,97,11,M4:REAL
M4-E02-9004,98,10,M4:REAL
M4-E02-9004,99,11,M4:REAL
M1-E05-9004,0,17,M1:REAL
M1-E05-9004,1,17,M1:REAL
M1-E05-9004,2,17,M1:REAL
M1-E05-9004,3,17,M1:REAL
M1-E05-9004,4,17,M1:REAL
M1-E05-9004,5,17,M1:REAL
M1-E05-9004,6,17,M1:REAL
M1-E05-9004,7,17,M1:REAL
M1-E05-9004,8,17,M1:REAL
M1-E05-9004,9,17,M1:REAL
M1-E05-9004,10,17,M1:REAL
M1-E05-9004,11,17,M1:REAL
M1-E05-9004,12,17,M1:REAL
M1-E05-9004,13,17,M1:REAL
M1-E05-9004,14,17,M1:REAL
M1-E05-9004,15,17,M1:REAL
M1-E05-9004,16,17,M1:REAL
M1-E05-9004,17,17,M1:REAL
M1-E05-9004,18,17,M1:REAL
M1-E05-9004,19,17,M1:REAL
M1-E05-9004,20,17,M1:REAL
M1-E05-9004,21,17,M1:REAL
M1-E05-9004,22,17,M1:REAL
M1-E05-9004,23,17,M1:REAL
M1-E05-9004,24,17,M1:REAL
M1-E05-9004,25,17,M1:REAL
M1-E05-9004,26,17,M1:REAL
M1-E05-9004,27,17,M1:REAL
M1-E05-9004,28,17,M1:REAL
M1-E05-9004,29,17,M1:REAL
M1-E05-9004,30,17,M1:REAL
M1-E05-9004,31,17,M1:REAL
M1-E05-9004,32,17,M1:REAL
M1-E05-9004,33,17,M1:REAL
M1-E05-9004,34,17,M1:REAL
M1-E05-9004,35,17,M1:REAL
M1-E05-9004,36,17,M1:REAL
M1-E05-9004,37,17,M1:REAL
M1-E05-9004,38,17,M1:REAL
M1-E05-9004,39,17,M1:REAL
M1-E05-9004,40,17,M1:REAL
M1-E05-9004,41,17,M1:REAL
M1-E05-9004,42,17,M1:REAL
M1-E05-9004,43,17,M1:REAL
M1-E05-9004,44,17,M1:REAL
M1-E05-9004,45,17,M1:REAL
M1-E05-9004,46,17,M1:REAL
M1-E05-9004,47,17,M1:REAL
M1-E05-9004,48,17,M1:REAL
M1-E05-9004,49,17,M1:REAL
M1-E05-9004,50,17,M1:REAL
M1-E05-9004,51,17,M1:REAL
M1-E05-9004,52,17,M1:REAL
M1-E05-9004,53,17,M1:REAL
M1-E05-9004,54,17,M1:REAL
M1-E05-9004,55,17,M1:REAL
M1-E05-9004,56,17,M1:REAL
M1-E05-9004,57,17,M1:REAL
M1-E05-9004,58,17,M1:REAL
M1-E05-9004,59,17,M1:REAL
M1-E05-9004,60,17,M1:REAL
M1-E05-9004,61,17,M1:REAL
M1-E05-9004,62,23,M1:REAL
M1-E05-9004,63,17,M1:REAL
M1-E05-9004,64,17,M1:REAL
M1-E05-9004,65,17,M1:REAL
M1-E05-9004,66,17,M1:REAL
M1-E05-9004,67,17,M1:REAL
M1-E05-9004,68,17,M1:REAL
M1-E05-9004,69,17,M1:REAL
M1-E05-9004,70,17,M1:REAL
M1-E05-9004,71,17,M1:REAL
M1-E05-9004,72,17,M1:REAL
M1-E05-9004,73,17,M1:REAL
M1-E05-9004,74,17,M1:REAL
M1-E05-9004,75,17,M1:REAL
M1-E05-9004,76,17,M1:REAL
M1-E05-9004,77,17,M1:REAL
M1-E05-9004,78,17,M1:REAL
M1-E05-9004,79,17,M1:REAL
M1-E05-9004,80,17,M1:REAL
M1-E05-9004,81,17,M1:REAL
M1-E05-9004,82,17,M1:REAL
M1-E05-9004,83,17,M1:REAL
M1-E05-9004,84,17,M1:REAL
M1-E05-9004,85,17,M1:REAL
M1-E05-9004,86,17,M1:REAL
M1-E05-9004,87,17,M1:REAL
M1-E05-9004,88,17,M1:REAL
M1-E05-9004,89,17,M1:REAL
M1-E05-9004,90,17,M1:REAL
M1-E05-9004,91,17,M1:REAL
M1-E05-9004,92,17,M1:REAL
M1-E05-9004,93,17,M1:REAL
M1-E05-9004,94,17,M1:REAL
M1-E05-9004,95,17,M1:REAL
M1-E05-9004,96,17,M1:REAL
M1-E05-9004,97,17,M1:REAL
M1-E05-9004,98,17,M1:REAL
M1-E05-9004,99,17,M1:REAL
M7-E05-9004,0,23,M7:REAL
M7-E05-9004,1,17,M7:REAL
M7-E05-9004,2,17,M7:REAL
M7-E05-9004,3,23,M7:REAL
M7-E05-9004,4,17,M7:REAL
M7-E05-9004,5,17,M7:REAL
M7-E05-9004,6,23,M7:REAL
M7-E05-9004,7,17,M7:REAL
M7-E05-9004,8,17,M7:REAL
M7-E05-9004,9,23,M7:REAL
M7-E05-9004,10,17,M7:REAL
M7-E05-9004,11,17,M7:REAL
M7-E05-9004,12,23,M7:REAL
M7-E05-9004,13,17,M7:REAL
M7-E05-9004,14,17,M7:REAL
M7-E05-9004,15,23,M7:REAL
M7-E05-9004,16,17,M7:REAL
M7-E05-9004,17,17,M7:REAL
M7-E05-9004,18,23,M7:REAL
M7-E05-9004,19,17,M7:REAL
M7-E05-9004,20,17,M7:REAL
M7-E05-9004,21,23,M7:REAL
M7-E05-9004,22,17,M7:REAL
M7-E05-9004,23,17,M7:REAL
M7-E05-9004,24,23,M7:REAL
M7-E05-9004,25,17,M7:REAL
M7-E05-9004,26,17,M7:REAL
M7-E05-9004,27,23,M7:REAL
M7-E05-9004,28,17,M7:REAL
M7-E05-9004,29,17,M7:REAL
M7-E05-9004,30,23,M7:REAL
M7-E05-9004,31,17,M7:REAL
M7-E05-9004,32,17,M7:REAL
M7-E05-9004,33,23,M7:REAL
M7-E05-9004,34,17,M7:REAL
M7-E05-9004,35,17,M7:REAL
M7-E05-9004,36,23,M7:REAL
M7-E05-9004,37,17,M7:REAL
M7-E05-9004,38,17,M7:REAL
M7-E05-9004,39,23,M7:REAL
M7-E05-9004,40,17,M7:REAL
M7-E05-9004,41,17,M7:REAL
M7-E05-9004,42,23,M7:REAL
M7-E05-9004,43,17,M7:REAL
M7-E05-9004,44,17,M7:REAL
M7-E05-9004,45,23,M7:REAL
M7-E05-9004,46,17,M7:REAL
M7-E05-9004,47,17,M7:REAL
M7-E05-9004,48,23,M7:REAL
M7-E05-9004,49,17,M7:REAL
M7-E05-9004,50,17,M7:REAL
M7-E05-9004,51,23,M7:REAL
M7-E05-9004,52,17,M7:REAL
M7-E05-9004,53,17,M7:REAL
M7-E05-9004,54,23,M7:REAL
M7-E05-9004,55,17,M7:REAL
M7-E05-9004,56,17,M7:REAL
M7-E05-9004,57,23,M7:REAL
M7-E05-9004,58,17,M7:REAL
M7-E05-9004,59,17,M7:REAL
M7-E05-9004,60,23,M7:REAL
M7-E05-9004,61,17,M7:REAL
M7-E05-9004,62,17,M7:REAL
M7-E05-9004,63,23,M7:REAL
M7-E05-9004,64,17,M7:REAL
M7-E05-9004,65,17,M7:REAL
M7-E05-9004,66,23,M7:REAL
M7-E05-9004,67,17,M7:REAL
M7-E05-9004,68,17,M7:REAL
M7-E05-9004,69,23,M7:REAL
M7-E05-9004,70,17,M7:REAL
M7-E05-9004,71,17,M7:REAL
M7-E05-9004,72,23,M7:REAL
M7-E05-9004,73,17,M7:REAL
M7-E05-9004,74,17,M7:REAL
M7-E05-9004,75,23,M7:REAL
M7-E05-9004,76,17,M7:REAL
M7-E05-9004,77,17,M7:REAL
M7-E05-9004,78,23,M7:REAL
M7-E05-9004,79,17,M7:REAL
M7-E05-9004,80,17,M7:REAL
M7-E05-9004,81,23,M7:REAL
M7-E05-9004,82,17,M7:REAL
M7-E05-9004,83,17,M7:REAL
M7-E05-9004,84,23,M7:REAL
M7-E05-9004,85,17,M7:REAL
M7-E05-9004,86,17,M7:REAL
M7-E05-9004,87,23,M7:REAL
M7-E05-9004,88,17,M7:REAL
M7-E05-9004,89,17,M7:REAL
M7-E05-9004,90,23,M7:REAL
M7-E05-9004,91,17,M7:REAL
M7-E05-9004,92,17,M7:REAL
M7-E05-9004,93,23,M7:REAL
M7-E05-9004,94,17,M7:REAL
M7-E05-9004,95,17,M7:REAL
M7-E05-9004,96,23,M7:REAL
M7-E05-9004,97,17,M7:REAL
M7-E05-9004,98,17,M7:REAL
M7-E05-9004,99,23,M7:REAL
M6-E05-9004,0,31,M6:REAL
M6-E05-9004,1,31,M6:REAL
M6-E05-9004,2,31,M6:REAL
M6-E05-9004,3,31,M6:REAL
M6-E05-9004,4,31,M6:REAL
M6-E05-9004,5,31,M6:REAL
M6-E05-9004,6,31,M6:REAL
M6-E05-9004,7,31,M6:REAL
M6-E05-9004,8,31,M6:REAL
M6-E05-9004,9,31,M6:REAL
M6-E05-9004,10,31,M6:REAL
M6-E05-9004,11,31,M6:REAL
M6-E05-9004,12,31,M6:REAL
M6-E05-9004,13,31,M6:REAL
M6-E05-9004,14,31,M6:REAL
M6-E05-9004,15,31,M6:REAL
M6-E05-9004,16,31,M6:REAL
M6-E05-9004,17,31,M6:REAL
M6-E05-9004,18,31,M6:REAL
M6-E05-9004,19,31,M6:REAL
M6-E05-9004,20,31,M6:REAL
M6-E05-9004,21,31,M6:REAL
M6-E05-9004,22,31,M6:REAL
M6-E05-9004,23,31,M6:REAL
M6-E05-9004,24,31,M6:REAL
M6-E05-9004,25,31,M6:REAL
M6-E05-9004,26,31,M6:REAL
M6-E05-9004,27,31,M6:REAL
M6-E05-9004,28,31,M6:REAL
M6-E05-9004,29,31,M6:REAL
M6-E05-9004,30,31,M6:REAL
M6-E05-9004,31,31,M6:REAL
M6-E05-9004,32,31,M6:REAL
M6-E05-9004,33,31,M6:REAL
M6-E05-9004,34,31,M6:REAL
M6-E05-9004,35,31,M6:REAL
M6-E05-9004,36,31,M6:REAL
M6-E05-9004,37,31,M6:REAL
M6-E05-9004,38,31,M6:REAL
M6-E05-9004,39,31,M6:REAL
M6-E05-9004,40,31,M6:REAL
M6-E05-9004,41,31,M6:REAL
M6-E05-9004,42,31,M6:REAL
M6-E05-9004,43,31,M6:REAL
M6-E05-9004,44,31,M6:REAL
M6-E05-9004,45,31,M6:REAL
M6-E05-9004,46,31,M6:REAL
M6-E05-9004,47,31,M6:REAL
M6-E05-9004,48,31,M6:REAL
M6-E05-9004,49,31,M6:REAL
M6-E05-9004,50,31,M6:REAL
M6-E05-9004,51,31,M6:REAL
M6-E05-9004,52,31,M6:REAL
M6-E05-9004,53,31,M6:REAL
M6-E05-9004,54,31,M6:REAL
M6-E05-9004,55,31,M6:REAL
M6-E05-9004,56,31,M6:REAL
M6-E05-9004,57,31,M6:REAL
M6-E05-9004,58,31,M6:REAL
M6-E05-9004,59,31,M6:REAL
M6-E05-9004,60,31,M6:REAL
M6-E05-9004,61,31,M6:REAL
M6-E05-9004,62,31,M6:REAL
M6-E05-9004,63,31,M6:REAL
M6-E05-9004,64,31,M6:REAL
M6-E05-9004,65,31,M6:REAL
M6-E05-9004,66,31,M6:REAL
M6-E05-9004,67,31,M6:REAL
M6-E05-9004,68,31,M6:REAL
M6-E05-9004,69,31,M6:REAL
M6-E05-9004,70,31,M6:REAL
M6-E05-9004,71,31,M6:REAL
M6-E05-9004,72,31,M6:REAL
M6-E05-9004,73,31,M6:REAL
M6-E05-9004,74,31,M6:REAL
M6-E05-9004,75,31,M6:REAL
M6-E05-9004,76,31,M6:REAL
M6-E05-9004,77,31,M6:REAL
M6-E05-9004,78,31,M6:REAL
M6-E05-9004,79,31,M6:REAL
M6-E05-9004,80,31,M6:REAL
M6-E05-9004,81,31,M6:REAL
M6-E05-9004,82,31,M6:REAL
M6-E05-9004,83,31,M6:REAL
M6-E05-9004,84,31,M6:REAL
M6-E05-9004,85,31,M6:REAL
M6-E05-9004,86,31,M6:REAL
M6-E05-9004,87,31,M6:REAL
M6-E05-9004,88,31,M6:REAL
M6-E05-9004,89,31,M6:REAL
M6-E05-9004,90,31,M6:REAL
M6-E05-9004,91,31,M6:REAL
M6-E05-9004,92,31,M6:REAL
M6-E05-9004,93,31,M6:REAL
M6-E05-9004,94,31,M6:REAL
M6-E05-9004,95,31,M6:REAL
M6-E05-9004,96,31,M6:REAL
M6-E05-9004,97,31,M6:REAL
M6-E05-9004,98,31,M6:REAL
M6-E05-9004,99,31,M6:REAL
M2-E01-9004,0,23,M2:REAL
M2-E01-9004,1,23,M2:REAL
M2-E01-9004,2,17,M2:REAL
M2-E01-9004,3,23,M2:REAL
M2-E01-9004,4,17,M2:REAL
M2-E01-9004,5,17,M2:REAL
M2-E01-9004,6,23,M2:REAL
M2-E01-9004,7,17,M2:REAL
M2-E01-9004,8,23,M2:REAL
M2-E01-9004,9,23,M2:REAL
M2-E01-9004,10,17,M2:REAL
M2-E01-9004,11,23,M2:REAL
M2-E01-9004,12,23,M2:REAL
M2-E01-9004,13,17,M2:REAL
M2-E01-9004,14,17,M2:REAL
M2-E01-9004,15,23,M2:REAL
M2-E01-9004,16,17,M2:REAL
M2-E01-9004,17,17,M2:REAL
M2-E01-9004,18,23,M2:REAL
M2-E01-9004,19,17,M2:REAL
M2-E01-9004,20,23,M2:REAL
M2-E01-9004,21,23,M2:REAL
M2-E01-9004,22,17,M2:REAL
M2-E01-9004,23,17,M2:REAL
M2-E01-9004,24,17,M2:REAL
M2-E01-9004,25,23,M2:REAL
M2-E01-9004,26,17,M2:REAL
M2-E01-9004,27,17,M2:REAL
M2-E01-9004,28,23,M2:REAL
M2-E01-9004,29,23,M2:REAL
M2-E01-9004,30,17,M2:REAL
M2-E01-9004,31,17,M2:REAL
M2-E01-9004,32,23,M2:REAL
M2-E01-9004,33,17,M2:REAL
M2-E01-9004,34,17,M2:REAL
M2-E01-9004,35,23,M2:REAL
M2-E01-9004,36,17,M2:REAL
M2-E01-9004,37,23,M2:REAL
M2-E01-9004,38,23,M2:REAL
M2-E01-9004,39,23,M2:REAL
M2-E01-9004,40,17,M2:REAL
M2-E01-9004,41,17,M2:REAL
M2-E01-9004,42,23,M2:REAL
M2-E01-9004,43,23,M2:REAL
M2-E01-9004,44,23,M2:REAL
M2-E01-9004,45,17,M2:REAL
M2-E01-9004,46,17,M2:REAL
M2-E01-9004,47,23,M2:REAL
M2-E01-9004,48,17,M2:REAL
M2-E01-9004,49,23,M2:REAL
M2-E01-9004,50,17,M2:REAL
M2-E01-9004,51,17,M2:REAL
M2-E01-9004,52,23,M2:REAL
M2-E01-9004,53,17,M2:REAL
M2-E01-9004,54,17,M2:REAL
M2-E01-9004,55,23,M2:REAL
M2-E01-9004,56,23,M2:REAL
M2-E01-9004,57,23,M2:REAL
M2-E01-9004,58,23,M2:REAL
M2-E01-9004,59,17,M2:REAL
M2-E01-9004,60,17,M2:REAL
M2-E01-9004,61,23,M2:REAL
M2-E01-9004,62,23,M2:REAL
M2-E01-9004,63,17,M2:REAL
M2-E01-9004,64,23,M2:REAL
M2-E01-9004,65,23,M2:REAL
M2-E01-9004,66,17,M2:REAL
M2-E01-9004,67,17,M2:REAL
M2-E01-9004,68,23,M2:REAL
M2-E01-9004,69,23,M2:REAL
M2-E01-9004,70,17,M2:REAL
M2-E01-9004,71,23,M2:REAL
M2-E01-9004,72,17,M2:REAL
M2-E01-9004,73,23,M2:REAL
M2-E01-9004,74,17,M2:REAL
M2-E01-9004,75,17,M2:REAL
M2-E01-9004,76,23,M2:REAL
M2-E01-9004,77,23,M2:REAL
M2-E01-9004,78,23,M2:REAL
M2-E01-9004,79,17,M2:REAL
M2-E01-9004,80,17,M2:REAL
M2-E01-9004,81,17,M2:REAL
M2-E01-9004,82,23,M2:REAL
M2-E01-9004,83,23,M2:REAL
M2-E01-9004,84,17,M2:REAL
M2-E01-9004,85,17,M2:REAL
M2-E01-9004,86,23,M2:REAL
M2-E01-9004,87,17,M2:REAL
M2-E01-9004,88,17,M2:REAL
M2-E01-9004,89,23,M2:REAL
M2-E01-9004,90,23,M2:REAL
M2-E01-9004,91,17,M2:REAL
M2-E01-9004,92,17,M2:REAL
M2-E01-9004,93,17,M2:REAL
M2-E01-9004,94,17,M2:REAL
M2-E01-9004,95,23,M2:REAL
M2-E01-9004,96,23,M2:REAL
M2-E01-9004,97,23,M2:REAL
M2-E01-9004,98,17,M2:REAL
M2-E01-9004,99,23,M2:REAL
PIR_REAL_50-E01-9004,0,1025,PIR_REAL_50:DUMMY
PIR_REAL_50-E01-9004,1,17,PIR_REAL_50:REAL
PIR_REAL_50-E01-9004,2,1059,PIR_REAL_50:DUMMY
PIR_REAL_50-E01-9004,3,1004,PIR_REAL_50:DUMMY
PIR_REAL_50-E01-9004,4,17,PIR_REAL_50:REAL
PIR_REAL_50-E01-9004,5,17,PIR_REAL_50:REAL
PIR_REAL_50-E01-9004,6,1019,PIR_REAL_50:DUMMY
PIR_REAL_50-E01-9004,7,17,PIR_REAL_50:REAL
PIR_REAL_50-E01-9004,8,17,PIR_REAL_50:REAL
PIR_REAL_50-E01-9004,9,17,PIR_REAL_50:REAL
PIR_REAL_50-E01-9004,10,17,PIR_REAL_50:REAL
PIR_REAL_50-E01-9004,11,1009,PIR_REAL_50:DUMMY
PIR_REAL_50-E01-9004,12,17,PIR_REAL_50:REAL
PIR_REAL_50-E01-9004,13,17,PIR_REAL_50:REAL
PIR_REAL_50-E01-9004,14,1043,PIR_REAL_50:DUMMY
PIR_REAL_50-E01-9004,15,1016,PIR_REAL_50:DUMMY
PIR_REAL_50-E01-9004,16,1020,PIR_REAL_50:DUMMY
PIR_REAL_50-E01-9004,17,17,PIR_REAL_50:REAL
PIR_REAL_50-E01-9004,18,1027,PIR_REAL_50:DUMMY
PIR_REAL_50-E01-9004,19,17,PIR_REAL_50:REAL
PIR_REAL_50-E01-9004,20,1022,PIR_REAL_50:DUMMY
PIR_REAL_50-E01-9004,21,17,PIR_REAL_50:REAL
PIR_REAL_50-E01-9004,22,1008,PIR_REAL_50:DUMMY
PIR_REAL_50-E01-9004,23,17,PIR_REAL_50:REAL
PIR_REAL_50-E01-9004,24,1038,PIR_REAL_50:DUMMY
PIR_REAL_50-E01-9004,25,17,PIR_REAL_50:REAL
PIR_REAL_50-E01-9004,26,1049,PIR_REAL_50:DUMMY
PIR_REAL_50-E01-9004,27,1030,PIR_REAL_50:DUMMY
PIR_REAL_50-E01-9004,28,1003,PIR_REAL_50:DUMMY
PIR_REAL_50-E01-9004,29,1020,PIR_REAL_50:DUMMY
PIR_REAL_50-E01-9004,30,1015,PIR_REAL_50:DUMMY
PIR_REAL_50-E01-9004,31,1017,PIR_REAL_50:DUMMY
PIR_REAL_50-E01-9004,32,17,PIR_REAL_50:REAL
PIR_REAL_50-E01-9004,33,17,PIR_REAL_50:REAL
PIR_REAL_50-E01-9004,34,17,PIR_REAL_50:REAL
PIR_REAL_50-E01-9004,35,1039,PIR_REAL_50:DUMMY
PIR_REAL_50-E01-9004,36,17,PIR_REAL_50:REAL
PIR_REAL_50-E01-9004,37,17,PIR_REAL_50:REAL
PIR_REAL_50-E01-9004,38,17,PIR_REAL_50:REAL
PIR_REAL_50-E01-9004,39,17,PIR_REAL_50:REAL
PIR_REAL_50-E01-9004,40,17,PIR_REAL_50:REAL
PIR_REAL_50-E01-9004,41,1051,PIR_REAL_50:DUMMY
PIR_REAL_50-E01-9004,42,1015,PIR_REAL_50:DUMMY
PIR_REAL_50-E01-9004,43,17,PIR_REAL_50:REAL
PIR_REAL_50-E01-9004,44,1013,PIR_REAL_50:DUMMY
PIR_REAL_50-E01-9004,45,17,PIR_REAL_50:REAL
PIR_REAL_50-E01-9004,46,17,PIR_REAL_50:REAL
PIR_REAL_50-E01-9004,47,1034,PIR_REAL_50:DUMMY
PIR_REAL_50-E01-9004,48,17,PIR_REAL_50:REAL
PIR_REAL_50-E01-9004,49,17,PIR_REAL_50:REAL
PIR_REAL_50-E01-9004,50,1062,PIR_REAL_50:DUMMY
PIR_REAL_50-E01-9004,51,17,PIR_REAL_50:REAL
PIR_REAL_50-E01-9004,52,1035,PIR_REAL_50:DUMMY
PIR_REAL_50-E01-9004,53,1054,PIR_REAL_50:DUMMY
PIR_REAL_50-E01-9004,54,1059,PIR_REAL_50:DUMMY
PIR_REAL_50-E01-9004,55,17,PIR_REAL_50:REAL
PIR_REAL_50-E01-9004,56,1061,PIR_REAL_50:DUMMY
PIR_REAL_50-E01-9004,57,1034,PIR_REAL_50:DUMMY
PIR_REAL_50-E01-9004,58,1042,PIR_REAL_50:DUMMY
PIR_REAL_50-E01-9004,59,1019,PIR_REAL_50:DUMMY
PIR_REAL_50-E01-9004,60,1055,PIR_REAL_50:DUMMY
PIR_REAL_50-E01-9004,61,1028,PIR_REAL_50:DUMMY
PIR_REAL_50-E01-9004,62,1022,PIR_REAL_50:DUMMY
PIR_REAL_50-E01-9004,63,17,PIR_REAL_50:REAL
PIR_REAL_50-E01-9004,64,17,PIR_REAL_50:REAL
PIR_REAL_50-E01-9004,65,1031,PIR_REAL_50:DUMMY
PIR_REAL_50-E01-9004,66,17,PIR_REAL_50:REAL
PIR_REAL_50-E01-9004,67,1062,PIR_REAL_50:DUMMY
PIR_REAL_50-E01-9004,68,17,PIR_REAL_50:REAL
PIR_REAL_50-E01-9004,69,17,PIR_REAL_50:REAL
PIR_REAL_50-E01-9004,70,17,PIR_REAL_50:REAL
PIR_REAL_50-E01-9004,71,17,PIR_REAL_50:REAL
PIR_REAL_50-E01-9004,72,1012,PIR_REAL_50:DUMMY
PIR_REAL_50-E01-9004,73,17,PIR_REAL_50:REAL
PIR_REAL_50-E01-9004,74,1038,PIR_REAL_50:DUMMY
PIR_REAL_50-E01-9004,75,17,PIR_REAL_50:REAL
PIR_REAL_50-E01-9004,76,1026,PIR_REAL_50:DUMMY
PIR_REAL_50-E01-9004,77,1063,PIR_REAL_50:DUMMY
PIR_REAL_50-E01-9004,78,1029,PIR_REAL_50:DUMMY
PIR_REAL_50-E01-9004,79,17,PIR_REAL_50:REAL
PIR_REAL_50-E01-9004,80,1057,PIR_REAL_50:DUMMY
PIR_REAL_50-E01-9004,81,17,PIR_REAL_50:REAL
PIR_REAL_50-E01-9004,82,1013,PIR_REAL_50:DUMMY
PIR_REAL_50-E01-9004,83,1013,PIR_REAL_50:DUMMY
PIR_REAL_50-E01-9004,84,17,PIR_REAL_50:REAL
PIR_REAL_50-E01-9004,85,1012,PIR_REAL_50:DUMMY
PIR_REAL_50-E01-9004,86,17,PIR_REAL_50:REAL
PIR_REAL_50-E01-9004,87,17,PIR_REAL_50:REAL
PIR_REAL_50-E01-9004,88,1046,PIR_REAL_50:DUMMY
PIR_REAL_50-E01-9004,89,17,PIR_REAL_50:REAL
PIR_REAL_50-E01-9004,90,1001,PIR_REAL_50:DUMMY
PIR_REAL_50-E01-9004,91,17,PIR_REAL_50:REAL
PIR_REAL_50-E01-9004,92,17,PIR_REAL_50:REAL
PIR_REAL_50-E01-9004,93,17,PIR_REAL_50:REAL
PIR_REAL_50-E01-9004,94,17,PIR_REAL_50:REAL
PIR_REAL_50-E01-9004,95,17,PIR_REAL_50:REAL
PIR_REAL_50-E01-9004,96,1020,PIR_REAL_50:DUMMY
PIR_REAL_50-E01-9004,97,17,PIR_REAL_50:REAL
PIR_REAL_50-E01-9004,98,1031,PIR_REAL_50:DUMMY
PIR_REAL_50-E01-9004,99,1060,PIR_REAL_50:DUMMY
M5-E01-9004,0,10,M5:REAL
M5-E01-9004,1,12,M5:REAL
M5-E01-9004,2,10,M5:REAL
M5-E01-9004,3,12,M5:REAL
M5-E01-9004,4,10,M5:REAL
M5-E01-9004,5,12,M5:REAL
M5-E01-9004,6,10,M5:REAL
M5-E01-9004,7,12,M5:REAL
M5-E01-9004,8,10,M5:REAL
M5-E01-9004,9,12,M5:REAL
M5-E01-9004,10,10,M5:REAL
M5-E01-9004,11,12,M5:REAL
M5-E01-9004,12,10,M5:REAL
M5-E01-9004,13,12,M5:REAL
M5-E01-9004,14,10,M5:REAL
M5-E01-9004,15,12,M5:REAL
M5-E01-9004,16,10,M5:REAL
M5-E01-9004,17,12,M5:REAL
M5-E01-9004,18,10,M5:REAL
M5-E01-9004,19,12,M5:REAL
M5-E01-9004,20,10,M5:REAL
M5-E01-9004,21,12,M5:REAL
M5-E01-9004,22,10,M5:REAL
M5-E01-9004,23,12,M5:REAL
M5-E01-9004,24,10,M5:REAL
M5-E01-9004,25,12,M5:REAL
M5-E01-9004,26,10,M5:REAL
M5-E01-9004,27,12,M5:REAL
M5-E01-9004,28,10,M5:REAL
M5-E01-9004,29,12,M5:REAL
M5-E01-9004,30,10,M5:REAL
M5-E01-9004,31,12,M5:REAL
M5-E01-9004,32,10,M5:REAL
M5-E01-9004,33,12,M5:REAL
M5-E01-9004,34,10,M5:REAL
M5-E01-9004,35,12,M5:REAL
M5-E01-9004,36,10,M5:REAL
M5-E01-9004,37,12,M5:REAL
M5-E01-9004,38,10,M5:REAL
M5-E01-9004,39,12,M5:REAL
M5-E01-9004,40,10,M5:REAL
M5-E01-9004,41,12,M5:REAL
M5-E01-9004,42,10,M5:REAL
M5-E01-9004,43,12,M5:REAL
M5-E01-9004,44,10,M5:REAL
M5-E01-9004,45,12,M5:REAL
M5-E01-9004,46,10,M5:REAL
M5-E01-9004,47,12,M5:REAL
M5-E01-9004,48,10,M5:REAL
M5-E01-9004,49,12,M5:REAL
M5-E01-9004,50,10,M5:REAL
M5-E01-9004,51,12,M5:REAL
M5-E01-9004,52,10,M5:REAL
M5-E01-9004,53,12,M5:REAL
M5-E01-9004,54,10,M5:REAL
M5-E01-9004,55,12,M5:REAL
M5-E01-9004,56,10,M5:REAL
M5-E01-9004,57,12,M5:REAL
M5-E01-9004,58,10,M5:REAL
M5-E01-9004,59,12,M5:REAL
M5-E01-9004,60,10,M5:REAL
M5-E01-9004,61,12,M5:REAL
M5-E01-9004,62,10,M5:REAL
M5-E01-9004,63,12,M5:REAL
M5-E01-9004,64,10,M5:REAL
M5-E01-9004,65,12,M5:REAL
M5-E01-9004,66,10,M5:REAL
M5-E01-9004,67,12,M5:REAL
M5-E01-9004,68,10,M5:REAL
M5-E01-9004,69,12,M5:REAL
M5-E01-9004,70,10,M5:REAL
M5-E01-9004,71,12,M5:REAL
M5-E01-9004,72,10,M5:REAL
M5-E01-9004,73,12,M5:REAL
M5-E01-9004,74,10,M5:REAL
M5-E01-9004,75,12,M5:REAL
M5-E01-9004,76,10,M5:REAL
M5-E01-9004,77,12,M5:REAL
M5-E01-9004,78,10,M5:REAL
M5-E01-9004,79,12,M5:REAL
M5-E01-9004,80,10,M5:REAL
M5-E01-9004,81,12,M5:REAL
M5-E01-9004,82,10,M5:REAL
M5-E01-9004,83,12,M5:REAL
M5-E01-9004,84,10,M5:REAL
M5-E01-9004,85,12,M5:REAL
M5-E01-9004,86,10,M5:REAL
M5-E01-9004,87,12,M5:REAL
M5-E01-9004,88,10,M5:REAL
M5-E01-9004,89,12,M5:REAL
M5-E01-9004,90,10,M5:REAL
M5-E01-9004,91,12,M5:REAL
M5-E01-9004,92,10,M5:REAL
M5-E01-9004,93,12,M5:REAL
M5-E01-9004,94,10,M5:REAL
M5-E01-9004,95,12,M5:REAL
M5-E01-9004,96,10,M5:REAL
M5-E01-9004,97,12,M5:REAL
M5-E01-9004,98,10,M5:REAL
M5-E01-9004,99,12,M5:REAL
M3-E00-9004,0,101,M3:REAL
M3-E00-9004,1,104,M3:REAL
M3-E00-9004,2,109,M3:REAL
M3-E00-9004,3,104,M3:REAL
M3-E00-9004,4,100,M3:REAL
M3-E00-9004,5,107,M3:REAL
M3-E00-9004,6,101,M3:REAL
M3-E00-9004,7,104,M3:REAL
M3-E00-9004,8,100,M3:REAL
M3-E00-9004,9,108,M3:REAL
M3-E00-9004,10,101,M3:REAL
M3-E00-9004,11,101,M3:REAL
M3-E00-9004,12,106,M3:REAL
M3-E00-9004,13,104,M3:REAL
M3-E00-9004,14,104,M3:REAL
M3-E00-9004,15,104,M3:REAL
M3-E00-9004,16,102,M3:REAL
M3-E00-9004,17,103,M3:REAL
M3-E00-9004,18,108,M3:REAL
M3-E00-9004,19,101,M3:REAL
M3-E00-9004,20,100,M3:REAL
M3-E00-9004,21,108,M3:REAL
M3-E00-9004,22,100,M3:REAL
M3-E00-9004,23,107,M3:REAL
M3-E00-9004,24,108,M3:REAL
M3-E00-9004,25,104,M3:REAL
M3-E00-9004,26,107,M3:REAL
M3-E00-9004,27,106,M3:REAL
M3-E00-9004,28,108,M3:REAL
M3-E00-9004,29,105,M3:REAL
M3-E00-9004,30,100,M3:REAL
M3-E00-9004,31,108,M3:REAL
M3-E00-9004,32,100,M3:REAL
M3-E00-9004,33,109,M3:REAL
M3-E00-9004,34,106,M3:REAL
M3-E00-9004,35,104,M3:REAL
M3-E00-9004,36,102,M3:REAL
M3-E00-9004,37,103,M3:REAL
M3-E00-9004,38,107,M3:REAL
M3-E00-9004,39,105,M3:REAL
M3-E00-9004,40,100,M3:REAL
M3-E00-9004,41,108,M3:REAL
M3-E00-9004,42,109,M3:REAL
M3-E00-9004,43,105,M3:REAL
M3-E00-9004,44,104,M3:REAL
M3-E00-9004,45,106,M3:REAL
M3-E00-9004,46,108,M3:REAL
M3-E00-9004,47,109,M3:REAL
M3-E00-9004,48,103,M3:REAL
M3-E00-9004,49,109,M3:REAL
M3-E00-9004,50,102,M3:REAL
M3-E00-9004,51,107,M3:REAL
M3-E00-9004,52,102,M3:REAL
M3-E00-9004,53,109,M3:REAL
M3-E00-9004,54,101,M3:REAL
M3-E00-9004,55,102,M3:REAL
M3-E00-9004,56,107,M3:REAL
M3-E00-9004,57,109,M3:REAL
M3-E00-9004,58,108,M3:REAL
M3-E00-9004,59,104,M3:REAL
M3-E00-9004,60,102,M3:REAL
M3-E00-9004,61,108,M3:REAL
M3-E00-9004,62,108,M3:REAL
M3-E00-9004,63,109,M3:REAL
M3-E00-9004,64,105,M3:REAL
M3-E00-9004,65,105,M3:REAL
M3-E00-9004,66,109,M3:REAL
M3-E00-9004,67,101,M3:REAL
M3-E00-9004,68,106,M3:REAL
M3-E00-9004,69,106,M3:REAL
M3-E00-9004,70,104,M3:REAL
M3-E00-9004,71,103,M3:REAL
M3-E00-9004,72,104,M3:REAL
M3-E00-9004,73,100,M3:REAL
M3-E00-9004,74,105,M3:REAL
M3-E00-9004,75,105,M3:REAL
M3-E00-9004,76,105,M3:REAL
M3-E00-9004,77,100,M3:REAL
M3-E00-9004,78,108,M3:REAL
M3-E00-9004,79,101,M3:REAL
M3-E00-9004,80,101,M3:REAL
M3-E00-9004,81,108,M3:REAL
M3-E00-9004,82,109,M3:REAL
M3-E00-9004,83,107,M3:REAL
M3-E00-9004,84,109,M3:REAL
M3-E00-9004,85,104,M3:REAL
M3-E00-9004,86,100,M3:REAL
M3-E00-9004,87,104,M3:REAL
M3-E00-9004,88,102,M3:REAL
M3-E00-9004,89,103,M3:REAL
M3-E00-9004,90,102,M3:REAL
M3-E00-9004,91,103,M3:REAL
M3-E00-9004,92,108,M3:REAL
M3-E00-9004,93,103,M3:REAL
M3-E00-9004,94,105,M3:REAL
M3-E00-9004,95,108,M3:REAL
M3-E00-9004,96,109,M3:REAL
M3-E00-9004,97,102,M3:REAL
M3-E00-9004,98,106,M3:REAL
M3-E00-9004,99,108,M3:REAL
PIR_REAL_100-E05-9004,0,17,PIR_REAL_100:REAL
PIR_REAL_100-E05-9004,1,17,PIR_REAL_100:REAL
PIR_REAL_100-E05-9004,2,17,PIR_REAL_100:REAL
PIR_REAL_100-E05-9004,3,17,PIR_REAL_100:REAL
PIR_REAL_100-E05-9004,4,17,PIR_REAL_100:REAL
PIR_REAL_100-E05-9004,5,17,PIR_REAL_100:REAL
PIR_REAL_100-E05-9004,6,17,PIR_REAL_100:REAL
PIR_REAL_100-E05-9004,7,17,PIR_REAL_100:REAL
PIR_REAL_100-E05-9004,8,17,PIR_REAL_100:REAL
PIR_REAL_100-E05-9004,9,17,PIR_REAL_100:REAL
PIR_REAL_100-E05-9004,10,17,PIR_REAL_100:REAL
PIR_REAL_100-E05-9004,11,17,PIR_REAL_100:REAL
PIR_REAL_100-E05-9004,12,17,PIR_REAL_100:REAL
PIR_REAL_100-E05-9004,13,17,PIR_REAL_100:REAL
PIR_REAL_100-E05-9004,14,17,PIR_REAL_100:REAL
PIR_REAL_100-E05-9004,15,17,PIR_REAL_100:REAL
PIR_REAL_100-E05-9004,16,17,PIR_REAL_100:REAL
PIR_REAL_100-E05-9004,17,17,PIR_REAL_100:REAL
PIR_REAL_100-E05-9004,18,17,PIR_REAL_100:REAL
PIR_REAL_100-E05-9004,19,17,PIR_REAL_100:REAL
PIR_REAL_100-E05-9004,20,17,PIR_REAL_100:REAL
PIR_REAL_100-E05-9004,21,17,PIR_REAL_100:REAL
PIR_REAL_100-E05-9004,22,17,PIR_REAL_100:REAL
PIR_REAL_100-E05-9004,23,17,PIR_REAL_100:REAL
PIR_REAL_100-E05-9004,24,17,PIR_REAL_100:REAL
PIR_REAL_100-E05-9004,25,17,PIR_REAL_100:REAL
PIR_REAL_100-E05-9004,26,17,PIR_REAL_100:REAL
PIR_REAL_100-E05-9004,27,17,PIR_REAL_100:REAL
PIR_REAL_100-E05-9004,28,17,PIR_REAL_100:REAL
PIR_REAL_100-E05-9004,29,17,PIR_REAL_100:REAL
PIR_REAL_100-E05-9004,30,17,PIR_REAL_100:REAL
PIR_REAL_100-E05-9004,31,17,PIR_REAL_100:REAL
PIR_REAL_100-E05-9004,32,17,PIR_REAL_100:REAL
PIR_REAL_100-E05-9004,33,17,PIR_REAL_100:REAL
PIR_REAL_100-E05-9004,34,17,PIR_REAL_100:REAL
PIR_REAL_100-E05-9004,35,17,PIR_REAL_100:REAL
PIR_REAL_100-E05-9004,36,17,PIR_REAL_100:REAL
PIR_REAL_100-E05-9004,37,17,PIR_REAL_100:REAL
PIR_REAL_100-E05-9004,38,17,PIR_REAL_100:REAL
PIR_REAL_100-E05-9004,39,17,PIR_REAL_100:REAL
PIR_REAL_100-E05-9004,40,17,PIR_REAL_100:REAL
PIR_REAL_100-E05-9004,41,17,PIR_REAL_100:REAL
PIR_REAL_100-E05-9004,42,17,PIR_REAL_100:REAL
PIR_REAL_100-E05-9004,43,17,PIR_REAL_100:REAL
PIR_REAL_100-E05-9004,44,17,PIR_REAL_100:REAL
PIR_REAL_100-E05-9004,45,17,PIR_REAL_100:REAL
PIR_REAL_100-E05-9004,46,17,PIR_REAL_100:REAL
PIR_REAL_100-E05-9004,47,17,PIR_REAL_100:REAL
PIR_REAL_100-E05-9004,48,17,PIR_REAL_100:REAL
PIR_REAL_100-E05-9004,49,17,PIR_REAL_100:REAL
PIR_REAL_100-E05-9004,50,17,PIR_REAL_100:REAL
PIR_REAL_100-E05-9004,51,17,PIR_REAL_100:REAL
PIR_REAL_100-E05-9004,52,17,PIR_REAL_100:REAL
PIR_REAL_100-E05-9004,53,17,PIR_REAL_100:REAL
PIR_REAL_100-E05-9004,54,17,PIR_REAL_100:REAL
PIR_REAL_100-E05-9004,55,17,PIR_REAL_100:REAL
PIR_REAL_100-E05-9004,56,17,PIR_REAL_100:REAL
PIR_REAL_100-E05-9004,57,17,PIR_REAL_100:REAL
PIR_REAL_100-E05-9004,58,17,PIR_REAL_100:REAL
PIR_REAL_100-E05-9004,59,17,PIR_REAL_100:REAL
PIR_REAL_100-E05-9004,60,17,PIR_REAL_100:REAL
PIR_REAL_100-E05-9004,61,17,PIR_REAL_100:REAL
PIR_REAL_100-E05-9004,62,17,PIR_REAL_100:REAL
PIR_REAL_100-E05-9004,63,17,PIR_REAL_100:REAL
PIR_REAL_100-E05-9004,64,17,PIR_REAL_100:REAL
PIR_REAL_100-E05-9004,65,17,PIR_REAL_100:REAL
PIR_REAL_100-E05-9004,66,17,PIR_REAL_100:REAL
PIR_REAL_100-E05-9004,67,17,PIR_REAL_100:REAL
PIR_REAL_100-E05-9004,68,17,PIR_REAL_100:REAL
PIR_REAL_100-E05-9004,69,17,PIR_REAL_100:REAL
PIR_REAL_100-E05-9004,70,17,PIR_REAL_100:REAL
PIR_REAL_100-E05-9004,71,17,PIR_REAL_100:REAL
PIR_REAL_100-E05-9004,72,17,PIR_REAL_100:REAL
PIR_REAL_100-E05-9004,73,17,PIR_REAL_100:REAL
PIR_REAL_100-E05-9004,74,17,PIR_REAL_100:REAL
PIR_REAL_100-E05-9004,75,17,PIR_REAL_100:REAL
PIR_REAL_100-E05-9004,76,17,PIR_REAL_100:REAL
PIR_REAL_100-E05-9004,77,17,PIR_REAL_100:REAL
PIR_REAL_100-E05-9004,78,17,PIR_REAL_100:REAL
PIR_REAL_100-E05-9004,79,17,PIR_REAL_100:REAL
PIR_REAL_100-E05-9004,80,17,PIR_REAL_100:REAL
PIR_REAL_100-E05-9004,81,17,PIR_REAL_100:REAL
PIR_REAL_100-E05-9004,82,17,PIR_REAL_100:REAL
PIR_REAL_100-E05-9004,83,17,PIR_REAL_100:REAL
PIR_REAL_100-E05-9004,84,17,PIR_REAL_100:REAL
PIR_REAL_100-E05-9004,85,17,PIR_REAL_100:REAL
PIR_REAL_100-E05-9004,86,17,PIR_REAL_100:REAL
PIR_REAL_100-E05-9004,87,17,PIR_REAL_100:REAL
PIR_REAL_100-E05-9004,88,17,PIR_REAL_100:REAL
PIR_REAL_100-E05-9004,89,17,PIR_REAL_100:REAL
PIR_REAL_100-E05-9004,90,17,PIR_REAL_100:REAL
PIR_REAL_100-E05-9004,91,17,PIR_REAL_100:REAL
PIR_REAL_100-E05-9004,92,17,PIR_REAL_100:REAL
PIR_REAL_100-E05-9004,93,17,PIR_REAL_100:REAL
PIR_REAL_100-E05-9004,94,17,PIR_REAL_100:REAL
PIR_REAL_100-E05-9004,95,17,PIR_REAL_100:REAL
PIR_REAL_100-E05-9004,96,17,PIR_REAL_100:REAL
PIR_REAL_100-E05-9004,97,17,PIR_REAL_100:REAL
PIR_REAL_100-E05-9004,98,17,PIR_REAL_100:REAL
PIR_REAL_100-E05-9004,99,17,PIR_REAL_100:REAL
PIR_REAL_1-E04-9004,0,1056,PIR_REAL_1:DUMMY
PIR_REAL_1-E04-9004,1,1053,PIR_REAL_1:DUMMY
PIR_REAL_1-E04-9004,2,1017,PIR_REAL_1:DUMMY
PIR_REAL_1-E04-9004,3,1023,PIR_REAL_1:DUMMY
PIR_REAL_1-E04-9004,4,1028,PIR_REAL_1:DUMMY
PIR_REAL_1-E04-9004,5,1049,PIR_REAL_1:DUMMY
PIR_REAL_1-E04-9004,6,1046,PIR_REAL_1:DUMMY
PIR_REAL_1-E04-9004,7,1005,PIR_REAL_1:DUMMY
PIR_REAL_1-E04-9004,8,1062,PIR_REAL_1:DUMMY
PIR_REAL_1-E04-9004,9,1025,PIR_REAL_1:DUMMY
PIR_REAL_1-E04-9004,10,1031,PIR_REAL_1:DUMMY
PIR_REAL_1-E04-9004,11,1042,PIR_REAL_1:DUMMY
PIR_REAL_1-E04-9004,12,1019,PIR_REAL_1:DUMMY
PIR_REAL_1-E04-9004,13,1028,PIR_REAL_1:DUMMY
PIR_REAL_1-E04-9004,14,1017,PIR_REAL_1:DUMMY
PIR_REAL_1-E04-9004,15,1054,PIR_REAL_1:DUMMY
PIR_REAL_1-E04-9004,16,1023,PIR_REAL_1:DUMMY
PIR_REAL_1-E04-9004,17,1029,PIR_REAL_1:DUMMY
PIR_REAL_1-E04-9004,18,1031,PIR_REAL_1:DUMMY
PIR_REAL_1-E04-9004,19,1061,PIR_REAL_1:DUMMY
PIR_REAL_1-E04-9004,20,1052,PIR_REAL_1:DUMMY
PIR_REAL_1-E04-9004,21,1050,PIR_REAL_1:DUMMY
PIR_REAL_1-E04-9004,22,1042,PIR_REAL_1:DUMMY
PIR_REAL_1-E04-9004,23,1010,PIR_REAL_1:DUMMY
PIR_REAL_1-E04-9004,24,1059,PIR_REAL_1:DUMMY
PIR_REAL_1-E04-9004,25,1012,PIR_REAL_1:DUMMY
PIR_REAL_1-E04-9004,26,1019,PIR_REAL_1:DUMMY
PIR_REAL_1-E04-9004,27,1018,PIR_REAL_1:DUMMY
PIR_REAL_1-E04-9004,28,1049,PIR_REAL_1:DUMMY
PIR_REAL_1-E04-9004,29,1032,PIR_REAL_1:DUMMY
PIR_REAL_1-E04-9004,30,1060,PIR_REAL_1:DUMMY
PIR_REAL_1-E04-9004,31,1030,PIR_REAL_1:DUMMY
PIR_REAL_1-E04-9004,32,1052,PIR_REAL_1:DUMMY
PIR_REAL_1-E04-9004,33,1046,PIR_REAL_1:DUMMY
PIR_REAL_1-E04-9004,34,1061,PIR_REAL_1:DUMMY
PIR_REAL_1-E04-9004,35,1040,PIR_REAL_1:DUMMY
PIR_REAL_1-E04-9004,36,1010,PIR_REAL_1:DUMMY
PIR_REAL_1-E04-9004,37,1007,PIR_REAL_1:DUMMY
PIR_REAL_1-E04-9004,38,1039,PIR_REAL_1:DUMMY
PIR_REAL_1-E04-9004,39,1001,PIR_REAL_1:DUMMY
PIR_REAL_1-E04-9004,40,1033,PIR_REAL_1:DUMMY
PIR_REAL_1-E04-9004,41,1008,PIR_REAL_1:DUMMY
PIR_REAL_1-E04-9004,42,1020,PIR_REAL_1:DUMMY
PIR_REAL_1-E04-9004,43,1026,PIR_REAL_1:DUMMY
PIR_REAL_1-E04-9004,44,1001,PIR_REAL_1:DUMMY
PIR_REAL_1-E04-9004,45,1002,PIR_REAL_1:DUMMY
PIR_REAL_1-E04-9004,46,1046,PIR_REAL_1:DUMMY
PIR_REAL_1-E04-9004,47,1028,PIR_REAL_1:DUMMY
PIR_REAL_1-E04-9004,48,1036,PIR_REAL_1:DUMMY
PIR_REAL_1-E04-9004,49,1017,PIR_REAL_1:DUMMY
PIR_REAL_1-E04-9004,50,1040,PIR_REAL_1:DUMMY
PIR_REAL_1-E04-9004,51,1020,PIR_REAL_1:DUMMY
PIR_REAL_1-E04-9004,52,1010,PIR_REAL_1:DUMMY
PIR_REAL_1-E04-9004,53,1021,PIR_REAL_1:DUMMY
PIR_REAL_1-E04-9004,54,1049,PIR_REAL_1:DUMMY
PIR_REAL_1-E04-9004,55,1012,PIR_REAL_1:DUMMY
PIR_REAL_1-E04-9004,56,1003,PIR_REAL_1:DUMMY
PIR_REAL_1-E04-9004,57,1038,PIR_REAL_1:DUMMY
PIR_REAL_1-E04-9004,58,1039,PIR_REAL_1:DUMMY
PIR_REAL_1-E04-9004,59,1000,PIR_REAL_1:DUMMY
PIR_REAL_1-E04-9004,60,1059,PIR_REAL_1:DUMMY
PIR_REAL_1-E04-9004,61,1039,PIR_REAL_1:DUMMY
PIR_REAL_1-E04-9004,62,1013,PIR_REAL_1:DUMMY
PIR_REAL_1-E04-9004,63,1027,PIR_REAL_1:DUMMY
PIR_REAL_1-E04-9004,64,1007,PIR_REAL_1:DUMMY
PIR_REAL_1-E04-9004,65,1054,PIR_REAL_1:DUMMY
PIR_REAL_1-E04-9004,66,1044,PIR_REAL_1:DUMMY
PIR_REAL_1-E04-9004,67,1026,PIR_REAL_1:DUMMY
PIR_REAL_1-E04-9004,68,1049,PIR_REAL_1:DUMMY
PIR_REAL_1-E04-9004,69,1059,PIR_REAL_1:DUMMY
PIR_REAL_1-E04-9004,70,1026,PIR_REAL_1:DUMMY
PIR_REAL_1-E04-9004,71,1000,PIR_REAL_1:DUMMY
PIR_REAL_1-E04-9004,72,1013,PIR_REAL_1:DUMMY
PIR_REAL_1-E04-9004,73,1052,PIR_REAL_1:DUMMY
PIR_REAL_1-E04-9004,74,1048,PIR_REAL_1:DUMMY
PIR_REAL_1-E04-9004,75,1059,PIR_REAL_1:DUMMY
PIR_REAL_1-E04-9004,76,1044,PIR_REAL_1:DUMMY
PIR_REAL_1-E04-9004,77,1000,PIR_REAL_1:DUMMY
PIR_REAL_1-E04-9004,78,1010,PIR_REAL_1:DUMMY
PIR_REAL_1-E04-9004,79,1038,PIR_REAL_1:DUMMY
PIR_REAL_1-E04-9004,80,1047,PIR_REAL_1:DUMMY
PIR_REAL_1-E04-9004,81,1034,PIR_REAL_1:DUMMY
PIR_REAL_1-E04-9004,82,1027,PIR_REAL_1:DUMMY
PIR_REAL_1-E04-9004,83,1003,PIR_REAL_1:DUMMY
PIR_REAL_1-E04-9004,84,1015,PIR_REAL_1:DUMMY
PIR_REAL_1-E04-9004,85,1045,PIR_REAL_1:DUMMY
PIR_REAL_1-E04-9004,86,1026,PIR_REAL_1:DUMMY
PIR_REAL_1-E04-9004,87,1058,PIR_REAL_1:DUMMY
PIR_REAL_1-E04-9004,88,1036,PIR_REAL_1:DUMMY
PIR_REAL_1-E04-9004,89,1002,PIR_REAL_1:DUMMY
PIR_REAL_1-E04-9004,90,1042,PIR_REAL_1:DUMMY
PIR_REAL_1-E04-9004,91,1037,PIR_REAL_1:DUMMY
PIR_REAL_1-E04-9004,92,1006,PIR_REAL_1:DUMMY
PIR_REAL_1-E04-9004,93,1057,PIR_REAL_1:DUMMY
PIR_REAL_1-E04-9004,94,1063,PIR_REAL_1:DUMMY
PIR_REAL_1-E04-9004,95,17,PIR_REAL_1:REAL
PIR_REAL_1-E04-9004,96,1014,PIR_REAL_1:DUMMY
PIR_REAL_1-E04-9004,97,1033,PIR_REAL_1:DUMMY
PIR_REAL_1-E04-9004,98,1016,PIR_REAL_1:DUMMY
PIR_REAL_1-E04-9004,99,1061,PIR_REAL_1:DUMMY
M2-E04-9004,0,17,M2:REAL
M2-E04-9004,1,17,M2:REAL
M2-E04-9004,2,23,M2:REAL
M2-E04-9004,3,23,M2:REAL
M2-E04-9004,4,23,M2:REAL
M2-E04-9004,5,17,M2:REAL
M2-E04-9004,6,17,M2:REAL
M2-E04-9004,7,17,M2:REAL
M2-E04-9004,8,17,M2:REAL
M2-E04-9004,9,23,M2:REAL
M2-E04-9004,10,17,M2:REAL
M2-E04-9004,11,23,M2:REAL
M2-E04-9004,12,23,M2:REAL
M2-E04-9004,13,17,M2:REAL
M2-E04-9004,14,17,M2:REAL
M2-E04-9004,15,23,M2:REAL
M2-E04-9004,16,17,M2:REAL
M2-E04-9004,17,17,M2:REAL
M2-E04-9004,18,23,M2:REAL
M2-E04-9004,19,17,M2:REAL
M2-E04-9004,20,17,M2:REAL
M2-E04-9004,21,23,M2:REAL
M2-E04-9004,22,23,M2:REAL
M2-E04-9004,23,23,M2:REAL
M2-E04-9004,24,17,M2:REAL
M2-E04-9004,25,23,M2:REAL
M2-E04-9004,26,23,M2:REAL
M2-E04-9004,27,17,M2:REAL
M2-E04-9004,28,17,M2:REAL
M2-E04-9004,29,23,M2:REAL
M2-E04-9004,30,23,M2:REAL
M2-E04-9004,31,17,M2:REAL
M2-E04-9004,32,17,M2:REAL
M2-E04-9004,33,23,M2:REAL
M2-E04-9004,34,23,M2:REAL
M2-E04-9004,35,23,M2:REAL
M2-E04-9004,36,23,M2:REAL
M2-E04-9004,37,17,M2:REAL
M2-E04-9004,38,23,M2:REAL
M2-E04-9004,39,23,M2:REAL
M2-E04-9004,40,17,M2:REAL
M2-E04-9004,41,23,M2:REAL
M2-E04-9004,42,17,M2:REAL
M2-E04-9004,43,23,M2:REAL
M2-E04-9004,44,23,M2:REAL
M2-E04-9004,45,23,M2:REAL
M2-E04-9004,46,17,M2:REAL
M2-E04-9004,47,23,M2:REAL
M2-E04-9004,48,17,M2:REAL
M2-E04-9004,49,17,M2:REAL
M2-E04-9004,50,23,M2:REAL
M2-E04-9004,51,23,M2:REAL
M2-E04-9004,52,23,M2:REAL
M2-E04-9004,53,17,M2:REAL
M2-E04-9004,54,23,M2:REAL
M2-E04-9004,55,17,M2:REAL
M2-E04-9004,56,17,M2:REAL
M2-E04-9004,57,17,M2:REAL
M2-E04-9004,58,17,M2:REAL
M2-E04-9004,59,23,M2:REAL
M2-E04-9004,60,17,M2:REAL
M2-E04-9004,61,17,M2:REAL
M2-E04-9004,62,17,M2:REAL
M2-E04-9004,63,23,M2:REAL
M2-E04-9004,64,23,M2:REAL
M2-E04-9004,65,17,M2:REAL
M2-E04-9004,66,23,M2:REAL
M2-E04-9004,67,17,M2:REAL
M2-E04-9004,68,17,M2:REAL
M2-E04-9004,69,17,M2:REAL
M2-E04-9004,70,23,M2:REAL
M2-E04-9004,71,23,M2:REAL
M2-E04-9004,72,23,M2:REAL
M2-E04-9004,73,17,M2:REAL
M2-E04-9004,74,23,M2:REAL
M2-E04-9004,75,23,M2:REAL
M2-E04-9004,76,17,M2:REAL
M2-E04-9004,77,17,M2:REAL
M2-E04-9004,78,23,M2:REAL
M2-E04-9004,79,17,M2:REAL
M2-E04-9004,80,17,M2:REAL
M2-E04-9004,81,23,M2:REAL
M2-E04-9004,82,17,M2:REAL
M2-E04-9004,83,23,M2:REAL
M2-E04-9004,84,23,M2:REAL
M2-E04-9004,85,23,M2:REAL
M2-E04-9004,86,23,M2:REAL
M2-E04-9004,87,23,M2:REAL
M2-E04-9004,88,17,M2:REAL
M2-E04-9004,89,23,M2:REAL
M2-E04-9004,90,23,M2:REAL
M2-E04-9004,91,17,M2:REAL
M2-E04-9004,92,23,M2:REAL
M2-E04-9004,93,17,M2:REAL
M2-E04-9004,94,17,M2:REAL
M2-E04-9004,95,23,M2:REAL
M2-E04-9004,96,17,M2:REAL
M2-E04-9004,97,17,M2:REAL
M2-E04-9004,98,17,M2:REAL
M2-E04-9004,99,17,M2:REAL
