coordinate_id,public_slot,eval_sessions_per_class,A_class0_median_ns,A_class1_median_ns,A_class1_minus_class0_median_ns,B_class0_median_ns,B_class1_median_ns,B_class1_minus_class0_median_ns,C_class0_median_ns,C_class1_median_ns,C_class1_minus_class0_median_ns,D_class0_median_ns,D_class1_median_ns,D_class1_minus_class0_median_ns
P10-T7-MS,1,30,0.0,0.0,0.0,102530.5,99552.5,-2978.0,29880410.0,29861818.5,-18591.5,29892251.0,29875095.5,-17155.5
P10-T7-MS,2,30,9796885.0,9778303.5,-18581.5,9848736.0,9828207.0,-20529.0,39656515.0,39649064.5,-7450.5,39668919.5,39660473.5,-8446.0
P10-T7-MS,3,30,19745868.0,19715169.0,-30699.0,19792404.0,19771443.5,-20960.5,49738948.0,49670574.5,-68373.5,49746335.5,49676012.5,-70323.0
P10-T7-MS,4,30,29910439.5,29903914.5,-6525.0,30004607.5,29992404.5,-12203.0,59769312.5,59744925.5,-24387.0,59776041.5,59752329.5,-23712.0
P10-T7-MS,5,30,39904250.0,39856624.0,-47626.0,39977533.5,39932617.0,-44916.5,69829894.0,69796218.5,-33675.5,69836388.5,69801476.5,-34912.0
P10-T7-MS,6,30,49939653.0,49869080.5,-70572.5,50035048.0,49936266.5,-98781.5,79925627.5,79853186.5,-72441.0,79932956.0,79860048.5,-72907.5
P10-T7-MS,7,30,59926502.0,59957645.0,31143.0,60015794.5,59991005.0,-24789.5,89937005.5,89941054.0,4048.5,89942617.5,89946118.5,3501.0
P10-T7-MS,8,30,70066369.0,70037303.0,-29066.0,70123573.5,70101058.5,-22515.0,99992030.0,99991842.5,-187.5,100009942.0,99998023.5,-11918.5
P10-T7-MS,9,30,80083740.0,80041371.0,-42369.0,80174216.0,80114257.0,-59959.0,110080901.5,110064023.0,-16878.5,110086291.5,110076453.0,-9838.5
P10-T7-MS,10,30,90143111.5,90138063.0,-5048.5,90225627.5,90183255.5,-42372.0,120101056.5,120112363.0,11306.5,120107772.0,120117810.0,10038.0
P10-T7-MS,11,30,100193903.5,100242393.0,48489.5,100244822.0,100300100.0,55278.0,130230194.5,130233299.0,3104.5,130236832.5,130238310.5,1478.0
P10-T7-MS,12,30,110243481.0,110237254.5,-6226.5,110329036.5,110306812.5,-22224.0,140257836.0,140295779.5,37943.5,140266788.5,140303485.5,36697.0
P10-T7-MS,13,30,120315240.0,120339456.5,24216.5,120394917.0,120392421.0,-2496.0,150293749.5,150317425.5,23676.0,150302022.0,150323867.5,21845.5
P10-T7-MS,14,30,130376941.0,130389653.5,12712.5,130432753.5,130446246.5,13493.0,160351958.0,160413766.0,61808.0,160356365.5,160421262.5,64897.0
P10-T7-MS,15,30,140449444.0,140440530.5,-8913.5,140507171.0,140518373.5,11202.5,170425363.5,170490706.0,65342.5,170430486.0,170496691.0,66205.0
P10-T7-MS,16,30,150475458.0,150473640.0,-1818.0,150540101.5,150566757.5,26656.0,180489618.0,180506733.0,17115.0,180494527.0,180513034.5,18507.5
P10-T7-MS,17,30,160517347.5,160565040.5,47693.0,160588100.0,160653736.5,65636.5,190607409.0,190611609.5,4200.5,190611672.5,190617972.5,6300.0
P10-T7-MS,18,30,170624151.5,170613427.5,-10724.0,170669408.0,170691859.5,22451.5,200628960.0,200633347.5,4387.5,200635992.0,200640383.0,4391.0
P10-T7-MS,19,30,180664646.0,180669860.5,5214.5,180737411.0,180732836.0,-4575.0,210701475.5,210714647.5,13172.0,210706348.5,210720221.5,13873.0
P10-T7-MS,20,30,190737947.5,190718778.0,-19169.5,190812310.0,190829278.5,16968.5,220746185.0,220758316.0,12131.0,220753879.0,220764248.0,10369.0
P10-T7-MS,21,30,200804725.0,200806253.5,1528.5,200864012.5,200871459.5,7447.0,230800899.5,230799968.5,-931.0,230805448.5,230807000.0,1551.5
P10-T7-MS,22,30,210929655.5,210899334.0,-30321.5,210996783.5,210961827.0,-34956.5,240890494.5,240884588.5,-5906.0,240896460.5,240888938.0,-7522.5
P10-T7-MS,23,30,220893001.5,220940696.5,47695.0,220951675.5,220986005.5,34330.0,250940666.5,250944350.5,3684.0,250946007.0,250950237.5,4230.5
P10-T7-MS,24,30,230993289.5,230955873.0,-37416.5,231042440.5,231041492.0,-948.5,260987460.5,261020744.5,33284.0,260991496.0,261029139.5,37643.5
P10-T7-MS,25,30,241043452.0,241028242.0,-15210.0,241125413.5,241103242.0,-22171.5,271051185.5,271037547.0,-13638.5,271056315.0,271043890.5,-12424.5
P10-T7-MS,26,30,251083205.5,251062478.5,-20727.0,251153972.0,251134953.5,-19018.5,281094453.0,281097246.0,2793.0,281100096.0,281103543.5,3447.5
P10-T7-MS,27,30,261142344.5,261155167.5,12823.0,261203251.5,261198600.5,-4651.0,291194479.0,291215091.0,20612.0,291201082.0,291220438.5,19356.5
P10-T7-MS,28,30,271207731.5,271203986.5,-3745.0,271281971.0,271277322.5,-4648.5,301257333.0,301260344.5,3011.5,301262671.0,301268469.0,5798.0
P10-T7-MS,29,30,281355702.5,281337591.0,-18111.5,281399936.5,281397667.5,-2269.0,311300149.0,311356224.5,56075.5,311308087.0,311360553.5,52466.5
P10-T7-MS,30,30,291339852.0,291343011.5,3159.5,291422257.5,291400487.0,-21770.5,321344627.5,321362680.5,18053.0,321349312.0,321367311.5,17999.5
P10-T7-MS,31,30,301416333.0,301408770.0,-7563.0,301474564.5,301454462.0,-20102.5,331445470.0,331448255.5,2785.5,331450865.0,331453415.0,2550.0
P10-T7-MS,32,30,311475035.0,311457216.0,-17819.0,311552828.0,311547478.5,-5349.5,341532391.0,341530625.5,-1765.5,341542452.5,341537755.5,-4697.0
P10-T7-MS,33,30,321541581.0,321529319.5,-12261.5,321596890.5,321586995.0,-9895.5,351580891.0,351627505.0,46614.0,351587401.5,351633622.0,46220.5
P10-T7-MS,34,30,331609367.0,331595834.0,-13533.0,331675333.5,331674046.5,-1287.0,361610602.5,361609644.5,-958.0,361615950.5,361622033.5,6083.0
P10-T7-MS,35,30,341651918.5,341652732.5,814.0,341707622.0,341733199.0,25577.0,371691009.5,371693316.0,2306.5,371696512.5,371698380.5,1868.0
P10-T7-MS,36,30,351751218.5,351697541.0,-53677.5,351808526.5,351781987.5,-26539.0,381752922.0,381744730.5,-8191.5,381757648.0,381750501.0,-7147.0
P10-T7-MS,37,30,361793209.5,361775779.0,-17430.5,361856160.0,361832383.0,-23777.0,391821828.0,391836342.0,14514.0,391827373.5,391849235.5,21862.0
P10-T7-MS,38,30,371838111.0,371825784.0,-12327.0,371901314.0,371897662.0,-3652.0,401893553.5,401875904.5,-17649.0,401898756.0,401882077.0,-16679.0
P10-T7-MS,39,30,381894358.0,381893072.0,-1286.0,381959445.0,381969069.0,9624.0,411988793.5,412002499.0,13705.5,411993572.5,412007991.0,14418.5
P10-T7-MS,40,30,391957912.5,391942611.0,-15301.5,392049163.0,392015912.0,-33251.0,422029617.5,422026485.0,-3132.5,422035969.0,422032146.5,-3822.5
P10-T7-MS,41,30,402011323.0,402018772.5,7449.5,402066130.0,402073814.5,7684.5,432065138.5,432096645.5,31507.0,432070454.5,432101935.0,31480.5
P10-T7-MS,42,30,412071162.0,412097535.0,26373.0,412146594.5,412190965.5,44371.0,442116412.5,442121690.5,5278.0,442125054.0,442127726.5,2672.5
P10-T7-MS,43,30,422147127.5,422155262.0,8134.5,422231394.0,422212263.5,-19130.5,452206515.5,452191368.0,-15147.5,452211935.0,452195929.5,-16005.5
P10-T7-MS,44,30,432223587.0,432203358.0,-20229.0,432268158.5,432265356.5,-2802.0,462317957.0,462317421.5,-535.5,462323562.5,462321127.5,-2435.0
P10-T7-MS,45,30,442265215.5,442268138.5,2923.0,442318102.0,442343606.0,25504.0,472361814.0,472332000.0,-29814.0,472369873.0,472337197.5,-32675.5
P10-T7-MS,46,30,452328599.5,452307596.0,-21003.5,452385190.0,452382329.5,-2860.5,482419925.0,482373326.0,-46599.0,482424074.0,482377730.5,-46343.5
P10-T7-MS,47,30,462395994.5,462394570.0,-1424.5,462447675.5,462464066.0,16390.5,492526721.0,492455286.0,-71435.0,492533243.5,492460043.5,-73200.0
P10-T7-MS,48,30,472452788.0,472450795.5,-1992.5,472526647.5,472533168.5,6521.0,502566249.5,502527921.5,-38328.0,502573508.5,502533632.0,-39876.5
P10-T7-MS,49,30,482539933.5,482511820.5,-28113.0,482613096.5,482588932.5,-24164.0,512600679.0,512642468.5,41789.5,512607132.5,512648789.5,41657.0
P10-T7-MS,50,30,492645569.0,492668997.0,23428.0,492723558.5,492748453.5,24895.0,522695867.0,522721713.0,25846.0,522701296.0,522733864.5,32568.5
P10-T7-MS,51,30,502621633.5,502646425.0,24791.5,502716292.0,502700358.5,-15933.5,532736784.5,532762878.5,26094.0,532742129.5,532768021.5,25892.0
P10-T7-MS,52,30,512695038.0,512707657.5,12619.5,512796869.5,512776842.0,-20027.5,542795073.5,542788219.5,-6854.0,542800358.5,542804756.5,4398.0
P10-T7-MS,53,30,522751558.5,522767223.5,15665.0,522824117.0,522845652.5,21535.5,552875664.0,552899492.0,23828.0,552880483.5,552904320.5,23837.0
P10-T7-MS,54,30,532852850.0,532842500.5,-10349.5,532909965.0,532921305.5,11340.5,562852472.0,562918949.0,66477.0,562859917.0,562923901.0,63984.0
P10-T7-MS,55,30,542911025.5,542887474.0,-23551.5,542973805.5,542957500.0,-16305.5,572965656.5,573016042.5,50386.0,572970227.0,573022077.5,51850.5
P10-T7-MS,56,30,552933429.5,552944882.5,11453.0,552986379.5,553030648.5,44269.0,583107187.0,583068445.0,-38742.0,583111723.0,583075023.0,-36700.0
P10-T7-MS,57,30,563010351.5,563031923.0,21571.5,563069381.0,563095205.0,25824.0,593139337.0,593153457.0,14120.0,593147027.5,593157995.0,10967.5
P10-T7-MS,58,30,573050389.0,573106368.0,55979.0,573132872.0,573194683.0,61811.0,603172495.5,603174911.0,2415.5,603177176.5,603179520.5,2344.0
P10-T7-MS,59,30,583148780.0,583164910.5,16130.5,583205488.5,583242384.0,36895.5,613222320.0,613258467.5,36147.5,613227690.0,613265422.0,37732.0
P10-T7-MS,60,30,593190906.5,593219650.0,28743.5,593271281.5,593293870.0,22588.5,623325325.0,623336844.0,11519.0,623331760.5,623342098.5,10338.0
P10-T7-MS,61,30,603275946.0,603253913.5,-22032.5,603319552.5,603313023.5,-6529.0,633395294.0,633419934.0,24640.0,633402306.0,633428570.5,26264.5
P10-T7-MS,62,30,613318187.5,613355735.5,37548.0,613380101.5,613420054.5,39953.0,643417939.0,643512722.5,94783.5,643425190.5,643517614.5,92424.0
P10-T7-MS,63,30,623370643.5,623402619.0,31975.5,623426343.0,623473040.0,46697.0,653463181.5,653519283.0,56101.5,653469287.0,653523637.0,54350.0
P10-T7-MS,64,30,633439758.5,633426937.5,-12821.0,633548041.0,633494008.0,-54033.0,663513410.0,663588168.0,74758.0,663518923.0,663593553.5,74630.5
P10-T7-MS,65,30,643535288.0,643541960.0,6672.0,643600794.5,643599095.0,-1699.5,673587125.5,673641255.5,54130.0,673592416.0,673648346.0,55930.0
P10-T7-MS,66,30,653612900.5,653655198.5,42298.0,653663207.0,653725088.0,61881.0,683717247.5,683725987.0,8739.5,683722167.0,683732536.0,10369.0
P10-T7-MS,67,30,663716006.0,663701650.0,-14356.0,663775148.5,663764310.5,-10838.0,693744368.0,693775754.0,31386.0,693749101.5,693781209.5,32108.0
P10-T7-MS,68,30,673712091.5,673755920.0,43828.5,673767625.0,673861174.0,93549.0,703847305.0,703816211.0,-31094.0,703852108.5,703824708.5,-27400.0
P10-T7-MS,69,30,683820845.0,683815182.0,-5663.0,683884183.5,683873658.5,-10525.0,713893128.5,713887733.0,-5395.5,713898309.0,713894115.0,-4194.0
P10-T7-MS,70,30,693857947.5,693862596.5,4649.0,693906259.5,693943915.0,37655.5,723987108.0,723942247.5,-44860.5,723991914.5,723951524.5,-40390.0
P10-T7-MS,71,30,703896880.5,703905068.5,8188.0,703948160.5,703960468.0,12307.5,734025204.0,734045382.5,20178.5,734038223.5,734049349.5,11126.0
P10-T7-MS,72,30,713992252.0,713974763.0,-17489.0,714034058.0,714023710.0,-10348.0,744069017.5,744127211.0,58193.5,744074851.0,744133953.0,59102.0
P10-T7-MS,73,30,724022259.5,724091396.0,69136.5,724065449.5,724156208.0,90758.5,754166108.0,754159553.0,-6555.0,754170704.0,754165347.5,-5356.5
P10-T7-MS,74,30,734120418.5,734094871.5,-25547.0,734163190.0,734151466.5,-11723.5,764208149.5,764204023.5,-4126.0,764213487.5,764208587.5,-4900.0
P10-T7-MS,75,30,744158040.0,744165716.5,7676.5,744201282.0,744208699.0,7417.0,774243098.5,774323772.5,80674.0,774248809.0,774331869.0,83060.0
P10-T7-MS,76,30,754183208.5,754230962.0,47753.5,754249769.0,754288892.5,39123.5,784288519.0,784338795.0,50276.0,784293498.5,784343679.5,50181.0
P10-T7-MS,77,30,764272014.0,764277036.5,5022.5,764322161.0,764334751.5,12590.5,794411381.5,794478796.0,67414.5,794417651.5,794484077.5,66426.0
P10-T7-MS,78,30,774348911.0,774350470.0,1559.0,774383392.5,774406228.5,22836.0,804480449.0,804473996.5,-6452.5,804487356.0,804478809.5,-8546.5
P10-T7-MS,79,30,784388661.0,784392652.5,3991.5,784450148.5,784473922.0,23773.5,814549254.0,814522986.0,-26268.0,814555002.0,814527851.0,-27151.0
P10-T7-MS,80,30,794412418.5,794483044.5,70626.0,794477665.0,794551841.0,74176.0,824618845.0,824575216.5,-43628.5,824624325.5,824580368.5,-43957.0
P10-T7-MS,81,30,804486472.5,804577960.0,91487.5,804543762.0,804617760.0,73998.0,834655574.5,834651350.0,-4224.5,834660821.5,834656436.5,-4385.0
P10-T7-MS,82,30,814603458.0,814599601.0,-3857.0,814655112.0,814664227.5,9115.5,844715157.0,844709229.5,-5927.5,844719893.0,844713953.5,-5939.5
P10-T7-MS,83,30,824637457.0,824652230.0,14773.0,824695844.5,824733470.0,37625.5,854840994.5,854843481.0,2486.5,854849906.5,854849254.0,-652.5
P10-T7-MS,84,30,834705814.0,834710837.0,5023.0,834756655.0,834814758.5,58103.5,864814327.0,864906981.5,92654.5,864820258.5,864915965.5,95707.0
P10-T7-MS,85,30,844766587.5,844822507.5,55920.0,844804495.0,844867667.5,63172.5,874904386.0,874928748.5,24362.5,874910090.0,874936236.5,26146.5
P10-T7-MS,86,30,854810658.0,854850533.5,39875.5,854871715.5,854914502.0,42786.5,884979520.5,884992345.5,12825.0,884989733.0,884998167.0,8434.0
P10-T7-MS,87,30,864863540.5,864917677.5,54137.0,864932723.0,864971815.0,39092.0,895025258.0,895079251.0,53993.0,895031061.0,895084659.0,53598.0
P10-T7-MS,88,30,874939822.5,875063042.0,123219.5,874999855.0,875096465.0,96610.0,905148540.0,905165052.5,16512.5,905155924.5,905170013.0,14088.5
P10-T7-MS,89,30,885022653.0,885075733.0,53080.0,885069884.0,885139083.5,69199.5,915228733.0,915182735.0,-45998.0,915234229.5,915188237.5,-45992.0
P10-T7-MS,90,30,895069789.0,895103766.0,33977.0,895141504.5,895147858.0,6353.5,925210180.0,925263684.0,53504.0,925214971.5,925268816.0,53844.5
P10-T7-MS,91,30,905116403.5,905165859.0,49455.5,905166834.5,905243719.0,76884.5,935323143.0,935292128.0,-31015.0,935328576.0,935301527.5,-27048.5
P10-T7-MS,92,30,915190690.0,915202653.0,11963.0,915236205.5,915269676.5,33471.0,945349436.0,945341515.5,-7920.5,945355135.0,945346577.5,-8557.5
P10-T7-MS,93,30,925239919.0,925323389.5,83470.5,925307613.5,925369140.0,61526.5,955381693.5,955440713.5,59020.0,955385729.0,955445480.0,59751.0
P10-T7-MS,94,30,935328898.0,935338195.5,9297.5,935386257.5,935394003.0,7745.5,965560930.5,965511311.5,-49619.0,965567240.5,965516532.0,-50708.5
P10-T7-MS,95,30,945361380.0,945400205.0,38825.0,945420808.5,945494415.0,73606.5,975578313.0,975586376.0,8063.0,975584039.0,975592737.5,8698.5
P10-T7-MS,96,30,955435889.0,955509382.5,73493.5,955505840.0,955543266.0,37426.0,985652481.5,985691073.5,38592.0,985657827.0,985696183.0,38356.0
P10-T7-MS,97,30,965528030.5,965560741.0,32710.5,965589381.0,965595587.0,6206.0,995696450.5,995721359.0,24908.5,995703372.5,995726482.0,23109.5
P10-T7-MS,98,30,975586293.5,975613324.5,27031.0,975626518.5,975654980.0,28461.5,1005752212.0,1005764997.5,12785.5,1005757441.5,1005770247.5,12806.0
P10-T7-MS,99,30,985624708.0,985634816.0,10108.0,985679013.5,985707103.5,28090.0,1015854291.0,1015938170.0,83879.0,1015861162.0,1015943240.5,82078.5
P10-T7-MS,100,30,995725506.0,995739040.0,13534.0,995765122.0,995765438.0,316.0,1025858335.5,1025927169.5,68834.0,1025863643.5,1025932677.5,69034.0
P10-T7-MS,101,30,1005751065.5,1005763379.0,12313.5,1005807183.0,1005799441.5,-7741.5,1035952704.5,1035968693.0,15988.5,1035957508.0,1035973682.5,16174.5
P10-T7-MS,102,30,1015850335.5,1015900564.0,50228.5,1015892336.0,1015959674.5,67338.5,1046037215.0,1046062716.5,25501.5,1046045570.0,1046071652.5,26082.5
P10-T7-MS,103,30,1025911523.5,1025964656.0,53132.5,1025949695.0,1026042364.0,92669.0,1056084125.5,1056109247.5,25122.0,1056093737.5,1056115563.0,21825.5
P10-T7-MS,104,30,1035952938.5,1035972397.0,19458.5,1035994023.0,1036020420.5,26397.5,1066152222.0,1066207071.5,54849.5,1066157028.0,1066211382.0,54354.0
P10-T7-MS,105,30,1045987838.0,1046034748.0,46910.0,1046038127.0,1046112372.0,74245.0,1076250443.0,1076298520.0,48077.0,1076257650.5,1076305579.0,47928.5
P10-T7-MS,106,30,1056063331.0,1056052338.5,-10992.5,1056123007.0,1056107369.5,-15637.5,1086259216.0,1086314509.0,55293.0,1086264293.0,1086321758.0,57465.0
P10-T7-MS,107,30,1066140263.0,1066171527.0,31264.0,1066200970.0,1066245656.5,44686.5,1096350910.5,1096418438.5,67528.0,1096356519.0,1096423077.5,66558.5
P10-T7-MS,108,30,1076179120.5,1076207475.0,28354.5,1076228051.0,1076292043.0,63992.0,1106357869.0,1106470105.0,112236.0,1106363992.0,1106478438.0,114446.0
P10-T7-MS,109,30,1086236704.5,1086291774.5,55070.0,1086283997.5,1086344308.5,60311.0,1116496239.5,1116526326.0,30086.5,1116501476.5,1116531021.5,29545.0
P10-T7-MS,110,30,1096286819.5,1096401433.0,114613.5,1096351984.0,1096433304.5,81320.5,1126581091.0,1126592195.0,11104.0,1126586032.5,1126600561.5,14529.0
P10-T7-MS,111,30,1106350235.0,1106370918.5,20683.5,1106395924.0,1106438793.0,42869.0,1136574797.0,1136639431.0,64634.0,1136583905.0,1136645511.0,61606.0
P10-T7-MS,112,30,1116476920.0,1116466767.0,-10153.0,1116519248.0,1116543859.0,24611.0,1146665622.0,1146719477.5,53855.5,1146671393.5,1146724688.0,53294.5
P10-T7-MS,113,30,1126491934.0,1126553990.0,62056.0,1126529837.0,1126626080.0,96243.0,1156711510.0,1156758574.5,47064.5,1156717255.0,1156763431.5,46176.5
P10-T7-MS,114,30,1136547621.5,1136592925.0,45303.5,1136576076.5,1136667660.0,91583.5,1166744403.5,1166813978.5,69575.0,1166749203.0,1166819141.0,69938.0
P10-T7-MS,115,30,1146609695.5,1146680357.5,70662.0,1146652416.0,1146761047.0,108631.0,1176831997.0,1176985731.0,153734.0,1176839317.5,1176991399.0,152081.5
P10-T7-MS,116,30,1156684710.0,1156805531.0,120821.0,1156724956.0,1156848781.0,123825.0,1186935598.5,1186994829.0,59230.5,1186940633.5,1187003424.0,62790.5
P10-T7-MS,117,30,1166739105.0,1166859805.5,120700.5,1166767936.0,1166932498.5,164562.5,1196990475.0,1197046422.0,55947.0,1197007065.0,1197051937.0,44872.0
P10-T7-MS,118,30,1176782811.0,1176967438.0,184627.0,1176842206.0,1177024000.0,181794.0,1207008041.5,1207089000.0,80958.5,1207014120.5,1207094468.0,80347.5
P10-T7-MS,119,30,1186853268.5,1186898116.0,44847.5,1186927745.0,1186934122.0,6377.0,1217123234.5,1217168229.0,44994.5,1217127537.0,1217174617.0,47080.0
P10-T7-MS,120,30,1196907776.5,1197060311.5,152535.0,1196964295.5,1197108462.5,144167.0,1227167853.0,1227220789.0,52936.0,1227174925.5,1227229281.5,54356.0
P10-T7-MS,121,30,1206967271.5,1207058907.5,91636.0,1207013343.0,1207115554.5,102211.5,1237290308.5,1237303115.0,12806.5,1237295589.0,1237308737.0,13148.0
P10-T7-MS,122,30,1217049627.5,1217156939.0,107311.5,1217093066.5,1217210075.5,117009.0,1247258871.5,1247358818.0,99946.5,1247265028.5,1247364499.5,99471.0
P10-T7-MS,123,30,1227092507.0,1227172778.5,80271.5,1227127354.5,1227235390.0,108035.5,1257316764.0,1257446197.0,129433.0,1257323245.0,1257452865.5,129620.5
P10-T7-MS,124,30,1237147185.0,1237270873.0,123688.0,1237184244.0,1237303850.5,119606.5,1267435673.5,1267483198.5,47525.0,1267441555.5,1267489274.5,47719.0
P10-T7-MS,125,30,1247206780.0,1247282740.5,75960.5,1247237185.0,1247331795.5,94610.5,1277469164.0,1277522503.0,53339.0,1277474574.0,1277526978.5,52404.5
P10-T7-MS,126,30,1257287359.5,1257400164.5,112805.0,1257335944.5,1257445867.0,109922.5,1287532049.5,1287619248.5,87199.0,1287538994.5,1287624493.5,85499.0
P10-T7-MS,127,30,1267351404.5,1267422830.5,71426.0,1267382792.0,1267473914.5,91122.5,1297643461.5,1297700617.5,57156.0,1297648639.5,1297707013.0,58373.5
P10-T7-MS,128,30,1277391046.5,1277518772.0,127725.5,1277423928.5,1277581005.0,157076.5,1307674019.0,1307744139.5,70120.5,1307680933.0,1307748600.5,67667.5
P10-T7-MS,129,30,1287453552.5,1287575282.5,121730.0,1287507470.5,1287645274.5,137804.0,1317723862.5,1317810682.5,86820.0,1317728521.5,1317815911.0,87389.5
P10-T7-MS,130,30,1297514567.5,1297630023.0,115455.5,1297561750.5,1297678626.0,116875.5,1327816993.0,1327827989.0,10996.0,1327821825.0,1327833861.0,12036.0
P10-T7-MS,131,30,1307588817.5,1307669878.0,81060.5,1307626733.0,1307712586.0,85853.0,1337876507.5,1337892880.0,16372.5,1337881422.5,1337897020.0,15597.5
P10-T7-MS,132,30,1317645230.5,1317766584.5,121354.0,1317684687.0,1317830176.5,145489.5,1348002846.0,1348043899.0,41053.0,1348009010.0,1348049462.5,40452.5
P10-T7-MS,133,30,1327716241.5,1327867027.5,150786.0,1327748372.5,1327923270.5,174898.0,1357978547.0,1358065849.0,87302.0,1357985288.5,1358071573.5,86285.0
P10-T7-MS,134,30,1337759961.5,1337882979.5,123018.0,1337803233.0,1337934759.5,131526.5,1368070646.5,1368074127.5,3481.0,1368076500.5,1368079917.5,3417.0
P10-T7-MS,135,30,1347834106.0,1347989836.5,155730.5,1347881701.0,1348033387.0,151686.0,1378145745.0,1378200968.0,55223.0,1378149782.0,1378209749.0,59967.0
P10-T7-MS,136,30,1357884975.0,1357996224.5,111249.5,1357921233.5,1358064457.5,143224.0,1388180759.5,1388267941.5,87182.0,1388186111.0,1388273886.5,87775.5
P10-T7-MS,137,30,1367969350.0,1368065437.0,96087.0,1367997367.0,1368123226.0,125859.0,1398254835.0,1398359907.5,105072.5,1398261498.5,1398364489.0,102990.5
P10-T7-MS,138,30,1378010610.0,1378107095.5,96485.5,1378040490.5,1378153291.0,112800.5,1408317271.0,1408458562.5,141291.5,1408323137.5,1408464236.0,141098.5
P10-T7-MS,139,30,1388058144.0,1388203485.5,145341.5,1388106928.5,1388252787.5,145859.0,1418350615.0,1418461640.5,111025.5,1418355810.0,1418465755.5,109945.5
P10-T7-MS,140,30,1398121878.5,1398221177.5,99299.0,1398161831.5,1398276918.0,115086.5,1428479793.5,1428497357.5,17564.0,1428485159.5,1428504365.5,19206.0
P10-T7-MS,141,30,1408181681.5,1408326648.0,144966.5,1408216852.5,1408405100.0,188247.5,1438491172.5,1438576523.0,85350.5,1438496263.0,1438582020.5,85757.5
P10-T7-MS,142,30,1418223116.0,1418389129.0,166013.0,1418271332.0,1418453131.5,181799.5,1448556285.0,1448631724.0,75439.0,1448563388.0,1448636196.5,72808.5
P10-T7-MS,143,30,1428324250.5,1428409299.5,85049.0,1428376088.0,1428456873.5,80785.5,1458711535.0,1458735104.5,23569.5,1458718269.5,1458741843.0,23573.5
P10-T7-MS,144,30,1438388393.0,1438462686.5,74293.5,1438431355.0,1438546085.5,114730.5,1468666276.0,1468785547.0,119271.0,1468698935.0,1468790741.5,91806.5
P10-T7-MS,145,30,1448431631.0,1448537063.5,105432.5,1448480559.5,1448590876.0,110316.5,1478770821.5,1478822054.0,51232.5,1478775899.0,1478830396.5,54497.5
P10-T7-MS,146,30,1458497372.0,1458648393.5,151021.5,1458523346.5,1458700903.0,177556.5,1488796883.5,1488882463.5,85580.0,1488803920.5,1488888943.5,85023.0
P10-T7-MS,147,30,1468571332.0,1468611087.5,39755.5,1468625351.5,1468662798.0,37446.5,1498885546.0,1498947027.0,61481.0,1498890556.0,1498953225.0,62669.0
P10-T7-MS,148,30,1478616127.5,1478676103.0,59975.5,1478660610.0,1478719246.0,58636.0,1508961016.0,1509046468.0,85452.0,1508966903.0,1509051992.0,85089.0
P10-T7-MS,149,30,1488658469.0,1488770139.0,111670.0,1488699019.0,1488831989.0,132970.0,1519053664.5,1519124360.0,70695.5,1519058320.0,1519128822.5,70502.5
P10-T7-MS,150,30,1498735913.0,1498859518.5,123605.5,1498787379.0,1498919747.5,132368.5,1529098022.5,1529218198.5,120176.0,1529102565.5,1529221911.5,119346.0
P10-T7-MS,151,30,1508810738.0,1508891483.5,80745.5,1508847008.5,1508939272.5,92264.0,1539113673.5,1539267951.0,154277.5,1539118788.0,1539273687.0,154899.0
P10-T7-MS,152,30,1518871316.5,1519005267.5,133951.0,1518910224.5,1519070581.0,160356.5,1549211799.5,1549344078.5,132279.0,1549216999.5,1549348995.0,131995.5
P10-T7-MS,153,30,1528929395.0,1528980678.0,51283.0,1528971363.0,1529070140.0,98777.0,1559244568.5,1559433609.0,189040.5,1559249450.5,1559439934.5,190484.0
P10-T7-MS,154,30,1538974625.0,1539078049.5,103424.5,1539014762.0,1539121106.5,106344.5,1569348048.5,1569578123.5,230075.0,1569353520.5,1569585251.0,231730.5
P10-T7-MS,155,30,1549045801.5,1549137311.0,91509.5,1549100373.0,1549197855.5,97482.5,1579427805.5,1579542109.5,114304.0,1579431807.5,1579547515.0,115707.5
P10-T7-MS,156,30,1559064051.0,1559157610.5,93559.5,1559101300.5,1559201538.5,100238.0,1589424698.5,1589825112.0,400413.5,1589429336.5,1589834193.5,404857.0
P10-T7-MS,157,30,1569134295.0,1569231525.0,97230.0,1569178913.0,1569306804.5,127891.5,1599493405.5,1599805022.0,311616.5,1599498152.0,1599813473.5,315321.5
P10-T7-MS,158,30,1579237222.0,1579336996.0,99774.0,1579265909.0,1579371433.0,105524.0,1609623777.0,1609919018.5,295241.5,1609632397.5,1609927969.5,295572.0
P10-T7-MS,159,30,1589274370.0,1589389993.0,115623.0,1589306852.0,1589515061.5,208209.5,1619658832.0,1619977305.0,318473.0,1619664022.5,1619984486.0,320463.5
P10-T7-MS,160,30,1599366397.5,1599472646.0,106248.5,1599409946.0,1599513791.0,103845.0,1629749741.5,1630076259.0,326517.5,1629764360.5,1630081589.5,317229.0
P10-T7-MS,161,30,1609396426.0,1609495444.0,99018.0,1609434920.5,1609560336.0,125415.5,1639889008.0,1640064777.0,175769.0,1639898986.5,1640070133.0,171146.5
P10-T7-MS,162,30,1619457830.0,1620274601.5,816771.5,1619501133.0,1620315970.5,814837.5,1650009680.0,1650132602.0,122922.0,1650020029.5,1650138646.0,118616.5
P10-T7-MS,163,30,1629565131.5,1630504866.5,939735.0,1629608369.5,1630545596.0,937226.5,1660063127.0,1660210579.0,147452.0,1660069493.5,1660216923.0,147429.5
P10-T7-MS,164,30,1640356921.5,1640416096.5,59175.0,1640434578.0,1640467631.5,33053.5,1670110046.5,1670272965.0,162918.5,1670117655.5,1670279288.0,161632.5
P10-T7-MS,165,30,1650423900.0,1650427020.0,3120.0,1650476829.5,1650483150.0,6320.5,1680210408.0,1680340233.5,129825.5,1680218103.5,1680345802.0,127698.5
P10-T7-MS,166,30,1660419802.5,1660521446.5,101644.0,1660464699.5,1660560259.5,95560.0,1690222495.5,1690443500.5,221005.0,1690229173.0,1690450018.5,220845.5
P10-T7-MS,167,30,1670440851.5,1670637159.0,196307.5,1670483722.0,1670679569.5,195847.5,1700300871.5,1700475933.0,175061.5,1700306558.0,1700484601.5,178043.5
P10-T7-MS,168,30,1680483005.5,1680594975.5,111970.0,1680562545.0,1680638095.5,75550.5,1710355543.0,1710546577.0,191034.0,1710363892.5,1710553361.0,189468.5
P10-T7-MS,169,30,1690531888.0,1690663410.0,131522.0,1690583031.5,1690697575.5,114544.0,1720408408.0,1720601014.0,192606.0,1720417673.0,1720609514.5,191841.5
P10-T7-MS,170,30,1700586503.0,1700661939.5,75436.5,1700661950.5,1700706535.5,44585.0,1730513077.5,1730679923.0,166845.5,1730521663.0,1730688867.5,167204.5
P10-T7-MS,171,30,1710627162.0,1710777688.5,150526.5,1710687284.0,1710838284.0,151000.0,1740580697.5,1740764387.5,183690.0,1740585482.5,1740772895.0,187412.5
P10-T7-MS,172,30,1720742471.5,1720798236.5,55765.0,1720778527.5,1720848943.5,70416.0,1750647746.5,1750761330.0,113583.5,1750654342.0,1750768391.0,114049.0
P10-T7-MS,173,30,1730787155.5,1730960463.0,173307.5,1730838531.0,1731011378.5,172847.5,1760684930.5,1760902238.0,217307.5,1760691454.0,1760908490.5,217036.5
P10-T7-MS,174,30,1740840046.5,1741058184.5,218138.0,1740905297.0,1741114605.0,209308.0,1770734124.0,1770905522.0,171398.0,1770741476.5,1770911170.0,169693.5
P10-T7-MS,175,30,1750908854.5,1751065377.0,156522.5,1750970125.0,1751120404.0,150279.0,1780791484.0,1780948348.5,156864.5,1780800095.5,1780957060.0,156964.5
P10-T7-MS,176,30,1760950970.5,1761126390.0,175419.5,1760997519.5,1761203237.0,205717.5,1790896563.5,1791028218.0,131654.5,1790901986.0,1791036552.5,134566.5
P10-T7-MS,177,30,1771035333.0,1771156663.0,121330.0,1771084959.5,1771197668.5,112709.0,1800935736.0,1801093064.0,157328.0,1800941418.5,1801100452.0,159033.5
P10-T7-MS,178,30,1781098653.0,1781258740.0,160087.0,1781148419.0,1781301823.0,153404.0,1810973000.5,1811106335.5,133335.0,1810982016.0,1811115597.0,133581.0
P10-T7-MS,179,30,1791084974.5,1791283286.5,198312.0,1791141393.5,1791316622.5,175229.0,1821023306.5,1821257599.5,234293.0,1821029925.0,1821263023.0,233098.0
P10-T7-MS,180,30,1801245980.5,1801359669.0,113688.5,1801277416.0,1801394709.5,117293.5,1831106344.5,1831291173.5,184829.0,1831111865.5,1831298455.5,186590.0
P10-T7-MS,181,30,1811265177.0,1811342822.0,77645.0,1811300524.0,1811387683.5,87159.5,1841147530.5,1841335765.0,188234.5,1841152211.0,1841343245.0,191034.0
P10-T7-MS,182,30,1821323853.0,1821452311.0,128458.0,1821380717.5,1821487543.0,106825.5,1851249233.0,1851449568.0,200335.0,1851257755.5,1851456510.5,198755.0
P10-T7-MS,183,30,1831408268.0,1831474161.5,65893.5,1831450980.5,1831512286.5,61306.0,1861304697.5,1861452823.5,148126.0,1861313923.5,1861460324.5,146401.0
P10-T7-MS,184,30,1841431824.0,1841537353.5,105529.5,1841487488.0,1841571625.5,84137.5,1871375238.5,1871546177.5,170939.0,1871379686.0,1871550532.5,170846.5
P10-T7-MS,185,30,1851515855.5,1851584480.5,68625.0,1851575172.5,1851626762.0,51589.5,1881394551.0,1881602196.0,207645.0,1881401542.5,1881608574.0,207031.5
P10-T7-MS,186,30,1861548088.5,1861662637.0,114548.5,1861585581.0,1861696193.0,110612.0,1891484093.0,1891626115.0,142022.0,1891491885.0,1891631861.5,139976.5
P10-T7-MS,187,30,1871634286.0,1871796895.5,162609.5,1871674257.0,1871841058.5,166801.5,1901631939.5,1901761280.5,129341.0,1901639276.0,1901767310.0,128034.0
P10-T7-MS,188,30,1881650487.5,1881826859.0,176371.5,1881697388.5,1881868673.0,171284.5,1911622588.5,1911791059.5,168471.0,1911631351.0,1911800475.0,169124.0
P10-T7-MS,189,30,1891717793.5,1891804936.0,87142.5,1891784579.0,1891861681.0,77102.0,1921664052.5,1921830116.0,166063.5,1921669687.0,1921838060.0,168373.0
P10-T7-MS,190,30,1901803914.0,1901987170.5,183256.5,1901856107.5,1902036747.5,180640.0,1931699669.0,1931884089.5,184420.5,1931706778.5,1931890635.5,183857.0
P10-T7-MS,191,30,1911880287.0,1912027839.5,147552.5,1911922264.0,1912054911.5,132647.5,1941808838.5,1941966652.0,157813.5,1941815769.5,1941972348.0,156578.5
P10-T7-MS,192,30,1921963333.0,1922108367.0,145034.0,1921999154.5,1922151004.0,151849.5,1951833629.5,1952022302.0,188672.5,1951840362.5,1952029141.0,188778.5
P10-T7-MS,193,30,1932039314.5,1932089426.0,50111.5,1932082433.0,1932130563.5,48130.5,1961942860.0,1962119247.0,176387.0,1961951283.0,1962124348.5,173065.5
P10-T7-MS,194,30,1942004414.5,1942184279.0,179864.5,1942056999.0,1942237234.5,180235.5,1971953297.5,1972167975.5,214678.0,1971958909.0,1972185273.5,226364.5
P10-T7-MS,195,30,1952128388.5,1952200837.5,72449.0,1952202416.0,1952251992.0,49576.0,1982064538.0,1982224554.5,160016.5,1982071532.5,1982229917.5,158385.0
P10-T7-MS,196,30,1962160732.5,1962274918.0,114185.5,1962229939.0,1962335784.0,105845.0,1992098175.0,1992260891.5,162716.5,1992106796.0,1992266389.0,159593.0
P10-T7-MS,197,30,1972255226.0,1972358455.5,103229.5,1972304092.5,1972395746.5,91654.0,2002164145.0,2002303941.0,139796.0,2002169041.5,2002311398.5,142357.0
P10-T7-MS,198,30,1982364170.0,1982436268.0,72098.0,1982408139.5,1982473139.5,65000.0,2012270119.5,2012430089.5,159970.0,2012277241.5,2012436753.5,159512.0
P10-T7-MS,199,30,1992404398.0,1992493269.5,88871.5,1992455033.0,1992539087.0,84054.0,2022276349.0,2022434028.5,157679.5,2022281164.5,2022439867.0,158702.5
P10-T7-MS,200,30,2002428481.0,2002579172.0,150691.0,2002504168.0,2002620919.5,116751.5,2032351621.5,2032530539.5,178918.0,2032359828.5,2032536978.0,177149.5
P10-T7-MS,201,30,2012518814.0,2012572122.0,53308.0,2012582362.5,2012606227.0,23864.5,2042391695.5,2042606974.0,215278.5,2042397379.0,2042614499.5,217120.5
P10-T7-MS,202,30,2022557871.5,2022701179.0,143307.5,2022601534.5,2022751527.0,149992.5,2052445125.0,2052701052.5,255927.5,2052451839.0,2052710025.0,258186.0
P10-T7-MS,203,30,2032629229.0,2032768044.0,138815.0,2032667824.0,2032814372.0,146548.0,2062501415.0,2062719158.5,217743.5,2062509772.0,2062725445.5,215673.5
P10-T7-MS,204,30,2042679706.0,2042800486.5,120780.5,2042719370.5,2042835645.5,116275.0,2072608927.0,2072777288.5,168361.5,2072613881.5,2072784306.0,170424.5
P10-T7-MS,205,30,2052723678.5,2052830859.5,107181.0,2052784316.5,2052868969.5,84653.0,2082673774.0,2082850435.5,176661.5,2082683132.0,2082856289.0,173157.0
P10-T7-MS,206,30,2062777190.0,2062833610.0,56420.0,2062827152.0,2062875402.5,48250.5,2092709041.5,2092893179.5,184138.0,2092714534.0,2092900800.0,186266.0
P10-T7-MS,207,30,2072853311.0,2072868305.0,14994.0,2072910112.0,2072916328.5,6216.5,2102773156.5,2102994750.0,221593.5,2102780630.5,2103003355.0,222724.5
P10-T7-MS,208,30,2082915259.5,2082973662.5,58403.0,2082977875.5,2083015987.5,38112.0,2112853011.0,2113046638.0,193627.0,2112859260.5,2113053404.5,194144.0
P10-T7-MS,209,30,2092998539.5,2093151511.5,152972.0,2093035940.0,2093189494.5,153554.5,2122938708.0,2123106298.0,167590.0,2122945899.5,2123111927.5,166028.0
P10-T7-MS,210,30,2103014815.5,2103151994.0,137178.5,2103060122.0,2103189571.0,129449.0,2132985046.5,2133133162.0,148115.5,2132989411.5,2133138843.5,149432.0
P10-T7-MS,211,30,2113111225.0,2113224182.0,112957.0,2113156040.5,2113256189.5,100149.0,2143031234.0,2143232888.5,201654.5,2143037417.0,2143238113.0,200696.0
P10-T7-MS,212,30,2123171879.0,2123289341.0,117462.0,2123217046.0,2123349564.0,132518.0,2153138756.5,2153277310.5,138554.0,2153147199.5,2153284012.0,136812.5
P10-T7-MS,213,30,2133220941.5,2133371261.0,150319.5,2133252053.5,2133421515.0,169461.5,2163141391.0,2163348607.0,207216.0,2163147851.5,2163353123.0,205271.5
P10-T7-MS,214,30,2143289389.0,2143497526.5,208137.5,2143342709.5,2143534673.0,191963.5,2173204081.5,2173400355.5,196274.0,2173214764.5,2173407066.0,192301.5
P10-T7-MS,215,30,2153304795.5,2153509739.5,204944.0,2153392924.0,2153542510.0,149586.0,2183338710.0,2183486706.5,147996.5,2183344742.0,2183493099.5,148357.5
P10-T7-MS,216,30,2163381119.0,2163579168.5,198049.5,2163430121.0,2163621614.0,191493.0,2193352783.0,2193504469.0,151686.0,2193358191.0,2193511221.0,153030.0
P10-T7-MS,217,30,2173440531.0,2173595078.0,154547.0,2173478448.5,2173644055.0,165606.5,2203438009.5,2203518476.5,80467.0,2203444194.0,2203526533.0,82339.0
P10-T7-MS,218,30,2183503149.0,2183640722.0,137573.0,2183555104.0,2183697635.5,142531.5,2213444649.5,2213664320.5,219671.0,2213450115.0,2213669081.5,218966.5
P10-T7-MS,219,30,2193571573.5,2193718036.5,146463.0,2193612170.5,2193776397.5,164227.0,2223555660.5,2223683123.5,127463.0,2223563335.5,2223689822.0,126486.5
P10-T7-MS,220,30,2203673491.0,2203800563.5,127072.5,2203714793.5,2203833050.0,118256.5,2233646183.5,2233807669.5,161486.0,2233651800.5,2233812974.5,161174.0
P10-T7-MS,221,30,2213686911.0,2213962052.0,275141.0,2213733286.5,2214013372.5,280086.0,2243667536.0,2243833596.0,166060.0,2243674173.5,2243838937.0,164763.5
P10-T7-MS,222,30,2223764934.0,2223915599.0,150665.0,2223805312.5,2223982150.0,176837.5,2253713548.5,2253880519.5,166971.0,2253719477.5,2253889488.0,170010.5
P10-T7-MS,223,30,2233816191.0,2234040217.5,224026.5,2233862933.0,2234078467.0,215534.0,2263808309.0,2263953165.5,144856.5,2263815361.5,2263958708.5,143347.0
P10-T7-MS,224,30,2243876976.0,2244026350.0,149374.0,2243930541.0,2244059879.5,129338.5,2273857230.5,2274000099.5,142869.0,2273865574.5,2274009404.5,143830.0
P10-T7-MS,225,30,2253894361.5,2254067968.5,173607.0,2253934174.0,2254119087.5,184913.5,2283924498.5,2284080707.5,156209.0,2283934145.5,2284088015.5,153870.0
P10-T7-MS,226,30,2263986118.0,2264084297.5,98179.5,2264040782.5,2264154306.5,113524.0,2293984243.0,2294160693.0,176450.0,2293990751.0,2294168432.5,177681.5
P10-T7-MS,227,30,2274111230.5,2274253594.0,142363.5,2274153981.0,2274288123.0,134142.0,2304065106.0,2304156306.0,91200.0,2304074050.5,2304164160.0,90109.5
P10-T7-MS,228,30,2284159384.0,2284273023.5,113639.5,2284208797.0,2284340105.0,131308.0,2314068038.5,2314224575.5,156537.0,2314075239.0,2314230391.0,155152.0
P10-T7-MS,229,30,2294216307.5,2294467464.5,251157.0,2294325451.5,2294528238.0,202786.5,2324169712.5,2324323632.0,153919.5,2324178627.0,2324331397.5,152770.5
P10-T7-MS,230,30,2304331870.0,2304413355.0,81485.0,2304370142.5,2304472255.5,102113.0,2334201281.0,2334341051.0,139770.0,2334207782.0,2334347258.5,139476.5
P10-T7-MS,231,30,2314343743.5,2314424010.0,80266.5,2314380214.0,2314488888.5,108674.5,2344307225.0,2344400302.0,93077.0,2344315762.5,2344406537.0,90774.5
P10-T7-MS,232,30,2324368858.0,2324558051.5,189193.5,2324429422.5,2324620399.5,190977.0,2354316613.0,2354460260.5,143647.5,2354322121.0,2354466785.0,144664.0
P10-T7-MS,233,30,2334486645.5,2334616642.5,129997.0,2334525630.5,2334650010.0,124379.5,2364422390.0,2364565764.5,143374.5,2364429068.0,2364572779.0,143711.0
P10-T7-MS,234,30,2344499328.0,2344603377.5,104049.5,2344561959.0,2344650953.5,88994.5,2374476714.5,2374577390.0,100675.5,2374483488.0,2374584801.5,101313.5
P10-T7-MS,235,30,2354582170.0,2354681595.5,99425.5,2354636052.0,2354721532.0,85480.0,2384554603.5,2384685188.5,130585.0,2384561766.5,2384691426.0,129659.5
P10-T7-MS,236,30,2364687596.0,2364770776.5,83180.5,2364721770.5,2364838404.5,116634.0,2394580378.5,2394741813.5,161435.0,2394589099.5,2394748151.0,159051.5
P10-T7-MS,237,30,2374694548.0,2374813919.5,119371.5,2374740261.5,2374856676.5,116415.0,2404693978.5,2404826607.5,132629.0,2404700992.5,2404834319.0,133326.5
P10-T7-MS,238,30,2384747948.5,2384885004.5,137056.0,2384791631.5,2384921604.5,129973.0,2414687067.0,2414894434.5,207367.5,2414693965.5,2414899491.0,205525.5
P10-T7-MS,239,30,2394817146.0,2394981456.5,164310.5,2394868354.5,2395015261.0,146906.5,2424792591.0,2424853575.0,60984.0,2424799778.0,2424859570.5,59792.5
P10-T7-MS,240,30,2404861879.0,2404948058.5,86179.5,2404927601.5,2405037346.0,109744.5,2434870077.0,2434955936.5,85859.5,2434878477.0,2434962825.0,84348.0
P10-T7-MS,241,30,2414937308.0,2415078919.5,141611.5,2414988207.0,2415137957.5,149750.5,2444899174.5,2445065377.0,166202.5,2444907580.5,2445070871.5,163291.0
P10-T7-MS,242,30,2424990455.5,2425135343.0,144887.5,2425071289.5,2425177701.0,106411.5,2455002523.5,2455124002.0,121478.5,2455009220.0,2455131184.0,121964.0
P10-T7-MS,243,30,2435029467.5,2435087009.0,57541.5,2435076574.5,2435128568.0,51993.5,2465030430.0,2465175936.5,145506.5,2465037381.0,2465184564.5,147183.5
P10-T7-MS,244,30,2445107299.5,2445255721.0,148421.5,2445142772.0,2445295181.5,152409.5,2475113608.0,2475255938.0,142330.0,2475119807.0,2475264242.0,144435.0
P10-T7-MS,245,30,2455185563.0,2455336905.5,151342.5,2455244386.0,2455382446.5,138060.5,2485180858.5,2485285831.0,104972.5,2485189633.5,2485290051.0,100417.5
P10-T7-MS,246,30,2465258077.5,2465345960.0,87882.5,2465337958.0,2465379837.0,41879.0,2495233614.0,2495304936.5,71322.5,2495240039.0,2495311194.0,71155.0
P10-T7-MS,247,30,2475274949.0,2475424801.5,149852.5,2475327909.0,2475452835.5,124926.5,2505318509.0,2505406313.0,87804.0,2505324060.5,2505411391.5,87331.0
P10-T7-MS,248,30,2485334746.5,2485460066.0,125319.5,2485383212.0,2485502442.5,119230.5,2515409959.5,2515510182.5,100223.0,2515417540.5,2515515306.0,97765.5
P10-T7-MS,249,30,2495402872.0,2495531309.0,128437.0,2495452779.5,2495581952.0,129172.5,2525426529.0,2525516269.0,89740.0,2525432150.0,2525523289.0,91139.0
P10-T7-MS,250,30,2505496081.0,2505652876.5,156795.5,2505530362.0,2505700073.5,169711.5,2535482998.0,2535601897.5,118899.5,2535488329.5,2535608025.0,119695.5
P10-T7-MS,251,30,2515541337.5,2515677235.0,135897.5,2515602458.0,2515725246.0,122788.0,2545559382.5,2545661552.5,102170.0,2545565518.5,2545665184.0,99665.5
P10-T7-MS,252,30,2525601152.0,2525808365.5,207213.5,2525648794.5,2525855484.5,206690.0,2555617251.0,2555800914.5,183663.5,2555628048.0,2555806387.5,178339.5
P10-T7-MS,253,30,2535664631.0,2535800968.5,136337.5,2535714851.5,2535850600.5,135749.0,2565689165.5,2565814409.5,125244.0,2565699335.0,2565822466.0,123131.0
P10-T7-MS,254,30,2545754453.5,2545867899.5,113446.0,2545794257.5,2545917338.0,123080.5,2575747493.5,2575862158.5,114665.0,2575760266.5,2575868401.0,108134.5
P10-T7-MS,255,30,2555757102.5,2555978547.5,221445.0,2555800521.5,2556069481.0,268959.5,2585795856.0,2585928676.0,132820.0,2585801888.5,2585936964.5,135076.0
P10-T7-MS,256,30,2565827400.0,2566080834.5,253434.5,2565891241.5,2566132495.5,241254.0,2595884863.0,2595997659.5,112796.5,2595891394.0,2596002714.5,111320.5
P10-T7-MS,257,30,2575932082.5,2576076391.5,144309.0,2575977342.0,2576118795.5,141453.5,2605956320.0,2606043844.5,87524.5,2605961999.0,2606048448.0,86449.0
P10-T7-MS,258,30,2585962446.0,2586170860.0,208414.0,2586009800.5,2586223556.5,213756.0,2616007239.0,2616070918.5,63679.5,2616012539.5,2616076496.5,63957.0
P10-T7-MS,259,30,2596029677.0,2596267100.0,237423.0,2596069872.0,2596309381.0,239509.0,2626111824.5,2626177137.5,65313.0,2626119196.5,2626183987.0,64790.5
P10-T7-MS,260,30,2606037952.0,2606283494.5,245542.5,2606087886.0,2606323616.0,235730.0,2636131840.0,2636214294.5,82454.5,2636138836.5,2636221031.0,82194.5
P10-T7-MS,261,30,2616128570.5,2616360020.0,231449.5,2616164767.0,2616438515.5,273748.5,2646204045.0,2646290257.0,86212.0,2646210025.5,2646298077.5,88052.0
P10-T7-MS,262,30,2626151507.5,2626509474.0,357966.5,2626216743.5,2626544875.0,328131.5,2656259733.0,2656346944.0,87211.0,2656267117.5,2656353073.0,85955.5
P10-T7-MS,263,30,2636260870.5,2636496141.0,235270.5,2636315695.5,2636540831.0,225135.5,2666295181.5,2666369932.0,74750.5,2666301048.0,2666376858.5,75810.5
P10-T7-MS,264,30,2646300893.5,2646570991.0,270097.5,2646338990.5,2646638065.0,299074.5,2676400531.5,2676445539.0,45007.5,2676407092.0,2676451528.5,44436.5
P10-T7-MS,265,30,2656328551.5,2656572033.0,243481.5,2656373373.0,2656614958.0,241585.0,2686435284.0,2686506353.0,71069.0,2686443126.0,2686510910.5,67784.5
P10-T7-MS,266,30,2666428589.0,2666591443.0,162854.0,2666471883.0,2666636001.0,164118.0,2696480334.0,2696584791.0,104457.0,2696485819.0,2696590219.0,104400.0
P10-T7-MS,267,30,2676544445.5,2676645503.5,101058.0,2676612347.0,2676699624.5,87277.5,2706577058.5,2706636789.0,59730.5,2706583350.5,2706644959.5,61609.0
P10-T7-MS,268,30,2686603057.5,2686805437.0,202379.5,2686647261.5,2686855116.5,207855.0,2716626164.0,2716708910.0,82746.0,2716633452.0,2716715766.5,82314.5
P10-T7-MS,269,30,2696682241.0,2696844029.5,161788.5,2696717953.0,2696878457.0,160504.0,2726686982.5,2726741368.5,54386.0,2726693410.0,2726747515.0,54105.0
P10-T7-MS,270,30,2706716776.5,2706918850.0,202073.5,2706767007.5,2706991652.5,224645.0,2736761255.5,2736876126.5,114871.0,2736768042.0,2736882409.5,114367.5
P10-T7-MS,271,30,2716765905.5,2717048542.5,282637.0,2716818040.5,2717083481.5,265441.0,2746831698.5,2746871397.0,39698.5,2746838300.0,2746877441.0,39141.0
P10-T7-MS,272,30,2726834769.5,2727005888.0,171118.5,2726894493.5,2727068035.5,173542.0,2756865416.0,2756929177.0,63761.0,2756869890.0,2756936040.5,66150.5
P10-T7-MS,273,30,2736840368.5,2737100251.5,259883.0,2736897825.5,2737150123.0,252297.5,2766901168.0,2767003944.0,102776.0,2766911143.0,2767011938.0,100795.0
P10-T7-MS,274,30,2746955682.0,2747112050.0,156368.0,2746996155.0,2747153543.0,157388.0,2776970485.0,2777081430.0,110945.0,2776977475.0,2777087716.0,110241.0
P10-T7-MS,275,30,2757070241.0,2757173524.0,103283.0,2757113647.5,2757212520.0,98872.5,2787094597.0,2787157874.0,63277.0,2787101834.5,2787164167.5,62333.0
P10-T7-MS,276,30,2767079812.0,2767217712.0,137900.0,2767128398.5,2767256333.0,127934.5,2797160410.5,2797209108.5,48698.0,2797168365.0,2797215316.5,46951.5
P10-T7-MS,277,30,2777142362.5,2777246752.0,104389.5,2777183826.0,2777342040.0,158214.0,2807222708.5,2807221613.5,-1095.0,2807232196.5,2807230360.0,-1836.5
P10-T7-MS,278,30,2787151502.0,2787367988.0,216486.0,2787258362.0,2787423598.5,165236.5,2817265006.0,2817302699.5,37693.5,2817274391.0,2817308152.0,33761.0
P10-T7-MS,279,30,2797275858.0,2797356995.0,81137.0,2797333602.0,2797461790.5,128188.5,2827322727.0,2827376246.5,53519.5,2827328816.0,2827381887.5,53071.5
P10-T7-MS,280,30,2807332899.5,2807453931.5,121032.0,2807416646.5,2807536159.5,119513.0,2837396797.0,2837484165.5,87368.5,2837402179.0,2837492926.5,90747.5
P10-T7-MS,281,30,2817355941.5,2817549090.5,193149.0,2817404323.0,2817601019.5,196696.5,2847456201.5,2847520308.0,64106.5,2847463965.5,2847526883.0,62917.5
P10-T7-MS,282,30,2827440760.5,2827572406.0,131645.5,2827499160.0,2827615394.0,116234.0,2857485463.5,2857536415.5,50952.0,2857492955.5,2857542953.0,49997.5
P10-T7-MS,283,30,2837482924.0,2837732338.5,249414.5,2837530414.5,2837784820.0,254405.5,2867602223.5,2867618191.5,15968.0,2867608913.5,2867622858.0,13944.5
P10-T7-MS,284,30,2847543083.0,2847700816.0,157733.0,2847589305.5,2847777133.5,187828.0,2877624170.0,2877734675.5,110505.5,2877630467.5,2877739865.5,109398.0
P10-T7-MS,285,30,2857588227.5,2857780440.5,192213.0,2857626604.0,2857837657.0,211053.0,2887662599.0,2887801589.5,138990.5,2887668804.0,2887808663.5,139859.5
P10-T7-MS,286,30,2867716737.0,2867846387.5,129650.5,2867779052.5,2867897486.0,118433.5,2897765564.5,2897878865.5,113301.0,2897769512.5,2897886606.5,117094.0
P10-T7-MS,287,30,2877743716.0,2877930905.0,187189.0,2877798653.5,2877981617.5,182964.0,2907887432.5,2907921654.5,34222.0,2907892854.5,2907927222.0,34367.5
P10-T7-MS,288,30,2887800681.5,2888042522.0,241840.5,2887847252.0,2888094070.5,246818.5,2917903270.0,2917972455.0,69185.0,2917909212.5,2917978055.5,68843.0
P10-T7-MS,289,30,2897857088.0,2898059282.0,202194.0,2897905686.0,2898138102.5,232416.5,2927959806.0,2928039027.5,79221.5,2927966589.5,2928047490.0,80900.5
P10-T7-MS,290,30,2907900901.0,2908117711.5,216810.5,2907943303.0,2908171350.5,228047.5,2937958406.5,2938083592.0,125185.5,2937962799.5,2938090351.0,127551.5
P10-T7-MS,291,30,2917937559.5,2918174531.0,236971.5,2918003741.0,2918219584.0,215843.0,2948083439.0,2948171669.5,88230.5,2948089483.5,2948177109.0,87625.5
P10-T7-MS,292,30,2927988933.0,2928224575.0,235642.0,2928045583.0,2928297746.0,252163.0,2958108660.5,2958248593.0,139932.5,2958116147.0,2958253941.0,137794.0
P10-T7-MS,293,30,2938151789.5,2938324082.0,172292.5,2938190882.5,2938358543.5,167661.0,2968184991.5,2968249805.0,64813.5,2968192225.5,2968258223.0,65997.5
P10-T7-MS,294,30,2948167437.0,2948422160.0,254723.0,2948221879.0,2948468765.0,246886.0,2978223603.5,2978304932.0,81328.5,2978228016.0,2978318873.0,90857.0
P10-T7-MS,295,30,2958223940.5,2958462760.5,238820.0,2958300754.5,2958532957.5,232203.0,2988252532.0,2988455838.0,203306.0,2988259950.0,2988462789.5,202839.5
P10-T7-MS,296,30,2968286191.5,2968463695.5,177504.0,2968331651.5,2968532949.0,201297.5,2998384802.5,2998443436.0,58633.5,2998390423.0,2998447591.5,57168.5
P10-T7-MS,297,30,2978314445.0,2978505284.0,190839.0,2978349752.0,2978554469.5,204717.5,3008465700.5,3008566552.0,100851.5,3008472070.5,3008576490.5,104420.0
P10-T7-MS,298,30,2988367933.0,2988601453.5,233520.5,2988426000.0,2988640478.0,214478.0,3018458483.5,3018601737.5,143254.0,3018465255.0,3018612836.5,147581.5
P10-T7-MS,299,30,2998431922.5,2998623756.0,191833.5,2998481182.5,2998658766.0,177583.5,3028525470.5,3028646077.0,120606.5,3028532041.5,3028654671.0,122629.5
P10-T7-MS,300,30,3008503433.0,3008710688.5,207255.5,3008567785.5,3008760027.5,192242.0,3038578774.0,3038707049.5,128275.5,3038586911.5,3038712276.5,125365.0
P10-T7-MS,301,30,3018527780.5,3018748886.0,221105.5,3018581926.0,3018807886.5,225960.5,3048673262.0,3048740912.5,67650.5,3048680084.0,3048749032.5,68948.5
P10-T7-MS,302,30,3028595859.0,3028813971.5,218112.5,3028632354.0,3028855837.0,223483.0,3058684717.5,3058832067.5,147350.0,3058689152.5,3058837315.5,148163.0
P10-T7-MS,303,30,3038639829.0,3038953126.0,313297.0,3038679167.5,3038991064.5,311897.0,3068853657.0,3068932712.5,79055.5,3068858299.5,3068942490.5,84191.0
P10-T7-MS,304,30,3048772433.0,3048964579.5,192146.5,3048832250.0,3049021673.5,189423.5,3078848311.0,3078967511.5,119200.5,3078854874.0,3078972400.5,117526.5
P10-T7-MS,305,30,3058782102.0,3059072248.5,290146.5,3058834947.5,3059114244.5,279297.0,3088942056.0,3089016446.0,74390.0,3088950077.5,3089028827.5,78750.0
P10-T7-MS,306,30,3068833657.0,3069066679.5,233022.5,3068891662.0,3069133593.0,241931.0,3099008146.0,3099063400.5,55254.5,3099014871.5,3099069611.0,54739.5
P10-T7-MS,307,30,3078943005.5,3079129345.0,186339.5,3078976959.5,3079246568.0,269608.5,3109032421.5,3109132230.0,99808.5,3109037433.5,3109137978.0,100544.5
P10-T7-MS,308,30,3089013518.5,3089225124.5,211606.0,3089069692.0,3089296749.0,227057.0,3119115191.0,3119229890.0,114699.0,3119124260.0,3119239502.5,115242.5
P10-T7-MS,309,30,3099046412.5,3099254736.5,208324.0,3099106537.0,3099292125.0,185588.0,3129171999.0,3129267923.5,95924.5,3129178633.0,3129273536.5,94903.5
P10-T7-MS,310,30,3109144697.5,3109335563.5,190866.0,3109184206.0,3109374445.0,190239.0,3139206207.0,3139288878.5,82671.5,3139214694.5,3139294939.0,80244.5
P10-T7-MS,311,30,3119224778.5,3119384339.0,159560.5,3119289952.0,3119431372.0,141420.0,3149325120.0,3149378752.0,53632.0,3149333055.5,3149385364.5,52309.0
P10-T7-MS,312,30,3129289372.5,3129462032.0,172659.5,3129330283.0,3129491166.0,160883.0,3159379910.5,3159454468.5,74558.0,3159385898.0,3159462085.0,76187.0
P10-T7-MS,313,30,3139286614.5,3139486640.0,200025.5,3139324075.0,3139544619.0,220544.0,3169386208.5,3169489352.0,103143.5,3169393064.0,3169494958.0,101894.0
P10-T7-MS,314,30,3149359088.0,3149539638.5,180550.5,3149417314.0,3149577640.0,160326.0,3179457235.0,3179593692.5,136457.5,3179466407.5,3179599534.0,133126.5
P10-T7-MS,315,30,3159421535.5,3159647372.0,225836.5,3159462502.5,3159684741.5,222239.0,3189485576.5,3189651863.0,166286.5,3189490371.0,3189658894.5,168523.5
P10-T7-MS,316,30,3169495893.0,3169690049.0,194156.0,3169556659.5,3169747382.0,190722.5,3199632865.5,3199664439.0,31573.5,3199639857.5,3199669576.0,29718.5
P10-T7-MS,317,30,3179526748.5,3179768404.5,241656.0,3179584068.5,3179814512.5,230444.0,3209676835.5,3209769717.0,92881.5,3209687158.0,3209774660.5,87502.5
P10-T7-MS,318,30,3189601028.5,3189821448.5,220420.0,3189650315.0,3189861938.0,211623.0,3219694033.0,3219770812.0,76779.0,3219702039.5,3219777004.5,74965.0
P10-T7-MS,319,30,3199720136.5,3199925225.5,205089.0,3199770910.5,3199958855.0,187944.5,3229784209.5,3229874484.0,90274.5,3229791927.5,3229880778.5,88851.0
P10-T7-MS,320,30,3209724885.0,3209906265.0,181380.0,3209788274.0,3209951515.5,163241.5,3239821293.5,3239910763.5,89470.0,3239827712.0,3239915282.0,87570.0
P10-T7-MS,321,30,3219824838.0,3219987528.5,162690.5,3219871700.0,3220055284.0,183584.0,3249925979.0,3249983662.5,57683.5,3249932093.0,3249989939.5,57846.5
P10-T7-MS,322,30,3229841026.0,3230104235.5,263209.5,3229901347.5,3230150005.0,248657.5,3260004393.0,3260039645.5,35252.5,3260010840.0,3260047178.5,36338.5
P10-T7-MS,323,30,3239956764.5,3240119762.0,162997.5,3240000270.0,3240204553.5,204283.5,3270058366.0,3270128406.5,70040.5,3270064489.5,3270133453.5,68964.0
P10-T7-MS,324,30,3250004964.5,3250172685.5,167721.0,3250038386.5,3250214546.0,176159.5,3280073425.0,3280217576.0,144151.0,3280080126.0,3280223083.5,142957.5
P10-T7-MS,325,30,3260020168.0,3260257747.5,237579.5,3260083344.5,3260306091.0,222746.5,3290223974.0,3290280199.5,56225.5,3290233239.0,3290285896.5,52657.5
P10-T7-MS,326,30,3270105639.5,3270302980.0,197340.5,3270154503.5,3270343080.0,188576.5,3300272238.0,3300304486.0,32248.0,3300279994.0,3300312355.5,32361.5
P10-T7-MS,327,30,3280223057.0,3280425985.0,202928.0,3280271904.5,3280460851.5,188947.0,3310297717.5,3310355301.0,57583.5,3310305287.0,3310360464.5,55177.5
P10-T7-MS,328,30,3290246956.0,3290470014.5,223058.5,3290329785.5,3290517912.5,188127.0,3320361464.0,3320384813.5,23349.5,3320368301.0,3320391935.5,23634.5
P10-T7-MS,329,30,3300370779.0,3300532872.5,162093.5,3300408302.5,3300581162.5,172860.0,3330414338.5,3330479855.5,65517.0,3330422395.5,3330484422.0,62026.5
P10-T7-MS,330,30,3310406078.0,3310538293.5,132215.5,3310448684.0,3310594997.5,146313.5,3340490821.0,3340523817.0,32996.0,3340498234.5,3340530098.0,31863.5
P10-T7-MS,331,30,3320457658.5,3320586258.0,128599.5,3320508380.0,3320645931.5,137551.5,3350554212.5,3350627627.5,73415.0,3350560708.0,3350634057.5,73349.5
P10-T7-MS,332,30,3330541349.5,3330675147.5,133798.0,3330594677.0,3330716697.0,122020.0,3360659186.5,3360674308.5,15122.0,3360666257.0,3360683759.0,17502.0
P10-T7-MS,333,30,3340614077.0,3340695097.0,81020.0,3340657068.5,3340741672.0,84603.5,3370664758.5,3370718491.5,53733.0,3370673570.0,3370725683.5,52113.5
P10-T7-MS,334,30,3350678057.5,3350753739.5,75682.0,3350736285.0,3350806198.0,69913.0,3380746075.5,3380760757.0,14681.5,3380753364.0,3380765090.0,11726.0
P10-T7-MS,335,30,3360698890.5,3360838130.5,139240.0,3360731177.5,3360887637.0,156459.5,3390781266.0,3390833114.5,51848.5,3390788445.5,3390840091.0,51645.5
P10-T7-MS,336,30,3370747895.5,3370880191.0,132295.5,3370800165.5,3370933629.5,133464.0,3400907175.5,3400980607.5,73432.0,3400913596.0,3400986331.5,72735.5
P10-T7-MS,337,30,3380772180.0,3380971808.5,199628.5,3380811631.0,3381011748.0,200117.0,3410896120.0,3410966399.5,70279.5,3410902016.0,3410972795.0,70779.0
P10-T7-MS,338,30,3390795400.0,3390996837.0,201437.0,3390854488.0,3391069507.0,215019.0,3420976350.5,3421037748.0,61397.5,3420984392.0,3421042676.5,58284.5
P10-T7-MS,339,30,3400954262.5,3401118555.5,164293.0,3400995565.5,3401159718.0,164152.5,3431052578.0,3431100641.0,48063.0,3431058652.0,3431105959.0,47307.0
P10-T7-MS,340,30,3410966909.5,3411232389.5,265480.0,3411012760.0,3411271854.0,259094.0,3441092380.5,3441164837.5,72457.0,3441096779.0,3441170597.5,73818.5
P10-T7-MS,341,30,3421075690.0,3421348492.0,272802.0,3421117490.0,3421401725.5,284235.5,3451168772.0,3451298771.5,129999.5,3451175210.0,3451303139.5,127929.5
P10-T7-MS,342,30,3431123044.5,3431327823.5,204779.0,3431182424.5,3431374761.5,192337.0,3461187807.5,3461306164.0,118356.5,3461196703.0,3461311039.0,114336.0
P10-T7-MS,343,30,3441147012.5,3441389341.0,242328.5,3441200026.0,3441436774.0,236748.0,3471295010.0,3471370295.0,75285.0,3471302562.5,3471378244.0,75681.5
P10-T7-MS,344,30,3451207422.0,3451481320.5,273898.5,3451258933.0,3451531235.5,272302.5,3481319608.0,3481464218.0,144610.0,3481324845.5,3481469452.0,144606.5
P10-T7-MS,345,30,3461286372.5,3461511105.5,224733.0,3461329851.5,3461545022.5,215171.0,3491411313.0,3491514939.0,103626.0,3491417758.0,3491523660.5,105902.5
P10-T7-MS,346,30,3471335775.5,3471590435.5,254660.0,3471385196.0,3471644571.5,259375.5,3501462211.5,3501556695.0,94483.5,3501468972.5,3501566378.0,97405.5
P10-T7-MS,347,30,3481401282.0,3481649055.0,247773.0,3481444062.0,3481687371.5,243309.5,3511562941.0,3511621809.5,58868.5,3511569289.0,3511627393.5,58104.5
P10-T7-MS,348,30,3491499502.5,3491820468.5,320966.0,3491546622.0,3491863652.0,317030.0,3521617248.5,3521668143.0,50894.5,3521622427.5,3521673938.5,51511.0
P10-T7-MS,349,30,3501577069.5,3501800649.5,223580.0,3501623062.0,3501852040.0,228978.0,3531659518.0,3531721774.5,62256.5,3531667488.0,3531730918.5,63430.5
P10-T7-MS,350,30,3511601606.0,3511815877.5,214271.5,3511718070.0,3511888226.0,170156.0,3541694892.5,3541777000.5,82108.0,3541701429.0,3541788604.5,87175.5
P10-T7-MS,351,30,3521680927.0,3521888888.0,207961.0,3521715650.0,3521925890.0,210240.0,3551742564.0,3551889619.5,147055.5,3551747982.5,3551895213.0,147230.5
P10-T7-MS,352,30,3531797743.0,3531965684.5,167941.5,3531851614.5,3532005108.5,153494.0,3561869219.5,3561914908.0,45688.5,3561874250.5,3561926056.0,51805.5
P10-T7-MS,353,30,3541844741.0,3542055826.5,211085.5,3541891591.0,3542092121.0,200530.0,3571886863.5,3571992740.5,105877.0,3571893154.0,3571998725.0,105571.0
P10-T7-MS,354,30,3551836944.0,3552133665.0,296721.0,3551881586.0,3552165345.0,283759.0,3581939518.0,3582037524.5,98006.5,3581948419.0,3582042683.0,94264.0
P10-T7-MS,355,30,3561890041.0,3562107180.5,217139.5,3561949942.0,3562147687.0,197745.0,3592039082.5,3592109271.0,70188.5,3592045955.0,3592116189.5,70234.5
P10-T7-MS,356,30,3571981128.0,3572190530.5,209402.5,3572025712.0,3572252293.0,226581.0,3602042905.0,3602142900.5,99995.5,3602051794.0,3602152266.5,100472.5
P10-T7-MS,357,30,3581999344.0,3582243899.0,244555.0,3582053107.0,3582289793.5,236686.5,3612148811.0,3612185148.0,36337.0,3612155951.0,3612191753.0,35802.0
P10-T7-MS,358,30,3592090159.0,3592353059.5,262900.5,3592136252.0,3592395402.5,259150.5,3622240655.5,3622288697.0,48041.5,3622247796.0,3622297102.5,49306.5
P10-T7-MS,359,30,3602180481.5,3602356990.5,176509.0,3602237802.5,3602402878.0,165075.5,3632272291.5,3632298368.0,26076.5,3632278466.0,3632303332.0,24866.0
P10-T7-MS,360,30,3612296496.0,3612425238.0,128742.0,3612358126.5,3612471005.5,112879.0,3642334618.0,3642430636.5,96018.5,3642339226.5,3642436651.0,97424.5
P10-T7-MS,361,30,3622298929.0,3622472935.0,174006.0,3622363507.0,3622526308.0,162801.0,3652358665.5,3652431768.5,73103.0,3652363905.5,3652439810.0,75904.5
P10-T7-MS,362,30,3632359820.0,3632547831.5,188011.5,3632400757.0,3632590837.5,190080.5,3662439355.5,3662491244.0,51888.5,3662443974.0,3662496080.5,52106.5
P10-T7-MS,363,30,3642372042.5,3642583716.5,211674.0,3642430393.5,3642656554.0,226160.5,3672512470.0,3672593540.0,81070.0,3672519299.0,3672600638.5,81339.5
P10-T7-MS,364,30,3652430210.0,3652694084.0,263874.0,3652495229.0,3652731159.0,235930.0,3682546575.0,3682641070.5,94495.5,3682553255.5,3682645927.0,92671.5
P10-T7-MS,365,30,3662574504.0,3662761123.5,186619.5,3662620176.5,3662788273.5,168097.0,3692607624.5,3692680895.0,73270.5,3692614094.5,3692686470.5,72376.0
P10-T7-MS,366,30,3672628995.5,3672764679.0,135683.5,3672683131.0,3672820265.5,137134.5,3702744398.5,3702726521.5,-17877.0,3702753461.0,3702732322.5,-21138.5
P10-T7-MS,367,30,3682626963.5,3682856801.0,229837.5,3682669337.5,3682886535.0,217197.5,3712737321.5,3712836183.5,98862.0,3712743701.5,3712847964.5,104263.0
P10-T7-MS,368,30,3692711175.5,3692866626.5,155451.0,3692763302.5,3692910256.0,146953.5,3722782854.0,3722853477.0,70623.0,3722788621.0,3722862880.5,74259.5
P10-T7-MS,369,30,3702806618.5,3702979854.0,173235.5,3702861312.5,3703016481.0,155168.5,3732907176.5,3732981478.0,74301.5,3732914561.5,3732990204.0,75642.5
P10-T7-MS,370,30,3712867594.0,3713038633.0,171039.0,3712935558.5,3713076463.5,140905.0,3742914856.0,3742959931.5,45075.5,3742922866.0,3742973375.0,50509.0
P10-T7-MS,371,30,3722925456.0,3723097961.5,172505.5,3722971690.5,3723144780.0,173089.5,3753020799.0,3753085889.0,65090.0,3753030043.5,3753092488.0,62444.5
P10-T7-MS,372,30,3733001048.0,3733181549.0,180501.0,3733058721.0,3733217804.0,159083.0,3763068214.0,3763136735.5,68521.5,3763079024.5,3763143381.5,64357.0
P10-T7-MS,373,30,3743022154.5,3743188902.0,166747.5,3743059697.5,3743233959.0,174261.5,3773143595.5,3773232889.5,89294.0,3773149983.5,3773238521.0,88537.5
P10-T7-MS,374,30,3753070691.0,3753282805.5,212114.5,3753118213.5,3753325242.0,207028.5,3783204231.0,3783332544.5,128313.5,3783211764.5,3783340291.0,128526.5
P10-T7-MS,375,30,3763130818.5,3763346497.0,215678.5,3763175859.0,3763405297.5,229438.5,3793260646.0,3793305041.5,44395.5,3793268325.0,3793316870.0,48545.0
P10-T7-MS,376,30,3773203075.0,3773393844.5,190769.5,3773257793.0,3773442407.0,184614.0,3803309713.5,3803417317.5,107604.0,3803317675.0,3803426620.0,108945.0
P10-T7-MS,377,30,3783323092.5,3783553825.0,230732.5,3783393159.5,3783587387.0,194227.5,3813350194.5,3813505360.5,155166.0,3813357757.5,3813512783.5,155026.0
P10-T7-MS,378,30,3793311277.5,3793559214.0,247936.5,3793377187.0,3793598733.0,221546.0,3823430201.0,3823549504.0,119303.0,3823438590.0,3823553349.0,114759.0
P10-T7-MS,379,30,3803322383.5,3803557923.0,235539.5,3803376979.0,3803608402.5,231423.5,3833478838.0,3833611547.5,132709.5,3833487969.5,3833619412.0,131442.5
P10-T7-MS,380,30,3813474264.0,3813647210.0,172946.0,3813548529.5,3813721670.5,173141.0,3843600076.5,3843664149.0,64072.5,3843611045.5,3843670962.5,59917.0
P10-T7-MS,381,30,3823498990.0,3823763850.5,264860.5,3823553557.5,3823803001.5,249444.0,3853591953.0,3853683236.5,91283.5,3853601819.0,3853689115.5,87296.5
P10-T7-MS,382,30,3833541048.5,3833888174.5,347126.0,3833588245.0,3833928596.5,340351.5,3863644264.5,3863763003.0,118738.5,3863649266.5,3863769000.0,119733.5
P10-T7-MS,383,30,3843645173.5,3843856368.5,211195.0,3843682751.5,3843889144.0,206392.5,3873727948.5,3873835676.0,107727.5,3873733948.0,3873841164.5,107216.5
P10-T7-MS,384,30,3853745156.0,3853948359.5,203203.5,3853781131.0,3853991447.5,210316.5,3883805849.5,3883941368.0,135518.5,3883817698.0,3883946527.5,128829.5
P10-T7-MS,385,30,3863743720.5,3863941752.5,198032.0,3863800209.0,3863982023.5,181814.5,3893850237.5,3893961490.5,111253.0,3893856309.5,3893968585.5,112276.0
P10-T7-MS,386,30,3873774258.5,3874064048.0,289789.5,3873835049.5,3874107125.0,272075.5,3903907375.5,3904003654.5,96279.0,3903913687.0,3904008789.5,95102.5
P10-T7-MS,387,30,3883844052.5,3884065798.5,221746.0,3883901462.0,3884104210.0,202748.0,3913977226.5,3914036506.0,59279.5,3913985200.0,3914043938.0,58738.0
P10-T7-MS,388,30,3893909413.5,3894137826.0,228412.5,3893970051.5,3894191963.5,221912.0,3924068461.0,3924123328.0,54867.0,3924075054.0,3924128669.5,53615.5
P10-T7-MS,389,30,3903961318.5,3904220898.5,259580.0,3904007100.0,3904266636.5,259536.5,3934058156.0,3934200355.5,142199.5,3934062825.5,3934204072.0,141246.5
P10-T7-MS,390,30,3914034459.5,3914268681.5,234222.0,3914071007.5,3914310716.5,239709.0,3944138239.0,3944234646.5,96407.5,3944147109.5,3944239573.5,92464.0
P10-T7-MS,391,30,3924041107.0,3924288842.0,247735.0,3924093822.5,3924356895.0,263072.5,3954228033.0,3954343353.5,115320.5,3954234098.0,3954363687.5,129589.5
P10-T7-MS,392,30,3934159549.5,3934353211.0,193661.5,3934208491.0,3934389564.5,181073.5,3964284159.5,3964410404.0,126244.5,3964291074.0,3964418304.0,127230.0
P10-T7-MS,393,30,3944230786.0,3944492715.5,261929.5,3944285634.0,3944527748.5,242114.5,3974332992.5,3974411327.0,78334.5,3974340328.0,3974415890.5,75562.5
P10-T7-MS,394,30,3954333039.0,3954538159.0,205120.0,3954383290.5,3954603739.0,220448.5,3984387114.0,3984467532.0,80418.0,3984392929.5,3984473516.5,80587.0
P10-T7-MS,395,30,3964355307.5,3964696878.5,341571.0,3964410428.0,3964754910.5,344482.5,3994477126.0,3994545211.0,68085.0,3994483286.0,3994553781.5,70495.5
P10-T7-MS,396,30,3974390909.0,3974627865.5,236956.5,3974421035.5,3974674694.5,253659.0,4004552149.0,4004645360.0,93211.0,4004558942.5,4004650565.5,91623.0
P10-T7-MS,397,30,3984487147.5,3984695038.0,207890.5,3984528859.5,3984731935.0,203075.5,4014587276.5,4014664197.0,76920.5,4014593939.5,4014670469.5,76530.0
P10-T7-MS,398,30,3994597022.0,3994736288.0,139266.0,3994680388.5,3994781180.0,100791.5,4024651998.5,4024715840.0,63841.5,4024662027.5,4024721413.5,59386.0
P10-T7-MS,399,30,4004679591.5,4004828387.0,148795.5,4004729520.0,4004868650.5,139130.5,4034702223.0,4034767919.0,65696.0,4034709097.0,4034773044.0,63947.0
P10-T7-MS,400,30,4014699042.5,4014883752.5,184710.0,4014749584.0,4014921633.0,172049.0,4044799910.0,4044838968.5,39058.5,4044804719.0,4044848402.0,43683.0
P10-T7-MS,401,30,4024764720.5,4024964682.0,199961.5,4024836444.5,4025006395.0,169950.5,4054787824.5,4054877880.5,90056.0,4054793565.0,4054882887.5,89322.5
P10-T7-MS,402,30,4034868334.5,4034991597.5,123263.0,4034906066.0,4035026374.5,120308.5,4064950293.5,4064971408.0,21114.5,4064955519.0,4064978076.5,22557.5
P10-T7-MS,403,30,4044815520.5,4045080281.0,264760.5,4044890774.0,4045128359.5,237585.5,4074970819.5,4075044410.0,73590.5,4074977297.5,4075049514.5,72217.0
P10-T7-MS,404,30,4054906089.0,4055141183.0,235094.0,4055011117.0,4055206579.5,195462.5,4085051591.0,4085174975.0,123384.0,4085059194.0,4085182422.0,123228.0
P10-T7-MS,405,30,4065040010.5,4065195696.5,155686.0,4065093804.0,4065237590.5,143786.5,4095076005.5,4095214754.0,138748.5,4095081143.0,4095222299.0,141156.0
P10-T7-MS,406,30,4075093534.0,4075272800.0,179266.0,4075123505.0,4075306503.5,182998.5,4105122718.5,4105261155.5,138437.0,4105126568.5,4105266610.5,140042.0
P10-T7-MS,407,30,4085112071.0,4085332508.0,220437.0,4085188518.0,4085375013.0,186495.0,4115247368.5,4115316715.5,69347.0,4115253195.0,4115321958.0,68763.0
P10-T7-MS,408,30,4095179619.5,4095354897.0,175277.5,4095228699.5,4095392312.5,163613.0,4125278948.0,4125416110.0,137162.0,4125285990.0,4125423909.0,137919.0
P10-T7-MS,409,30,4105210887.5,4105427432.0,216544.5,4105293470.5,4105460677.0,167206.5,4135326602.0,4135481989.5,155387.5,4135333949.0,4135488169.5,154220.5
P10-T7-MS,410,30,4115304127.5,4115505906.5,201779.0,4115356803.5,4115559901.5,203098.0,4145383497.0,4145527821.5,144324.5,4145390426.0,4145533564.5,143138.5
P10-T7-MS,411,30,4125325572.0,4125652730.5,327158.5,4125367173.5,4125691748.5,324575.0,4155459057.0,4155563656.0,104599.0,4155468902.5,4155570136.5,101234.0
P10-T7-MS,412,30,4135415920.5,4135601376.5,185456.0,4135507708.5,4135662083.0,154374.5,4165513185.5,4165661104.0,147918.5,4165522344.5,4165667892.5,145548.0
P10-T7-MS,413,30,4145482134.0,4145659261.0,177127.0,4145529094.5,4145699608.5,170514.0,4175623449.0,4175770837.0,147388.0,4175630253.0,4175777412.5,147159.5
P10-T7-MS,414,30,4155503527.5,4155712836.0,209308.5,4155554054.0,4155765959.0,211905.0,4185637082.0,4185807143.5,170061.5,4185643855.0,4185812716.0,168861.0
P10-T7-MS,415,30,4165557023.0,4165817429.0,260406.0,4165598935.5,4165857591.5,258656.0,4195734347.0,4195845498.5,111151.5,4195739572.5,4195851896.5,112324.0
P10-T7-MS,416,30,4175705729.0,4175827558.5,121829.5,4175773310.0,4175887629.0,114319.0,4205845125.0,4205953825.5,108700.5,4205854558.0,4205962822.0,108264.0
P10-T7-MS,417,30,4185679903.5,4185913950.5,234047.0,4185716137.0,4185956747.5,240610.5,4215871896.0,4215973656.5,101760.5,4215881035.5,4215979638.5,98603.0
P10-T7-MS,418,30,4195755866.5,4195919518.0,163651.5,4195795922.0,4195974442.5,178520.5,4225978700.5,4226121286.0,142585.5,4225984647.0,4226127509.5,142862.5
P10-T7-MS,419,30,4205804837.5,4206041998.0,237160.5,4205859372.5,4206079793.5,220421.0,4236040631.0,4236137448.0,96817.0,4236049388.0,4236142416.5,93028.5
P10-T7-MS,420,30,4215824185.5,4216097004.5,272819.0,4215894183.0,4216131286.0,237103.0,4246071795.5,4246205662.5,133867.0,4246079957.0,4246211997.5,132040.5
P10-T7-MS,421,30,4226007456.5,4226153597.5,146141.0,4226054878.0,4226214157.5,159279.5,4256115977.5,4256223132.5,107155.0,4256124142.5,4256229923.5,105781.0
P10-T7-MS,422,30,4236063309.5,4236233147.0,169837.5,4236107252.5,4236279282.5,172030.0,4266176384.5,4266285884.0,109499.5,4266182258.5,4266293546.0,111287.5
P10-T7-MS,423,30,4246019337.0,4246264684.5,245347.5,4246061513.0,4246310054.5,248541.5,4276206309.0,4276359644.0,153335.0,4276210953.0,4276365392.5,154439.5
P10-T7-MS,424,30,4256178265.0,4256408182.0,229917.0,4256213095.0,4256455382.5,242287.5,4286325307.5,4286438570.5,113263.0,4286331460.0,4286444665.0,113205.0
P10-T7-MS,425,30,4266262729.0,4266494685.0,231956.0,4266331264.5,4266553457.0,222192.5,4296331664.5,4296518172.5,186508.0,4296336711.5,4296526458.0,189746.5
P10-T7-MS,426,30,4276287649.0,4276456672.5,169023.5,4276331126.5,4276502448.0,171321.5,4306356277.0,4306545662.0,189385.0,4306364719.5,4306551941.0,187221.5
P10-T7-MS,427,30,4286346490.5,4286545366.5,198876.0,4286402689.5,4286581372.0,178682.5,4316428915.0,4316648678.0,219763.0,4316436445.0,4316653514.5,217069.5
P10-T7-MS,428,30,4296334180.0,4296577023.0,242843.0,4296367413.0,4296606320.5,238907.5,4326472353.5,4326680457.0,208103.5,4326477090.5,4326685692.0,208601.5
P10-T7-MS,429,30,4306488925.5,4306648428.5,159503.0,4306536885.0,4306701207.0,164322.0,4336631003.0,4336762702.5,131699.5,4336637265.0,4336769343.0,132078.0
P10-T7-MS,430,30,4316449804.0,4316709679.0,259875.0,4316519415.5,4316752861.0,233445.5,4346609008.5,4346873011.0,264002.5,4346615757.0,4346878892.5,263135.5
P10-T7-MS,431,30,4326594688.5,4326829068.5,234380.0,4326646043.5,4326861626.5,215583.0,4356685216.0,4356859737.0,174521.0,4356692458.0,4356867365.5,174907.5
P10-T7-MS,432,30,4336630919.5,4336837765.5,206846.0,4336707236.5,4336870226.0,162989.5,4366705631.5,4366960592.5,254961.0,4366726374.0,4366968270.0,241896.0
P10-T7-MS,433,30,4346647099.0,4346882734.5,235635.5,4346678222.5,4346924334.5,246112.0,4376826664.0,4377022037.0,195373.0,4376831223.0,4377028525.5,197302.5
P10-T7-MS,434,30,4356689872.5,4356945211.0,255338.5,4356741637.0,4356975894.0,234257.0,4386958103.0,4387054290.5,96187.5,4386964220.5,4387062174.0,97953.5
P10-T7-MS,435,30,4366791407.5,4366971717.0,180309.5,4366862251.5,4367009587.5,147336.0,4396942017.5,4397213472.5,271455.0,4396947670.5,4397224017.0,276346.5
P10-T7-MS,436,30,4376855297.0,4377091235.5,235938.5,4376930816.0,4377122858.0,192042.0,4407036490.5,4407167006.5,130516.0,4407045149.0,4407173928.0,128779.0
P10-T7-MS,437,30,4386987553.5,4387111225.5,123672.0,4387035342.0,4387191634.5,156292.5,4417132449.5,4417310005.5,177556.0,4417138945.5,4417316385.5,177440.0
P10-T7-MS,438,30,4397005334.5,4397229376.0,224041.5,4397073390.5,4397291119.0,217728.5,4427138494.5,4427388918.5,250424.0,4427145644.0,4427399269.5,253625.5
P10-T7-MS,439,30,4406989908.0,4407305135.5,315227.5,4407052572.0,4407366796.5,314224.5,4437194442.5,4437408850.0,214407.5,4437199621.5,4437416730.5,217109.0
P10-T7-MS,440,30,4417095593.0,4417322976.0,227383.0,4417131148.0,4417372979.0,241831.0,4447294828.5,4447460583.5,165755.0,4447301453.5,4447468545.5,167092.0
P10-T7-MS,441,30,4427211599.0,4427406773.5,195174.5,4427247958.0,4427457250.5,209292.5,4457442898.0,4457465834.5,22936.5,4457447972.0,4457471650.0,23678.0
P10-T7-MS,442,30,4437200412.5,4437480346.0,279933.5,4437252906.0,4437561456.5,308550.5,4467472013.0,4467517047.5,45034.5,4467478196.5,4467524454.5,46258.0
P10-T7-MS,443,30,4447302580.0,4447510208.5,207628.5,4447377266.0,4447621354.5,244088.5,4477521974.0,4477620090.5,98116.5,4477529514.5,4477625848.5,96334.0
P10-T7-MS,444,30,4457403564.5,4457661770.5,258206.0,4457443886.0,4457698612.0,254726.0,4487575740.5,4487684778.5,109038.0,4487580326.5,4487691398.5,111072.0
P10-T7-MS,445,30,4467395857.5,4467615089.5,219232.0,4467453517.5,4467665773.0,212255.5,4497693400.0,4497740767.5,47367.5,4497702023.5,4497749142.0,47118.5
P10-T7-MS,446,30,4477458549.0,4477670293.5,211744.5,4477514130.5,4477701771.0,187640.5,4507660020.5,4507860628.0,200607.5,4507665777.0,4507866824.5,201047.5
P10-T7-MS,447,30,4487512797.5,4487798146.5,285349.0,4487574845.5,4487837318.5,262473.0,4517735581.0,4517848123.5,112542.5,4517743046.0,4517852654.0,109608.0
P10-T7-MS,448,30,4497572933.0,4497877959.5,305026.5,4497621264.0,4497916345.5,295081.5,4527832681.0,4527922889.0,90208.0,4527838916.0,4527929094.0,90178.0
P10-T7-MS,449,30,4507640018.0,4507914631.0,274613.0,4507684160.0,4507952574.5,268414.5,4537886320.5,4537980345.5,94025.0,4537890495.5,4537987702.5,97207.0
P10-T7-MS,450,30,4517690864.0,4517950035.5,259171.5,4517774050.5,4517986304.0,212253.5,4547977630.5,4548040599.5,62969.0,4547983008.0,4548045984.5,62976.5
P10-T7-MS,451,30,4527775008.5,4528036459.5,261451.0,4527811025.0,4528083252.0,272227.0,4558046999.5,4558116168.5,69169.0,4558051748.0,4558124005.0,72257.0
P10-T7-MS,452,30,4537842927.0,4538046534.0,203607.0,4537880276.0,4538100525.0,220249.0,4568106333.5,4568183469.5,77136.0,4568114266.0,4568190861.5,76595.5
P10-T7-MS,453,30,4547924767.5,4548110834.0,186066.5,4547969712.5,4548190692.5,220980.0,4578135670.0,4578235520.0,99850.0,4578139744.5,4578242576.5,102832.0
P10-T7-MS,454,30,4557916953.0,4558179771.0,262818.0,4557989395.5,4558225106.0,235710.5,4588215148.5,4588277672.5,62524.0,4588226307.5,4588285045.0,58737.5
P10-T7-MS,455,30,4567994913.5,4568212532.0,217618.5,4568044595.5,4568268850.0,224254.5,4598230653.0,4598388519.5,157866.5,4598238422.5,4598395640.5,157218.0
P10-T7-MS,456,30,4577984840.5,4578301453.0,316612.5,4578019435.5,4578355826.5,336391.0,4608401762.0,4608420672.5,18910.5,4608409568.5,4608428328.5,18760.0
P10-T7-MS,457,30,4588134252.0,4588382001.5,247749.5,4588180684.5,4588422748.0,242063.5,4618423304.5,4618525443.0,102138.5,4618428990.5,4618530364.5,101374.0
P10-T7-MS,458,30,4598233983.5,4598538339.0,304355.5,4598297227.5,4598586586.0,289358.5,4628461917.5,4628559719.5,97802.0,4628466997.0,4628565718.5,98721.5
P10-T7-MS,459,30,4608253887.5,4608559274.5,305387.0,4608298809.5,4608603490.0,304680.5,4638526424.5,4638606614.5,80190.0,4638532330.5,4638612431.0,80100.5
P10-T7-MS,460,30,4618298366.0,4618548974.0,250608.0,4618338454.0,4618608513.0,270059.0,4648597408.0,4648651118.0,53710.0,4648601758.0,4648657938.5,56180.5
P10-T7-MS,461,30,4628379766.5,4628590022.0,210255.5,4628418072.5,4628640075.5,222003.0,4658681181.5,4658752612.0,71430.5,4658691563.5,4658757087.0,65523.5
P10-T7-MS,462,30,4638416867.5,4638783341.0,366473.5,4638451147.5,4638884731.0,433583.5,4668803782.5,4668821171.0,17388.5,4668811737.0,4668826799.0,15062.0
P10-T7-MS,463,30,4648516574.0,4648683675.5,167101.5,4648557675.5,4648729329.0,171653.5,4678798289.5,4678893150.0,94860.5,4678803636.5,4678900410.0,96773.5
P10-T7-MS,464,30,4658548349.5,4658736539.5,188190.0,4658594397.0,4658780015.5,185618.5,4688872602.5,4688950914.0,78311.5,4688876968.0,4688956971.5,80003.5
P10-T7-MS,465,30,4668578133.0,4668910039.5,331906.5,4668625034.0,4668951702.0,326668.0,4698980841.5,4698990462.0,9620.5,4698992171.0,4698998813.0,6642.0
P10-T7-MS,466,30,4678663908.5,4678924960.0,261051.5,4678698454.0,4678967293.5,268839.5,4708986485.5,4709024269.0,37783.5,4708995055.0,4709029587.5,34532.5
P10-T7-MS,467,30,4688745193.0,4689026248.5,281055.5,4688806781.5,4689073448.5,266667.0,4719044832.0,4719128204.5,83372.5,4719053307.0,4719133991.0,80684.0
P10-T7-MS,468,30,4698799485.5,4699086075.0,286589.5,4698870680.5,4699127154.0,256473.5,4729128181.5,4729169252.0,41070.5,4729134549.0,4729174228.5,39679.5
P10-T7-MS,469,30,4708876992.0,4709053975.5,176983.5,4708922367.0,4709103119.5,180752.5,4739226978.0,4739230190.5,3212.5,4739233668.0,4739236669.0,3001.0
P10-T7-MS,470,30,4718876327.0,4719168434.0,292107.0,4718911815.5,4719204846.5,293031.0,4749192007.0,4749298744.5,106737.5,4749200399.0,4749304255.0,103856.0
P10-T7-MS,471,30,4729041696.0,4729242565.0,200869.0,4729075985.5,4729296720.5,220735.0,4759226883.0,4759338196.5,111313.5,4759237388.0,4759346208.0,108820.0
P10-T7-MS,472,30,4738981203.5,4739299085.0,317881.5,4739027280.5,4739331853.0,304572.5,4769352947.0,4769415622.0,62675.0,4769360149.0,4769421531.0,61382.0
P10-T7-MS,473,30,4749060871.5,4749281139.0,220267.5,4749107596.5,4749321981.0,214384.5,4779451530.5,4779497122.0,45591.5,4779456898.5,4779503387.5,46489.0
P10-T7-MS,474,30,4759145975.0,4759444984.5,299009.5,4759190846.5,4759480282.5,289436.0,4789482963.0,4789622673.5,139710.5,4789487772.0,4789627221.0,139449.0
P10-T7-MS,475,30,4769192638.5,4769404314.5,211676.0,4769239909.0,4769443181.5,203272.5,4799531758.0,4799669605.5,137847.5,4799538597.5,4799674998.5,136401.0
P10-T7-MS,476,30,4779305847.0,4779556676.0,250829.0,4779372245.5,4779606472.5,234227.0,4809612204.5,4809745512.0,133307.5,4809618243.5,4809752340.0,134096.5
P10-T7-MS,477,30,4789348039.5,4789724100.0,376060.5,4789388218.0,4789760444.0,372226.0,4819595150.0,4819809771.5,214621.5,4819600223.5,4819815973.5,215750.0
P10-T7-MS,478,30,4799374478.5,4799615599.0,241120.5,4799422951.5,4799648734.5,225783.0,4829713410.0,4829911094.0,197684.0,4829719598.0,4829918972.0,199374.0
P10-T7-MS,479,30,4809426793.0,4809734525.0,307732.0,4809485240.5,4809773434.0,288193.5,4839795947.5,4839964665.5,168718.0,4839801849.0,4839971103.0,169254.0
P10-T7-MS,480,30,4819590841.5,4819738852.5,148011.0,4819634407.0,4819777179.5,142772.5,4849785844.5,4849955290.0,169445.5,4849792849.5,4849961586.5,168737.0
P10-T7-MS,481,30,4829612239.5,4829819745.0,207505.5,4829675054.5,4829851432.0,176377.5,4859862920.5,4860064710.0,201789.5,4859869371.0,4860070170.0,200799.0
P10-T7-MS,482,30,4839610761.0,4839845938.0,235177.0,4839658354.5,4839894414.0,236059.5,4869974335.5,4870101543.0,127207.5,4869979701.0,4870106820.0,127119.0
P10-T7-MS,483,30,4849671542.5,4849962179.0,290636.5,4849711821.0,4849998032.0,286211.0,4880022895.0,4880158894.5,135999.5,4880029220.0,4880163928.5,134708.5
P10-T7-MS,484,30,4859699222.5,4859984239.0,285016.5,4859762011.5,4860029651.5,267640.0,4890059182.5,4890237509.0,178326.5,4890064254.5,4890243989.5,179735.0
P10-T7-MS,485,30,4869837065.5,4870069826.5,232761.0,4869872472.5,4870105948.0,233475.5,4900130780.0,4900289171.0,158391.0,4900141380.0,4900296202.5,154822.5
P10-T7-MS,486,30,4879931936.5,4880195845.0,263908.5,4879967654.5,4880262641.5,294987.0,4910190723.5,4910382941.0,192217.5,4910195911.5,4910388359.0,192447.5
P10-T7-MS,487,30,4889898484.0,4890305455.5,406971.5,4889935397.0,4890364758.5,429361.5,4920225793.0,4920398503.0,172710.0,4920232646.5,4920403239.5,170593.0
P10-T7-MS,488,30,4900024802.5,4900229996.0,205193.5,4900071606.0,4900267019.5,195413.5,4930263622.5,4930483136.0,219513.5,4930271119.0,4930489732.0,218613.0
P10-T7-MS,489,30,4910119259.5,4910343764.0,224504.5,4910159852.5,4910381213.5,221361.0,4940352312.5,4940568051.0,215738.5,4940359076.5,4940574998.0,215921.5
P10-T7-MS,490,30,4920140159.5,4920412383.5,272224.0,4920174881.5,4920456796.0,281914.5,4950440249.0,4950696301.0,256052.0,4950445649.0,4950701295.0,255646.0
P10-T7-MS,491,30,4930183301.5,4930420868.0,237566.5,4930231233.5,4930458454.5,227221.0,4960586536.5,4960652068.0,65531.5,4960591832.5,4960656583.5,64751.0
P10-T7-MS,492,30,4940306926.0,4940430486.0,123560.0,4940361982.0,4940485467.0,123485.0,4970624072.0,4970715265.0,91193.0,4970630059.5,4970723036.5,92977.0
P10-T7-MS,493,30,4950370034.0,4950611902.5,241868.5,4950411541.0,4950670104.5,258563.5,4980668925.5,4980768290.5,99365.0,4980674304.0,4980774307.5,100003.5
P10-T7-MS,494,30,4960432095.0,4960588860.5,156765.5,4960469254.5,4960644179.0,174924.5,4990698066.0,4990889810.0,191744.0,4990705165.0,4990894647.0,189482.0
P10-T7-MS,495,30,4970532116.0,4970655309.0,123193.0,4970574188.0,4970712310.0,138122.0,5000747522.0,5000923073.0,175551.0,5000752833.0,5000931270.0,178437.0
P10-T7-MS,496,30,4980580182.5,4980735115.0,154932.5,4980622774.0,4980784134.5,161360.5,5010810407.0,5010927482.0,117075.0,5010817980.5,5010931603.5,113623.0
P10-T7-MS,497,30,4990627536.0,4990850943.0,223407.0,4990678229.5,4990891649.0,213419.5,5020866659.0,5021030180.0,163521.0,5020872735.5,5021037623.0,164887.5
P10-T7-MS,498,30,5000659849.5,5000937107.0,277257.5,5000709551.5,5001011262.5,301711.0,5030870201.0,5031050862.0,180661.0,5030875814.5,5031057255.0,181440.5
P10-T7-MS,499,30,5010724020.0,5010938687.0,214667.0,5010773276.5,5010992731.5,219455.0,5040947415.5,5041145877.5,198462.0,5040955926.5,5041152987.0,197060.5
P10-T7-MS,500,30,5020794062.5,5020957221.0,163158.5,5020862020.5,5021001723.5,139703.0,5051017516.5,5051197610.5,180094.0,5051022059.0,5051205775.0,183716.0
P10-T7-MS,501,30,5030875539.5,5031033841.0,158301.5,5030916908.0,5031080308.5,163400.5,5061109288.0,5061281194.0,171906.0,5061115931.0,5061290693.5,174762.5
P10-T7-MS,502,30,5040915417.0,5041047324.0,131907.0,5040969809.5,5041085537.5,115728.0,5071108146.5,5071305844.5,197698.0,5071114812.0,5071311981.0,197169.0
P10-T7-MS,503,30,5050920085.5,5051160386.0,240300.5,5050973608.0,5051208869.0,235261.0,5081224203.5,5081357777.0,133573.5,5081228394.0,5081365438.5,137044.5
P10-T7-MS,504,30,5061039636.5,5061186275.0,146638.5,5061071114.0,5061290320.0,219206.0,5091264895.5,5091471412.0,206516.5,5091273963.0,5091475869.0,201906.0
P10-T7-MS,505,30,5071035255.0,5071285910.5,250655.5,5071071957.5,5071348418.5,276461.0,5101373863.5,5101461727.0,87863.5,5101379229.5,5101469901.5,90672.0
P10-T7-MS,506,30,5081138673.5,5081369770.5,231097.0,5081185905.0,5081409555.5,223650.5,5111477488.0,5111539922.0,62434.0,5111481810.5,5111546930.5,65120.0
P10-T7-MS,507,30,5091152646.5,5091422505.0,269858.5,5091199264.0,5091470592.0,271328.0,5121429071.0,5121666603.0,237532.0,5121436375.5,5121672257.0,235881.5
P10-T7-MS,508,30,5101287665.0,5101435769.0,148104.0,5101348424.0,5101472671.0,124247.0,5131508710.5,5131647983.5,139273.0,5131514324.0,5131652569.5,138245.5
P10-T7-MS,509,30,5111323989.5,5111560417.5,236428.0,5111356780.0,5111602367.0,245587.0,5141563793.0,5141717084.5,153291.5,5141568947.5,5141725099.0,156151.5
P10-T7-MS,510,30,5121351390.0,5121594976.0,243586.0,5121387624.5,5121645164.5,257540.0,5151688493.0,5151761010.5,72517.5,5151695357.5,5151765172.0,69814.5
P10-T7-MS,511,30,5131487515.5,5131661042.5,173527.0,5131527459.5,5131716763.5,189304.0,5161713020.0,5161861591.5,148571.5,5161719420.5,5161867989.0,148568.5
P10-T7-MS,512,30,5141449532.5,5141705385.5,255853.0,5141498878.0,5141755569.0,256691.0,5171795297.5,5171951930.0,156632.5,5171801953.5,5171957175.0,155221.5
P10-T7-MS,513,30,5151615803.5,5151866761.0,250957.5,5151657589.0,5151915376.5,257787.5,5181803064.0,5182008537.5,205473.5,5181808010.5,5182014606.0,206595.5
P10-T7-MS,514,30,5161641529.0,5161878048.5,236519.5,5161685732.0,5161927957.5,242225.5,5191915869.0,5192029397.0,113528.0,5191923327.0,5192035228.0,111901.0
P10-T7-MS,515,30,5171715737.0,5171893321.5,177584.5,5171761610.5,5171961830.5,200220.0,5201959033.0,5202127877.5,168844.5,5201965220.5,5202134466.0,169245.5
P10-T7-MS,516,30,5181684925.0,5181989242.0,304317.0,5181731542.0,5182024493.5,292951.5,5212015635.5,5212228032.0,212396.5,5212021505.0,5212232953.0,211448.0
P10-T7-MS,517,30,5191805258.5,5191941631.5,136373.0,5191843168.5,5191978032.0,134863.5,5222113515.5,5222227537.5,114022.0,5222122848.5,5222233474.0,110625.5
P10-T7-MS,518,30,5201820178.0,5202015688.0,195510.0,5201867146.5,5202061389.0,194242.5,5232155361.0,5232248584.5,93223.5,5232163084.5,5232254285.5,91201.0
P10-T7-MS,519,30,5211878548.5,5212270111.5,391563.0,5211943562.0,5212330421.0,386859.0,5242199105.5,5242395720.5,196615.0,5242206053.0,5242400490.0,194437.0
P10-T7-MS,520,30,5222045417.0,5222169415.5,123998.5,5222100406.5,5222208983.0,108576.5,5252267020.0,5252414267.5,147247.5,5252272989.0,5252419422.5,146433.5
P10-T7-MS,521,30,5231986520.0,5232109889.0,123369.0,5232047964.5,5232152480.5,104516.0,5262284561.0,5262412517.0,127956.0,5262291637.5,5262417620.5,125983.0
P10-T9-OA,1,30,0.0,0.0,0.0,99124.0,98546.5,-577.5,29848222.5,29863858.0,15635.5,29867162.0,29873866.0,6704.0
P10-T9-OA,2,30,9803127.5,9839884.0,36756.5,9857745.5,9890924.0,33178.5,39633103.5,39658093.5,24990.0,39639781.5,39667041.5,27260.0
P10-T9-OA,3,30,19724167.0,19747479.5,23312.5,19769800.5,19794820.0,25019.5,49708941.0,49709924.5,983.5,49714178.0,49714709.0,531.0
P10-T9-OA,4,30,29922081.0,29868434.0,-53647.0,29976490.0,29925632.5,-50857.5,59773511.0,59798710.5,25199.5,59779681.0,59804276.0,24595.0
P10-T9-OA,5,30,39832224.5,39900207.5,67983.0,39908359.0,39962792.0,54433.0,69802420.5,69856917.5,54497.0,69812818.5,69862573.0,49754.5
P10-T9-OA,6,30,49873050.5,49918669.5,45619.0,49934991.0,49979809.0,44818.0,79895429.0,79964641.5,69212.5,79900845.0,79969420.0,68575.0
P10-T9-OA,7,30,59949943.0,59976104.0,26161.0,60030119.0,60054137.5,24018.5,89954030.0,89939245.5,-14784.5,89959749.0,89946415.0,-13334.0
P10-T9-OA,8,30,70066258.5,70076060.0,9801.5,70137675.0,70141276.5,3601.5,100008601.0,100010865.0,2264.0,100015903.5,100016912.0,1008.5
P10-T9-OA,9,30,80066172.5,80090666.0,24493.5,80162143.0,80185015.0,22872.0,110055951.0,110074753.5,18802.5,110063028.5,110079902.0,16873.5
P10-T9-OA,10,30,90142657.5,90131394.0,-11263.5,90194517.0,90199362.0,4845.0,120124640.5,120173696.0,49055.5,120130905.5,120179584.0,48678.5
P10-T9-OA,11,30,100253827.0,100203258.5,-50568.5,100320063.0,100272687.0,-47376.0,130207307.0,130245203.0,37896.0,130216344.5,130254257.0,37912.5
P10-T9-OA,12,30,110238682.0,110263780.0,25098.0,110320863.5,110331351.5,10488.0,140277263.0,140290647.0,13384.0,140290301.5,140297901.0,7599.5
P10-T9-OA,13,30,120316641.0,120345308.5,28667.5,120384149.5,120407502.0,23352.5,150288190.0,150363341.0,75151.0,150297065.5,150369867.0,72801.5
P10-T9-OA,14,30,130368354.5,130372553.5,4199.0,130449853.0,130457845.0,7992.0,160374188.0,160386571.5,12383.5,160384090.5,160391901.0,7810.5
P10-T9-OA,15,30,140434442.5,140462597.5,28155.0,140510702.0,140517454.5,6752.5,170404692.0,170453872.0,49180.0,170409482.0,170460581.0,51099.0
P10-T9-OA,16,30,150479311.5,150533029.5,53718.0,150523214.5,150611735.5,88521.0,180503990.0,180533985.5,29995.5,180512677.0,180541078.0,28401.0
P10-T9-OA,17,30,160561310.5,160570141.0,8830.5,160613708.5,160622001.5,8293.0,190579764.0,190609113.0,29349.0,190584928.5,190615213.0,30284.5
P10-T9-OA,18,30,170609639.5,170619939.5,10300.0,170679480.0,170691376.0,11896.0,200582087.5,200651216.0,69128.5,200588996.5,200655953.5,66957.0
P10-T9-OA,19,30,180651874.5,180677242.5,25368.0,180747055.5,180743426.5,-3629.0,210686945.5,210729063.5,42118.0,210692648.5,210734290.5,41642.0
P10-T9-OA,20,30,190748683.5,190712667.0,-36016.5,190825266.5,190782070.0,-43196.5,220723898.0,220789175.5,65277.5,220729374.0,220793975.0,64601.0
P10-T9-OA,21,30,200818451.0,200772101.0,-46350.0,200874925.5,200823356.0,-51569.5,230818375.0,230890535.0,72160.0,230823074.0,230895211.0,72137.0
P10-T9-OA,22,30,210938817.0,210924499.5,-14317.5,210992878.5,210970006.5,-22872.0,240889849.0,240941779.0,51930.0,240895688.0,240949909.5,54221.5
P10-T9-OA,23,30,220917753.5,220906549.5,-11204.0,220983934.5,220970023.5,-13911.0,250925856.5,250967678.5,41822.0,250931206.5,250972473.0,41266.5
P10-T9-OA,24,30,230960644.5,230992637.0,31992.5,231044666.5,231085791.0,41124.5,261004121.0,261024112.5,19991.5,261015052.5,261029805.0,14752.5
P10-T9-OA,25,30,241032140.0,241057471.5,25331.5,241096502.5,241142856.0,46353.5,271067451.5,271099548.0,32096.5,271072260.5,271104682.0,32421.5
P10-T9-OA,26,30,251108107.5,251117555.5,9448.0,251167550.0,251175757.0,8207.0,281128560.0,281145404.0,16844.0,281133328.0,281150334.0,17006.0
P10-T9-OA,27,30,261174729.0,261171176.5,-3552.5,261239502.5,261236099.0,-3403.5,291205924.5,291250989.5,45065.0,291210716.0,291256506.0,45790.0
P10-T9-OA,28,30,271228685.5,271195175.5,-33510.0,271278258.5,271258104.5,-20154.0,301261860.0,301314042.0,52182.0,301267263.0,301318510.5,51247.5
P10-T9-OA,29,30,281323547.0,281317704.5,-5842.5,281392068.0,281367115.5,-24952.5,311302862.5,311372359.0,69496.5,311310332.5,311376569.0,66236.5
P10-T9-OA,30,30,291330077.0,291353353.0,23276.0,291410691.0,291420604.0,9913.0,321360092.5,321409756.0,49663.5,321370872.5,321414384.5,43512.0
P10-T9-OA,31,30,301406434.5,301430636.0,24201.5,301474380.0,301520367.0,45987.0,331472010.0,331467512.0,-4498.0,331479788.5,331474744.0,-5044.5
P10-T9-OA,32,30,311476719.0,311458657.0,-18062.0,311556606.5,311532407.0,-24199.5,341538582.0,341541769.5,3187.5,341545090.0,341546854.0,1764.0
P10-T9-OA,33,30,321536983.5,321543578.5,6595.0,321596076.0,321602323.5,6247.5,351590848.0,351636581.5,45733.5,351599432.0,351643455.5,44023.5
P10-T9-OA,34,30,331606167.0,331583784.5,-22382.5,331687437.0,331637582.5,-49854.5,361633039.5,361686556.0,53516.5,361637942.0,361695189.5,57247.5
P10-T9-OA,35,30,341688940.5,341661157.0,-27783.5,341770105.5,341720281.0,-49824.5,371687048.5,371733842.5,46794.0,371695594.5,371742717.5,47123.0
P10-T9-OA,36,30,351728815.5,351739869.5,11054.0,351817588.0,351795459.5,-22128.5,381783811.5,381807884.0,24072.5,381787718.0,381812516.5,24798.5
P10-T9-OA,37,30,361810725.5,361803817.0,-6908.5,361865966.5,361873671.5,7705.0,391846251.0,391904373.5,58122.5,391851315.0,391908609.0,57294.0
P10-T9-OA,38,30,371836181.5,371854790.5,18609.0,371909818.0,371912356.0,2538.0,401863281.0,401936561.0,73280.0,401868983.5,401941613.0,72629.5
P10-T9-OA,39,30,381922266.5,381938107.0,15840.5,381990597.5,381995012.0,4414.5,412002598.0,412014765.5,12167.5,412010342.0,412021474.0,11132.0
P10-T9-OA,40,30,391961397.5,391985250.0,23852.5,392038309.0,392046119.5,7810.5,422025834.5,422044598.5,18764.0,422033457.5,422053918.5,20461.0
P10-T9-OA,41,30,402025983.0,402052862.0,26879.0,402069569.5,402115222.0,45652.5,432099019.0,432118353.5,19334.5,432104186.0,432122699.0,18513.0
P10-T9-OA,42,30,412105978.5,412121006.5,15028.0,412159722.5,412208755.0,49032.5,442134092.0,442170202.0,36110.0,442140074.5,442175753.5,35679.0
P10-T9-OA,43,30,422153605.0,422166610.0,13005.0,422215805.5,422243903.5,28098.0,452214412.0,452251232.5,36820.5,452223648.5,452256783.5,33135.0
P10-T9-OA,44,30,432240445.0,432216804.5,-23640.5,432326726.5,432273107.0,-53619.5,462300970.5,462334337.5,33367.0,462307512.0,462338843.5,31331.5
P10-T9-OA,45,30,442282877.5,442272083.5,-10794.0,442352154.0,442347127.5,-5026.5,472320608.5,472368361.0,47752.5,472325327.5,472373570.5,48243.0
P10-T9-OA,46,30,452313659.0,452296722.5,-16936.5,452387498.5,452379373.0,-8125.5,482408340.5,482401360.0,-6980.5,482414076.5,482408402.5,-5674.0
P10-T9-OA,47,30,462409040.0,462347472.0,-61568.0,462477157.0,462461769.5,-15387.5,492475539.0,492508238.5,32699.5,492480704.0,492513649.5,32945.5
P10-T9-OA,48,30,472476691.0,472495448.5,18757.5,472525510.0,472558149.0,32639.0,502579001.5,502546122.0,-32879.5,502583510.5,502552052.0,-31458.5
P10-T9-OA,49,30,482516231.5,482527186.0,10954.5,482585882.0,482590533.0,4651.0,512593412.5,512619113.0,25700.5,512598353.0,512624599.5,26246.5
P10-T9-OA,50,30,492665613.0,492660791.5,-4821.5,492698585.5,492717505.5,18920.0,522662645.5,522706806.5,44161.0,522671257.0,522711455.0,40198.0
P10-T9-OA,51,30,502658042.5,502627428.0,-30614.5,502748310.5,502708064.0,-40246.5,532703070.5,532743804.0,40733.5,532707360.0,532749993.5,42633.5
P10-T9-OA,52,30,512688195.5,512701730.0,13534.5,512761431.5,512751099.0,-10332.5,542787568.0,542834060.5,46492.5,542793104.0,542839070.5,45966.5
P10-T9-OA,53,30,522775436.0,522767323.5,-8112.5,522848356.5,522826039.5,-22317.0,552816126.5,552884441.5,68315.0,552822845.0,552890090.0,67245.0
P10-T9-OA,54,30,532814106.5,532797213.5,-16893.0,532873114.0,532854259.5,-18854.5,562919736.0,562907825.0,-11911.0,562924121.5,562914066.0,-10055.5
P10-T9-OA,55,30,542910362.0,542883234.0,-27128.0,542955078.5,542959478.0,4399.5,572995521.0,573018724.5,23203.5,573004368.5,573023678.5,19310.0
P10-T9-OA,56,30,552944597.5,552940280.0,-4317.5,553008809.5,553000824.5,-7985.0,583036071.0,583076431.5,40360.5,583042593.5,583082148.5,39555.0
P10-T9-OA,57,30,562997031.0,563023279.5,26248.5,563065075.0,563062989.0,-2086.0,593109032.5,593105759.0,-3273.5,593114520.0,593112144.0,-2376.0
P10-T9-OA,58,30,573083786.0,573043876.0,-39910.0,573154517.5,573115612.5,-38905.0,603169774.5,603176917.0,7142.5,603175399.5,603182656.5,7257.0
P10-T9-OA,59,30,583126852.0,583143089.5,16237.5,583177626.0,583200748.5,23122.5,613228802.0,613273216.5,44414.5,613233136.5,613277923.0,44786.5
P10-T9-OA,60,30,593200109.0,593185794.0,-14315.0,593271420.0,593237643.5,-33776.5,623319452.0,623343875.5,24423.5,623324605.0,623350631.5,26026.5
P10-T9-OA,61,30,603248480.5,603264927.0,16446.5,603322236.0,603341303.0,19067.0,633371878.5,633433361.5,61483.0,633376341.5,633439880.0,63538.5
P10-T9-OA,62,30,613339035.5,613294822.5,-44213.0,613397876.5,613350379.5,-47497.0,643438003.5,643420280.0,-17723.5,643445602.0,643426006.5,-19595.5
P10-T9-OA,63,30,623393029.0,623352354.5,-40674.5,623440360.5,623412122.5,-28238.0,653482540.0,653513543.5,31003.5,653486479.5,653518796.0,32316.5
P10-T9-OA,64,30,633434852.5,633445408.5,10556.0,633485235.0,633505700.0,20465.0,663538772.0,663579866.5,41094.5,663545051.5,663584671.0,39619.5
P10-T9-OA,65,30,643522619.0,643512582.0,-10037.0,643566238.0,643568093.0,1855.0,673641839.0,673618376.5,-23462.5,673649384.5,673623358.0,-26026.5
P10-T9-OA,66,30,653601321.5,653613579.0,12257.5,653659309.0,653685926.5,26617.5,683734000.5,683730218.0,-3782.5,683748156.5,683735869.5,-12287.0
P10-T9-OA,67,30,663710311.0,663696333.0,-13978.0,663750380.0,663757793.5,7413.5,693738255.0,693777241.5,38986.5,693743316.5,693781988.0,38671.5
P10-T9-OA,68,30,673759924.5,673724714.5,-35210.0,673829685.5,673804317.0,-25368.5,703800475.5,703844084.0,43608.5,703804934.5,703849577.0,44642.5
P10-T9-OA,69,30,683747269.5,683801477.5,54208.0,683822622.5,683872849.0,50226.5,713886514.0,713898247.0,11733.0,713890834.0,713912020.5,21186.5
P10-T9-OA,70,30,693846828.0,693843551.5,-3276.5,693899815.0,693886423.0,-13392.0,723929726.5,723941036.0,11309.5,723935713.0,723947686.5,11973.5
P10-T9-OA,71,30,703914300.5,703932566.5,18266.0,703976475.0,703984938.0,8463.0,734009476.5,734035437.0,25960.5,734015789.5,734041474.0,25684.5
P10-T9-OA,72,30,713998683.5,713973344.0,-25339.5,714047559.5,714011997.0,-35562.5,744083536.5,744100969.5,17433.0,744089030.0,744109372.5,20342.5
P10-T9-OA,73,30,724014830.0,724016007.5,1177.5,724070705.0,724099155.0,28450.0,754158708.5,754136013.5,-22695.0,754163176.5,754141024.0,-22152.5
P10-T9-OA,74,30,734080205.0,734082156.5,1951.5,734144284.0,734122352.0,-21932.0,764176815.5,764198983.5,22168.0,764181939.5,764205646.5,23707.0
P10-T9-OA,75,30,744143081.5,744107546.0,-35535.5,744218766.5,744164392.0,-54374.5,774296903.0,774276143.5,-20759.5,774305240.5,774283960.0,-21280.5
P10-T9-OA,76,30,754224699.0,754176495.5,-48203.5,754291007.5,754252292.0,-38715.5,784347442.0,784347317.5,-124.5,784352918.0,784352846.0,-72.0
P10-T9-OA,77,30,764314929.0,764278159.5,-36769.5,764380544.5,764343907.5,-36637.0,794397318.0,794475853.5,78535.5,794404329.0,794482854.5,78525.5
P10-T9-OA,78,30,774397641.5,774326469.0,-71172.5,774473457.5,774404148.5,-69309.0,804443959.0,804472269.5,28310.5,804449225.5,804483992.5,34767.0
P10-T9-OA,79,30,784401403.5,784366169.0,-35234.5,784491522.0,784436747.0,-54775.0,814501669.5,814496822.5,-4847.0,814506989.0,814503866.5,-3122.5
P10-T9-OA,80,30,794470544.0,794451764.0,-18780.0,794546583.5,794532008.0,-14575.5,824571578.0,824556337.5,-15240.5,824575710.0,824561534.5,-14175.5
P10-T9-OA,81,30,804559249.5,804563815.0,4565.5,804598370.5,804610253.0,11882.5,834654831.0,834663577.5,8746.5,834659926.5,834669832.5,9906.0
P10-T9-OA,82,30,814584230.0,814568179.0,-16051.0,814658710.0,814617721.0,-40989.0,844687639.5,844688740.0,1100.5,844693068.5,844693071.0,2.5
P10-T9-OA,83,30,824652345.0,824649965.5,-2379.5,824731099.5,824720945.0,-10154.5,854802248.5,854833664.5,31416.0,854808758.5,854838309.0,29550.5
P10-T9-OA,84,30,834721728.0,834670096.5,-51631.5,834790705.0,834737391.5,-53313.5,864840740.5,864840080.0,-660.5,864847240.0,864845791.0,-1449.0
P10-T9-OA,85,30,844775747.5,844754473.5,-21274.0,844832115.5,844801524.5,-30591.0,874887959.0,874929476.0,41517.0,874894021.0,874936141.5,42120.5
P10-T9-OA,86,30,854805688.0,854814448.5,8760.5,854857053.0,854863600.5,6547.5,884969751.5,884971135.5,1384.0,884977976.0,884976854.0,-1122.0
P10-T9-OA,87,30,864905650.5,864861561.0,-44089.5,864959671.5,864905709.0,-53962.5,895037835.0,895001133.5,-36701.5,895042198.0,895007822.0,-34376.0
P10-T9-OA,88,30,874928524.0,874960402.5,31878.5,874989206.5,874998638.5,9432.0,905121619.0,905138308.5,16689.5,905127801.5,905147265.0,19463.5
P10-T9-OA,89,30,885006829.0,885018936.0,12107.0,885097148.0,885059145.5,-38002.5,915146461.5,915160932.5,14471.0,915152614.5,915166974.5,14360.0
P10-T9-OA,90,30,895061152.0,895063954.5,2802.5,895133112.5,895124824.0,-8288.5,925208761.5,925222159.5,13398.0,925214184.0,925228879.5,14695.5
P10-T9-OA,91,30,905139147.5,905085111.0,-54036.5,905226370.5,905134644.5,-91726.0,935261534.5,935311607.5,50073.0,935266681.5,935317840.0,51158.5
P10-T9-OA,92,30,915178019.5,915176886.0,-1133.5,915235799.5,915252782.0,16982.5,945333515.5,945347023.5,13508.0,945337963.5,945351822.5,13859.0
P10-T9-OA,93,30,925210887.0,925246779.5,35892.5,925268182.0,925304486.0,36304.0,955431329.5,955431835.5,506.0,955435949.0,955437174.0,1225.0
P10-T9-OA,94,30,935327341.0,935296854.5,-30486.5,935381943.0,935335620.5,-46322.5,965479942.5,965531148.5,51206.0,965485066.5,965536353.0,51286.5
P10-T9-OA,95,30,945342616.5,945338681.5,-3935.0,945402106.0,945403400.0,1294.0,975574618.0,975532572.5,-42045.5,975579811.0,975538970.5,-40840.5
P10-T9-OA,96,30,955431335.0,955440674.0,9339.0,955501439.0,955498022.0,-3417.0,985599866.5,985594239.5,-5627.0,985605900.0,985598991.0,-6909.0
P10-T9-OA,97,30,965504989.0,965484633.0,-20356.0,965543545.0,965530298.0,-13247.0,995685218.5,995665469.0,-19749.5,995690539.5,995671344.0,-19195.5
P10-T9-OA,98,30,975574194.0,975528448.0,-45746.0,975606528.0,975567858.0,-38670.0,1005720851.5,1005692565.5,-28286.0,1005726119.0,1005698309.5,-27809.5
P10-T9-OA,99,30,985613973.0,985590826.5,-23146.5,985678429.0,985637635.5,-40793.5,1015813984.0,1015806773.5,-7210.5,1015818339.0,1015811725.5,-6613.5
P10-T9-OA,100,30,995744210.5,995650980.0,-93230.5,995790061.5,995705712.0,-84349.5,1025833152.5,1025848659.5,15507.0,1025838361.0,1025854224.5,15863.5
P10-T9-OA,101,30,1005765586.0,1005695599.5,-69986.5,1005825944.0,1005765438.0,-60506.0,1035888784.5,1035935640.0,46855.5,1035894289.5,1035940005.5,45716.0
P10-T9-OA,102,30,1015793649.0,1015785070.5,-8578.5,1015865932.0,1015831964.0,-33968.0,1045942664.5,1045988078.5,45414.0,1045952446.5,1045993943.0,41496.5
P10-T9-OA,103,30,1025869937.5,1025881096.0,11158.5,1025927669.0,1025920571.5,-7097.5,1056043723.5,1056056613.5,12890.0,1056053000.5,1056062410.5,9410.0
P10-T9-OA,104,30,1035926840.5,1035875284.5,-51556.0,1035956291.5,1035934690.5,-21601.0,1066069686.0,1066127123.0,57437.0,1066074585.0,1066132491.0,57906.0
P10-T9-OA,105,30,1045962716.5,1045969053.5,6337.0,1046005752.0,1046027425.5,21673.5,1076184518.0,1076222706.5,38188.5,1076192071.5,1076227722.5,35651.0
P10-T9-OA,106,30,1056009473.5,1056029310.5,19837.0,1056070740.5,1056071085.0,344.5,1086215325.5,1086209198.5,-6127.0,1086220708.0,1086213573.5,-7134.5
P10-T9-OA,107,30,1066084758.0,1066100620.5,15862.5,1066159245.5,1066144020.0,-15225.5,1096308701.0,1096300203.0,-8498.0,1096314547.5,1096305814.0,-8733.5
P10-T9-OA,108,30,1076160875.0,1076130520.5,-30354.5,1076214539.5,1076178202.5,-36337.0,1106398827.5,1106344014.5,-54813.0,1106404130.5,1106352844.5,-51286.0
P10-T9-OA,109,30,1086225995.0,1086180919.5,-45075.5,1086293443.5,1086225115.0,-68328.5,1116442557.0,1116443943.5,1386.5,1116447924.5,1116450116.0,2191.5
P10-T9-OA,110,30,1096298855.0,1096257291.5,-41563.5,1096377336.5,1096325942.5,-51394.0,1126551949.5,1126500967.5,-50982.0,1126556494.5,1126507272.5,-49222.0
P10-T9-OA,111,30,1106368407.0,1106319866.0,-48541.0,1106410655.5,1106393047.0,-17608.5,1136538936.5,1136576820.5,37884.0,1136552736.0,1136586618.0,33882.0
P10-T9-OA,112,30,1116398726.5,1116416285.5,17559.0,1116435041.0,1116485887.5,50846.5,1146603913.5,1146645700.0,41786.5,1146610357.5,1146651061.0,40703.5
P10-T9-OA,113,30,1126445687.0,1126466767.5,21080.5,1126547879.0,1126522535.0,-25344.0,1156675150.5,1156686706.0,11555.5,1156680628.0,1156695865.5,15237.5
P10-T9-OA,114,30,1136527329.5,1136547127.5,19798.0,1136559906.5,1136599584.0,39677.5,1166766005.5,1166750064.5,-15941.0,1166771995.0,1166756316.5,-15678.5
P10-T9-OA,115,30,1146572763.5,1146572295.0,-468.5,1146620470.5,1146621705.5,1235.0,1176790734.5,1176880198.5,89464.0,1176794552.5,1176885578.0,91025.5
P10-T9-OA,116,30,1156641080.5,1156633865.5,-7215.0,1156706170.0,1156683352.0,-22818.0,1186899004.5,1186980314.5,81310.0,1186903370.0,1186984642.0,81272.0
P10-T9-OA,117,30,1166706841.5,1166685655.5,-21186.0,1166740809.5,1166758926.0,18116.5,1196913665.5,1196993820.0,80154.5,1196919138.5,1196998588.5,79450.0
P10-T9-OA,118,30,1176762310.5,1176835150.5,72840.0,1176829167.0,1176872057.0,42890.0,1206981357.0,1207028177.0,46820.0,1206987050.5,1207034707.5,47657.0
P10-T9-OA,119,30,1186887234.0,1186875988.5,-11245.5,1186943525.0,1186925264.0,-18261.0,1217061174.0,1217119671.0,58497.0,1217067701.5,1217124550.0,56848.5
P10-T9-OA,120,30,1196891596.5,1196909735.0,18138.5,1196932198.5,1196968132.5,35934.0,1227131797.5,1227156822.0,25024.5,1227135925.0,1227164248.5,28323.5
P10-T9-OA,121,30,1206949450.0,1206972961.5,23511.5,1206986178.0,1207016481.5,30303.5,1237252408.0,1237276035.5,23627.5,1237257418.0,1237280511.0,23093.0
P10-T9-OA,122,30,1217014797.5,1217044216.0,29418.5,1217061937.0,1217103523.0,41586.0,1247270359.0,1247299958.5,29599.5,1247275879.0,1247306412.0,30533.0
P10-T9-OA,123,30,1227081166.0,1227108012.5,26846.5,1227138977.5,1227167567.0,28589.5,1257316161.0,1257349263.5,33102.5,1257321312.5,1257357811.5,36499.0
P10-T9-OA,124,30,1237120495.5,1237156270.5,35775.0,1237165784.5,1237203029.5,37245.0,1267387293.5,1267399322.5,12029.0,1267393723.5,1267405401.5,11678.0
P10-T9-OA,125,30,1247220697.5,1247214459.0,-6238.5,1247298179.0,1247249722.5,-48456.5,1277448781.5,1277492204.0,43422.5,1277455041.5,1277497348.5,42307.0
P10-T9-OA,126,30,1257278876.5,1257269208.0,-9668.5,1257334223.5,1257317720.5,-16503.0,1287490584.5,1287565560.5,74976.0,1287494809.5,1287570466.5,75657.0
P10-T9-OA,127,30,1267328420.5,1267325871.5,-2549.0,1267404940.5,1267371138.5,-33802.0,1297586980.0,1297686564.0,99584.0,1297591807.0,1297693430.5,101623.5
P10-T9-OA,128,30,1277362042.0,1277347212.0,-14830.0,1277419465.0,1277410064.5,-9400.5,1307659292.0,1307675129.0,15837.0,1307664639.5,1307680620.0,15980.5
P10-T9-OA,129,30,1287463723.5,1287439915.5,-23808.0,1287506601.5,1287504751.5,-1850.0,1317750106.5,1317765667.0,15560.5,1317754688.0,1317771997.5,17309.5
P10-T9-OA,130,30,1297477376.5,1297524362.0,46985.5,1297522517.0,1297573066.0,50549.0,1327754370.5,1327786034.0,31663.5,1327764173.0,1327790696.0,26523.0
P10-T9-OA,131,30,1307623855.5,1307603121.0,-20734.5,1307665728.0,1307643820.0,-21908.0,1337869840.5,1337855443.5,-14397.0,1337874130.5,1337862465.5,-11665.0
P10-T9-OA,132,30,1317670958.0,1317656270.5,-14687.5,1317720937.5,1317702455.5,-18482.0,1347899394.5,1347931613.0,32218.5,1347907377.5,1347937208.0,29830.5
P10-T9-OA,133,30,1327759849.0,1327719134.5,-40714.5,1327833621.0,1327750217.5,-83403.5,1357993817.0,1357967950.5,-25866.5,1357998619.0,1357979791.5,-18827.5
P10-T9-OA,134,30,1337787343.5,1337760087.5,-27256.0,1337853463.0,1337814460.5,-39002.5,1368024070.5,1368076818.5,52748.0,1368029766.0,1368082348.5,52582.5
P10-T9-OA,135,30,1347821927.5,1347845912.0,23984.5,1347888201.5,1347905001.5,16800.0,1378060770.0,1378152504.0,91734.0,1378065427.5,1378160171.5,94744.0
P10-T9-OA,136,30,1357918735.0,1357895699.0,-23036.0,1357988218.0,1357941161.5,-47056.5,1388133505.0,1388215014.0,81509.0,1388139007.0,1388221574.0,82567.0
P10-T9-OA,137,30,1367946528.0,1367976324.0,29796.0,1367991099.0,1368024690.5,33591.5,1398245275.0,1398243340.5,-1934.5,1398249783.5,1398249539.0,-244.5
P10-T9-OA,138,30,1378015291.5,1377985272.5,-30019.0,1378063211.0,1378018819.5,-44391.5,1408339243.0,1408345859.0,6616.0,1408343763.0,1408352073.5,8310.5
P10-T9-OA,139,30,1388078279.0,1388078105.0,-174.0,1388117925.5,1388122052.0,4126.5,1418363988.5,1418396696.0,32707.5,1418368938.0,1418401887.5,32949.5
P10-T9-OA,140,30,1398138904.5,1398144415.0,5510.5,1398195405.5,1398216116.0,20710.5,1428450211.5,1428455434.5,5223.0,1428459972.0,1428459947.5,-24.5
P10-T9-OA,141,30,1408187649.5,1408189147.0,1497.5,1408245150.5,1408247587.5,2437.0,1438447135.0,1438505350.5,58215.5,1438452899.0,1438509968.0,57069.0
P10-T9-OA,142,30,1418285408.5,1418278821.5,-6587.0,1418319606.5,1418335451.0,15844.5,1448551530.5,1448612160.5,60630.0,1448556429.5,1448619595.5,63166.0
P10-T9-OA,143,30,1428310838.0,1428323731.0,12893.0,1428346575.5,1428383555.5,36980.0,1458666626.5,1458720622.0,53995.5,1458674246.5,1458726691.0,52444.5
P10-T9-OA,144,30,1438374116.5,1438364949.5,-9167.0,1438430795.0,1438417729.5,-13065.5,1468661282.0,1468716254.5,54972.5,1468666084.0,1468722102.5,56018.5
P10-T9-OA,145,30,1448427357.5,1448471670.0,44312.5,1448477859.0,1448537995.0,60136.0,1478732028.5,1478798965.5,66937.0,1478737804.5,1478805292.5,67488.0
P10-T9-OA,146,30,1458503126.5,1458463171.0,-39955.5,1458540658.5,1458515370.0,-25288.5,1488754668.5,1488861293.0,106624.5,1488760641.0,1488868058.5,107417.5
P10-T9-OA,147,30,1468530188.0,1468576424.5,46236.5,1468571599.5,1468614057.0,42457.5,1498884872.5,1498922857.5,37985.0,1498890347.5,1498928271.5,37924.0
P10-T9-OA,148,30,1478605298.0,1478600254.0,-5044.0,1478641419.5,1478646502.5,5083.0,1508906472.0,1508957632.5,51160.5,1508913732.5,1508962043.5,48311.0
P10-T9-OA,149,30,1488710959.0,1488692719.0,-18240.0,1488754485.0,1488725288.5,-29196.5,1519017903.0,1519061967.5,44064.5,1519023070.0,1519067290.5,44220.5
P10-T9-OA,150,30,1498712075.5,1498741722.0,29646.5,1498753427.0,1498796183.5,42756.5,1529034081.0,1529136613.0,102532.0,1529038959.5,1529140742.0,101782.5
P10-T9-OA,151,30,1508769007.5,1508805179.0,36171.5,1508809203.0,1508846742.5,37539.5,1539136454.0,1539120822.5,-15631.5,1539141074.5,1539127243.0,-13831.5
P10-T9-OA,152,30,1518814113.5,1518847031.5,32918.0,1518856591.5,1518891941.0,35349.5,1549178160.5,1549214053.5,35893.0,1549184269.5,1549218688.0,34418.5
P10-T9-OA,153,30,1528899798.5,1528913236.0,13437.5,1528930331.5,1528957411.0,27079.5,1559278049.5,1559278697.5,648.0,1559283231.0,1559283797.5,566.5
P10-T9-OA,154,30,1538964957.0,1538979169.0,14212.0,1539007903.5,1539045455.0,37551.5,1569350181.0,1569389578.0,39397.0,1569354658.5,1569402132.5,47474.0
P10-T9-OA,155,30,1549013364.5,1549046035.0,32670.5,1549062847.0,1549082983.0,20136.0,1579405274.0,1579424085.5,18811.5,1579409860.5,1579428884.5,19024.0
P10-T9-OA,156,30,1559114475.5,1559085051.0,-29424.5,1559159717.5,1559131115.0,-28602.5,1589421205.5,1589519958.0,98752.5,1589438966.5,1589523516.0,84549.5
P10-T9-OA,157,30,1569157700.5,1569155761.0,-1939.5,1569200082.0,1569195878.5,-4203.5,1599498199.0,1599580683.5,82484.5,1599503572.0,1599587685.5,84113.5
P10-T9-OA,158,30,1579226314.0,1579229391.0,3077.0,1579257273.5,1579266063.5,8790.0,1609620144.5,1609667385.0,47240.5,1609626409.5,1609671454.0,45044.5
P10-T9-OA,159,30,1589260955.5,1589288020.0,27064.5,1589293799.0,1589341608.5,47809.5,1619663940.5,1619763939.5,99999.0,1619669721.0,1619769751.5,100030.5
P10-T9-OA,160,30,1599368228.5,1599377241.0,9012.5,1599403322.5,1599428708.5,25386.0,1629897895.0,1629960125.0,62230.0,1629906294.0,1629967266.0,60972.0
P10-T9-OA,161,30,1609409329.5,1609386091.0,-23238.5,1609445696.5,1609451638.0,5941.5,1639932493.0,1639977712.5,45219.5,1639938842.5,1639984416.5,45574.0
P10-T9-OA,162,30,1619493142.0,1619498350.0,5208.0,1619527107.0,1619552942.0,25835.0,1650031826.0,1650056009.5,24183.5,1650038070.5,1650061259.0,23188.5
P10-T9-OA,163,30,1630112886.5,1630238534.0,125647.5,1630189981.5,1630314886.0,124904.5,1660111433.5,1660103133.5,-8300.0,1660118798.5,1660107509.5,-11289.0
P10-T9-OA,164,30,1640353036.5,1640377823.5,24787.0,1640407165.0,1640414405.5,7240.5,1670152986.5,1670150770.5,-2216.0,1670158423.5,1670160380.0,1956.5
P10-T9-OA,165,30,1650492218.5,1650415033.0,-77185.5,1650532127.0,1650480876.0,-51251.0,1680238905.0,1680254785.0,15880.0,1680244919.5,1680260140.0,15220.5
P10-T9-OA,166,30,1660445996.5,1660394867.0,-51129.5,1660492363.0,1660458775.5,-33587.5,1690232018.0,1690266978.0,34960.0,1690237344.0,1690276283.0,38939.0
P10-T9-OA,167,30,1670458663.0,1670459909.0,1246.0,1670498156.5,1670496422.0,-1734.5,1700334362.5,1700346334.5,11972.0,1700341952.0,1700353108.5,11156.5
P10-T9-OA,168,30,1680491061.5,1680527710.5,36649.0,1680559926.5,1680582435.5,22509.0,1710414394.0,1710382447.0,-31947.0,1710420579.5,1710390403.0,-30176.5
P10-T9-OA,169,30,1690532809.0,1690589265.5,56456.5,1690570835.5,1690646069.0,75233.5,1720449402.5,1720472855.5,23453.0,1720455639.5,1720478018.0,22378.5
P10-T9-OA,170,30,1700564981.5,1700625148.5,60167.0,1700607241.0,1700670731.5,63490.5,1730493718.5,1730544866.5,51148.0,1730500192.0,1730553621.0,53429.0
P10-T9-OA,171,30,1710687619.5,1710706933.0,19313.5,1710729805.5,1710768173.0,38367.5,1740563004.0,1740668907.0,105903.0,1740572436.5,1740675479.5,103043.0
P10-T9-OA,172,30,1720733906.5,1720760974.5,27068.0,1720792671.0,1720802378.0,9707.0,1750634174.0,1750662032.5,27858.5,1750642470.5,1750668864.5,26394.0
P10-T9-OA,173,30,1730788250.0,1730852349.0,64099.0,1730835892.0,1730887476.0,51584.0,1760701546.0,1760748907.0,47361.0,1760708500.0,1760771290.5,62790.5
P10-T9-OA,174,30,1740890690.5,1740909727.0,19036.5,1740959255.5,1740956186.5,-3069.0,1770737241.5,1770810258.5,73017.0,1770742539.5,1770815566.5,73027.0
P10-T9-OA,175,30,1750869895.0,1750971180.5,101285.5,1750920496.0,1751018330.0,97834.0,1780833790.5,1780879671.0,45880.5,1780841501.5,1780885941.5,44440.0
P10-T9-OA,176,30,1760992290.0,1760950856.5,-41433.5,1761039237.5,1761028082.0,-11155.5,1790903720.0,1790970728.0,67008.0,1790909286.0,1790978757.5,69471.5
P10-T9-OA,177,30,1770984404.0,1771015133.0,30729.0,1771031822.0,1771059611.5,27789.5,1800949503.5,1800969834.5,20331.0,1800955824.0,1800975917.0,20093.0
P10-T9-OA,178,30,1781079498.5,1781070176.5,-9322.0,1781128321.0,1781122523.0,-5798.0,1810991993.5,1811068020.0,76026.5,1811000430.0,1811073741.5,73311.5
P10-T9-OA,179,30,1791129397.0,1791201265.0,71868.0,1791202665.0,1791249546.0,46881.0,1821075330.5,1821124193.0,48862.5,1821083347.0,1821130561.0,47214.0
P10-T9-OA,180,30,1801250032.0,1801185784.5,-64247.5,1801311669.5,1801274687.0,-36982.5,1831155026.0,1831184398.5,29372.5,1831161389.0,1831192267.0,30878.0
P10-T9-OA,181,30,1811301627.5,1811327749.0,26121.5,1811375096.0,1811367328.5,-7767.5,1841210538.5,1841247428.5,36890.0,1841215473.0,1841254100.0,38627.0
P10-T9-OA,182,30,1821331162.0,1821312058.0,-19104.0,1821382508.0,1821363886.5,-18621.5,1851289663.0,1851330684.0,41021.0,1851297977.5,1851336101.5,38124.0
P10-T9-OA,183,30,1831400267.5,1831405943.5,5676.0,1831442743.0,1831450798.0,8055.0,1861338327.5,1861407771.0,69443.5,1861345843.5,1861416043.0,70199.5
P10-T9-OA,184,30,1841458867.5,1841424034.5,-34833.0,1841501857.0,1841475298.0,-26559.0,1871394980.5,1871427508.0,32527.5,1871404897.0,1871436293.5,31396.5
P10-T9-OA,185,30,1851555479.5,1851616662.5,61183.0,1851627718.0,1851722211.5,94493.5,1881443982.5,1881539003.5,95021.0,1881449752.5,1881547432.0,97679.5
P10-T9-OA,186,30,1861571177.5,1861611367.5,40190.0,1861606718.5,1861657218.5,50500.0,1891467041.5,1891526415.0,59373.5,1891472988.5,1891532665.5,59677.0
P10-T9-OA,187,30,1871657000.5,1871643740.0,-13260.5,1871716342.0,1871686123.0,-30219.0,1901623421.0,1901674187.0,50766.0,1901631269.5,1901680724.0,49454.5
P10-T9-OA,188,30,1881658890.0,1881728087.5,69197.5,1881706905.5,1881798271.5,91366.0,1911640671.5,1911698747.5,58076.0,1911646380.0,1911708147.5,61767.5
P10-T9-OA,189,30,1891716181.0,1891820183.5,104002.5,1891784245.5,1891859160.5,74915.0,1921667507.0,1921737026.5,69519.5,1921675910.0,1921741429.0,65519.0
P10-T9-OA,190,30,1901829989.5,1901889077.5,59088.0,1901893534.0,1902004920.5,111386.5,1931710451.0,1931772267.5,61816.5,1931717973.0,1931778778.5,60805.5
P10-T9-OA,191,30,1911874120.0,1911974598.5,100478.5,1911937966.0,1912009003.0,71037.0,1941794424.5,1941848113.0,53688.5,1941801415.5,1941854764.0,53348.5
P10-T9-OA,192,30,1921934631.0,1921966497.5,31866.5,1921988550.5,1922041682.0,53131.5,1951857726.0,1951919458.5,61732.5,1951865050.0,1951925058.0,60008.0
P10-T9-OA,193,30,1931965588.0,1932079261.5,113673.5,1932017817.0,1932135072.5,117255.5,1961966416.0,1962024601.5,58185.5,1961974728.5,1962032039.0,57310.5
P10-T9-OA,194,30,1942026254.5,1942086296.0,60041.5,1942080448.0,1942139981.5,59533.5,1971987306.5,1972062311.0,75004.5,1971995825.0,1972072986.5,77161.5
P10-T9-OA,195,30,1952110609.5,1952194840.5,84231.0,1952153952.0,1952245381.0,91429.0,1982094293.5,1982094388.5,95.0,1982100312.0,1982101459.5,1147.5
P10-T9-OA,196,30,1962171707.0,1962268639.0,96932.0,1962227956.0,1962317441.0,89485.0,1992142961.0,1992177909.5,34948.5,1992148579.5,1992186637.0,38057.5
P10-T9-OA,197,30,1972274342.0,1972290909.0,16567.0,1972313462.5,1972352487.0,39024.5,2002190743.5,2002207921.5,17178.0,2002197875.0,2002213181.0,15306.0
P10-T9-OA,198,30,1982325041.0,1982381148.0,56107.0,1982358165.5,1982432184.5,74019.0,2012266409.0,2012330645.0,64236.0,2012273004.0,2012336220.5,63216.5
P10-T9-OA,199,30,1992427505.5,1992403222.5,-24283.0,1992475961.5,1992482540.5,6579.0,2022307667.5,2022346213.5,38546.0,2022313310.5,2022354953.0,41642.5
P10-T9-OA,200,30,2002438456.5,2002463428.0,24971.5,2002495710.0,2002513131.0,17421.0,2032353310.0,2032408051.5,54741.5,2032360346.0,2032413682.5,53336.5
P10-T9-OA,201,30,2012488003.5,2012554045.0,66041.5,2012553284.5,2012591528.0,38243.5,2042458389.5,2042464338.0,5948.5,2042466310.5,2042471190.5,4880.0
P10-T9-OA,202,30,2022526719.0,2022594663.5,67944.5,2022590191.5,2022638984.5,48793.0,2052447083.5,2052498081.5,50998.0,2052451597.5,2052505450.5,53853.0
P10-T9-OA,203,30,2032604175.0,2032630728.0,26553.0,2032655405.0,2032669005.5,13600.5,2062525749.0,2062599748.0,73999.0,2062531513.0,2062605491.0,73978.0
P10-T9-OA,204,30,2042628200.5,2042709382.5,81182.0,2042688877.0,2042750902.0,62025.0,2072624126.5,2072675995.5,51869.0,2072630261.5,2072681742.0,51480.5
P10-T9-OA,205,30,2052725933.0,2052805264.5,79331.5,2052758999.0,2052849817.5,90818.5,2082661165.0,2082714988.0,53823.0,2082669151.5,2082721750.0,52598.5
P10-T9-OA,206,30,2062732511.0,2062801734.5,69223.5,2062777516.0,2062844850.0,67334.0,2092717533.5,2092767871.0,50337.5,2092723722.5,2092774499.5,50777.0
P10-T9-OA,207,30,2072859724.5,2072896359.0,36634.5,2072916771.0,2072951976.5,35205.5,2102771934.5,2102832344.5,60410.0,2102778297.0,2102840455.5,62158.5
P10-T9-OA,208,30,2082862518.5,2082901969.0,39450.5,2082914786.0,2082967153.5,52367.5,2112827699.0,2112894758.0,67059.0,2112834809.0,2112902441.0,67632.0
P10-T9-OA,209,30,2092975701.5,2093021934.0,46232.5,2093037489.5,2093085946.5,48457.0,2122913830.0,2123001818.0,87988.0,2122921644.5,2123007564.5,85920.0
P10-T9-OA,210,30,2103025199.5,2103091692.0,66492.5,2103082144.5,2103144744.5,62600.0,2132930520.5,2133021136.0,90615.5,2132937068.5,2133029466.5,92398.0
P10-T9-OA,211,30,2113101831.0,2113137846.5,36015.5,2113156025.0,2113192174.0,36149.0,2143034835.0,2143072261.0,37426.0,2143041541.0,2143078332.0,36791.0
P10-T9-OA,212,30,2123119155.5,2123174614.0,55458.5,2123185017.5,2123239159.5,54142.0,2153077204.0,2153151870.0,74666.0,2153083177.0,2153158866.5,75689.5
P10-T9-OA,213,30,2133214519.5,2133238160.0,23640.5,2133262504.0,2133272862.5,10358.5,2163125521.5,2163189468.5,63947.0,2163132213.5,2163195027.5,62814.0
P10-T9-OA,214,30,2143248045.5,2143324350.0,76304.5,2143303904.0,2143399585.0,95681.0,2173191400.0,2173233876.0,42476.0,2173197703.0,2173239381.0,41678.0
P10-T9-OA,215,30,2153349750.5,2153375222.0,25471.5,2153390602.5,2153421677.0,31074.5,2183334491.0,2183372417.5,37926.5,2183341412.5,2183378068.0,36655.5
P10-T9-OA,216,30,2163394856.0,2163397243.0,2387.0,2163432514.5,2163459962.0,27447.5,2193365419.5,2193392060.0,26640.5,2193372258.5,2193399191.0,26932.5
P10-T9-OA,217,30,2173498194.0,2173492913.5,-5280.5,2173550067.5,2173527570.0,-22497.5,2203427809.5,2203454576.0,26766.5,2203435374.0,2203459795.0,24421.0
P10-T9-OA,218,30,2183547650.0,2183551613.0,3963.0,2183629757.0,2183611833.5,-17923.5,2213476266.5,2213500054.0,23787.5,2213484566.5,2213508263.0,23696.5
P10-T9-OA,219,30,2193588115.0,2193632066.0,43951.0,2193634277.0,2193676038.5,41761.5,2223552515.0,2223602231.5,49716.5,2223562115.0,2223611712.5,49597.5
P10-T9-OA,220,30,2203654452.0,2203665320.5,10868.5,2203707519.5,2203720704.0,13184.5,2233628759.5,2233660971.0,32211.5,2233636681.5,2233667967.5,31286.0
P10-T9-OA,221,30,2213742052.5,2213737120.0,-4932.5,2213791488.5,2213806692.0,15203.5,2243640995.5,2243726304.0,85308.5,2243646935.0,2243733934.5,86999.5
P10-T9-OA,222,30,2223761916.5,2223765109.5,3193.0,2223806375.5,2223816801.5,10426.0,2253708294.5,2253747886.0,39591.5,2253715979.5,2253755444.0,39464.5
P10-T9-OA,223,30,2233832641.5,2233905240.0,72598.5,2233894663.5,2233954081.0,59417.5,2263772294.5,2263861870.0,89575.5,2263777516.0,2263868625.5,91109.5
P10-T9-OA,224,30,2243840207.0,2243952798.5,112591.5,2243905582.5,2243988316.5,82734.0,2273842563.0,2273894962.5,52399.5,2273846685.5,2273900649.0,53963.5
P10-T9-OA,225,30,2253981038.0,2254002368.5,21330.5,2254024672.5,2254041372.0,16699.5,2284023828.0,2283957307.5,-66520.5,2284039086.5,2283962812.5,-76274.0
P10-T9-OA,226,30,2264003791.0,2264017604.0,13813.0,2264062588.0,2264063505.5,917.5,2293987007.5,2294047874.5,60867.0,2293995708.5,2294056141.5,60433.0
P10-T9-OA,227,30,2274082627.0,2274171284.0,88657.0,2274138139.5,2274233339.0,95199.5,2304011333.0,2304096013.5,84680.5,2304018919.0,2304103182.5,84263.5
P10-T9-OA,228,30,2284133930.5,2284223080.5,89150.0,2284179068.5,2284262677.0,83608.5,2314086923.5,2314127330.5,40407.0,2314093745.0,2314133998.5,40253.5
P10-T9-OA,229,30,2294239760.0,2294354681.0,114921.0,2294294312.0,2294395216.0,100904.0,2324124531.5,2324230265.0,105733.5,2324134440.5,2324237550.0,103109.5
P10-T9-OA,230,30,2304281677.0,2304344848.0,63171.0,2304334052.5,2304380147.5,46095.0,2334202122.0,2334238120.0,35998.0,2334206370.5,2334244343.5,37973.0
P10-T9-OA,231,30,2314311243.5,2314293405.0,-17838.5,2314369581.5,2314342000.0,-27581.5,2344276906.0,2344363355.0,86449.0,2344283704.0,2344372287.0,88583.0
P10-T9-OA,232,30,2324388238.0,2324355745.0,-32493.0,2324466722.0,2324449485.5,-17236.5,2354333850.0,2354387432.0,53582.0,2354341616.0,2354394943.0,53327.0
P10-T9-OA,233,30,2334468349.0,2334539276.0,70927.0,2334514117.5,2334586392.0,72274.5,2364416035.5,2364455500.5,39465.0,2364424145.0,2364461705.5,37560.5
P10-T9-OA,234,30,2344522918.0,2344579986.5,57068.5,2344573332.0,2344640399.0,67067.0,2374465010.0,2374491448.0,26438.0,2374470774.0,2374495966.0,25192.0
P10-T9-OA,235,30,2354596142.0,2354621767.0,25625.0,2354654601.5,2354688931.0,34329.5,2384513682.0,2384576728.0,63046.0,2384522969.0,2384588147.0,65178.0
P10-T9-OA,236,30,2364633730.5,2364669516.0,35785.5,2364696464.0,2364721335.0,24871.0,2394561334.0,2394643697.0,82363.0,2394567112.5,2394652781.0,85668.5
P10-T9-OA,237,30,2374698384.0,2374748193.0,49809.0,2374748995.5,2374785971.0,36975.5,2404665366.5,2404741904.5,76538.0,2404674137.5,2404750243.0,76105.5
P10-T9-OA,238,30,2384713239.0,2384791476.5,78237.5,2384768895.5,2384846377.5,77482.0,2414672786.5,2414745994.0,73207.5,2414680859.0,2414753380.0,72521.0
P10-T9-OA,239,30,2394791679.5,2394846628.5,54949.0,2394848543.5,2394893050.0,44506.5,2424770251.5,2424834134.0,63882.5,2424775815.0,2424841464.0,65649.0
P10-T9-OA,240,30,2404843551.0,2404929085.0,85534.0,2404895887.0,2404986228.5,90341.5,2434811727.0,2434920257.0,108530.0,2434820939.0,2434927417.0,106478.0
P10-T9-OA,241,30,2414975550.5,2414972274.5,-3276.0,2415011870.5,2415013177.5,1307.0,2444875707.0,2444991090.5,115383.5,2444881809.0,2444996445.5,114636.5
P10-T9-OA,242,30,2425037637.5,2425030402.5,-7235.0,2425073053.0,2425070837.0,-2216.0,2454967192.0,2454993523.0,26331.0,2454974649.5,2454999186.5,24537.0
P10-T9-OA,243,30,2435026699.5,2435089665.5,62966.0,2435089477.0,2435138855.5,49378.5,2464992476.0,2465064071.5,71595.5,2464998716.0,2465071060.0,72344.0
P10-T9-OA,244,30,2445117864.5,2445167071.5,49207.0,2445157496.5,2445229729.0,72232.5,2475071405.0,2475145374.0,73969.0,2475077163.5,2475152181.0,75017.5
P10-T9-OA,245,30,2455182502.5,2455212911.5,30409.0,2455234395.0,2455263727.5,29332.5,2485138623.0,2485185790.5,47167.5,2485143795.5,2485193227.5,49432.0
P10-T9-OA,246,30,2465186441.0,2465240300.5,53859.5,2465246062.0,2465305264.0,59202.0,2495188485.5,2495267912.0,79426.5,2495197702.5,2495273913.0,76210.5
P10-T9-OA,247,30,2475266887.0,2475303722.0,36835.0,2475318459.0,2475342835.0,24376.0,2505235267.0,2505324886.0,89619.0,2505242802.5,2505329674.5,86872.0
P10-T9-OA,248,30,2485336355.5,2485335514.5,-841.0,2485378896.0,2485388806.5,9910.5,2515380779.0,2515400179.0,19400.0,2515386691.0,2515407723.0,21032.0
P10-T9-OA,249,30,2495390001.5,2495462673.0,72671.5,2495442915.0,2495502993.5,60078.5,2525415791.0,2525463269.0,47478.0,2525421870.5,2525472175.0,50304.5
P10-T9-OA,250,30,2505441511.0,2505515761.0,74250.0,2505486125.0,2505569760.0,83635.0,2535446449.0,2535499549.0,53100.0,2535454571.5,2535506306.5,51735.0
P10-T9-OA,251,30,2515494262.0,2515561913.5,67651.5,2515548301.5,2515604047.5,55746.0,2545518513.0,2545531857.0,13344.0,2545524572.0,2545540749.0,16177.0
P10-T9-OA,252,30,2525608259.0,2525663860.5,55601.5,2525655441.5,2525722640.5,67199.0,2555603944.5,2555628111.0,24166.5,2555613863.0,2555633496.0,19633.0
P10-T9-OA,253,30,2535632249.0,2535681211.0,48962.0,2535685325.0,2535723412.0,38087.0,2565657917.5,2565725179.0,67261.5,2565663697.5,2565730254.0,66556.5
P10-T9-OA,254,30,2545715660.5,2545769646.0,53985.5,2545772805.0,2545815226.5,42421.5,2575702305.0,2575752170.5,49865.5,2575708858.0,2575757721.5,48863.5
P10-T9-OA,255,30,2555775588.5,2555809419.5,33831.0,2555815224.0,2555864209.0,48985.0,2585757251.0,2585818671.5,61420.5,2585767194.5,2585825079.5,57885.0
P10-T9-OA,256,30,2565850854.0,2565912647.5,61793.5,2565899964.5,2565961245.5,61281.0,2595851117.0,2595867429.0,16312.0,2595860035.5,2595873906.0,13870.5
P10-T9-OA,257,30,2575981945.5,2575877087.5,-104858.0,2576028391.0,2575930586.0,-97805.0,2605939758.5,2605931565.5,-8193.0,2605947320.0,2605936475.0,-10845.0
P10-T9-OA,258,30,2585956657.5,2585984225.5,27568.0,2586011485.5,2586019171.0,7685.5,2615992363.5,2615993641.5,1278.0,2616001270.5,2615999170.0,-2100.5
P10-T9-OA,259,30,2596014411.5,2596020669.5,6258.0,2596063483.5,2596078808.0,15324.5,2626067806.5,2626056157.0,-11649.5,2626076577.0,2626063730.5,-12846.5
P10-T9-OA,260,30,2606165570.5,2606084342.0,-81228.5,2606208304.5,2606156744.5,-51560.0,2636154588.0,2636114998.5,-39589.5,2636160431.5,2636120557.0,-39874.5
P10-T9-OA,261,30,2616175154.5,2616218720.5,43566.0,2616227411.0,2616255154.0,27743.0,2646184097.0,2646187854.0,3757.0,2646192244.5,2646193858.5,1614.0
P10-T9-OA,262,30,2626261916.0,2626285018.5,23102.5,2626315259.0,2626346352.5,31093.5,2656213022.5,2656230451.5,17429.0,2656217941.0,2656237749.0,19808.0
P10-T9-OA,263,30,2636367081.5,2636321912.5,-45169.0,2636396269.5,2636400835.0,4565.5,2666284707.0,2666331363.5,46656.5,2666294683.0,2666337535.5,42852.5
P10-T9-OA,264,30,2646338893.0,2646437599.5,98706.5,2646377481.5,2646482023.5,104542.0,2676394589.5,2676419607.5,25018.0,2676400848.0,2676427541.5,26693.5
P10-T9-OA,265,30,2656381323.0,2656409475.5,28152.5,2656415885.0,2656457084.0,41199.0,2686437909.5,2686420480.0,-17429.5,2686443057.0,2686428414.0,-14643.0
P10-T9-OA,266,30,2666424736.5,2666486925.0,62188.5,2666468936.5,2666538248.0,69311.5,2696449970.5,2696496692.0,46721.5,2696460979.0,2696502802.0,41823.0
P10-T9-OA,267,30,2676494448.0,2676584778.0,90330.0,2676527872.5,2676650441.0,122568.5,2706544891.0,2706527230.5,-17660.5,2706553810.0,2706534247.5,-19562.5
P10-T9-OA,268,30,2686645544.0,2686612443.5,-33100.5,2686704110.5,2686675464.5,-28646.0,2716668949.5,2716614338.0,-54611.5,2716675712.5,2716620599.0,-55113.5
P10-T9-OA,269,30,2696696809.5,2696700169.0,3359.5,2696753786.0,2696742832.0,-10954.0,2726662480.0,2726648108.5,-14371.5,2726667883.5,2726654095.5,-13788.0
P10-T9-OA,270,30,2706761353.5,2706740194.5,-21159.0,2706816928.0,2706798670.0,-18258.0,2736746645.5,2736779624.5,32979.0,2736753289.0,2736785964.0,32675.0
P10-T9-OA,271,30,2716799947.5,2716845100.0,45152.5,2716853959.5,2716888798.5,34839.0,2746792353.0,2746817389.0,25036.0,2746799164.0,2746821524.5,22360.5
P10-T9-OA,272,30,2726853214.0,2726807859.5,-45354.5,2726917928.0,2726848096.5,-69831.5,2756886597.0,2756891396.5,4799.5,2756895283.0,2756896288.0,1005.0
P10-T9-OA,273,30,2736956928.0,2736942734.5,-14193.5,2737001579.5,2736992028.5,-9551.0,2766934340.5,2766918782.5,-15558.0,2766943894.0,2766925677.0,-18217.0
P10-T9-OA,274,30,2746998562.0,2746972961.5,-25600.5,2747034988.0,2747012606.0,-22382.0,2776916242.5,2777007447.5,91205.0,2776921899.0,2777017278.5,95379.5
P10-T9-OA,275,30,2757087426.5,2757030559.0,-56867.5,2757149321.5,2757071006.5,-78315.0,2787045643.5,2787044922.0,-721.5,2787052964.0,2787050067.0,-2897.0
P10-T9-OA,276,30,2767113564.0,2767108406.0,-5158.0,2767182739.0,2767155057.5,-27681.5,2797054155.5,2797114498.5,60343.0,2797058321.5,2797121339.0,63017.5
P10-T9-OA,277,30,2777154990.0,2777126160.0,-28830.0,2777188558.5,2777170123.0,-18435.5,2807129645.0,2807181559.0,51914.0,2807137682.5,2807187994.0,50311.5
P10-T9-OA,278,30,2787212891.5,2787190980.5,-21911.0,2787261075.0,2787226162.0,-34913.0,2817164096.5,2817220830.5,56734.0,2817169856.0,2817228636.5,58780.5
P10-T9-OA,279,30,2797273753.0,2797281222.5,7469.5,2797327394.5,2797334192.5,6798.0,2827255800.5,2827310624.0,54823.5,2827261639.0,2827316971.5,55332.5
P10-T9-OA,280,30,2807300812.0,2807307659.0,6847.0,2807340017.0,2807346032.5,6015.5,2837297498.0,2837378724.5,81226.5,2837304894.0,2837389340.0,84446.0
P10-T9-OA,281,30,2817408548.0,2817396432.0,-12116.0,2817460682.5,2817449654.0,-11028.5,2847418745.0,2847450043.0,31298.0,2847424677.0,2847458606.5,33929.5
P10-T9-OA,282,30,2827472771.0,2827424934.5,-47836.5,2827518838.5,2827511055.5,-7783.0,2857435293.5,2857550365.5,115072.0,2857441443.5,2857558532.5,117089.0
P10-T9-OA,283,30,2837546750.5,2837563441.0,16690.5,2837601463.5,2837612884.0,11420.5,2867619977.5,2867555840.0,-64137.5,2867628347.0,2867560845.0,-67502.0
P10-T9-OA,284,30,2847567291.0,2847579027.5,11736.5,2847624003.0,2847641674.0,17671.0,2877634493.5,2877615412.0,-19081.5,2877642309.5,2877621009.0,-21300.5
P10-T9-OA,285,30,2857704394.5,2857669676.0,-34718.5,2857742894.0,2857711977.0,-30917.0,2887673785.5,2887696656.5,22871.0,2887681003.0,2887703320.0,22317.0
P10-T9-OA,286,30,2867703687.0,2867683128.0,-20559.0,2867749360.0,2867726353.5,-23006.5,2897739646.5,2897768634.0,28987.5,2897745723.5,2897774656.5,28933.0
P10-T9-OA,287,30,2877777099.5,2877784538.0,7438.5,2877822823.5,2877827616.5,4793.0,2907785605.0,2907795053.5,9448.5,2907790734.5,2907801920.0,11185.5
P10-T9-OA,288,30,2887862473.5,2887855261.5,-7212.0,2887919856.0,2887915165.0,-4691.0,2917807477.0,2917877910.0,70433.0,2917812727.0,2917884037.5,71310.5
P10-T9-OA,289,30,2897827642.5,2897850339.5,22697.0,2897892620.0,2897928466.5,35846.5,2927893252.5,2927935834.0,42581.5,2927899793.0,2927942265.5,42472.5
P10-T9-OA,290,30,2907943154.5,2907935051.5,-8103.0,2908003686.5,2907988839.0,-14847.5,2937931659.0,2937980804.5,49145.5,2937937879.5,2937989901.5,52022.0
P10-T9-OA,291,30,2918009042.0,2917964842.0,-44200.0,2918042092.5,2918008665.0,-33427.5,2948020254.0,2948058520.5,38266.5,2948026469.0,2948065432.0,38963.0
P10-T9-OA,292,30,2928071569.5,2928050780.0,-20789.5,2928116306.0,2928096033.5,-20272.5,2958148684.5,2958158096.5,9412.0,2958155262.5,2958164630.5,9368.0
P10-T9-OA,293,30,2938188969.5,2938139393.0,-49576.5,2938217105.5,2938215083.0,-2022.5,2968196874.0,2968177939.0,-18935.0,2968202615.5,2968186452.0,-16163.5
P10-T9-OA,294,30,2948199412.0,2948184525.5,-14886.5,2948252391.5,2948222045.5,-30346.0,2978233725.0,2978214761.0,-18964.0,2978241559.0,2978221550.5,-20008.5
P10-T9-OA,295,30,2958253696.5,2958266581.0,12884.5,2958299730.0,2958325393.5,25663.5,2988309865.0,2988311749.5,1884.5,2988316553.0,2988321471.0,4918.0
P10-T9-OA,296,30,2968320695.0,2968319066.5,-1628.5,2968371515.0,2968358436.0,-13079.0,2998374733.0,2998355250.5,-19482.5,2998380576.5,2998360970.0,-19606.5
P10-T9-OA,297,30,2978368031.5,2978371741.5,3710.0,2978427831.5,2978425034.5,-2797.0,3008527020.5,3008428562.0,-98458.5,3008538714.0,3008436336.0,-102378.0
P10-T9-OA,298,30,2988439386.5,2988391425.5,-47961.0,2988498225.0,2988433250.0,-64975.0,3018533286.5,3018434412.5,-98874.0,3018542528.5,3018439128.5,-103400.0
P10-T9-OA,299,30,2998517343.0,2998467001.0,-50342.0,2998559110.0,2998523868.0,-35242.0,3028557192.5,3028559737.5,2545.0,3028563187.0,3028568952.0,5765.0
P10-T9-OA,300,30,3008667955.5,3008547459.0,-120496.5,3008709956.0,3008595637.0,-114319.0,3038627771.0,3038615489.0,-12282.0,3038634399.5,3038621556.0,-12843.5
P10-T9-OA,301,30,3018632731.5,3018596240.5,-36491.0,3018676498.5,3018627537.0,-48961.5,3048676593.0,3048667356.5,-9236.5,3048682008.0,3048674904.5,-7103.5
P10-T9-OA,302,30,3028659613.0,3028644962.5,-14650.5,3028704647.0,3028730450.0,25803.0,3058750481.5,3058719965.5,-30516.0,3058756100.0,3058725458.0,-30642.0
P10-T9-OA,303,30,3038727671.0,3038792173.5,64502.5,3038766845.5,3038843557.0,76711.5,3068823062.5,3068804939.5,-18123.0,3068832424.5,3068810818.5,-21606.0
P10-T9-OA,304,30,3048786557.5,3048786319.5,-238.0,3048821946.5,3048837761.0,15814.5,3078900271.5,3078880716.0,-19555.5,3078907133.5,3078885028.5,-22105.0
P10-T9-OA,305,30,3058840587.0,3058905671.0,65084.0,3058885860.0,3058949264.5,63404.5,3088931689.5,3089001458.0,69768.5,3088937506.5,3089006996.5,69490.0
P10-T9-OA,306,30,3068938421.0,3068897706.5,-40714.5,3068995481.0,3068941194.0,-54287.0,3099075027.0,3099018682.0,-56345.0,3099081953.5,3099026645.5,-55308.0
P10-T9-OA,307,30,3078961514.0,3078988404.5,26890.5,3078995902.0,3079023277.0,27375.0,3109083094.0,3109080069.0,-3025.0,3109089262.5,3109088896.0,-366.5
P10-T9-OA,308,30,3089016339.5,3089083426.0,67086.5,3089089953.0,3089136278.0,46325.0,3119172628.5,3119162986.0,-9642.5,3119177783.0,3119172076.0,-5707.0
P10-T9-OA,309,30,3099130499.5,3099174245.5,43746.0,3099191786.5,3099235149.5,43363.0,3129232744.5,3129263746.0,31001.5,3129236998.0,3129268585.5,31587.5
P10-T9-OA,310,30,3109176732.0,3109250847.0,74115.0,3109241453.5,3109295290.0,53836.5,3139301706.0,3139291751.5,-9954.5,3139308372.0,3139297045.5,-11326.5
P10-T9-OA,311,30,3119222828.0,3119281239.0,58411.0,3119259759.0,3119321588.5,61829.5,3149346184.5,3149378169.5,31985.0,3149358037.0,3149382231.0,24194.0
P10-T9-OA,312,30,3129348442.0,3129345591.5,-2850.5,3129393705.5,3129380497.5,-13208.0,3159397527.0,3159397626.5,99.5,3159411342.5,3159402936.5,-8406.0
P10-T9-OA,313,30,3139352817.5,3139390758.5,37941.0,3139419477.0,3139430753.0,11276.0,3169450338.5,3169475528.5,25190.0,3169457260.5,3169483996.5,26736.0
P10-T9-OA,314,30,3149413539.0,3149401516.0,-12023.0,3149479289.0,3149440905.0,-38384.0,3179490852.5,3179558383.0,67530.5,3179495486.5,3179564513.0,69026.5
P10-T9-OA,315,30,3159516952.5,3159474364.0,-42588.5,3159588251.0,3159514343.5,-73907.5,3189579151.0,3189569264.0,-9887.0,3189584709.0,3189576428.0,-8281.0
P10-T9-OA,316,30,3169544376.5,3169530049.0,-14327.5,3169579690.5,3169575078.5,-4612.0,3199586655.5,3199640281.5,53626.0,3199591552.5,3199645462.0,53909.5
P10-T9-OA,317,30,3179587765.5,3179623938.5,36173.0,3179639453.5,3179672421.5,32968.0,3209691677.5,3209690778.5,-899.0,3209698784.5,3209695437.5,-3347.0
P10-T9-OA,318,30,3189673450.0,3189725281.5,51831.5,3189719171.5,3189790014.0,70842.5,3219719060.5,3219745668.5,26608.0,3219724655.5,3219751780.5,27125.0
P10-T9-OA,319,30,3199743513.0,3199668714.5,-74798.5,3199784491.0,3199721061.5,-63429.5,3229790958.5,3229834347.0,43388.5,3229797986.0,3229841889.5,43903.5
P10-T9-OA,320,30,3209754440.5,3209758612.5,4172.0,3209827808.0,3209817868.5,-9939.5,3239824845.0,3239908359.0,83514.0,3239832365.5,3239915140.5,82775.0
P10-T9-OA,321,30,3219815067.0,3219888126.0,73059.0,3219846018.5,3219942369.5,96351.0,3249912829.0,3249948437.0,35608.0,3249917049.0,3249953263.5,36214.5
P10-T9-OA,322,30,3229940881.0,3229934105.0,-6776.0,3229981753.0,3229971295.5,-10457.5,3259988636.0,3259986513.0,-2123.0,3259995917.5,3259991470.0,-4447.5
P10-T9-OA,323,30,3239993454.5,3239939861.5,-53593.0,3240062351.0,3240004239.0,-58112.0,3270021298.5,3270074771.0,53472.5,3270026496.5,3270081853.0,55356.5
P10-T9-OA,324,30,3250059430.5,3250052152.0,-7278.5,3250098228.5,3250097234.5,-994.0,3280102036.5,3280097752.5,-4284.0,3280109026.0,3280103230.0,-5796.0
P10-T9-OA,325,30,3260065831.0,3260203562.5,137731.5,3260113839.0,3260247794.5,133955.5,3290173166.5,3290199898.5,26732.0,3290178030.5,3290206900.5,28870.0
P10-T9-OA,326,30,3270094134.0,3270185578.5,91444.5,3270142171.0,3270231681.0,89510.0,3300224518.5,3300309091.5,84573.0,3300231087.5,3300315980.5,84893.0
P10-T9-OA,327,30,3280196444.5,3280187179.0,-9265.5,3280240815.0,3280224284.5,-16530.5,3310262977.5,3310384212.5,121235.0,3310267959.5,3310390678.5,122719.0
P10-T9-OA,328,30,3290286864.5,3290281262.5,-5602.0,3290342747.5,3290357142.0,14394.5,3320349967.5,3320408668.0,58700.5,3320356165.5,3320416614.0,60448.5
P10-T9-OA,329,30,3300355409.0,3300411052.0,55643.0,3300410895.5,3300476924.0,66028.5,3330433286.5,3330507535.5,74249.0,3330439463.0,3330512734.0,73271.0
P10-T9-OA,330,30,3310438795.0,3310410805.0,-27990.0,3310474532.0,3310483061.0,8529.0,3340519992.0,3340577072.5,57080.5,3340527458.5,3340585688.0,58229.5
P10-T9-OA,331,30,3320404945.0,3320510010.5,105065.5,3320459708.0,3320562230.0,102522.0,3350535200.0,3350662555.5,127355.5,3350541930.5,3350669758.0,127827.5
P10-T9-OA,332,30,3330460164.0,3330600574.0,140410.0,3330534465.5,3330665759.5,131294.0,3360553528.5,3360748859.0,195330.5,3360561573.0,3360757640.0,196067.0
P10-T9-OA,333,30,3340556964.0,3340672306.5,115342.5,3340629836.0,3340711053.5,81217.5,3370691065.0,3370788862.5,97797.5,3370697284.0,3370796083.0,98799.0
P10-T9-OA,334,30,3350640501.5,3350683031.0,42529.5,3350673803.0,3350729187.5,55384.5,3380719515.5,3380794771.0,75255.5,3380725936.0,3380801237.0,75301.0
P10-T9-OA,335,30,3360689325.5,3360688726.5,-599.0,3360750866.5,3360732420.0,-18446.5,3390736237.0,3390891075.5,154838.5,3390742403.5,3390898971.0,156567.5
P10-T9-OA,336,30,3370770484.5,3370955982.0,185497.5,3370811208.0,3371003676.0,192468.0,3400848558.5,3400976482.0,127923.5,3400856474.5,3400980591.0,124116.5
P10-T9-OA,337,30,3380783509.5,3380935348.0,151838.5,3380831970.5,3380995108.0,163137.5,3410876539.5,3411009502.0,132962.5,3410880967.0,3411014954.5,133987.5
P10-T9-OA,338,30,3390839569.5,3390856203.0,16633.5,3390912379.0,3390904503.5,-7875.5,3420922143.5,3421041038.0,118894.5,3420928631.5,3421046390.0,117758.5
P10-T9-OA,339,30,3400907063.0,3401018706.0,111643.0,3400962442.0,3401080702.5,118260.5,3430978789.0,3431112703.0,133914.0,3430983850.5,3431117978.0,134127.5
P10-T9-OA,340,30,3411025141.5,3411026887.5,1746.0,3411069756.0,3411058938.5,-10817.5,3441055597.0,3441162650.0,107053.0,3441061854.5,3441167974.5,106120.0
P10-T9-OA,341,30,3421078251.5,3421077149.0,-1102.5,3421129967.0,3421112720.5,-17246.5,3451217059.0,3451260329.0,43270.0,3451225815.5,3451267514.0,41698.5
P10-T9-OA,342,30,3431099192.0,3431201795.5,102603.5,3431140074.0,3431242449.0,102375.0,3461220923.5,3461299313.0,78389.5,3461230509.0,3461305160.5,74651.5
P10-T9-OA,343,30,3441163649.5,3441351571.0,187921.5,3441213250.5,3441382634.5,169384.0,3471239357.5,3471351539.5,112182.0,3471243908.5,3471360226.0,116317.5
P10-T9-OA,344,30,3451258078.5,3451300208.5,42130.0,3451312337.5,3451330418.0,18080.5,3481350022.0,3481435623.5,85601.5,3481359194.0,3481445509.5,86315.5
P10-T9-OA,345,30,3461304570.0,3461479931.5,175361.5,3461340755.0,3461545183.0,204428.0,3491394145.0,3491537570.5,143425.5,3491399773.5,3491541699.5,141926.0
P10-T9-OA,346,30,3471355207.0,3471515416.5,160209.5,3471396755.0,3471550931.0,154176.0,3501409246.0,3501584921.5,175675.5,3501413423.5,3501591472.5,178049.0
P10-T9-OA,347,30,3481538890.0,3481507930.5,-30959.5,3481578432.5,3481565504.5,-12928.0,3511536240.5,3511670591.0,134350.5,3511542508.5,3511678460.0,135951.5
P10-T9-OA,348,30,3491569954.5,3491635675.5,65721.0,3491600189.5,3491686837.0,86647.5,3521548044.0,3521721935.0,173891.0,3521553603.0,3521727828.0,174225.0
P10-T9-OA,349,30,3501571925.0,3501696661.0,124736.0,3501630354.0,3501739225.0,108871.0,3531647458.5,3531821400.0,173941.5,3531653049.5,3531826565.0,173515.5
P10-T9-OA,350,30,3511587024.0,3511704120.0,117096.0,3511620029.0,3511771022.5,150993.5,3541713394.0,3541829789.5,116395.5,3541720759.5,3541836240.5,115481.0
P10-T9-OA,351,30,3521684565.5,3521815943.0,131377.5,3521719482.5,3521865331.5,145849.0,3551743844.0,3551841861.5,98017.5,3551749686.0,3551846919.0,97233.0
P10-T9-OA,352,30,3531765252.0,3531835482.0,70230.0,3531816850.0,3531870390.5,53540.5,3561998500.0,3561976566.0,-21934.0,3562010122.5,3561981661.0,-28461.5
P10-T9-OA,353,30,3541873030.0,3542056491.5,183461.5,3541911667.0,3542099638.5,187971.5,3571873861.5,3572019167.0,145305.5,3571882223.0,3572025625.0,143402.0
P10-T9-OA,354,30,3551901285.0,3551992948.0,91663.0,3551934203.5,3552079621.0,145417.5,3581998556.5,3582072387.5,73831.0,3582005758.5,3582080581.0,74822.5
P10-T9-OA,355,30,3561975840.5,3562108536.5,132696.0,3562043787.5,3562148853.0,105065.5,3592011000.5,3592149472.0,138471.5,3592016969.5,3592155634.0,138664.5
P10-T9-OA,356,30,3571990235.0,3572150884.5,160649.5,3572050498.5,3572184487.0,133988.5,3602042896.0,3602205060.0,162164.0,3602046559.0,3602210559.5,164000.5
P10-T9-OA,357,30,3582103906.5,3582202798.0,98891.5,3582147716.0,3582255415.0,107699.0,3612136096.0,3612281370.0,145274.0,3612142564.0,3612290845.5,148281.5
P10-T9-OA,358,30,3592119189.0,3592224202.0,105013.0,3592181688.0,3592262554.0,80866.0,3622221387.5,3622356664.0,135276.5,3622229942.5,3622365157.0,135214.5
P10-T9-OA,359,30,3602227539.0,3602292008.5,64469.5,3602263090.0,3602336220.5,73130.5,3632241283.0,3632390788.5,149505.5,3632249220.0,3632401132.0,151912.0
P10-T9-OA,360,30,3612231597.0,3612338872.5,107275.5,3612266369.0,3612380639.5,114270.5,3642282578.5,3642432897.5,150319.0,3642289690.5,3642441562.5,151872.0
P10-T9-OA,361,30,3622329516.0,3622386781.5,57265.5,3622399053.0,3622426862.5,27809.5,3652368640.5,3652477662.0,109021.5,3652374358.5,3652484944.0,110585.5
P10-T9-OA,362,30,3632341882.5,3632474453.0,132570.5,3632377266.0,3632517857.0,140591.0,3662449442.0,3662559230.0,109788.0,3662456319.0,3662564849.0,108530.0
P10-T9-OA,363,30,3642391159.5,3642424459.5,33300.0,3642425503.0,3642479660.5,54157.5,3672530259.5,3672622626.5,92367.0,3672537772.5,3672630525.0,92752.5
P10-T9-OA,364,30,3652474149.5,3652557310.0,83160.5,3652520530.5,3652594428.5,73898.0,3682564946.0,3682683189.5,118243.5,3682572168.5,3682690166.0,117997.5
P10-T9-OA,365,30,3662553680.5,3662612650.5,58970.0,3662607339.5,3662671036.5,63697.0,3692631462.0,3692742678.0,111216.0,3692636600.0,3692749649.0,113049.0
P10-T9-OA,366,30,3672555961.0,3672657284.0,101323.0,3672605524.5,3672700630.5,95106.0,3702646125.0,3702801823.5,155698.5,3702652560.5,3702808975.0,156414.5
P10-T9-OA,367,30,3682624489.0,3682797034.5,172545.5,3682659153.5,3682838580.5,179427.0,3712744850.0,3712873929.5,129079.5,3712751270.0,3712879672.5,128402.5
P10-T9-OA,368,30,3692653818.0,3692795919.5,142101.5,3692688578.5,3692836797.0,148218.5,3722791912.0,3723028049.5,236137.5,3722799132.0,3723034725.5,235593.5
P10-T9-OA,369,30,3702748965.0,3702931560.5,182595.5,3702800589.5,3702971505.0,170915.5,3732917243.0,3733043127.5,125884.5,3732923191.5,3733051402.5,128211.0
P10-T9-OA,370,30,3712831419.5,3712916960.0,85540.5,3712875945.5,3712955272.0,79326.5,3742922253.5,3743087792.0,165538.5,3742931238.5,3743093804.5,162566.0
P10-T9-OA,371,30,3722918690.5,3722978758.5,60068.0,3722950488.0,3723025405.0,74917.0,3753000899.0,3753097917.5,97018.5,3753008542.5,3753103678.5,95136.0
P10-T9-OA,372,30,3732995065.0,3733059935.0,64870.0,3733074011.0,3733119705.0,45694.0,3763038578.0,3763203038.5,164460.5,3763044163.0,3763208338.0,164175.0
P10-T9-OA,373,30,3743016927.0,3743091354.5,74427.5,3743067339.5,3743143616.5,76277.0,3773174058.5,3773272663.0,98604.5,3773184905.0,3773281630.0,96725.0
P10-T9-OA,374,30,3753048106.5,3753169515.0,121408.5,3753105304.5,3753224107.5,118803.0,3783187540.5,3783401715.0,214174.5,3783194297.0,3783409388.5,215091.5
P10-T9-OA,375,30,3763105046.0,3763248477.5,143431.5,3763146212.0,3763303794.5,157582.5,3793281851.5,3793422812.0,140960.5,3793287000.5,3793431003.5,144003.0
P10-T9-OA,376,30,3773181631.5,3773251583.0,69951.5,3773234723.5,3773323766.0,89042.5,3803325265.5,3803543695.0,218429.5,3803333272.0,3803554921.5,221649.5
P10-T9-OA,377,30,3783271626.0,3783324657.0,53031.0,3783322427.0,3783376285.5,53858.5,3813348627.0,3813537384.5,188757.5,3813356104.5,3813542486.5,186382.0
P10-T9-OA,378,30,3793313554.5,3793421167.0,107612.5,3793362333.0,3793460122.0,97789.0,3823436905.0,3823580815.5,143910.5,3823445068.5,3823585671.5,140603.0
P10-T9-OA,379,30,3803401334.0,3803501697.5,100363.5,3803446943.5,3803560361.0,113417.5,3833490916.5,3833731406.0,240489.5,3833498205.0,3833742343.5,244138.5
P10-T9-OA,380,30,3813425591.0,3813556472.0,130881.0,3813463874.0,3813601336.5,137462.5,3843566838.0,3843723977.0,157139.0,3843572155.5,3843731221.5,159066.0
P10-T9-OA,381,30,3823481843.0,3823619271.0,137428.0,3823532343.5,3823669664.5,137321.0,3853580637.5,3853808023.5,227386.0,3853587940.0,3853815343.0,227403.0
P10-T9-OA,382,30,3833583915.5,3833693968.0,110052.5,3833620217.0,3833737387.0,117170.0,3863660325.0,3863897380.0,237055.0,3863666419.0,3863901655.5,235236.5
P10-T9-OA,383,30,3843580005.5,3843734404.5,154399.0,3843633069.5,3843790295.0,157225.5,3873739378.0,3873970849.5,231471.5,3873745535.0,3873976032.5,230497.5
P10-T9-OA,384,30,3853698459.5,3853762308.0,63848.5,3853737196.0,3853813437.5,76241.5,3883804386.5,3884012095.5,207709.0,3883810448.0,3884018838.5,208390.5
P10-T9-OA,385,30,3863744614.5,3863819362.0,74747.5,3863791842.0,3863881852.0,90010.0,3893915686.5,3894179556.5,263870.0,3893921057.0,3894186131.5,265074.5
P10-T9-OA,386,30,3873783578.5,3873885404.0,101825.5,3873820823.5,3873933031.5,112208.0,3903924673.0,3904118637.0,193964.0,3903931836.0,3904125012.5,193176.5
P10-T9-OA,387,30,3883821000.5,3884071483.0,250482.5,3883881009.5,3884125890.5,244881.0,3914007047.0,3914216932.5,209885.5,3914012141.5,3914223020.0,210878.5
P10-T9-OA,388,30,3893950154.0,3894003538.5,53384.5,3894021297.0,3894066101.0,44804.0,3924065436.5,3924282097.0,216660.5,3924074012.0,3924288351.5,214339.5
P10-T9-OA,389,30,3904053824.0,3904127502.5,73678.5,3904100415.5,3904188609.5,88194.0,3934092942.5,3934332459.0,239516.5,3934098393.0,3934338931.0,240538.0
P10-T9-OA,390,30,3914073416.5,3914168064.5,94648.0,3914146732.0,3914215989.5,69257.5,3944188468.0,3944391718.0,203250.0,3944196988.5,3944397594.0,200605.5
P10-T9-OA,391,30,3924120836.0,3924253013.0,132177.0,3924173894.0,3924291059.0,117165.0,3954252357.5,3954494709.0,242351.5,3954259465.0,3954501813.0,242348.0
P10-T9-OA,392,30,3934198304.5,3934329978.5,131674.0,3934251156.0,3934365042.0,113886.0,3964306873.5,3964513494.0,206620.5,3964314244.0,3964518135.0,203891.0
P10-T9-OA,393,30,3944308675.0,3944421284.0,112609.0,3944351089.0,3944473563.5,122474.5,3974354633.0,3974565673.5,211040.5,3974359481.5,3974573022.5,213541.0
P10-T9-OA,394,30,3954340319.5,3954424792.5,84473.0,3954399757.5,3954522036.5,122279.0,3984420139.5,3984664332.5,244193.0,3984427882.5,3984670223.5,242341.0
P10-T9-OA,395,30,3964397962.5,3964526952.5,128990.0,3964447441.5,3964575092.5,127651.0,3994456409.5,3994655268.0,198858.5,3994463927.5,3994660749.0,196821.5
P10-T9-OA,396,30,3974489118.5,3974518576.0,29457.5,3974532908.0,3974587724.0,54816.0,4004569798.0,4004751889.5,182091.5,4004576011.0,4004757254.5,181243.5
P10-T9-OA,397,30,3984507403.0,3984644125.5,136722.5,3984559922.0,3984694343.5,134421.5,4014607756.5,4014792781.0,185024.5,4014612973.5,4014799208.5,186235.0
P10-T9-OA,398,30,3994538779.0,3994701725.5,162946.5,3994577053.5,3994748510.0,171456.5,4024736029.0,4024882678.5,146649.5,4024740629.5,4024890724.5,150095.0
P10-T9-OA,399,30,4004574865.5,4004715082.5,140217.0,4004626899.0,4004772609.5,145710.5,4034793806.0,4034934637.0,140831.0,4034808140.0,4034941546.5,133406.5
P10-T9-OA,400,30,4014673226.0,4014834196.0,160970.0,4014727169.5,4014869825.5,142656.0,4044846106.0,4044998168.0,152062.0,4044851664.0,4045005167.5,153503.5
P10-T9-OA,401,30,4024822748.5,4024867561.0,44812.5,4024869714.5,4024919360.5,49646.0,4054908416.5,4055030550.0,122133.5,4054924851.0,4055034777.0,109926.0
P10-T9-OA,402,30,4034812736.5,4034922730.5,109994.0,4034850922.0,4034967738.0,116816.0,4064977595.5,4065187289.0,209693.5,4064986502.0,4065193770.0,207268.0
P10-T9-OA,403,30,4044897547.5,4044974113.0,76565.5,4044936626.0,4045093378.0,156752.0,4075006314.0,4075215848.5,209534.5,4075011937.0,4075221021.0,209084.0
P10-T9-OA,404,30,4054984271.0,4055086909.0,102638.0,4055021912.0,4055132397.5,110485.5,4085102313.5,4085253013.5,150700.0,4085109094.5,4085261778.0,152683.5
P10-T9-OA,405,30,4065015463.5,4065098061.5,82598.0,4065101112.5,4065136248.5,35136.0,4095160458.0,4095304966.0,144508.0,4095167047.0,4095310871.0,143824.0
P10-T9-OA,406,30,4075087814.5,4075062065.0,-25749.5,4075136931.0,4075108463.5,-28467.5,4105224432.0,4105404263.0,179831.0,4105229794.5,4105411693.0,181898.5
P10-T9-OA,407,30,4085130808.0,4085160661.0,29853.0,4085164644.0,4085199024.5,34380.5,4115233638.0,4115398609.0,164971.0,4115239663.0,4115405686.0,166023.0
P10-T9-OA,408,30,4095146882.5,4095219359.0,72476.5,4095181508.0,4095275001.5,93493.5,4125304457.0,4125464042.0,159585.0,4125311140.0,4125472211.5,161071.5
P10-T9-OA,409,30,4105241097.5,4105357457.5,116360.0,4105280082.5,4105419421.5,139339.0,4135382151.5,4135602437.5,220286.0,4135388419.0,4135611275.5,222856.5
P10-T9-OA,410,30,4115329923.0,4115379424.5,49501.5,4115386349.5,4115431152.5,44803.0,4145418789.0,4145601147.0,182358.0,4145424774.0,4145607377.5,182603.5
P10-T9-OA,411,30,4125369382.0,4125498103.5,128721.5,4125405785.5,4125533330.5,127545.0,4155496174.0,4155677096.5,180922.5,4155503413.5,4155686494.5,183081.0
P10-T9-OA,412,30,4135438213.5,4135553540.0,115326.5,4135513474.0,4135593442.5,79968.5,4165529332.5,4165788367.5,259035.0,4165535041.5,4165794034.0,258992.5
P10-T9-OA,413,30,4145484257.0,4145590080.5,105823.5,4145540922.0,4145632319.0,91397.0,4175609863.0,4175834938.5,225075.5,4175616972.5,4175844850.5,227878.0
P10-T9-OA,414,30,4155567973.5,4155659129.5,91156.0,4155608710.5,4155710498.0,101787.5,4185650600.5,4185848497.0,197896.5,4185655086.5,4185855837.5,200751.0
P10-T9-OA,415,30,4165593169.0,4165688369.5,95200.5,4165634542.5,4165747056.5,112514.0,4195727139.5,4195950616.5,223477.0,4195732817.0,4195956397.5,223580.5
P10-T9-OA,416,30,4175618098.0,4175785146.5,167048.5,4175649787.0,4175842818.0,193031.0,4205753656.0,4206042059.5,288403.5,4205759630.0,4206048542.5,288912.5
P10-T9-OA,417,30,4185670644.0,4185909039.5,238395.5,4185702740.0,4185952176.0,249436.0,4215855982.0,4216062340.0,206358.0,4215863680.5,4216068199.0,204518.5
P10-T9-OA,418,30,4195754534.0,4195932105.5,177571.5,4195802161.5,4195974191.0,172029.5,4225949295.5,4226105639.5,156344.0,4225955290.5,4226114171.5,158881.0
P10-T9-OA,419,30,4205832395.0,4206007696.5,175301.5,4205887181.5,4206052760.5,165579.0,4236028731.5,4236207550.5,178819.0,4236036489.0,4236213660.5,177171.5
P10-T9-OA,420,30,4215903054.5,4215977995.0,74940.5,4215939080.5,4216077432.5,138352.0,4246054446.5,4246305554.0,251107.5,4246062841.0,4246314177.5,251336.5
P10-T9-OA,421,30,4225948350.5,4226014524.5,66174.0,4225994962.5,4226077750.5,82788.0,4256112114.0,4256326799.5,214685.5,4256122036.0,4256335190.0,213154.0
P10-T9-OA,422,30,4236029529.5,4236162635.5,133106.0,4236082001.5,4236208400.5,126399.0,4266134120.0,4266390163.5,256043.5,4266142148.5,4266397446.0,255297.5
P10-T9-OA,423,30,4246171823.0,4246194491.0,22668.0,4246213337.0,4246241451.0,28114.0,4276276827.5,4276400019.5,123192.0,4276287855.0,4276405091.5,117236.5
P10-T9-OA,424,30,4256236892.0,4256244024.0,7132.0,4256289886.0,4256285507.0,-4379.0,4286318658.5,4286604802.0,286143.5,4286324337.5,4286612578.0,288240.5
P10-T9-OA,425,30,4266295985.5,4266282836.5,-13149.0,4266343875.0,4266329871.5,-14003.5,4296361921.0,4296516690.0,154769.0,4296369742.0,4296523745.0,154003.0
P10-T9-OA,426,30,4276303565.0,4276334656.0,31091.0,4276343963.5,4276374867.5,30904.0,4306432727.5,4306665950.5,233223.0,4306438180.5,4306681613.0,243432.5
P10-T9-OA,427,30,4286291074.5,4286365746.5,74672.0,4286336637.5,4286424179.0,87541.5,4316429228.5,4316711905.0,282676.5,4316435327.0,4316718828.0,283501.0
P10-T9-OA,428,30,4296363973.5,4296449227.0,85253.5,4296400503.5,4296498890.0,98386.5,4326558940.0,4326766728.5,207788.5,4326565655.5,4326771645.0,205989.5
P10-T9-OA,429,30,4306482180.5,4306551682.5,69502.0,4306541571.0,4306608568.5,66997.5,4336600512.5,4336886107.5,285595.0,4336606142.5,4336892461.0,286318.5
P10-T9-OA,430,30,4316506479.0,4316587112.0,80633.0,4316546071.5,4316635708.0,89636.5,4346672242.0,4346980590.5,308348.5,4346678995.0,4346985945.5,306950.5
P10-T9-OA,431,30,4326593864.5,4326648963.5,55099.0,4326626825.5,4326714275.0,87449.5,4356754601.5,4356944361.5,189760.0,4356764402.5,4356949717.0,185314.5
P10-T9-OA,432,30,4336637113.5,4336712171.5,75058.0,4336680367.5,4336769855.5,89488.0,4366771546.0,4366948372.5,176826.5,4366776700.0,4366955816.0,179116.0
P10-T9-OA,433,30,4346666833.5,4346822048.5,155215.0,4346716482.0,4346866337.5,149855.5,4376832108.5,4377119852.0,287743.5,4376838161.5,4377126851.5,288690.0
P10-T9-OA,434,30,4356716924.0,4356837331.0,120407.0,4356766464.5,4356886691.5,120227.0,4386897336.5,4387118355.0,221018.5,4386902641.0,4387126016.5,223375.5
P10-T9-OA,435,30,4366804777.0,4366859964.0,55187.0,4366849792.5,4366902174.5,52382.0,4396954228.5,4397259541.5,305313.0,4396959288.5,4397264648.5,305360.0
P10-T9-OA,436,30,4376866253.0,4376962810.5,96557.5,4376906372.0,4377019582.5,113210.5,4407032654.0,4407269182.0,236528.0,4407037861.0,4407275416.0,237555.0
P10-T9-OA,437,30,4386941462.0,4387061042.0,119580.0,4386980491.0,4387108170.0,127679.0,4417105409.0,4417284847.5,179438.5,4417115557.0,4417293297.0,177740.0
P10-T9-OA,438,30,4397028008.0,4397072385.0,44377.0,4397099988.0,4397111860.0,11872.0,4427166502.0,4427366610.5,200108.5,4427173564.0,4427377852.5,204288.5
P10-T9-OA,439,30,4407134559.5,4407142798.0,8238.5,4407169691.5,4407190138.5,20447.0,4437249027.5,4437441645.5,192618.0,4437258949.5,4437448457.0,189507.5
P10-T9-OA,440,30,4417197226.0,4417169112.5,-28113.5,4417232359.5,4417209731.5,-22628.0,4447299233.5,4447494026.0,194792.5,4447305500.0,4447509618.0,204118.0
P10-T9-OA,441,30,4427209631.5,4427323033.5,113402.0,4427268216.0,4427366071.0,97855.0,4457394225.0,4457553579.0,159354.0,4457400757.5,4457559661.0,158903.5
P10-T9-OA,442,30,4437246041.0,4437442708.5,196667.5,4437297058.5,4437496142.0,199083.5,4467425181.5,4467586869.5,161688.0,4467432165.0,4467595264.0,163099.0
P10-T9-OA,443,30,4447335461.5,4447471956.5,136495.0,4447374722.0,4447531253.5,156531.5,4477479347.0,4477646673.0,167326.0,4477487153.5,4477652610.0,165456.5
P10-T9-OA,444,30,4457463155.5,4457487781.5,24626.0,4457493678.5,4457536512.0,42833.5,4487562525.0,4487839555.5,277030.5,4487569729.5,4487846447.0,276717.5
P10-T9-OA,445,30,4467458490.5,4467452298.5,-6192.0,4467506029.5,4467498855.0,-7174.5,4497590310.5,4497791490.0,201179.5,4497597312.5,4497797010.0,199697.5
P10-T9-OA,446,30,4477460956.5,4477605690.5,144734.0,4477512460.5,4477640749.5,128289.0,4507677295.0,4507815304.0,138009.0,4507684176.5,4507820711.5,136535.0
P10-T9-OA,447,30,4487559419.0,4487622294.5,62875.5,4487628874.5,4487665828.0,36953.5,4517735016.0,4517930305.0,195289.0,4517740241.0,4517935542.5,195301.5
P10-T9-OA,448,30,4497593779.0,4497786212.0,192433.0,4497657581.0,4497845215.5,187634.5,4527775996.5,4527922591.0,146594.5,4527782960.0,4527930352.5,147392.5
P10-T9-OA,449,30,4507725686.5,4507816321.0,90634.5,4507821488.5,4507872940.5,51452.0,4537818375.5,4537967587.0,149211.5,4537825279.5,4537974446.5,149167.0
P10-T9-OA,450,30,4517733901.5,4517906197.5,172296.0,4517771318.5,4517945015.0,173696.5,4547924467.0,4548070636.5,146169.5,4547930095.5,4548077357.5,147262.0
P10-T9-OA,451,30,4527818960.5,4527914285.5,95325.0,4527862541.0,4527975133.5,112592.5,4558021892.0,4558159626.0,137734.0,4558038354.5,4558164517.5,126163.0
P10-T9-OA,452,30,4537853181.5,4538014457.5,161276.0,4537897264.5,4538076091.5,178827.0,4568035737.5,4568184932.0,149194.5,4568042287.5,4568191200.5,148913.0
P10-T9-OA,453,30,4548027004.0,4548054094.5,27090.5,4548061601.0,4548093944.0,32343.0,4578089197.0,4578281646.0,192449.0,4578092973.5,4578287102.0,194128.5
P10-T9-OA,454,30,4558011406.0,4558102569.0,91163.0,4558058518.0,4558153342.0,94824.0,4588183799.5,4588265510.5,81711.0,4588190927.5,4588270546.5,79619.0
P10-T9-OA,455,30,4568033003.0,4568180651.0,147648.0,4568069819.0,4568229576.0,159757.0,4598229489.0,4598362718.0,133229.0,4598236533.5,4598368407.5,131874.0
P10-T9-OA,456,30,4578177753.5,4578165701.5,-12052.0,4578222295.5,4578225129.5,2834.0,4608242839.5,4608460340.0,217500.5,4608248601.0,4608467507.0,218906.0
P10-T9-OA,457,30,4588201582.0,4588272973.5,71391.5,4588248630.5,4588311588.5,62958.0,4618383184.5,4618570822.5,187638.0,4618389887.5,4618579577.5,189690.0
P10-T9-OA,458,30,4598330556.0,4598365577.5,35021.5,4598372540.5,4598407733.0,35192.5,4628441570.0,4628531292.5,89722.5,4628447284.0,4628537014.0,89730.0
P10-T9-OA,459,30,4608389872.5,4608449103.5,59231.0,4608438202.0,4608490609.0,52407.0,4638473732.5,4638653991.0,180258.5,4638479044.5,4638660542.0,181497.5
P10-T9-OA,460,30,4618459696.5,4618478767.0,19070.5,4618517054.5,4618513783.0,-3271.5,4648541665.0,4648700963.0,159298.0,4648546486.0,4648706314.5,159828.5
P10-T9-OA,461,30,4628455535.5,4628488942.0,33406.5,4628506593.5,4628527816.0,21222.5,4658598972.5,4658831636.0,232663.5,4658605518.5,4658838948.5,233430.0
P10-T9-OA,462,30,4638533838.5,4638531036.0,-2802.5,4638567754.5,4638566484.0,-1270.5,4668739992.0,4668878387.5,138395.5,4668745251.5,4668885589.5,140338.0
P10-T9-OA,463,30,4648599212.0,4648615443.5,16231.5,4648653716.0,4648647059.0,-6657.0,4678746072.0,4678869451.0,123379.0,4678756211.5,4678875025.0,118813.5
P10-T9-OA,464,30,4658658766.5,4658683205.5,24439.0,4658692783.0,4658723505.5,30722.5,4688802552.0,4688934597.5,132045.5,4688813775.0,4688938998.5,125223.5
P10-T9-OA,465,30,4668663191.5,4668751418.0,88226.5,4668739739.5,4668826253.0,86513.5,4698822166.5,4698982567.5,160401.0,4698829162.5,4698988963.0,159800.5
P10-T9-OA,466,30,4678835389.5,4678904282.0,68892.5,4678874315.5,4678949487.0,75171.5,4708947788.0,4709192949.0,245161.0,4708954544.5,4709203567.0,249022.5
P10-T9-OA,467,30,4688893932.0,4688939910.5,45978.5,4688968315.5,4688987773.0,19457.5,4718930392.0,4719141538.5,211146.5,4718936319.0,4719148718.0,212399.0
P10-T9-OA,468,30,4698921226.5,4698993997.0,72770.5,4698969208.5,4699080819.5,111611.0,4729111479.0,4729252749.0,141270.0,4729120021.0,4729260860.0,140839.0
P10-T9-OA,469,30,4708957114.0,4709126823.0,169709.0,4708994094.5,4709174890.5,180796.0,4739118193.5,4739275336.0,157142.5,4739127125.0,4739281696.0,154571.0
P10-T9-OA,470,30,4719042810.5,4719109356.0,66545.5,4719123784.0,4719192391.0,68607.0,4749100180.5,4749308584.5,208404.0,4749106513.0,4749314221.5,207708.5
P10-T9-OA,471,30,4729163597.0,4729209014.0,45417.0,4729285655.0,4729266348.0,-19307.0,4759178381.0,4759346200.5,167819.5,4759186361.5,4759353405.0,167043.5
P10-T9-OA,472,30,4739193021.5,4739263115.5,70094.0,4739222801.0,4739317186.5,94385.5,4769278406.5,4769428933.0,150526.5,4769284840.0,4769435245.5,150405.5
P10-T9-OA,473,30,4749235373.0,4749322432.0,87059.0,4749287493.0,4749360006.0,72513.0,4779337735.0,4779554277.5,216542.5,4779346174.5,4779560902.5,214728.0
P10-T9-OA,474,30,4759250754.0,4759258399.5,7645.5,4759293626.5,4759305730.0,12103.5,4789349509.5,4789580728.5,231219.0,4789355843.0,4789587414.5,231571.5
P10-T9-OA,475,30,4769333208.5,4769396155.0,62946.5,4769384235.5,4769433195.0,48959.5,4799478784.5,4799623263.0,144478.5,4799488411.0,4799628703.5,140292.5
P10-T9-OA,476,30,4779390860.0,4779381596.5,-9263.5,4779430812.5,4779441442.5,10630.0,4809469178.5,4809689001.0,219822.5,4809473762.5,4809693689.5,219927.0
P10-T9-OA,477,30,4789497799.0,4789489032.0,-8767.0,4789533855.5,4789541228.0,7372.5,4819629264.5,4819751932.5,122668.0,4819636192.5,4819756350.5,120158.0
P10-T9-OA,478,30,4799508731.5,4799584410.0,75678.5,4799551140.5,4799631277.5,80137.0,4829634111.5,4829750219.0,116107.5,4829640540.5,4829755845.0,115304.5
P10-T9-OA,479,30,4809579049.5,4809670613.0,91563.5,4809610439.0,4809723748.0,113309.0,4839717930.0,4839982195.0,264265.0,4839724757.5,4839994239.0,269481.5
P10-T9-OA,480,30,4819623677.0,4819611760.5,-11916.5,4819664210.0,4819651976.5,-12233.5,4849740045.0,4849946032.0,205987.0,4849746921.5,4849956869.5,209948.0
P10-T9-OA,481,30,4829806510.5,4829733447.5,-73063.0,4829842155.0,4829776170.0,-65985.0,4859815913.0,4859968092.0,152179.0,4859822686.0,4859977660.0,154974.0
P10-T9-OA,482,30,4839843611.5,4839763233.5,-80378.0,4839892973.5,4839822284.0,-70689.5,4869917588.5,4870002545.5,84957.0,4869923665.0,4870008029.0,84364.0
P10-T9-OA,483,30,4849872786.5,4849890522.5,17736.0,4849909514.0,4849931168.0,21654.0,4879972215.0,4880129251.0,157036.0,4879976888.5,4880241844.5,264956.0
P10-T9-OA,484,30,4859903961.0,4859920866.5,16905.5,4859966191.0,4859970827.5,4636.5,4890071113.5,4890211064.0,139950.5,4890076964.5,4890220873.0,143908.5
P10-T9-OA,485,30,4869985756.0,4869957580.5,-28175.5,4870037273.0,4870001445.0,-35828.0,4900064947.5,4900196893.0,131945.5,4900070844.0,4900205963.5,135119.5
P10-T9-OA,486,30,4880032471.5,4880044514.5,12043.0,4880076345.0,4880085976.0,9631.0,4910184964.0,4910322959.0,137995.0,4910193647.5,4910330872.5,137225.0
P10-T9-OA,487,30,4890073555.5,4890079099.0,5543.5,4890127471.5,4890117154.5,-10317.0,4920238920.0,4920343812.5,104892.5,4920245766.5,4920353661.0,107894.5
P10-T9-OA,488,30,4900118853.0,4900167135.5,48282.5,4900162918.0,4900200494.5,37576.5,4930278029.5,4930442566.0,164536.5,4930284498.0,4930449174.0,164676.0
P10-T9-OA,489,30,4910223358.0,4910247735.0,24377.0,4910304544.0,4910287113.5,-17430.5,4940301124.5,4940536294.0,235169.5,4940307303.5,4940542774.0,235470.5
P10-T9-OA,490,30,4920303086.0,4920289232.0,-13854.0,4920377468.5,4920322129.0,-55339.5,4950410605.5,4950623025.0,212419.5,4950417929.5,4950629506.0,211576.5
P10-T9-OA,491,30,4930419020.0,4930382721.5,-36298.5,4930485589.0,4930433027.5,-52561.5,4960507133.0,4960618731.0,111598.0,4960515189.0,4960624111.0,108922.0
P10-T9-OA,492,30,4940426207.5,4940394898.0,-31309.5,4940474819.0,4940444387.0,-30432.0,4970526936.0,4970704834.5,177898.5,4970532548.5,4970710707.5,178159.0
P10-T9-OA,493,30,4950494464.5,4950486989.0,-7475.5,4950567686.0,4950533034.0,-34652.0,4980569897.5,4980741652.0,171754.5,4980574715.5,4980746087.0,171371.5
P10-T9-OA,494,30,4960532967.0,4960655960.0,122993.0,4960573048.5,4960717008.0,143959.5,4990633181.0,4990788118.0,154937.0,4990640120.0,4990792841.5,152721.5
P10-T9-OA,495,30,4970556864.5,4970715534.0,158669.5,4970589339.5,4970772558.0,183218.5,5000699877.0,5000911435.0,211558.0,5000705443.0,5000918343.5,212900.5
P10-T9-OA,496,30,4980680252.0,4980722082.5,41830.5,4980715125.0,4980756562.5,41437.5,5010734963.5,5010905664.5,170701.0,5010741453.0,5010912986.5,171533.5
P10-T9-OA,497,30,4990674086.5,4990744038.5,69952.0,4990731254.5,4990791808.0,60553.5,5020845497.5,5021008476.0,162978.5,5020851050.0,5021014860.5,163810.5
P10-T9-OA,498,30,5000834986.0,5000824125.5,-10860.5,5000900826.5,5000878283.0,-22543.5,5030886216.0,5031114999.0,228783.0,5030892415.5,5031121197.0,228781.5
P10-T9-OA,499,30,5010801964.5,5010915572.0,113607.5,5010837440.5,5010975445.0,138004.5,5040968238.0,5041160936.0,192698.0,5040975203.0,5041168183.5,192980.5
P10-T9-OA,500,30,5020852091.0,5021046341.0,194250.0,5020898840.0,5021089899.5,191059.5,5051045168.5,5051437254.5,392086.0,5051053110.0,5051454112.0,401002.0
P10-T9-OA,501,30,5030997343.0,5030965896.0,-31447.0,5031034710.0,5031007916.0,-26794.0,5061102404.0,5061472115.5,369711.5,5061110562.0,5061479400.5,368838.5
P10-T9-OA,502,30,5041078716.5,5041186652.0,107935.5,5041125688.0,5041233482.0,107794.0,5071147407.0,5071496387.5,348980.5,5071152087.0,5071503307.0,351220.0
P10-T9-OA,503,30,5051124766.5,5051160114.5,35348.0,5051175244.0,5051208269.5,33025.5,5081213710.5,5081599538.5,385828.0,5081218766.0,5081605606.0,386840.0
P10-T9-OA,504,30,5061165319.5,5061194439.5,29120.0,5061208587.5,5061299738.0,91150.5,5091260715.0,5091645495.0,384780.0,5091266827.0,5091650877.5,384050.5
P10-T9-OA,505,30,5071162949.5,5071281840.0,118890.5,5071228298.0,5071330597.5,102299.5,5101315205.5,5101693286.0,378080.5,5101321594.0,5101701518.0,379924.0
P10-T9-OA,506,30,5081237105.0,5081307819.0,70714.0,5081288192.0,5081345519.5,57327.5,5111442388.5,5111777675.5,335287.0,5111452994.0,5111783035.5,330041.5
P10-T9-OA,507,30,5091341842.0,5091386199.0,44357.0,5091387140.0,5091449390.5,62250.5,5121462165.5,5121804710.5,342545.0,5121467975.5,5121812104.0,344128.5
P10-T9-OA,508,30,5101375425.0,5101431494.0,56069.0,5101499827.5,5101476746.5,-23081.0,5131621331.0,5131888623.0,267292.0,5131629876.0,5131897218.5,267342.5
P10-T9-OA,509,30,5111415475.5,5111555172.5,139697.0,5111455220.5,5111612533.0,157312.5,5141545254.0,5141966388.5,421134.5,5141556594.5,5141974868.5,418274.0
P10-T9-OA,510,30,5121537259.5,5121509508.0,-27751.5,5121594455.0,5121549758.0,-44697.0,5151638885.5,5152047103.5,408218.0,5151651004.5,5152053431.0,402426.5
P10-T9-OA,511,30,5131561960.0,5131573240.5,11280.5,5131633744.0,5131627138.5,-6605.5,5161714091.5,5162097527.5,383436.0,5161721186.5,5162105361.0,384174.5
P10-T9-OA,512,30,5141655140.0,5141662217.5,7077.5,5141690047.0,5141715440.5,25393.5,5171803511.5,5172192503.5,388992.0,5171811829.0,5172199407.5,387578.5
P10-T9-OA,513,30,5151773094.5,5151720560.0,-52534.5,5151820771.0,5151769206.0,-51565.0,5181905973.0,5182330207.5,424234.5,5181914220.0,5182334677.0,420457.0
P10-T9-OA,514,30,5161774147.0,5161828898.5,54751.5,5161818872.0,5161876572.0,57700.0,5191891706.5,5192298534.5,406828.0,5191897884.0,5192305505.5,407621.5
P10-T9-OA,515,30,5171876281.5,5171880088.0,3806.5,5171927739.5,5171945161.0,17421.5,5201968934.0,5202431783.5,462849.5,5201975896.5,5202437807.5,461911.0
P10-T9-OA,516,30,5181935014.0,5181909458.0,-25556.0,5181976643.0,5181944982.5,-31660.5,5212126894.0,5212425350.0,298456.0,5212133663.0,5212430974.0,297311.0
P10-T9-OA,517,30,5191993717.0,5191973103.0,-20614.0,5192037377.5,5192012639.5,-24738.0,5222152486.5,5222515612.0,363125.5,5222160023.0,5222520686.0,360663.0
P10-T9-OA,518,30,5202022184.5,5202060880.5,38696.0,5202069008.5,5202111936.5,42928.0,5232085423.5,5232533649.5,448226.0,5232091355.5,5232541996.5,450641.0
P10-T9-OA,519,30,5212024962.5,5212168491.5,143529.0,5212095211.5,5212225184.5,129973.0,5242211401.5,5242633202.5,421801.0,5242217734.5,5242639612.5,421878.0
P10-T9-OA,520,30,5222161422.0,5222187029.0,25607.0,5222207564.0,5222278804.0,71240.0,5252287009.0,5252692332.0,405323.0,5252293614.0,5252697410.5,403796.5
P10-T9-OA,521,30,5232139915.0,5232165588.5,25673.5,5232179665.5,5232220724.5,41059.0,5262216597.0,5262730171.5,513574.5,5262221268.0,5262735645.0,514377.0
