seed,episode_id,scenario,task,branch,variant,matches_natural,authorization_equivalent,effect_equivalent,dummy_external_effects
0,0,AUTHORIZATION,SEND_MESSAGE,0,B0-NATURAL,True,True,True,0
0,0,AUTHORIZATION,SEND_MESSAGE,0,B1-PER-ACTION-OBLIVIOUS,True,True,True,0
0,0,AUTHORIZATION,SEND_MESSAGE,0,B2-ADAPTIVE-OBLIVIOUS,True,True,True,0
0,1,AUTHORIZATION,SEND_MESSAGE,1,B0-NATURAL,True,True,True,0
0,1,AUTHORIZATION,SEND_MESSAGE,1,B1-PER-ACTION-OBLIVIOUS,True,True,True,0
0,1,AUTHORIZATION,SEND_MESSAGE,1,B2-ADAPTIVE-OBLIVIOUS,True,True,True,0
0,2,AUTHORIZATION,SEND_MESSAGE,0,B0-NATURAL,True,True,True,0
0,2,AUTHORIZATION,SEND_MESSAGE,0,B1-PER-ACTION-OBLIVIOUS,True,True,True,0
0,2,AUTHORIZATION,SEND_MESSAGE,0,B2-ADAPTIVE-OBLIVIOUS,True,True,True,0
0,3,AUTHORIZATION,SEND_MESSAGE,1,B0-NATURAL,True,True,True,0
0,3,AUTHORIZATION,SEND_MESSAGE,1,B1-PER-ACTION-OBLIVIOUS,True,True,True,0
0,3,AUTHORIZATION,SEND_MESSAGE,1,B2-ADAPTIVE-OBLIVIOUS,True,True,True,0
0,4,AUTHORIZATION,SEND_MESSAGE,0,B0-NATURAL,True,True,True,0
0,4,AUTHORIZATION,SEND_MESSAGE,0,B1-PER-ACTION-OBLIVIOUS,True,True,True,0
0,4,AUTHORIZATION,SEND_MESSAGE,0,B2-ADAPTIVE-OBLIVIOUS,True,True,True,0
0,5,AUTHORIZATION,SEND_MESSAGE,1,B0-NATURAL,True,True,True,0
0,5,AUTHORIZATION,SEND_MESSAGE,1,B1-PER-ACTION-OBLIVIOUS,True,True,True,0
0,5,AUTHORIZATION,SEND_MESSAGE,1,B2-ADAPTIVE-OBLIVIOUS,True,True,True,0
0,6,AUTHORIZATION,SEND_MESSAGE,0,B0-NATURAL,True,True,True,0
0,6,AUTHORIZATION,SEND_MESSAGE,0,B1-PER-ACTION-OBLIVIOUS,True,True,True,0
0,6,AUTHORIZATION,SEND_MESSAGE,0,B2-ADAPTIVE-OBLIVIOUS,True,True,True,0
0,7,AUTHORIZATION,SEND_MESSAGE,1,B0-NATURAL,True,True,True,0
0,7,AUTHORIZATION,SEND_MESSAGE,1,B1-PER-ACTION-OBLIVIOUS,True,True,True,0
0,7,AUTHORIZATION,SEND_MESSAGE,1,B2-ADAPTIVE-OBLIVIOUS,True,True,True,0
0,8,AUTHORIZATION,SEND_MESSAGE,0,B0-NATURAL,True,True,True,0
0,8,AUTHORIZATION,SEND_MESSAGE,0,B1-PER-ACTION-OBLIVIOUS,True,True,True,0
0,8,AUTHORIZATION,SEND_MESSAGE,0,B2-ADAPTIVE-OBLIVIOUS,True,True,True,0
0,9,AUTHORIZATION,SEND_MESSAGE,1,B0-NATURAL,True,True,True,0
0,9,AUTHORIZATION,SEND_MESSAGE,1,B1-PER-ACTION-OBLIVIOUS,True,True,True,0
0,9,AUTHORIZATION,SEND_MESSAGE,1,B2-ADAPTIVE-OBLIVIOUS,True,True,True,0
0,10,AUTHORIZATION,SEND_MESSAGE,0,B0-NATURAL,True,True,True,0
0,10,AUTHORIZATION,SEND_MESSAGE,0,B1-PER-ACTION-OBLIVIOUS,True,True,True,0
0,10,AUTHORIZATION,SEND_MESSAGE,0,B2-ADAPTIVE-OBLIVIOUS,True,True,True,0
0,11,AUTHORIZATION,SEND_MESSAGE,1,B0-NATURAL,True,True,True,0
0,11,AUTHORIZATION,SEND_MESSAGE,1,B1-PER-ACTION-OBLIVIOUS,True,True,True,0
0,11,AUTHORIZATION,SEND_MESSAGE,1,B2-ADAPTIVE-OBLIVIOUS,True,True,True,0
0,12,AUTHORIZATION,SEND_MESSAGE,0,B0-NATURAL,True,True,True,0
0,12,AUTHORIZATION,SEND_MESSAGE,0,B1-PER-ACTION-OBLIVIOUS,True,True,True,0
0,12,AUTHORIZATION,SEND_MESSAGE,0,B2-ADAPTIVE-OBLIVIOUS,True,True,True,0
0,13,AUTHORIZATION,SEND_MESSAGE,1,B0-NATURAL,True,True,True,0
0,13,AUTHORIZATION,SEND_MESSAGE,1,B1-PER-ACTION-OBLIVIOUS,True,True,True,0
0,13,AUTHORIZATION,SEND_MESSAGE,1,B2-ADAPTIVE-OBLIVIOUS,True,True,True,0
0,14,AUTHORIZATION,SEND_MESSAGE,0,B0-NATURAL,True,True,True,0
0,14,AUTHORIZATION,SEND_MESSAGE,0,B1-PER-ACTION-OBLIVIOUS,True,True,True,0
0,14,AUTHORIZATION,SEND_MESSAGE,0,B2-ADAPTIVE-OBLIVIOUS,True,True,True,0
0,15,AUTHORIZATION,SEND_MESSAGE,1,B0-NATURAL,True,True,True,0
0,15,AUTHORIZATION,SEND_MESSAGE,1,B1-PER-ACTION-OBLIVIOUS,True,True,True,0
0,15,AUTHORIZATION,SEND_MESSAGE,1,B2-ADAPTIVE-OBLIVIOUS,True,True,True,0
0,16,AUTHORIZATION,SEND_MESSAGE,0,B0-NATURAL,True,True,True,0
0,16,AUTHORIZATION,SEND_MESSAGE,0,B1-PER-ACTION-OBLIVIOUS,True,True,True,0
0,16,AUTHORIZATION,SEND_MESSAGE,0,B2-ADAPTIVE-OBLIVIOUS,True,True,True,0
0,17,AUTHORIZATION,SEND_MESSAGE,1,B0-NATURAL,True,True,True,0
0,17,AUTHORIZATION,SEND_MESSAGE,1,B1-PER-ACTION-OBLIVIOUS,True,True,True,0
0,17,AUTHORIZATION,SEND_MESSAGE,1,B2-ADAPTIVE-OBLIVIOUS,True,True,True,0
0,18,AUTHORIZATION,SEND_MESSAGE,0,B0-NATURAL,True,True,True,0
0,18,AUTHORIZATION,SEND_MESSAGE,0,B1-PER-ACTION-OBLIVIOUS,True,True,True,0
0,18,AUTHORIZATION,SEND_MESSAGE,0,B2-ADAPTIVE-OBLIVIOUS,True,True,True,0
0,19,AUTHORIZATION,SEND_MESSAGE,1,B0-NATURAL,True,True,True,0
0,19,AUTHORIZATION,SEND_MESSAGE,1,B1-PER-ACTION-OBLIVIOUS,True,True,True,0
0,19,AUTHORIZATION,SEND_MESSAGE,1,B2-ADAPTIVE-OBLIVIOUS,True,True,True,0
0,20,AUTHORIZATION,SEND_MESSAGE,0,B0-NATURAL,True,True,True,0
0,20,AUTHORIZATION,SEND_MESSAGE,0,B1-PER-ACTION-OBLIVIOUS,True,True,True,0
0,20,AUTHORIZATION,SEND_MESSAGE,0,B2-ADAPTIVE-OBLIVIOUS,True,True,True,0
0,21,AUTHORIZATION,SEND_MESSAGE,1,B0-NATURAL,True,True,True,0
0,21,AUTHORIZATION,SEND_MESSAGE,1,B1-PER-ACTION-OBLIVIOUS,True,True,True,0
0,21,AUTHORIZATION,SEND_MESSAGE,1,B2-ADAPTIVE-OBLIVIOUS,True,True,True,0
0,22,AUTHORIZATION,SEND_MESSAGE,0,B0-NATURAL,True,True,True,0
0,22,AUTHORIZATION,SEND_MESSAGE,0,B1-PER-ACTION-OBLIVIOUS,True,True,True,0
0,22,AUTHORIZATION,SEND_MESSAGE,0,B2-ADAPTIVE-OBLIVIOUS,True,True,True,0
0,23,AUTHORIZATION,SEND_MESSAGE,1,B0-NATURAL,True,True,True,0
0,23,AUTHORIZATION,SEND_MESSAGE,1,B1-PER-ACTION-OBLIVIOUS,True,True,True,0
0,23,AUTHORIZATION,SEND_MESSAGE,1,B2-ADAPTIVE-OBLIVIOUS,True,True,True,0
0,24,AUTHORIZATION,SEND_MESSAGE,0,B0-NATURAL,True,True,True,0
0,24,AUTHORIZATION,SEND_MESSAGE,0,B1-PER-ACTION-OBLIVIOUS,True,True,True,0
0,24,AUTHORIZATION,SEND_MESSAGE,0,B2-ADAPTIVE-OBLIVIOUS,True,True,True,0
0,25,AUTHORIZATION,SEND_MESSAGE,1,B0-NATURAL,True,True,True,0
0,25,AUTHORIZATION,SEND_MESSAGE,1,B1-PER-ACTION-OBLIVIOUS,True,True,True,0
0,25,AUTHORIZATION,SEND_MESSAGE,1,B2-ADAPTIVE-OBLIVIOUS,True,True,True,0
0,26,AUTHORIZATION,SEND_MESSAGE,0,B0-NATURAL,True,True,True,0
0,26,AUTHORIZATION,SEND_MESSAGE,0,B1-PER-ACTION-OBLIVIOUS,True,True,True,0
0,26,AUTHORIZATION,SEND_MESSAGE,0,B2-ADAPTIVE-OBLIVIOUS,True,True,True,0
0,27,AUTHORIZATION,SEND_MESSAGE,1,B0-NATURAL,True,True,True,0
0,27,AUTHORIZATION,SEND_MESSAGE,1,B1-PER-ACTION-OBLIVIOUS,True,True,True,0
0,27,AUTHORIZATION,SEND_MESSAGE,1,B2-ADAPTIVE-OBLIVIOUS,True,True,True,0
0,28,AUTHORIZATION,SEND_MESSAGE,0,B0-NATURAL,True,True,True,0
0,28,AUTHORIZATION,SEND_MESSAGE,0,B1-PER-ACTION-OBLIVIOUS,True,True,True,0
0,28,AUTHORIZATION,SEND_MESSAGE,0,B2-ADAPTIVE-OBLIVIOUS,True,True,True,0
0,29,AUTHORIZATION,SEND_MESSAGE,1,B0-NATURAL,True,True,True,0
0,29,AUTHORIZATION,SEND_MESSAGE,1,B1-PER-ACTION-OBLIVIOUS,True,True,True,0
0,29,AUTHORIZATION,SEND_MESSAGE,1,B2-ADAPTIVE-OBLIVIOUS,True,True,True,0
0,30,AUTHORIZATION,SEND_MESSAGE,0,B0-NATURAL,True,True,True,0
0,30,AUTHORIZATION,SEND_MESSAGE,0,B1-PER-ACTION-OBLIVIOUS,True,True,True,0
0,30,AUTHORIZATION,SEND_MESSAGE,0,B2-ADAPTIVE-OBLIVIOUS,True,True,True,0
0,31,AUTHORIZATION,SEND_MESSAGE,1,B0-NATURAL,True,True,True,0
0,31,AUTHORIZATION,SEND_MESSAGE,1,B1-PER-ACTION-OBLIVIOUS,True,True,True,0
0,31,AUTHORIZATION,SEND_MESSAGE,1,B2-ADAPTIVE-OBLIVIOUS,True,True,True,0
0,32,AUTHORIZATION,SEND_MESSAGE,0,B0-NATURAL,True,True,True,0
0,32,AUTHORIZATION,SEND_MESSAGE,0,B1-PER-ACTION-OBLIVIOUS,True,True,True,0
0,32,AUTHORIZATION,SEND_MESSAGE,0,B2-ADAPTIVE-OBLIVIOUS,True,True,True,0
0,33,AUTHORIZATION,SEND_MESSAGE,1,B0-NATURAL,True,True,True,0
0,33,AUTHORIZATION,SEND_MESSAGE,1,B1-PER-ACTION-OBLIVIOUS,True,True,True,0
0,33,AUTHORIZATION,SEND_MESSAGE,1,B2-ADAPTIVE-OBLIVIOUS,True,True,True,0
0,34,AUTHORIZATION,SEND_MESSAGE,0,B0-NATURAL,True,True,True,0
0,34,AUTHORIZATION,SEND_MESSAGE,0,B1-PER-ACTION-OBLIVIOUS,True,True,True,0
0,34,AUTHORIZATION,SEND_MESSAGE,0,B2-ADAPTIVE-OBLIVIOUS,True,True,True,0
0,35,AUTHORIZATION,SEND_MESSAGE,1,B0-NATURAL,True,True,True,0
0,35,AUTHORIZATION,SEND_MESSAGE,1,B1-PER-ACTION-OBLIVIOUS,True,True,True,0
0,35,AUTHORIZATION,SEND_MESSAGE,1,B2-ADAPTIVE-OBLIVIOUS,True,True,True,0
0,36,AUTHORIZATION,SEND_MESSAGE,0,B0-NATURAL,True,True,True,0
0,36,AUTHORIZATION,SEND_MESSAGE,0,B1-PER-ACTION-OBLIVIOUS,True,True,True,0
0,36,AUTHORIZATION,SEND_MESSAGE,0,B2-ADAPTIVE-OBLIVIOUS,True,True,True,0
0,37,AUTHORIZATION,SEND_MESSAGE,1,B0-NATURAL,True,True,True,0
0,37,AUTHORIZATION,SEND_MESSAGE,1,B1-PER-ACTION-OBLIVIOUS,True,True,True,0
0,37,AUTHORIZATION,SEND_MESSAGE,1,B2-ADAPTIVE-OBLIVIOUS,True,True,True,0
0,38,AUTHORIZATION,SEND_MESSAGE,0,B0-NATURAL,True,True,True,0
0,38,AUTHORIZATION,SEND_MESSAGE,0,B1-PER-ACTION-OBLIVIOUS,True,True,True,0
0,38,AUTHORIZATION,SEND_MESSAGE,0,B2-ADAPTIVE-OBLIVIOUS,True,True,True,0
0,39,AUTHORIZATION,SEND_MESSAGE,1,B0-NATURAL,True,True,True,0
0,39,AUTHORIZATION,SEND_MESSAGE,1,B1-PER-ACTION-OBLIVIOUS,True,True,True,0
0,39,AUTHORIZATION,SEND_MESSAGE,1,B2-ADAPTIVE-OBLIVIOUS,True,True,True,0
0,40,AUTHORIZATION,SEND_MESSAGE,0,B0-NATURAL,True,True,True,0
0,40,AUTHORIZATION,SEND_MESSAGE,0,B1-PER-ACTION-OBLIVIOUS,True,True,True,0
0,40,AUTHORIZATION,SEND_MESSAGE,0,B2-ADAPTIVE-OBLIVIOUS,True,True,True,0
0,41,AUTHORIZATION,SEND_MESSAGE,1,B0-NATURAL,True,True,True,0
0,41,AUTHORIZATION,SEND_MESSAGE,1,B1-PER-ACTION-OBLIVIOUS,True,True,True,0
0,41,AUTHORIZATION,SEND_MESSAGE,1,B2-ADAPTIVE-OBLIVIOUS,True,True,True,0
0,42,AUTHORIZATION,SEND_MESSAGE,0,B0-NATURAL,True,True,True,0
0,42,AUTHORIZATION,SEND_MESSAGE,0,B1-PER-ACTION-OBLIVIOUS,True,True,True,0
0,42,AUTHORIZATION,SEND_MESSAGE,0,B2-ADAPTIVE-OBLIVIOUS,True,True,True,0
0,43,AUTHORIZATION,SEND_MESSAGE,1,B0-NATURAL,True,True,True,0
0,43,AUTHORIZATION,SEND_MESSAGE,1,B1-PER-ACTION-OBLIVIOUS,True,True,True,0
0,43,AUTHORIZATION,SEND_MESSAGE,1,B2-ADAPTIVE-OBLIVIOUS,True,True,True,0
0,44,AUTHORIZATION,SEND_MESSAGE,0,B0-NATURAL,True,True,True,0
0,44,AUTHORIZATION,SEND_MESSAGE,0,B1-PER-ACTION-OBLIVIOUS,True,True,True,0
0,44,AUTHORIZATION,SEND_MESSAGE,0,B2-ADAPTIVE-OBLIVIOUS,True,True,True,0
0,45,AUTHORIZATION,SEND_MESSAGE,1,B0-NATURAL,True,True,True,0
0,45,AUTHORIZATION,SEND_MESSAGE,1,B1-PER-ACTION-OBLIVIOUS,True,True,True,0
0,45,AUTHORIZATION,SEND_MESSAGE,1,B2-ADAPTIVE-OBLIVIOUS,True,True,True,0
0,46,AUTHORIZATION,SEND_MESSAGE,0,B0-NATURAL,True,True,True,0
0,46,AUTHORIZATION,SEND_MESSAGE,0,B1-PER-ACTION-OBLIVIOUS,True,True,True,0
0,46,AUTHORIZATION,SEND_MESSAGE,0,B2-ADAPTIVE-OBLIVIOUS,True,True,True,0
0,47,AUTHORIZATION,SEND_MESSAGE,1,B0-NATURAL,True,True,True,0
0,47,AUTHORIZATION,SEND_MESSAGE,1,B1-PER-ACTION-OBLIVIOUS,True,True,True,0
0,47,AUTHORIZATION,SEND_MESSAGE,1,B2-ADAPTIVE-OBLIVIOUS,True,True,True,0
0,48,AUTHORIZATION,SEND_MESSAGE,0,B0-NATURAL,True,True,True,0
0,48,AUTHORIZATION,SEND_MESSAGE,0,B1-PER-ACTION-OBLIVIOUS,True,True,True,0
0,48,AUTHORIZATION,SEND_MESSAGE,0,B2-ADAPTIVE-OBLIVIOUS,True,True,True,0
0,49,AUTHORIZATION,SEND_MESSAGE,1,B0-NATURAL,True,True,True,0
0,49,AUTHORIZATION,SEND_MESSAGE,1,B1-PER-ACTION-OBLIVIOUS,True,True,True,0
0,49,AUTHORIZATION,SEND_MESSAGE,1,B2-ADAPTIVE-OBLIVIOUS,True,True,True,0
0,50,AUTHORIZATION,SEND_MESSAGE,0,B0-NATURAL,True,True,True,0
0,50,AUTHORIZATION,SEND_MESSAGE,0,B1-PER-ACTION-OBLIVIOUS,True,True,True,0
0,50,AUTHORIZATION,SEND_MESSAGE,0,B2-ADAPTIVE-OBLIVIOUS,True,True,True,0
0,51,AUTHORIZATION,SEND_MESSAGE,1,B0-NATURAL,True,True,True,0
0,51,AUTHORIZATION,SEND_MESSAGE,1,B1-PER-ACTION-OBLIVIOUS,True,True,True,0
0,51,AUTHORIZATION,SEND_MESSAGE,1,B2-ADAPTIVE-OBLIVIOUS,True,True,True,0
0,52,AUTHORIZATION,SEND_MESSAGE,0,B0-NATURAL,True,True,True,0
0,52,AUTHORIZATION,SEND_MESSAGE,0,B1-PER-ACTION-OBLIVIOUS,True,True,True,0
0,52,AUTHORIZATION,SEND_MESSAGE,0,B2-ADAPTIVE-OBLIVIOUS,True,True,True,0
0,53,AUTHORIZATION,SEND_MESSAGE,1,B0-NATURAL,True,True,True,0
0,53,AUTHORIZATION,SEND_MESSAGE,1,B1-PER-ACTION-OBLIVIOUS,True,True,True,0
0,53,AUTHORIZATION,SEND_MESSAGE,1,B2-ADAPTIVE-OBLIVIOUS,True,True,True,0
0,54,AUTHORIZATION,SEND_MESSAGE,0,B0-NATURAL,True,True,True,0
0,54,AUTHORIZATION,SEND_MESSAGE,0,B1-PER-ACTION-OBLIVIOUS,True,True,True,0
0,54,AUTHORIZATION,SEND_MESSAGE,0,B2-ADAPTIVE-OBLIVIOUS,True,True,True,0
0,55,AUTHORIZATION,SEND_MESSAGE,1,B0-NATURAL,True,True,True,0
0,55,AUTHORIZATION,SEND_MESSAGE,1,B1-PER-ACTION-OBLIVIOUS,True,True,True,0
0,55,AUTHORIZATION,SEND_MESSAGE,1,B2-ADAPTIVE-OBLIVIOUS,True,True,True,0
0,56,AUTHORIZATION,SEND_MESSAGE,0,B0-NATURAL,True,True,True,0
0,56,AUTHORIZATION,SEND_MESSAGE,0,B1-PER-ACTION-OBLIVIOUS,True,True,True,0
0,56,AUTHORIZATION,SEND_MESSAGE,0,B2-ADAPTIVE-OBLIVIOUS,True,True,True,0
0,57,AUTHORIZATION,SEND_MESSAGE,1,B0-NATURAL,True,True,True,0
0,57,AUTHORIZATION,SEND_MESSAGE,1,B1-PER-ACTION-OBLIVIOUS,True,True,True,0
0,57,AUTHORIZATION,SEND_MESSAGE,1,B2-ADAPTIVE-OBLIVIOUS,True,True,True,0
0,58,AUTHORIZATION,SEND_MESSAGE,0,B0-NATURAL,True,True,True,0
0,58,AUTHORIZATION,SEND_MESSAGE,0,B1-PER-ACTION-OBLIVIOUS,True,True,True,0
0,58,AUTHORIZATION,SEND_MESSAGE,0,B2-ADAPTIVE-OBLIVIOUS,True,True,True,0
0,59,AUTHORIZATION,SEND_MESSAGE,1,B0-NATURAL,True,True,True,0
0,59,AUTHORIZATION,SEND_MESSAGE,1,B1-PER-ACTION-OBLIVIOUS,True,True,True,0
0,59,AUTHORIZATION,SEND_MESSAGE,1,B2-ADAPTIVE-OBLIVIOUS,True,True,True,0
0,60,AUTHORIZATION,SEND_MESSAGE,0,B0-NATURAL,True,True,True,0
0,60,AUTHORIZATION,SEND_MESSAGE,0,B1-PER-ACTION-OBLIVIOUS,True,True,True,0
0,60,AUTHORIZATION,SEND_MESSAGE,0,B2-ADAPTIVE-OBLIVIOUS,True,True,True,0
0,61,AUTHORIZATION,SEND_MESSAGE,1,B0-NATURAL,True,True,True,0
0,61,AUTHORIZATION,SEND_MESSAGE,1,B1-PER-ACTION-OBLIVIOUS,True,True,True,0
0,61,AUTHORIZATION,SEND_MESSAGE,1,B2-ADAPTIVE-OBLIVIOUS,True,True,True,0
0,62,AUTHORIZATION,SEND_MESSAGE,0,B0-NATURAL,True,True,True,0
0,62,AUTHORIZATION,SEND_MESSAGE,0,B1-PER-ACTION-OBLIVIOUS,True,True,True,0
0,62,AUTHORIZATION,SEND_MESSAGE,0,B2-ADAPTIVE-OBLIVIOUS,True,True,True,0
0,63,AUTHORIZATION,SEND_MESSAGE,1,B0-NATURAL,True,True,True,0
0,63,AUTHORIZATION,SEND_MESSAGE,1,B1-PER-ACTION-OBLIVIOUS,True,True,True,0
0,63,AUTHORIZATION,SEND_MESSAGE,1,B2-ADAPTIVE-OBLIVIOUS,True,True,True,0
0,64,AUTHORIZATION,SEND_MESSAGE,0,B0-NATURAL,True,True,True,0
0,64,AUTHORIZATION,SEND_MESSAGE,0,B1-PER-ACTION-OBLIVIOUS,True,True,True,0
0,64,AUTHORIZATION,SEND_MESSAGE,0,B2-ADAPTIVE-OBLIVIOUS,True,True,True,0
0,65,AUTHORIZATION,SEND_MESSAGE,1,B0-NATURAL,True,True,True,0
0,65,AUTHORIZATION,SEND_MESSAGE,1,B1-PER-ACTION-OBLIVIOUS,True,True,True,0
0,65,AUTHORIZATION,SEND_MESSAGE,1,B2-ADAPTIVE-OBLIVIOUS,True,True,True,0
0,66,AUTHORIZATION,SEND_MESSAGE,0,B0-NATURAL,True,True,True,0
0,66,AUTHORIZATION,SEND_MESSAGE,0,B1-PER-ACTION-OBLIVIOUS,True,True,True,0
0,66,AUTHORIZATION,SEND_MESSAGE,0,B2-ADAPTIVE-OBLIVIOUS,True,True,True,0
0,67,AUTHORIZATION,SEND_MESSAGE,1,B0-NATURAL,True,True,True,0
0,67,AUTHORIZATION,SEND_MESSAGE,1,B1-PER-ACTION-OBLIVIOUS,True,True,True,0
0,67,AUTHORIZATION,SEND_MESSAGE,1,B2-ADAPTIVE-OBLIVIOUS,True,True,True,0
0,68,AUTHORIZATION,SEND_MESSAGE,0,B0-NATURAL,True,True,True,0
0,68,AUTHORIZATION,SEND_MESSAGE,0,B1-PER-ACTION-OBLIVIOUS,True,True,True,0
0,68,AUTHORIZATION,SEND_MESSAGE,0,B2-ADAPTIVE-OBLIVIOUS,True,True,True,0
0,69,AUTHORIZATION,SEND_MESSAGE,1,B0-NATURAL,True,True,True,0
0,69,AUTHORIZATION,SEND_MESSAGE,1,B1-PER-ACTION-OBLIVIOUS,True,True,True,0
0,69,AUTHORIZATION,SEND_MESSAGE,1,B2-ADAPTIVE-OBLIVIOUS,True,True,True,0
0,70,AUTHORIZATION,SEND_MESSAGE,0,B0-NATURAL,True,True,True,0
0,70,AUTHORIZATION,SEND_MESSAGE,0,B1-PER-ACTION-OBLIVIOUS,True,True,True,0
0,70,AUTHORIZATION,SEND_MESSAGE,0,B2-ADAPTIVE-OBLIVIOUS,True,True,True,0
0,71,AUTHORIZATION,SEND_MESSAGE,1,B0-NATURAL,True,True,True,0
0,71,AUTHORIZATION,SEND_MESSAGE,1,B1-PER-ACTION-OBLIVIOUS,True,True,True,0
0,71,AUTHORIZATION,SEND_MESSAGE,1,B2-ADAPTIVE-OBLIVIOUS,True,True,True,0
0,72,AUTHORIZATION,SEND_MESSAGE,0,B0-NATURAL,True,True,True,0
0,72,AUTHORIZATION,SEND_MESSAGE,0,B1-PER-ACTION-OBLIVIOUS,True,True,True,0
0,72,AUTHORIZATION,SEND_MESSAGE,0,B2-ADAPTIVE-OBLIVIOUS,True,True,True,0
0,73,AUTHORIZATION,SEND_MESSAGE,1,B0-NATURAL,True,True,True,0
0,73,AUTHORIZATION,SEND_MESSAGE,1,B1-PER-ACTION-OBLIVIOUS,True,True,True,0
0,73,AUTHORIZATION,SEND_MESSAGE,1,B2-ADAPTIVE-OBLIVIOUS,True,True,True,0
0,74,AUTHORIZATION,SEND_MESSAGE,0,B0-NATURAL,True,True,True,0
0,74,AUTHORIZATION,SEND_MESSAGE,0,B1-PER-ACTION-OBLIVIOUS,True,True,True,0
0,74,AUTHORIZATION,SEND_MESSAGE,0,B2-ADAPTIVE-OBLIVIOUS,True,True,True,0
0,75,AUTHORIZATION,SEND_MESSAGE,1,B0-NATURAL,True,True,True,0
0,75,AUTHORIZATION,SEND_MESSAGE,1,B1-PER-ACTION-OBLIVIOUS,True,True,True,0
0,75,AUTHORIZATION,SEND_MESSAGE,1,B2-ADAPTIVE-OBLIVIOUS,True,True,True,0
0,76,AUTHORIZATION,SEND_MESSAGE,0,B0-NATURAL,True,True,True,0
0,76,AUTHORIZATION,SEND_MESSAGE,0,B1-PER-ACTION-OBLIVIOUS,True,True,True,0
0,76,AUTHORIZATION,SEND_MESSAGE,0,B2-ADAPTIVE-OBLIVIOUS,True,True,True,0
0,77,AUTHORIZATION,SEND_MESSAGE,1,B0-NATURAL,True,True,True,0
0,77,AUTHORIZATION,SEND_MESSAGE,1,B1-PER-ACTION-OBLIVIOUS,True,True,True,0
0,77,AUTHORIZATION,SEND_MESSAGE,1,B2-ADAPTIVE-OBLIVIOUS,True,True,True,0
0,78,AUTHORIZATION,SEND_MESSAGE,0,B0-NATURAL,True,True,True,0
0,78,AUTHORIZATION,SEND_MESSAGE,0,B1-PER-ACTION-OBLIVIOUS,True,True,True,0
0,78,AUTHORIZATION,SEND_MESSAGE,0,B2-ADAPTIVE-OBLIVIOUS,True,True,True,0
0,79,AUTHORIZATION,SEND_MESSAGE,1,B0-NATURAL,True,True,True,0
0,79,AUTHORIZATION,SEND_MESSAGE,1,B1-PER-ACTION-OBLIVIOUS,True,True,True,0
0,79,AUTHORIZATION,SEND_MESSAGE,1,B2-ADAPTIVE-OBLIVIOUS,True,True,True,0
0,80,AUTHORIZATION,SHARE_DOCUMENT,0,B0-NATURAL,True,True,True,0
0,80,AUTHORIZATION,SHARE_DOCUMENT,0,B1-PER-ACTION-OBLIVIOUS,True,True,True,0
0,80,AUTHORIZATION,SHARE_DOCUMENT,0,B2-ADAPTIVE-OBLIVIOUS,True,True,True,0
0,81,AUTHORIZATION,SHARE_DOCUMENT,1,B0-NATURAL,True,True,True,0
0,81,AUTHORIZATION,SHARE_DOCUMENT,1,B1-PER-ACTION-OBLIVIOUS,True,True,True,0
0,81,AUTHORIZATION,SHARE_DOCUMENT,1,B2-ADAPTIVE-OBLIVIOUS,True,True,True,0
0,82,AUTHORIZATION,SHARE_DOCUMENT,0,B0-NATURAL,True,True,True,0
0,82,AUTHORIZATION,SHARE_DOCUMENT,0,B1-PER-ACTION-OBLIVIOUS,True,True,True,0
0,82,AUTHORIZATION,SHARE_DOCUMENT,0,B2-ADAPTIVE-OBLIVIOUS,True,True,True,0
0,83,AUTHORIZATION,SHARE_DOCUMENT,1,B0-NATURAL,True,True,True,0
0,83,AUTHORIZATION,SHARE_DOCUMENT,1,B1-PER-ACTION-OBLIVIOUS,True,True,True,0
0,83,AUTHORIZATION,SHARE_DOCUMENT,1,B2-ADAPTIVE-OBLIVIOUS,True,True,True,0
0,84,AUTHORIZATION,SHARE_DOCUMENT,0,B0-NATURAL,True,True,True,0
0,84,AUTHORIZATION,SHARE_DOCUMENT,0,B1-PER-ACTION-OBLIVIOUS,True,True,True,0
0,84,AUTHORIZATION,SHARE_DOCUMENT,0,B2-ADAPTIVE-OBLIVIOUS,True,True,True,0
0,85,AUTHORIZATION,SHARE_DOCUMENT,1,B0-NATURAL,True,True,True,0
0,85,AUTHORIZATION,SHARE_DOCUMENT,1,B1-PER-ACTION-OBLIVIOUS,True,True,True,0
0,85,AUTHORIZATION,SHARE_DOCUMENT,1,B2-ADAPTIVE-OBLIVIOUS,True,True,True,0
0,86,AUTHORIZATION,SHARE_DOCUMENT,0,B0-NATURAL,True,True,True,0
0,86,AUTHORIZATION,SHARE_DOCUMENT,0,B1-PER-ACTION-OBLIVIOUS,True,True,True,0
0,86,AUTHORIZATION,SHARE_DOCUMENT,0,B2-ADAPTIVE-OBLIVIOUS,True,True,True,0
0,87,AUTHORIZATION,SHARE_DOCUMENT,1,B0-NATURAL,True,True,True,0
0,87,AUTHORIZATION,SHARE_DOCUMENT,1,B1-PER-ACTION-OBLIVIOUS,True,True,True,0
0,87,AUTHORIZATION,SHARE_DOCUMENT,1,B2-ADAPTIVE-OBLIVIOUS,True,True,True,0
0,88,AUTHORIZATION,SHARE_DOCUMENT,0,B0-NATURAL,True,True,True,0
0,88,AUTHORIZATION,SHARE_DOCUMENT,0,B1-PER-ACTION-OBLIVIOUS,True,True,True,0
0,88,AUTHORIZATION,SHARE_DOCUMENT,0,B2-ADAPTIVE-OBLIVIOUS,True,True,True,0
0,89,AUTHORIZATION,SHARE_DOCUMENT,1,B0-NATURAL,True,True,True,0
0,89,AUTHORIZATION,SHARE_DOCUMENT,1,B1-PER-ACTION-OBLIVIOUS,True,True,True,0
0,89,AUTHORIZATION,SHARE_DOCUMENT,1,B2-ADAPTIVE-OBLIVIOUS,True,True,True,0
0,90,AUTHORIZATION,SHARE_DOCUMENT,0,B0-NATURAL,True,True,True,0
0,90,AUTHORIZATION,SHARE_DOCUMENT,0,B1-PER-ACTION-OBLIVIOUS,True,True,True,0
0,90,AUTHORIZATION,SHARE_DOCUMENT,0,B2-ADAPTIVE-OBLIVIOUS,True,True,True,0
0,91,AUTHORIZATION,SHARE_DOCUMENT,1,B0-NATURAL,True,True,True,0
0,91,AUTHORIZATION,SHARE_DOCUMENT,1,B1-PER-ACTION-OBLIVIOUS,True,True,True,0
0,91,AUTHORIZATION,SHARE_DOCUMENT,1,B2-ADAPTIVE-OBLIVIOUS,True,True,True,0
0,92,AUTHORIZATION,SHARE_DOCUMENT,0,B0-NATURAL,True,True,True,0
0,92,AUTHORIZATION,SHARE_DOCUMENT,0,B1-PER-ACTION-OBLIVIOUS,True,True,True,0
0,92,AUTHORIZATION,SHARE_DOCUMENT,0,B2-ADAPTIVE-OBLIVIOUS,True,True,True,0
0,93,AUTHORIZATION,SHARE_DOCUMENT,1,B0-NATURAL,True,True,True,0
0,93,AUTHORIZATION,SHARE_DOCUMENT,1,B1-PER-ACTION-OBLIVIOUS,True,True,True,0
0,93,AUTHORIZATION,SHARE_DOCUMENT,1,B2-ADAPTIVE-OBLIVIOUS,True,True,True,0
0,94,AUTHORIZATION,SHARE_DOCUMENT,0,B0-NATURAL,True,True,True,0
0,94,AUTHORIZATION,SHARE_DOCUMENT,0,B1-PER-ACTION-OBLIVIOUS,True,True,True,0
0,94,AUTHORIZATION,SHARE_DOCUMENT,0,B2-ADAPTIVE-OBLIVIOUS,True,True,True,0
0,95,AUTHORIZATION,SHARE_DOCUMENT,1,B0-NATURAL,True,True,True,0
0,95,AUTHORIZATION,SHARE_DOCUMENT,1,B1-PER-ACTION-OBLIVIOUS,True,True,True,0
0,95,AUTHORIZATION,SHARE_DOCUMENT,1,B2-ADAPTIVE-OBLIVIOUS,True,True,True,0
0,96,AUTHORIZATION,SHARE_DOCUMENT,0,B0-NATURAL,True,True,True,0
0,96,AUTHORIZATION,SHARE_DOCUMENT,0,B1-PER-ACTION-OBLIVIOUS,True,True,True,0
0,96,AUTHORIZATION,SHARE_DOCUMENT,0,B2-ADAPTIVE-OBLIVIOUS,True,True,True,0
0,97,AUTHORIZATION,SHARE_DOCUMENT,1,B0-NATURAL,True,True,True,0
0,97,AUTHORIZATION,SHARE_DOCUMENT,1,B1-PER-ACTION-OBLIVIOUS,True,True,True,0
0,97,AUTHORIZATION,SHARE_DOCUMENT,1,B2-ADAPTIVE-OBLIVIOUS,True,True,True,0
0,98,AUTHORIZATION,SHARE_DOCUMENT,0,B0-NATURAL,True,True,True,0
0,98,AUTHORIZATION,SHARE_DOCUMENT,0,B1-PER-ACTION-OBLIVIOUS,True,True,True,0
0,98,AUTHORIZATION,SHARE_DOCUMENT,0,B2-ADAPTIVE-OBLIVIOUS,True,True,True,0
0,99,AUTHORIZATION,SHARE_DOCUMENT,1,B0-NATURAL,True,True,True,0
0,99,AUTHORIZATION,SHARE_DOCUMENT,1,B1-PER-ACTION-OBLIVIOUS,True,True,True,0
0,99,AUTHORIZATION,SHARE_DOCUMENT,1,B2-ADAPTIVE-OBLIVIOUS,True,True,True,0
0,100,AUTHORIZATION,SHARE_DOCUMENT,0,B0-NATURAL,True,True,True,0
0,100,AUTHORIZATION,SHARE_DOCUMENT,0,B1-PER-ACTION-OBLIVIOUS,True,True,True,0
0,100,AUTHORIZATION,SHARE_DOCUMENT,0,B2-ADAPTIVE-OBLIVIOUS,True,True,True,0
0,101,AUTHORIZATION,SHARE_DOCUMENT,1,B0-NATURAL,True,True,True,0
0,101,AUTHORIZATION,SHARE_DOCUMENT,1,B1-PER-ACTION-OBLIVIOUS,True,True,True,0
0,101,AUTHORIZATION,SHARE_DOCUMENT,1,B2-ADAPTIVE-OBLIVIOUS,True,True,True,0
0,102,AUTHORIZATION,SHARE_DOCUMENT,0,B0-NATURAL,True,True,True,0
0,102,AUTHORIZATION,SHARE_DOCUMENT,0,B1-PER-ACTION-OBLIVIOUS,True,True,True,0
0,102,AUTHORIZATION,SHARE_DOCUMENT,0,B2-ADAPTIVE-OBLIVIOUS,True,True,True,0
0,103,AUTHORIZATION,SHARE_DOCUMENT,1,B0-NATURAL,True,True,True,0
0,103,AUTHORIZATION,SHARE_DOCUMENT,1,B1-PER-ACTION-OBLIVIOUS,True,True,True,0
0,103,AUTHORIZATION,SHARE_DOCUMENT,1,B2-ADAPTIVE-OBLIVIOUS,True,True,True,0
0,104,AUTHORIZATION,SHARE_DOCUMENT,0,B0-NATURAL,True,True,True,0
0,104,AUTHORIZATION,SHARE_DOCUMENT,0,B1-PER-ACTION-OBLIVIOUS,True,True,True,0
0,104,AUTHORIZATION,SHARE_DOCUMENT,0,B2-ADAPTIVE-OBLIVIOUS,True,True,True,0
0,105,AUTHORIZATION,SHARE_DOCUMENT,1,B0-NATURAL,True,True,True,0
0,105,AUTHORIZATION,SHARE_DOCUMENT,1,B1-PER-ACTION-OBLIVIOUS,True,True,True,0
0,105,AUTHORIZATION,SHARE_DOCUMENT,1,B2-ADAPTIVE-OBLIVIOUS,True,True,True,0
0,106,AUTHORIZATION,SHARE_DOCUMENT,0,B0-NATURAL,True,True,True,0
0,106,AUTHORIZATION,SHARE_DOCUMENT,0,B1-PER-ACTION-OBLIVIOUS,True,True,True,0
0,106,AUTHORIZATION,SHARE_DOCUMENT,0,B2-ADAPTIVE-OBLIVIOUS,True,True,True,0
0,107,AUTHORIZATION,SHARE_DOCUMENT,1,B0-NATURAL,True,True,True,0
0,107,AUTHORIZATION,SHARE_DOCUMENT,1,B1-PER-ACTION-OBLIVIOUS,True,True,True,0
0,107,AUTHORIZATION,SHARE_DOCUMENT,1,B2-ADAPTIVE-OBLIVIOUS,True,True,True,0
0,108,AUTHORIZATION,SHARE_DOCUMENT,0,B0-NATURAL,True,True,True,0
0,108,AUTHORIZATION,SHARE_DOCUMENT,0,B1-PER-ACTION-OBLIVIOUS,True,True,True,0
0,108,AUTHORIZATION,SHARE_DOCUMENT,0,B2-ADAPTIVE-OBLIVIOUS,True,True,True,0
0,109,AUTHORIZATION,SHARE_DOCUMENT,1,B0-NATURAL,True,True,True,0
0,109,AUTHORIZATION,SHARE_DOCUMENT,1,B1-PER-ACTION-OBLIVIOUS,True,True,True,0
0,109,AUTHORIZATION,SHARE_DOCUMENT,1,B2-ADAPTIVE-OBLIVIOUS,True,True,True,0
0,110,AUTHORIZATION,SHARE_DOCUMENT,0,B0-NATURAL,True,True,True,0
0,110,AUTHORIZATION,SHARE_DOCUMENT,0,B1-PER-ACTION-OBLIVIOUS,True,True,True,0
0,110,AUTHORIZATION,SHARE_DOCUMENT,0,B2-ADAPTIVE-OBLIVIOUS,True,True,True,0
0,111,AUTHORIZATION,SHARE_DOCUMENT,1,B0-NATURAL,True,True,True,0
0,111,AUTHORIZATION,SHARE_DOCUMENT,1,B1-PER-ACTION-OBLIVIOUS,True,True,True,0
0,111,AUTHORIZATION,SHARE_DOCUMENT,1,B2-ADAPTIVE-OBLIVIOUS,True,True,True,0
0,112,AUTHORIZATION,SHARE_DOCUMENT,0,B0-NATURAL,True,True,True,0
0,112,AUTHORIZATION,SHARE_DOCUMENT,0,B1-PER-ACTION-OBLIVIOUS,True,True,True,0
0,112,AUTHORIZATION,SHARE_DOCUMENT,0,B2-ADAPTIVE-OBLIVIOUS,True,True,True,0
0,113,AUTHORIZATION,SHARE_DOCUMENT,1,B0-NATURAL,True,True,True,0
0,113,AUTHORIZATION,SHARE_DOCUMENT,1,B1-PER-ACTION-OBLIVIOUS,True,True,True,0
0,113,AUTHORIZATION,SHARE_DOCUMENT,1,B2-ADAPTIVE-OBLIVIOUS,True,True,True,0
0,114,AUTHORIZATION,SHARE_DOCUMENT,0,B0-NATURAL,True,True,True,0
0,114,AUTHORIZATION,SHARE_DOCUMENT,0,B1-PER-ACTION-OBLIVIOUS,True,True,True,0
0,114,AUTHORIZATION,SHARE_DOCUMENT,0,B2-ADAPTIVE-OBLIVIOUS,True,True,True,0
0,115,AUTHORIZATION,SHARE_DOCUMENT,1,B0-NATURAL,True,True,True,0
0,115,AUTHORIZATION,SHARE_DOCUMENT,1,B1-PER-ACTION-OBLIVIOUS,True,True,True,0
0,115,AUTHORIZATION,SHARE_DOCUMENT,1,B2-ADAPTIVE-OBLIVIOUS,True,True,True,0
0,116,AUTHORIZATION,SHARE_DOCUMENT,0,B0-NATURAL,True,True,True,0
0,116,AUTHORIZATION,SHARE_DOCUMENT,0,B1-PER-ACTION-OBLIVIOUS,True,True,True,0
0,116,AUTHORIZATION,SHARE_DOCUMENT,0,B2-ADAPTIVE-OBLIVIOUS,True,True,True,0
0,117,AUTHORIZATION,SHARE_DOCUMENT,1,B0-NATURAL,True,True,True,0
0,117,AUTHORIZATION,SHARE_DOCUMENT,1,B1-PER-ACTION-OBLIVIOUS,True,True,True,0
0,117,AUTHORIZATION,SHARE_DOCUMENT,1,B2-ADAPTIVE-OBLIVIOUS,True,True,True,0
0,118,AUTHORIZATION,SHARE_DOCUMENT,0,B0-NATURAL,True,True,True,0
0,118,AUTHORIZATION,SHARE_DOCUMENT,0,B1-PER-ACTION-OBLIVIOUS,True,True,True,0
0,118,AUTHORIZATION,SHARE_DOCUMENT,0,B2-ADAPTIVE-OBLIVIOUS,True,True,True,0
0,119,AUTHORIZATION,SHARE_DOCUMENT,1,B0-NATURAL,True,True,True,0
0,119,AUTHORIZATION,SHARE_DOCUMENT,1,B1-PER-ACTION-OBLIVIOUS,True,True,True,0
0,119,AUTHORIZATION,SHARE_DOCUMENT,1,B2-ADAPTIVE-OBLIVIOUS,True,True,True,0
0,120,AUTHORIZATION,SHARE_DOCUMENT,0,B0-NATURAL,True,True,True,0
0,120,AUTHORIZATION,SHARE_DOCUMENT,0,B1-PER-ACTION-OBLIVIOUS,True,True,True,0
0,120,AUTHORIZATION,SHARE_DOCUMENT,0,B2-ADAPTIVE-OBLIVIOUS,True,True,True,0
0,121,AUTHORIZATION,SHARE_DOCUMENT,1,B0-NATURAL,True,True,True,0
0,121,AUTHORIZATION,SHARE_DOCUMENT,1,B1-PER-ACTION-OBLIVIOUS,True,True,True,0
0,121,AUTHORIZATION,SHARE_DOCUMENT,1,B2-ADAPTIVE-OBLIVIOUS,True,True,True,0
0,122,AUTHORIZATION,SHARE_DOCUMENT,0,B0-NATURAL,True,True,True,0
0,122,AUTHORIZATION,SHARE_DOCUMENT,0,B1-PER-ACTION-OBLIVIOUS,True,True,True,0
0,122,AUTHORIZATION,SHARE_DOCUMENT,0,B2-ADAPTIVE-OBLIVIOUS,True,True,True,0
0,123,AUTHORIZATION,SHARE_DOCUMENT,1,B0-NATURAL,True,True,True,0
0,123,AUTHORIZATION,SHARE_DOCUMENT,1,B1-PER-ACTION-OBLIVIOUS,True,True,True,0
0,123,AUTHORIZATION,SHARE_DOCUMENT,1,B2-ADAPTIVE-OBLIVIOUS,True,True,True,0
0,124,AUTHORIZATION,SHARE_DOCUMENT,0,B0-NATURAL,True,True,True,0
0,124,AUTHORIZATION,SHARE_DOCUMENT,0,B1-PER-ACTION-OBLIVIOUS,True,True,True,0
0,124,AUTHORIZATION,SHARE_DOCUMENT,0,B2-ADAPTIVE-OBLIVIOUS,True,True,True,0
0,125,AUTHORIZATION,SHARE_DOCUMENT,1,B0-NATURAL,True,True,True,0
0,125,AUTHORIZATION,SHARE_DOCUMENT,1,B1-PER-ACTION-OBLIVIOUS,True,True,True,0
0,125,AUTHORIZATION,SHARE_DOCUMENT,1,B2-ADAPTIVE-OBLIVIOUS,True,True,True,0
0,126,AUTHORIZATION,SHARE_DOCUMENT,0,B0-NATURAL,True,True,True,0
0,126,AUTHORIZATION,SHARE_DOCUMENT,0,B1-PER-ACTION-OBLIVIOUS,True,True,True,0
0,126,AUTHORIZATION,SHARE_DOCUMENT,0,B2-ADAPTIVE-OBLIVIOUS,True,True,True,0
0,127,AUTHORIZATION,SHARE_DOCUMENT,1,B0-NATURAL,True,True,True,0
0,127,AUTHORIZATION,SHARE_DOCUMENT,1,B1-PER-ACTION-OBLIVIOUS,True,True,True,0
0,127,AUTHORIZATION,SHARE_DOCUMENT,1,B2-ADAPTIVE-OBLIVIOUS,True,True,True,0
0,128,AUTHORIZATION,SHARE_DOCUMENT,0,B0-NATURAL,True,True,True,0
0,128,AUTHORIZATION,SHARE_DOCUMENT,0,B1-PER-ACTION-OBLIVIOUS,True,True,True,0
0,128,AUTHORIZATION,SHARE_DOCUMENT,0,B2-ADAPTIVE-OBLIVIOUS,True,True,True,0
0,129,AUTHORIZATION,SHARE_DOCUMENT,1,B0-NATURAL,True,True,True,0
0,129,AUTHORIZATION,SHARE_DOCUMENT,1,B1-PER-ACTION-OBLIVIOUS,True,True,True,0
0,129,AUTHORIZATION,SHARE_DOCUMENT,1,B2-ADAPTIVE-OBLIVIOUS,True,True,True,0
0,130,AUTHORIZATION,SHARE_DOCUMENT,0,B0-NATURAL,True,True,True,0
0,130,AUTHORIZATION,SHARE_DOCUMENT,0,B1-PER-ACTION-OBLIVIOUS,True,True,True,0
0,130,AUTHORIZATION,SHARE_DOCUMENT,0,B2-ADAPTIVE-OBLIVIOUS,True,True,True,0
0,131,AUTHORIZATION,SHARE_DOCUMENT,1,B0-NATURAL,True,True,True,0
0,131,AUTHORIZATION,SHARE_DOCUMENT,1,B1-PER-ACTION-OBLIVIOUS,True,True,True,0
0,131,AUTHORIZATION,SHARE_DOCUMENT,1,B2-ADAPTIVE-OBLIVIOUS,True,True,True,0
0,132,AUTHORIZATION,SHARE_DOCUMENT,0,B0-NATURAL,True,True,True,0
0,132,AUTHORIZATION,SHARE_DOCUMENT,0,B1-PER-ACTION-OBLIVIOUS,True,True,True,0
0,132,AUTHORIZATION,SHARE_DOCUMENT,0,B2-ADAPTIVE-OBLIVIOUS,True,True,True,0
0,133,AUTHORIZATION,SHARE_DOCUMENT,1,B0-NATURAL,True,True,True,0
0,133,AUTHORIZATION,SHARE_DOCUMENT,1,B1-PER-ACTION-OBLIVIOUS,True,True,True,0
0,133,AUTHORIZATION,SHARE_DOCUMENT,1,B2-ADAPTIVE-OBLIVIOUS,True,True,True,0
0,134,AUTHORIZATION,SHARE_DOCUMENT,0,B0-NATURAL,True,True,True,0
0,134,AUTHORIZATION,SHARE_DOCUMENT,0,B1-PER-ACTION-OBLIVIOUS,True,True,True,0
0,134,AUTHORIZATION,SHARE_DOCUMENT,0,B2-ADAPTIVE-OBLIVIOUS,True,True,True,0
0,135,AUTHORIZATION,SHARE_DOCUMENT,1,B0-NATURAL,True,True,True,0
0,135,AUTHORIZATION,SHARE_DOCUMENT,1,B1-PER-ACTION-OBLIVIOUS,True,True,True,0
0,135,AUTHORIZATION,SHARE_DOCUMENT,1,B2-ADAPTIVE-OBLIVIOUS,True,True,True,0
0,136,AUTHORIZATION,SHARE_DOCUMENT,0,B0-NATURAL,True,True,True,0
0,136,AUTHORIZATION,SHARE_DOCUMENT,0,B1-PER-ACTION-OBLIVIOUS,True,True,True,0
0,136,AUTHORIZATION,SHARE_DOCUMENT,0,B2-ADAPTIVE-OBLIVIOUS,True,True,True,0
0,137,AUTHORIZATION,SHARE_DOCUMENT,1,B0-NATURAL,True,True,True,0
0,137,AUTHORIZATION,SHARE_DOCUMENT,1,B1-PER-ACTION-OBLIVIOUS,True,True,True,0
0,137,AUTHORIZATION,SHARE_DOCUMENT,1,B2-ADAPTIVE-OBLIVIOUS,True,True,True,0
0,138,AUTHORIZATION,SHARE_DOCUMENT,0,B0-NATURAL,True,True,True,0
0,138,AUTHORIZATION,SHARE_DOCUMENT,0,B1-PER-ACTION-OBLIVIOUS,True,True,True,0
0,138,AUTHORIZATION,SHARE_DOCUMENT,0,B2-ADAPTIVE-OBLIVIOUS,True,True,True,0
0,139,AUTHORIZATION,SHARE_DOCUMENT,1,B0-NATURAL,True,True,True,0
0,139,AUTHORIZATION,SHARE_DOCUMENT,1,B1-PER-ACTION-OBLIVIOUS,True,True,True,0
0,139,AUTHORIZATION,SHARE_DOCUMENT,1,B2-ADAPTIVE-OBLIVIOUS,True,True,True,0
0,140,AUTHORIZATION,SHARE_DOCUMENT,0,B0-NATURAL,True,True,True,0
0,140,AUTHORIZATION,SHARE_DOCUMENT,0,B1-PER-ACTION-OBLIVIOUS,True,True,True,0
0,140,AUTHORIZATION,SHARE_DOCUMENT,0,B2-ADAPTIVE-OBLIVIOUS,True,True,True,0
0,141,AUTHORIZATION,SHARE_DOCUMENT,1,B0-NATURAL,True,True,True,0
0,141,AUTHORIZATION,SHARE_DOCUMENT,1,B1-PER-ACTION-OBLIVIOUS,True,True,True,0
0,141,AUTHORIZATION,SHARE_DOCUMENT,1,B2-ADAPTIVE-OBLIVIOUS,True,True,True,0
0,142,AUTHORIZATION,SHARE_DOCUMENT,0,B0-NATURAL,True,True,True,0
0,142,AUTHORIZATION,SHARE_DOCUMENT,0,B1-PER-ACTION-OBLIVIOUS,True,True,True,0
0,142,AUTHORIZATION,SHARE_DOCUMENT,0,B2-ADAPTIVE-OBLIVIOUS,True,True,True,0
0,143,AUTHORIZATION,SHARE_DOCUMENT,1,B0-NATURAL,True,True,True,0
0,143,AUTHORIZATION,SHARE_DOCUMENT,1,B1-PER-ACTION-OBLIVIOUS,True,True,True,0
0,143,AUTHORIZATION,SHARE_DOCUMENT,1,B2-ADAPTIVE-OBLIVIOUS,True,True,True,0
0,144,AUTHORIZATION,SHARE_DOCUMENT,0,B0-NATURAL,True,True,True,0
0,144,AUTHORIZATION,SHARE_DOCUMENT,0,B1-PER-ACTION-OBLIVIOUS,True,True,True,0
0,144,AUTHORIZATION,SHARE_DOCUMENT,0,B2-ADAPTIVE-OBLIVIOUS,True,True,True,0
0,145,AUTHORIZATION,SHARE_DOCUMENT,1,B0-NATURAL,True,True,True,0
0,145,AUTHORIZATION,SHARE_DOCUMENT,1,B1-PER-ACTION-OBLIVIOUS,True,True,True,0
0,145,AUTHORIZATION,SHARE_DOCUMENT,1,B2-ADAPTIVE-OBLIVIOUS,True,True,True,0
0,146,AUTHORIZATION,SHARE_DOCUMENT,0,B0-NATURAL,True,True,True,0
0,146,AUTHORIZATION,SHARE_DOCUMENT,0,B1-PER-ACTION-OBLIVIOUS,True,True,True,0
0,146,AUTHORIZATION,SHARE_DOCUMENT,0,B2-ADAPTIVE-OBLIVIOUS,True,True,True,0
0,147,AUTHORIZATION,SHARE_DOCUMENT,1,B0-NATURAL,True,True,True,0
0,147,AUTHORIZATION,SHARE_DOCUMENT,1,B1-PER-ACTION-OBLIVIOUS,True,True,True,0
0,147,AUTHORIZATION,SHARE_DOCUMENT,1,B2-ADAPTIVE-OBLIVIOUS,True,True,True,0
0,148,AUTHORIZATION,SHARE_DOCUMENT,0,B0-NATURAL,True,True,True,0
0,148,AUTHORIZATION,SHARE_DOCUMENT,0,B1-PER-ACTION-OBLIVIOUS,True,True,True,0
0,148,AUTHORIZATION,SHARE_DOCUMENT,0,B2-ADAPTIVE-OBLIVIOUS,True,True,True,0
0,149,AUTHORIZATION,SHARE_DOCUMENT,1,B0-NATURAL,True,True,True,0
0,149,AUTHORIZATION,SHARE_DOCUMENT,1,B1-PER-ACTION-OBLIVIOUS,True,True,True,0
0,149,AUTHORIZATION,SHARE_DOCUMENT,1,B2-ADAPTIVE-OBLIVIOUS,True,True,True,0
0,150,AUTHORIZATION,SHARE_DOCUMENT,0,B0-NATURAL,True,True,True,0
0,150,AUTHORIZATION,SHARE_DOCUMENT,0,B1-PER-ACTION-OBLIVIOUS,True,True,True,0
0,150,AUTHORIZATION,SHARE_DOCUMENT,0,B2-ADAPTIVE-OBLIVIOUS,True,True,True,0
0,151,AUTHORIZATION,SHARE_DOCUMENT,1,B0-NATURAL,True,True,True,0
0,151,AUTHORIZATION,SHARE_DOCUMENT,1,B1-PER-ACTION-OBLIVIOUS,True,True,True,0
0,151,AUTHORIZATION,SHARE_DOCUMENT,1,B2-ADAPTIVE-OBLIVIOUS,True,True,True,0
0,152,AUTHORIZATION,SHARE_DOCUMENT,0,B0-NATURAL,True,True,True,0
0,152,AUTHORIZATION,SHARE_DOCUMENT,0,B1-PER-ACTION-OBLIVIOUS,True,True,True,0
0,152,AUTHORIZATION,SHARE_DOCUMENT,0,B2-ADAPTIVE-OBLIVIOUS,True,True,True,0
0,153,AUTHORIZATION,SHARE_DOCUMENT,1,B0-NATURAL,True,True,True,0
0,153,AUTHORIZATION,SHARE_DOCUMENT,1,B1-PER-ACTION-OBLIVIOUS,True,True,True,0
0,153,AUTHORIZATION,SHARE_DOCUMENT,1,B2-ADAPTIVE-OBLIVIOUS,True,True,True,0
0,154,AUTHORIZATION,SHARE_DOCUMENT,0,B0-NATURAL,True,True,True,0
0,154,AUTHORIZATION,SHARE_DOCUMENT,0,B1-PER-ACTION-OBLIVIOUS,True,True,True,0
0,154,AUTHORIZATION,SHARE_DOCUMENT,0,B2-ADAPTIVE-OBLIVIOUS,True,True,True,0
0,155,AUTHORIZATION,SHARE_DOCUMENT,1,B0-NATURAL,True,True,True,0
0,155,AUTHORIZATION,SHARE_DOCUMENT,1,B1-PER-ACTION-OBLIVIOUS,True,True,True,0
0,155,AUTHORIZATION,SHARE_DOCUMENT,1,B2-ADAPTIVE-OBLIVIOUS,True,True,True,0
0,156,AUTHORIZATION,SHARE_DOCUMENT,0,B0-NATURAL,True,True,True,0
0,156,AUTHORIZATION,SHARE_DOCUMENT,0,B1-PER-ACTION-OBLIVIOUS,True,True,True,0
0,156,AUTHORIZATION,SHARE_DOCUMENT,0,B2-ADAPTIVE-OBLIVIOUS,True,True,True,0
0,157,AUTHORIZATION,SHARE_DOCUMENT,1,B0-NATURAL,True,True,True,0
0,157,AUTHORIZATION,SHARE_DOCUMENT,1,B1-PER-ACTION-OBLIVIOUS,True,True,True,0
0,157,AUTHORIZATION,SHARE_DOCUMENT,1,B2-ADAPTIVE-OBLIVIOUS,True,True,True,0
0,158,AUTHORIZATION,SHARE_DOCUMENT,0,B0-NATURAL,True,True,True,0
0,158,AUTHORIZATION,SHARE_DOCUMENT,0,B1-PER-ACTION-OBLIVIOUS,True,True,True,0
0,158,AUTHORIZATION,SHARE_DOCUMENT,0,B2-ADAPTIVE-OBLIVIOUS,True,True,True,0
0,159,AUTHORIZATION,SHARE_DOCUMENT,1,B0-NATURAL,True,True,True,0
0,159,AUTHORIZATION,SHARE_DOCUMENT,1,B1-PER-ACTION-OBLIVIOUS,True,True,True,0
0,159,AUTHORIZATION,SHARE_DOCUMENT,1,B2-ADAPTIVE-OBLIVIOUS,True,True,True,0
0,160,PROVENANCE,SEND_MESSAGE,0,B0-NATURAL,True,True,True,0
0,160,PROVENANCE,SEND_MESSAGE,0,B1-PER-ACTION-OBLIVIOUS,True,True,True,0
0,160,PROVENANCE,SEND_MESSAGE,0,B2-ADAPTIVE-OBLIVIOUS,True,True,True,0
0,161,PROVENANCE,SEND_MESSAGE,1,B0-NATURAL,True,True,True,0
0,161,PROVENANCE,SEND_MESSAGE,1,B1-PER-ACTION-OBLIVIOUS,True,True,True,0
0,161,PROVENANCE,SEND_MESSAGE,1,B2-ADAPTIVE-OBLIVIOUS,True,True,True,0
0,162,PROVENANCE,SEND_MESSAGE,0,B0-NATURAL,True,True,True,0
0,162,PROVENANCE,SEND_MESSAGE,0,B1-PER-ACTION-OBLIVIOUS,True,True,True,0
0,162,PROVENANCE,SEND_MESSAGE,0,B2-ADAPTIVE-OBLIVIOUS,True,True,True,0
0,163,PROVENANCE,SEND_MESSAGE,1,B0-NATURAL,True,True,True,0
0,163,PROVENANCE,SEND_MESSAGE,1,B1-PER-ACTION-OBLIVIOUS,True,True,True,0
0,163,PROVENANCE,SEND_MESSAGE,1,B2-ADAPTIVE-OBLIVIOUS,True,True,True,0
0,164,PROVENANCE,SEND_MESSAGE,0,B0-NATURAL,True,True,True,0
0,164,PROVENANCE,SEND_MESSAGE,0,B1-PER-ACTION-OBLIVIOUS,True,True,True,0
0,164,PROVENANCE,SEND_MESSAGE,0,B2-ADAPTIVE-OBLIVIOUS,True,True,True,0
0,165,PROVENANCE,SEND_MESSAGE,1,B0-NATURAL,True,True,True,0
0,165,PROVENANCE,SEND_MESSAGE,1,B1-PER-ACTION-OBLIVIOUS,True,True,True,0
0,165,PROVENANCE,SEND_MESSAGE,1,B2-ADAPTIVE-OBLIVIOUS,True,True,True,0
0,166,PROVENANCE,SEND_MESSAGE,0,B0-NATURAL,True,True,True,0
0,166,PROVENANCE,SEND_MESSAGE,0,B1-PER-ACTION-OBLIVIOUS,True,True,True,0
0,166,PROVENANCE,SEND_MESSAGE,0,B2-ADAPTIVE-OBLIVIOUS,True,True,True,0
0,167,PROVENANCE,SEND_MESSAGE,1,B0-NATURAL,True,True,True,0
0,167,PROVENANCE,SEND_MESSAGE,1,B1-PER-ACTION-OBLIVIOUS,True,True,True,0
0,167,PROVENANCE,SEND_MESSAGE,1,B2-ADAPTIVE-OBLIVIOUS,True,True,True,0
0,168,PROVENANCE,SEND_MESSAGE,0,B0-NATURAL,True,True,True,0
0,168,PROVENANCE,SEND_MESSAGE,0,B1-PER-ACTION-OBLIVIOUS,True,True,True,0
0,168,PROVENANCE,SEND_MESSAGE,0,B2-ADAPTIVE-OBLIVIOUS,True,True,True,0
0,169,PROVENANCE,SEND_MESSAGE,1,B0-NATURAL,True,True,True,0
0,169,PROVENANCE,SEND_MESSAGE,1,B1-PER-ACTION-OBLIVIOUS,True,True,True,0
0,169,PROVENANCE,SEND_MESSAGE,1,B2-ADAPTIVE-OBLIVIOUS,True,True,True,0
0,170,PROVENANCE,SEND_MESSAGE,0,B0-NATURAL,True,True,True,0
0,170,PROVENANCE,SEND_MESSAGE,0,B1-PER-ACTION-OBLIVIOUS,True,True,True,0
0,170,PROVENANCE,SEND_MESSAGE,0,B2-ADAPTIVE-OBLIVIOUS,True,True,True,0
0,171,PROVENANCE,SEND_MESSAGE,1,B0-NATURAL,True,True,True,0
0,171,PROVENANCE,SEND_MESSAGE,1,B1-PER-ACTION-OBLIVIOUS,True,True,True,0
0,171,PROVENANCE,SEND_MESSAGE,1,B2-ADAPTIVE-OBLIVIOUS,True,True,True,0
0,172,PROVENANCE,SEND_MESSAGE,0,B0-NATURAL,True,True,True,0
0,172,PROVENANCE,SEND_MESSAGE,0,B1-PER-ACTION-OBLIVIOUS,True,True,True,0
0,172,PROVENANCE,SEND_MESSAGE,0,B2-ADAPTIVE-OBLIVIOUS,True,True,True,0
0,173,PROVENANCE,SEND_MESSAGE,1,B0-NATURAL,True,True,True,0
0,173,PROVENANCE,SEND_MESSAGE,1,B1-PER-ACTION-OBLIVIOUS,True,True,True,0
0,173,PROVENANCE,SEND_MESSAGE,1,B2-ADAPTIVE-OBLIVIOUS,True,True,True,0
0,174,PROVENANCE,SEND_MESSAGE,0,B0-NATURAL,True,True,True,0
0,174,PROVENANCE,SEND_MESSAGE,0,B1-PER-ACTION-OBLIVIOUS,True,True,True,0
0,174,PROVENANCE,SEND_MESSAGE,0,B2-ADAPTIVE-OBLIVIOUS,True,True,True,0
0,175,PROVENANCE,SEND_MESSAGE,1,B0-NATURAL,True,True,True,0
0,175,PROVENANCE,SEND_MESSAGE,1,B1-PER-ACTION-OBLIVIOUS,True,True,True,0
0,175,PROVENANCE,SEND_MESSAGE,1,B2-ADAPTIVE-OBLIVIOUS,True,True,True,0
0,176,PROVENANCE,SEND_MESSAGE,0,B0-NATURAL,True,True,True,0
0,176,PROVENANCE,SEND_MESSAGE,0,B1-PER-ACTION-OBLIVIOUS,True,True,True,0
0,176,PROVENANCE,SEND_MESSAGE,0,B2-ADAPTIVE-OBLIVIOUS,True,True,True,0
0,177,PROVENANCE,SEND_MESSAGE,1,B0-NATURAL,True,True,True,0
0,177,PROVENANCE,SEND_MESSAGE,1,B1-PER-ACTION-OBLIVIOUS,True,True,True,0
0,177,PROVENANCE,SEND_MESSAGE,1,B2-ADAPTIVE-OBLIVIOUS,True,True,True,0
0,178,PROVENANCE,SEND_MESSAGE,0,B0-NATURAL,True,True,True,0
0,178,PROVENANCE,SEND_MESSAGE,0,B1-PER-ACTION-OBLIVIOUS,True,True,True,0
0,178,PROVENANCE,SEND_MESSAGE,0,B2-ADAPTIVE-OBLIVIOUS,True,True,True,0
0,179,PROVENANCE,SEND_MESSAGE,1,B0-NATURAL,True,True,True,0
0,179,PROVENANCE,SEND_MESSAGE,1,B1-PER-ACTION-OBLIVIOUS,True,True,True,0
0,179,PROVENANCE,SEND_MESSAGE,1,B2-ADAPTIVE-OBLIVIOUS,True,True,True,0
0,180,PROVENANCE,SEND_MESSAGE,0,B0-NATURAL,True,True,True,0
0,180,PROVENANCE,SEND_MESSAGE,0,B1-PER-ACTION-OBLIVIOUS,True,True,True,0
0,180,PROVENANCE,SEND_MESSAGE,0,B2-ADAPTIVE-OBLIVIOUS,True,True,True,0
0,181,PROVENANCE,SEND_MESSAGE,1,B0-NATURAL,True,True,True,0
0,181,PROVENANCE,SEND_MESSAGE,1,B1-PER-ACTION-OBLIVIOUS,True,True,True,0
0,181,PROVENANCE,SEND_MESSAGE,1,B2-ADAPTIVE-OBLIVIOUS,True,True,True,0
0,182,PROVENANCE,SEND_MESSAGE,0,B0-NATURAL,True,True,True,0
0,182,PROVENANCE,SEND_MESSAGE,0,B1-PER-ACTION-OBLIVIOUS,True,True,True,0
0,182,PROVENANCE,SEND_MESSAGE,0,B2-ADAPTIVE-OBLIVIOUS,True,True,True,0
0,183,PROVENANCE,SEND_MESSAGE,1,B0-NATURAL,True,True,True,0
0,183,PROVENANCE,SEND_MESSAGE,1,B1-PER-ACTION-OBLIVIOUS,True,True,True,0
0,183,PROVENANCE,SEND_MESSAGE,1,B2-ADAPTIVE-OBLIVIOUS,True,True,True,0
0,184,PROVENANCE,SEND_MESSAGE,0,B0-NATURAL,True,True,True,0
0,184,PROVENANCE,SEND_MESSAGE,0,B1-PER-ACTION-OBLIVIOUS,True,True,True,0
0,184,PROVENANCE,SEND_MESSAGE,0,B2-ADAPTIVE-OBLIVIOUS,True,True,True,0
0,185,PROVENANCE,SEND_MESSAGE,1,B0-NATURAL,True,True,True,0
0,185,PROVENANCE,SEND_MESSAGE,1,B1-PER-ACTION-OBLIVIOUS,True,True,True,0
0,185,PROVENANCE,SEND_MESSAGE,1,B2-ADAPTIVE-OBLIVIOUS,True,True,True,0
0,186,PROVENANCE,SEND_MESSAGE,0,B0-NATURAL,True,True,True,0
0,186,PROVENANCE,SEND_MESSAGE,0,B1-PER-ACTION-OBLIVIOUS,True,True,True,0
0,186,PROVENANCE,SEND_MESSAGE,0,B2-ADAPTIVE-OBLIVIOUS,True,True,True,0
0,187,PROVENANCE,SEND_MESSAGE,1,B0-NATURAL,True,True,True,0
0,187,PROVENANCE,SEND_MESSAGE,1,B1-PER-ACTION-OBLIVIOUS,True,True,True,0
0,187,PROVENANCE,SEND_MESSAGE,1,B2-ADAPTIVE-OBLIVIOUS,True,True,True,0
0,188,PROVENANCE,SEND_MESSAGE,0,B0-NATURAL,True,True,True,0
0,188,PROVENANCE,SEND_MESSAGE,0,B1-PER-ACTION-OBLIVIOUS,True,True,True,0
0,188,PROVENANCE,SEND_MESSAGE,0,B2-ADAPTIVE-OBLIVIOUS,True,True,True,0
0,189,PROVENANCE,SEND_MESSAGE,1,B0-NATURAL,True,True,True,0
0,189,PROVENANCE,SEND_MESSAGE,1,B1-PER-ACTION-OBLIVIOUS,True,True,True,0
0,189,PROVENANCE,SEND_MESSAGE,1,B2-ADAPTIVE-OBLIVIOUS,True,True,True,0
0,190,PROVENANCE,SEND_MESSAGE,0,B0-NATURAL,True,True,True,0
0,190,PROVENANCE,SEND_MESSAGE,0,B1-PER-ACTION-OBLIVIOUS,True,True,True,0
0,190,PROVENANCE,SEND_MESSAGE,0,B2-ADAPTIVE-OBLIVIOUS,True,True,True,0
0,191,PROVENANCE,SEND_MESSAGE,1,B0-NATURAL,True,True,True,0
0,191,PROVENANCE,SEND_MESSAGE,1,B1-PER-ACTION-OBLIVIOUS,True,True,True,0
0,191,PROVENANCE,SEND_MESSAGE,1,B2-ADAPTIVE-OBLIVIOUS,True,True,True,0
0,192,PROVENANCE,SEND_MESSAGE,0,B0-NATURAL,True,True,True,0
0,192,PROVENANCE,SEND_MESSAGE,0,B1-PER-ACTION-OBLIVIOUS,True,True,True,0
0,192,PROVENANCE,SEND_MESSAGE,0,B2-ADAPTIVE-OBLIVIOUS,True,True,True,0
0,193,PROVENANCE,SEND_MESSAGE,1,B0-NATURAL,True,True,True,0
0,193,PROVENANCE,SEND_MESSAGE,1,B1-PER-ACTION-OBLIVIOUS,True,True,True,0
0,193,PROVENANCE,SEND_MESSAGE,1,B2-ADAPTIVE-OBLIVIOUS,True,True,True,0
0,194,PROVENANCE,SEND_MESSAGE,0,B0-NATURAL,True,True,True,0
0,194,PROVENANCE,SEND_MESSAGE,0,B1-PER-ACTION-OBLIVIOUS,True,True,True,0
0,194,PROVENANCE,SEND_MESSAGE,0,B2-ADAPTIVE-OBLIVIOUS,True,True,True,0
0,195,PROVENANCE,SEND_MESSAGE,1,B0-NATURAL,True,True,True,0
0,195,PROVENANCE,SEND_MESSAGE,1,B1-PER-ACTION-OBLIVIOUS,True,True,True,0
0,195,PROVENANCE,SEND_MESSAGE,1,B2-ADAPTIVE-OBLIVIOUS,True,True,True,0
0,196,PROVENANCE,SEND_MESSAGE,0,B0-NATURAL,True,True,True,0
0,196,PROVENANCE,SEND_MESSAGE,0,B1-PER-ACTION-OBLIVIOUS,True,True,True,0
0,196,PROVENANCE,SEND_MESSAGE,0,B2-ADAPTIVE-OBLIVIOUS,True,True,True,0
0,197,PROVENANCE,SEND_MESSAGE,1,B0-NATURAL,True,True,True,0
0,197,PROVENANCE,SEND_MESSAGE,1,B1-PER-ACTION-OBLIVIOUS,True,True,True,0
0,197,PROVENANCE,SEND_MESSAGE,1,B2-ADAPTIVE-OBLIVIOUS,True,True,True,0
0,198,PROVENANCE,SEND_MESSAGE,0,B0-NATURAL,True,True,True,0
0,198,PROVENANCE,SEND_MESSAGE,0,B1-PER-ACTION-OBLIVIOUS,True,True,True,0
0,198,PROVENANCE,SEND_MESSAGE,0,B2-ADAPTIVE-OBLIVIOUS,True,True,True,0
0,199,PROVENANCE,SEND_MESSAGE,1,B0-NATURAL,True,True,True,0
0,199,PROVENANCE,SEND_MESSAGE,1,B1-PER-ACTION-OBLIVIOUS,True,True,True,0
0,199,PROVENANCE,SEND_MESSAGE,1,B2-ADAPTIVE-OBLIVIOUS,True,True,True,0
0,200,PROVENANCE,SEND_MESSAGE,0,B0-NATURAL,True,True,True,0
0,200,PROVENANCE,SEND_MESSAGE,0,B1-PER-ACTION-OBLIVIOUS,True,True,True,0
0,200,PROVENANCE,SEND_MESSAGE,0,B2-ADAPTIVE-OBLIVIOUS,True,True,True,0
0,201,PROVENANCE,SEND_MESSAGE,1,B0-NATURAL,True,True,True,0
0,201,PROVENANCE,SEND_MESSAGE,1,B1-PER-ACTION-OBLIVIOUS,True,True,True,0
0,201,PROVENANCE,SEND_MESSAGE,1,B2-ADAPTIVE-OBLIVIOUS,True,True,True,0
0,202,PROVENANCE,SEND_MESSAGE,0,B0-NATURAL,True,True,True,0
0,202,PROVENANCE,SEND_MESSAGE,0,B1-PER-ACTION-OBLIVIOUS,True,True,True,0
0,202,PROVENANCE,SEND_MESSAGE,0,B2-ADAPTIVE-OBLIVIOUS,True,True,True,0
0,203,PROVENANCE,SEND_MESSAGE,1,B0-NATURAL,True,True,True,0
0,203,PROVENANCE,SEND_MESSAGE,1,B1-PER-ACTION-OBLIVIOUS,True,True,True,0
0,203,PROVENANCE,SEND_MESSAGE,1,B2-ADAPTIVE-OBLIVIOUS,True,True,True,0
0,204,PROVENANCE,SEND_MESSAGE,0,B0-NATURAL,True,True,True,0
0,204,PROVENANCE,SEND_MESSAGE,0,B1-PER-ACTION-OBLIVIOUS,True,True,True,0
0,204,PROVENANCE,SEND_MESSAGE,0,B2-ADAPTIVE-OBLIVIOUS,True,True,True,0
0,205,PROVENANCE,SEND_MESSAGE,1,B0-NATURAL,True,True,True,0
0,205,PROVENANCE,SEND_MESSAGE,1,B1-PER-ACTION-OBLIVIOUS,True,True,True,0
0,205,PROVENANCE,SEND_MESSAGE,1,B2-ADAPTIVE-OBLIVIOUS,True,True,True,0
0,206,PROVENANCE,SEND_MESSAGE,0,B0-NATURAL,True,True,True,0
0,206,PROVENANCE,SEND_MESSAGE,0,B1-PER-ACTION-OBLIVIOUS,True,True,True,0
0,206,PROVENANCE,SEND_MESSAGE,0,B2-ADAPTIVE-OBLIVIOUS,True,True,True,0
0,207,PROVENANCE,SEND_MESSAGE,1,B0-NATURAL,True,True,True,0
0,207,PROVENANCE,SEND_MESSAGE,1,B1-PER-ACTION-OBLIVIOUS,True,True,True,0
0,207,PROVENANCE,SEND_MESSAGE,1,B2-ADAPTIVE-OBLIVIOUS,True,True,True,0
0,208,PROVENANCE,SEND_MESSAGE,0,B0-NATURAL,True,True,True,0
0,208,PROVENANCE,SEND_MESSAGE,0,B1-PER-ACTION-OBLIVIOUS,True,True,True,0
0,208,PROVENANCE,SEND_MESSAGE,0,B2-ADAPTIVE-OBLIVIOUS,True,True,True,0
0,209,PROVENANCE,SEND_MESSAGE,1,B0-NATURAL,True,True,True,0
0,209,PROVENANCE,SEND_MESSAGE,1,B1-PER-ACTION-OBLIVIOUS,True,True,True,0
0,209,PROVENANCE,SEND_MESSAGE,1,B2-ADAPTIVE-OBLIVIOUS,True,True,True,0
0,210,PROVENANCE,SEND_MESSAGE,0,B0-NATURAL,True,True,True,0
0,210,PROVENANCE,SEND_MESSAGE,0,B1-PER-ACTION-OBLIVIOUS,True,True,True,0
0,210,PROVENANCE,SEND_MESSAGE,0,B2-ADAPTIVE-OBLIVIOUS,True,True,True,0
0,211,PROVENANCE,SEND_MESSAGE,1,B0-NATURAL,True,True,True,0
0,211,PROVENANCE,SEND_MESSAGE,1,B1-PER-ACTION-OBLIVIOUS,True,True,True,0
0,211,PROVENANCE,SEND_MESSAGE,1,B2-ADAPTIVE-OBLIVIOUS,True,True,True,0
0,212,PROVENANCE,SEND_MESSAGE,0,B0-NATURAL,True,True,True,0
0,212,PROVENANCE,SEND_MESSAGE,0,B1-PER-ACTION-OBLIVIOUS,True,True,True,0
0,212,PROVENANCE,SEND_MESSAGE,0,B2-ADAPTIVE-OBLIVIOUS,True,True,True,0
0,213,PROVENANCE,SEND_MESSAGE,1,B0-NATURAL,True,True,True,0
0,213,PROVENANCE,SEND_MESSAGE,1,B1-PER-ACTION-OBLIVIOUS,True,True,True,0
0,213,PROVENANCE,SEND_MESSAGE,1,B2-ADAPTIVE-OBLIVIOUS,True,True,True,0
0,214,PROVENANCE,SEND_MESSAGE,0,B0-NATURAL,True,True,True,0
0,214,PROVENANCE,SEND_MESSAGE,0,B1-PER-ACTION-OBLIVIOUS,True,True,True,0
0,214,PROVENANCE,SEND_MESSAGE,0,B2-ADAPTIVE-OBLIVIOUS,True,True,True,0
0,215,PROVENANCE,SEND_MESSAGE,1,B0-NATURAL,True,True,True,0
0,215,PROVENANCE,SEND_MESSAGE,1,B1-PER-ACTION-OBLIVIOUS,True,True,True,0
0,215,PROVENANCE,SEND_MESSAGE,1,B2-ADAPTIVE-OBLIVIOUS,True,True,True,0
0,216,PROVENANCE,SEND_MESSAGE,0,B0-NATURAL,True,True,True,0
0,216,PROVENANCE,SEND_MESSAGE,0,B1-PER-ACTION-OBLIVIOUS,True,True,True,0
0,216,PROVENANCE,SEND_MESSAGE,0,B2-ADAPTIVE-OBLIVIOUS,True,True,True,0
0,217,PROVENANCE,SEND_MESSAGE,1,B0-NATURAL,True,True,True,0
0,217,PROVENANCE,SEND_MESSAGE,1,B1-PER-ACTION-OBLIVIOUS,True,True,True,0
0,217,PROVENANCE,SEND_MESSAGE,1,B2-ADAPTIVE-OBLIVIOUS,True,True,True,0
0,218,PROVENANCE,SEND_MESSAGE,0,B0-NATURAL,True,True,True,0
0,218,PROVENANCE,SEND_MESSAGE,0,B1-PER-ACTION-OBLIVIOUS,True,True,True,0
0,218,PROVENANCE,SEND_MESSAGE,0,B2-ADAPTIVE-OBLIVIOUS,True,True,True,0
0,219,PROVENANCE,SEND_MESSAGE,1,B0-NATURAL,True,True,True,0
0,219,PROVENANCE,SEND_MESSAGE,1,B1-PER-ACTION-OBLIVIOUS,True,True,True,0
0,219,PROVENANCE,SEND_MESSAGE,1,B2-ADAPTIVE-OBLIVIOUS,True,True,True,0
0,220,PROVENANCE,SEND_MESSAGE,0,B0-NATURAL,True,True,True,0
0,220,PROVENANCE,SEND_MESSAGE,0,B1-PER-ACTION-OBLIVIOUS,True,True,True,0
0,220,PROVENANCE,SEND_MESSAGE,0,B2-ADAPTIVE-OBLIVIOUS,True,True,True,0
0,221,PROVENANCE,SEND_MESSAGE,1,B0-NATURAL,True,True,True,0
0,221,PROVENANCE,SEND_MESSAGE,1,B1-PER-ACTION-OBLIVIOUS,True,True,True,0
0,221,PROVENANCE,SEND_MESSAGE,1,B2-ADAPTIVE-OBLIVIOUS,True,True,True,0
0,222,PROVENANCE,SEND_MESSAGE,0,B0-NATURAL,True,True,True,0
0,222,PROVENANCE,SEND_MESSAGE,0,B1-PER-ACTION-OBLIVIOUS,True,True,True,0
0,222,PROVENANCE,SEND_MESSAGE,0,B2-ADAPTIVE-OBLIVIOUS,True,True,True,0
0,223,PROVENANCE,SEND_MESSAGE,1,B0-NATURAL,True,True,True,0
0,223,PROVENANCE,SEND_MESSAGE,1,B1-PER-ACTION-OBLIVIOUS,True,True,True,0
0,223,PROVENANCE,SEND_MESSAGE,1,B2-ADAPTIVE-OBLIVIOUS,True,True,True,0
0,224,PROVENANCE,SEND_MESSAGE,0,B0-NATURAL,True,True,True,0
0,224,PROVENANCE,SEND_MESSAGE,0,B1-PER-ACTION-OBLIVIOUS,True,True,True,0
0,224,PROVENANCE,SEND_MESSAGE,0,B2-ADAPTIVE-OBLIVIOUS,True,True,True,0
0,225,PROVENANCE,SEND_MESSAGE,1,B0-NATURAL,True,True,True,0
0,225,PROVENANCE,SEND_MESSAGE,1,B1-PER-ACTION-OBLIVIOUS,True,True,True,0
0,225,PROVENANCE,SEND_MESSAGE,1,B2-ADAPTIVE-OBLIVIOUS,True,True,True,0
0,226,PROVENANCE,SEND_MESSAGE,0,B0-NATURAL,True,True,True,0
0,226,PROVENANCE,SEND_MESSAGE,0,B1-PER-ACTION-OBLIVIOUS,True,True,True,0
0,226,PROVENANCE,SEND_MESSAGE,0,B2-ADAPTIVE-OBLIVIOUS,True,True,True,0
0,227,PROVENANCE,SEND_MESSAGE,1,B0-NATURAL,True,True,True,0
0,227,PROVENANCE,SEND_MESSAGE,1,B1-PER-ACTION-OBLIVIOUS,True,True,True,0
0,227,PROVENANCE,SEND_MESSAGE,1,B2-ADAPTIVE-OBLIVIOUS,True,True,True,0
0,228,PROVENANCE,SEND_MESSAGE,0,B0-NATURAL,True,True,True,0
0,228,PROVENANCE,SEND_MESSAGE,0,B1-PER-ACTION-OBLIVIOUS,True,True,True,0
0,228,PROVENANCE,SEND_MESSAGE,0,B2-ADAPTIVE-OBLIVIOUS,True,True,True,0
0,229,PROVENANCE,SEND_MESSAGE,1,B0-NATURAL,True,True,True,0
0,229,PROVENANCE,SEND_MESSAGE,1,B1-PER-ACTION-OBLIVIOUS,True,True,True,0
0,229,PROVENANCE,SEND_MESSAGE,1,B2-ADAPTIVE-OBLIVIOUS,True,True,True,0
0,230,PROVENANCE,SEND_MESSAGE,0,B0-NATURAL,True,True,True,0
0,230,PROVENANCE,SEND_MESSAGE,0,B1-PER-ACTION-OBLIVIOUS,True,True,True,0
0,230,PROVENANCE,SEND_MESSAGE,0,B2-ADAPTIVE-OBLIVIOUS,True,True,True,0
0,231,PROVENANCE,SEND_MESSAGE,1,B0-NATURAL,True,True,True,0
0,231,PROVENANCE,SEND_MESSAGE,1,B1-PER-ACTION-OBLIVIOUS,True,True,True,0
0,231,PROVENANCE,SEND_MESSAGE,1,B2-ADAPTIVE-OBLIVIOUS,True,True,True,0
0,232,PROVENANCE,SEND_MESSAGE,0,B0-NATURAL,True,True,True,0
0,232,PROVENANCE,SEND_MESSAGE,0,B1-PER-ACTION-OBLIVIOUS,True,True,True,0
0,232,PROVENANCE,SEND_MESSAGE,0,B2-ADAPTIVE-OBLIVIOUS,True,True,True,0
0,233,PROVENANCE,SEND_MESSAGE,1,B0-NATURAL,True,True,True,0
0,233,PROVENANCE,SEND_MESSAGE,1,B1-PER-ACTION-OBLIVIOUS,True,True,True,0
0,233,PROVENANCE,SEND_MESSAGE,1,B2-ADAPTIVE-OBLIVIOUS,True,True,True,0
0,234,PROVENANCE,SEND_MESSAGE,0,B0-NATURAL,True,True,True,0
0,234,PROVENANCE,SEND_MESSAGE,0,B1-PER-ACTION-OBLIVIOUS,True,True,True,0
0,234,PROVENANCE,SEND_MESSAGE,0,B2-ADAPTIVE-OBLIVIOUS,True,True,True,0
0,235,PROVENANCE,SEND_MESSAGE,1,B0-NATURAL,True,True,True,0
0,235,PROVENANCE,SEND_MESSAGE,1,B1-PER-ACTION-OBLIVIOUS,True,True,True,0
0,235,PROVENANCE,SEND_MESSAGE,1,B2-ADAPTIVE-OBLIVIOUS,True,True,True,0
0,236,PROVENANCE,SEND_MESSAGE,0,B0-NATURAL,True,True,True,0
0,236,PROVENANCE,SEND_MESSAGE,0,B1-PER-ACTION-OBLIVIOUS,True,True,True,0
0,236,PROVENANCE,SEND_MESSAGE,0,B2-ADAPTIVE-OBLIVIOUS,True,True,True,0
0,237,PROVENANCE,SEND_MESSAGE,1,B0-NATURAL,True,True,True,0
0,237,PROVENANCE,SEND_MESSAGE,1,B1-PER-ACTION-OBLIVIOUS,True,True,True,0
0,237,PROVENANCE,SEND_MESSAGE,1,B2-ADAPTIVE-OBLIVIOUS,True,True,True,0
0,238,PROVENANCE,SEND_MESSAGE,0,B0-NATURAL,True,True,True,0
0,238,PROVENANCE,SEND_MESSAGE,0,B1-PER-ACTION-OBLIVIOUS,True,True,True,0
0,238,PROVENANCE,SEND_MESSAGE,0,B2-ADAPTIVE-OBLIVIOUS,True,True,True,0
0,239,PROVENANCE,SEND_MESSAGE,1,B0-NATURAL,True,True,True,0
0,239,PROVENANCE,SEND_MESSAGE,1,B1-PER-ACTION-OBLIVIOUS,True,True,True,0
0,239,PROVENANCE,SEND_MESSAGE,1,B2-ADAPTIVE-OBLIVIOUS,True,True,True,0
0,240,PROVENANCE,SHARE_DOCUMENT,0,B0-NATURAL,True,True,True,0
0,240,PROVENANCE,SHARE_DOCUMENT,0,B1-PER-ACTION-OBLIVIOUS,True,True,True,0
0,240,PROVENANCE,SHARE_DOCUMENT,0,B2-ADAPTIVE-OBLIVIOUS,True,True,True,0
0,241,PROVENANCE,SHARE_DOCUMENT,1,B0-NATURAL,True,True,True,0
0,241,PROVENANCE,SHARE_DOCUMENT,1,B1-PER-ACTION-OBLIVIOUS,True,True,True,0
0,241,PROVENANCE,SHARE_DOCUMENT,1,B2-ADAPTIVE-OBLIVIOUS,True,True,True,0
0,242,PROVENANCE,SHARE_DOCUMENT,0,B0-NATURAL,True,True,True,0
0,242,PROVENANCE,SHARE_DOCUMENT,0,B1-PER-ACTION-OBLIVIOUS,True,True,True,0
0,242,PROVENANCE,SHARE_DOCUMENT,0,B2-ADAPTIVE-OBLIVIOUS,True,True,True,0
0,243,PROVENANCE,SHARE_DOCUMENT,1,B0-NATURAL,True,True,True,0
0,243,PROVENANCE,SHARE_DOCUMENT,1,B1-PER-ACTION-OBLIVIOUS,True,True,True,0
0,243,PROVENANCE,SHARE_DOCUMENT,1,B2-ADAPTIVE-OBLIVIOUS,True,True,True,0
0,244,PROVENANCE,SHARE_DOCUMENT,0,B0-NATURAL,True,True,True,0
0,244,PROVENANCE,SHARE_DOCUMENT,0,B1-PER-ACTION-OBLIVIOUS,True,True,True,0
0,244,PROVENANCE,SHARE_DOCUMENT,0,B2-ADAPTIVE-OBLIVIOUS,True,True,True,0
0,245,PROVENANCE,SHARE_DOCUMENT,1,B0-NATURAL,True,True,True,0
0,245,PROVENANCE,SHARE_DOCUMENT,1,B1-PER-ACTION-OBLIVIOUS,True,True,True,0
0,245,PROVENANCE,SHARE_DOCUMENT,1,B2-ADAPTIVE-OBLIVIOUS,True,True,True,0
0,246,PROVENANCE,SHARE_DOCUMENT,0,B0-NATURAL,True,True,True,0
0,246,PROVENANCE,SHARE_DOCUMENT,0,B1-PER-ACTION-OBLIVIOUS,True,True,True,0
0,246,PROVENANCE,SHARE_DOCUMENT,0,B2-ADAPTIVE-OBLIVIOUS,True,True,True,0
0,247,PROVENANCE,SHARE_DOCUMENT,1,B0-NATURAL,True,True,True,0
0,247,PROVENANCE,SHARE_DOCUMENT,1,B1-PER-ACTION-OBLIVIOUS,True,True,True,0
0,247,PROVENANCE,SHARE_DOCUMENT,1,B2-ADAPTIVE-OBLIVIOUS,True,True,True,0
0,248,PROVENANCE,SHARE_DOCUMENT,0,B0-NATURAL,True,True,True,0
0,248,PROVENANCE,SHARE_DOCUMENT,0,B1-PER-ACTION-OBLIVIOUS,True,True,True,0
0,248,PROVENANCE,SHARE_DOCUMENT,0,B2-ADAPTIVE-OBLIVIOUS,True,True,True,0
0,249,PROVENANCE,SHARE_DOCUMENT,1,B0-NATURAL,True,True,True,0
0,249,PROVENANCE,SHARE_DOCUMENT,1,B1-PER-ACTION-OBLIVIOUS,True,True,True,0
0,249,PROVENANCE,SHARE_DOCUMENT,1,B2-ADAPTIVE-OBLIVIOUS,True,True,True,0
0,250,PROVENANCE,SHARE_DOCUMENT,0,B0-NATURAL,True,True,True,0
0,250,PROVENANCE,SHARE_DOCUMENT,0,B1-PER-ACTION-OBLIVIOUS,True,True,True,0
0,250,PROVENANCE,SHARE_DOCUMENT,0,B2-ADAPTIVE-OBLIVIOUS,True,True,True,0
0,251,PROVENANCE,SHARE_DOCUMENT,1,B0-NATURAL,True,True,True,0
0,251,PROVENANCE,SHARE_DOCUMENT,1,B1-PER-ACTION-OBLIVIOUS,True,True,True,0
0,251,PROVENANCE,SHARE_DOCUMENT,1,B2-ADAPTIVE-OBLIVIOUS,True,True,True,0
0,252,PROVENANCE,SHARE_DOCUMENT,0,B0-NATURAL,True,True,True,0
0,252,PROVENANCE,SHARE_DOCUMENT,0,B1-PER-ACTION-OBLIVIOUS,True,True,True,0
0,252,PROVENANCE,SHARE_DOCUMENT,0,B2-ADAPTIVE-OBLIVIOUS,True,True,True,0
0,253,PROVENANCE,SHARE_DOCUMENT,1,B0-NATURAL,True,True,True,0
0,253,PROVENANCE,SHARE_DOCUMENT,1,B1-PER-ACTION-OBLIVIOUS,True,True,True,0
0,253,PROVENANCE,SHARE_DOCUMENT,1,B2-ADAPTIVE-OBLIVIOUS,True,True,True,0
0,254,PROVENANCE,SHARE_DOCUMENT,0,B0-NATURAL,True,True,True,0
0,254,PROVENANCE,SHARE_DOCUMENT,0,B1-PER-ACTION-OBLIVIOUS,True,True,True,0
0,254,PROVENANCE,SHARE_DOCUMENT,0,B2-ADAPTIVE-OBLIVIOUS,True,True,True,0
0,255,PROVENANCE,SHARE_DOCUMENT,1,B0-NATURAL,True,True,True,0
0,255,PROVENANCE,SHARE_DOCUMENT,1,B1-PER-ACTION-OBLIVIOUS,True,True,True,0
0,255,PROVENANCE,SHARE_DOCUMENT,1,B2-ADAPTIVE-OBLIVIOUS,True,True,True,0
0,256,PROVENANCE,SHARE_DOCUMENT,0,B0-NATURAL,True,True,True,0
0,256,PROVENANCE,SHARE_DOCUMENT,0,B1-PER-ACTION-OBLIVIOUS,True,True,True,0
0,256,PROVENANCE,SHARE_DOCUMENT,0,B2-ADAPTIVE-OBLIVIOUS,True,True,True,0
0,257,PROVENANCE,SHARE_DOCUMENT,1,B0-NATURAL,True,True,True,0
0,257,PROVENANCE,SHARE_DOCUMENT,1,B1-PER-ACTION-OBLIVIOUS,True,True,True,0
0,257,PROVENANCE,SHARE_DOCUMENT,1,B2-ADAPTIVE-OBLIVIOUS,True,True,True,0
0,258,PROVENANCE,SHARE_DOCUMENT,0,B0-NATURAL,True,True,True,0
0,258,PROVENANCE,SHARE_DOCUMENT,0,B1-PER-ACTION-OBLIVIOUS,True,True,True,0
0,258,PROVENANCE,SHARE_DOCUMENT,0,B2-ADAPTIVE-OBLIVIOUS,True,True,True,0
0,259,PROVENANCE,SHARE_DOCUMENT,1,B0-NATURAL,True,True,True,0
0,259,PROVENANCE,SHARE_DOCUMENT,1,B1-PER-ACTION-OBLIVIOUS,True,True,True,0
0,259,PROVENANCE,SHARE_DOCUMENT,1,B2-ADAPTIVE-OBLIVIOUS,True,True,True,0
0,260,PROVENANCE,SHARE_DOCUMENT,0,B0-NATURAL,True,True,True,0
0,260,PROVENANCE,SHARE_DOCUMENT,0,B1-PER-ACTION-OBLIVIOUS,True,True,True,0
0,260,PROVENANCE,SHARE_DOCUMENT,0,B2-ADAPTIVE-OBLIVIOUS,True,True,True,0
0,261,PROVENANCE,SHARE_DOCUMENT,1,B0-NATURAL,True,True,True,0
0,261,PROVENANCE,SHARE_DOCUMENT,1,B1-PER-ACTION-OBLIVIOUS,True,True,True,0
0,261,PROVENANCE,SHARE_DOCUMENT,1,B2-ADAPTIVE-OBLIVIOUS,True,True,True,0
0,262,PROVENANCE,SHARE_DOCUMENT,0,B0-NATURAL,True,True,True,0
0,262,PROVENANCE,SHARE_DOCUMENT,0,B1-PER-ACTION-OBLIVIOUS,True,True,True,0
0,262,PROVENANCE,SHARE_DOCUMENT,0,B2-ADAPTIVE-OBLIVIOUS,True,True,True,0
0,263,PROVENANCE,SHARE_DOCUMENT,1,B0-NATURAL,True,True,True,0
0,263,PROVENANCE,SHARE_DOCUMENT,1,B1-PER-ACTION-OBLIVIOUS,True,True,True,0
0,263,PROVENANCE,SHARE_DOCUMENT,1,B2-ADAPTIVE-OBLIVIOUS,True,True,True,0
0,264,PROVENANCE,SHARE_DOCUMENT,0,B0-NATURAL,True,True,True,0
0,264,PROVENANCE,SHARE_DOCUMENT,0,B1-PER-ACTION-OBLIVIOUS,True,True,True,0
0,264,PROVENANCE,SHARE_DOCUMENT,0,B2-ADAPTIVE-OBLIVIOUS,True,True,True,0
0,265,PROVENANCE,SHARE_DOCUMENT,1,B0-NATURAL,True,True,True,0
0,265,PROVENANCE,SHARE_DOCUMENT,1,B1-PER-ACTION-OBLIVIOUS,True,True,True,0
0,265,PROVENANCE,SHARE_DOCUMENT,1,B2-ADAPTIVE-OBLIVIOUS,True,True,True,0
0,266,PROVENANCE,SHARE_DOCUMENT,0,B0-NATURAL,True,True,True,0
0,266,PROVENANCE,SHARE_DOCUMENT,0,B1-PER-ACTION-OBLIVIOUS,True,True,True,0
0,266,PROVENANCE,SHARE_DOCUMENT,0,B2-ADAPTIVE-OBLIVIOUS,True,True,True,0
0,267,PROVENANCE,SHARE_DOCUMENT,1,B0-NATURAL,True,True,True,0
0,267,PROVENANCE,SHARE_DOCUMENT,1,B1-PER-ACTION-OBLIVIOUS,True,True,True,0
0,267,PROVENANCE,SHARE_DOCUMENT,1,B2-ADAPTIVE-OBLIVIOUS,True,True,True,0
0,268,PROVENANCE,SHARE_DOCUMENT,0,B0-NATURAL,True,True,True,0
0,268,PROVENANCE,SHARE_DOCUMENT,0,B1-PER-ACTION-OBLIVIOUS,True,True,True,0
0,268,PROVENANCE,SHARE_DOCUMENT,0,B2-ADAPTIVE-OBLIVIOUS,True,True,True,0
0,269,PROVENANCE,SHARE_DOCUMENT,1,B0-NATURAL,True,True,True,0
0,269,PROVENANCE,SHARE_DOCUMENT,1,B1-PER-ACTION-OBLIVIOUS,True,True,True,0
0,269,PROVENANCE,SHARE_DOCUMENT,1,B2-ADAPTIVE-OBLIVIOUS,True,True,True,0
0,270,PROVENANCE,SHARE_DOCUMENT,0,B0-NATURAL,True,True,True,0
0,270,PROVENANCE,SHARE_DOCUMENT,0,B1-PER-ACTION-OBLIVIOUS,True,True,True,0
0,270,PROVENANCE,SHARE_DOCUMENT,0,B2-ADAPTIVE-OBLIVIOUS,True,True,True,0
0,271,PROVENANCE,SHARE_DOCUMENT,1,B0-NATURAL,True,True,True,0
0,271,PROVENANCE,SHARE_DOCUMENT,1,B1-PER-ACTION-OBLIVIOUS,True,True,True,0
0,271,PROVENANCE,SHARE_DOCUMENT,1,B2-ADAPTIVE-OBLIVIOUS,True,True,True,0
0,272,PROVENANCE,SHARE_DOCUMENT,0,B0-NATURAL,True,True,True,0
0,272,PROVENANCE,SHARE_DOCUMENT,0,B1-PER-ACTION-OBLIVIOUS,True,True,True,0
0,272,PROVENANCE,SHARE_DOCUMENT,0,B2-ADAPTIVE-OBLIVIOUS,True,True,True,0
0,273,PROVENANCE,SHARE_DOCUMENT,1,B0-NATURAL,True,True,True,0
0,273,PROVENANCE,SHARE_DOCUMENT,1,B1-PER-ACTION-OBLIVIOUS,True,True,True,0
0,273,PROVENANCE,SHARE_DOCUMENT,1,B2-ADAPTIVE-OBLIVIOUS,True,True,True,0
0,274,PROVENANCE,SHARE_DOCUMENT,0,B0-NATURAL,True,True,True,0
0,274,PROVENANCE,SHARE_DOCUMENT,0,B1-PER-ACTION-OBLIVIOUS,True,True,True,0
0,274,PROVENANCE,SHARE_DOCUMENT,0,B2-ADAPTIVE-OBLIVIOUS,True,True,True,0
0,275,PROVENANCE,SHARE_DOCUMENT,1,B0-NATURAL,True,True,True,0
0,275,PROVENANCE,SHARE_DOCUMENT,1,B1-PER-ACTION-OBLIVIOUS,True,True,True,0
0,275,PROVENANCE,SHARE_DOCUMENT,1,B2-ADAPTIVE-OBLIVIOUS,True,True,True,0
0,276,PROVENANCE,SHARE_DOCUMENT,0,B0-NATURAL,True,True,True,0
0,276,PROVENANCE,SHARE_DOCUMENT,0,B1-PER-ACTION-OBLIVIOUS,True,True,True,0
0,276,PROVENANCE,SHARE_DOCUMENT,0,B2-ADAPTIVE-OBLIVIOUS,True,True,True,0
0,277,PROVENANCE,SHARE_DOCUMENT,1,B0-NATURAL,True,True,True,0
0,277,PROVENANCE,SHARE_DOCUMENT,1,B1-PER-ACTION-OBLIVIOUS,True,True,True,0
0,277,PROVENANCE,SHARE_DOCUMENT,1,B2-ADAPTIVE-OBLIVIOUS,True,True,True,0
0,278,PROVENANCE,SHARE_DOCUMENT,0,B0-NATURAL,True,True,True,0
0,278,PROVENANCE,SHARE_DOCUMENT,0,B1-PER-ACTION-OBLIVIOUS,True,True,True,0
0,278,PROVENANCE,SHARE_DOCUMENT,0,B2-ADAPTIVE-OBLIVIOUS,True,True,True,0
0,279,PROVENANCE,SHARE_DOCUMENT,1,B0-NATURAL,True,True,True,0
0,279,PROVENANCE,SHARE_DOCUMENT,1,B1-PER-ACTION-OBLIVIOUS,True,True,True,0
0,279,PROVENANCE,SHARE_DOCUMENT,1,B2-ADAPTIVE-OBLIVIOUS,True,True,True,0
0,280,PROVENANCE,SHARE_DOCUMENT,0,B0-NATURAL,True,True,True,0
0,280,PROVENANCE,SHARE_DOCUMENT,0,B1-PER-ACTION-OBLIVIOUS,True,True,True,0
0,280,PROVENANCE,SHARE_DOCUMENT,0,B2-ADAPTIVE-OBLIVIOUS,True,True,True,0
0,281,PROVENANCE,SHARE_DOCUMENT,1,B0-NATURAL,True,True,True,0
0,281,PROVENANCE,SHARE_DOCUMENT,1,B1-PER-ACTION-OBLIVIOUS,True,True,True,0
0,281,PROVENANCE,SHARE_DOCUMENT,1,B2-ADAPTIVE-OBLIVIOUS,True,True,True,0
0,282,PROVENANCE,SHARE_DOCUMENT,0,B0-NATURAL,True,True,True,0
0,282,PROVENANCE,SHARE_DOCUMENT,0,B1-PER-ACTION-OBLIVIOUS,True,True,True,0
0,282,PROVENANCE,SHARE_DOCUMENT,0,B2-ADAPTIVE-OBLIVIOUS,True,True,True,0
0,283,PROVENANCE,SHARE_DOCUMENT,1,B0-NATURAL,True,True,True,0
0,283,PROVENANCE,SHARE_DOCUMENT,1,B1-PER-ACTION-OBLIVIOUS,True,True,True,0
0,283,PROVENANCE,SHARE_DOCUMENT,1,B2-ADAPTIVE-OBLIVIOUS,True,True,True,0
0,284,PROVENANCE,SHARE_DOCUMENT,0,B0-NATURAL,True,True,True,0
0,284,PROVENANCE,SHARE_DOCUMENT,0,B1-PER-ACTION-OBLIVIOUS,True,True,True,0
0,284,PROVENANCE,SHARE_DOCUMENT,0,B2-ADAPTIVE-OBLIVIOUS,True,True,True,0
0,285,PROVENANCE,SHARE_DOCUMENT,1,B0-NATURAL,True,True,True,0
0,285,PROVENANCE,SHARE_DOCUMENT,1,B1-PER-ACTION-OBLIVIOUS,True,True,True,0
0,285,PROVENANCE,SHARE_DOCUMENT,1,B2-ADAPTIVE-OBLIVIOUS,True,True,True,0
0,286,PROVENANCE,SHARE_DOCUMENT,0,B0-NATURAL,True,True,True,0
0,286,PROVENANCE,SHARE_DOCUMENT,0,B1-PER-ACTION-OBLIVIOUS,True,True,True,0
0,286,PROVENANCE,SHARE_DOCUMENT,0,B2-ADAPTIVE-OBLIVIOUS,True,True,True,0
0,287,PROVENANCE,SHARE_DOCUMENT,1,B0-NATURAL,True,True,True,0
0,287,PROVENANCE,SHARE_DOCUMENT,1,B1-PER-ACTION-OBLIVIOUS,True,True,True,0
0,287,PROVENANCE,SHARE_DOCUMENT,1,B2-ADAPTIVE-OBLIVIOUS,True,True,True,0
0,288,PROVENANCE,SHARE_DOCUMENT,0,B0-NATURAL,True,True,True,0
0,288,PROVENANCE,SHARE_DOCUMENT,0,B1-PER-ACTION-OBLIVIOUS,True,True,True,0
0,288,PROVENANCE,SHARE_DOCUMENT,0,B2-ADAPTIVE-OBLIVIOUS,True,True,True,0
0,289,PROVENANCE,SHARE_DOCUMENT,1,B0-NATURAL,True,True,True,0
0,289,PROVENANCE,SHARE_DOCUMENT,1,B1-PER-ACTION-OBLIVIOUS,True,True,True,0
0,289,PROVENANCE,SHARE_DOCUMENT,1,B2-ADAPTIVE-OBLIVIOUS,True,True,True,0
0,290,PROVENANCE,SHARE_DOCUMENT,0,B0-NATURAL,True,True,True,0
0,290,PROVENANCE,SHARE_DOCUMENT,0,B1-PER-ACTION-OBLIVIOUS,True,True,True,0
0,290,PROVENANCE,SHARE_DOCUMENT,0,B2-ADAPTIVE-OBLIVIOUS,True,True,True,0
0,291,PROVENANCE,SHARE_DOCUMENT,1,B0-NATURAL,True,True,True,0
0,291,PROVENANCE,SHARE_DOCUMENT,1,B1-PER-ACTION-OBLIVIOUS,True,True,True,0
0,291,PROVENANCE,SHARE_DOCUMENT,1,B2-ADAPTIVE-OBLIVIOUS,True,True,True,0
0,292,PROVENANCE,SHARE_DOCUMENT,0,B0-NATURAL,True,True,True,0
0,292,PROVENANCE,SHARE_DOCUMENT,0,B1-PER-ACTION-OBLIVIOUS,True,True,True,0
0,292,PROVENANCE,SHARE_DOCUMENT,0,B2-ADAPTIVE-OBLIVIOUS,True,True,True,0
0,293,PROVENANCE,SHARE_DOCUMENT,1,B0-NATURAL,True,True,True,0
0,293,PROVENANCE,SHARE_DOCUMENT,1,B1-PER-ACTION-OBLIVIOUS,True,True,True,0
0,293,PROVENANCE,SHARE_DOCUMENT,1,B2-ADAPTIVE-OBLIVIOUS,True,True,True,0
0,294,PROVENANCE,SHARE_DOCUMENT,0,B0-NATURAL,True,True,True,0
0,294,PROVENANCE,SHARE_DOCUMENT,0,B1-PER-ACTION-OBLIVIOUS,True,True,True,0
0,294,PROVENANCE,SHARE_DOCUMENT,0,B2-ADAPTIVE-OBLIVIOUS,True,True,True,0
0,295,PROVENANCE,SHARE_DOCUMENT,1,B0-NATURAL,True,True,True,0
0,295,PROVENANCE,SHARE_DOCUMENT,1,B1-PER-ACTION-OBLIVIOUS,True,True,True,0
0,295,PROVENANCE,SHARE_DOCUMENT,1,B2-ADAPTIVE-OBLIVIOUS,True,True,True,0
0,296,PROVENANCE,SHARE_DOCUMENT,0,B0-NATURAL,True,True,True,0
0,296,PROVENANCE,SHARE_DOCUMENT,0,B1-PER-ACTION-OBLIVIOUS,True,True,True,0
0,296,PROVENANCE,SHARE_DOCUMENT,0,B2-ADAPTIVE-OBLIVIOUS,True,True,True,0
0,297,PROVENANCE,SHARE_DOCUMENT,1,B0-NATURAL,True,True,True,0
0,297,PROVENANCE,SHARE_DOCUMENT,1,B1-PER-ACTION-OBLIVIOUS,True,True,True,0
0,297,PROVENANCE,SHARE_DOCUMENT,1,B2-ADAPTIVE-OBLIVIOUS,True,True,True,0
0,298,PROVENANCE,SHARE_DOCUMENT,0,B0-NATURAL,True,True,True,0
0,298,PROVENANCE,SHARE_DOCUMENT,0,B1-PER-ACTION-OBLIVIOUS,True,True,True,0
0,298,PROVENANCE,SHARE_DOCUMENT,0,B2-ADAPTIVE-OBLIVIOUS,True,True,True,0
0,299,PROVENANCE,SHARE_DOCUMENT,1,B0-NATURAL,True,True,True,0
0,299,PROVENANCE,SHARE_DOCUMENT,1,B1-PER-ACTION-OBLIVIOUS,True,True,True,0
0,299,PROVENANCE,SHARE_DOCUMENT,1,B2-ADAPTIVE-OBLIVIOUS,True,True,True,0
0,300,PROVENANCE,SHARE_DOCUMENT,0,B0-NATURAL,True,True,True,0
0,300,PROVENANCE,SHARE_DOCUMENT,0,B1-PER-ACTION-OBLIVIOUS,True,True,True,0
0,300,PROVENANCE,SHARE_DOCUMENT,0,B2-ADAPTIVE-OBLIVIOUS,True,True,True,0
0,301,PROVENANCE,SHARE_DOCUMENT,1,B0-NATURAL,True,True,True,0
0,301,PROVENANCE,SHARE_DOCUMENT,1,B1-PER-ACTION-OBLIVIOUS,True,True,True,0
0,301,PROVENANCE,SHARE_DOCUMENT,1,B2-ADAPTIVE-OBLIVIOUS,True,True,True,0
0,302,PROVENANCE,SHARE_DOCUMENT,0,B0-NATURAL,True,True,True,0
0,302,PROVENANCE,SHARE_DOCUMENT,0,B1-PER-ACTION-OBLIVIOUS,True,True,True,0
0,302,PROVENANCE,SHARE_DOCUMENT,0,B2-ADAPTIVE-OBLIVIOUS,True,True,True,0
0,303,PROVENANCE,SHARE_DOCUMENT,1,B0-NATURAL,True,True,True,0
0,303,PROVENANCE,SHARE_DOCUMENT,1,B1-PER-ACTION-OBLIVIOUS,True,True,True,0
0,303,PROVENANCE,SHARE_DOCUMENT,1,B2-ADAPTIVE-OBLIVIOUS,True,True,True,0
0,304,PROVENANCE,SHARE_DOCUMENT,0,B0-NATURAL,True,True,True,0
0,304,PROVENANCE,SHARE_DOCUMENT,0,B1-PER-ACTION-OBLIVIOUS,True,True,True,0
0,304,PROVENANCE,SHARE_DOCUMENT,0,B2-ADAPTIVE-OBLIVIOUS,True,True,True,0
0,305,PROVENANCE,SHARE_DOCUMENT,1,B0-NATURAL,True,True,True,0
0,305,PROVENANCE,SHARE_DOCUMENT,1,B1-PER-ACTION-OBLIVIOUS,True,True,True,0
0,305,PROVENANCE,SHARE_DOCUMENT,1,B2-ADAPTIVE-OBLIVIOUS,True,True,True,0
0,306,PROVENANCE,SHARE_DOCUMENT,0,B0-NATURAL,True,True,True,0
0,306,PROVENANCE,SHARE_DOCUMENT,0,B1-PER-ACTION-OBLIVIOUS,True,True,True,0
0,306,PROVENANCE,SHARE_DOCUMENT,0,B2-ADAPTIVE-OBLIVIOUS,True,True,True,0
0,307,PROVENANCE,SHARE_DOCUMENT,1,B0-NATURAL,True,True,True,0
0,307,PROVENANCE,SHARE_DOCUMENT,1,B1-PER-ACTION-OBLIVIOUS,True,True,True,0
0,307,PROVENANCE,SHARE_DOCUMENT,1,B2-ADAPTIVE-OBLIVIOUS,True,True,True,0
0,308,PROVENANCE,SHARE_DOCUMENT,0,B0-NATURAL,True,True,True,0
0,308,PROVENANCE,SHARE_DOCUMENT,0,B1-PER-ACTION-OBLIVIOUS,True,True,True,0
0,308,PROVENANCE,SHARE_DOCUMENT,0,B2-ADAPTIVE-OBLIVIOUS,True,True,True,0
0,309,PROVENANCE,SHARE_DOCUMENT,1,B0-NATURAL,True,True,True,0
0,309,PROVENANCE,SHARE_DOCUMENT,1,B1-PER-ACTION-OBLIVIOUS,True,True,True,0
0,309,PROVENANCE,SHARE_DOCUMENT,1,B2-ADAPTIVE-OBLIVIOUS,True,True,True,0
0,310,PROVENANCE,SHARE_DOCUMENT,0,B0-NATURAL,True,True,True,0
0,310,PROVENANCE,SHARE_DOCUMENT,0,B1-PER-ACTION-OBLIVIOUS,True,True,True,0
0,310,PROVENANCE,SHARE_DOCUMENT,0,B2-ADAPTIVE-OBLIVIOUS,True,True,True,0
0,311,PROVENANCE,SHARE_DOCUMENT,1,B0-NATURAL,True,True,True,0
0,311,PROVENANCE,SHARE_DOCUMENT,1,B1-PER-ACTION-OBLIVIOUS,True,True,True,0
0,311,PROVENANCE,SHARE_DOCUMENT,1,B2-ADAPTIVE-OBLIVIOUS,True,True,True,0
0,312,PROVENANCE,SHARE_DOCUMENT,0,B0-NATURAL,True,True,True,0
0,312,PROVENANCE,SHARE_DOCUMENT,0,B1-PER-ACTION-OBLIVIOUS,True,True,True,0
0,312,PROVENANCE,SHARE_DOCUMENT,0,B2-ADAPTIVE-OBLIVIOUS,True,True,True,0
0,313,PROVENANCE,SHARE_DOCUMENT,1,B0-NATURAL,True,True,True,0
0,313,PROVENANCE,SHARE_DOCUMENT,1,B1-PER-ACTION-OBLIVIOUS,True,True,True,0
0,313,PROVENANCE,SHARE_DOCUMENT,1,B2-ADAPTIVE-OBLIVIOUS,True,True,True,0
0,314,PROVENANCE,SHARE_DOCUMENT,0,B0-NATURAL,True,True,True,0
0,314,PROVENANCE,SHARE_DOCUMENT,0,B1-PER-ACTION-OBLIVIOUS,True,True,True,0
0,314,PROVENANCE,SHARE_DOCUMENT,0,B2-ADAPTIVE-OBLIVIOUS,True,True,True,0
0,315,PROVENANCE,SHARE_DOCUMENT,1,B0-NATURAL,True,True,True,0
0,315,PROVENANCE,SHARE_DOCUMENT,1,B1-PER-ACTION-OBLIVIOUS,True,True,True,0
0,315,PROVENANCE,SHARE_DOCUMENT,1,B2-ADAPTIVE-OBLIVIOUS,True,True,True,0
0,316,PROVENANCE,SHARE_DOCUMENT,0,B0-NATURAL,True,True,True,0
0,316,PROVENANCE,SHARE_DOCUMENT,0,B1-PER-ACTION-OBLIVIOUS,True,True,True,0
0,316,PROVENANCE,SHARE_DOCUMENT,0,B2-ADAPTIVE-OBLIVIOUS,True,True,True,0
0,317,PROVENANCE,SHARE_DOCUMENT,1,B0-NATURAL,True,True,True,0
0,317,PROVENANCE,SHARE_DOCUMENT,1,B1-PER-ACTION-OBLIVIOUS,True,True,True,0
0,317,PROVENANCE,SHARE_DOCUMENT,1,B2-ADAPTIVE-OBLIVIOUS,True,True,True,0
0,318,PROVENANCE,SHARE_DOCUMENT,0,B0-NATURAL,True,True,True,0
0,318,PROVENANCE,SHARE_DOCUMENT,0,B1-PER-ACTION-OBLIVIOUS,True,True,True,0
0,318,PROVENANCE,SHARE_DOCUMENT,0,B2-ADAPTIVE-OBLIVIOUS,True,True,True,0
0,319,PROVENANCE,SHARE_DOCUMENT,1,B0-NATURAL,True,True,True,0
0,319,PROVENANCE,SHARE_DOCUMENT,1,B1-PER-ACTION-OBLIVIOUS,True,True,True,0
0,319,PROVENANCE,SHARE_DOCUMENT,1,B2-ADAPTIVE-OBLIVIOUS,True,True,True,0
0,320,EXTRA_VERIFICATION,SEND_MESSAGE,0,B0-NATURAL,True,True,True,0
0,320,EXTRA_VERIFICATION,SEND_MESSAGE,0,B1-PER-ACTION-OBLIVIOUS,True,True,True,0
0,320,EXTRA_VERIFICATION,SEND_MESSAGE,0,B2-ADAPTIVE-OBLIVIOUS,True,True,True,0
0,321,EXTRA_VERIFICATION,SEND_MESSAGE,1,B0-NATURAL,True,True,True,0
0,321,EXTRA_VERIFICATION,SEND_MESSAGE,1,B1-PER-ACTION-OBLIVIOUS,True,True,True,0
0,321,EXTRA_VERIFICATION,SEND_MESSAGE,1,B2-ADAPTIVE-OBLIVIOUS,True,True,True,0
0,322,EXTRA_VERIFICATION,SEND_MESSAGE,0,B0-NATURAL,True,True,True,0
0,322,EXTRA_VERIFICATION,SEND_MESSAGE,0,B1-PER-ACTION-OBLIVIOUS,True,True,True,0
0,322,EXTRA_VERIFICATION,SEND_MESSAGE,0,B2-ADAPTIVE-OBLIVIOUS,True,True,True,0
0,323,EXTRA_VERIFICATION,SEND_MESSAGE,1,B0-NATURAL,True,True,True,0
0,323,EXTRA_VERIFICATION,SEND_MESSAGE,1,B1-PER-ACTION-OBLIVIOUS,True,True,True,0
0,323,EXTRA_VERIFICATION,SEND_MESSAGE,1,B2-ADAPTIVE-OBLIVIOUS,True,True,True,0
0,324,EXTRA_VERIFICATION,SEND_MESSAGE,0,B0-NATURAL,True,True,True,0
0,324,EXTRA_VERIFICATION,SEND_MESSAGE,0,B1-PER-ACTION-OBLIVIOUS,True,True,True,0
0,324,EXTRA_VERIFICATION,SEND_MESSAGE,0,B2-ADAPTIVE-OBLIVIOUS,True,True,True,0
0,325,EXTRA_VERIFICATION,SEND_MESSAGE,1,B0-NATURAL,True,True,True,0
0,325,EXTRA_VERIFICATION,SEND_MESSAGE,1,B1-PER-ACTION-OBLIVIOUS,True,True,True,0
0,325,EXTRA_VERIFICATION,SEND_MESSAGE,1,B2-ADAPTIVE-OBLIVIOUS,True,True,True,0
0,326,EXTRA_VERIFICATION,SEND_MESSAGE,0,B0-NATURAL,True,True,True,0
0,326,EXTRA_VERIFICATION,SEND_MESSAGE,0,B1-PER-ACTION-OBLIVIOUS,True,True,True,0
0,326,EXTRA_VERIFICATION,SEND_MESSAGE,0,B2-ADAPTIVE-OBLIVIOUS,True,True,True,0
0,327,EXTRA_VERIFICATION,SEND_MESSAGE,1,B0-NATURAL,True,True,True,0
0,327,EXTRA_VERIFICATION,SEND_MESSAGE,1,B1-PER-ACTION-OBLIVIOUS,True,True,True,0
0,327,EXTRA_VERIFICATION,SEND_MESSAGE,1,B2-ADAPTIVE-OBLIVIOUS,True,True,True,0
0,328,EXTRA_VERIFICATION,SEND_MESSAGE,0,B0-NATURAL,True,True,True,0
0,328,EXTRA_VERIFICATION,SEND_MESSAGE,0,B1-PER-ACTION-OBLIVIOUS,True,True,True,0
0,328,EXTRA_VERIFICATION,SEND_MESSAGE,0,B2-ADAPTIVE-OBLIVIOUS,True,True,True,0
0,329,EXTRA_VERIFICATION,SEND_MESSAGE,1,B0-NATURAL,True,True,True,0
0,329,EXTRA_VERIFICATION,SEND_MESSAGE,1,B1-PER-ACTION-OBLIVIOUS,True,True,True,0
0,329,EXTRA_VERIFICATION,SEND_MESSAGE,1,B2-ADAPTIVE-OBLIVIOUS,True,True,True,0
0,330,EXTRA_VERIFICATION,SEND_MESSAGE,0,B0-NATURAL,True,True,True,0
0,330,EXTRA_VERIFICATION,SEND_MESSAGE,0,B1-PER-ACTION-OBLIVIOUS,True,True,True,0
0,330,EXTRA_VERIFICATION,SEND_MESSAGE,0,B2-ADAPTIVE-OBLIVIOUS,True,True,True,0
0,331,EXTRA_VERIFICATION,SEND_MESSAGE,1,B0-NATURAL,True,True,True,0
0,331,EXTRA_VERIFICATION,SEND_MESSAGE,1,B1-PER-ACTION-OBLIVIOUS,True,True,True,0
0,331,EXTRA_VERIFICATION,SEND_MESSAGE,1,B2-ADAPTIVE-OBLIVIOUS,True,True,True,0
0,332,EXTRA_VERIFICATION,SEND_MESSAGE,0,B0-NATURAL,True,True,True,0
0,332,EXTRA_VERIFICATION,SEND_MESSAGE,0,B1-PER-ACTION-OBLIVIOUS,True,True,True,0
0,332,EXTRA_VERIFICATION,SEND_MESSAGE,0,B2-ADAPTIVE-OBLIVIOUS,True,True,True,0
0,333,EXTRA_VERIFICATION,SEND_MESSAGE,1,B0-NATURAL,True,True,True,0
0,333,EXTRA_VERIFICATION,SEND_MESSAGE,1,B1-PER-ACTION-OBLIVIOUS,True,True,True,0
0,333,EXTRA_VERIFICATION,SEND_MESSAGE,1,B2-ADAPTIVE-OBLIVIOUS,True,True,True,0
0,334,EXTRA_VERIFICATION,SEND_MESSAGE,0,B0-NATURAL,True,True,True,0
0,334,EXTRA_VERIFICATION,SEND_MESSAGE,0,B1-PER-ACTION-OBLIVIOUS,True,True,True,0
0,334,EXTRA_VERIFICATION,SEND_MESSAGE,0,B2-ADAPTIVE-OBLIVIOUS,True,True,True,0
0,335,EXTRA_VERIFICATION,SEND_MESSAGE,1,B0-NATURAL,True,True,True,0
0,335,EXTRA_VERIFICATION,SEND_MESSAGE,1,B1-PER-ACTION-OBLIVIOUS,True,True,True,0
0,335,EXTRA_VERIFICATION,SEND_MESSAGE,1,B2-ADAPTIVE-OBLIVIOUS,True,True,True,0
0,336,EXTRA_VERIFICATION,SEND_MESSAGE,0,B0-NATURAL,True,True,True,0
0,336,EXTRA_VERIFICATION,SEND_MESSAGE,0,B1-PER-ACTION-OBLIVIOUS,True,True,True,0
0,336,EXTRA_VERIFICATION,SEND_MESSAGE,0,B2-ADAPTIVE-OBLIVIOUS,True,True,True,0
0,337,EXTRA_VERIFICATION,SEND_MESSAGE,1,B0-NATURAL,True,True,True,0
0,337,EXTRA_VERIFICATION,SEND_MESSAGE,1,B1-PER-ACTION-OBLIVIOUS,True,True,True,0
0,337,EXTRA_VERIFICATION,SEND_MESSAGE,1,B2-ADAPTIVE-OBLIVIOUS,True,True,True,0
0,338,EXTRA_VERIFICATION,SEND_MESSAGE,0,B0-NATURAL,True,True,True,0
0,338,EXTRA_VERIFICATION,SEND_MESSAGE,0,B1-PER-ACTION-OBLIVIOUS,True,True,True,0
0,338,EXTRA_VERIFICATION,SEND_MESSAGE,0,B2-ADAPTIVE-OBLIVIOUS,True,True,True,0
0,339,EXTRA_VERIFICATION,SEND_MESSAGE,1,B0-NATURAL,True,True,True,0
0,339,EXTRA_VERIFICATION,SEND_MESSAGE,1,B1-PER-ACTION-OBLIVIOUS,True,True,True,0
0,339,EXTRA_VERIFICATION,SEND_MESSAGE,1,B2-ADAPTIVE-OBLIVIOUS,True,True,True,0
0,340,EXTRA_VERIFICATION,SEND_MESSAGE,0,B0-NATURAL,True,True,True,0
0,340,EXTRA_VERIFICATION,SEND_MESSAGE,0,B1-PER-ACTION-OBLIVIOUS,True,True,True,0
0,340,EXTRA_VERIFICATION,SEND_MESSAGE,0,B2-ADAPTIVE-OBLIVIOUS,True,True,True,0
0,341,EXTRA_VERIFICATION,SEND_MESSAGE,1,B0-NATURAL,True,True,True,0
0,341,EXTRA_VERIFICATION,SEND_MESSAGE,1,B1-PER-ACTION-OBLIVIOUS,True,True,True,0
0,341,EXTRA_VERIFICATION,SEND_MESSAGE,1,B2-ADAPTIVE-OBLIVIOUS,True,True,True,0
0,342,EXTRA_VERIFICATION,SEND_MESSAGE,0,B0-NATURAL,True,True,True,0
0,342,EXTRA_VERIFICATION,SEND_MESSAGE,0,B1-PER-ACTION-OBLIVIOUS,True,True,True,0
0,342,EXTRA_VERIFICATION,SEND_MESSAGE,0,B2-ADAPTIVE-OBLIVIOUS,True,True,True,0
0,343,EXTRA_VERIFICATION,SEND_MESSAGE,1,B0-NATURAL,True,True,True,0
0,343,EXTRA_VERIFICATION,SEND_MESSAGE,1,B1-PER-ACTION-OBLIVIOUS,True,True,True,0
0,343,EXTRA_VERIFICATION,SEND_MESSAGE,1,B2-ADAPTIVE-OBLIVIOUS,True,True,True,0
0,344,EXTRA_VERIFICATION,SEND_MESSAGE,0,B0-NATURAL,True,True,True,0
0,344,EXTRA_VERIFICATION,SEND_MESSAGE,0,B1-PER-ACTION-OBLIVIOUS,True,True,True,0
0,344,EXTRA_VERIFICATION,SEND_MESSAGE,0,B2-ADAPTIVE-OBLIVIOUS,True,True,True,0
0,345,EXTRA_VERIFICATION,SEND_MESSAGE,1,B0-NATURAL,True,True,True,0
0,345,EXTRA_VERIFICATION,SEND_MESSAGE,1,B1-PER-ACTION-OBLIVIOUS,True,True,True,0
0,345,EXTRA_VERIFICATION,SEND_MESSAGE,1,B2-ADAPTIVE-OBLIVIOUS,True,True,True,0
0,346,EXTRA_VERIFICATION,SEND_MESSAGE,0,B0-NATURAL,True,True,True,0
0,346,EXTRA_VERIFICATION,SEND_MESSAGE,0,B1-PER-ACTION-OBLIVIOUS,True,True,True,0
0,346,EXTRA_VERIFICATION,SEND_MESSAGE,0,B2-ADAPTIVE-OBLIVIOUS,True,True,True,0
0,347,EXTRA_VERIFICATION,SEND_MESSAGE,1,B0-NATURAL,True,True,True,0
0,347,EXTRA_VERIFICATION,SEND_MESSAGE,1,B1-PER-ACTION-OBLIVIOUS,True,True,True,0
0,347,EXTRA_VERIFICATION,SEND_MESSAGE,1,B2-ADAPTIVE-OBLIVIOUS,True,True,True,0
0,348,EXTRA_VERIFICATION,SEND_MESSAGE,0,B0-NATURAL,True,True,True,0
0,348,EXTRA_VERIFICATION,SEND_MESSAGE,0,B1-PER-ACTION-OBLIVIOUS,True,True,True,0
0,348,EXTRA_VERIFICATION,SEND_MESSAGE,0,B2-ADAPTIVE-OBLIVIOUS,True,True,True,0
0,349,EXTRA_VERIFICATION,SEND_MESSAGE,1,B0-NATURAL,True,True,True,0
0,349,EXTRA_VERIFICATION,SEND_MESSAGE,1,B1-PER-ACTION-OBLIVIOUS,True,True,True,0
0,349,EXTRA_VERIFICATION,SEND_MESSAGE,1,B2-ADAPTIVE-OBLIVIOUS,True,True,True,0
0,350,EXTRA_VERIFICATION,SEND_MESSAGE,0,B0-NATURAL,True,True,True,0
0,350,EXTRA_VERIFICATION,SEND_MESSAGE,0,B1-PER-ACTION-OBLIVIOUS,True,True,True,0
0,350,EXTRA_VERIFICATION,SEND_MESSAGE,0,B2-ADAPTIVE-OBLIVIOUS,True,True,True,0
0,351,EXTRA_VERIFICATION,SEND_MESSAGE,1,B0-NATURAL,True,True,True,0
0,351,EXTRA_VERIFICATION,SEND_MESSAGE,1,B1-PER-ACTION-OBLIVIOUS,True,True,True,0
0,351,EXTRA_VERIFICATION,SEND_MESSAGE,1,B2-ADAPTIVE-OBLIVIOUS,True,True,True,0
0,352,EXTRA_VERIFICATION,SEND_MESSAGE,0,B0-NATURAL,True,True,True,0
0,352,EXTRA_VERIFICATION,SEND_MESSAGE,0,B1-PER-ACTION-OBLIVIOUS,True,True,True,0
0,352,EXTRA_VERIFICATION,SEND_MESSAGE,0,B2-ADAPTIVE-OBLIVIOUS,True,True,True,0
0,353,EXTRA_VERIFICATION,SEND_MESSAGE,1,B0-NATURAL,True,True,True,0
0,353,EXTRA_VERIFICATION,SEND_MESSAGE,1,B1-PER-ACTION-OBLIVIOUS,True,True,True,0
0,353,EXTRA_VERIFICATION,SEND_MESSAGE,1,B2-ADAPTIVE-OBLIVIOUS,True,True,True,0
0,354,EXTRA_VERIFICATION,SEND_MESSAGE,0,B0-NATURAL,True,True,True,0
0,354,EXTRA_VERIFICATION,SEND_MESSAGE,0,B1-PER-ACTION-OBLIVIOUS,True,True,True,0
0,354,EXTRA_VERIFICATION,SEND_MESSAGE,0,B2-ADAPTIVE-OBLIVIOUS,True,True,True,0
0,355,EXTRA_VERIFICATION,SEND_MESSAGE,1,B0-NATURAL,True,True,True,0
0,355,EXTRA_VERIFICATION,SEND_MESSAGE,1,B1-PER-ACTION-OBLIVIOUS,True,True,True,0
0,355,EXTRA_VERIFICATION,SEND_MESSAGE,1,B2-ADAPTIVE-OBLIVIOUS,True,True,True,0
0,356,EXTRA_VERIFICATION,SEND_MESSAGE,0,B0-NATURAL,True,True,True,0
0,356,EXTRA_VERIFICATION,SEND_MESSAGE,0,B1-PER-ACTION-OBLIVIOUS,True,True,True,0
0,356,EXTRA_VERIFICATION,SEND_MESSAGE,0,B2-ADAPTIVE-OBLIVIOUS,True,True,True,0
0,357,EXTRA_VERIFICATION,SEND_MESSAGE,1,B0-NATURAL,True,True,True,0
0,357,EXTRA_VERIFICATION,SEND_MESSAGE,1,B1-PER-ACTION-OBLIVIOUS,True,True,True,0
0,357,EXTRA_VERIFICATION,SEND_MESSAGE,1,B2-ADAPTIVE-OBLIVIOUS,True,True,True,0
0,358,EXTRA_VERIFICATION,SEND_MESSAGE,0,B0-NATURAL,True,True,True,0
0,358,EXTRA_VERIFICATION,SEND_MESSAGE,0,B1-PER-ACTION-OBLIVIOUS,True,True,True,0
0,358,EXTRA_VERIFICATION,SEND_MESSAGE,0,B2-ADAPTIVE-OBLIVIOUS,True,True,True,0
0,359,EXTRA_VERIFICATION,SEND_MESSAGE,1,B0-NATURAL,True,True,True,0
0,359,EXTRA_VERIFICATION,SEND_MESSAGE,1,B1-PER-ACTION-OBLIVIOUS,True,True,True,0
0,359,EXTRA_VERIFICATION,SEND_MESSAGE,1,B2-ADAPTIVE-OBLIVIOUS,True,True,True,0
0,360,EXTRA_VERIFICATION,SEND_MESSAGE,0,B0-NATURAL,True,True,True,0
0,360,EXTRA_VERIFICATION,SEND_MESSAGE,0,B1-PER-ACTION-OBLIVIOUS,True,True,True,0
0,360,EXTRA_VERIFICATION,SEND_MESSAGE,0,B2-ADAPTIVE-OBLIVIOUS,True,True,True,0
0,361,EXTRA_VERIFICATION,SEND_MESSAGE,1,B0-NATURAL,True,True,True,0
0,361,EXTRA_VERIFICATION,SEND_MESSAGE,1,B1-PER-ACTION-OBLIVIOUS,True,True,True,0
0,361,EXTRA_VERIFICATION,SEND_MESSAGE,1,B2-ADAPTIVE-OBLIVIOUS,True,True,True,0
0,362,EXTRA_VERIFICATION,SEND_MESSAGE,0,B0-NATURAL,True,True,True,0
0,362,EXTRA_VERIFICATION,SEND_MESSAGE,0,B1-PER-ACTION-OBLIVIOUS,True,True,True,0
0,362,EXTRA_VERIFICATION,SEND_MESSAGE,0,B2-ADAPTIVE-OBLIVIOUS,True,True,True,0
0,363,EXTRA_VERIFICATION,SEND_MESSAGE,1,B0-NATURAL,True,True,True,0
0,363,EXTRA_VERIFICATION,SEND_MESSAGE,1,B1-PER-ACTION-OBLIVIOUS,True,True,True,0
0,363,EXTRA_VERIFICATION,SEND_MESSAGE,1,B2-ADAPTIVE-OBLIVIOUS,True,True,True,0
0,364,EXTRA_VERIFICATION,SEND_MESSAGE,0,B0-NATURAL,True,True,True,0
0,364,EXTRA_VERIFICATION,SEND_MESSAGE,0,B1-PER-ACTION-OBLIVIOUS,True,True,True,0
0,364,EXTRA_VERIFICATION,SEND_MESSAGE,0,B2-ADAPTIVE-OBLIVIOUS,True,True,True,0
0,365,EXTRA_VERIFICATION,SEND_MESSAGE,1,B0-NATURAL,True,True,True,0
0,365,EXTRA_VERIFICATION,SEND_MESSAGE,1,B1-PER-ACTION-OBLIVIOUS,True,True,True,0
0,365,EXTRA_VERIFICATION,SEND_MESSAGE,1,B2-ADAPTIVE-OBLIVIOUS,True,True,True,0
0,366,EXTRA_VERIFICATION,SEND_MESSAGE,0,B0-NATURAL,True,True,True,0
0,366,EXTRA_VERIFICATION,SEND_MESSAGE,0,B1-PER-ACTION-OBLIVIOUS,True,True,True,0
0,366,EXTRA_VERIFICATION,SEND_MESSAGE,0,B2-ADAPTIVE-OBLIVIOUS,True,True,True,0
0,367,EXTRA_VERIFICATION,SEND_MESSAGE,1,B0-NATURAL,True,True,True,0
0,367,EXTRA_VERIFICATION,SEND_MESSAGE,1,B1-PER-ACTION-OBLIVIOUS,True,True,True,0
0,367,EXTRA_VERIFICATION,SEND_MESSAGE,1,B2-ADAPTIVE-OBLIVIOUS,True,True,True,0
0,368,EXTRA_VERIFICATION,SEND_MESSAGE,0,B0-NATURAL,True,True,True,0
0,368,EXTRA_VERIFICATION,SEND_MESSAGE,0,B1-PER-ACTION-OBLIVIOUS,True,True,True,0
0,368,EXTRA_VERIFICATION,SEND_MESSAGE,0,B2-ADAPTIVE-OBLIVIOUS,True,True,True,0
0,369,EXTRA_VERIFICATION,SEND_MESSAGE,1,B0-NATURAL,True,True,True,0
0,369,EXTRA_VERIFICATION,SEND_MESSAGE,1,B1-PER-ACTION-OBLIVIOUS,True,True,True,0
0,369,EXTRA_VERIFICATION,SEND_MESSAGE,1,B2-ADAPTIVE-OBLIVIOUS,True,True,True,0
0,370,EXTRA_VERIFICATION,SEND_MESSAGE,0,B0-NATURAL,True,True,True,0
0,370,EXTRA_VERIFICATION,SEND_MESSAGE,0,B1-PER-ACTION-OBLIVIOUS,True,True,True,0
0,370,EXTRA_VERIFICATION,SEND_MESSAGE,0,B2-ADAPTIVE-OBLIVIOUS,True,True,True,0
0,371,EXTRA_VERIFICATION,SEND_MESSAGE,1,B0-NATURAL,True,True,True,0
0,371,EXTRA_VERIFICATION,SEND_MESSAGE,1,B1-PER-ACTION-OBLIVIOUS,True,True,True,0
0,371,EXTRA_VERIFICATION,SEND_MESSAGE,1,B2-ADAPTIVE-OBLIVIOUS,True,True,True,0
0,372,EXTRA_VERIFICATION,SEND_MESSAGE,0,B0-NATURAL,True,True,True,0
0,372,EXTRA_VERIFICATION,SEND_MESSAGE,0,B1-PER-ACTION-OBLIVIOUS,True,True,True,0
0,372,EXTRA_VERIFICATION,SEND_MESSAGE,0,B2-ADAPTIVE-OBLIVIOUS,True,True,True,0
0,373,EXTRA_VERIFICATION,SEND_MESSAGE,1,B0-NATURAL,True,True,True,0
0,373,EXTRA_VERIFICATION,SEND_MESSAGE,1,B1-PER-ACTION-OBLIVIOUS,True,True,True,0
0,373,EXTRA_VERIFICATION,SEND_MESSAGE,1,B2-ADAPTIVE-OBLIVIOUS,True,True,True,0
0,374,EXTRA_VERIFICATION,SEND_MESSAGE,0,B0-NATURAL,True,True,True,0
0,374,EXTRA_VERIFICATION,SEND_MESSAGE,0,B1-PER-ACTION-OBLIVIOUS,True,True,True,0
0,374,EXTRA_VERIFICATION,SEND_MESSAGE,0,B2-ADAPTIVE-OBLIVIOUS,True,True,True,0
0,375,EXTRA_VERIFICATION,SEND_MESSAGE,1,B0-NATURAL,True,True,True,0
0,375,EXTRA_VERIFICATION,SEND_MESSAGE,1,B1-PER-ACTION-OBLIVIOUS,True,True,True,0
0,375,EXTRA_VERIFICATION,SEND_MESSAGE,1,B2-ADAPTIVE-OBLIVIOUS,True,True,True,0
0,376,EXTRA_VERIFICATION,SEND_MESSAGE,0,B0-NATURAL,True,True,True,0
0,376,EXTRA_VERIFICATION,SEND_MESSAGE,0,B1-PER-ACTION-OBLIVIOUS,True,True,True,0
0,376,EXTRA_VERIFICATION,SEND_MESSAGE,0,B2-ADAPTIVE-OBLIVIOUS,True,True,True,0
0,377,EXTRA_VERIFICATION,SEND_MESSAGE,1,B0-NATURAL,True,True,True,0
0,377,EXTRA_VERIFICATION,SEND_MESSAGE,1,B1-PER-ACTION-OBLIVIOUS,True,True,True,0
0,377,EXTRA_VERIFICATION,SEND_MESSAGE,1,B2-ADAPTIVE-OBLIVIOUS,True,True,True,0
0,378,EXTRA_VERIFICATION,SEND_MESSAGE,0,B0-NATURAL,True,True,True,0
0,378,EXTRA_VERIFICATION,SEND_MESSAGE,0,B1-PER-ACTION-OBLIVIOUS,True,True,True,0
0,378,EXTRA_VERIFICATION,SEND_MESSAGE,0,B2-ADAPTIVE-OBLIVIOUS,True,True,True,0
0,379,EXTRA_VERIFICATION,SEND_MESSAGE,1,B0-NATURAL,True,True,True,0
0,379,EXTRA_VERIFICATION,SEND_MESSAGE,1,B1-PER-ACTION-OBLIVIOUS,True,True,True,0
0,379,EXTRA_VERIFICATION,SEND_MESSAGE,1,B2-ADAPTIVE-OBLIVIOUS,True,True,True,0
0,380,EXTRA_VERIFICATION,SEND_MESSAGE,0,B0-NATURAL,True,True,True,0
0,380,EXTRA_VERIFICATION,SEND_MESSAGE,0,B1-PER-ACTION-OBLIVIOUS,True,True,True,0
0,380,EXTRA_VERIFICATION,SEND_MESSAGE,0,B2-ADAPTIVE-OBLIVIOUS,True,True,True,0
0,381,EXTRA_VERIFICATION,SEND_MESSAGE,1,B0-NATURAL,True,True,True,0
0,381,EXTRA_VERIFICATION,SEND_MESSAGE,1,B1-PER-ACTION-OBLIVIOUS,True,True,True,0
0,381,EXTRA_VERIFICATION,SEND_MESSAGE,1,B2-ADAPTIVE-OBLIVIOUS,True,True,True,0
0,382,EXTRA_VERIFICATION,SEND_MESSAGE,0,B0-NATURAL,True,True,True,0
0,382,EXTRA_VERIFICATION,SEND_MESSAGE,0,B1-PER-ACTION-OBLIVIOUS,True,True,True,0
0,382,EXTRA_VERIFICATION,SEND_MESSAGE,0,B2-ADAPTIVE-OBLIVIOUS,True,True,True,0
0,383,EXTRA_VERIFICATION,SEND_MESSAGE,1,B0-NATURAL,True,True,True,0
0,383,EXTRA_VERIFICATION,SEND_MESSAGE,1,B1-PER-ACTION-OBLIVIOUS,True,True,True,0
0,383,EXTRA_VERIFICATION,SEND_MESSAGE,1,B2-ADAPTIVE-OBLIVIOUS,True,True,True,0
0,384,EXTRA_VERIFICATION,SEND_MESSAGE,0,B0-NATURAL,True,True,True,0
0,384,EXTRA_VERIFICATION,SEND_MESSAGE,0,B1-PER-ACTION-OBLIVIOUS,True,True,True,0
0,384,EXTRA_VERIFICATION,SEND_MESSAGE,0,B2-ADAPTIVE-OBLIVIOUS,True,True,True,0
0,385,EXTRA_VERIFICATION,SEND_MESSAGE,1,B0-NATURAL,True,True,True,0
0,385,EXTRA_VERIFICATION,SEND_MESSAGE,1,B1-PER-ACTION-OBLIVIOUS,True,True,True,0
0,385,EXTRA_VERIFICATION,SEND_MESSAGE,1,B2-ADAPTIVE-OBLIVIOUS,True,True,True,0
0,386,EXTRA_VERIFICATION,SEND_MESSAGE,0,B0-NATURAL,True,True,True,0
0,386,EXTRA_VERIFICATION,SEND_MESSAGE,0,B1-PER-ACTION-OBLIVIOUS,True,True,True,0
0,386,EXTRA_VERIFICATION,SEND_MESSAGE,0,B2-ADAPTIVE-OBLIVIOUS,True,True,True,0
0,387,EXTRA_VERIFICATION,SEND_MESSAGE,1,B0-NATURAL,True,True,True,0
0,387,EXTRA_VERIFICATION,SEND_MESSAGE,1,B1-PER-ACTION-OBLIVIOUS,True,True,True,0
0,387,EXTRA_VERIFICATION,SEND_MESSAGE,1,B2-ADAPTIVE-OBLIVIOUS,True,True,True,0
0,388,EXTRA_VERIFICATION,SEND_MESSAGE,0,B0-NATURAL,True,True,True,0
0,388,EXTRA_VERIFICATION,SEND_MESSAGE,0,B1-PER-ACTION-OBLIVIOUS,True,True,True,0
0,388,EXTRA_VERIFICATION,SEND_MESSAGE,0,B2-ADAPTIVE-OBLIVIOUS,True,True,True,0
0,389,EXTRA_VERIFICATION,SEND_MESSAGE,1,B0-NATURAL,True,True,True,0
0,389,EXTRA_VERIFICATION,SEND_MESSAGE,1,B1-PER-ACTION-OBLIVIOUS,True,True,True,0
0,389,EXTRA_VERIFICATION,SEND_MESSAGE,1,B2-ADAPTIVE-OBLIVIOUS,True,True,True,0
0,390,EXTRA_VERIFICATION,SEND_MESSAGE,0,B0-NATURAL,True,True,True,0
0,390,EXTRA_VERIFICATION,SEND_MESSAGE,0,B1-PER-ACTION-OBLIVIOUS,True,True,True,0
0,390,EXTRA_VERIFICATION,SEND_MESSAGE,0,B2-ADAPTIVE-OBLIVIOUS,True,True,True,0
0,391,EXTRA_VERIFICATION,SEND_MESSAGE,1,B0-NATURAL,True,True,True,0
0,391,EXTRA_VERIFICATION,SEND_MESSAGE,1,B1-PER-ACTION-OBLIVIOUS,True,True,True,0
0,391,EXTRA_VERIFICATION,SEND_MESSAGE,1,B2-ADAPTIVE-OBLIVIOUS,True,True,True,0
0,392,EXTRA_VERIFICATION,SEND_MESSAGE,0,B0-NATURAL,True,True,True,0
0,392,EXTRA_VERIFICATION,SEND_MESSAGE,0,B1-PER-ACTION-OBLIVIOUS,True,True,True,0
0,392,EXTRA_VERIFICATION,SEND_MESSAGE,0,B2-ADAPTIVE-OBLIVIOUS,True,True,True,0
0,393,EXTRA_VERIFICATION,SEND_MESSAGE,1,B0-NATURAL,True,True,True,0
0,393,EXTRA_VERIFICATION,SEND_MESSAGE,1,B1-PER-ACTION-OBLIVIOUS,True,True,True,0
0,393,EXTRA_VERIFICATION,SEND_MESSAGE,1,B2-ADAPTIVE-OBLIVIOUS,True,True,True,0
0,394,EXTRA_VERIFICATION,SEND_MESSAGE,0,B0-NATURAL,True,True,True,0
0,394,EXTRA_VERIFICATION,SEND_MESSAGE,0,B1-PER-ACTION-OBLIVIOUS,True,True,True,0
0,394,EXTRA_VERIFICATION,SEND_MESSAGE,0,B2-ADAPTIVE-OBLIVIOUS,True,True,True,0
0,395,EXTRA_VERIFICATION,SEND_MESSAGE,1,B0-NATURAL,True,True,True,0
0,395,EXTRA_VERIFICATION,SEND_MESSAGE,1,B1-PER-ACTION-OBLIVIOUS,True,True,True,0
0,395,EXTRA_VERIFICATION,SEND_MESSAGE,1,B2-ADAPTIVE-OBLIVIOUS,True,True,True,0
0,396,EXTRA_VERIFICATION,SEND_MESSAGE,0,B0-NATURAL,True,True,True,0
0,396,EXTRA_VERIFICATION,SEND_MESSAGE,0,B1-PER-ACTION-OBLIVIOUS,True,True,True,0
0,396,EXTRA_VERIFICATION,SEND_MESSAGE,0,B2-ADAPTIVE-OBLIVIOUS,True,True,True,0
0,397,EXTRA_VERIFICATION,SEND_MESSAGE,1,B0-NATURAL,True,True,True,0
0,397,EXTRA_VERIFICATION,SEND_MESSAGE,1,B1-PER-ACTION-OBLIVIOUS,True,True,True,0
0,397,EXTRA_VERIFICATION,SEND_MESSAGE,1,B2-ADAPTIVE-OBLIVIOUS,True,True,True,0
0,398,EXTRA_VERIFICATION,SEND_MESSAGE,0,B0-NATURAL,True,True,True,0
0,398,EXTRA_VERIFICATION,SEND_MESSAGE,0,B1-PER-ACTION-OBLIVIOUS,True,True,True,0
0,398,EXTRA_VERIFICATION,SEND_MESSAGE,0,B2-ADAPTIVE-OBLIVIOUS,True,True,True,0
0,399,EXTRA_VERIFICATION,SEND_MESSAGE,1,B0-NATURAL,True,True,True,0
0,399,EXTRA_VERIFICATION,SEND_MESSAGE,1,B1-PER-ACTION-OBLIVIOUS,True,True,True,0
0,399,EXTRA_VERIFICATION,SEND_MESSAGE,1,B2-ADAPTIVE-OBLIVIOUS,True,True,True,0
0,400,EXTRA_VERIFICATION,SHARE_DOCUMENT,0,B0-NATURAL,True,True,True,0
0,400,EXTRA_VERIFICATION,SHARE_DOCUMENT,0,B1-PER-ACTION-OBLIVIOUS,True,True,True,0
0,400,EXTRA_VERIFICATION,SHARE_DOCUMENT,0,B2-ADAPTIVE-OBLIVIOUS,True,True,True,0
0,401,EXTRA_VERIFICATION,SHARE_DOCUMENT,1,B0-NATURAL,True,True,True,0
0,401,EXTRA_VERIFICATION,SHARE_DOCUMENT,1,B1-PER-ACTION-OBLIVIOUS,True,True,True,0
0,401,EXTRA_VERIFICATION,SHARE_DOCUMENT,1,B2-ADAPTIVE-OBLIVIOUS,True,True,True,0
0,402,EXTRA_VERIFICATION,SHARE_DOCUMENT,0,B0-NATURAL,True,True,True,0
0,402,EXTRA_VERIFICATION,SHARE_DOCUMENT,0,B1-PER-ACTION-OBLIVIOUS,True,True,True,0
0,402,EXTRA_VERIFICATION,SHARE_DOCUMENT,0,B2-ADAPTIVE-OBLIVIOUS,True,True,True,0
0,403,EXTRA_VERIFICATION,SHARE_DOCUMENT,1,B0-NATURAL,True,True,True,0
0,403,EXTRA_VERIFICATION,SHARE_DOCUMENT,1,B1-PER-ACTION-OBLIVIOUS,True,True,True,0
0,403,EXTRA_VERIFICATION,SHARE_DOCUMENT,1,B2-ADAPTIVE-OBLIVIOUS,True,True,True,0
0,404,EXTRA_VERIFICATION,SHARE_DOCUMENT,0,B0-NATURAL,True,True,True,0
0,404,EXTRA_VERIFICATION,SHARE_DOCUMENT,0,B1-PER-ACTION-OBLIVIOUS,True,True,True,0
0,404,EXTRA_VERIFICATION,SHARE_DOCUMENT,0,B2-ADAPTIVE-OBLIVIOUS,True,True,True,0
0,405,EXTRA_VERIFICATION,SHARE_DOCUMENT,1,B0-NATURAL,True,True,True,0
0,405,EXTRA_VERIFICATION,SHARE_DOCUMENT,1,B1-PER-ACTION-OBLIVIOUS,True,True,True,0
0,405,EXTRA_VERIFICATION,SHARE_DOCUMENT,1,B2-ADAPTIVE-OBLIVIOUS,True,True,True,0
0,406,EXTRA_VERIFICATION,SHARE_DOCUMENT,0,B0-NATURAL,True,True,True,0
0,406,EXTRA_VERIFICATION,SHARE_DOCUMENT,0,B1-PER-ACTION-OBLIVIOUS,True,True,True,0
0,406,EXTRA_VERIFICATION,SHARE_DOCUMENT,0,B2-ADAPTIVE-OBLIVIOUS,True,True,True,0
0,407,EXTRA_VERIFICATION,SHARE_DOCUMENT,1,B0-NATURAL,True,True,True,0
0,407,EXTRA_VERIFICATION,SHARE_DOCUMENT,1,B1-PER-ACTION-OBLIVIOUS,True,True,True,0
0,407,EXTRA_VERIFICATION,SHARE_DOCUMENT,1,B2-ADAPTIVE-OBLIVIOUS,True,True,True,0
0,408,EXTRA_VERIFICATION,SHARE_DOCUMENT,0,B0-NATURAL,True,True,True,0
0,408,EXTRA_VERIFICATION,SHARE_DOCUMENT,0,B1-PER-ACTION-OBLIVIOUS,True,True,True,0
0,408,EXTRA_VERIFICATION,SHARE_DOCUMENT,0,B2-ADAPTIVE-OBLIVIOUS,True,True,True,0
0,409,EXTRA_VERIFICATION,SHARE_DOCUMENT,1,B0-NATURAL,True,True,True,0
0,409,EXTRA_VERIFICATION,SHARE_DOCUMENT,1,B1-PER-ACTION-OBLIVIOUS,True,True,True,0
0,409,EXTRA_VERIFICATION,SHARE_DOCUMENT,1,B2-ADAPTIVE-OBLIVIOUS,True,True,True,0
0,410,EXTRA_VERIFICATION,SHARE_DOCUMENT,0,B0-NATURAL,True,True,True,0
0,410,EXTRA_VERIFICATION,SHARE_DOCUMENT,0,B1-PER-ACTION-OBLIVIOUS,True,True,True,0
0,410,EXTRA_VERIFICATION,SHARE_DOCUMENT,0,B2-ADAPTIVE-OBLIVIOUS,True,True,True,0
0,411,EXTRA_VERIFICATION,SHARE_DOCUMENT,1,B0-NATURAL,True,True,True,0
0,411,EXTRA_VERIFICATION,SHARE_DOCUMENT,1,B1-PER-ACTION-OBLIVIOUS,True,True,True,0
0,411,EXTRA_VERIFICATION,SHARE_DOCUMENT,1,B2-ADAPTIVE-OBLIVIOUS,True,True,True,0
0,412,EXTRA_VERIFICATION,SHARE_DOCUMENT,0,B0-NATURAL,True,True,True,0
0,412,EXTRA_VERIFICATION,SHARE_DOCUMENT,0,B1-PER-ACTION-OBLIVIOUS,True,True,True,0
0,412,EXTRA_VERIFICATION,SHARE_DOCUMENT,0,B2-ADAPTIVE-OBLIVIOUS,True,True,True,0
0,413,EXTRA_VERIFICATION,SHARE_DOCUMENT,1,B0-NATURAL,True,True,True,0
0,413,EXTRA_VERIFICATION,SHARE_DOCUMENT,1,B1-PER-ACTION-OBLIVIOUS,True,True,True,0
0,413,EXTRA_VERIFICATION,SHARE_DOCUMENT,1,B2-ADAPTIVE-OBLIVIOUS,True,True,True,0
0,414,EXTRA_VERIFICATION,SHARE_DOCUMENT,0,B0-NATURAL,True,True,True,0
0,414,EXTRA_VERIFICATION,SHARE_DOCUMENT,0,B1-PER-ACTION-OBLIVIOUS,True,True,True,0
0,414,EXTRA_VERIFICATION,SHARE_DOCUMENT,0,B2-ADAPTIVE-OBLIVIOUS,True,True,True,0
0,415,EXTRA_VERIFICATION,SHARE_DOCUMENT,1,B0-NATURAL,True,True,True,0
0,415,EXTRA_VERIFICATION,SHARE_DOCUMENT,1,B1-PER-ACTION-OBLIVIOUS,True,True,True,0
0,415,EXTRA_VERIFICATION,SHARE_DOCUMENT,1,B2-ADAPTIVE-OBLIVIOUS,True,True,True,0
0,416,EXTRA_VERIFICATION,SHARE_DOCUMENT,0,B0-NATURAL,True,True,True,0
0,416,EXTRA_VERIFICATION,SHARE_DOCUMENT,0,B1-PER-ACTION-OBLIVIOUS,True,True,True,0
0,416,EXTRA_VERIFICATION,SHARE_DOCUMENT,0,B2-ADAPTIVE-OBLIVIOUS,True,True,True,0
0,417,EXTRA_VERIFICATION,SHARE_DOCUMENT,1,B0-NATURAL,True,True,True,0
0,417,EXTRA_VERIFICATION,SHARE_DOCUMENT,1,B1-PER-ACTION-OBLIVIOUS,True,True,True,0
0,417,EXTRA_VERIFICATION,SHARE_DOCUMENT,1,B2-ADAPTIVE-OBLIVIOUS,True,True,True,0
0,418,EXTRA_VERIFICATION,SHARE_DOCUMENT,0,B0-NATURAL,True,True,True,0
0,418,EXTRA_VERIFICATION,SHARE_DOCUMENT,0,B1-PER-ACTION-OBLIVIOUS,True,True,True,0
0,418,EXTRA_VERIFICATION,SHARE_DOCUMENT,0,B2-ADAPTIVE-OBLIVIOUS,True,True,True,0
0,419,EXTRA_VERIFICATION,SHARE_DOCUMENT,1,B0-NATURAL,True,True,True,0
0,419,EXTRA_VERIFICATION,SHARE_DOCUMENT,1,B1-PER-ACTION-OBLIVIOUS,True,True,True,0
0,419,EXTRA_VERIFICATION,SHARE_DOCUMENT,1,B2-ADAPTIVE-OBLIVIOUS,True,True,True,0
0,420,EXTRA_VERIFICATION,SHARE_DOCUMENT,0,B0-NATURAL,True,True,True,0
0,420,EXTRA_VERIFICATION,SHARE_DOCUMENT,0,B1-PER-ACTION-OBLIVIOUS,True,True,True,0
0,420,EXTRA_VERIFICATION,SHARE_DOCUMENT,0,B2-ADAPTIVE-OBLIVIOUS,True,True,True,0
0,421,EXTRA_VERIFICATION,SHARE_DOCUMENT,1,B0-NATURAL,True,True,True,0
0,421,EXTRA_VERIFICATION,SHARE_DOCUMENT,1,B1-PER-ACTION-OBLIVIOUS,True,True,True,0
0,421,EXTRA_VERIFICATION,SHARE_DOCUMENT,1,B2-ADAPTIVE-OBLIVIOUS,True,True,True,0
0,422,EXTRA_VERIFICATION,SHARE_DOCUMENT,0,B0-NATURAL,True,True,True,0
0,422,EXTRA_VERIFICATION,SHARE_DOCUMENT,0,B1-PER-ACTION-OBLIVIOUS,True,True,True,0
0,422,EXTRA_VERIFICATION,SHARE_DOCUMENT,0,B2-ADAPTIVE-OBLIVIOUS,True,True,True,0
0,423,EXTRA_VERIFICATION,SHARE_DOCUMENT,1,B0-NATURAL,True,True,True,0
0,423,EXTRA_VERIFICATION,SHARE_DOCUMENT,1,B1-PER-ACTION-OBLIVIOUS,True,True,True,0
0,423,EXTRA_VERIFICATION,SHARE_DOCUMENT,1,B2-ADAPTIVE-OBLIVIOUS,True,True,True,0
0,424,EXTRA_VERIFICATION,SHARE_DOCUMENT,0,B0-NATURAL,True,True,True,0
0,424,EXTRA_VERIFICATION,SHARE_DOCUMENT,0,B1-PER-ACTION-OBLIVIOUS,True,True,True,0
0,424,EXTRA_VERIFICATION,SHARE_DOCUMENT,0,B2-ADAPTIVE-OBLIVIOUS,True,True,True,0
0,425,EXTRA_VERIFICATION,SHARE_DOCUMENT,1,B0-NATURAL,True,True,True,0
0,425,EXTRA_VERIFICATION,SHARE_DOCUMENT,1,B1-PER-ACTION-OBLIVIOUS,True,True,True,0
0,425,EXTRA_VERIFICATION,SHARE_DOCUMENT,1,B2-ADAPTIVE-OBLIVIOUS,True,True,True,0
0,426,EXTRA_VERIFICATION,SHARE_DOCUMENT,0,B0-NATURAL,True,True,True,0
0,426,EXTRA_VERIFICATION,SHARE_DOCUMENT,0,B1-PER-ACTION-OBLIVIOUS,True,True,True,0
0,426,EXTRA_VERIFICATION,SHARE_DOCUMENT,0,B2-ADAPTIVE-OBLIVIOUS,True,True,True,0
0,427,EXTRA_VERIFICATION,SHARE_DOCUMENT,1,B0-NATURAL,True,True,True,0
0,427,EXTRA_VERIFICATION,SHARE_DOCUMENT,1,B1-PER-ACTION-OBLIVIOUS,True,True,True,0
0,427,EXTRA_VERIFICATION,SHARE_DOCUMENT,1,B2-ADAPTIVE-OBLIVIOUS,True,True,True,0
0,428,EXTRA_VERIFICATION,SHARE_DOCUMENT,0,B0-NATURAL,True,True,True,0
0,428,EXTRA_VERIFICATION,SHARE_DOCUMENT,0,B1-PER-ACTION-OBLIVIOUS,True,True,True,0
0,428,EXTRA_VERIFICATION,SHARE_DOCUMENT,0,B2-ADAPTIVE-OBLIVIOUS,True,True,True,0
0,429,EXTRA_VERIFICATION,SHARE_DOCUMENT,1,B0-NATURAL,True,True,True,0
0,429,EXTRA_VERIFICATION,SHARE_DOCUMENT,1,B1-PER-ACTION-OBLIVIOUS,True,True,True,0
0,429,EXTRA_VERIFICATION,SHARE_DOCUMENT,1,B2-ADAPTIVE-OBLIVIOUS,True,True,True,0
0,430,EXTRA_VERIFICATION,SHARE_DOCUMENT,0,B0-NATURAL,True,True,True,0
0,430,EXTRA_VERIFICATION,SHARE_DOCUMENT,0,B1-PER-ACTION-OBLIVIOUS,True,True,True,0
0,430,EXTRA_VERIFICATION,SHARE_DOCUMENT,0,B2-ADAPTIVE-OBLIVIOUS,True,True,True,0
0,431,EXTRA_VERIFICATION,SHARE_DOCUMENT,1,B0-NATURAL,True,True,True,0
0,431,EXTRA_VERIFICATION,SHARE_DOCUMENT,1,B1-PER-ACTION-OBLIVIOUS,True,True,True,0
0,431,EXTRA_VERIFICATION,SHARE_DOCUMENT,1,B2-ADAPTIVE-OBLIVIOUS,True,True,True,0
0,432,EXTRA_VERIFICATION,SHARE_DOCUMENT,0,B0-NATURAL,True,True,True,0
0,432,EXTRA_VERIFICATION,SHARE_DOCUMENT,0,B1-PER-ACTION-OBLIVIOUS,True,True,True,0
0,432,EXTRA_VERIFICATION,SHARE_DOCUMENT,0,B2-ADAPTIVE-OBLIVIOUS,True,True,True,0
0,433,EXTRA_VERIFICATION,SHARE_DOCUMENT,1,B0-NATURAL,True,True,True,0
0,433,EXTRA_VERIFICATION,SHARE_DOCUMENT,1,B1-PER-ACTION-OBLIVIOUS,True,True,True,0
0,433,EXTRA_VERIFICATION,SHARE_DOCUMENT,1,B2-ADAPTIVE-OBLIVIOUS,True,True,True,0
0,434,EXTRA_VERIFICATION,SHARE_DOCUMENT,0,B0-NATURAL,True,True,True,0
0,434,EXTRA_VERIFICATION,SHARE_DOCUMENT,0,B1-PER-ACTION-OBLIVIOUS,True,True,True,0
0,434,EXTRA_VERIFICATION,SHARE_DOCUMENT,0,B2-ADAPTIVE-OBLIVIOUS,True,True,True,0
0,435,EXTRA_VERIFICATION,SHARE_DOCUMENT,1,B0-NATURAL,True,True,True,0
0,435,EXTRA_VERIFICATION,SHARE_DOCUMENT,1,B1-PER-ACTION-OBLIVIOUS,True,True,True,0
0,435,EXTRA_VERIFICATION,SHARE_DOCUMENT,1,B2-ADAPTIVE-OBLIVIOUS,True,True,True,0
0,436,EXTRA_VERIFICATION,SHARE_DOCUMENT,0,B0-NATURAL,True,True,True,0
0,436,EXTRA_VERIFICATION,SHARE_DOCUMENT,0,B1-PER-ACTION-OBLIVIOUS,True,True,True,0
0,436,EXTRA_VERIFICATION,SHARE_DOCUMENT,0,B2-ADAPTIVE-OBLIVIOUS,True,True,True,0
0,437,EXTRA_VERIFICATION,SHARE_DOCUMENT,1,B0-NATURAL,True,True,True,0
0,437,EXTRA_VERIFICATION,SHARE_DOCUMENT,1,B1-PER-ACTION-OBLIVIOUS,True,True,True,0
0,437,EXTRA_VERIFICATION,SHARE_DOCUMENT,1,B2-ADAPTIVE-OBLIVIOUS,True,True,True,0
0,438,EXTRA_VERIFICATION,SHARE_DOCUMENT,0,B0-NATURAL,True,True,True,0
0,438,EXTRA_VERIFICATION,SHARE_DOCUMENT,0,B1-PER-ACTION-OBLIVIOUS,True,True,True,0
0,438,EXTRA_VERIFICATION,SHARE_DOCUMENT,0,B2-ADAPTIVE-OBLIVIOUS,True,True,True,0
0,439,EXTRA_VERIFICATION,SHARE_DOCUMENT,1,B0-NATURAL,True,True,True,0
0,439,EXTRA_VERIFICATION,SHARE_DOCUMENT,1,B1-PER-ACTION-OBLIVIOUS,True,True,True,0
0,439,EXTRA_VERIFICATION,SHARE_DOCUMENT,1,B2-ADAPTIVE-OBLIVIOUS,True,True,True,0
0,440,EXTRA_VERIFICATION,SHARE_DOCUMENT,0,B0-NATURAL,True,True,True,0
0,440,EXTRA_VERIFICATION,SHARE_DOCUMENT,0,B1-PER-ACTION-OBLIVIOUS,True,True,True,0
0,440,EXTRA_VERIFICATION,SHARE_DOCUMENT,0,B2-ADAPTIVE-OBLIVIOUS,True,True,True,0
0,441,EXTRA_VERIFICATION,SHARE_DOCUMENT,1,B0-NATURAL,True,True,True,0
0,441,EXTRA_VERIFICATION,SHARE_DOCUMENT,1,B1-PER-ACTION-OBLIVIOUS,True,True,True,0
0,441,EXTRA_VERIFICATION,SHARE_DOCUMENT,1,B2-ADAPTIVE-OBLIVIOUS,True,True,True,0
0,442,EXTRA_VERIFICATION,SHARE_DOCUMENT,0,B0-NATURAL,True,True,True,0
0,442,EXTRA_VERIFICATION,SHARE_DOCUMENT,0,B1-PER-ACTION-OBLIVIOUS,True,True,True,0
0,442,EXTRA_VERIFICATION,SHARE_DOCUMENT,0,B2-ADAPTIVE-OBLIVIOUS,True,True,True,0
0,443,EXTRA_VERIFICATION,SHARE_DOCUMENT,1,B0-NATURAL,True,True,True,0
0,443,EXTRA_VERIFICATION,SHARE_DOCUMENT,1,B1-PER-ACTION-OBLIVIOUS,True,True,True,0
0,443,EXTRA_VERIFICATION,SHARE_DOCUMENT,1,B2-ADAPTIVE-OBLIVIOUS,True,True,True,0
0,444,EXTRA_VERIFICATION,SHARE_DOCUMENT,0,B0-NATURAL,True,True,True,0
0,444,EXTRA_VERIFICATION,SHARE_DOCUMENT,0,B1-PER-ACTION-OBLIVIOUS,True,True,True,0
0,444,EXTRA_VERIFICATION,SHARE_DOCUMENT,0,B2-ADAPTIVE-OBLIVIOUS,True,True,True,0
0,445,EXTRA_VERIFICATION,SHARE_DOCUMENT,1,B0-NATURAL,True,True,True,0
0,445,EXTRA_VERIFICATION,SHARE_DOCUMENT,1,B1-PER-ACTION-OBLIVIOUS,True,True,True,0
0,445,EXTRA_VERIFICATION,SHARE_DOCUMENT,1,B2-ADAPTIVE-OBLIVIOUS,True,True,True,0
0,446,EXTRA_VERIFICATION,SHARE_DOCUMENT,0,B0-NATURAL,True,True,True,0
0,446,EXTRA_VERIFICATION,SHARE_DOCUMENT,0,B1-PER-ACTION-OBLIVIOUS,True,True,True,0
0,446,EXTRA_VERIFICATION,SHARE_DOCUMENT,0,B2-ADAPTIVE-OBLIVIOUS,True,True,True,0
0,447,EXTRA_VERIFICATION,SHARE_DOCUMENT,1,B0-NATURAL,True,True,True,0
0,447,EXTRA_VERIFICATION,SHARE_DOCUMENT,1,B1-PER-ACTION-OBLIVIOUS,True,True,True,0
0,447,EXTRA_VERIFICATION,SHARE_DOCUMENT,1,B2-ADAPTIVE-OBLIVIOUS,True,True,True,0
0,448,EXTRA_VERIFICATION,SHARE_DOCUMENT,0,B0-NATURAL,True,True,True,0
0,448,EXTRA_VERIFICATION,SHARE_DOCUMENT,0,B1-PER-ACTION-OBLIVIOUS,True,True,True,0
0,448,EXTRA_VERIFICATION,SHARE_DOCUMENT,0,B2-ADAPTIVE-OBLIVIOUS,True,True,True,0
0,449,EXTRA_VERIFICATION,SHARE_DOCUMENT,1,B0-NATURAL,True,True,True,0
0,449,EXTRA_VERIFICATION,SHARE_DOCUMENT,1,B1-PER-ACTION-OBLIVIOUS,True,True,True,0
0,449,EXTRA_VERIFICATION,SHARE_DOCUMENT,1,B2-ADAPTIVE-OBLIVIOUS,True,True,True,0
0,450,EXTRA_VERIFICATION,SHARE_DOCUMENT,0,B0-NATURAL,True,True,True,0
0,450,EXTRA_VERIFICATION,SHARE_DOCUMENT,0,B1-PER-ACTION-OBLIVIOUS,True,True,True,0
0,450,EXTRA_VERIFICATION,SHARE_DOCUMENT,0,B2-ADAPTIVE-OBLIVIOUS,True,True,True,0
0,451,EXTRA_VERIFICATION,SHARE_DOCUMENT,1,B0-NATURAL,True,True,True,0
0,451,EXTRA_VERIFICATION,SHARE_DOCUMENT,1,B1-PER-ACTION-OBLIVIOUS,True,True,True,0
0,451,EXTRA_VERIFICATION,SHARE_DOCUMENT,1,B2-ADAPTIVE-OBLIVIOUS,True,True,True,0
0,452,EXTRA_VERIFICATION,SHARE_DOCUMENT,0,B0-NATURAL,True,True,True,0
0,452,EXTRA_VERIFICATION,SHARE_DOCUMENT,0,B1-PER-ACTION-OBLIVIOUS,True,True,True,0
0,452,EXTRA_VERIFICATION,SHARE_DOCUMENT,0,B2-ADAPTIVE-OBLIVIOUS,True,True,True,0
0,453,EXTRA_VERIFICATION,SHARE_DOCUMENT,1,B0-NATURAL,True,True,True,0
0,453,EXTRA_VERIFICATION,SHARE_DOCUMENT,1,B1-PER-ACTION-OBLIVIOUS,True,True,True,0
0,453,EXTRA_VERIFICATION,SHARE_DOCUMENT,1,B2-ADAPTIVE-OBLIVIOUS,True,True,True,0
0,454,EXTRA_VERIFICATION,SHARE_DOCUMENT,0,B0-NATURAL,True,True,True,0
0,454,EXTRA_VERIFICATION,SHARE_DOCUMENT,0,B1-PER-ACTION-OBLIVIOUS,True,True,True,0
0,454,EXTRA_VERIFICATION,SHARE_DOCUMENT,0,B2-ADAPTIVE-OBLIVIOUS,True,True,True,0
0,455,EXTRA_VERIFICATION,SHARE_DOCUMENT,1,B0-NATURAL,True,True,True,0
0,455,EXTRA_VERIFICATION,SHARE_DOCUMENT,1,B1-PER-ACTION-OBLIVIOUS,True,True,True,0
0,455,EXTRA_VERIFICATION,SHARE_DOCUMENT,1,B2-ADAPTIVE-OBLIVIOUS,True,True,True,0
0,456,EXTRA_VERIFICATION,SHARE_DOCUMENT,0,B0-NATURAL,True,True,True,0
0,456,EXTRA_VERIFICATION,SHARE_DOCUMENT,0,B1-PER-ACTION-OBLIVIOUS,True,True,True,0
0,456,EXTRA_VERIFICATION,SHARE_DOCUMENT,0,B2-ADAPTIVE-OBLIVIOUS,True,True,True,0
0,457,EXTRA_VERIFICATION,SHARE_DOCUMENT,1,B0-NATURAL,True,True,True,0
0,457,EXTRA_VERIFICATION,SHARE_DOCUMENT,1,B1-PER-ACTION-OBLIVIOUS,True,True,True,0
0,457,EXTRA_VERIFICATION,SHARE_DOCUMENT,1,B2-ADAPTIVE-OBLIVIOUS,True,True,True,0
0,458,EXTRA_VERIFICATION,SHARE_DOCUMENT,0,B0-NATURAL,True,True,True,0
0,458,EXTRA_VERIFICATION,SHARE_DOCUMENT,0,B1-PER-ACTION-OBLIVIOUS,True,True,True,0
0,458,EXTRA_VERIFICATION,SHARE_DOCUMENT,0,B2-ADAPTIVE-OBLIVIOUS,True,True,True,0
0,459,EXTRA_VERIFICATION,SHARE_DOCUMENT,1,B0-NATURAL,True,True,True,0
0,459,EXTRA_VERIFICATION,SHARE_DOCUMENT,1,B1-PER-ACTION-OBLIVIOUS,True,True,True,0
0,459,EXTRA_VERIFICATION,SHARE_DOCUMENT,1,B2-ADAPTIVE-OBLIVIOUS,True,True,True,0
0,460,EXTRA_VERIFICATION,SHARE_DOCUMENT,0,B0-NATURAL,True,True,True,0
0,460,EXTRA_VERIFICATION,SHARE_DOCUMENT,0,B1-PER-ACTION-OBLIVIOUS,True,True,True,0
0,460,EXTRA_VERIFICATION,SHARE_DOCUMENT,0,B2-ADAPTIVE-OBLIVIOUS,True,True,True,0
0,461,EXTRA_VERIFICATION,SHARE_DOCUMENT,1,B0-NATURAL,True,True,True,0
0,461,EXTRA_VERIFICATION,SHARE_DOCUMENT,1,B1-PER-ACTION-OBLIVIOUS,True,True,True,0
0,461,EXTRA_VERIFICATION,SHARE_DOCUMENT,1,B2-ADAPTIVE-OBLIVIOUS,True,True,True,0
0,462,EXTRA_VERIFICATION,SHARE_DOCUMENT,0,B0-NATURAL,True,True,True,0
0,462,EXTRA_VERIFICATION,SHARE_DOCUMENT,0,B1-PER-ACTION-OBLIVIOUS,True,True,True,0
0,462,EXTRA_VERIFICATION,SHARE_DOCUMENT,0,B2-ADAPTIVE-OBLIVIOUS,True,True,True,0
0,463,EXTRA_VERIFICATION,SHARE_DOCUMENT,1,B0-NATURAL,True,True,True,0
0,463,EXTRA_VERIFICATION,SHARE_DOCUMENT,1,B1-PER-ACTION-OBLIVIOUS,True,True,True,0
0,463,EXTRA_VERIFICATION,SHARE_DOCUMENT,1,B2-ADAPTIVE-OBLIVIOUS,True,True,True,0
0,464,EXTRA_VERIFICATION,SHARE_DOCUMENT,0,B0-NATURAL,True,True,True,0
0,464,EXTRA_VERIFICATION,SHARE_DOCUMENT,0,B1-PER-ACTION-OBLIVIOUS,True,True,True,0
0,464,EXTRA_VERIFICATION,SHARE_DOCUMENT,0,B2-ADAPTIVE-OBLIVIOUS,True,True,True,0
0,465,EXTRA_VERIFICATION,SHARE_DOCUMENT,1,B0-NATURAL,True,True,True,0
0,465,EXTRA_VERIFICATION,SHARE_DOCUMENT,1,B1-PER-ACTION-OBLIVIOUS,True,True,True,0
0,465,EXTRA_VERIFICATION,SHARE_DOCUMENT,1,B2-ADAPTIVE-OBLIVIOUS,True,True,True,0
0,466,EXTRA_VERIFICATION,SHARE_DOCUMENT,0,B0-NATURAL,True,True,True,0
0,466,EXTRA_VERIFICATION,SHARE_DOCUMENT,0,B1-PER-ACTION-OBLIVIOUS,True,True,True,0
0,466,EXTRA_VERIFICATION,SHARE_DOCUMENT,0,B2-ADAPTIVE-OBLIVIOUS,True,True,True,0
0,467,EXTRA_VERIFICATION,SHARE_DOCUMENT,1,B0-NATURAL,True,True,True,0
0,467,EXTRA_VERIFICATION,SHARE_DOCUMENT,1,B1-PER-ACTION-OBLIVIOUS,True,True,True,0
0,467,EXTRA_VERIFICATION,SHARE_DOCUMENT,1,B2-ADAPTIVE-OBLIVIOUS,True,True,True,0
0,468,EXTRA_VERIFICATION,SHARE_DOCUMENT,0,B0-NATURAL,True,True,True,0
0,468,EXTRA_VERIFICATION,SHARE_DOCUMENT,0,B1-PER-ACTION-OBLIVIOUS,True,True,True,0
0,468,EXTRA_VERIFICATION,SHARE_DOCUMENT,0,B2-ADAPTIVE-OBLIVIOUS,True,True,True,0
0,469,EXTRA_VERIFICATION,SHARE_DOCUMENT,1,B0-NATURAL,True,True,True,0
0,469,EXTRA_VERIFICATION,SHARE_DOCUMENT,1,B1-PER-ACTION-OBLIVIOUS,True,True,True,0
0,469,EXTRA_VERIFICATION,SHARE_DOCUMENT,1,B2-ADAPTIVE-OBLIVIOUS,True,True,True,0
0,470,EXTRA_VERIFICATION,SHARE_DOCUMENT,0,B0-NATURAL,True,True,True,0
0,470,EXTRA_VERIFICATION,SHARE_DOCUMENT,0,B1-PER-ACTION-OBLIVIOUS,True,True,True,0
0,470,EXTRA_VERIFICATION,SHARE_DOCUMENT,0,B2-ADAPTIVE-OBLIVIOUS,True,True,True,0
0,471,EXTRA_VERIFICATION,SHARE_DOCUMENT,1,B0-NATURAL,True,True,True,0
0,471,EXTRA_VERIFICATION,SHARE_DOCUMENT,1,B1-PER-ACTION-OBLIVIOUS,True,True,True,0
0,471,EXTRA_VERIFICATION,SHARE_DOCUMENT,1,B2-ADAPTIVE-OBLIVIOUS,True,True,True,0
0,472,EXTRA_VERIFICATION,SHARE_DOCUMENT,0,B0-NATURAL,True,True,True,0
0,472,EXTRA_VERIFICATION,SHARE_DOCUMENT,0,B1-PER-ACTION-OBLIVIOUS,True,True,True,0
0,472,EXTRA_VERIFICATION,SHARE_DOCUMENT,0,B2-ADAPTIVE-OBLIVIOUS,True,True,True,0
0,473,EXTRA_VERIFICATION,SHARE_DOCUMENT,1,B0-NATURAL,True,True,True,0
0,473,EXTRA_VERIFICATION,SHARE_DOCUMENT,1,B1-PER-ACTION-OBLIVIOUS,True,True,True,0
0,473,EXTRA_VERIFICATION,SHARE_DOCUMENT,1,B2-ADAPTIVE-OBLIVIOUS,True,True,True,0
0,474,EXTRA_VERIFICATION,SHARE_DOCUMENT,0,B0-NATURAL,True,True,True,0
0,474,EXTRA_VERIFICATION,SHARE_DOCUMENT,0,B1-PER-ACTION-OBLIVIOUS,True,True,True,0
0,474,EXTRA_VERIFICATION,SHARE_DOCUMENT,0,B2-ADAPTIVE-OBLIVIOUS,True,True,True,0
0,475,EXTRA_VERIFICATION,SHARE_DOCUMENT,1,B0-NATURAL,True,True,True,0
0,475,EXTRA_VERIFICATION,SHARE_DOCUMENT,1,B1-PER-ACTION-OBLIVIOUS,True,True,True,0
0,475,EXTRA_VERIFICATION,SHARE_DOCUMENT,1,B2-ADAPTIVE-OBLIVIOUS,True,True,True,0
0,476,EXTRA_VERIFICATION,SHARE_DOCUMENT,0,B0-NATURAL,True,True,True,0
0,476,EXTRA_VERIFICATION,SHARE_DOCUMENT,0,B1-PER-ACTION-OBLIVIOUS,True,True,True,0
0,476,EXTRA_VERIFICATION,SHARE_DOCUMENT,0,B2-ADAPTIVE-OBLIVIOUS,True,True,True,0
0,477,EXTRA_VERIFICATION,SHARE_DOCUMENT,1,B0-NATURAL,True,True,True,0
0,477,EXTRA_VERIFICATION,SHARE_DOCUMENT,1,B1-PER-ACTION-OBLIVIOUS,True,True,True,0
0,477,EXTRA_VERIFICATION,SHARE_DOCUMENT,1,B2-ADAPTIVE-OBLIVIOUS,True,True,True,0
0,478,EXTRA_VERIFICATION,SHARE_DOCUMENT,0,B0-NATURAL,True,True,True,0
0,478,EXTRA_VERIFICATION,SHARE_DOCUMENT,0,B1-PER-ACTION-OBLIVIOUS,True,True,True,0
0,478,EXTRA_VERIFICATION,SHARE_DOCUMENT,0,B2-ADAPTIVE-OBLIVIOUS,True,True,True,0
0,479,EXTRA_VERIFICATION,SHARE_DOCUMENT,1,B0-NATURAL,True,True,True,0
0,479,EXTRA_VERIFICATION,SHARE_DOCUMENT,1,B1-PER-ACTION-OBLIVIOUS,True,True,True,0
0,479,EXTRA_VERIFICATION,SHARE_DOCUMENT,1,B2-ADAPTIVE-OBLIVIOUS,True,True,True,0
1,480,AUTHORIZATION,SEND_MESSAGE,0,B0-NATURAL,True,True,True,0
1,480,AUTHORIZATION,SEND_MESSAGE,0,B1-PER-ACTION-OBLIVIOUS,True,True,True,0
1,480,AUTHORIZATION,SEND_MESSAGE,0,B2-ADAPTIVE-OBLIVIOUS,True,True,True,0
1,481,AUTHORIZATION,SEND_MESSAGE,1,B0-NATURAL,True,True,True,0
1,481,AUTHORIZATION,SEND_MESSAGE,1,B1-PER-ACTION-OBLIVIOUS,True,True,True,0
1,481,AUTHORIZATION,SEND_MESSAGE,1,B2-ADAPTIVE-OBLIVIOUS,True,True,True,0
1,482,AUTHORIZATION,SEND_MESSAGE,0,B0-NATURAL,True,True,True,0
1,482,AUTHORIZATION,SEND_MESSAGE,0,B1-PER-ACTION-OBLIVIOUS,True,True,True,0
1,482,AUTHORIZATION,SEND_MESSAGE,0,B2-ADAPTIVE-OBLIVIOUS,True,True,True,0
1,483,AUTHORIZATION,SEND_MESSAGE,1,B0-NATURAL,True,True,True,0
1,483,AUTHORIZATION,SEND_MESSAGE,1,B1-PER-ACTION-OBLIVIOUS,True,True,True,0
1,483,AUTHORIZATION,SEND_MESSAGE,1,B2-ADAPTIVE-OBLIVIOUS,True,True,True,0
1,484,AUTHORIZATION,SEND_MESSAGE,0,B0-NATURAL,True,True,True,0
1,484,AUTHORIZATION,SEND_MESSAGE,0,B1-PER-ACTION-OBLIVIOUS,True,True,True,0
1,484,AUTHORIZATION,SEND_MESSAGE,0,B2-ADAPTIVE-OBLIVIOUS,True,True,True,0
1,485,AUTHORIZATION,SEND_MESSAGE,1,B0-NATURAL,True,True,True,0
1,485,AUTHORIZATION,SEND_MESSAGE,1,B1-PER-ACTION-OBLIVIOUS,True,True,True,0
1,485,AUTHORIZATION,SEND_MESSAGE,1,B2-ADAPTIVE-OBLIVIOUS,True,True,True,0
1,486,AUTHORIZATION,SEND_MESSAGE,0,B0-NATURAL,True,True,True,0
1,486,AUTHORIZATION,SEND_MESSAGE,0,B1-PER-ACTION-OBLIVIOUS,True,True,True,0
1,486,AUTHORIZATION,SEND_MESSAGE,0,B2-ADAPTIVE-OBLIVIOUS,True,True,True,0
1,487,AUTHORIZATION,SEND_MESSAGE,1,B0-NATURAL,True,True,True,0
1,487,AUTHORIZATION,SEND_MESSAGE,1,B1-PER-ACTION-OBLIVIOUS,True,True,True,0
1,487,AUTHORIZATION,SEND_MESSAGE,1,B2-ADAPTIVE-OBLIVIOUS,True,True,True,0
1,488,AUTHORIZATION,SEND_MESSAGE,0,B0-NATURAL,True,True,True,0
1,488,AUTHORIZATION,SEND_MESSAGE,0,B1-PER-ACTION-OBLIVIOUS,True,True,True,0
1,488,AUTHORIZATION,SEND_MESSAGE,0,B2-ADAPTIVE-OBLIVIOUS,True,True,True,0
1,489,AUTHORIZATION,SEND_MESSAGE,1,B0-NATURAL,True,True,True,0
1,489,AUTHORIZATION,SEND_MESSAGE,1,B1-PER-ACTION-OBLIVIOUS,True,True,True,0
1,489,AUTHORIZATION,SEND_MESSAGE,1,B2-ADAPTIVE-OBLIVIOUS,True,True,True,0
1,490,AUTHORIZATION,SEND_MESSAGE,0,B0-NATURAL,True,True,True,0
1,490,AUTHORIZATION,SEND_MESSAGE,0,B1-PER-ACTION-OBLIVIOUS,True,True,True,0
1,490,AUTHORIZATION,SEND_MESSAGE,0,B2-ADAPTIVE-OBLIVIOUS,True,True,True,0
1,491,AUTHORIZATION,SEND_MESSAGE,1,B0-NATURAL,True,True,True,0
1,491,AUTHORIZATION,SEND_MESSAGE,1,B1-PER-ACTION-OBLIVIOUS,True,True,True,0
1,491,AUTHORIZATION,SEND_MESSAGE,1,B2-ADAPTIVE-OBLIVIOUS,True,True,True,0
1,492,AUTHORIZATION,SEND_MESSAGE,0,B0-NATURAL,True,True,True,0
1,492,AUTHORIZATION,SEND_MESSAGE,0,B1-PER-ACTION-OBLIVIOUS,True,True,True,0
1,492,AUTHORIZATION,SEND_MESSAGE,0,B2-ADAPTIVE-OBLIVIOUS,True,True,True,0
1,493,AUTHORIZATION,SEND_MESSAGE,1,B0-NATURAL,True,True,True,0
1,493,AUTHORIZATION,SEND_MESSAGE,1,B1-PER-ACTION-OBLIVIOUS,True,True,True,0
1,493,AUTHORIZATION,SEND_MESSAGE,1,B2-ADAPTIVE-OBLIVIOUS,True,True,True,0
1,494,AUTHORIZATION,SEND_MESSAGE,0,B0-NATURAL,True,True,True,0
1,494,AUTHORIZATION,SEND_MESSAGE,0,B1-PER-ACTION-OBLIVIOUS,True,True,True,0
1,494,AUTHORIZATION,SEND_MESSAGE,0,B2-ADAPTIVE-OBLIVIOUS,True,True,True,0
1,495,AUTHORIZATION,SEND_MESSAGE,1,B0-NATURAL,True,True,True,0
1,495,AUTHORIZATION,SEND_MESSAGE,1,B1-PER-ACTION-OBLIVIOUS,True,True,True,0
1,495,AUTHORIZATION,SEND_MESSAGE,1,B2-ADAPTIVE-OBLIVIOUS,True,True,True,0
1,496,AUTHORIZATION,SEND_MESSAGE,0,B0-NATURAL,True,True,True,0
1,496,AUTHORIZATION,SEND_MESSAGE,0,B1-PER-ACTION-OBLIVIOUS,True,True,True,0
1,496,AUTHORIZATION,SEND_MESSAGE,0,B2-ADAPTIVE-OBLIVIOUS,True,True,True,0
1,497,AUTHORIZATION,SEND_MESSAGE,1,B0-NATURAL,True,True,True,0
1,497,AUTHORIZATION,SEND_MESSAGE,1,B1-PER-ACTION-OBLIVIOUS,True,True,True,0
1,497,AUTHORIZATION,SEND_MESSAGE,1,B2-ADAPTIVE-OBLIVIOUS,True,True,True,0
1,498,AUTHORIZATION,SEND_MESSAGE,0,B0-NATURAL,True,True,True,0
1,498,AUTHORIZATION,SEND_MESSAGE,0,B1-PER-ACTION-OBLIVIOUS,True,True,True,0
1,498,AUTHORIZATION,SEND_MESSAGE,0,B2-ADAPTIVE-OBLIVIOUS,True,True,True,0
1,499,AUTHORIZATION,SEND_MESSAGE,1,B0-NATURAL,True,True,True,0
1,499,AUTHORIZATION,SEND_MESSAGE,1,B1-PER-ACTION-OBLIVIOUS,True,True,True,0
1,499,AUTHORIZATION,SEND_MESSAGE,1,B2-ADAPTIVE-OBLIVIOUS,True,True,True,0
1,500,AUTHORIZATION,SEND_MESSAGE,0,B0-NATURAL,True,True,True,0
1,500,AUTHORIZATION,SEND_MESSAGE,0,B1-PER-ACTION-OBLIVIOUS,True,True,True,0
1,500,AUTHORIZATION,SEND_MESSAGE,0,B2-ADAPTIVE-OBLIVIOUS,True,True,True,0
1,501,AUTHORIZATION,SEND_MESSAGE,1,B0-NATURAL,True,True,True,0
1,501,AUTHORIZATION,SEND_MESSAGE,1,B1-PER-ACTION-OBLIVIOUS,True,True,True,0
1,501,AUTHORIZATION,SEND_MESSAGE,1,B2-ADAPTIVE-OBLIVIOUS,True,True,True,0
1,502,AUTHORIZATION,SEND_MESSAGE,0,B0-NATURAL,True,True,True,0
1,502,AUTHORIZATION,SEND_MESSAGE,0,B1-PER-ACTION-OBLIVIOUS,True,True,True,0
1,502,AUTHORIZATION,SEND_MESSAGE,0,B2-ADAPTIVE-OBLIVIOUS,True,True,True,0
1,503,AUTHORIZATION,SEND_MESSAGE,1,B0-NATURAL,True,True,True,0
1,503,AUTHORIZATION,SEND_MESSAGE,1,B1-PER-ACTION-OBLIVIOUS,True,True,True,0
1,503,AUTHORIZATION,SEND_MESSAGE,1,B2-ADAPTIVE-OBLIVIOUS,True,True,True,0
1,504,AUTHORIZATION,SEND_MESSAGE,0,B0-NATURAL,True,True,True,0
1,504,AUTHORIZATION,SEND_MESSAGE,0,B1-PER-ACTION-OBLIVIOUS,True,True,True,0
1,504,AUTHORIZATION,SEND_MESSAGE,0,B2-ADAPTIVE-OBLIVIOUS,True,True,True,0
1,505,AUTHORIZATION,SEND_MESSAGE,1,B0-NATURAL,True,True,True,0
1,505,AUTHORIZATION,SEND_MESSAGE,1,B1-PER-ACTION-OBLIVIOUS,True,True,True,0
1,505,AUTHORIZATION,SEND_MESSAGE,1,B2-ADAPTIVE-OBLIVIOUS,True,True,True,0
1,506,AUTHORIZATION,SEND_MESSAGE,0,B0-NATURAL,True,True,True,0
1,506,AUTHORIZATION,SEND_MESSAGE,0,B1-PER-ACTION-OBLIVIOUS,True,True,True,0
1,506,AUTHORIZATION,SEND_MESSAGE,0,B2-ADAPTIVE-OBLIVIOUS,True,True,True,0
1,507,AUTHORIZATION,SEND_MESSAGE,1,B0-NATURAL,True,True,True,0
1,507,AUTHORIZATION,SEND_MESSAGE,1,B1-PER-ACTION-OBLIVIOUS,True,True,True,0
1,507,AUTHORIZATION,SEND_MESSAGE,1,B2-ADAPTIVE-OBLIVIOUS,True,True,True,0
1,508,AUTHORIZATION,SEND_MESSAGE,0,B0-NATURAL,True,True,True,0
1,508,AUTHORIZATION,SEND_MESSAGE,0,B1-PER-ACTION-OBLIVIOUS,True,True,True,0
1,508,AUTHORIZATION,SEND_MESSAGE,0,B2-ADAPTIVE-OBLIVIOUS,True,True,True,0
1,509,AUTHORIZATION,SEND_MESSAGE,1,B0-NATURAL,True,True,True,0
1,509,AUTHORIZATION,SEND_MESSAGE,1,B1-PER-ACTION-OBLIVIOUS,True,True,True,0
1,509,AUTHORIZATION,SEND_MESSAGE,1,B2-ADAPTIVE-OBLIVIOUS,True,True,True,0
1,510,AUTHORIZATION,SEND_MESSAGE,0,B0-NATURAL,True,True,True,0
1,510,AUTHORIZATION,SEND_MESSAGE,0,B1-PER-ACTION-OBLIVIOUS,True,True,True,0
1,510,AUTHORIZATION,SEND_MESSAGE,0,B2-ADAPTIVE-OBLIVIOUS,True,True,True,0
1,511,AUTHORIZATION,SEND_MESSAGE,1,B0-NATURAL,True,True,True,0
1,511,AUTHORIZATION,SEND_MESSAGE,1,B1-PER-ACTION-OBLIVIOUS,True,True,True,0
1,511,AUTHORIZATION,SEND_MESSAGE,1,B2-ADAPTIVE-OBLIVIOUS,True,True,True,0
1,512,AUTHORIZATION,SEND_MESSAGE,0,B0-NATURAL,True,True,True,0
1,512,AUTHORIZATION,SEND_MESSAGE,0,B1-PER-ACTION-OBLIVIOUS,True,True,True,0
1,512,AUTHORIZATION,SEND_MESSAGE,0,B2-ADAPTIVE-OBLIVIOUS,True,True,True,0
1,513,AUTHORIZATION,SEND_MESSAGE,1,B0-NATURAL,True,True,True,0
1,513,AUTHORIZATION,SEND_MESSAGE,1,B1-PER-ACTION-OBLIVIOUS,True,True,True,0
1,513,AUTHORIZATION,SEND_MESSAGE,1,B2-ADAPTIVE-OBLIVIOUS,True,True,True,0
1,514,AUTHORIZATION,SEND_MESSAGE,0,B0-NATURAL,True,True,True,0
1,514,AUTHORIZATION,SEND_MESSAGE,0,B1-PER-ACTION-OBLIVIOUS,True,True,True,0
1,514,AUTHORIZATION,SEND_MESSAGE,0,B2-ADAPTIVE-OBLIVIOUS,True,True,True,0
1,515,AUTHORIZATION,SEND_MESSAGE,1,B0-NATURAL,True,True,True,0
1,515,AUTHORIZATION,SEND_MESSAGE,1,B1-PER-ACTION-OBLIVIOUS,True,True,True,0
1,515,AUTHORIZATION,SEND_MESSAGE,1,B2-ADAPTIVE-OBLIVIOUS,True,True,True,0
1,516,AUTHORIZATION,SEND_MESSAGE,0,B0-NATURAL,True,True,True,0
1,516,AUTHORIZATION,SEND_MESSAGE,0,B1-PER-ACTION-OBLIVIOUS,True,True,True,0
1,516,AUTHORIZATION,SEND_MESSAGE,0,B2-ADAPTIVE-OBLIVIOUS,True,True,True,0
1,517,AUTHORIZATION,SEND_MESSAGE,1,B0-NATURAL,True,True,True,0
1,517,AUTHORIZATION,SEND_MESSAGE,1,B1-PER-ACTION-OBLIVIOUS,True,True,True,0
1,517,AUTHORIZATION,SEND_MESSAGE,1,B2-ADAPTIVE-OBLIVIOUS,True,True,True,0
1,518,AUTHORIZATION,SEND_MESSAGE,0,B0-NATURAL,True,True,True,0
1,518,AUTHORIZATION,SEND_MESSAGE,0,B1-PER-ACTION-OBLIVIOUS,True,True,True,0
1,518,AUTHORIZATION,SEND_MESSAGE,0,B2-ADAPTIVE-OBLIVIOUS,True,True,True,0
1,519,AUTHORIZATION,SEND_MESSAGE,1,B0-NATURAL,True,True,True,0
1,519,AUTHORIZATION,SEND_MESSAGE,1,B1-PER-ACTION-OBLIVIOUS,True,True,True,0
1,519,AUTHORIZATION,SEND_MESSAGE,1,B2-ADAPTIVE-OBLIVIOUS,True,True,True,0
1,520,AUTHORIZATION,SEND_MESSAGE,0,B0-NATURAL,True,True,True,0
1,520,AUTHORIZATION,SEND_MESSAGE,0,B1-PER-ACTION-OBLIVIOUS,True,True,True,0
1,520,AUTHORIZATION,SEND_MESSAGE,0,B2-ADAPTIVE-OBLIVIOUS,True,True,True,0
1,521,AUTHORIZATION,SEND_MESSAGE,1,B0-NATURAL,True,True,True,0
1,521,AUTHORIZATION,SEND_MESSAGE,1,B1-PER-ACTION-OBLIVIOUS,True,True,True,0
1,521,AUTHORIZATION,SEND_MESSAGE,1,B2-ADAPTIVE-OBLIVIOUS,True,True,True,0
1,522,AUTHORIZATION,SEND_MESSAGE,0,B0-NATURAL,True,True,True,0
1,522,AUTHORIZATION,SEND_MESSAGE,0,B1-PER-ACTION-OBLIVIOUS,True,True,True,0
1,522,AUTHORIZATION,SEND_MESSAGE,0,B2-ADAPTIVE-OBLIVIOUS,True,True,True,0
1,523,AUTHORIZATION,SEND_MESSAGE,1,B0-NATURAL,True,True,True,0
1,523,AUTHORIZATION,SEND_MESSAGE,1,B1-PER-ACTION-OBLIVIOUS,True,True,True,0
1,523,AUTHORIZATION,SEND_MESSAGE,1,B2-ADAPTIVE-OBLIVIOUS,True,True,True,0
1,524,AUTHORIZATION,SEND_MESSAGE,0,B0-NATURAL,True,True,True,0
1,524,AUTHORIZATION,SEND_MESSAGE,0,B1-PER-ACTION-OBLIVIOUS,True,True,True,0
1,524,AUTHORIZATION,SEND_MESSAGE,0,B2-ADAPTIVE-OBLIVIOUS,True,True,True,0
1,525,AUTHORIZATION,SEND_MESSAGE,1,B0-NATURAL,True,True,True,0
1,525,AUTHORIZATION,SEND_MESSAGE,1,B1-PER-ACTION-OBLIVIOUS,True,True,True,0
1,525,AUTHORIZATION,SEND_MESSAGE,1,B2-ADAPTIVE-OBLIVIOUS,True,True,True,0
1,526,AUTHORIZATION,SEND_MESSAGE,0,B0-NATURAL,True,True,True,0
1,526,AUTHORIZATION,SEND_MESSAGE,0,B1-PER-ACTION-OBLIVIOUS,True,True,True,0
1,526,AUTHORIZATION,SEND_MESSAGE,0,B2-ADAPTIVE-OBLIVIOUS,True,True,True,0
1,527,AUTHORIZATION,SEND_MESSAGE,1,B0-NATURAL,True,True,True,0
1,527,AUTHORIZATION,SEND_MESSAGE,1,B1-PER-ACTION-OBLIVIOUS,True,True,True,0
1,527,AUTHORIZATION,SEND_MESSAGE,1,B2-ADAPTIVE-OBLIVIOUS,True,True,True,0
1,528,AUTHORIZATION,SEND_MESSAGE,0,B0-NATURAL,True,True,True,0
1,528,AUTHORIZATION,SEND_MESSAGE,0,B1-PER-ACTION-OBLIVIOUS,True,True,True,0
1,528,AUTHORIZATION,SEND_MESSAGE,0,B2-ADAPTIVE-OBLIVIOUS,True,True,True,0
1,529,AUTHORIZATION,SEND_MESSAGE,1,B0-NATURAL,True,True,True,0
1,529,AUTHORIZATION,SEND_MESSAGE,1,B1-PER-ACTION-OBLIVIOUS,True,True,True,0
1,529,AUTHORIZATION,SEND_MESSAGE,1,B2-ADAPTIVE-OBLIVIOUS,True,True,True,0
1,530,AUTHORIZATION,SEND_MESSAGE,0,B0-NATURAL,True,True,True,0
1,530,AUTHORIZATION,SEND_MESSAGE,0,B1-PER-ACTION-OBLIVIOUS,True,True,True,0
1,530,AUTHORIZATION,SEND_MESSAGE,0,B2-ADAPTIVE-OBLIVIOUS,True,True,True,0
1,531,AUTHORIZATION,SEND_MESSAGE,1,B0-NATURAL,True,True,True,0
1,531,AUTHORIZATION,SEND_MESSAGE,1,B1-PER-ACTION-OBLIVIOUS,True,True,True,0
1,531,AUTHORIZATION,SEND_MESSAGE,1,B2-ADAPTIVE-OBLIVIOUS,True,True,True,0
1,532,AUTHORIZATION,SEND_MESSAGE,0,B0-NATURAL,True,True,True,0
1,532,AUTHORIZATION,SEND_MESSAGE,0,B1-PER-ACTION-OBLIVIOUS,True,True,True,0
1,532,AUTHORIZATION,SEND_MESSAGE,0,B2-ADAPTIVE-OBLIVIOUS,True,True,True,0
1,533,AUTHORIZATION,SEND_MESSAGE,1,B0-NATURAL,True,True,True,0
1,533,AUTHORIZATION,SEND_MESSAGE,1,B1-PER-ACTION-OBLIVIOUS,True,True,True,0
1,533,AUTHORIZATION,SEND_MESSAGE,1,B2-ADAPTIVE-OBLIVIOUS,True,True,True,0
1,534,AUTHORIZATION,SEND_MESSAGE,0,B0-NATURAL,True,True,True,0
1,534,AUTHORIZATION,SEND_MESSAGE,0,B1-PER-ACTION-OBLIVIOUS,True,True,True,0
1,534,AUTHORIZATION,SEND_MESSAGE,0,B2-ADAPTIVE-OBLIVIOUS,True,True,True,0
1,535,AUTHORIZATION,SEND_MESSAGE,1,B0-NATURAL,True,True,True,0
1,535,AUTHORIZATION,SEND_MESSAGE,1,B1-PER-ACTION-OBLIVIOUS,True,True,True,0
1,535,AUTHORIZATION,SEND_MESSAGE,1,B2-ADAPTIVE-OBLIVIOUS,True,True,True,0
1,536,AUTHORIZATION,SEND_MESSAGE,0,B0-NATURAL,True,True,True,0
1,536,AUTHORIZATION,SEND_MESSAGE,0,B1-PER-ACTION-OBLIVIOUS,True,True,True,0
1,536,AUTHORIZATION,SEND_MESSAGE,0,B2-ADAPTIVE-OBLIVIOUS,True,True,True,0
1,537,AUTHORIZATION,SEND_MESSAGE,1,B0-NATURAL,True,True,True,0
1,537,AUTHORIZATION,SEND_MESSAGE,1,B1-PER-ACTION-OBLIVIOUS,True,True,True,0
1,537,AUTHORIZATION,SEND_MESSAGE,1,B2-ADAPTIVE-OBLIVIOUS,True,True,True,0
1,538,AUTHORIZATION,SEND_MESSAGE,0,B0-NATURAL,True,True,True,0
1,538,AUTHORIZATION,SEND_MESSAGE,0,B1-PER-ACTION-OBLIVIOUS,True,True,True,0
1,538,AUTHORIZATION,SEND_MESSAGE,0,B2-ADAPTIVE-OBLIVIOUS,True,True,True,0
1,539,AUTHORIZATION,SEND_MESSAGE,1,B0-NATURAL,True,True,True,0
1,539,AUTHORIZATION,SEND_MESSAGE,1,B1-PER-ACTION-OBLIVIOUS,True,True,True,0
1,539,AUTHORIZATION,SEND_MESSAGE,1,B2-ADAPTIVE-OBLIVIOUS,True,True,True,0
1,540,AUTHORIZATION,SEND_MESSAGE,0,B0-NATURAL,True,True,True,0
1,540,AUTHORIZATION,SEND_MESSAGE,0,B1-PER-ACTION-OBLIVIOUS,True,True,True,0
1,540,AUTHORIZATION,SEND_MESSAGE,0,B2-ADAPTIVE-OBLIVIOUS,True,True,True,0
1,541,AUTHORIZATION,SEND_MESSAGE,1,B0-NATURAL,True,True,True,0
1,541,AUTHORIZATION,SEND_MESSAGE,1,B1-PER-ACTION-OBLIVIOUS,True,True,True,0
1,541,AUTHORIZATION,SEND_MESSAGE,1,B2-ADAPTIVE-OBLIVIOUS,True,True,True,0
1,542,AUTHORIZATION,SEND_MESSAGE,0,B0-NATURAL,True,True,True,0
1,542,AUTHORIZATION,SEND_MESSAGE,0,B1-PER-ACTION-OBLIVIOUS,True,True,True,0
1,542,AUTHORIZATION,SEND_MESSAGE,0,B2-ADAPTIVE-OBLIVIOUS,True,True,True,0
1,543,AUTHORIZATION,SEND_MESSAGE,1,B0-NATURAL,True,True,True,0
1,543,AUTHORIZATION,SEND_MESSAGE,1,B1-PER-ACTION-OBLIVIOUS,True,True,True,0
1,543,AUTHORIZATION,SEND_MESSAGE,1,B2-ADAPTIVE-OBLIVIOUS,True,True,True,0
1,544,AUTHORIZATION,SEND_MESSAGE,0,B0-NATURAL,True,True,True,0
1,544,AUTHORIZATION,SEND_MESSAGE,0,B1-PER-ACTION-OBLIVIOUS,True,True,True,0
1,544,AUTHORIZATION,SEND_MESSAGE,0,B2-ADAPTIVE-OBLIVIOUS,True,True,True,0
1,545,AUTHORIZATION,SEND_MESSAGE,1,B0-NATURAL,True,True,True,0
1,545,AUTHORIZATION,SEND_MESSAGE,1,B1-PER-ACTION-OBLIVIOUS,True,True,True,0
1,545,AUTHORIZATION,SEND_MESSAGE,1,B2-ADAPTIVE-OBLIVIOUS,True,True,True,0
1,546,AUTHORIZATION,SEND_MESSAGE,0,B0-NATURAL,True,True,True,0
1,546,AUTHORIZATION,SEND_MESSAGE,0,B1-PER-ACTION-OBLIVIOUS,True,True,True,0
1,546,AUTHORIZATION,SEND_MESSAGE,0,B2-ADAPTIVE-OBLIVIOUS,True,True,True,0
1,547,AUTHORIZATION,SEND_MESSAGE,1,B0-NATURAL,True,True,True,0
1,547,AUTHORIZATION,SEND_MESSAGE,1,B1-PER-ACTION-OBLIVIOUS,True,True,True,0
1,547,AUTHORIZATION,SEND_MESSAGE,1,B2-ADAPTIVE-OBLIVIOUS,True,True,True,0
1,548,AUTHORIZATION,SEND_MESSAGE,0,B0-NATURAL,True,True,True,0
1,548,AUTHORIZATION,SEND_MESSAGE,0,B1-PER-ACTION-OBLIVIOUS,True,True,True,0
1,548,AUTHORIZATION,SEND_MESSAGE,0,B2-ADAPTIVE-OBLIVIOUS,True,True,True,0
1,549,AUTHORIZATION,SEND_MESSAGE,1,B0-NATURAL,True,True,True,0
1,549,AUTHORIZATION,SEND_MESSAGE,1,B1-PER-ACTION-OBLIVIOUS,True,True,True,0
1,549,AUTHORIZATION,SEND_MESSAGE,1,B2-ADAPTIVE-OBLIVIOUS,True,True,True,0
1,550,AUTHORIZATION,SEND_MESSAGE,0,B0-NATURAL,True,True,True,0
1,550,AUTHORIZATION,SEND_MESSAGE,0,B1-PER-ACTION-OBLIVIOUS,True,True,True,0
1,550,AUTHORIZATION,SEND_MESSAGE,0,B2-ADAPTIVE-OBLIVIOUS,True,True,True,0
1,551,AUTHORIZATION,SEND_MESSAGE,1,B0-NATURAL,True,True,True,0
1,551,AUTHORIZATION,SEND_MESSAGE,1,B1-PER-ACTION-OBLIVIOUS,True,True,True,0
1,551,AUTHORIZATION,SEND_MESSAGE,1,B2-ADAPTIVE-OBLIVIOUS,True,True,True,0
1,552,AUTHORIZATION,SEND_MESSAGE,0,B0-NATURAL,True,True,True,0
1,552,AUTHORIZATION,SEND_MESSAGE,0,B1-PER-ACTION-OBLIVIOUS,True,True,True,0
1,552,AUTHORIZATION,SEND_MESSAGE,0,B2-ADAPTIVE-OBLIVIOUS,True,True,True,0
1,553,AUTHORIZATION,SEND_MESSAGE,1,B0-NATURAL,True,True,True,0
1,553,AUTHORIZATION,SEND_MESSAGE,1,B1-PER-ACTION-OBLIVIOUS,True,True,True,0
1,553,AUTHORIZATION,SEND_MESSAGE,1,B2-ADAPTIVE-OBLIVIOUS,True,True,True,0
1,554,AUTHORIZATION,SEND_MESSAGE,0,B0-NATURAL,True,True,True,0
1,554,AUTHORIZATION,SEND_MESSAGE,0,B1-PER-ACTION-OBLIVIOUS,True,True,True,0
1,554,AUTHORIZATION,SEND_MESSAGE,0,B2-ADAPTIVE-OBLIVIOUS,True,True,True,0
1,555,AUTHORIZATION,SEND_MESSAGE,1,B0-NATURAL,True,True,True,0
1,555,AUTHORIZATION,SEND_MESSAGE,1,B1-PER-ACTION-OBLIVIOUS,True,True,True,0
1,555,AUTHORIZATION,SEND_MESSAGE,1,B2-ADAPTIVE-OBLIVIOUS,True,True,True,0
1,556,AUTHORIZATION,SEND_MESSAGE,0,B0-NATURAL,True,True,True,0
1,556,AUTHORIZATION,SEND_MESSAGE,0,B1-PER-ACTION-OBLIVIOUS,True,True,True,0
1,556,AUTHORIZATION,SEND_MESSAGE,0,B2-ADAPTIVE-OBLIVIOUS,True,True,True,0
1,557,AUTHORIZATION,SEND_MESSAGE,1,B0-NATURAL,True,True,True,0
1,557,AUTHORIZATION,SEND_MESSAGE,1,B1-PER-ACTION-OBLIVIOUS,True,True,True,0
1,557,AUTHORIZATION,SEND_MESSAGE,1,B2-ADAPTIVE-OBLIVIOUS,True,True,True,0
1,558,AUTHORIZATION,SEND_MESSAGE,0,B0-NATURAL,True,True,True,0
1,558,AUTHORIZATION,SEND_MESSAGE,0,B1-PER-ACTION-OBLIVIOUS,True,True,True,0
1,558,AUTHORIZATION,SEND_MESSAGE,0,B2-ADAPTIVE-OBLIVIOUS,True,True,True,0
1,559,AUTHORIZATION,SEND_MESSAGE,1,B0-NATURAL,True,True,True,0
1,559,AUTHORIZATION,SEND_MESSAGE,1,B1-PER-ACTION-OBLIVIOUS,True,True,True,0
1,559,AUTHORIZATION,SEND_MESSAGE,1,B2-ADAPTIVE-OBLIVIOUS,True,True,True,0
1,560,AUTHORIZATION,SHARE_DOCUMENT,0,B0-NATURAL,True,True,True,0
1,560,AUTHORIZATION,SHARE_DOCUMENT,0,B1-PER-ACTION-OBLIVIOUS,True,True,True,0
1,560,AUTHORIZATION,SHARE_DOCUMENT,0,B2-ADAPTIVE-OBLIVIOUS,True,True,True,0
1,561,AUTHORIZATION,SHARE_DOCUMENT,1,B0-NATURAL,True,True,True,0
1,561,AUTHORIZATION,SHARE_DOCUMENT,1,B1-PER-ACTION-OBLIVIOUS,True,True,True,0
1,561,AUTHORIZATION,SHARE_DOCUMENT,1,B2-ADAPTIVE-OBLIVIOUS,True,True,True,0
1,562,AUTHORIZATION,SHARE_DOCUMENT,0,B0-NATURAL,True,True,True,0
1,562,AUTHORIZATION,SHARE_DOCUMENT,0,B1-PER-ACTION-OBLIVIOUS,True,True,True,0
1,562,AUTHORIZATION,SHARE_DOCUMENT,0,B2-ADAPTIVE-OBLIVIOUS,True,True,True,0
1,563,AUTHORIZATION,SHARE_DOCUMENT,1,B0-NATURAL,True,True,True,0
1,563,AUTHORIZATION,SHARE_DOCUMENT,1,B1-PER-ACTION-OBLIVIOUS,True,True,True,0
1,563,AUTHORIZATION,SHARE_DOCUMENT,1,B2-ADAPTIVE-OBLIVIOUS,True,True,True,0
1,564,AUTHORIZATION,SHARE_DOCUMENT,0,B0-NATURAL,True,True,True,0
1,564,AUTHORIZATION,SHARE_DOCUMENT,0,B1-PER-ACTION-OBLIVIOUS,True,True,True,0
1,564,AUTHORIZATION,SHARE_DOCUMENT,0,B2-ADAPTIVE-OBLIVIOUS,True,True,True,0
1,565,AUTHORIZATION,SHARE_DOCUMENT,1,B0-NATURAL,True,True,True,0
1,565,AUTHORIZATION,SHARE_DOCUMENT,1,B1-PER-ACTION-OBLIVIOUS,True,True,True,0
1,565,AUTHORIZATION,SHARE_DOCUMENT,1,B2-ADAPTIVE-OBLIVIOUS,True,True,True,0
1,566,AUTHORIZATION,SHARE_DOCUMENT,0,B0-NATURAL,True,True,True,0
1,566,AUTHORIZATION,SHARE_DOCUMENT,0,B1-PER-ACTION-OBLIVIOUS,True,True,True,0
1,566,AUTHORIZATION,SHARE_DOCUMENT,0,B2-ADAPTIVE-OBLIVIOUS,True,True,True,0
1,567,AUTHORIZATION,SHARE_DOCUMENT,1,B0-NATURAL,True,True,True,0
1,567,AUTHORIZATION,SHARE_DOCUMENT,1,B1-PER-ACTION-OBLIVIOUS,True,True,True,0
1,567,AUTHORIZATION,SHARE_DOCUMENT,1,B2-ADAPTIVE-OBLIVIOUS,True,True,True,0
1,568,AUTHORIZATION,SHARE_DOCUMENT,0,B0-NATURAL,True,True,True,0
1,568,AUTHORIZATION,SHARE_DOCUMENT,0,B1-PER-ACTION-OBLIVIOUS,True,True,True,0
1,568,AUTHORIZATION,SHARE_DOCUMENT,0,B2-ADAPTIVE-OBLIVIOUS,True,True,True,0
1,569,AUTHORIZATION,SHARE_DOCUMENT,1,B0-NATURAL,True,True,True,0
1,569,AUTHORIZATION,SHARE_DOCUMENT,1,B1-PER-ACTION-OBLIVIOUS,True,True,True,0
1,569,AUTHORIZATION,SHARE_DOCUMENT,1,B2-ADAPTIVE-OBLIVIOUS,True,True,True,0
1,570,AUTHORIZATION,SHARE_DOCUMENT,0,B0-NATURAL,True,True,True,0
1,570,AUTHORIZATION,SHARE_DOCUMENT,0,B1-PER-ACTION-OBLIVIOUS,True,True,True,0
1,570,AUTHORIZATION,SHARE_DOCUMENT,0,B2-ADAPTIVE-OBLIVIOUS,True,True,True,0
1,571,AUTHORIZATION,SHARE_DOCUMENT,1,B0-NATURAL,True,True,True,0
1,571,AUTHORIZATION,SHARE_DOCUMENT,1,B1-PER-ACTION-OBLIVIOUS,True,True,True,0
1,571,AUTHORIZATION,SHARE_DOCUMENT,1,B2-ADAPTIVE-OBLIVIOUS,True,True,True,0
1,572,AUTHORIZATION,SHARE_DOCUMENT,0,B0-NATURAL,True,True,True,0
1,572,AUTHORIZATION,SHARE_DOCUMENT,0,B1-PER-ACTION-OBLIVIOUS,True,True,True,0
1,572,AUTHORIZATION,SHARE_DOCUMENT,0,B2-ADAPTIVE-OBLIVIOUS,True,True,True,0
1,573,AUTHORIZATION,SHARE_DOCUMENT,1,B0-NATURAL,True,True,True,0
1,573,AUTHORIZATION,SHARE_DOCUMENT,1,B1-PER-ACTION-OBLIVIOUS,True,True,True,0
1,573,AUTHORIZATION,SHARE_DOCUMENT,1,B2-ADAPTIVE-OBLIVIOUS,True,True,True,0
1,574,AUTHORIZATION,SHARE_DOCUMENT,0,B0-NATURAL,True,True,True,0
1,574,AUTHORIZATION,SHARE_DOCUMENT,0,B1-PER-ACTION-OBLIVIOUS,True,True,True,0
1,574,AUTHORIZATION,SHARE_DOCUMENT,0,B2-ADAPTIVE-OBLIVIOUS,True,True,True,0
1,575,AUTHORIZATION,SHARE_DOCUMENT,1,B0-NATURAL,True,True,True,0
1,575,AUTHORIZATION,SHARE_DOCUMENT,1,B1-PER-ACTION-OBLIVIOUS,True,True,True,0
1,575,AUTHORIZATION,SHARE_DOCUMENT,1,B2-ADAPTIVE-OBLIVIOUS,True,True,True,0
1,576,AUTHORIZATION,SHARE_DOCUMENT,0,B0-NATURAL,True,True,True,0
1,576,AUTHORIZATION,SHARE_DOCUMENT,0,B1-PER-ACTION-OBLIVIOUS,True,True,True,0
1,576,AUTHORIZATION,SHARE_DOCUMENT,0,B2-ADAPTIVE-OBLIVIOUS,True,True,True,0
1,577,AUTHORIZATION,SHARE_DOCUMENT,1,B0-NATURAL,True,True,True,0
1,577,AUTHORIZATION,SHARE_DOCUMENT,1,B1-PER-ACTION-OBLIVIOUS,True,True,True,0
1,577,AUTHORIZATION,SHARE_DOCUMENT,1,B2-ADAPTIVE-OBLIVIOUS,True,True,True,0
1,578,AUTHORIZATION,SHARE_DOCUMENT,0,B0-NATURAL,True,True,True,0
1,578,AUTHORIZATION,SHARE_DOCUMENT,0,B1-PER-ACTION-OBLIVIOUS,True,True,True,0
1,578,AUTHORIZATION,SHARE_DOCUMENT,0,B2-ADAPTIVE-OBLIVIOUS,True,True,True,0
1,579,AUTHORIZATION,SHARE_DOCUMENT,1,B0-NATURAL,True,True,True,0
1,579,AUTHORIZATION,SHARE_DOCUMENT,1,B1-PER-ACTION-OBLIVIOUS,True,True,True,0
1,579,AUTHORIZATION,SHARE_DOCUMENT,1,B2-ADAPTIVE-OBLIVIOUS,True,True,True,0
1,580,AUTHORIZATION,SHARE_DOCUMENT,0,B0-NATURAL,True,True,True,0
1,580,AUTHORIZATION,SHARE_DOCUMENT,0,B1-PER-ACTION-OBLIVIOUS,True,True,True,0
1,580,AUTHORIZATION,SHARE_DOCUMENT,0,B2-ADAPTIVE-OBLIVIOUS,True,True,True,0
1,581,AUTHORIZATION,SHARE_DOCUMENT,1,B0-NATURAL,True,True,True,0
1,581,AUTHORIZATION,SHARE_DOCUMENT,1,B1-PER-ACTION-OBLIVIOUS,True,True,True,0
1,581,AUTHORIZATION,SHARE_DOCUMENT,1,B2-ADAPTIVE-OBLIVIOUS,True,True,True,0
1,582,AUTHORIZATION,SHARE_DOCUMENT,0,B0-NATURAL,True,True,True,0
1,582,AUTHORIZATION,SHARE_DOCUMENT,0,B1-PER-ACTION-OBLIVIOUS,True,True,True,0
1,582,AUTHORIZATION,SHARE_DOCUMENT,0,B2-ADAPTIVE-OBLIVIOUS,True,True,True,0
1,583,AUTHORIZATION,SHARE_DOCUMENT,1,B0-NATURAL,True,True,True,0
1,583,AUTHORIZATION,SHARE_DOCUMENT,1,B1-PER-ACTION-OBLIVIOUS,True,True,True,0
1,583,AUTHORIZATION,SHARE_DOCUMENT,1,B2-ADAPTIVE-OBLIVIOUS,True,True,True,0
1,584,AUTHORIZATION,SHARE_DOCUMENT,0,B0-NATURAL,True,True,True,0
1,584,AUTHORIZATION,SHARE_DOCUMENT,0,B1-PER-ACTION-OBLIVIOUS,True,True,True,0
1,584,AUTHORIZATION,SHARE_DOCUMENT,0,B2-ADAPTIVE-OBLIVIOUS,True,True,True,0
1,585,AUTHORIZATION,SHARE_DOCUMENT,1,B0-NATURAL,True,True,True,0
1,585,AUTHORIZATION,SHARE_DOCUMENT,1,B1-PER-ACTION-OBLIVIOUS,True,True,True,0
1,585,AUTHORIZATION,SHARE_DOCUMENT,1,B2-ADAPTIVE-OBLIVIOUS,True,True,True,0
1,586,AUTHORIZATION,SHARE_DOCUMENT,0,B0-NATURAL,True,True,True,0
1,586,AUTHORIZATION,SHARE_DOCUMENT,0,B1-PER-ACTION-OBLIVIOUS,True,True,True,0
1,586,AUTHORIZATION,SHARE_DOCUMENT,0,B2-ADAPTIVE-OBLIVIOUS,True,True,True,0
1,587,AUTHORIZATION,SHARE_DOCUMENT,1,B0-NATURAL,True,True,True,0
1,587,AUTHORIZATION,SHARE_DOCUMENT,1,B1-PER-ACTION-OBLIVIOUS,True,True,True,0
1,587,AUTHORIZATION,SHARE_DOCUMENT,1,B2-ADAPTIVE-OBLIVIOUS,True,True,True,0
1,588,AUTHORIZATION,SHARE_DOCUMENT,0,B0-NATURAL,True,True,True,0
1,588,AUTHORIZATION,SHARE_DOCUMENT,0,B1-PER-ACTION-OBLIVIOUS,True,True,True,0
1,588,AUTHORIZATION,SHARE_DOCUMENT,0,B2-ADAPTIVE-OBLIVIOUS,True,True,True,0
1,589,AUTHORIZATION,SHARE_DOCUMENT,1,B0-NATURAL,True,True,True,0
1,589,AUTHORIZATION,SHARE_DOCUMENT,1,B1-PER-ACTION-OBLIVIOUS,True,True,True,0
1,589,AUTHORIZATION,SHARE_DOCUMENT,1,B2-ADAPTIVE-OBLIVIOUS,True,True,True,0
1,590,AUTHORIZATION,SHARE_DOCUMENT,0,B0-NATURAL,True,True,True,0
1,590,AUTHORIZATION,SHARE_DOCUMENT,0,B1-PER-ACTION-OBLIVIOUS,True,True,True,0
1,590,AUTHORIZATION,SHARE_DOCUMENT,0,B2-ADAPTIVE-OBLIVIOUS,True,True,True,0
1,591,AUTHORIZATION,SHARE_DOCUMENT,1,B0-NATURAL,True,True,True,0
1,591,AUTHORIZATION,SHARE_DOCUMENT,1,B1-PER-ACTION-OBLIVIOUS,True,True,True,0
1,591,AUTHORIZATION,SHARE_DOCUMENT,1,B2-ADAPTIVE-OBLIVIOUS,True,True,True,0
1,592,AUTHORIZATION,SHARE_DOCUMENT,0,B0-NATURAL,True,True,True,0
1,592,AUTHORIZATION,SHARE_DOCUMENT,0,B1-PER-ACTION-OBLIVIOUS,True,True,True,0
1,592,AUTHORIZATION,SHARE_DOCUMENT,0,B2-ADAPTIVE-OBLIVIOUS,True,True,True,0
1,593,AUTHORIZATION,SHARE_DOCUMENT,1,B0-NATURAL,True,True,True,0
1,593,AUTHORIZATION,SHARE_DOCUMENT,1,B1-PER-ACTION-OBLIVIOUS,True,True,True,0
1,593,AUTHORIZATION,SHARE_DOCUMENT,1,B2-ADAPTIVE-OBLIVIOUS,True,True,True,0
1,594,AUTHORIZATION,SHARE_DOCUMENT,0,B0-NATURAL,True,True,True,0
1,594,AUTHORIZATION,SHARE_DOCUMENT,0,B1-PER-ACTION-OBLIVIOUS,True,True,True,0
1,594,AUTHORIZATION,SHARE_DOCUMENT,0,B2-ADAPTIVE-OBLIVIOUS,True,True,True,0
1,595,AUTHORIZATION,SHARE_DOCUMENT,1,B0-NATURAL,True,True,True,0
1,595,AUTHORIZATION,SHARE_DOCUMENT,1,B1-PER-ACTION-OBLIVIOUS,True,True,True,0
1,595,AUTHORIZATION,SHARE_DOCUMENT,1,B2-ADAPTIVE-OBLIVIOUS,True,True,True,0
1,596,AUTHORIZATION,SHARE_DOCUMENT,0,B0-NATURAL,True,True,True,0
1,596,AUTHORIZATION,SHARE_DOCUMENT,0,B1-PER-ACTION-OBLIVIOUS,True,True,True,0
1,596,AUTHORIZATION,SHARE_DOCUMENT,0,B2-ADAPTIVE-OBLIVIOUS,True,True,True,0
1,597,AUTHORIZATION,SHARE_DOCUMENT,1,B0-NATURAL,True,True,True,0
1,597,AUTHORIZATION,SHARE_DOCUMENT,1,B1-PER-ACTION-OBLIVIOUS,True,True,True,0
1,597,AUTHORIZATION,SHARE_DOCUMENT,1,B2-ADAPTIVE-OBLIVIOUS,True,True,True,0
1,598,AUTHORIZATION,SHARE_DOCUMENT,0,B0-NATURAL,True,True,True,0
1,598,AUTHORIZATION,SHARE_DOCUMENT,0,B1-PER-ACTION-OBLIVIOUS,True,True,True,0
1,598,AUTHORIZATION,SHARE_DOCUMENT,0,B2-ADAPTIVE-OBLIVIOUS,True,True,True,0
1,599,AUTHORIZATION,SHARE_DOCUMENT,1,B0-NATURAL,True,True,True,0
1,599,AUTHORIZATION,SHARE_DOCUMENT,1,B1-PER-ACTION-OBLIVIOUS,True,True,True,0
1,599,AUTHORIZATION,SHARE_DOCUMENT,1,B2-ADAPTIVE-OBLIVIOUS,True,True,True,0
1,600,AUTHORIZATION,SHARE_DOCUMENT,0,B0-NATURAL,True,True,True,0
1,600,AUTHORIZATION,SHARE_DOCUMENT,0,B1-PER-ACTION-OBLIVIOUS,True,True,True,0
1,600,AUTHORIZATION,SHARE_DOCUMENT,0,B2-ADAPTIVE-OBLIVIOUS,True,True,True,0
1,601,AUTHORIZATION,SHARE_DOCUMENT,1,B0-NATURAL,True,True,True,0
1,601,AUTHORIZATION,SHARE_DOCUMENT,1,B1-PER-ACTION-OBLIVIOUS,True,True,True,0
1,601,AUTHORIZATION,SHARE_DOCUMENT,1,B2-ADAPTIVE-OBLIVIOUS,True,True,True,0
1,602,AUTHORIZATION,SHARE_DOCUMENT,0,B0-NATURAL,True,True,True,0
1,602,AUTHORIZATION,SHARE_DOCUMENT,0,B1-PER-ACTION-OBLIVIOUS,True,True,True,0
1,602,AUTHORIZATION,SHARE_DOCUMENT,0,B2-ADAPTIVE-OBLIVIOUS,True,True,True,0
1,603,AUTHORIZATION,SHARE_DOCUMENT,1,B0-NATURAL,True,True,True,0
1,603,AUTHORIZATION,SHARE_DOCUMENT,1,B1-PER-ACTION-OBLIVIOUS,True,True,True,0
1,603,AUTHORIZATION,SHARE_DOCUMENT,1,B2-ADAPTIVE-OBLIVIOUS,True,True,True,0
1,604,AUTHORIZATION,SHARE_DOCUMENT,0,B0-NATURAL,True,True,True,0
1,604,AUTHORIZATION,SHARE_DOCUMENT,0,B1-PER-ACTION-OBLIVIOUS,True,True,True,0
1,604,AUTHORIZATION,SHARE_DOCUMENT,0,B2-ADAPTIVE-OBLIVIOUS,True,True,True,0
1,605,AUTHORIZATION,SHARE_DOCUMENT,1,B0-NATURAL,True,True,True,0
1,605,AUTHORIZATION,SHARE_DOCUMENT,1,B1-PER-ACTION-OBLIVIOUS,True,True,True,0
1,605,AUTHORIZATION,SHARE_DOCUMENT,1,B2-ADAPTIVE-OBLIVIOUS,True,True,True,0
1,606,AUTHORIZATION,SHARE_DOCUMENT,0,B0-NATURAL,True,True,True,0
1,606,AUTHORIZATION,SHARE_DOCUMENT,0,B1-PER-ACTION-OBLIVIOUS,True,True,True,0
1,606,AUTHORIZATION,SHARE_DOCUMENT,0,B2-ADAPTIVE-OBLIVIOUS,True,True,True,0
1,607,AUTHORIZATION,SHARE_DOCUMENT,1,B0-NATURAL,True,True,True,0
1,607,AUTHORIZATION,SHARE_DOCUMENT,1,B1-PER-ACTION-OBLIVIOUS,True,True,True,0
1,607,AUTHORIZATION,SHARE_DOCUMENT,1,B2-ADAPTIVE-OBLIVIOUS,True,True,True,0
1,608,AUTHORIZATION,SHARE_DOCUMENT,0,B0-NATURAL,True,True,True,0
1,608,AUTHORIZATION,SHARE_DOCUMENT,0,B1-PER-ACTION-OBLIVIOUS,True,True,True,0
1,608,AUTHORIZATION,SHARE_DOCUMENT,0,B2-ADAPTIVE-OBLIVIOUS,True,True,True,0
1,609,AUTHORIZATION,SHARE_DOCUMENT,1,B0-NATURAL,True,True,True,0
1,609,AUTHORIZATION,SHARE_DOCUMENT,1,B1-PER-ACTION-OBLIVIOUS,True,True,True,0
1,609,AUTHORIZATION,SHARE_DOCUMENT,1,B2-ADAPTIVE-OBLIVIOUS,True,True,True,0
1,610,AUTHORIZATION,SHARE_DOCUMENT,0,B0-NATURAL,True,True,True,0
1,610,AUTHORIZATION,SHARE_DOCUMENT,0,B1-PER-ACTION-OBLIVIOUS,True,True,True,0
1,610,AUTHORIZATION,SHARE_DOCUMENT,0,B2-ADAPTIVE-OBLIVIOUS,True,True,True,0
1,611,AUTHORIZATION,SHARE_DOCUMENT,1,B0-NATURAL,True,True,True,0
1,611,AUTHORIZATION,SHARE_DOCUMENT,1,B1-PER-ACTION-OBLIVIOUS,True,True,True,0
1,611,AUTHORIZATION,SHARE_DOCUMENT,1,B2-ADAPTIVE-OBLIVIOUS,True,True,True,0
1,612,AUTHORIZATION,SHARE_DOCUMENT,0,B0-NATURAL,True,True,True,0
1,612,AUTHORIZATION,SHARE_DOCUMENT,0,B1-PER-ACTION-OBLIVIOUS,True,True,True,0
1,612,AUTHORIZATION,SHARE_DOCUMENT,0,B2-ADAPTIVE-OBLIVIOUS,True,True,True,0
1,613,AUTHORIZATION,SHARE_DOCUMENT,1,B0-NATURAL,True,True,True,0
1,613,AUTHORIZATION,SHARE_DOCUMENT,1,B1-PER-ACTION-OBLIVIOUS,True,True,True,0
1,613,AUTHORIZATION,SHARE_DOCUMENT,1,B2-ADAPTIVE-OBLIVIOUS,True,True,True,0
1,614,AUTHORIZATION,SHARE_DOCUMENT,0,B0-NATURAL,True,True,True,0
1,614,AUTHORIZATION,SHARE_DOCUMENT,0,B1-PER-ACTION-OBLIVIOUS,True,True,True,0
1,614,AUTHORIZATION,SHARE_DOCUMENT,0,B2-ADAPTIVE-OBLIVIOUS,True,True,True,0
1,615,AUTHORIZATION,SHARE_DOCUMENT,1,B0-NATURAL,True,True,True,0
1,615,AUTHORIZATION,SHARE_DOCUMENT,1,B1-PER-ACTION-OBLIVIOUS,True,True,True,0
1,615,AUTHORIZATION,SHARE_DOCUMENT,1,B2-ADAPTIVE-OBLIVIOUS,True,True,True,0
1,616,AUTHORIZATION,SHARE_DOCUMENT,0,B0-NATURAL,True,True,True,0
1,616,AUTHORIZATION,SHARE_DOCUMENT,0,B1-PER-ACTION-OBLIVIOUS,True,True,True,0
1,616,AUTHORIZATION,SHARE_DOCUMENT,0,B2-ADAPTIVE-OBLIVIOUS,True,True,True,0
1,617,AUTHORIZATION,SHARE_DOCUMENT,1,B0-NATURAL,True,True,True,0
1,617,AUTHORIZATION,SHARE_DOCUMENT,1,B1-PER-ACTION-OBLIVIOUS,True,True,True,0
1,617,AUTHORIZATION,SHARE_DOCUMENT,1,B2-ADAPTIVE-OBLIVIOUS,True,True,True,0
1,618,AUTHORIZATION,SHARE_DOCUMENT,0,B0-NATURAL,True,True,True,0
1,618,AUTHORIZATION,SHARE_DOCUMENT,0,B1-PER-ACTION-OBLIVIOUS,True,True,True,0
1,618,AUTHORIZATION,SHARE_DOCUMENT,0,B2-ADAPTIVE-OBLIVIOUS,True,True,True,0
1,619,AUTHORIZATION,SHARE_DOCUMENT,1,B0-NATURAL,True,True,True,0
1,619,AUTHORIZATION,SHARE_DOCUMENT,1,B1-PER-ACTION-OBLIVIOUS,True,True,True,0
1,619,AUTHORIZATION,SHARE_DOCUMENT,1,B2-ADAPTIVE-OBLIVIOUS,True,True,True,0
1,620,AUTHORIZATION,SHARE_DOCUMENT,0,B0-NATURAL,True,True,True,0
1,620,AUTHORIZATION,SHARE_DOCUMENT,0,B1-PER-ACTION-OBLIVIOUS,True,True,True,0
1,620,AUTHORIZATION,SHARE_DOCUMENT,0,B2-ADAPTIVE-OBLIVIOUS,True,True,True,0
1,621,AUTHORIZATION,SHARE_DOCUMENT,1,B0-NATURAL,True,True,True,0
1,621,AUTHORIZATION,SHARE_DOCUMENT,1,B1-PER-ACTION-OBLIVIOUS,True,True,True,0
1,621,AUTHORIZATION,SHARE_DOCUMENT,1,B2-ADAPTIVE-OBLIVIOUS,True,True,True,0
1,622,AUTHORIZATION,SHARE_DOCUMENT,0,B0-NATURAL,True,True,True,0
1,622,AUTHORIZATION,SHARE_DOCUMENT,0,B1-PER-ACTION-OBLIVIOUS,True,True,True,0
1,622,AUTHORIZATION,SHARE_DOCUMENT,0,B2-ADAPTIVE-OBLIVIOUS,True,True,True,0
1,623,AUTHORIZATION,SHARE_DOCUMENT,1,B0-NATURAL,True,True,True,0
1,623,AUTHORIZATION,SHARE_DOCUMENT,1,B1-PER-ACTION-OBLIVIOUS,True,True,True,0
1,623,AUTHORIZATION,SHARE_DOCUMENT,1,B2-ADAPTIVE-OBLIVIOUS,True,True,True,0
1,624,AUTHORIZATION,SHARE_DOCUMENT,0,B0-NATURAL,True,True,True,0
1,624,AUTHORIZATION,SHARE_DOCUMENT,0,B1-PER-ACTION-OBLIVIOUS,True,True,True,0
1,624,AUTHORIZATION,SHARE_DOCUMENT,0,B2-ADAPTIVE-OBLIVIOUS,True,True,True,0
1,625,AUTHORIZATION,SHARE_DOCUMENT,1,B0-NATURAL,True,True,True,0
1,625,AUTHORIZATION,SHARE_DOCUMENT,1,B1-PER-ACTION-OBLIVIOUS,True,True,True,0
1,625,AUTHORIZATION,SHARE_DOCUMENT,1,B2-ADAPTIVE-OBLIVIOUS,True,True,True,0
1,626,AUTHORIZATION,SHARE_DOCUMENT,0,B0-NATURAL,True,True,True,0
1,626,AUTHORIZATION,SHARE_DOCUMENT,0,B1-PER-ACTION-OBLIVIOUS,True,True,True,0
1,626,AUTHORIZATION,SHARE_DOCUMENT,0,B2-ADAPTIVE-OBLIVIOUS,True,True,True,0
1,627,AUTHORIZATION,SHARE_DOCUMENT,1,B0-NATURAL,True,True,True,0
1,627,AUTHORIZATION,SHARE_DOCUMENT,1,B1-PER-ACTION-OBLIVIOUS,True,True,True,0
1,627,AUTHORIZATION,SHARE_DOCUMENT,1,B2-ADAPTIVE-OBLIVIOUS,True,True,True,0
1,628,AUTHORIZATION,SHARE_DOCUMENT,0,B0-NATURAL,True,True,True,0
1,628,AUTHORIZATION,SHARE_DOCUMENT,0,B1-PER-ACTION-OBLIVIOUS,True,True,True,0
1,628,AUTHORIZATION,SHARE_DOCUMENT,0,B2-ADAPTIVE-OBLIVIOUS,True,True,True,0
1,629,AUTHORIZATION,SHARE_DOCUMENT,1,B0-NATURAL,True,True,True,0
1,629,AUTHORIZATION,SHARE_DOCUMENT,1,B1-PER-ACTION-OBLIVIOUS,True,True,True,0
1,629,AUTHORIZATION,SHARE_DOCUMENT,1,B2-ADAPTIVE-OBLIVIOUS,True,True,True,0
1,630,AUTHORIZATION,SHARE_DOCUMENT,0,B0-NATURAL,True,True,True,0
1,630,AUTHORIZATION,SHARE_DOCUMENT,0,B1-PER-ACTION-OBLIVIOUS,True,True,True,0
1,630,AUTHORIZATION,SHARE_DOCUMENT,0,B2-ADAPTIVE-OBLIVIOUS,True,True,True,0
1,631,AUTHORIZATION,SHARE_DOCUMENT,1,B0-NATURAL,True,True,True,0
1,631,AUTHORIZATION,SHARE_DOCUMENT,1,B1-PER-ACTION-OBLIVIOUS,True,True,True,0
1,631,AUTHORIZATION,SHARE_DOCUMENT,1,B2-ADAPTIVE-OBLIVIOUS,True,True,True,0
1,632,AUTHORIZATION,SHARE_DOCUMENT,0,B0-NATURAL,True,True,True,0
1,632,AUTHORIZATION,SHARE_DOCUMENT,0,B1-PER-ACTION-OBLIVIOUS,True,True,True,0
1,632,AUTHORIZATION,SHARE_DOCUMENT,0,B2-ADAPTIVE-OBLIVIOUS,True,True,True,0
1,633,AUTHORIZATION,SHARE_DOCUMENT,1,B0-NATURAL,True,True,True,0
1,633,AUTHORIZATION,SHARE_DOCUMENT,1,B1-PER-ACTION-OBLIVIOUS,True,True,True,0
1,633,AUTHORIZATION,SHARE_DOCUMENT,1,B2-ADAPTIVE-OBLIVIOUS,True,True,True,0
1,634,AUTHORIZATION,SHARE_DOCUMENT,0,B0-NATURAL,True,True,True,0
1,634,AUTHORIZATION,SHARE_DOCUMENT,0,B1-PER-ACTION-OBLIVIOUS,True,True,True,0
1,634,AUTHORIZATION,SHARE_DOCUMENT,0,B2-ADAPTIVE-OBLIVIOUS,True,True,True,0
1,635,AUTHORIZATION,SHARE_DOCUMENT,1,B0-NATURAL,True,True,True,0
1,635,AUTHORIZATION,SHARE_DOCUMENT,1,B1-PER-ACTION-OBLIVIOUS,True,True,True,0
1,635,AUTHORIZATION,SHARE_DOCUMENT,1,B2-ADAPTIVE-OBLIVIOUS,True,True,True,0
1,636,AUTHORIZATION,SHARE_DOCUMENT,0,B0-NATURAL,True,True,True,0
1,636,AUTHORIZATION,SHARE_DOCUMENT,0,B1-PER-ACTION-OBLIVIOUS,True,True,True,0
1,636,AUTHORIZATION,SHARE_DOCUMENT,0,B2-ADAPTIVE-OBLIVIOUS,True,True,True,0
1,637,AUTHORIZATION,SHARE_DOCUMENT,1,B0-NATURAL,True,True,True,0
1,637,AUTHORIZATION,SHARE_DOCUMENT,1,B1-PER-ACTION-OBLIVIOUS,True,True,True,0
1,637,AUTHORIZATION,SHARE_DOCUMENT,1,B2-ADAPTIVE-OBLIVIOUS,True,True,True,0
1,638,AUTHORIZATION,SHARE_DOCUMENT,0,B0-NATURAL,True,True,True,0
1,638,AUTHORIZATION,SHARE_DOCUMENT,0,B1-PER-ACTION-OBLIVIOUS,True,True,True,0
1,638,AUTHORIZATION,SHARE_DOCUMENT,0,B2-ADAPTIVE-OBLIVIOUS,True,True,True,0
1,639,AUTHORIZATION,SHARE_DOCUMENT,1,B0-NATURAL,True,True,True,0
1,639,AUTHORIZATION,SHARE_DOCUMENT,1,B1-PER-ACTION-OBLIVIOUS,True,True,True,0
1,639,AUTHORIZATION,SHARE_DOCUMENT,1,B2-ADAPTIVE-OBLIVIOUS,True,True,True,0
1,640,PROVENANCE,SEND_MESSAGE,0,B0-NATURAL,True,True,True,0
1,640,PROVENANCE,SEND_MESSAGE,0,B1-PER-ACTION-OBLIVIOUS,True,True,True,0
1,640,PROVENANCE,SEND_MESSAGE,0,B2-ADAPTIVE-OBLIVIOUS,True,True,True,0
1,641,PROVENANCE,SEND_MESSAGE,1,B0-NATURAL,True,True,True,0
1,641,PROVENANCE,SEND_MESSAGE,1,B1-PER-ACTION-OBLIVIOUS,True,True,True,0
1,641,PROVENANCE,SEND_MESSAGE,1,B2-ADAPTIVE-OBLIVIOUS,True,True,True,0
1,642,PROVENANCE,SEND_MESSAGE,0,B0-NATURAL,True,True,True,0
1,642,PROVENANCE,SEND_MESSAGE,0,B1-PER-ACTION-OBLIVIOUS,True,True,True,0
1,642,PROVENANCE,SEND_MESSAGE,0,B2-ADAPTIVE-OBLIVIOUS,True,True,True,0
1,643,PROVENANCE,SEND_MESSAGE,1,B0-NATURAL,True,True,True,0
1,643,PROVENANCE,SEND_MESSAGE,1,B1-PER-ACTION-OBLIVIOUS,True,True,True,0
1,643,PROVENANCE,SEND_MESSAGE,1,B2-ADAPTIVE-OBLIVIOUS,True,True,True,0
1,644,PROVENANCE,SEND_MESSAGE,0,B0-NATURAL,True,True,True,0
1,644,PROVENANCE,SEND_MESSAGE,0,B1-PER-ACTION-OBLIVIOUS,True,True,True,0
1,644,PROVENANCE,SEND_MESSAGE,0,B2-ADAPTIVE-OBLIVIOUS,True,True,True,0
1,645,PROVENANCE,SEND_MESSAGE,1,B0-NATURAL,True,True,True,0
1,645,PROVENANCE,SEND_MESSAGE,1,B1-PER-ACTION-OBLIVIOUS,True,True,True,0
1,645,PROVENANCE,SEND_MESSAGE,1,B2-ADAPTIVE-OBLIVIOUS,True,True,True,0
1,646,PROVENANCE,SEND_MESSAGE,0,B0-NATURAL,True,True,True,0
1,646,PROVENANCE,SEND_MESSAGE,0,B1-PER-ACTION-OBLIVIOUS,True,True,True,0
1,646,PROVENANCE,SEND_MESSAGE,0,B2-ADAPTIVE-OBLIVIOUS,True,True,True,0
1,647,PROVENANCE,SEND_MESSAGE,1,B0-NATURAL,True,True,True,0
1,647,PROVENANCE,SEND_MESSAGE,1,B1-PER-ACTION-OBLIVIOUS,True,True,True,0
1,647,PROVENANCE,SEND_MESSAGE,1,B2-ADAPTIVE-OBLIVIOUS,True,True,True,0
1,648,PROVENANCE,SEND_MESSAGE,0,B0-NATURAL,True,True,True,0
1,648,PROVENANCE,SEND_MESSAGE,0,B1-PER-ACTION-OBLIVIOUS,True,True,True,0
1,648,PROVENANCE,SEND_MESSAGE,0,B2-ADAPTIVE-OBLIVIOUS,True,True,True,0
1,649,PROVENANCE,SEND_MESSAGE,1,B0-NATURAL,True,True,True,0
1,649,PROVENANCE,SEND_MESSAGE,1,B1-PER-ACTION-OBLIVIOUS,True,True,True,0
1,649,PROVENANCE,SEND_MESSAGE,1,B2-ADAPTIVE-OBLIVIOUS,True,True,True,0
1,650,PROVENANCE,SEND_MESSAGE,0,B0-NATURAL,True,True,True,0
1,650,PROVENANCE,SEND_MESSAGE,0,B1-PER-ACTION-OBLIVIOUS,True,True,True,0
1,650,PROVENANCE,SEND_MESSAGE,0,B2-ADAPTIVE-OBLIVIOUS,True,True,True,0
1,651,PROVENANCE,SEND_MESSAGE,1,B0-NATURAL,True,True,True,0
1,651,PROVENANCE,SEND_MESSAGE,1,B1-PER-ACTION-OBLIVIOUS,True,True,True,0
1,651,PROVENANCE,SEND_MESSAGE,1,B2-ADAPTIVE-OBLIVIOUS,True,True,True,0
1,652,PROVENANCE,SEND_MESSAGE,0,B0-NATURAL,True,True,True,0
1,652,PROVENANCE,SEND_MESSAGE,0,B1-PER-ACTION-OBLIVIOUS,True,True,True,0
1,652,PROVENANCE,SEND_MESSAGE,0,B2-ADAPTIVE-OBLIVIOUS,True,True,True,0
1,653,PROVENANCE,SEND_MESSAGE,1,B0-NATURAL,True,True,True,0
1,653,PROVENANCE,SEND_MESSAGE,1,B1-PER-ACTION-OBLIVIOUS,True,True,True,0
1,653,PROVENANCE,SEND_MESSAGE,1,B2-ADAPTIVE-OBLIVIOUS,True,True,True,0
1,654,PROVENANCE,SEND_MESSAGE,0,B0-NATURAL,True,True,True,0
1,654,PROVENANCE,SEND_MESSAGE,0,B1-PER-ACTION-OBLIVIOUS,True,True,True,0
1,654,PROVENANCE,SEND_MESSAGE,0,B2-ADAPTIVE-OBLIVIOUS,True,True,True,0
1,655,PROVENANCE,SEND_MESSAGE,1,B0-NATURAL,True,True,True,0
1,655,PROVENANCE,SEND_MESSAGE,1,B1-PER-ACTION-OBLIVIOUS,True,True,True,0
1,655,PROVENANCE,SEND_MESSAGE,1,B2-ADAPTIVE-OBLIVIOUS,True,True,True,0
1,656,PROVENANCE,SEND_MESSAGE,0,B0-NATURAL,True,True,True,0
1,656,PROVENANCE,SEND_MESSAGE,0,B1-PER-ACTION-OBLIVIOUS,True,True,True,0
1,656,PROVENANCE,SEND_MESSAGE,0,B2-ADAPTIVE-OBLIVIOUS,True,True,True,0
1,657,PROVENANCE,SEND_MESSAGE,1,B0-NATURAL,True,True,True,0
1,657,PROVENANCE,SEND_MESSAGE,1,B1-PER-ACTION-OBLIVIOUS,True,True,True,0
1,657,PROVENANCE,SEND_MESSAGE,1,B2-ADAPTIVE-OBLIVIOUS,True,True,True,0
1,658,PROVENANCE,SEND_MESSAGE,0,B0-NATURAL,True,True,True,0
1,658,PROVENANCE,SEND_MESSAGE,0,B1-PER-ACTION-OBLIVIOUS,True,True,True,0
1,658,PROVENANCE,SEND_MESSAGE,0,B2-ADAPTIVE-OBLIVIOUS,True,True,True,0
1,659,PROVENANCE,SEND_MESSAGE,1,B0-NATURAL,True,True,True,0
1,659,PROVENANCE,SEND_MESSAGE,1,B1-PER-ACTION-OBLIVIOUS,True,True,True,0
1,659,PROVENANCE,SEND_MESSAGE,1,B2-ADAPTIVE-OBLIVIOUS,True,True,True,0
1,660,PROVENANCE,SEND_MESSAGE,0,B0-NATURAL,True,True,True,0
1,660,PROVENANCE,SEND_MESSAGE,0,B1-PER-ACTION-OBLIVIOUS,True,True,True,0
1,660,PROVENANCE,SEND_MESSAGE,0,B2-ADAPTIVE-OBLIVIOUS,True,True,True,0
1,661,PROVENANCE,SEND_MESSAGE,1,B0-NATURAL,True,True,True,0
1,661,PROVENANCE,SEND_MESSAGE,1,B1-PER-ACTION-OBLIVIOUS,True,True,True,0
1,661,PROVENANCE,SEND_MESSAGE,1,B2-ADAPTIVE-OBLIVIOUS,True,True,True,0
1,662,PROVENANCE,SEND_MESSAGE,0,B0-NATURAL,True,True,True,0
1,662,PROVENANCE,SEND_MESSAGE,0,B1-PER-ACTION-OBLIVIOUS,True,True,True,0
1,662,PROVENANCE,SEND_MESSAGE,0,B2-ADAPTIVE-OBLIVIOUS,True,True,True,0
1,663,PROVENANCE,SEND_MESSAGE,1,B0-NATURAL,True,True,True,0
1,663,PROVENANCE,SEND_MESSAGE,1,B1-PER-ACTION-OBLIVIOUS,True,True,True,0
1,663,PROVENANCE,SEND_MESSAGE,1,B2-ADAPTIVE-OBLIVIOUS,True,True,True,0
1,664,PROVENANCE,SEND_MESSAGE,0,B0-NATURAL,True,True,True,0
1,664,PROVENANCE,SEND_MESSAGE,0,B1-PER-ACTION-OBLIVIOUS,True,True,True,0
1,664,PROVENANCE,SEND_MESSAGE,0,B2-ADAPTIVE-OBLIVIOUS,True,True,True,0
1,665,PROVENANCE,SEND_MESSAGE,1,B0-NATURAL,True,True,True,0
1,665,PROVENANCE,SEND_MESSAGE,1,B1-PER-ACTION-OBLIVIOUS,True,True,True,0
1,665,PROVENANCE,SEND_MESSAGE,1,B2-ADAPTIVE-OBLIVIOUS,True,True,True,0
1,666,PROVENANCE,SEND_MESSAGE,0,B0-NATURAL,True,True,True,0
1,666,PROVENANCE,SEND_MESSAGE,0,B1-PER-ACTION-OBLIVIOUS,True,True,True,0
1,666,PROVENANCE,SEND_MESSAGE,0,B2-ADAPTIVE-OBLIVIOUS,True,True,True,0
1,667,PROVENANCE,SEND_MESSAGE,1,B0-NATURAL,True,True,True,0
1,667,PROVENANCE,SEND_MESSAGE,1,B1-PER-ACTION-OBLIVIOUS,True,True,True,0
1,667,PROVENANCE,SEND_MESSAGE,1,B2-ADAPTIVE-OBLIVIOUS,True,True,True,0
1,668,PROVENANCE,SEND_MESSAGE,0,B0-NATURAL,True,True,True,0
1,668,PROVENANCE,SEND_MESSAGE,0,B1-PER-ACTION-OBLIVIOUS,True,True,True,0
1,668,PROVENANCE,SEND_MESSAGE,0,B2-ADAPTIVE-OBLIVIOUS,True,True,True,0
1,669,PROVENANCE,SEND_MESSAGE,1,B0-NATURAL,True,True,True,0
1,669,PROVENANCE,SEND_MESSAGE,1,B1-PER-ACTION-OBLIVIOUS,True,True,True,0
1,669,PROVENANCE,SEND_MESSAGE,1,B2-ADAPTIVE-OBLIVIOUS,True,True,True,0
1,670,PROVENANCE,SEND_MESSAGE,0,B0-NATURAL,True,True,True,0
1,670,PROVENANCE,SEND_MESSAGE,0,B1-PER-ACTION-OBLIVIOUS,True,True,True,0
1,670,PROVENANCE,SEND_MESSAGE,0,B2-ADAPTIVE-OBLIVIOUS,True,True,True,0
1,671,PROVENANCE,SEND_MESSAGE,1,B0-NATURAL,True,True,True,0
1,671,PROVENANCE,SEND_MESSAGE,1,B1-PER-ACTION-OBLIVIOUS,True,True,True,0
1,671,PROVENANCE,SEND_MESSAGE,1,B2-ADAPTIVE-OBLIVIOUS,True,True,True,0
1,672,PROVENANCE,SEND_MESSAGE,0,B0-NATURAL,True,True,True,0
1,672,PROVENANCE,SEND_MESSAGE,0,B1-PER-ACTION-OBLIVIOUS,True,True,True,0
1,672,PROVENANCE,SEND_MESSAGE,0,B2-ADAPTIVE-OBLIVIOUS,True,True,True,0
1,673,PROVENANCE,SEND_MESSAGE,1,B0-NATURAL,True,True,True,0
1,673,PROVENANCE,SEND_MESSAGE,1,B1-PER-ACTION-OBLIVIOUS,True,True,True,0
1,673,PROVENANCE,SEND_MESSAGE,1,B2-ADAPTIVE-OBLIVIOUS,True,True,True,0
1,674,PROVENANCE,SEND_MESSAGE,0,B0-NATURAL,True,True,True,0
1,674,PROVENANCE,SEND_MESSAGE,0,B1-PER-ACTION-OBLIVIOUS,True,True,True,0
1,674,PROVENANCE,SEND_MESSAGE,0,B2-ADAPTIVE-OBLIVIOUS,True,True,True,0
1,675,PROVENANCE,SEND_MESSAGE,1,B0-NATURAL,True,True,True,0
1,675,PROVENANCE,SEND_MESSAGE,1,B1-PER-ACTION-OBLIVIOUS,True,True,True,0
1,675,PROVENANCE,SEND_MESSAGE,1,B2-ADAPTIVE-OBLIVIOUS,True,True,True,0
1,676,PROVENANCE,SEND_MESSAGE,0,B0-NATURAL,True,True,True,0
1,676,PROVENANCE,SEND_MESSAGE,0,B1-PER-ACTION-OBLIVIOUS,True,True,True,0
1,676,PROVENANCE,SEND_MESSAGE,0,B2-ADAPTIVE-OBLIVIOUS,True,True,True,0
1,677,PROVENANCE,SEND_MESSAGE,1,B0-NATURAL,True,True,True,0
1,677,PROVENANCE,SEND_MESSAGE,1,B1-PER-ACTION-OBLIVIOUS,True,True,True,0
1,677,PROVENANCE,SEND_MESSAGE,1,B2-ADAPTIVE-OBLIVIOUS,True,True,True,0
1,678,PROVENANCE,SEND_MESSAGE,0,B0-NATURAL,True,True,True,0
1,678,PROVENANCE,SEND_MESSAGE,0,B1-PER-ACTION-OBLIVIOUS,True,True,True,0
1,678,PROVENANCE,SEND_MESSAGE,0,B2-ADAPTIVE-OBLIVIOUS,True,True,True,0
1,679,PROVENANCE,SEND_MESSAGE,1,B0-NATURAL,True,True,True,0
1,679,PROVENANCE,SEND_MESSAGE,1,B1-PER-ACTION-OBLIVIOUS,True,True,True,0
1,679,PROVENANCE,SEND_MESSAGE,1,B2-ADAPTIVE-OBLIVIOUS,True,True,True,0
1,680,PROVENANCE,SEND_MESSAGE,0,B0-NATURAL,True,True,True,0
1,680,PROVENANCE,SEND_MESSAGE,0,B1-PER-ACTION-OBLIVIOUS,True,True,True,0
1,680,PROVENANCE,SEND_MESSAGE,0,B2-ADAPTIVE-OBLIVIOUS,True,True,True,0
1,681,PROVENANCE,SEND_MESSAGE,1,B0-NATURAL,True,True,True,0
1,681,PROVENANCE,SEND_MESSAGE,1,B1-PER-ACTION-OBLIVIOUS,True,True,True,0
1,681,PROVENANCE,SEND_MESSAGE,1,B2-ADAPTIVE-OBLIVIOUS,True,True,True,0
1,682,PROVENANCE,SEND_MESSAGE,0,B0-NATURAL,True,True,True,0
1,682,PROVENANCE,SEND_MESSAGE,0,B1-PER-ACTION-OBLIVIOUS,True,True,True,0
1,682,PROVENANCE,SEND_MESSAGE,0,B2-ADAPTIVE-OBLIVIOUS,True,True,True,0
1,683,PROVENANCE,SEND_MESSAGE,1,B0-NATURAL,True,True,True,0
1,683,PROVENANCE,SEND_MESSAGE,1,B1-PER-ACTION-OBLIVIOUS,True,True,True,0
1,683,PROVENANCE,SEND_MESSAGE,1,B2-ADAPTIVE-OBLIVIOUS,True,True,True,0
1,684,PROVENANCE,SEND_MESSAGE,0,B0-NATURAL,True,True,True,0
1,684,PROVENANCE,SEND_MESSAGE,0,B1-PER-ACTION-OBLIVIOUS,True,True,True,0
1,684,PROVENANCE,SEND_MESSAGE,0,B2-ADAPTIVE-OBLIVIOUS,True,True,True,0
1,685,PROVENANCE,SEND_MESSAGE,1,B0-NATURAL,True,True,True,0
1,685,PROVENANCE,SEND_MESSAGE,1,B1-PER-ACTION-OBLIVIOUS,True,True,True,0
1,685,PROVENANCE,SEND_MESSAGE,1,B2-ADAPTIVE-OBLIVIOUS,True,True,True,0
1,686,PROVENANCE,SEND_MESSAGE,0,B0-NATURAL,True,True,True,0
1,686,PROVENANCE,SEND_MESSAGE,0,B1-PER-ACTION-OBLIVIOUS,True,True,True,0
1,686,PROVENANCE,SEND_MESSAGE,0,B2-ADAPTIVE-OBLIVIOUS,True,True,True,0
1,687,PROVENANCE,SEND_MESSAGE,1,B0-NATURAL,True,True,True,0
1,687,PROVENANCE,SEND_MESSAGE,1,B1-PER-ACTION-OBLIVIOUS,True,True,True,0
1,687,PROVENANCE,SEND_MESSAGE,1,B2-ADAPTIVE-OBLIVIOUS,True,True,True,0
1,688,PROVENANCE,SEND_MESSAGE,0,B0-NATURAL,True,True,True,0
1,688,PROVENANCE,SEND_MESSAGE,0,B1-PER-ACTION-OBLIVIOUS,True,True,True,0
1,688,PROVENANCE,SEND_MESSAGE,0,B2-ADAPTIVE-OBLIVIOUS,True,True,True,0
1,689,PROVENANCE,SEND_MESSAGE,1,B0-NATURAL,True,True,True,0
1,689,PROVENANCE,SEND_MESSAGE,1,B1-PER-ACTION-OBLIVIOUS,True,True,True,0
1,689,PROVENANCE,SEND_MESSAGE,1,B2-ADAPTIVE-OBLIVIOUS,True,True,True,0
1,690,PROVENANCE,SEND_MESSAGE,0,B0-NATURAL,True,True,True,0
1,690,PROVENANCE,SEND_MESSAGE,0,B1-PER-ACTION-OBLIVIOUS,True,True,True,0
1,690,PROVENANCE,SEND_MESSAGE,0,B2-ADAPTIVE-OBLIVIOUS,True,True,True,0
1,691,PROVENANCE,SEND_MESSAGE,1,B0-NATURAL,True,True,True,0
1,691,PROVENANCE,SEND_MESSAGE,1,B1-PER-ACTION-OBLIVIOUS,True,True,True,0
1,691,PROVENANCE,SEND_MESSAGE,1,B2-ADAPTIVE-OBLIVIOUS,True,True,True,0
1,692,PROVENANCE,SEND_MESSAGE,0,B0-NATURAL,True,True,True,0
1,692,PROVENANCE,SEND_MESSAGE,0,B1-PER-ACTION-OBLIVIOUS,True,True,True,0
1,692,PROVENANCE,SEND_MESSAGE,0,B2-ADAPTIVE-OBLIVIOUS,True,True,True,0
1,693,PROVENANCE,SEND_MESSAGE,1,B0-NATURAL,True,True,True,0
1,693,PROVENANCE,SEND_MESSAGE,1,B1-PER-ACTION-OBLIVIOUS,True,True,True,0
1,693,PROVENANCE,SEND_MESSAGE,1,B2-ADAPTIVE-OBLIVIOUS,True,True,True,0
1,694,PROVENANCE,SEND_MESSAGE,0,B0-NATURAL,True,True,True,0
1,694,PROVENANCE,SEND_MESSAGE,0,B1-PER-ACTION-OBLIVIOUS,True,True,True,0
1,694,PROVENANCE,SEND_MESSAGE,0,B2-ADAPTIVE-OBLIVIOUS,True,True,True,0
1,695,PROVENANCE,SEND_MESSAGE,1,B0-NATURAL,True,True,True,0
1,695,PROVENANCE,SEND_MESSAGE,1,B1-PER-ACTION-OBLIVIOUS,True,True,True,0
1,695,PROVENANCE,SEND_MESSAGE,1,B2-ADAPTIVE-OBLIVIOUS,True,True,True,0
1,696,PROVENANCE,SEND_MESSAGE,0,B0-NATURAL,True,True,True,0
1,696,PROVENANCE,SEND_MESSAGE,0,B1-PER-ACTION-OBLIVIOUS,True,True,True,0
1,696,PROVENANCE,SEND_MESSAGE,0,B2-ADAPTIVE-OBLIVIOUS,True,True,True,0
1,697,PROVENANCE,SEND_MESSAGE,1,B0-NATURAL,True,True,True,0
1,697,PROVENANCE,SEND_MESSAGE,1,B1-PER-ACTION-OBLIVIOUS,True,True,True,0
1,697,PROVENANCE,SEND_MESSAGE,1,B2-ADAPTIVE-OBLIVIOUS,True,True,True,0
1,698,PROVENANCE,SEND_MESSAGE,0,B0-NATURAL,True,True,True,0
1,698,PROVENANCE,SEND_MESSAGE,0,B1-PER-ACTION-OBLIVIOUS,True,True,True,0
1,698,PROVENANCE,SEND_MESSAGE,0,B2-ADAPTIVE-OBLIVIOUS,True,True,True,0
1,699,PROVENANCE,SEND_MESSAGE,1,B0-NATURAL,True,True,True,0
1,699,PROVENANCE,SEND_MESSAGE,1,B1-PER-ACTION-OBLIVIOUS,True,True,True,0
1,699,PROVENANCE,SEND_MESSAGE,1,B2-ADAPTIVE-OBLIVIOUS,True,True,True,0
1,700,PROVENANCE,SEND_MESSAGE,0,B0-NATURAL,True,True,True,0
1,700,PROVENANCE,SEND_MESSAGE,0,B1-PER-ACTION-OBLIVIOUS,True,True,True,0
1,700,PROVENANCE,SEND_MESSAGE,0,B2-ADAPTIVE-OBLIVIOUS,True,True,True,0
1,701,PROVENANCE,SEND_MESSAGE,1,B0-NATURAL,True,True,True,0
1,701,PROVENANCE,SEND_MESSAGE,1,B1-PER-ACTION-OBLIVIOUS,True,True,True,0
1,701,PROVENANCE,SEND_MESSAGE,1,B2-ADAPTIVE-OBLIVIOUS,True,True,True,0
1,702,PROVENANCE,SEND_MESSAGE,0,B0-NATURAL,True,True,True,0
1,702,PROVENANCE,SEND_MESSAGE,0,B1-PER-ACTION-OBLIVIOUS,True,True,True,0
1,702,PROVENANCE,SEND_MESSAGE,0,B2-ADAPTIVE-OBLIVIOUS,True,True,True,0
1,703,PROVENANCE,SEND_MESSAGE,1,B0-NATURAL,True,True,True,0
1,703,PROVENANCE,SEND_MESSAGE,1,B1-PER-ACTION-OBLIVIOUS,True,True,True,0
1,703,PROVENANCE,SEND_MESSAGE,1,B2-ADAPTIVE-OBLIVIOUS,True,True,True,0
1,704,PROVENANCE,SEND_MESSAGE,0,B0-NATURAL,True,True,True,0
1,704,PROVENANCE,SEND_MESSAGE,0,B1-PER-ACTION-OBLIVIOUS,True,True,True,0
1,704,PROVENANCE,SEND_MESSAGE,0,B2-ADAPTIVE-OBLIVIOUS,True,True,True,0
1,705,PROVENANCE,SEND_MESSAGE,1,B0-NATURAL,True,True,True,0
1,705,PROVENANCE,SEND_MESSAGE,1,B1-PER-ACTION-OBLIVIOUS,True,True,True,0
1,705,PROVENANCE,SEND_MESSAGE,1,B2-ADAPTIVE-OBLIVIOUS,True,True,True,0
1,706,PROVENANCE,SEND_MESSAGE,0,B0-NATURAL,True,True,True,0
1,706,PROVENANCE,SEND_MESSAGE,0,B1-PER-ACTION-OBLIVIOUS,True,True,True,0
1,706,PROVENANCE,SEND_MESSAGE,0,B2-ADAPTIVE-OBLIVIOUS,True,True,True,0
1,707,PROVENANCE,SEND_MESSAGE,1,B0-NATURAL,True,True,True,0
1,707,PROVENANCE,SEND_MESSAGE,1,B1-PER-ACTION-OBLIVIOUS,True,True,True,0
1,707,PROVENANCE,SEND_MESSAGE,1,B2-ADAPTIVE-OBLIVIOUS,True,True,True,0
1,708,PROVENANCE,SEND_MESSAGE,0,B0-NATURAL,True,True,True,0
1,708,PROVENANCE,SEND_MESSAGE,0,B1-PER-ACTION-OBLIVIOUS,True,True,True,0
1,708,PROVENANCE,SEND_MESSAGE,0,B2-ADAPTIVE-OBLIVIOUS,True,True,True,0
1,709,PROVENANCE,SEND_MESSAGE,1,B0-NATURAL,True,True,True,0
1,709,PROVENANCE,SEND_MESSAGE,1,B1-PER-ACTION-OBLIVIOUS,True,True,True,0
1,709,PROVENANCE,SEND_MESSAGE,1,B2-ADAPTIVE-OBLIVIOUS,True,True,True,0
1,710,PROVENANCE,SEND_MESSAGE,0,B0-NATURAL,True,True,True,0
1,710,PROVENANCE,SEND_MESSAGE,0,B1-PER-ACTION-OBLIVIOUS,True,True,True,0
1,710,PROVENANCE,SEND_MESSAGE,0,B2-ADAPTIVE-OBLIVIOUS,True,True,True,0
1,711,PROVENANCE,SEND_MESSAGE,1,B0-NATURAL,True,True,True,0
1,711,PROVENANCE,SEND_MESSAGE,1,B1-PER-ACTION-OBLIVIOUS,True,True,True,0
1,711,PROVENANCE,SEND_MESSAGE,1,B2-ADAPTIVE-OBLIVIOUS,True,True,True,0
1,712,PROVENANCE,SEND_MESSAGE,0,B0-NATURAL,True,True,True,0
1,712,PROVENANCE,SEND_MESSAGE,0,B1-PER-ACTION-OBLIVIOUS,True,True,True,0
1,712,PROVENANCE,SEND_MESSAGE,0,B2-ADAPTIVE-OBLIVIOUS,True,True,True,0
1,713,PROVENANCE,SEND_MESSAGE,1,B0-NATURAL,True,True,True,0
1,713,PROVENANCE,SEND_MESSAGE,1,B1-PER-ACTION-OBLIVIOUS,True,True,True,0
1,713,PROVENANCE,SEND_MESSAGE,1,B2-ADAPTIVE-OBLIVIOUS,True,True,True,0
1,714,PROVENANCE,SEND_MESSAGE,0,B0-NATURAL,True,True,True,0
1,714,PROVENANCE,SEND_MESSAGE,0,B1-PER-ACTION-OBLIVIOUS,True,True,True,0
1,714,PROVENANCE,SEND_MESSAGE,0,B2-ADAPTIVE-OBLIVIOUS,True,True,True,0
1,715,PROVENANCE,SEND_MESSAGE,1,B0-NATURAL,True,True,True,0
1,715,PROVENANCE,SEND_MESSAGE,1,B1-PER-ACTION-OBLIVIOUS,True,True,True,0
1,715,PROVENANCE,SEND_MESSAGE,1,B2-ADAPTIVE-OBLIVIOUS,True,True,True,0
1,716,PROVENANCE,SEND_MESSAGE,0,B0-NATURAL,True,True,True,0
1,716,PROVENANCE,SEND_MESSAGE,0,B1-PER-ACTION-OBLIVIOUS,True,True,True,0
1,716,PROVENANCE,SEND_MESSAGE,0,B2-ADAPTIVE-OBLIVIOUS,True,True,True,0
1,717,PROVENANCE,SEND_MESSAGE,1,B0-NATURAL,True,True,True,0
1,717,PROVENANCE,SEND_MESSAGE,1,B1-PER-ACTION-OBLIVIOUS,True,True,True,0
1,717,PROVENANCE,SEND_MESSAGE,1,B2-ADAPTIVE-OBLIVIOUS,True,True,True,0
1,718,PROVENANCE,SEND_MESSAGE,0,B0-NATURAL,True,True,True,0
1,718,PROVENANCE,SEND_MESSAGE,0,B1-PER-ACTION-OBLIVIOUS,True,True,True,0
1,718,PROVENANCE,SEND_MESSAGE,0,B2-ADAPTIVE-OBLIVIOUS,True,True,True,0
1,719,PROVENANCE,SEND_MESSAGE,1,B0-NATURAL,True,True,True,0
1,719,PROVENANCE,SEND_MESSAGE,1,B1-PER-ACTION-OBLIVIOUS,True,True,True,0
1,719,PROVENANCE,SEND_MESSAGE,1,B2-ADAPTIVE-OBLIVIOUS,True,True,True,0
1,720,PROVENANCE,SHARE_DOCUMENT,0,B0-NATURAL,True,True,True,0
1,720,PROVENANCE,SHARE_DOCUMENT,0,B1-PER-ACTION-OBLIVIOUS,True,True,True,0
1,720,PROVENANCE,SHARE_DOCUMENT,0,B2-ADAPTIVE-OBLIVIOUS,True,True,True,0
1,721,PROVENANCE,SHARE_DOCUMENT,1,B0-NATURAL,True,True,True,0
1,721,PROVENANCE,SHARE_DOCUMENT,1,B1-PER-ACTION-OBLIVIOUS,True,True,True,0
1,721,PROVENANCE,SHARE_DOCUMENT,1,B2-ADAPTIVE-OBLIVIOUS,True,True,True,0
1,722,PROVENANCE,SHARE_DOCUMENT,0,B0-NATURAL,True,True,True,0
1,722,PROVENANCE,SHARE_DOCUMENT,0,B1-PER-ACTION-OBLIVIOUS,True,True,True,0
1,722,PROVENANCE,SHARE_DOCUMENT,0,B2-ADAPTIVE-OBLIVIOUS,True,True,True,0
1,723,PROVENANCE,SHARE_DOCUMENT,1,B0-NATURAL,True,True,True,0
1,723,PROVENANCE,SHARE_DOCUMENT,1,B1-PER-ACTION-OBLIVIOUS,True,True,True,0
1,723,PROVENANCE,SHARE_DOCUMENT,1,B2-ADAPTIVE-OBLIVIOUS,True,True,True,0
1,724,PROVENANCE,SHARE_DOCUMENT,0,B0-NATURAL,True,True,True,0
1,724,PROVENANCE,SHARE_DOCUMENT,0,B1-PER-ACTION-OBLIVIOUS,True,True,True,0
1,724,PROVENANCE,SHARE_DOCUMENT,0,B2-ADAPTIVE-OBLIVIOUS,True,True,True,0
1,725,PROVENANCE,SHARE_DOCUMENT,1,B0-NATURAL,True,True,True,0
1,725,PROVENANCE,SHARE_DOCUMENT,1,B1-PER-ACTION-OBLIVIOUS,True,True,True,0
1,725,PROVENANCE,SHARE_DOCUMENT,1,B2-ADAPTIVE-OBLIVIOUS,True,True,True,0
1,726,PROVENANCE,SHARE_DOCUMENT,0,B0-NATURAL,True,True,True,0
1,726,PROVENANCE,SHARE_DOCUMENT,0,B1-PER-ACTION-OBLIVIOUS,True,True,True,0
1,726,PROVENANCE,SHARE_DOCUMENT,0,B2-ADAPTIVE-OBLIVIOUS,True,True,True,0
1,727,PROVENANCE,SHARE_DOCUMENT,1,B0-NATURAL,True,True,True,0
1,727,PROVENANCE,SHARE_DOCUMENT,1,B1-PER-ACTION-OBLIVIOUS,True,True,True,0
1,727,PROVENANCE,SHARE_DOCUMENT,1,B2-ADAPTIVE-OBLIVIOUS,True,True,True,0
1,728,PROVENANCE,SHARE_DOCUMENT,0,B0-NATURAL,True,True,True,0
1,728,PROVENANCE,SHARE_DOCUMENT,0,B1-PER-ACTION-OBLIVIOUS,True,True,True,0
1,728,PROVENANCE,SHARE_DOCUMENT,0,B2-ADAPTIVE-OBLIVIOUS,True,True,True,0
1,729,PROVENANCE,SHARE_DOCUMENT,1,B0-NATURAL,True,True,True,0
1,729,PROVENANCE,SHARE_DOCUMENT,1,B1-PER-ACTION-OBLIVIOUS,True,True,True,0
1,729,PROVENANCE,SHARE_DOCUMENT,1,B2-ADAPTIVE-OBLIVIOUS,True,True,True,0
1,730,PROVENANCE,SHARE_DOCUMENT,0,B0-NATURAL,True,True,True,0
1,730,PROVENANCE,SHARE_DOCUMENT,0,B1-PER-ACTION-OBLIVIOUS,True,True,True,0
1,730,PROVENANCE,SHARE_DOCUMENT,0,B2-ADAPTIVE-OBLIVIOUS,True,True,True,0
1,731,PROVENANCE,SHARE_DOCUMENT,1,B0-NATURAL,True,True,True,0
1,731,PROVENANCE,SHARE_DOCUMENT,1,B1-PER-ACTION-OBLIVIOUS,True,True,True,0
1,731,PROVENANCE,SHARE_DOCUMENT,1,B2-ADAPTIVE-OBLIVIOUS,True,True,True,0
1,732,PROVENANCE,SHARE_DOCUMENT,0,B0-NATURAL,True,True,True,0
1,732,PROVENANCE,SHARE_DOCUMENT,0,B1-PER-ACTION-OBLIVIOUS,True,True,True,0
1,732,PROVENANCE,SHARE_DOCUMENT,0,B2-ADAPTIVE-OBLIVIOUS,True,True,True,0
1,733,PROVENANCE,SHARE_DOCUMENT,1,B0-NATURAL,True,True,True,0
1,733,PROVENANCE,SHARE_DOCUMENT,1,B1-PER-ACTION-OBLIVIOUS,True,True,True,0
1,733,PROVENANCE,SHARE_DOCUMENT,1,B2-ADAPTIVE-OBLIVIOUS,True,True,True,0
1,734,PROVENANCE,SHARE_DOCUMENT,0,B0-NATURAL,True,True,True,0
1,734,PROVENANCE,SHARE_DOCUMENT,0,B1-PER-ACTION-OBLIVIOUS,True,True,True,0
1,734,PROVENANCE,SHARE_DOCUMENT,0,B2-ADAPTIVE-OBLIVIOUS,True,True,True,0
1,735,PROVENANCE,SHARE_DOCUMENT,1,B0-NATURAL,True,True,True,0
1,735,PROVENANCE,SHARE_DOCUMENT,1,B1-PER-ACTION-OBLIVIOUS,True,True,True,0
1,735,PROVENANCE,SHARE_DOCUMENT,1,B2-ADAPTIVE-OBLIVIOUS,True,True,True,0
1,736,PROVENANCE,SHARE_DOCUMENT,0,B0-NATURAL,True,True,True,0
1,736,PROVENANCE,SHARE_DOCUMENT,0,B1-PER-ACTION-OBLIVIOUS,True,True,True,0
1,736,PROVENANCE,SHARE_DOCUMENT,0,B2-ADAPTIVE-OBLIVIOUS,True,True,True,0
1,737,PROVENANCE,SHARE_DOCUMENT,1,B0-NATURAL,True,True,True,0
1,737,PROVENANCE,SHARE_DOCUMENT,1,B1-PER-ACTION-OBLIVIOUS,True,True,True,0
1,737,PROVENANCE,SHARE_DOCUMENT,1,B2-ADAPTIVE-OBLIVIOUS,True,True,True,0
1,738,PROVENANCE,SHARE_DOCUMENT,0,B0-NATURAL,True,True,True,0
1,738,PROVENANCE,SHARE_DOCUMENT,0,B1-PER-ACTION-OBLIVIOUS,True,True,True,0
1,738,PROVENANCE,SHARE_DOCUMENT,0,B2-ADAPTIVE-OBLIVIOUS,True,True,True,0
1,739,PROVENANCE,SHARE_DOCUMENT,1,B0-NATURAL,True,True,True,0
1,739,PROVENANCE,SHARE_DOCUMENT,1,B1-PER-ACTION-OBLIVIOUS,True,True,True,0
1,739,PROVENANCE,SHARE_DOCUMENT,1,B2-ADAPTIVE-OBLIVIOUS,True,True,True,0
1,740,PROVENANCE,SHARE_DOCUMENT,0,B0-NATURAL,True,True,True,0
1,740,PROVENANCE,SHARE_DOCUMENT,0,B1-PER-ACTION-OBLIVIOUS,True,True,True,0
1,740,PROVENANCE,SHARE_DOCUMENT,0,B2-ADAPTIVE-OBLIVIOUS,True,True,True,0
1,741,PROVENANCE,SHARE_DOCUMENT,1,B0-NATURAL,True,True,True,0
1,741,PROVENANCE,SHARE_DOCUMENT,1,B1-PER-ACTION-OBLIVIOUS,True,True,True,0
1,741,PROVENANCE,SHARE_DOCUMENT,1,B2-ADAPTIVE-OBLIVIOUS,True,True,True,0
1,742,PROVENANCE,SHARE_DOCUMENT,0,B0-NATURAL,True,True,True,0
1,742,PROVENANCE,SHARE_DOCUMENT,0,B1-PER-ACTION-OBLIVIOUS,True,True,True,0
1,742,PROVENANCE,SHARE_DOCUMENT,0,B2-ADAPTIVE-OBLIVIOUS,True,True,True,0
1,743,PROVENANCE,SHARE_DOCUMENT,1,B0-NATURAL,True,True,True,0
1,743,PROVENANCE,SHARE_DOCUMENT,1,B1-PER-ACTION-OBLIVIOUS,True,True,True,0
1,743,PROVENANCE,SHARE_DOCUMENT,1,B2-ADAPTIVE-OBLIVIOUS,True,True,True,0
1,744,PROVENANCE,SHARE_DOCUMENT,0,B0-NATURAL,True,True,True,0
1,744,PROVENANCE,SHARE_DOCUMENT,0,B1-PER-ACTION-OBLIVIOUS,True,True,True,0
1,744,PROVENANCE,SHARE_DOCUMENT,0,B2-ADAPTIVE-OBLIVIOUS,True,True,True,0
1,745,PROVENANCE,SHARE_DOCUMENT,1,B0-NATURAL,True,True,True,0
1,745,PROVENANCE,SHARE_DOCUMENT,1,B1-PER-ACTION-OBLIVIOUS,True,True,True,0
1,745,PROVENANCE,SHARE_DOCUMENT,1,B2-ADAPTIVE-OBLIVIOUS,True,True,True,0
1,746,PROVENANCE,SHARE_DOCUMENT,0,B0-NATURAL,True,True,True,0
1,746,PROVENANCE,SHARE_DOCUMENT,0,B1-PER-ACTION-OBLIVIOUS,True,True,True,0
1,746,PROVENANCE,SHARE_DOCUMENT,0,B2-ADAPTIVE-OBLIVIOUS,True,True,True,0
1,747,PROVENANCE,SHARE_DOCUMENT,1,B0-NATURAL,True,True,True,0
1,747,PROVENANCE,SHARE_DOCUMENT,1,B1-PER-ACTION-OBLIVIOUS,True,True,True,0
1,747,PROVENANCE,SHARE_DOCUMENT,1,B2-ADAPTIVE-OBLIVIOUS,True,True,True,0
1,748,PROVENANCE,SHARE_DOCUMENT,0,B0-NATURAL,True,True,True,0
1,748,PROVENANCE,SHARE_DOCUMENT,0,B1-PER-ACTION-OBLIVIOUS,True,True,True,0
1,748,PROVENANCE,SHARE_DOCUMENT,0,B2-ADAPTIVE-OBLIVIOUS,True,True,True,0
1,749,PROVENANCE,SHARE_DOCUMENT,1,B0-NATURAL,True,True,True,0
1,749,PROVENANCE,SHARE_DOCUMENT,1,B1-PER-ACTION-OBLIVIOUS,True,True,True,0
1,749,PROVENANCE,SHARE_DOCUMENT,1,B2-ADAPTIVE-OBLIVIOUS,True,True,True,0
1,750,PROVENANCE,SHARE_DOCUMENT,0,B0-NATURAL,True,True,True,0
1,750,PROVENANCE,SHARE_DOCUMENT,0,B1-PER-ACTION-OBLIVIOUS,True,True,True,0
1,750,PROVENANCE,SHARE_DOCUMENT,0,B2-ADAPTIVE-OBLIVIOUS,True,True,True,0
1,751,PROVENANCE,SHARE_DOCUMENT,1,B0-NATURAL,True,True,True,0
1,751,PROVENANCE,SHARE_DOCUMENT,1,B1-PER-ACTION-OBLIVIOUS,True,True,True,0
1,751,PROVENANCE,SHARE_DOCUMENT,1,B2-ADAPTIVE-OBLIVIOUS,True,True,True,0
1,752,PROVENANCE,SHARE_DOCUMENT,0,B0-NATURAL,True,True,True,0
1,752,PROVENANCE,SHARE_DOCUMENT,0,B1-PER-ACTION-OBLIVIOUS,True,True,True,0
1,752,PROVENANCE,SHARE_DOCUMENT,0,B2-ADAPTIVE-OBLIVIOUS,True,True,True,0
1,753,PROVENANCE,SHARE_DOCUMENT,1,B0-NATURAL,True,True,True,0
1,753,PROVENANCE,SHARE_DOCUMENT,1,B1-PER-ACTION-OBLIVIOUS,True,True,True,0
1,753,PROVENANCE,SHARE_DOCUMENT,1,B2-ADAPTIVE-OBLIVIOUS,True,True,True,0
1,754,PROVENANCE,SHARE_DOCUMENT,0,B0-NATURAL,True,True,True,0
1,754,PROVENANCE,SHARE_DOCUMENT,0,B1-PER-ACTION-OBLIVIOUS,True,True,True,0
1,754,PROVENANCE,SHARE_DOCUMENT,0,B2-ADAPTIVE-OBLIVIOUS,True,True,True,0
1,755,PROVENANCE,SHARE_DOCUMENT,1,B0-NATURAL,True,True,True,0
1,755,PROVENANCE,SHARE_DOCUMENT,1,B1-PER-ACTION-OBLIVIOUS,True,True,True,0
1,755,PROVENANCE,SHARE_DOCUMENT,1,B2-ADAPTIVE-OBLIVIOUS,True,True,True,0
1,756,PROVENANCE,SHARE_DOCUMENT,0,B0-NATURAL,True,True,True,0
1,756,PROVENANCE,SHARE_DOCUMENT,0,B1-PER-ACTION-OBLIVIOUS,True,True,True,0
1,756,PROVENANCE,SHARE_DOCUMENT,0,B2-ADAPTIVE-OBLIVIOUS,True,True,True,0
1,757,PROVENANCE,SHARE_DOCUMENT,1,B0-NATURAL,True,True,True,0
1,757,PROVENANCE,SHARE_DOCUMENT,1,B1-PER-ACTION-OBLIVIOUS,True,True,True,0
1,757,PROVENANCE,SHARE_DOCUMENT,1,B2-ADAPTIVE-OBLIVIOUS,True,True,True,0
1,758,PROVENANCE,SHARE_DOCUMENT,0,B0-NATURAL,True,True,True,0
1,758,PROVENANCE,SHARE_DOCUMENT,0,B1-PER-ACTION-OBLIVIOUS,True,True,True,0
1,758,PROVENANCE,SHARE_DOCUMENT,0,B2-ADAPTIVE-OBLIVIOUS,True,True,True,0
1,759,PROVENANCE,SHARE_DOCUMENT,1,B0-NATURAL,True,True,True,0
1,759,PROVENANCE,SHARE_DOCUMENT,1,B1-PER-ACTION-OBLIVIOUS,True,True,True,0
1,759,PROVENANCE,SHARE_DOCUMENT,1,B2-ADAPTIVE-OBLIVIOUS,True,True,True,0
1,760,PROVENANCE,SHARE_DOCUMENT,0,B0-NATURAL,True,True,True,0
1,760,PROVENANCE,SHARE_DOCUMENT,0,B1-PER-ACTION-OBLIVIOUS,True,True,True,0
1,760,PROVENANCE,SHARE_DOCUMENT,0,B2-ADAPTIVE-OBLIVIOUS,True,True,True,0
1,761,PROVENANCE,SHARE_DOCUMENT,1,B0-NATURAL,True,True,True,0
1,761,PROVENANCE,SHARE_DOCUMENT,1,B1-PER-ACTION-OBLIVIOUS,True,True,True,0
1,761,PROVENANCE,SHARE_DOCUMENT,1,B2-ADAPTIVE-OBLIVIOUS,True,True,True,0
1,762,PROVENANCE,SHARE_DOCUMENT,0,B0-NATURAL,True,True,True,0
1,762,PROVENANCE,SHARE_DOCUMENT,0,B1-PER-ACTION-OBLIVIOUS,True,True,True,0
1,762,PROVENANCE,SHARE_DOCUMENT,0,B2-ADAPTIVE-OBLIVIOUS,True,True,True,0
1,763,PROVENANCE,SHARE_DOCUMENT,1,B0-NATURAL,True,True,True,0
1,763,PROVENANCE,SHARE_DOCUMENT,1,B1-PER-ACTION-OBLIVIOUS,True,True,True,0
1,763,PROVENANCE,SHARE_DOCUMENT,1,B2-ADAPTIVE-OBLIVIOUS,True,True,True,0
1,764,PROVENANCE,SHARE_DOCUMENT,0,B0-NATURAL,True,True,True,0
1,764,PROVENANCE,SHARE_DOCUMENT,0,B1-PER-ACTION-OBLIVIOUS,True,True,True,0
1,764,PROVENANCE,SHARE_DOCUMENT,0,B2-ADAPTIVE-OBLIVIOUS,True,True,True,0
1,765,PROVENANCE,SHARE_DOCUMENT,1,B0-NATURAL,True,True,True,0
1,765,PROVENANCE,SHARE_DOCUMENT,1,B1-PER-ACTION-OBLIVIOUS,True,True,True,0
1,765,PROVENANCE,SHARE_DOCUMENT,1,B2-ADAPTIVE-OBLIVIOUS,True,True,True,0
1,766,PROVENANCE,SHARE_DOCUMENT,0,B0-NATURAL,True,True,True,0
1,766,PROVENANCE,SHARE_DOCUMENT,0,B1-PER-ACTION-OBLIVIOUS,True,True,True,0
1,766,PROVENANCE,SHARE_DOCUMENT,0,B2-ADAPTIVE-OBLIVIOUS,True,True,True,0
1,767,PROVENANCE,SHARE_DOCUMENT,1,B0-NATURAL,True,True,True,0
1,767,PROVENANCE,SHARE_DOCUMENT,1,B1-PER-ACTION-OBLIVIOUS,True,True,True,0
1,767,PROVENANCE,SHARE_DOCUMENT,1,B2-ADAPTIVE-OBLIVIOUS,True,True,True,0
1,768,PROVENANCE,SHARE_DOCUMENT,0,B0-NATURAL,True,True,True,0
1,768,PROVENANCE,SHARE_DOCUMENT,0,B1-PER-ACTION-OBLIVIOUS,True,True,True,0
1,768,PROVENANCE,SHARE_DOCUMENT,0,B2-ADAPTIVE-OBLIVIOUS,True,True,True,0
1,769,PROVENANCE,SHARE_DOCUMENT,1,B0-NATURAL,True,True,True,0
1,769,PROVENANCE,SHARE_DOCUMENT,1,B1-PER-ACTION-OBLIVIOUS,True,True,True,0
1,769,PROVENANCE,SHARE_DOCUMENT,1,B2-ADAPTIVE-OBLIVIOUS,True,True,True,0
1,770,PROVENANCE,SHARE_DOCUMENT,0,B0-NATURAL,True,True,True,0
1,770,PROVENANCE,SHARE_DOCUMENT,0,B1-PER-ACTION-OBLIVIOUS,True,True,True,0
1,770,PROVENANCE,SHARE_DOCUMENT,0,B2-ADAPTIVE-OBLIVIOUS,True,True,True,0
1,771,PROVENANCE,SHARE_DOCUMENT,1,B0-NATURAL,True,True,True,0
1,771,PROVENANCE,SHARE_DOCUMENT,1,B1-PER-ACTION-OBLIVIOUS,True,True,True,0
1,771,PROVENANCE,SHARE_DOCUMENT,1,B2-ADAPTIVE-OBLIVIOUS,True,True,True,0
1,772,PROVENANCE,SHARE_DOCUMENT,0,B0-NATURAL,True,True,True,0
1,772,PROVENANCE,SHARE_DOCUMENT,0,B1-PER-ACTION-OBLIVIOUS,True,True,True,0
1,772,PROVENANCE,SHARE_DOCUMENT,0,B2-ADAPTIVE-OBLIVIOUS,True,True,True,0
1,773,PROVENANCE,SHARE_DOCUMENT,1,B0-NATURAL,True,True,True,0
1,773,PROVENANCE,SHARE_DOCUMENT,1,B1-PER-ACTION-OBLIVIOUS,True,True,True,0
1,773,PROVENANCE,SHARE_DOCUMENT,1,B2-ADAPTIVE-OBLIVIOUS,True,True,True,0
1,774,PROVENANCE,SHARE_DOCUMENT,0,B0-NATURAL,True,True,True,0
1,774,PROVENANCE,SHARE_DOCUMENT,0,B1-PER-ACTION-OBLIVIOUS,True,True,True,0
1,774,PROVENANCE,SHARE_DOCUMENT,0,B2-ADAPTIVE-OBLIVIOUS,True,True,True,0
1,775,PROVENANCE,SHARE_DOCUMENT,1,B0-NATURAL,True,True,True,0
1,775,PROVENANCE,SHARE_DOCUMENT,1,B1-PER-ACTION-OBLIVIOUS,True,True,True,0
1,775,PROVENANCE,SHARE_DOCUMENT,1,B2-ADAPTIVE-OBLIVIOUS,True,True,True,0
1,776,PROVENANCE,SHARE_DOCUMENT,0,B0-NATURAL,True,True,True,0
1,776,PROVENANCE,SHARE_DOCUMENT,0,B1-PER-ACTION-OBLIVIOUS,True,True,True,0
1,776,PROVENANCE,SHARE_DOCUMENT,0,B2-ADAPTIVE-OBLIVIOUS,True,True,True,0
1,777,PROVENANCE,SHARE_DOCUMENT,1,B0-NATURAL,True,True,True,0
1,777,PROVENANCE,SHARE_DOCUMENT,1,B1-PER-ACTION-OBLIVIOUS,True,True,True,0
1,777,PROVENANCE,SHARE_DOCUMENT,1,B2-ADAPTIVE-OBLIVIOUS,True,True,True,0
1,778,PROVENANCE,SHARE_DOCUMENT,0,B0-NATURAL,True,True,True,0
1,778,PROVENANCE,SHARE_DOCUMENT,0,B1-PER-ACTION-OBLIVIOUS,True,True,True,0
1,778,PROVENANCE,SHARE_DOCUMENT,0,B2-ADAPTIVE-OBLIVIOUS,True,True,True,0
1,779,PROVENANCE,SHARE_DOCUMENT,1,B0-NATURAL,True,True,True,0
1,779,PROVENANCE,SHARE_DOCUMENT,1,B1-PER-ACTION-OBLIVIOUS,True,True,True,0
1,779,PROVENANCE,SHARE_DOCUMENT,1,B2-ADAPTIVE-OBLIVIOUS,True,True,True,0
1,780,PROVENANCE,SHARE_DOCUMENT,0,B0-NATURAL,True,True,True,0
1,780,PROVENANCE,SHARE_DOCUMENT,0,B1-PER-ACTION-OBLIVIOUS,True,True,True,0
1,780,PROVENANCE,SHARE_DOCUMENT,0,B2-ADAPTIVE-OBLIVIOUS,True,True,True,0
1,781,PROVENANCE,SHARE_DOCUMENT,1,B0-NATURAL,True,True,True,0
1,781,PROVENANCE,SHARE_DOCUMENT,1,B1-PER-ACTION-OBLIVIOUS,True,True,True,0
1,781,PROVENANCE,SHARE_DOCUMENT,1,B2-ADAPTIVE-OBLIVIOUS,True,True,True,0
1,782,PROVENANCE,SHARE_DOCUMENT,0,B0-NATURAL,True,True,True,0
1,782,PROVENANCE,SHARE_DOCUMENT,0,B1-PER-ACTION-OBLIVIOUS,True,True,True,0
1,782,PROVENANCE,SHARE_DOCUMENT,0,B2-ADAPTIVE-OBLIVIOUS,True,True,True,0
1,783,PROVENANCE,SHARE_DOCUMENT,1,B0-NATURAL,True,True,True,0
1,783,PROVENANCE,SHARE_DOCUMENT,1,B1-PER-ACTION-OBLIVIOUS,True,True,True,0
1,783,PROVENANCE,SHARE_DOCUMENT,1,B2-ADAPTIVE-OBLIVIOUS,True,True,True,0
1,784,PROVENANCE,SHARE_DOCUMENT,0,B0-NATURAL,True,True,True,0
1,784,PROVENANCE,SHARE_DOCUMENT,0,B1-PER-ACTION-OBLIVIOUS,True,True,True,0
1,784,PROVENANCE,SHARE_DOCUMENT,0,B2-ADAPTIVE-OBLIVIOUS,True,True,True,0
1,785,PROVENANCE,SHARE_DOCUMENT,1,B0-NATURAL,True,True,True,0
1,785,PROVENANCE,SHARE_DOCUMENT,1,B1-PER-ACTION-OBLIVIOUS,True,True,True,0
1,785,PROVENANCE,SHARE_DOCUMENT,1,B2-ADAPTIVE-OBLIVIOUS,True,True,True,0
1,786,PROVENANCE,SHARE_DOCUMENT,0,B0-NATURAL,True,True,True,0
1,786,PROVENANCE,SHARE_DOCUMENT,0,B1-PER-ACTION-OBLIVIOUS,True,True,True,0
1,786,PROVENANCE,SHARE_DOCUMENT,0,B2-ADAPTIVE-OBLIVIOUS,True,True,True,0
1,787,PROVENANCE,SHARE_DOCUMENT,1,B0-NATURAL,True,True,True,0
1,787,PROVENANCE,SHARE_DOCUMENT,1,B1-PER-ACTION-OBLIVIOUS,True,True,True,0
1,787,PROVENANCE,SHARE_DOCUMENT,1,B2-ADAPTIVE-OBLIVIOUS,True,True,True,0
1,788,PROVENANCE,SHARE_DOCUMENT,0,B0-NATURAL,True,True,True,0
1,788,PROVENANCE,SHARE_DOCUMENT,0,B1-PER-ACTION-OBLIVIOUS,True,True,True,0
1,788,PROVENANCE,SHARE_DOCUMENT,0,B2-ADAPTIVE-OBLIVIOUS,True,True,True,0
1,789,PROVENANCE,SHARE_DOCUMENT,1,B0-NATURAL,True,True,True,0
1,789,PROVENANCE,SHARE_DOCUMENT,1,B1-PER-ACTION-OBLIVIOUS,True,True,True,0
1,789,PROVENANCE,SHARE_DOCUMENT,1,B2-ADAPTIVE-OBLIVIOUS,True,True,True,0
1,790,PROVENANCE,SHARE_DOCUMENT,0,B0-NATURAL,True,True,True,0
1,790,PROVENANCE,SHARE_DOCUMENT,0,B1-PER-ACTION-OBLIVIOUS,True,True,True,0
1,790,PROVENANCE,SHARE_DOCUMENT,0,B2-ADAPTIVE-OBLIVIOUS,True,True,True,0
1,791,PROVENANCE,SHARE_DOCUMENT,1,B0-NATURAL,True,True,True,0
1,791,PROVENANCE,SHARE_DOCUMENT,1,B1-PER-ACTION-OBLIVIOUS,True,True,True,0
1,791,PROVENANCE,SHARE_DOCUMENT,1,B2-ADAPTIVE-OBLIVIOUS,True,True,True,0
1,792,PROVENANCE,SHARE_DOCUMENT,0,B0-NATURAL,True,True,True,0
1,792,PROVENANCE,SHARE_DOCUMENT,0,B1-PER-ACTION-OBLIVIOUS,True,True,True,0
1,792,PROVENANCE,SHARE_DOCUMENT,0,B2-ADAPTIVE-OBLIVIOUS,True,True,True,0
1,793,PROVENANCE,SHARE_DOCUMENT,1,B0-NATURAL,True,True,True,0
1,793,PROVENANCE,SHARE_DOCUMENT,1,B1-PER-ACTION-OBLIVIOUS,True,True,True,0
1,793,PROVENANCE,SHARE_DOCUMENT,1,B2-ADAPTIVE-OBLIVIOUS,True,True,True,0
1,794,PROVENANCE,SHARE_DOCUMENT,0,B0-NATURAL,True,True,True,0
1,794,PROVENANCE,SHARE_DOCUMENT,0,B1-PER-ACTION-OBLIVIOUS,True,True,True,0
1,794,PROVENANCE,SHARE_DOCUMENT,0,B2-ADAPTIVE-OBLIVIOUS,True,True,True,0
1,795,PROVENANCE,SHARE_DOCUMENT,1,B0-NATURAL,True,True,True,0
1,795,PROVENANCE,SHARE_DOCUMENT,1,B1-PER-ACTION-OBLIVIOUS,True,True,True,0
1,795,PROVENANCE,SHARE_DOCUMENT,1,B2-ADAPTIVE-OBLIVIOUS,True,True,True,0
1,796,PROVENANCE,SHARE_DOCUMENT,0,B0-NATURAL,True,True,True,0
1,796,PROVENANCE,SHARE_DOCUMENT,0,B1-PER-ACTION-OBLIVIOUS,True,True,True,0
1,796,PROVENANCE,SHARE_DOCUMENT,0,B2-ADAPTIVE-OBLIVIOUS,True,True,True,0
1,797,PROVENANCE,SHARE_DOCUMENT,1,B0-NATURAL,True,True,True,0
1,797,PROVENANCE,SHARE_DOCUMENT,1,B1-PER-ACTION-OBLIVIOUS,True,True,True,0
1,797,PROVENANCE,SHARE_DOCUMENT,1,B2-ADAPTIVE-OBLIVIOUS,True,True,True,0
1,798,PROVENANCE,SHARE_DOCUMENT,0,B0-NATURAL,True,True,True,0
1,798,PROVENANCE,SHARE_DOCUMENT,0,B1-PER-ACTION-OBLIVIOUS,True,True,True,0
1,798,PROVENANCE,SHARE_DOCUMENT,0,B2-ADAPTIVE-OBLIVIOUS,True,True,True,0
1,799,PROVENANCE,SHARE_DOCUMENT,1,B0-NATURAL,True,True,True,0
1,799,PROVENANCE,SHARE_DOCUMENT,1,B1-PER-ACTION-OBLIVIOUS,True,True,True,0
1,799,PROVENANCE,SHARE_DOCUMENT,1,B2-ADAPTIVE-OBLIVIOUS,True,True,True,0
1,800,EXTRA_VERIFICATION,SEND_MESSAGE,0,B0-NATURAL,True,True,True,0
1,800,EXTRA_VERIFICATION,SEND_MESSAGE,0,B1-PER-ACTION-OBLIVIOUS,True,True,True,0
1,800,EXTRA_VERIFICATION,SEND_MESSAGE,0,B2-ADAPTIVE-OBLIVIOUS,True,True,True,0
1,801,EXTRA_VERIFICATION,SEND_MESSAGE,1,B0-NATURAL,True,True,True,0
1,801,EXTRA_VERIFICATION,SEND_MESSAGE,1,B1-PER-ACTION-OBLIVIOUS,True,True,True,0
1,801,EXTRA_VERIFICATION,SEND_MESSAGE,1,B2-ADAPTIVE-OBLIVIOUS,True,True,True,0
1,802,EXTRA_VERIFICATION,SEND_MESSAGE,0,B0-NATURAL,True,True,True,0
1,802,EXTRA_VERIFICATION,SEND_MESSAGE,0,B1-PER-ACTION-OBLIVIOUS,True,True,True,0
1,802,EXTRA_VERIFICATION,SEND_MESSAGE,0,B2-ADAPTIVE-OBLIVIOUS,True,True,True,0
1,803,EXTRA_VERIFICATION,SEND_MESSAGE,1,B0-NATURAL,True,True,True,0
1,803,EXTRA_VERIFICATION,SEND_MESSAGE,1,B1-PER-ACTION-OBLIVIOUS,True,True,True,0
1,803,EXTRA_VERIFICATION,SEND_MESSAGE,1,B2-ADAPTIVE-OBLIVIOUS,True,True,True,0
1,804,EXTRA_VERIFICATION,SEND_MESSAGE,0,B0-NATURAL,True,True,True,0
1,804,EXTRA_VERIFICATION,SEND_MESSAGE,0,B1-PER-ACTION-OBLIVIOUS,True,True,True,0
1,804,EXTRA_VERIFICATION,SEND_MESSAGE,0,B2-ADAPTIVE-OBLIVIOUS,True,True,True,0
1,805,EXTRA_VERIFICATION,SEND_MESSAGE,1,B0-NATURAL,True,True,True,0
1,805,EXTRA_VERIFICATION,SEND_MESSAGE,1,B1-PER-ACTION-OBLIVIOUS,True,True,True,0
1,805,EXTRA_VERIFICATION,SEND_MESSAGE,1,B2-ADAPTIVE-OBLIVIOUS,True,True,True,0
1,806,EXTRA_VERIFICATION,SEND_MESSAGE,0,B0-NATURAL,True,True,True,0
1,806,EXTRA_VERIFICATION,SEND_MESSAGE,0,B1-PER-ACTION-OBLIVIOUS,True,True,True,0
1,806,EXTRA_VERIFICATION,SEND_MESSAGE,0,B2-ADAPTIVE-OBLIVIOUS,True,True,True,0
1,807,EXTRA_VERIFICATION,SEND_MESSAGE,1,B0-NATURAL,True,True,True,0
1,807,EXTRA_VERIFICATION,SEND_MESSAGE,1,B1-PER-ACTION-OBLIVIOUS,True,True,True,0
1,807,EXTRA_VERIFICATION,SEND_MESSAGE,1,B2-ADAPTIVE-OBLIVIOUS,True,True,True,0
1,808,EXTRA_VERIFICATION,SEND_MESSAGE,0,B0-NATURAL,True,True,True,0
1,808,EXTRA_VERIFICATION,SEND_MESSAGE,0,B1-PER-ACTION-OBLIVIOUS,True,True,True,0
1,808,EXTRA_VERIFICATION,SEND_MESSAGE,0,B2-ADAPTIVE-OBLIVIOUS,True,True,True,0
1,809,EXTRA_VERIFICATION,SEND_MESSAGE,1,B0-NATURAL,True,True,True,0
1,809,EXTRA_VERIFICATION,SEND_MESSAGE,1,B1-PER-ACTION-OBLIVIOUS,True,True,True,0
1,809,EXTRA_VERIFICATION,SEND_MESSAGE,1,B2-ADAPTIVE-OBLIVIOUS,True,True,True,0
1,810,EXTRA_VERIFICATION,SEND_MESSAGE,0,B0-NATURAL,True,True,True,0
1,810,EXTRA_VERIFICATION,SEND_MESSAGE,0,B1-PER-ACTION-OBLIVIOUS,True,True,True,0
1,810,EXTRA_VERIFICATION,SEND_MESSAGE,0,B2-ADAPTIVE-OBLIVIOUS,True,True,True,0
1,811,EXTRA_VERIFICATION,SEND_MESSAGE,1,B0-NATURAL,True,True,True,0
1,811,EXTRA_VERIFICATION,SEND_MESSAGE,1,B1-PER-ACTION-OBLIVIOUS,True,True,True,0
1,811,EXTRA_VERIFICATION,SEND_MESSAGE,1,B2-ADAPTIVE-OBLIVIOUS,True,True,True,0
1,812,EXTRA_VERIFICATION,SEND_MESSAGE,0,B0-NATURAL,True,True,True,0
1,812,EXTRA_VERIFICATION,SEND_MESSAGE,0,B1-PER-ACTION-OBLIVIOUS,True,True,True,0
1,812,EXTRA_VERIFICATION,SEND_MESSAGE,0,B2-ADAPTIVE-OBLIVIOUS,True,True,True,0
1,813,EXTRA_VERIFICATION,SEND_MESSAGE,1,B0-NATURAL,True,True,True,0
1,813,EXTRA_VERIFICATION,SEND_MESSAGE,1,B1-PER-ACTION-OBLIVIOUS,True,True,True,0
1,813,EXTRA_VERIFICATION,SEND_MESSAGE,1,B2-ADAPTIVE-OBLIVIOUS,True,True,True,0
1,814,EXTRA_VERIFICATION,SEND_MESSAGE,0,B0-NATURAL,True,True,True,0
1,814,EXTRA_VERIFICATION,SEND_MESSAGE,0,B1-PER-ACTION-OBLIVIOUS,True,True,True,0
1,814,EXTRA_VERIFICATION,SEND_MESSAGE,0,B2-ADAPTIVE-OBLIVIOUS,True,True,True,0
1,815,EXTRA_VERIFICATION,SEND_MESSAGE,1,B0-NATURAL,True,True,True,0
1,815,EXTRA_VERIFICATION,SEND_MESSAGE,1,B1-PER-ACTION-OBLIVIOUS,True,True,True,0
1,815,EXTRA_VERIFICATION,SEND_MESSAGE,1,B2-ADAPTIVE-OBLIVIOUS,True,True,True,0
1,816,EXTRA_VERIFICATION,SEND_MESSAGE,0,B0-NATURAL,True,True,True,0
1,816,EXTRA_VERIFICATION,SEND_MESSAGE,0,B1-PER-ACTION-OBLIVIOUS,True,True,True,0
1,816,EXTRA_VERIFICATION,SEND_MESSAGE,0,B2-ADAPTIVE-OBLIVIOUS,True,True,True,0
1,817,EXTRA_VERIFICATION,SEND_MESSAGE,1,B0-NATURAL,True,True,True,0
1,817,EXTRA_VERIFICATION,SEND_MESSAGE,1,B1-PER-ACTION-OBLIVIOUS,True,True,True,0
1,817,EXTRA_VERIFICATION,SEND_MESSAGE,1,B2-ADAPTIVE-OBLIVIOUS,True,True,True,0
1,818,EXTRA_VERIFICATION,SEND_MESSAGE,0,B0-NATURAL,True,True,True,0
1,818,EXTRA_VERIFICATION,SEND_MESSAGE,0,B1-PER-ACTION-OBLIVIOUS,True,True,True,0
1,818,EXTRA_VERIFICATION,SEND_MESSAGE,0,B2-ADAPTIVE-OBLIVIOUS,True,True,True,0
1,819,EXTRA_VERIFICATION,SEND_MESSAGE,1,B0-NATURAL,True,True,True,0
1,819,EXTRA_VERIFICATION,SEND_MESSAGE,1,B1-PER-ACTION-OBLIVIOUS,True,True,True,0
1,819,EXTRA_VERIFICATION,SEND_MESSAGE,1,B2-ADAPTIVE-OBLIVIOUS,True,True,True,0
1,820,EXTRA_VERIFICATION,SEND_MESSAGE,0,B0-NATURAL,True,True,True,0
1,820,EXTRA_VERIFICATION,SEND_MESSAGE,0,B1-PER-ACTION-OBLIVIOUS,True,True,True,0
1,820,EXTRA_VERIFICATION,SEND_MESSAGE,0,B2-ADAPTIVE-OBLIVIOUS,True,True,True,0
1,821,EXTRA_VERIFICATION,SEND_MESSAGE,1,B0-NATURAL,True,True,True,0
1,821,EXTRA_VERIFICATION,SEND_MESSAGE,1,B1-PER-ACTION-OBLIVIOUS,True,True,True,0
1,821,EXTRA_VERIFICATION,SEND_MESSAGE,1,B2-ADAPTIVE-OBLIVIOUS,True,True,True,0
1,822,EXTRA_VERIFICATION,SEND_MESSAGE,0,B0-NATURAL,True,True,True,0
1,822,EXTRA_VERIFICATION,SEND_MESSAGE,0,B1-PER-ACTION-OBLIVIOUS,True,True,True,0
1,822,EXTRA_VERIFICATION,SEND_MESSAGE,0,B2-ADAPTIVE-OBLIVIOUS,True,True,True,0
1,823,EXTRA_VERIFICATION,SEND_MESSAGE,1,B0-NATURAL,True,True,True,0
1,823,EXTRA_VERIFICATION,SEND_MESSAGE,1,B1-PER-ACTION-OBLIVIOUS,True,True,True,0
1,823,EXTRA_VERIFICATION,SEND_MESSAGE,1,B2-ADAPTIVE-OBLIVIOUS,True,True,True,0
1,824,EXTRA_VERIFICATION,SEND_MESSAGE,0,B0-NATURAL,True,True,True,0
1,824,EXTRA_VERIFICATION,SEND_MESSAGE,0,B1-PER-ACTION-OBLIVIOUS,True,True,True,0
1,824,EXTRA_VERIFICATION,SEND_MESSAGE,0,B2-ADAPTIVE-OBLIVIOUS,True,True,True,0
1,825,EXTRA_VERIFICATION,SEND_MESSAGE,1,B0-NATURAL,True,True,True,0
1,825,EXTRA_VERIFICATION,SEND_MESSAGE,1,B1-PER-ACTION-OBLIVIOUS,True,True,True,0
1,825,EXTRA_VERIFICATION,SEND_MESSAGE,1,B2-ADAPTIVE-OBLIVIOUS,True,True,True,0
1,826,EXTRA_VERIFICATION,SEND_MESSAGE,0,B0-NATURAL,True,True,True,0
1,826,EXTRA_VERIFICATION,SEND_MESSAGE,0,B1-PER-ACTION-OBLIVIOUS,True,True,True,0
1,826,EXTRA_VERIFICATION,SEND_MESSAGE,0,B2-ADAPTIVE-OBLIVIOUS,True,True,True,0
1,827,EXTRA_VERIFICATION,SEND_MESSAGE,1,B0-NATURAL,True,True,True,0
1,827,EXTRA_VERIFICATION,SEND_MESSAGE,1,B1-PER-ACTION-OBLIVIOUS,True,True,True,0
1,827,EXTRA_VERIFICATION,SEND_MESSAGE,1,B2-ADAPTIVE-OBLIVIOUS,True,True,True,0
1,828,EXTRA_VERIFICATION,SEND_MESSAGE,0,B0-NATURAL,True,True,True,0
1,828,EXTRA_VERIFICATION,SEND_MESSAGE,0,B1-PER-ACTION-OBLIVIOUS,True,True,True,0
1,828,EXTRA_VERIFICATION,SEND_MESSAGE,0,B2-ADAPTIVE-OBLIVIOUS,True,True,True,0
1,829,EXTRA_VERIFICATION,SEND_MESSAGE,1,B0-NATURAL,True,True,True,0
1,829,EXTRA_VERIFICATION,SEND_MESSAGE,1,B1-PER-ACTION-OBLIVIOUS,True,True,True,0
1,829,EXTRA_VERIFICATION,SEND_MESSAGE,1,B2-ADAPTIVE-OBLIVIOUS,True,True,True,0
1,830,EXTRA_VERIFICATION,SEND_MESSAGE,0,B0-NATURAL,True,True,True,0
1,830,EXTRA_VERIFICATION,SEND_MESSAGE,0,B1-PER-ACTION-OBLIVIOUS,True,True,True,0
1,830,EXTRA_VERIFICATION,SEND_MESSAGE,0,B2-ADAPTIVE-OBLIVIOUS,True,True,True,0
1,831,EXTRA_VERIFICATION,SEND_MESSAGE,1,B0-NATURAL,True,True,True,0
1,831,EXTRA_VERIFICATION,SEND_MESSAGE,1,B1-PER-ACTION-OBLIVIOUS,True,True,True,0
1,831,EXTRA_VERIFICATION,SEND_MESSAGE,1,B2-ADAPTIVE-OBLIVIOUS,True,True,True,0
1,832,EXTRA_VERIFICATION,SEND_MESSAGE,0,B0-NATURAL,True,True,True,0
1,832,EXTRA_VERIFICATION,SEND_MESSAGE,0,B1-PER-ACTION-OBLIVIOUS,True,True,True,0
1,832,EXTRA_VERIFICATION,SEND_MESSAGE,0,B2-ADAPTIVE-OBLIVIOUS,True,True,True,0
1,833,EXTRA_VERIFICATION,SEND_MESSAGE,1,B0-NATURAL,True,True,True,0
1,833,EXTRA_VERIFICATION,SEND_MESSAGE,1,B1-PER-ACTION-OBLIVIOUS,True,True,True,0
1,833,EXTRA_VERIFICATION,SEND_MESSAGE,1,B2-ADAPTIVE-OBLIVIOUS,True,True,True,0
1,834,EXTRA_VERIFICATION,SEND_MESSAGE,0,B0-NATURAL,True,True,True,0
1,834,EXTRA_VERIFICATION,SEND_MESSAGE,0,B1-PER-ACTION-OBLIVIOUS,True,True,True,0
1,834,EXTRA_VERIFICATION,SEND_MESSAGE,0,B2-ADAPTIVE-OBLIVIOUS,True,True,True,0
1,835,EXTRA_VERIFICATION,SEND_MESSAGE,1,B0-NATURAL,True,True,True,0
1,835,EXTRA_VERIFICATION,SEND_MESSAGE,1,B1-PER-ACTION-OBLIVIOUS,True,True,True,0
1,835,EXTRA_VERIFICATION,SEND_MESSAGE,1,B2-ADAPTIVE-OBLIVIOUS,True,True,True,0
1,836,EXTRA_VERIFICATION,SEND_MESSAGE,0,B0-NATURAL,True,True,True,0
1,836,EXTRA_VERIFICATION,SEND_MESSAGE,0,B1-PER-ACTION-OBLIVIOUS,True,True,True,0
1,836,EXTRA_VERIFICATION,SEND_MESSAGE,0,B2-ADAPTIVE-OBLIVIOUS,True,True,True,0
1,837,EXTRA_VERIFICATION,SEND_MESSAGE,1,B0-NATURAL,True,True,True,0
1,837,EXTRA_VERIFICATION,SEND_MESSAGE,1,B1-PER-ACTION-OBLIVIOUS,True,True,True,0
1,837,EXTRA_VERIFICATION,SEND_MESSAGE,1,B2-ADAPTIVE-OBLIVIOUS,True,True,True,0
1,838,EXTRA_VERIFICATION,SEND_MESSAGE,0,B0-NATURAL,True,True,True,0
1,838,EXTRA_VERIFICATION,SEND_MESSAGE,0,B1-PER-ACTION-OBLIVIOUS,True,True,True,0
1,838,EXTRA_VERIFICATION,SEND_MESSAGE,0,B2-ADAPTIVE-OBLIVIOUS,True,True,True,0
1,839,EXTRA_VERIFICATION,SEND_MESSAGE,1,B0-NATURAL,True,True,True,0
1,839,EXTRA_VERIFICATION,SEND_MESSAGE,1,B1-PER-ACTION-OBLIVIOUS,True,True,True,0
1,839,EXTRA_VERIFICATION,SEND_MESSAGE,1,B2-ADAPTIVE-OBLIVIOUS,True,True,True,0
1,840,EXTRA_VERIFICATION,SEND_MESSAGE,0,B0-NATURAL,True,True,True,0
1,840,EXTRA_VERIFICATION,SEND_MESSAGE,0,B1-PER-ACTION-OBLIVIOUS,True,True,True,0
1,840,EXTRA_VERIFICATION,SEND_MESSAGE,0,B2-ADAPTIVE-OBLIVIOUS,True,True,True,0
1,841,EXTRA_VERIFICATION,SEND_MESSAGE,1,B0-NATURAL,True,True,True,0
1,841,EXTRA_VERIFICATION,SEND_MESSAGE,1,B1-PER-ACTION-OBLIVIOUS,True,True,True,0
1,841,EXTRA_VERIFICATION,SEND_MESSAGE,1,B2-ADAPTIVE-OBLIVIOUS,True,True,True,0
1,842,EXTRA_VERIFICATION,SEND_MESSAGE,0,B0-NATURAL,True,True,True,0
1,842,EXTRA_VERIFICATION,SEND_MESSAGE,0,B1-PER-ACTION-OBLIVIOUS,True,True,True,0
1,842,EXTRA_VERIFICATION,SEND_MESSAGE,0,B2-ADAPTIVE-OBLIVIOUS,True,True,True,0
1,843,EXTRA_VERIFICATION,SEND_MESSAGE,1,B0-NATURAL,True,True,True,0
1,843,EXTRA_VERIFICATION,SEND_MESSAGE,1,B1-PER-ACTION-OBLIVIOUS,True,True,True,0
1,843,EXTRA_VERIFICATION,SEND_MESSAGE,1,B2-ADAPTIVE-OBLIVIOUS,True,True,True,0
1,844,EXTRA_VERIFICATION,SEND_MESSAGE,0,B0-NATURAL,True,True,True,0
1,844,EXTRA_VERIFICATION,SEND_MESSAGE,0,B1-PER-ACTION-OBLIVIOUS,True,True,True,0
1,844,EXTRA_VERIFICATION,SEND_MESSAGE,0,B2-ADAPTIVE-OBLIVIOUS,True,True,True,0
1,845,EXTRA_VERIFICATION,SEND_MESSAGE,1,B0-NATURAL,True,True,True,0
1,845,EXTRA_VERIFICATION,SEND_MESSAGE,1,B1-PER-ACTION-OBLIVIOUS,True,True,True,0
1,845,EXTRA_VERIFICATION,SEND_MESSAGE,1,B2-ADAPTIVE-OBLIVIOUS,True,True,True,0
1,846,EXTRA_VERIFICATION,SEND_MESSAGE,0,B0-NATURAL,True,True,True,0
1,846,EXTRA_VERIFICATION,SEND_MESSAGE,0,B1-PER-ACTION-OBLIVIOUS,True,True,True,0
1,846,EXTRA_VERIFICATION,SEND_MESSAGE,0,B2-ADAPTIVE-OBLIVIOUS,True,True,True,0
1,847,EXTRA_VERIFICATION,SEND_MESSAGE,1,B0-NATURAL,True,True,True,0
1,847,EXTRA_VERIFICATION,SEND_MESSAGE,1,B1-PER-ACTION-OBLIVIOUS,True,True,True,0
1,847,EXTRA_VERIFICATION,SEND_MESSAGE,1,B2-ADAPTIVE-OBLIVIOUS,True,True,True,0
1,848,EXTRA_VERIFICATION,SEND_MESSAGE,0,B0-NATURAL,True,True,True,0
1,848,EXTRA_VERIFICATION,SEND_MESSAGE,0,B1-PER-ACTION-OBLIVIOUS,True,True,True,0
1,848,EXTRA_VERIFICATION,SEND_MESSAGE,0,B2-ADAPTIVE-OBLIVIOUS,True,True,True,0
1,849,EXTRA_VERIFICATION,SEND_MESSAGE,1,B0-NATURAL,True,True,True,0
1,849,EXTRA_VERIFICATION,SEND_MESSAGE,1,B1-PER-ACTION-OBLIVIOUS,True,True,True,0
1,849,EXTRA_VERIFICATION,SEND_MESSAGE,1,B2-ADAPTIVE-OBLIVIOUS,True,True,True,0
1,850,EXTRA_VERIFICATION,SEND_MESSAGE,0,B0-NATURAL,True,True,True,0
1,850,EXTRA_VERIFICATION,SEND_MESSAGE,0,B1-PER-ACTION-OBLIVIOUS,True,True,True,0
1,850,EXTRA_VERIFICATION,SEND_MESSAGE,0,B2-ADAPTIVE-OBLIVIOUS,True,True,True,0
1,851,EXTRA_VERIFICATION,SEND_MESSAGE,1,B0-NATURAL,True,True,True,0
1,851,EXTRA_VERIFICATION,SEND_MESSAGE,1,B1-PER-ACTION-OBLIVIOUS,True,True,True,0
1,851,EXTRA_VERIFICATION,SEND_MESSAGE,1,B2-ADAPTIVE-OBLIVIOUS,True,True,True,0
1,852,EXTRA_VERIFICATION,SEND_MESSAGE,0,B0-NATURAL,True,True,True,0
1,852,EXTRA_VERIFICATION,SEND_MESSAGE,0,B1-PER-ACTION-OBLIVIOUS,True,True,True,0
1,852,EXTRA_VERIFICATION,SEND_MESSAGE,0,B2-ADAPTIVE-OBLIVIOUS,True,True,True,0
1,853,EXTRA_VERIFICATION,SEND_MESSAGE,1,B0-NATURAL,True,True,True,0
1,853,EXTRA_VERIFICATION,SEND_MESSAGE,1,B1-PER-ACTION-OBLIVIOUS,True,True,True,0
1,853,EXTRA_VERIFICATION,SEND_MESSAGE,1,B2-ADAPTIVE-OBLIVIOUS,True,True,True,0
1,854,EXTRA_VERIFICATION,SEND_MESSAGE,0,B0-NATURAL,True,True,True,0
1,854,EXTRA_VERIFICATION,SEND_MESSAGE,0,B1-PER-ACTION-OBLIVIOUS,True,True,True,0
1,854,EXTRA_VERIFICATION,SEND_MESSAGE,0,B2-ADAPTIVE-OBLIVIOUS,True,True,True,0
1,855,EXTRA_VERIFICATION,SEND_MESSAGE,1,B0-NATURAL,True,True,True,0
1,855,EXTRA_VERIFICATION,SEND_MESSAGE,1,B1-PER-ACTION-OBLIVIOUS,True,True,True,0
1,855,EXTRA_VERIFICATION,SEND_MESSAGE,1,B2-ADAPTIVE-OBLIVIOUS,True,True,True,0
1,856,EXTRA_VERIFICATION,SEND_MESSAGE,0,B0-NATURAL,True,True,True,0
1,856,EXTRA_VERIFICATION,SEND_MESSAGE,0,B1-PER-ACTION-OBLIVIOUS,True,True,True,0
1,856,EXTRA_VERIFICATION,SEND_MESSAGE,0,B2-ADAPTIVE-OBLIVIOUS,True,True,True,0
1,857,EXTRA_VERIFICATION,SEND_MESSAGE,1,B0-NATURAL,True,True,True,0
1,857,EXTRA_VERIFICATION,SEND_MESSAGE,1,B1-PER-ACTION-OBLIVIOUS,True,True,True,0
1,857,EXTRA_VERIFICATION,SEND_MESSAGE,1,B2-ADAPTIVE-OBLIVIOUS,True,True,True,0
1,858,EXTRA_VERIFICATION,SEND_MESSAGE,0,B0-NATURAL,True,True,True,0
1,858,EXTRA_VERIFICATION,SEND_MESSAGE,0,B1-PER-ACTION-OBLIVIOUS,True,True,True,0
1,858,EXTRA_VERIFICATION,SEND_MESSAGE,0,B2-ADAPTIVE-OBLIVIOUS,True,True,True,0
1,859,EXTRA_VERIFICATION,SEND_MESSAGE,1,B0-NATURAL,True,True,True,0
1,859,EXTRA_VERIFICATION,SEND_MESSAGE,1,B1-PER-ACTION-OBLIVIOUS,True,True,True,0
1,859,EXTRA_VERIFICATION,SEND_MESSAGE,1,B2-ADAPTIVE-OBLIVIOUS,True,True,True,0
1,860,EXTRA_VERIFICATION,SEND_MESSAGE,0,B0-NATURAL,True,True,True,0
1,860,EXTRA_VERIFICATION,SEND_MESSAGE,0,B1-PER-ACTION-OBLIVIOUS,True,True,True,0
1,860,EXTRA_VERIFICATION,SEND_MESSAGE,0,B2-ADAPTIVE-OBLIVIOUS,True,True,True,0
1,861,EXTRA_VERIFICATION,SEND_MESSAGE,1,B0-NATURAL,True,True,True,0
1,861,EXTRA_VERIFICATION,SEND_MESSAGE,1,B1-PER-ACTION-OBLIVIOUS,True,True,True,0
1,861,EXTRA_VERIFICATION,SEND_MESSAGE,1,B2-ADAPTIVE-OBLIVIOUS,True,True,True,0
1,862,EXTRA_VERIFICATION,SEND_MESSAGE,0,B0-NATURAL,True,True,True,0
1,862,EXTRA_VERIFICATION,SEND_MESSAGE,0,B1-PER-ACTION-OBLIVIOUS,True,True,True,0
1,862,EXTRA_VERIFICATION,SEND_MESSAGE,0,B2-ADAPTIVE-OBLIVIOUS,True,True,True,0
1,863,EXTRA_VERIFICATION,SEND_MESSAGE,1,B0-NATURAL,True,True,True,0
1,863,EXTRA_VERIFICATION,SEND_MESSAGE,1,B1-PER-ACTION-OBLIVIOUS,True,True,True,0
1,863,EXTRA_VERIFICATION,SEND_MESSAGE,1,B2-ADAPTIVE-OBLIVIOUS,True,True,True,0
1,864,EXTRA_VERIFICATION,SEND_MESSAGE,0,B0-NATURAL,True,True,True,0
1,864,EXTRA_VERIFICATION,SEND_MESSAGE,0,B1-PER-ACTION-OBLIVIOUS,True,True,True,0
1,864,EXTRA_VERIFICATION,SEND_MESSAGE,0,B2-ADAPTIVE-OBLIVIOUS,True,True,True,0
1,865,EXTRA_VERIFICATION,SEND_MESSAGE,1,B0-NATURAL,True,True,True,0
1,865,EXTRA_VERIFICATION,SEND_MESSAGE,1,B1-PER-ACTION-OBLIVIOUS,True,True,True,0
1,865,EXTRA_VERIFICATION,SEND_MESSAGE,1,B2-ADAPTIVE-OBLIVIOUS,True,True,True,0
1,866,EXTRA_VERIFICATION,SEND_MESSAGE,0,B0-NATURAL,True,True,True,0
1,866,EXTRA_VERIFICATION,SEND_MESSAGE,0,B1-PER-ACTION-OBLIVIOUS,True,True,True,0
1,866,EXTRA_VERIFICATION,SEND_MESSAGE,0,B2-ADAPTIVE-OBLIVIOUS,True,True,True,0
1,867,EXTRA_VERIFICATION,SEND_MESSAGE,1,B0-NATURAL,True,True,True,0
1,867,EXTRA_VERIFICATION,SEND_MESSAGE,1,B1-PER-ACTION-OBLIVIOUS,True,True,True,0
1,867,EXTRA_VERIFICATION,SEND_MESSAGE,1,B2-ADAPTIVE-OBLIVIOUS,True,True,True,0
1,868,EXTRA_VERIFICATION,SEND_MESSAGE,0,B0-NATURAL,True,True,True,0
1,868,EXTRA_VERIFICATION,SEND_MESSAGE,0,B1-PER-ACTION-OBLIVIOUS,True,True,True,0
1,868,EXTRA_VERIFICATION,SEND_MESSAGE,0,B2-ADAPTIVE-OBLIVIOUS,True,True,True,0
1,869,EXTRA_VERIFICATION,SEND_MESSAGE,1,B0-NATURAL,True,True,True,0
1,869,EXTRA_VERIFICATION,SEND_MESSAGE,1,B1-PER-ACTION-OBLIVIOUS,True,True,True,0
1,869,EXTRA_VERIFICATION,SEND_MESSAGE,1,B2-ADAPTIVE-OBLIVIOUS,True,True,True,0
1,870,EXTRA_VERIFICATION,SEND_MESSAGE,0,B0-NATURAL,True,True,True,0
1,870,EXTRA_VERIFICATION,SEND_MESSAGE,0,B1-PER-ACTION-OBLIVIOUS,True,True,True,0
1,870,EXTRA_VERIFICATION,SEND_MESSAGE,0,B2-ADAPTIVE-OBLIVIOUS,True,True,True,0
1,871,EXTRA_VERIFICATION,SEND_MESSAGE,1,B0-NATURAL,True,True,True,0
1,871,EXTRA_VERIFICATION,SEND_MESSAGE,1,B1-PER-ACTION-OBLIVIOUS,True,True,True,0
1,871,EXTRA_VERIFICATION,SEND_MESSAGE,1,B2-ADAPTIVE-OBLIVIOUS,True,True,True,0
1,872,EXTRA_VERIFICATION,SEND_MESSAGE,0,B0-NATURAL,True,True,True,0
1,872,EXTRA_VERIFICATION,SEND_MESSAGE,0,B1-PER-ACTION-OBLIVIOUS,True,True,True,0
1,872,EXTRA_VERIFICATION,SEND_MESSAGE,0,B2-ADAPTIVE-OBLIVIOUS,True,True,True,0
1,873,EXTRA_VERIFICATION,SEND_MESSAGE,1,B0-NATURAL,True,True,True,0
1,873,EXTRA_VERIFICATION,SEND_MESSAGE,1,B1-PER-ACTION-OBLIVIOUS,True,True,True,0
1,873,EXTRA_VERIFICATION,SEND_MESSAGE,1,B2-ADAPTIVE-OBLIVIOUS,True,True,True,0
1,874,EXTRA_VERIFICATION,SEND_MESSAGE,0,B0-NATURAL,True,True,True,0
1,874,EXTRA_VERIFICATION,SEND_MESSAGE,0,B1-PER-ACTION-OBLIVIOUS,True,True,True,0
1,874,EXTRA_VERIFICATION,SEND_MESSAGE,0,B2-ADAPTIVE-OBLIVIOUS,True,True,True,0
1,875,EXTRA_VERIFICATION,SEND_MESSAGE,1,B0-NATURAL,True,True,True,0
1,875,EXTRA_VERIFICATION,SEND_MESSAGE,1,B1-PER-ACTION-OBLIVIOUS,True,True,True,0
1,875,EXTRA_VERIFICATION,SEND_MESSAGE,1,B2-ADAPTIVE-OBLIVIOUS,True,True,True,0
1,876,EXTRA_VERIFICATION,SEND_MESSAGE,0,B0-NATURAL,True,True,True,0
1,876,EXTRA_VERIFICATION,SEND_MESSAGE,0,B1-PER-ACTION-OBLIVIOUS,True,True,True,0
1,876,EXTRA_VERIFICATION,SEND_MESSAGE,0,B2-ADAPTIVE-OBLIVIOUS,True,True,True,0
1,877,EXTRA_VERIFICATION,SEND_MESSAGE,1,B0-NATURAL,True,True,True,0
1,877,EXTRA_VERIFICATION,SEND_MESSAGE,1,B1-PER-ACTION-OBLIVIOUS,True,True,True,0
1,877,EXTRA_VERIFICATION,SEND_MESSAGE,1,B2-ADAPTIVE-OBLIVIOUS,True,True,True,0
1,878,EXTRA_VERIFICATION,SEND_MESSAGE,0,B0-NATURAL,True,True,True,0
1,878,EXTRA_VERIFICATION,SEND_MESSAGE,0,B1-PER-ACTION-OBLIVIOUS,True,True,True,0
1,878,EXTRA_VERIFICATION,SEND_MESSAGE,0,B2-ADAPTIVE-OBLIVIOUS,True,True,True,0
1,879,EXTRA_VERIFICATION,SEND_MESSAGE,1,B0-NATURAL,True,True,True,0
1,879,EXTRA_VERIFICATION,SEND_MESSAGE,1,B1-PER-ACTION-OBLIVIOUS,True,True,True,0
1,879,EXTRA_VERIFICATION,SEND_MESSAGE,1,B2-ADAPTIVE-OBLIVIOUS,True,True,True,0
1,880,EXTRA_VERIFICATION,SHARE_DOCUMENT,0,B0-NATURAL,True,True,True,0
1,880,EXTRA_VERIFICATION,SHARE_DOCUMENT,0,B1-PER-ACTION-OBLIVIOUS,True,True,True,0
1,880,EXTRA_VERIFICATION,SHARE_DOCUMENT,0,B2-ADAPTIVE-OBLIVIOUS,True,True,True,0
1,881,EXTRA_VERIFICATION,SHARE_DOCUMENT,1,B0-NATURAL,True,True,True,0
1,881,EXTRA_VERIFICATION,SHARE_DOCUMENT,1,B1-PER-ACTION-OBLIVIOUS,True,True,True,0
1,881,EXTRA_VERIFICATION,SHARE_DOCUMENT,1,B2-ADAPTIVE-OBLIVIOUS,True,True,True,0
1,882,EXTRA_VERIFICATION,SHARE_DOCUMENT,0,B0-NATURAL,True,True,True,0
1,882,EXTRA_VERIFICATION,SHARE_DOCUMENT,0,B1-PER-ACTION-OBLIVIOUS,True,True,True,0
1,882,EXTRA_VERIFICATION,SHARE_DOCUMENT,0,B2-ADAPTIVE-OBLIVIOUS,True,True,True,0
1,883,EXTRA_VERIFICATION,SHARE_DOCUMENT,1,B0-NATURAL,True,True,True,0
1,883,EXTRA_VERIFICATION,SHARE_DOCUMENT,1,B1-PER-ACTION-OBLIVIOUS,True,True,True,0
1,883,EXTRA_VERIFICATION,SHARE_DOCUMENT,1,B2-ADAPTIVE-OBLIVIOUS,True,True,True,0
1,884,EXTRA_VERIFICATION,SHARE_DOCUMENT,0,B0-NATURAL,True,True,True,0
1,884,EXTRA_VERIFICATION,SHARE_DOCUMENT,0,B1-PER-ACTION-OBLIVIOUS,True,True,True,0
1,884,EXTRA_VERIFICATION,SHARE_DOCUMENT,0,B2-ADAPTIVE-OBLIVIOUS,True,True,True,0
1,885,EXTRA_VERIFICATION,SHARE_DOCUMENT,1,B0-NATURAL,True,True,True,0
1,885,EXTRA_VERIFICATION,SHARE_DOCUMENT,1,B1-PER-ACTION-OBLIVIOUS,True,True,True,0
1,885,EXTRA_VERIFICATION,SHARE_DOCUMENT,1,B2-ADAPTIVE-OBLIVIOUS,True,True,True,0
1,886,EXTRA_VERIFICATION,SHARE_DOCUMENT,0,B0-NATURAL,True,True,True,0
1,886,EXTRA_VERIFICATION,SHARE_DOCUMENT,0,B1-PER-ACTION-OBLIVIOUS,True,True,True,0
1,886,EXTRA_VERIFICATION,SHARE_DOCUMENT,0,B2-ADAPTIVE-OBLIVIOUS,True,True,True,0
1,887,EXTRA_VERIFICATION,SHARE_DOCUMENT,1,B0-NATURAL,True,True,True,0
1,887,EXTRA_VERIFICATION,SHARE_DOCUMENT,1,B1-PER-ACTION-OBLIVIOUS,True,True,True,0
1,887,EXTRA_VERIFICATION,SHARE_DOCUMENT,1,B2-ADAPTIVE-OBLIVIOUS,True,True,True,0
1,888,EXTRA_VERIFICATION,SHARE_DOCUMENT,0,B0-NATURAL,True,True,True,0
1,888,EXTRA_VERIFICATION,SHARE_DOCUMENT,0,B1-PER-ACTION-OBLIVIOUS,True,True,True,0
1,888,EXTRA_VERIFICATION,SHARE_DOCUMENT,0,B2-ADAPTIVE-OBLIVIOUS,True,True,True,0
1,889,EXTRA_VERIFICATION,SHARE_DOCUMENT,1,B0-NATURAL,True,True,True,0
1,889,EXTRA_VERIFICATION,SHARE_DOCUMENT,1,B1-PER-ACTION-OBLIVIOUS,True,True,True,0
1,889,EXTRA_VERIFICATION,SHARE_DOCUMENT,1,B2-ADAPTIVE-OBLIVIOUS,True,True,True,0
1,890,EXTRA_VERIFICATION,SHARE_DOCUMENT,0,B0-NATURAL,True,True,True,0
1,890,EXTRA_VERIFICATION,SHARE_DOCUMENT,0,B1-PER-ACTION-OBLIVIOUS,True,True,True,0
1,890,EXTRA_VERIFICATION,SHARE_DOCUMENT,0,B2-ADAPTIVE-OBLIVIOUS,True,True,True,0
1,891,EXTRA_VERIFICATION,SHARE_DOCUMENT,1,B0-NATURAL,True,True,True,0
1,891,EXTRA_VERIFICATION,SHARE_DOCUMENT,1,B1-PER-ACTION-OBLIVIOUS,True,True,True,0
1,891,EXTRA_VERIFICATION,SHARE_DOCUMENT,1,B2-ADAPTIVE-OBLIVIOUS,True,True,True,0
1,892,EXTRA_VERIFICATION,SHARE_DOCUMENT,0,B0-NATURAL,True,True,True,0
1,892,EXTRA_VERIFICATION,SHARE_DOCUMENT,0,B1-PER-ACTION-OBLIVIOUS,True,True,True,0
1,892,EXTRA_VERIFICATION,SHARE_DOCUMENT,0,B2-ADAPTIVE-OBLIVIOUS,True,True,True,0
1,893,EXTRA_VERIFICATION,SHARE_DOCUMENT,1,B0-NATURAL,True,True,True,0
1,893,EXTRA_VERIFICATION,SHARE_DOCUMENT,1,B1-PER-ACTION-OBLIVIOUS,True,True,True,0
1,893,EXTRA_VERIFICATION,SHARE_DOCUMENT,1,B2-ADAPTIVE-OBLIVIOUS,True,True,True,0
1,894,EXTRA_VERIFICATION,SHARE_DOCUMENT,0,B0-NATURAL,True,True,True,0
1,894,EXTRA_VERIFICATION,SHARE_DOCUMENT,0,B1-PER-ACTION-OBLIVIOUS,True,True,True,0
1,894,EXTRA_VERIFICATION,SHARE_DOCUMENT,0,B2-ADAPTIVE-OBLIVIOUS,True,True,True,0
1,895,EXTRA_VERIFICATION,SHARE_DOCUMENT,1,B0-NATURAL,True,True,True,0
1,895,EXTRA_VERIFICATION,SHARE_DOCUMENT,1,B1-PER-ACTION-OBLIVIOUS,True,True,True,0
1,895,EXTRA_VERIFICATION,SHARE_DOCUMENT,1,B2-ADAPTIVE-OBLIVIOUS,True,True,True,0
1,896,EXTRA_VERIFICATION,SHARE_DOCUMENT,0,B0-NATURAL,True,True,True,0
1,896,EXTRA_VERIFICATION,SHARE_DOCUMENT,0,B1-PER-ACTION-OBLIVIOUS,True,True,True,0
1,896,EXTRA_VERIFICATION,SHARE_DOCUMENT,0,B2-ADAPTIVE-OBLIVIOUS,True,True,True,0
1,897,EXTRA_VERIFICATION,SHARE_DOCUMENT,1,B0-NATURAL,True,True,True,0
1,897,EXTRA_VERIFICATION,SHARE_DOCUMENT,1,B1-PER-ACTION-OBLIVIOUS,True,True,True,0
1,897,EXTRA_VERIFICATION,SHARE_DOCUMENT,1,B2-ADAPTIVE-OBLIVIOUS,True,True,True,0
1,898,EXTRA_VERIFICATION,SHARE_DOCUMENT,0,B0-NATURAL,True,True,True,0
1,898,EXTRA_VERIFICATION,SHARE_DOCUMENT,0,B1-PER-ACTION-OBLIVIOUS,True,True,True,0
1,898,EXTRA_VERIFICATION,SHARE_DOCUMENT,0,B2-ADAPTIVE-OBLIVIOUS,True,True,True,0
1,899,EXTRA_VERIFICATION,SHARE_DOCUMENT,1,B0-NATURAL,True,True,True,0
1,899,EXTRA_VERIFICATION,SHARE_DOCUMENT,1,B1-PER-ACTION-OBLIVIOUS,True,True,True,0
1,899,EXTRA_VERIFICATION,SHARE_DOCUMENT,1,B2-ADAPTIVE-OBLIVIOUS,True,True,True,0
1,900,EXTRA_VERIFICATION,SHARE_DOCUMENT,0,B0-NATURAL,True,True,True,0
1,900,EXTRA_VERIFICATION,SHARE_DOCUMENT,0,B1-PER-ACTION-OBLIVIOUS,True,True,True,0
1,900,EXTRA_VERIFICATION,SHARE_DOCUMENT,0,B2-ADAPTIVE-OBLIVIOUS,True,True,True,0
1,901,EXTRA_VERIFICATION,SHARE_DOCUMENT,1,B0-NATURAL,True,True,True,0
1,901,EXTRA_VERIFICATION,SHARE_DOCUMENT,1,B1-PER-ACTION-OBLIVIOUS,True,True,True,0
1,901,EXTRA_VERIFICATION,SHARE_DOCUMENT,1,B2-ADAPTIVE-OBLIVIOUS,True,True,True,0
1,902,EXTRA_VERIFICATION,SHARE_DOCUMENT,0,B0-NATURAL,True,True,True,0
1,902,EXTRA_VERIFICATION,SHARE_DOCUMENT,0,B1-PER-ACTION-OBLIVIOUS,True,True,True,0
1,902,EXTRA_VERIFICATION,SHARE_DOCUMENT,0,B2-ADAPTIVE-OBLIVIOUS,True,True,True,0
1,903,EXTRA_VERIFICATION,SHARE_DOCUMENT,1,B0-NATURAL,True,True,True,0
1,903,EXTRA_VERIFICATION,SHARE_DOCUMENT,1,B1-PER-ACTION-OBLIVIOUS,True,True,True,0
1,903,EXTRA_VERIFICATION,SHARE_DOCUMENT,1,B2-ADAPTIVE-OBLIVIOUS,True,True,True,0
1,904,EXTRA_VERIFICATION,SHARE_DOCUMENT,0,B0-NATURAL,True,True,True,0
1,904,EXTRA_VERIFICATION,SHARE_DOCUMENT,0,B1-PER-ACTION-OBLIVIOUS,True,True,True,0
1,904,EXTRA_VERIFICATION,SHARE_DOCUMENT,0,B2-ADAPTIVE-OBLIVIOUS,True,True,True,0
1,905,EXTRA_VERIFICATION,SHARE_DOCUMENT,1,B0-NATURAL,True,True,True,0
1,905,EXTRA_VERIFICATION,SHARE_DOCUMENT,1,B1-PER-ACTION-OBLIVIOUS,True,True,True,0
1,905,EXTRA_VERIFICATION,SHARE_DOCUMENT,1,B2-ADAPTIVE-OBLIVIOUS,True,True,True,0
1,906,EXTRA_VERIFICATION,SHARE_DOCUMENT,0,B0-NATURAL,True,True,True,0
1,906,EXTRA_VERIFICATION,SHARE_DOCUMENT,0,B1-PER-ACTION-OBLIVIOUS,True,True,True,0
1,906,EXTRA_VERIFICATION,SHARE_DOCUMENT,0,B2-ADAPTIVE-OBLIVIOUS,True,True,True,0
1,907,EXTRA_VERIFICATION,SHARE_DOCUMENT,1,B0-NATURAL,True,True,True,0
1,907,EXTRA_VERIFICATION,SHARE_DOCUMENT,1,B1-PER-ACTION-OBLIVIOUS,True,True,True,0
1,907,EXTRA_VERIFICATION,SHARE_DOCUMENT,1,B2-ADAPTIVE-OBLIVIOUS,True,True,True,0
1,908,EXTRA_VERIFICATION,SHARE_DOCUMENT,0,B0-NATURAL,True,True,True,0
1,908,EXTRA_VERIFICATION,SHARE_DOCUMENT,0,B1-PER-ACTION-OBLIVIOUS,True,True,True,0
1,908,EXTRA_VERIFICATION,SHARE_DOCUMENT,0,B2-ADAPTIVE-OBLIVIOUS,True,True,True,0
1,909,EXTRA_VERIFICATION,SHARE_DOCUMENT,1,B0-NATURAL,True,True,True,0
1,909,EXTRA_VERIFICATION,SHARE_DOCUMENT,1,B1-PER-ACTION-OBLIVIOUS,True,True,True,0
1,909,EXTRA_VERIFICATION,SHARE_DOCUMENT,1,B2-ADAPTIVE-OBLIVIOUS,True,True,True,0
1,910,EXTRA_VERIFICATION,SHARE_DOCUMENT,0,B0-NATURAL,True,True,True,0
1,910,EXTRA_VERIFICATION,SHARE_DOCUMENT,0,B1-PER-ACTION-OBLIVIOUS,True,True,True,0
1,910,EXTRA_VERIFICATION,SHARE_DOCUMENT,0,B2-ADAPTIVE-OBLIVIOUS,True,True,True,0
1,911,EXTRA_VERIFICATION,SHARE_DOCUMENT,1,B0-NATURAL,True,True,True,0
1,911,EXTRA_VERIFICATION,SHARE_DOCUMENT,1,B1-PER-ACTION-OBLIVIOUS,True,True,True,0
1,911,EXTRA_VERIFICATION,SHARE_DOCUMENT,1,B2-ADAPTIVE-OBLIVIOUS,True,True,True,0
1,912,EXTRA_VERIFICATION,SHARE_DOCUMENT,0,B0-NATURAL,True,True,True,0
1,912,EXTRA_VERIFICATION,SHARE_DOCUMENT,0,B1-PER-ACTION-OBLIVIOUS,True,True,True,0
1,912,EXTRA_VERIFICATION,SHARE_DOCUMENT,0,B2-ADAPTIVE-OBLIVIOUS,True,True,True,0
1,913,EXTRA_VERIFICATION,SHARE_DOCUMENT,1,B0-NATURAL,True,True,True,0
1,913,EXTRA_VERIFICATION,SHARE_DOCUMENT,1,B1-PER-ACTION-OBLIVIOUS,True,True,True,0
1,913,EXTRA_VERIFICATION,SHARE_DOCUMENT,1,B2-ADAPTIVE-OBLIVIOUS,True,True,True,0
1,914,EXTRA_VERIFICATION,SHARE_DOCUMENT,0,B0-NATURAL,True,True,True,0
1,914,EXTRA_VERIFICATION,SHARE_DOCUMENT,0,B1-PER-ACTION-OBLIVIOUS,True,True,True,0
1,914,EXTRA_VERIFICATION,SHARE_DOCUMENT,0,B2-ADAPTIVE-OBLIVIOUS,True,True,True,0
1,915,EXTRA_VERIFICATION,SHARE_DOCUMENT,1,B0-NATURAL,True,True,True,0
1,915,EXTRA_VERIFICATION,SHARE_DOCUMENT,1,B1-PER-ACTION-OBLIVIOUS,True,True,True,0
1,915,EXTRA_VERIFICATION,SHARE_DOCUMENT,1,B2-ADAPTIVE-OBLIVIOUS,True,True,True,0
1,916,EXTRA_VERIFICATION,SHARE_DOCUMENT,0,B0-NATURAL,True,True,True,0
1,916,EXTRA_VERIFICATION,SHARE_DOCUMENT,0,B1-PER-ACTION-OBLIVIOUS,True,True,True,0
1,916,EXTRA_VERIFICATION,SHARE_DOCUMENT,0,B2-ADAPTIVE-OBLIVIOUS,True,True,True,0
1,917,EXTRA_VERIFICATION,SHARE_DOCUMENT,1,B0-NATURAL,True,True,True,0
1,917,EXTRA_VERIFICATION,SHARE_DOCUMENT,1,B1-PER-ACTION-OBLIVIOUS,True,True,True,0
1,917,EXTRA_VERIFICATION,SHARE_DOCUMENT,1,B2-ADAPTIVE-OBLIVIOUS,True,True,True,0
1,918,EXTRA_VERIFICATION,SHARE_DOCUMENT,0,B0-NATURAL,True,True,True,0
1,918,EXTRA_VERIFICATION,SHARE_DOCUMENT,0,B1-PER-ACTION-OBLIVIOUS,True,True,True,0
1,918,EXTRA_VERIFICATION,SHARE_DOCUMENT,0,B2-ADAPTIVE-OBLIVIOUS,True,True,True,0
1,919,EXTRA_VERIFICATION,SHARE_DOCUMENT,1,B0-NATURAL,True,True,True,0
1,919,EXTRA_VERIFICATION,SHARE_DOCUMENT,1,B1-PER-ACTION-OBLIVIOUS,True,True,True,0
1,919,EXTRA_VERIFICATION,SHARE_DOCUMENT,1,B2-ADAPTIVE-OBLIVIOUS,True,True,True,0
1,920,EXTRA_VERIFICATION,SHARE_DOCUMENT,0,B0-NATURAL,True,True,True,0
1,920,EXTRA_VERIFICATION,SHARE_DOCUMENT,0,B1-PER-ACTION-OBLIVIOUS,True,True,True,0
1,920,EXTRA_VERIFICATION,SHARE_DOCUMENT,0,B2-ADAPTIVE-OBLIVIOUS,True,True,True,0
1,921,EXTRA_VERIFICATION,SHARE_DOCUMENT,1,B0-NATURAL,True,True,True,0
1,921,EXTRA_VERIFICATION,SHARE_DOCUMENT,1,B1-PER-ACTION-OBLIVIOUS,True,True,True,0
1,921,EXTRA_VERIFICATION,SHARE_DOCUMENT,1,B2-ADAPTIVE-OBLIVIOUS,True,True,True,0
1,922,EXTRA_VERIFICATION,SHARE_DOCUMENT,0,B0-NATURAL,True,True,True,0
1,922,EXTRA_VERIFICATION,SHARE_DOCUMENT,0,B1-PER-ACTION-OBLIVIOUS,True,True,True,0
1,922,EXTRA_VERIFICATION,SHARE_DOCUMENT,0,B2-ADAPTIVE-OBLIVIOUS,True,True,True,0
1,923,EXTRA_VERIFICATION,SHARE_DOCUMENT,1,B0-NATURAL,True,True,True,0
1,923,EXTRA_VERIFICATION,SHARE_DOCUMENT,1,B1-PER-ACTION-OBLIVIOUS,True,True,True,0
1,923,EXTRA_VERIFICATION,SHARE_DOCUMENT,1,B2-ADAPTIVE-OBLIVIOUS,True,True,True,0
1,924,EXTRA_VERIFICATION,SHARE_DOCUMENT,0,B0-NATURAL,True,True,True,0
1,924,EXTRA_VERIFICATION,SHARE_DOCUMENT,0,B1-PER-ACTION-OBLIVIOUS,True,True,True,0
1,924,EXTRA_VERIFICATION,SHARE_DOCUMENT,0,B2-ADAPTIVE-OBLIVIOUS,True,True,True,0
1,925,EXTRA_VERIFICATION,SHARE_DOCUMENT,1,B0-NATURAL,True,True,True,0
1,925,EXTRA_VERIFICATION,SHARE_DOCUMENT,1,B1-PER-ACTION-OBLIVIOUS,True,True,True,0
1,925,EXTRA_VERIFICATION,SHARE_DOCUMENT,1,B2-ADAPTIVE-OBLIVIOUS,True,True,True,0
1,926,EXTRA_VERIFICATION,SHARE_DOCUMENT,0,B0-NATURAL,True,True,True,0
1,926,EXTRA_VERIFICATION,SHARE_DOCUMENT,0,B1-PER-ACTION-OBLIVIOUS,True,True,True,0
1,926,EXTRA_VERIFICATION,SHARE_DOCUMENT,0,B2-ADAPTIVE-OBLIVIOUS,True,True,True,0
1,927,EXTRA_VERIFICATION,SHARE_DOCUMENT,1,B0-NATURAL,True,True,True,0
1,927,EXTRA_VERIFICATION,SHARE_DOCUMENT,1,B1-PER-ACTION-OBLIVIOUS,True,True,True,0
1,927,EXTRA_VERIFICATION,SHARE_DOCUMENT,1,B2-ADAPTIVE-OBLIVIOUS,True,True,True,0
1,928,EXTRA_VERIFICATION,SHARE_DOCUMENT,0,B0-NATURAL,True,True,True,0
1,928,EXTRA_VERIFICATION,SHARE_DOCUMENT,0,B1-PER-ACTION-OBLIVIOUS,True,True,True,0
1,928,EXTRA_VERIFICATION,SHARE_DOCUMENT,0,B2-ADAPTIVE-OBLIVIOUS,True,True,True,0
1,929,EXTRA_VERIFICATION,SHARE_DOCUMENT,1,B0-NATURAL,True,True,True,0
1,929,EXTRA_VERIFICATION,SHARE_DOCUMENT,1,B1-PER-ACTION-OBLIVIOUS,True,True,True,0
1,929,EXTRA_VERIFICATION,SHARE_DOCUMENT,1,B2-ADAPTIVE-OBLIVIOUS,True,True,True,0
1,930,EXTRA_VERIFICATION,SHARE_DOCUMENT,0,B0-NATURAL,True,True,True,0
1,930,EXTRA_VERIFICATION,SHARE_DOCUMENT,0,B1-PER-ACTION-OBLIVIOUS,True,True,True,0
1,930,EXTRA_VERIFICATION,SHARE_DOCUMENT,0,B2-ADAPTIVE-OBLIVIOUS,True,True,True,0
1,931,EXTRA_VERIFICATION,SHARE_DOCUMENT,1,B0-NATURAL,True,True,True,0
1,931,EXTRA_VERIFICATION,SHARE_DOCUMENT,1,B1-PER-ACTION-OBLIVIOUS,True,True,True,0
1,931,EXTRA_VERIFICATION,SHARE_DOCUMENT,1,B2-ADAPTIVE-OBLIVIOUS,True,True,True,0
1,932,EXTRA_VERIFICATION,SHARE_DOCUMENT,0,B0-NATURAL,True,True,True,0
1,932,EXTRA_VERIFICATION,SHARE_DOCUMENT,0,B1-PER-ACTION-OBLIVIOUS,True,True,True,0
1,932,EXTRA_VERIFICATION,SHARE_DOCUMENT,0,B2-ADAPTIVE-OBLIVIOUS,True,True,True,0
1,933,EXTRA_VERIFICATION,SHARE_DOCUMENT,1,B0-NATURAL,True,True,True,0
1,933,EXTRA_VERIFICATION,SHARE_DOCUMENT,1,B1-PER-ACTION-OBLIVIOUS,True,True,True,0
1,933,EXTRA_VERIFICATION,SHARE_DOCUMENT,1,B2-ADAPTIVE-OBLIVIOUS,True,True,True,0
1,934,EXTRA_VERIFICATION,SHARE_DOCUMENT,0,B0-NATURAL,True,True,True,0
1,934,EXTRA_VERIFICATION,SHARE_DOCUMENT,0,B1-PER-ACTION-OBLIVIOUS,True,True,True,0
1,934,EXTRA_VERIFICATION,SHARE_DOCUMENT,0,B2-ADAPTIVE-OBLIVIOUS,True,True,True,0
1,935,EXTRA_VERIFICATION,SHARE_DOCUMENT,1,B0-NATURAL,True,True,True,0
1,935,EXTRA_VERIFICATION,SHARE_DOCUMENT,1,B1-PER-ACTION-OBLIVIOUS,True,True,True,0
1,935,EXTRA_VERIFICATION,SHARE_DOCUMENT,1,B2-ADAPTIVE-OBLIVIOUS,True,True,True,0
1,936,EXTRA_VERIFICATION,SHARE_DOCUMENT,0,B0-NATURAL,True,True,True,0
1,936,EXTRA_VERIFICATION,SHARE_DOCUMENT,0,B1-PER-ACTION-OBLIVIOUS,True,True,True,0
1,936,EXTRA_VERIFICATION,SHARE_DOCUMENT,0,B2-ADAPTIVE-OBLIVIOUS,True,True,True,0
1,937,EXTRA_VERIFICATION,SHARE_DOCUMENT,1,B0-NATURAL,True,True,True,0
1,937,EXTRA_VERIFICATION,SHARE_DOCUMENT,1,B1-PER-ACTION-OBLIVIOUS,True,True,True,0
1,937,EXTRA_VERIFICATION,SHARE_DOCUMENT,1,B2-ADAPTIVE-OBLIVIOUS,True,True,True,0
1,938,EXTRA_VERIFICATION,SHARE_DOCUMENT,0,B0-NATURAL,True,True,True,0
1,938,EXTRA_VERIFICATION,SHARE_DOCUMENT,0,B1-PER-ACTION-OBLIVIOUS,True,True,True,0
1,938,EXTRA_VERIFICATION,SHARE_DOCUMENT,0,B2-ADAPTIVE-OBLIVIOUS,True,True,True,0
1,939,EXTRA_VERIFICATION,SHARE_DOCUMENT,1,B0-NATURAL,True,True,True,0
1,939,EXTRA_VERIFICATION,SHARE_DOCUMENT,1,B1-PER-ACTION-OBLIVIOUS,True,True,True,0
1,939,EXTRA_VERIFICATION,SHARE_DOCUMENT,1,B2-ADAPTIVE-OBLIVIOUS,True,True,True,0
1,940,EXTRA_VERIFICATION,SHARE_DOCUMENT,0,B0-NATURAL,True,True,True,0
1,940,EXTRA_VERIFICATION,SHARE_DOCUMENT,0,B1-PER-ACTION-OBLIVIOUS,True,True,True,0
1,940,EXTRA_VERIFICATION,SHARE_DOCUMENT,0,B2-ADAPTIVE-OBLIVIOUS,True,True,True,0
1,941,EXTRA_VERIFICATION,SHARE_DOCUMENT,1,B0-NATURAL,True,True,True,0
1,941,EXTRA_VERIFICATION,SHARE_DOCUMENT,1,B1-PER-ACTION-OBLIVIOUS,True,True,True,0
1,941,EXTRA_VERIFICATION,SHARE_DOCUMENT,1,B2-ADAPTIVE-OBLIVIOUS,True,True,True,0
1,942,EXTRA_VERIFICATION,SHARE_DOCUMENT,0,B0-NATURAL,True,True,True,0
1,942,EXTRA_VERIFICATION,SHARE_DOCUMENT,0,B1-PER-ACTION-OBLIVIOUS,True,True,True,0
1,942,EXTRA_VERIFICATION,SHARE_DOCUMENT,0,B2-ADAPTIVE-OBLIVIOUS,True,True,True,0
1,943,EXTRA_VERIFICATION,SHARE_DOCUMENT,1,B0-NATURAL,True,True,True,0
1,943,EXTRA_VERIFICATION,SHARE_DOCUMENT,1,B1-PER-ACTION-OBLIVIOUS,True,True,True,0
1,943,EXTRA_VERIFICATION,SHARE_DOCUMENT,1,B2-ADAPTIVE-OBLIVIOUS,True,True,True,0
1,944,EXTRA_VERIFICATION,SHARE_DOCUMENT,0,B0-NATURAL,True,True,True,0
1,944,EXTRA_VERIFICATION,SHARE_DOCUMENT,0,B1-PER-ACTION-OBLIVIOUS,True,True,True,0
1,944,EXTRA_VERIFICATION,SHARE_DOCUMENT,0,B2-ADAPTIVE-OBLIVIOUS,True,True,True,0
1,945,EXTRA_VERIFICATION,SHARE_DOCUMENT,1,B0-NATURAL,True,True,True,0
1,945,EXTRA_VERIFICATION,SHARE_DOCUMENT,1,B1-PER-ACTION-OBLIVIOUS,True,True,True,0
1,945,EXTRA_VERIFICATION,SHARE_DOCUMENT,1,B2-ADAPTIVE-OBLIVIOUS,True,True,True,0
1,946,EXTRA_VERIFICATION,SHARE_DOCUMENT,0,B0-NATURAL,True,True,True,0
1,946,EXTRA_VERIFICATION,SHARE_DOCUMENT,0,B1-PER-ACTION-OBLIVIOUS,True,True,True,0
1,946,EXTRA_VERIFICATION,SHARE_DOCUMENT,0,B2-ADAPTIVE-OBLIVIOUS,True,True,True,0
1,947,EXTRA_VERIFICATION,SHARE_DOCUMENT,1,B0-NATURAL,True,True,True,0
1,947,EXTRA_VERIFICATION,SHARE_DOCUMENT,1,B1-PER-ACTION-OBLIVIOUS,True,True,True,0
1,947,EXTRA_VERIFICATION,SHARE_DOCUMENT,1,B2-ADAPTIVE-OBLIVIOUS,True,True,True,0
1,948,EXTRA_VERIFICATION,SHARE_DOCUMENT,0,B0-NATURAL,True,True,True,0
1,948,EXTRA_VERIFICATION,SHARE_DOCUMENT,0,B1-PER-ACTION-OBLIVIOUS,True,True,True,0
1,948,EXTRA_VERIFICATION,SHARE_DOCUMENT,0,B2-ADAPTIVE-OBLIVIOUS,True,True,True,0
1,949,EXTRA_VERIFICATION,SHARE_DOCUMENT,1,B0-NATURAL,True,True,True,0
1,949,EXTRA_VERIFICATION,SHARE_DOCUMENT,1,B1-PER-ACTION-OBLIVIOUS,True,True,True,0
1,949,EXTRA_VERIFICATION,SHARE_DOCUMENT,1,B2-ADAPTIVE-OBLIVIOUS,True,True,True,0
1,950,EXTRA_VERIFICATION,SHARE_DOCUMENT,0,B0-NATURAL,True,True,True,0
1,950,EXTRA_VERIFICATION,SHARE_DOCUMENT,0,B1-PER-ACTION-OBLIVIOUS,True,True,True,0
1,950,EXTRA_VERIFICATION,SHARE_DOCUMENT,0,B2-ADAPTIVE-OBLIVIOUS,True,True,True,0
1,951,EXTRA_VERIFICATION,SHARE_DOCUMENT,1,B0-NATURAL,True,True,True,0
1,951,EXTRA_VERIFICATION,SHARE_DOCUMENT,1,B1-PER-ACTION-OBLIVIOUS,True,True,True,0
1,951,EXTRA_VERIFICATION,SHARE_DOCUMENT,1,B2-ADAPTIVE-OBLIVIOUS,True,True,True,0
1,952,EXTRA_VERIFICATION,SHARE_DOCUMENT,0,B0-NATURAL,True,True,True,0
1,952,EXTRA_VERIFICATION,SHARE_DOCUMENT,0,B1-PER-ACTION-OBLIVIOUS,True,True,True,0
1,952,EXTRA_VERIFICATION,SHARE_DOCUMENT,0,B2-ADAPTIVE-OBLIVIOUS,True,True,True,0
1,953,EXTRA_VERIFICATION,SHARE_DOCUMENT,1,B0-NATURAL,True,True,True,0
1,953,EXTRA_VERIFICATION,SHARE_DOCUMENT,1,B1-PER-ACTION-OBLIVIOUS,True,True,True,0
1,953,EXTRA_VERIFICATION,SHARE_DOCUMENT,1,B2-ADAPTIVE-OBLIVIOUS,True,True,True,0
1,954,EXTRA_VERIFICATION,SHARE_DOCUMENT,0,B0-NATURAL,True,True,True,0
1,954,EXTRA_VERIFICATION,SHARE_DOCUMENT,0,B1-PER-ACTION-OBLIVIOUS,True,True,True,0
1,954,EXTRA_VERIFICATION,SHARE_DOCUMENT,0,B2-ADAPTIVE-OBLIVIOUS,True,True,True,0
1,955,EXTRA_VERIFICATION,SHARE_DOCUMENT,1,B0-NATURAL,True,True,True,0
1,955,EXTRA_VERIFICATION,SHARE_DOCUMENT,1,B1-PER-ACTION-OBLIVIOUS,True,True,True,0
1,955,EXTRA_VERIFICATION,SHARE_DOCUMENT,1,B2-ADAPTIVE-OBLIVIOUS,True,True,True,0
1,956,EXTRA_VERIFICATION,SHARE_DOCUMENT,0,B0-NATURAL,True,True,True,0
1,956,EXTRA_VERIFICATION,SHARE_DOCUMENT,0,B1-PER-ACTION-OBLIVIOUS,True,True,True,0
1,956,EXTRA_VERIFICATION,SHARE_DOCUMENT,0,B2-ADAPTIVE-OBLIVIOUS,True,True,True,0
1,957,EXTRA_VERIFICATION,SHARE_DOCUMENT,1,B0-NATURAL,True,True,True,0
1,957,EXTRA_VERIFICATION,SHARE_DOCUMENT,1,B1-PER-ACTION-OBLIVIOUS,True,True,True,0
1,957,EXTRA_VERIFICATION,SHARE_DOCUMENT,1,B2-ADAPTIVE-OBLIVIOUS,True,True,True,0
1,958,EXTRA_VERIFICATION,SHARE_DOCUMENT,0,B0-NATURAL,True,True,True,0
1,958,EXTRA_VERIFICATION,SHARE_DOCUMENT,0,B1-PER-ACTION-OBLIVIOUS,True,True,True,0
1,958,EXTRA_VERIFICATION,SHARE_DOCUMENT,0,B2-ADAPTIVE-OBLIVIOUS,True,True,True,0
1,959,EXTRA_VERIFICATION,SHARE_DOCUMENT,1,B0-NATURAL,True,True,True,0
1,959,EXTRA_VERIFICATION,SHARE_DOCUMENT,1,B1-PER-ACTION-OBLIVIOUS,True,True,True,0
1,959,EXTRA_VERIFICATION,SHARE_DOCUMENT,1,B2-ADAPTIVE-OBLIVIOUS,True,True,True,0
2,960,AUTHORIZATION,SEND_MESSAGE,0,B0-NATURAL,True,True,True,0
2,960,AUTHORIZATION,SEND_MESSAGE,0,B1-PER-ACTION-OBLIVIOUS,True,True,True,0
2,960,AUTHORIZATION,SEND_MESSAGE,0,B2-ADAPTIVE-OBLIVIOUS,True,True,True,0
2,961,AUTHORIZATION,SEND_MESSAGE,1,B0-NATURAL,True,True,True,0
2,961,AUTHORIZATION,SEND_MESSAGE,1,B1-PER-ACTION-OBLIVIOUS,True,True,True,0
2,961,AUTHORIZATION,SEND_MESSAGE,1,B2-ADAPTIVE-OBLIVIOUS,True,True,True,0
2,962,AUTHORIZATION,SEND_MESSAGE,0,B0-NATURAL,True,True,True,0
2,962,AUTHORIZATION,SEND_MESSAGE,0,B1-PER-ACTION-OBLIVIOUS,True,True,True,0
2,962,AUTHORIZATION,SEND_MESSAGE,0,B2-ADAPTIVE-OBLIVIOUS,True,True,True,0
2,963,AUTHORIZATION,SEND_MESSAGE,1,B0-NATURAL,True,True,True,0
2,963,AUTHORIZATION,SEND_MESSAGE,1,B1-PER-ACTION-OBLIVIOUS,True,True,True,0
2,963,AUTHORIZATION,SEND_MESSAGE,1,B2-ADAPTIVE-OBLIVIOUS,True,True,True,0
2,964,AUTHORIZATION,SEND_MESSAGE,0,B0-NATURAL,True,True,True,0
2,964,AUTHORIZATION,SEND_MESSAGE,0,B1-PER-ACTION-OBLIVIOUS,True,True,True,0
2,964,AUTHORIZATION,SEND_MESSAGE,0,B2-ADAPTIVE-OBLIVIOUS,True,True,True,0
2,965,AUTHORIZATION,SEND_MESSAGE,1,B0-NATURAL,True,True,True,0
2,965,AUTHORIZATION,SEND_MESSAGE,1,B1-PER-ACTION-OBLIVIOUS,True,True,True,0
2,965,AUTHORIZATION,SEND_MESSAGE,1,B2-ADAPTIVE-OBLIVIOUS,True,True,True,0
2,966,AUTHORIZATION,SEND_MESSAGE,0,B0-NATURAL,True,True,True,0
2,966,AUTHORIZATION,SEND_MESSAGE,0,B1-PER-ACTION-OBLIVIOUS,True,True,True,0
2,966,AUTHORIZATION,SEND_MESSAGE,0,B2-ADAPTIVE-OBLIVIOUS,True,True,True,0
2,967,AUTHORIZATION,SEND_MESSAGE,1,B0-NATURAL,True,True,True,0
2,967,AUTHORIZATION,SEND_MESSAGE,1,B1-PER-ACTION-OBLIVIOUS,True,True,True,0
2,967,AUTHORIZATION,SEND_MESSAGE,1,B2-ADAPTIVE-OBLIVIOUS,True,True,True,0
2,968,AUTHORIZATION,SEND_MESSAGE,0,B0-NATURAL,True,True,True,0
2,968,AUTHORIZATION,SEND_MESSAGE,0,B1-PER-ACTION-OBLIVIOUS,True,True,True,0
2,968,AUTHORIZATION,SEND_MESSAGE,0,B2-ADAPTIVE-OBLIVIOUS,True,True,True,0
2,969,AUTHORIZATION,SEND_MESSAGE,1,B0-NATURAL,True,True,True,0
2,969,AUTHORIZATION,SEND_MESSAGE,1,B1-PER-ACTION-OBLIVIOUS,True,True,True,0
2,969,AUTHORIZATION,SEND_MESSAGE,1,B2-ADAPTIVE-OBLIVIOUS,True,True,True,0
2,970,AUTHORIZATION,SEND_MESSAGE,0,B0-NATURAL,True,True,True,0
2,970,AUTHORIZATION,SEND_MESSAGE,0,B1-PER-ACTION-OBLIVIOUS,True,True,True,0
2,970,AUTHORIZATION,SEND_MESSAGE,0,B2-ADAPTIVE-OBLIVIOUS,True,True,True,0
2,971,AUTHORIZATION,SEND_MESSAGE,1,B0-NATURAL,True,True,True,0
2,971,AUTHORIZATION,SEND_MESSAGE,1,B1-PER-ACTION-OBLIVIOUS,True,True,True,0
2,971,AUTHORIZATION,SEND_MESSAGE,1,B2-ADAPTIVE-OBLIVIOUS,True,True,True,0
2,972,AUTHORIZATION,SEND_MESSAGE,0,B0-NATURAL,True,True,True,0
2,972,AUTHORIZATION,SEND_MESSAGE,0,B1-PER-ACTION-OBLIVIOUS,True,True,True,0
2,972,AUTHORIZATION,SEND_MESSAGE,0,B2-ADAPTIVE-OBLIVIOUS,True,True,True,0
2,973,AUTHORIZATION,SEND_MESSAGE,1,B0-NATURAL,True,True,True,0
2,973,AUTHORIZATION,SEND_MESSAGE,1,B1-PER-ACTION-OBLIVIOUS,True,True,True,0
2,973,AUTHORIZATION,SEND_MESSAGE,1,B2-ADAPTIVE-OBLIVIOUS,True,True,True,0
2,974,AUTHORIZATION,SEND_MESSAGE,0,B0-NATURAL,True,True,True,0
2,974,AUTHORIZATION,SEND_MESSAGE,0,B1-PER-ACTION-OBLIVIOUS,True,True,True,0
2,974,AUTHORIZATION,SEND_MESSAGE,0,B2-ADAPTIVE-OBLIVIOUS,True,True,True,0
2,975,AUTHORIZATION,SEND_MESSAGE,1,B0-NATURAL,True,True,True,0
2,975,AUTHORIZATION,SEND_MESSAGE,1,B1-PER-ACTION-OBLIVIOUS,True,True,True,0
2,975,AUTHORIZATION,SEND_MESSAGE,1,B2-ADAPTIVE-OBLIVIOUS,True,True,True,0
2,976,AUTHORIZATION,SEND_MESSAGE,0,B0-NATURAL,True,True,True,0
2,976,AUTHORIZATION,SEND_MESSAGE,0,B1-PER-ACTION-OBLIVIOUS,True,True,True,0
2,976,AUTHORIZATION,SEND_MESSAGE,0,B2-ADAPTIVE-OBLIVIOUS,True,True,True,0
2,977,AUTHORIZATION,SEND_MESSAGE,1,B0-NATURAL,True,True,True,0
2,977,AUTHORIZATION,SEND_MESSAGE,1,B1-PER-ACTION-OBLIVIOUS,True,True,True,0
2,977,AUTHORIZATION,SEND_MESSAGE,1,B2-ADAPTIVE-OBLIVIOUS,True,True,True,0
2,978,AUTHORIZATION,SEND_MESSAGE,0,B0-NATURAL,True,True,True,0
2,978,AUTHORIZATION,SEND_MESSAGE,0,B1-PER-ACTION-OBLIVIOUS,True,True,True,0
2,978,AUTHORIZATION,SEND_MESSAGE,0,B2-ADAPTIVE-OBLIVIOUS,True,True,True,0
2,979,AUTHORIZATION,SEND_MESSAGE,1,B0-NATURAL,True,True,True,0
2,979,AUTHORIZATION,SEND_MESSAGE,1,B1-PER-ACTION-OBLIVIOUS,True,True,True,0
2,979,AUTHORIZATION,SEND_MESSAGE,1,B2-ADAPTIVE-OBLIVIOUS,True,True,True,0
2,980,AUTHORIZATION,SEND_MESSAGE,0,B0-NATURAL,True,True,True,0
2,980,AUTHORIZATION,SEND_MESSAGE,0,B1-PER-ACTION-OBLIVIOUS,True,True,True,0
2,980,AUTHORIZATION,SEND_MESSAGE,0,B2-ADAPTIVE-OBLIVIOUS,True,True,True,0
2,981,AUTHORIZATION,SEND_MESSAGE,1,B0-NATURAL,True,True,True,0
2,981,AUTHORIZATION,SEND_MESSAGE,1,B1-PER-ACTION-OBLIVIOUS,True,True,True,0
2,981,AUTHORIZATION,SEND_MESSAGE,1,B2-ADAPTIVE-OBLIVIOUS,True,True,True,0
2,982,AUTHORIZATION,SEND_MESSAGE,0,B0-NATURAL,True,True,True,0
2,982,AUTHORIZATION,SEND_MESSAGE,0,B1-PER-ACTION-OBLIVIOUS,True,True,True,0
2,982,AUTHORIZATION,SEND_MESSAGE,0,B2-ADAPTIVE-OBLIVIOUS,True,True,True,0
2,983,AUTHORIZATION,SEND_MESSAGE,1,B0-NATURAL,True,True,True,0
2,983,AUTHORIZATION,SEND_MESSAGE,1,B1-PER-ACTION-OBLIVIOUS,True,True,True,0
2,983,AUTHORIZATION,SEND_MESSAGE,1,B2-ADAPTIVE-OBLIVIOUS,True,True,True,0
2,984,AUTHORIZATION,SEND_MESSAGE,0,B0-NATURAL,True,True,True,0
2,984,AUTHORIZATION,SEND_MESSAGE,0,B1-PER-ACTION-OBLIVIOUS,True,True,True,0
2,984,AUTHORIZATION,SEND_MESSAGE,0,B2-ADAPTIVE-OBLIVIOUS,True,True,True,0
2,985,AUTHORIZATION,SEND_MESSAGE,1,B0-NATURAL,True,True,True,0
2,985,AUTHORIZATION,SEND_MESSAGE,1,B1-PER-ACTION-OBLIVIOUS,True,True,True,0
2,985,AUTHORIZATION,SEND_MESSAGE,1,B2-ADAPTIVE-OBLIVIOUS,True,True,True,0
2,986,AUTHORIZATION,SEND_MESSAGE,0,B0-NATURAL,True,True,True,0
2,986,AUTHORIZATION,SEND_MESSAGE,0,B1-PER-ACTION-OBLIVIOUS,True,True,True,0
2,986,AUTHORIZATION,SEND_MESSAGE,0,B2-ADAPTIVE-OBLIVIOUS,True,True,True,0
2,987,AUTHORIZATION,SEND_MESSAGE,1,B0-NATURAL,True,True,True,0
2,987,AUTHORIZATION,SEND_MESSAGE,1,B1-PER-ACTION-OBLIVIOUS,True,True,True,0
2,987,AUTHORIZATION,SEND_MESSAGE,1,B2-ADAPTIVE-OBLIVIOUS,True,True,True,0
2,988,AUTHORIZATION,SEND_MESSAGE,0,B0-NATURAL,True,True,True,0
2,988,AUTHORIZATION,SEND_MESSAGE,0,B1-PER-ACTION-OBLIVIOUS,True,True,True,0
2,988,AUTHORIZATION,SEND_MESSAGE,0,B2-ADAPTIVE-OBLIVIOUS,True,True,True,0
2,989,AUTHORIZATION,SEND_MESSAGE,1,B0-NATURAL,True,True,True,0
2,989,AUTHORIZATION,SEND_MESSAGE,1,B1-PER-ACTION-OBLIVIOUS,True,True,True,0
2,989,AUTHORIZATION,SEND_MESSAGE,1,B2-ADAPTIVE-OBLIVIOUS,True,True,True,0
2,990,AUTHORIZATION,SEND_MESSAGE,0,B0-NATURAL,True,True,True,0
2,990,AUTHORIZATION,SEND_MESSAGE,0,B1-PER-ACTION-OBLIVIOUS,True,True,True,0
2,990,AUTHORIZATION,SEND_MESSAGE,0,B2-ADAPTIVE-OBLIVIOUS,True,True,True,0
2,991,AUTHORIZATION,SEND_MESSAGE,1,B0-NATURAL,True,True,True,0
2,991,AUTHORIZATION,SEND_MESSAGE,1,B1-PER-ACTION-OBLIVIOUS,True,True,True,0
2,991,AUTHORIZATION,SEND_MESSAGE,1,B2-ADAPTIVE-OBLIVIOUS,True,True,True,0
2,992,AUTHORIZATION,SEND_MESSAGE,0,B0-NATURAL,True,True,True,0
2,992,AUTHORIZATION,SEND_MESSAGE,0,B1-PER-ACTION-OBLIVIOUS,True,True,True,0
2,992,AUTHORIZATION,SEND_MESSAGE,0,B2-ADAPTIVE-OBLIVIOUS,True,True,True,0
2,993,AUTHORIZATION,SEND_MESSAGE,1,B0-NATURAL,True,True,True,0
2,993,AUTHORIZATION,SEND_MESSAGE,1,B1-PER-ACTION-OBLIVIOUS,True,True,True,0
2,993,AUTHORIZATION,SEND_MESSAGE,1,B2-ADAPTIVE-OBLIVIOUS,True,True,True,0
2,994,AUTHORIZATION,SEND_MESSAGE,0,B0-NATURAL,True,True,True,0
2,994,AUTHORIZATION,SEND_MESSAGE,0,B1-PER-ACTION-OBLIVIOUS,True,True,True,0
2,994,AUTHORIZATION,SEND_MESSAGE,0,B2-ADAPTIVE-OBLIVIOUS,True,True,True,0
2,995,AUTHORIZATION,SEND_MESSAGE,1,B0-NATURAL,True,True,True,0
2,995,AUTHORIZATION,SEND_MESSAGE,1,B1-PER-ACTION-OBLIVIOUS,True,True,True,0
2,995,AUTHORIZATION,SEND_MESSAGE,1,B2-ADAPTIVE-OBLIVIOUS,True,True,True,0
2,996,AUTHORIZATION,SEND_MESSAGE,0,B0-NATURAL,True,True,True,0
2,996,AUTHORIZATION,SEND_MESSAGE,0,B1-PER-ACTION-OBLIVIOUS,True,True,True,0
2,996,AUTHORIZATION,SEND_MESSAGE,0,B2-ADAPTIVE-OBLIVIOUS,True,True,True,0
2,997,AUTHORIZATION,SEND_MESSAGE,1,B0-NATURAL,True,True,True,0
2,997,AUTHORIZATION,SEND_MESSAGE,1,B1-PER-ACTION-OBLIVIOUS,True,True,True,0
2,997,AUTHORIZATION,SEND_MESSAGE,1,B2-ADAPTIVE-OBLIVIOUS,True,True,True,0
2,998,AUTHORIZATION,SEND_MESSAGE,0,B0-NATURAL,True,True,True,0
2,998,AUTHORIZATION,SEND_MESSAGE,0,B1-PER-ACTION-OBLIVIOUS,True,True,True,0
2,998,AUTHORIZATION,SEND_MESSAGE,0,B2-ADAPTIVE-OBLIVIOUS,True,True,True,0
2,999,AUTHORIZATION,SEND_MESSAGE,1,B0-NATURAL,True,True,True,0
2,999,AUTHORIZATION,SEND_MESSAGE,1,B1-PER-ACTION-OBLIVIOUS,True,True,True,0
2,999,AUTHORIZATION,SEND_MESSAGE,1,B2-ADAPTIVE-OBLIVIOUS,True,True,True,0
2,1000,AUTHORIZATION,SEND_MESSAGE,0,B0-NATURAL,True,True,True,0
2,1000,AUTHORIZATION,SEND_MESSAGE,0,B1-PER-ACTION-OBLIVIOUS,True,True,True,0
2,1000,AUTHORIZATION,SEND_MESSAGE,0,B2-ADAPTIVE-OBLIVIOUS,True,True,True,0
2,1001,AUTHORIZATION,SEND_MESSAGE,1,B0-NATURAL,True,True,True,0
2,1001,AUTHORIZATION,SEND_MESSAGE,1,B1-PER-ACTION-OBLIVIOUS,True,True,True,0
2,1001,AUTHORIZATION,SEND_MESSAGE,1,B2-ADAPTIVE-OBLIVIOUS,True,True,True,0
2,1002,AUTHORIZATION,SEND_MESSAGE,0,B0-NATURAL,True,True,True,0
2,1002,AUTHORIZATION,SEND_MESSAGE,0,B1-PER-ACTION-OBLIVIOUS,True,True,True,0
2,1002,AUTHORIZATION,SEND_MESSAGE,0,B2-ADAPTIVE-OBLIVIOUS,True,True,True,0
2,1003,AUTHORIZATION,SEND_MESSAGE,1,B0-NATURAL,True,True,True,0
2,1003,AUTHORIZATION,SEND_MESSAGE,1,B1-PER-ACTION-OBLIVIOUS,True,True,True,0
2,1003,AUTHORIZATION,SEND_MESSAGE,1,B2-ADAPTIVE-OBLIVIOUS,True,True,True,0
2,1004,AUTHORIZATION,SEND_MESSAGE,0,B0-NATURAL,True,True,True,0
2,1004,AUTHORIZATION,SEND_MESSAGE,0,B1-PER-ACTION-OBLIVIOUS,True,True,True,0
2,1004,AUTHORIZATION,SEND_MESSAGE,0,B2-ADAPTIVE-OBLIVIOUS,True,True,True,0
2,1005,AUTHORIZATION,SEND_MESSAGE,1,B0-NATURAL,True,True,True,0
2,1005,AUTHORIZATION,SEND_MESSAGE,1,B1-PER-ACTION-OBLIVIOUS,True,True,True,0
2,1005,AUTHORIZATION,SEND_MESSAGE,1,B2-ADAPTIVE-OBLIVIOUS,True,True,True,0
2,1006,AUTHORIZATION,SEND_MESSAGE,0,B0-NATURAL,True,True,True,0
2,1006,AUTHORIZATION,SEND_MESSAGE,0,B1-PER-ACTION-OBLIVIOUS,True,True,True,0
2,1006,AUTHORIZATION,SEND_MESSAGE,0,B2-ADAPTIVE-OBLIVIOUS,True,True,True,0
2,1007,AUTHORIZATION,SEND_MESSAGE,1,B0-NATURAL,True,True,True,0
2,1007,AUTHORIZATION,SEND_MESSAGE,1,B1-PER-ACTION-OBLIVIOUS,True,True,True,0
2,1007,AUTHORIZATION,SEND_MESSAGE,1,B2-ADAPTIVE-OBLIVIOUS,True,True,True,0
2,1008,AUTHORIZATION,SEND_MESSAGE,0,B0-NATURAL,True,True,True,0
2,1008,AUTHORIZATION,SEND_MESSAGE,0,B1-PER-ACTION-OBLIVIOUS,True,True,True,0
2,1008,AUTHORIZATION,SEND_MESSAGE,0,B2-ADAPTIVE-OBLIVIOUS,True,True,True,0
2,1009,AUTHORIZATION,SEND_MESSAGE,1,B0-NATURAL,True,True,True,0
2,1009,AUTHORIZATION,SEND_MESSAGE,1,B1-PER-ACTION-OBLIVIOUS,True,True,True,0
2,1009,AUTHORIZATION,SEND_MESSAGE,1,B2-ADAPTIVE-OBLIVIOUS,True,True,True,0
2,1010,AUTHORIZATION,SEND_MESSAGE,0,B0-NATURAL,True,True,True,0
2,1010,AUTHORIZATION,SEND_MESSAGE,0,B1-PER-ACTION-OBLIVIOUS,True,True,True,0
2,1010,AUTHORIZATION,SEND_MESSAGE,0,B2-ADAPTIVE-OBLIVIOUS,True,True,True,0
2,1011,AUTHORIZATION,SEND_MESSAGE,1,B0-NATURAL,True,True,True,0
2,1011,AUTHORIZATION,SEND_MESSAGE,1,B1-PER-ACTION-OBLIVIOUS,True,True,True,0
2,1011,AUTHORIZATION,SEND_MESSAGE,1,B2-ADAPTIVE-OBLIVIOUS,True,True,True,0
2,1012,AUTHORIZATION,SEND_MESSAGE,0,B0-NATURAL,True,True,True,0
2,1012,AUTHORIZATION,SEND_MESSAGE,0,B1-PER-ACTION-OBLIVIOUS,True,True,True,0
2,1012,AUTHORIZATION,SEND_MESSAGE,0,B2-ADAPTIVE-OBLIVIOUS,True,True,True,0
2,1013,AUTHORIZATION,SEND_MESSAGE,1,B0-NATURAL,True,True,True,0
2,1013,AUTHORIZATION,SEND_MESSAGE,1,B1-PER-ACTION-OBLIVIOUS,True,True,True,0
2,1013,AUTHORIZATION,SEND_MESSAGE,1,B2-ADAPTIVE-OBLIVIOUS,True,True,True,0
2,1014,AUTHORIZATION,SEND_MESSAGE,0,B0-NATURAL,True,True,True,0
2,1014,AUTHORIZATION,SEND_MESSAGE,0,B1-PER-ACTION-OBLIVIOUS,True,True,True,0
2,1014,AUTHORIZATION,SEND_MESSAGE,0,B2-ADAPTIVE-OBLIVIOUS,True,True,True,0
2,1015,AUTHORIZATION,SEND_MESSAGE,1,B0-NATURAL,True,True,True,0
2,1015,AUTHORIZATION,SEND_MESSAGE,1,B1-PER-ACTION-OBLIVIOUS,True,True,True,0
2,1015,AUTHORIZATION,SEND_MESSAGE,1,B2-ADAPTIVE-OBLIVIOUS,True,True,True,0
2,1016,AUTHORIZATION,SEND_MESSAGE,0,B0-NATURAL,True,True,True,0
2,1016,AUTHORIZATION,SEND_MESSAGE,0,B1-PER-ACTION-OBLIVIOUS,True,True,True,0
2,1016,AUTHORIZATION,SEND_MESSAGE,0,B2-ADAPTIVE-OBLIVIOUS,True,True,True,0
2,1017,AUTHORIZATION,SEND_MESSAGE,1,B0-NATURAL,True,True,True,0
2,1017,AUTHORIZATION,SEND_MESSAGE,1,B1-PER-ACTION-OBLIVIOUS,True,True,True,0
2,1017,AUTHORIZATION,SEND_MESSAGE,1,B2-ADAPTIVE-OBLIVIOUS,True,True,True,0
2,1018,AUTHORIZATION,SEND_MESSAGE,0,B0-NATURAL,True,True,True,0
2,1018,AUTHORIZATION,SEND_MESSAGE,0,B1-PER-ACTION-OBLIVIOUS,True,True,True,0
2,1018,AUTHORIZATION,SEND_MESSAGE,0,B2-ADAPTIVE-OBLIVIOUS,True,True,True,0
2,1019,AUTHORIZATION,SEND_MESSAGE,1,B0-NATURAL,True,True,True,0
2,1019,AUTHORIZATION,SEND_MESSAGE,1,B1-PER-ACTION-OBLIVIOUS,True,True,True,0
2,1019,AUTHORIZATION,SEND_MESSAGE,1,B2-ADAPTIVE-OBLIVIOUS,True,True,True,0
2,1020,AUTHORIZATION,SEND_MESSAGE,0,B0-NATURAL,True,True,True,0
2,1020,AUTHORIZATION,SEND_MESSAGE,0,B1-PER-ACTION-OBLIVIOUS,True,True,True,0
2,1020,AUTHORIZATION,SEND_MESSAGE,0,B2-ADAPTIVE-OBLIVIOUS,True,True,True,0
2,1021,AUTHORIZATION,SEND_MESSAGE,1,B0-NATURAL,True,True,True,0
2,1021,AUTHORIZATION,SEND_MESSAGE,1,B1-PER-ACTION-OBLIVIOUS,True,True,True,0
2,1021,AUTHORIZATION,SEND_MESSAGE,1,B2-ADAPTIVE-OBLIVIOUS,True,True,True,0
2,1022,AUTHORIZATION,SEND_MESSAGE,0,B0-NATURAL,True,True,True,0
2,1022,AUTHORIZATION,SEND_MESSAGE,0,B1-PER-ACTION-OBLIVIOUS,True,True,True,0
2,1022,AUTHORIZATION,SEND_MESSAGE,0,B2-ADAPTIVE-OBLIVIOUS,True,True,True,0
2,1023,AUTHORIZATION,SEND_MESSAGE,1,B0-NATURAL,True,True,True,0
2,1023,AUTHORIZATION,SEND_MESSAGE,1,B1-PER-ACTION-OBLIVIOUS,True,True,True,0
2,1023,AUTHORIZATION,SEND_MESSAGE,1,B2-ADAPTIVE-OBLIVIOUS,True,True,True,0
2,1024,AUTHORIZATION,SEND_MESSAGE,0,B0-NATURAL,True,True,True,0
2,1024,AUTHORIZATION,SEND_MESSAGE,0,B1-PER-ACTION-OBLIVIOUS,True,True,True,0
2,1024,AUTHORIZATION,SEND_MESSAGE,0,B2-ADAPTIVE-OBLIVIOUS,True,True,True,0
2,1025,AUTHORIZATION,SEND_MESSAGE,1,B0-NATURAL,True,True,True,0
2,1025,AUTHORIZATION,SEND_MESSAGE,1,B1-PER-ACTION-OBLIVIOUS,True,True,True,0
2,1025,AUTHORIZATION,SEND_MESSAGE,1,B2-ADAPTIVE-OBLIVIOUS,True,True,True,0
2,1026,AUTHORIZATION,SEND_MESSAGE,0,B0-NATURAL,True,True,True,0
2,1026,AUTHORIZATION,SEND_MESSAGE,0,B1-PER-ACTION-OBLIVIOUS,True,True,True,0
2,1026,AUTHORIZATION,SEND_MESSAGE,0,B2-ADAPTIVE-OBLIVIOUS,True,True,True,0
2,1027,AUTHORIZATION,SEND_MESSAGE,1,B0-NATURAL,True,True,True,0
2,1027,AUTHORIZATION,SEND_MESSAGE,1,B1-PER-ACTION-OBLIVIOUS,True,True,True,0
2,1027,AUTHORIZATION,SEND_MESSAGE,1,B2-ADAPTIVE-OBLIVIOUS,True,True,True,0
2,1028,AUTHORIZATION,SEND_MESSAGE,0,B0-NATURAL,True,True,True,0
2,1028,AUTHORIZATION,SEND_MESSAGE,0,B1-PER-ACTION-OBLIVIOUS,True,True,True,0
2,1028,AUTHORIZATION,SEND_MESSAGE,0,B2-ADAPTIVE-OBLIVIOUS,True,True,True,0
2,1029,AUTHORIZATION,SEND_MESSAGE,1,B0-NATURAL,True,True,True,0
2,1029,AUTHORIZATION,SEND_MESSAGE,1,B1-PER-ACTION-OBLIVIOUS,True,True,True,0
2,1029,AUTHORIZATION,SEND_MESSAGE,1,B2-ADAPTIVE-OBLIVIOUS,True,True,True,0
2,1030,AUTHORIZATION,SEND_MESSAGE,0,B0-NATURAL,True,True,True,0
2,1030,AUTHORIZATION,SEND_MESSAGE,0,B1-PER-ACTION-OBLIVIOUS,True,True,True,0
2,1030,AUTHORIZATION,SEND_MESSAGE,0,B2-ADAPTIVE-OBLIVIOUS,True,True,True,0
2,1031,AUTHORIZATION,SEND_MESSAGE,1,B0-NATURAL,True,True,True,0
2,1031,AUTHORIZATION,SEND_MESSAGE,1,B1-PER-ACTION-OBLIVIOUS,True,True,True,0
2,1031,AUTHORIZATION,SEND_MESSAGE,1,B2-ADAPTIVE-OBLIVIOUS,True,True,True,0
2,1032,AUTHORIZATION,SEND_MESSAGE,0,B0-NATURAL,True,True,True,0
2,1032,AUTHORIZATION,SEND_MESSAGE,0,B1-PER-ACTION-OBLIVIOUS,True,True,True,0
2,1032,AUTHORIZATION,SEND_MESSAGE,0,B2-ADAPTIVE-OBLIVIOUS,True,True,True,0
2,1033,AUTHORIZATION,SEND_MESSAGE,1,B0-NATURAL,True,True,True,0
2,1033,AUTHORIZATION,SEND_MESSAGE,1,B1-PER-ACTION-OBLIVIOUS,True,True,True,0
2,1033,AUTHORIZATION,SEND_MESSAGE,1,B2-ADAPTIVE-OBLIVIOUS,True,True,True,0
2,1034,AUTHORIZATION,SEND_MESSAGE,0,B0-NATURAL,True,True,True,0
2,1034,AUTHORIZATION,SEND_MESSAGE,0,B1-PER-ACTION-OBLIVIOUS,True,True,True,0
2,1034,AUTHORIZATION,SEND_MESSAGE,0,B2-ADAPTIVE-OBLIVIOUS,True,True,True,0
2,1035,AUTHORIZATION,SEND_MESSAGE,1,B0-NATURAL,True,True,True,0
2,1035,AUTHORIZATION,SEND_MESSAGE,1,B1-PER-ACTION-OBLIVIOUS,True,True,True,0
2,1035,AUTHORIZATION,SEND_MESSAGE,1,B2-ADAPTIVE-OBLIVIOUS,True,True,True,0
2,1036,AUTHORIZATION,SEND_MESSAGE,0,B0-NATURAL,True,True,True,0
2,1036,AUTHORIZATION,SEND_MESSAGE,0,B1-PER-ACTION-OBLIVIOUS,True,True,True,0
2,1036,AUTHORIZATION,SEND_MESSAGE,0,B2-ADAPTIVE-OBLIVIOUS,True,True,True,0
2,1037,AUTHORIZATION,SEND_MESSAGE,1,B0-NATURAL,True,True,True,0
2,1037,AUTHORIZATION,SEND_MESSAGE,1,B1-PER-ACTION-OBLIVIOUS,True,True,True,0
2,1037,AUTHORIZATION,SEND_MESSAGE,1,B2-ADAPTIVE-OBLIVIOUS,True,True,True,0
2,1038,AUTHORIZATION,SEND_MESSAGE,0,B0-NATURAL,True,True,True,0
2,1038,AUTHORIZATION,SEND_MESSAGE,0,B1-PER-ACTION-OBLIVIOUS,True,True,True,0
2,1038,AUTHORIZATION,SEND_MESSAGE,0,B2-ADAPTIVE-OBLIVIOUS,True,True,True,0
2,1039,AUTHORIZATION,SEND_MESSAGE,1,B0-NATURAL,True,True,True,0
2,1039,AUTHORIZATION,SEND_MESSAGE,1,B1-PER-ACTION-OBLIVIOUS,True,True,True,0
2,1039,AUTHORIZATION,SEND_MESSAGE,1,B2-ADAPTIVE-OBLIVIOUS,True,True,True,0
2,1040,AUTHORIZATION,SHARE_DOCUMENT,0,B0-NATURAL,True,True,True,0
2,1040,AUTHORIZATION,SHARE_DOCUMENT,0,B1-PER-ACTION-OBLIVIOUS,True,True,True,0
2,1040,AUTHORIZATION,SHARE_DOCUMENT,0,B2-ADAPTIVE-OBLIVIOUS,True,True,True,0
2,1041,AUTHORIZATION,SHARE_DOCUMENT,1,B0-NATURAL,True,True,True,0
2,1041,AUTHORIZATION,SHARE_DOCUMENT,1,B1-PER-ACTION-OBLIVIOUS,True,True,True,0
2,1041,AUTHORIZATION,SHARE_DOCUMENT,1,B2-ADAPTIVE-OBLIVIOUS,True,True,True,0
2,1042,AUTHORIZATION,SHARE_DOCUMENT,0,B0-NATURAL,True,True,True,0
2,1042,AUTHORIZATION,SHARE_DOCUMENT,0,B1-PER-ACTION-OBLIVIOUS,True,True,True,0
2,1042,AUTHORIZATION,SHARE_DOCUMENT,0,B2-ADAPTIVE-OBLIVIOUS,True,True,True,0
2,1043,AUTHORIZATION,SHARE_DOCUMENT,1,B0-NATURAL,True,True,True,0
2,1043,AUTHORIZATION,SHARE_DOCUMENT,1,B1-PER-ACTION-OBLIVIOUS,True,True,True,0
2,1043,AUTHORIZATION,SHARE_DOCUMENT,1,B2-ADAPTIVE-OBLIVIOUS,True,True,True,0
2,1044,AUTHORIZATION,SHARE_DOCUMENT,0,B0-NATURAL,True,True,True,0
2,1044,AUTHORIZATION,SHARE_DOCUMENT,0,B1-PER-ACTION-OBLIVIOUS,True,True,True,0
2,1044,AUTHORIZATION,SHARE_DOCUMENT,0,B2-ADAPTIVE-OBLIVIOUS,True,True,True,0
2,1045,AUTHORIZATION,SHARE_DOCUMENT,1,B0-NATURAL,True,True,True,0
2,1045,AUTHORIZATION,SHARE_DOCUMENT,1,B1-PER-ACTION-OBLIVIOUS,True,True,True,0
2,1045,AUTHORIZATION,SHARE_DOCUMENT,1,B2-ADAPTIVE-OBLIVIOUS,True,True,True,0
2,1046,AUTHORIZATION,SHARE_DOCUMENT,0,B0-NATURAL,True,True,True,0
2,1046,AUTHORIZATION,SHARE_DOCUMENT,0,B1-PER-ACTION-OBLIVIOUS,True,True,True,0
2,1046,AUTHORIZATION,SHARE_DOCUMENT,0,B2-ADAPTIVE-OBLIVIOUS,True,True,True,0
2,1047,AUTHORIZATION,SHARE_DOCUMENT,1,B0-NATURAL,True,True,True,0
2,1047,AUTHORIZATION,SHARE_DOCUMENT,1,B1-PER-ACTION-OBLIVIOUS,True,True,True,0
2,1047,AUTHORIZATION,SHARE_DOCUMENT,1,B2-ADAPTIVE-OBLIVIOUS,True,True,True,0
2,1048,AUTHORIZATION,SHARE_DOCUMENT,0,B0-NATURAL,True,True,True,0
2,1048,AUTHORIZATION,SHARE_DOCUMENT,0,B1-PER-ACTION-OBLIVIOUS,True,True,True,0
2,1048,AUTHORIZATION,SHARE_DOCUMENT,0,B2-ADAPTIVE-OBLIVIOUS,True,True,True,0
2,1049,AUTHORIZATION,SHARE_DOCUMENT,1,B0-NATURAL,True,True,True,0
2,1049,AUTHORIZATION,SHARE_DOCUMENT,1,B1-PER-ACTION-OBLIVIOUS,True,True,True,0
2,1049,AUTHORIZATION,SHARE_DOCUMENT,1,B2-ADAPTIVE-OBLIVIOUS,True,True,True,0
2,1050,AUTHORIZATION,SHARE_DOCUMENT,0,B0-NATURAL,True,True,True,0
2,1050,AUTHORIZATION,SHARE_DOCUMENT,0,B1-PER-ACTION-OBLIVIOUS,True,True,True,0
2,1050,AUTHORIZATION,SHARE_DOCUMENT,0,B2-ADAPTIVE-OBLIVIOUS,True,True,True,0
2,1051,AUTHORIZATION,SHARE_DOCUMENT,1,B0-NATURAL,True,True,True,0
2,1051,AUTHORIZATION,SHARE_DOCUMENT,1,B1-PER-ACTION-OBLIVIOUS,True,True,True,0
2,1051,AUTHORIZATION,SHARE_DOCUMENT,1,B2-ADAPTIVE-OBLIVIOUS,True,True,True,0
2,1052,AUTHORIZATION,SHARE_DOCUMENT,0,B0-NATURAL,True,True,True,0
2,1052,AUTHORIZATION,SHARE_DOCUMENT,0,B1-PER-ACTION-OBLIVIOUS,True,True,True,0
2,1052,AUTHORIZATION,SHARE_DOCUMENT,0,B2-ADAPTIVE-OBLIVIOUS,True,True,True,0
2,1053,AUTHORIZATION,SHARE_DOCUMENT,1,B0-NATURAL,True,True,True,0
2,1053,AUTHORIZATION,SHARE_DOCUMENT,1,B1-PER-ACTION-OBLIVIOUS,True,True,True,0
2,1053,AUTHORIZATION,SHARE_DOCUMENT,1,B2-ADAPTIVE-OBLIVIOUS,True,True,True,0
2,1054,AUTHORIZATION,SHARE_DOCUMENT,0,B0-NATURAL,True,True,True,0
2,1054,AUTHORIZATION,SHARE_DOCUMENT,0,B1-PER-ACTION-OBLIVIOUS,True,True,True,0
2,1054,AUTHORIZATION,SHARE_DOCUMENT,0,B2-ADAPTIVE-OBLIVIOUS,True,True,True,0
2,1055,AUTHORIZATION,SHARE_DOCUMENT,1,B0-NATURAL,True,True,True,0
2,1055,AUTHORIZATION,SHARE_DOCUMENT,1,B1-PER-ACTION-OBLIVIOUS,True,True,True,0
2,1055,AUTHORIZATION,SHARE_DOCUMENT,1,B2-ADAPTIVE-OBLIVIOUS,True,True,True,0
2,1056,AUTHORIZATION,SHARE_DOCUMENT,0,B0-NATURAL,True,True,True,0
2,1056,AUTHORIZATION,SHARE_DOCUMENT,0,B1-PER-ACTION-OBLIVIOUS,True,True,True,0
2,1056,AUTHORIZATION,SHARE_DOCUMENT,0,B2-ADAPTIVE-OBLIVIOUS,True,True,True,0
2,1057,AUTHORIZATION,SHARE_DOCUMENT,1,B0-NATURAL,True,True,True,0
2,1057,AUTHORIZATION,SHARE_DOCUMENT,1,B1-PER-ACTION-OBLIVIOUS,True,True,True,0
2,1057,AUTHORIZATION,SHARE_DOCUMENT,1,B2-ADAPTIVE-OBLIVIOUS,True,True,True,0
2,1058,AUTHORIZATION,SHARE_DOCUMENT,0,B0-NATURAL,True,True,True,0
2,1058,AUTHORIZATION,SHARE_DOCUMENT,0,B1-PER-ACTION-OBLIVIOUS,True,True,True,0
2,1058,AUTHORIZATION,SHARE_DOCUMENT,0,B2-ADAPTIVE-OBLIVIOUS,True,True,True,0
2,1059,AUTHORIZATION,SHARE_DOCUMENT,1,B0-NATURAL,True,True,True,0
2,1059,AUTHORIZATION,SHARE_DOCUMENT,1,B1-PER-ACTION-OBLIVIOUS,True,True,True,0
2,1059,AUTHORIZATION,SHARE_DOCUMENT,1,B2-ADAPTIVE-OBLIVIOUS,True,True,True,0
2,1060,AUTHORIZATION,SHARE_DOCUMENT,0,B0-NATURAL,True,True,True,0
2,1060,AUTHORIZATION,SHARE_DOCUMENT,0,B1-PER-ACTION-OBLIVIOUS,True,True,True,0
2,1060,AUTHORIZATION,SHARE_DOCUMENT,0,B2-ADAPTIVE-OBLIVIOUS,True,True,True,0
2,1061,AUTHORIZATION,SHARE_DOCUMENT,1,B0-NATURAL,True,True,True,0
2,1061,AUTHORIZATION,SHARE_DOCUMENT,1,B1-PER-ACTION-OBLIVIOUS,True,True,True,0
2,1061,AUTHORIZATION,SHARE_DOCUMENT,1,B2-ADAPTIVE-OBLIVIOUS,True,True,True,0
2,1062,AUTHORIZATION,SHARE_DOCUMENT,0,B0-NATURAL,True,True,True,0
2,1062,AUTHORIZATION,SHARE_DOCUMENT,0,B1-PER-ACTION-OBLIVIOUS,True,True,True,0
2,1062,AUTHORIZATION,SHARE_DOCUMENT,0,B2-ADAPTIVE-OBLIVIOUS,True,True,True,0
2,1063,AUTHORIZATION,SHARE_DOCUMENT,1,B0-NATURAL,True,True,True,0
2,1063,AUTHORIZATION,SHARE_DOCUMENT,1,B1-PER-ACTION-OBLIVIOUS,True,True,True,0
2,1063,AUTHORIZATION,SHARE_DOCUMENT,1,B2-ADAPTIVE-OBLIVIOUS,True,True,True,0
2,1064,AUTHORIZATION,SHARE_DOCUMENT,0,B0-NATURAL,True,True,True,0
2,1064,AUTHORIZATION,SHARE_DOCUMENT,0,B1-PER-ACTION-OBLIVIOUS,True,True,True,0
2,1064,AUTHORIZATION,SHARE_DOCUMENT,0,B2-ADAPTIVE-OBLIVIOUS,True,True,True,0
2,1065,AUTHORIZATION,SHARE_DOCUMENT,1,B0-NATURAL,True,True,True,0
2,1065,AUTHORIZATION,SHARE_DOCUMENT,1,B1-PER-ACTION-OBLIVIOUS,True,True,True,0
2,1065,AUTHORIZATION,SHARE_DOCUMENT,1,B2-ADAPTIVE-OBLIVIOUS,True,True,True,0
2,1066,AUTHORIZATION,SHARE_DOCUMENT,0,B0-NATURAL,True,True,True,0
2,1066,AUTHORIZATION,SHARE_DOCUMENT,0,B1-PER-ACTION-OBLIVIOUS,True,True,True,0
2,1066,AUTHORIZATION,SHARE_DOCUMENT,0,B2-ADAPTIVE-OBLIVIOUS,True,True,True,0
2,1067,AUTHORIZATION,SHARE_DOCUMENT,1,B0-NATURAL,True,True,True,0
2,1067,AUTHORIZATION,SHARE_DOCUMENT,1,B1-PER-ACTION-OBLIVIOUS,True,True,True,0
2,1067,AUTHORIZATION,SHARE_DOCUMENT,1,B2-ADAPTIVE-OBLIVIOUS,True,True,True,0
2,1068,AUTHORIZATION,SHARE_DOCUMENT,0,B0-NATURAL,True,True,True,0
2,1068,AUTHORIZATION,SHARE_DOCUMENT,0,B1-PER-ACTION-OBLIVIOUS,True,True,True,0
2,1068,AUTHORIZATION,SHARE_DOCUMENT,0,B2-ADAPTIVE-OBLIVIOUS,True,True,True,0
2,1069,AUTHORIZATION,SHARE_DOCUMENT,1,B0-NATURAL,True,True,True,0
2,1069,AUTHORIZATION,SHARE_DOCUMENT,1,B1-PER-ACTION-OBLIVIOUS,True,True,True,0
2,1069,AUTHORIZATION,SHARE_DOCUMENT,1,B2-ADAPTIVE-OBLIVIOUS,True,True,True,0
2,1070,AUTHORIZATION,SHARE_DOCUMENT,0,B0-NATURAL,True,True,True,0
2,1070,AUTHORIZATION,SHARE_DOCUMENT,0,B1-PER-ACTION-OBLIVIOUS,True,True,True,0
2,1070,AUTHORIZATION,SHARE_DOCUMENT,0,B2-ADAPTIVE-OBLIVIOUS,True,True,True,0
2,1071,AUTHORIZATION,SHARE_DOCUMENT,1,B0-NATURAL,True,True,True,0
2,1071,AUTHORIZATION,SHARE_DOCUMENT,1,B1-PER-ACTION-OBLIVIOUS,True,True,True,0
2,1071,AUTHORIZATION,SHARE_DOCUMENT,1,B2-ADAPTIVE-OBLIVIOUS,True,True,True,0
2,1072,AUTHORIZATION,SHARE_DOCUMENT,0,B0-NATURAL,True,True,True,0
2,1072,AUTHORIZATION,SHARE_DOCUMENT,0,B1-PER-ACTION-OBLIVIOUS,True,True,True,0
2,1072,AUTHORIZATION,SHARE_DOCUMENT,0,B2-ADAPTIVE-OBLIVIOUS,True,True,True,0
2,1073,AUTHORIZATION,SHARE_DOCUMENT,1,B0-NATURAL,True,True,True,0
2,1073,AUTHORIZATION,SHARE_DOCUMENT,1,B1-PER-ACTION-OBLIVIOUS,True,True,True,0
2,1073,AUTHORIZATION,SHARE_DOCUMENT,1,B2-ADAPTIVE-OBLIVIOUS,True,True,True,0
2,1074,AUTHORIZATION,SHARE_DOCUMENT,0,B0-NATURAL,True,True,True,0
2,1074,AUTHORIZATION,SHARE_DOCUMENT,0,B1-PER-ACTION-OBLIVIOUS,True,True,True,0
2,1074,AUTHORIZATION,SHARE_DOCUMENT,0,B2-ADAPTIVE-OBLIVIOUS,True,True,True,0
2,1075,AUTHORIZATION,SHARE_DOCUMENT,1,B0-NATURAL,True,True,True,0
2,1075,AUTHORIZATION,SHARE_DOCUMENT,1,B1-PER-ACTION-OBLIVIOUS,True,True,True,0
2,1075,AUTHORIZATION,SHARE_DOCUMENT,1,B2-ADAPTIVE-OBLIVIOUS,True,True,True,0
2,1076,AUTHORIZATION,SHARE_DOCUMENT,0,B0-NATURAL,True,True,True,0
2,1076,AUTHORIZATION,SHARE_DOCUMENT,0,B1-PER-ACTION-OBLIVIOUS,True,True,True,0
2,1076,AUTHORIZATION,SHARE_DOCUMENT,0,B2-ADAPTIVE-OBLIVIOUS,True,True,True,0
2,1077,AUTHORIZATION,SHARE_DOCUMENT,1,B0-NATURAL,True,True,True,0
2,1077,AUTHORIZATION,SHARE_DOCUMENT,1,B1-PER-ACTION-OBLIVIOUS,True,True,True,0
2,1077,AUTHORIZATION,SHARE_DOCUMENT,1,B2-ADAPTIVE-OBLIVIOUS,True,True,True,0
2,1078,AUTHORIZATION,SHARE_DOCUMENT,0,B0-NATURAL,True,True,True,0
2,1078,AUTHORIZATION,SHARE_DOCUMENT,0,B1-PER-ACTION-OBLIVIOUS,True,True,True,0
2,1078,AUTHORIZATION,SHARE_DOCUMENT,0,B2-ADAPTIVE-OBLIVIOUS,True,True,True,0
2,1079,AUTHORIZATION,SHARE_DOCUMENT,1,B0-NATURAL,True,True,True,0
2,1079,AUTHORIZATION,SHARE_DOCUMENT,1,B1-PER-ACTION-OBLIVIOUS,True,True,True,0
2,1079,AUTHORIZATION,SHARE_DOCUMENT,1,B2-ADAPTIVE-OBLIVIOUS,True,True,True,0
2,1080,AUTHORIZATION,SHARE_DOCUMENT,0,B0-NATURAL,True,True,True,0
2,1080,AUTHORIZATION,SHARE_DOCUMENT,0,B1-PER-ACTION-OBLIVIOUS,True,True,True,0
2,1080,AUTHORIZATION,SHARE_DOCUMENT,0,B2-ADAPTIVE-OBLIVIOUS,True,True,True,0
2,1081,AUTHORIZATION,SHARE_DOCUMENT,1,B0-NATURAL,True,True,True,0
2,1081,AUTHORIZATION,SHARE_DOCUMENT,1,B1-PER-ACTION-OBLIVIOUS,True,True,True,0
2,1081,AUTHORIZATION,SHARE_DOCUMENT,1,B2-ADAPTIVE-OBLIVIOUS,True,True,True,0
2,1082,AUTHORIZATION,SHARE_DOCUMENT,0,B0-NATURAL,True,True,True,0
2,1082,AUTHORIZATION,SHARE_DOCUMENT,0,B1-PER-ACTION-OBLIVIOUS,True,True,True,0
2,1082,AUTHORIZATION,SHARE_DOCUMENT,0,B2-ADAPTIVE-OBLIVIOUS,True,True,True,0
2,1083,AUTHORIZATION,SHARE_DOCUMENT,1,B0-NATURAL,True,True,True,0
2,1083,AUTHORIZATION,SHARE_DOCUMENT,1,B1-PER-ACTION-OBLIVIOUS,True,True,True,0
2,1083,AUTHORIZATION,SHARE_DOCUMENT,1,B2-ADAPTIVE-OBLIVIOUS,True,True,True,0
2,1084,AUTHORIZATION,SHARE_DOCUMENT,0,B0-NATURAL,True,True,True,0
2,1084,AUTHORIZATION,SHARE_DOCUMENT,0,B1-PER-ACTION-OBLIVIOUS,True,True,True,0
2,1084,AUTHORIZATION,SHARE_DOCUMENT,0,B2-ADAPTIVE-OBLIVIOUS,True,True,True,0
2,1085,AUTHORIZATION,SHARE_DOCUMENT,1,B0-NATURAL,True,True,True,0
2,1085,AUTHORIZATION,SHARE_DOCUMENT,1,B1-PER-ACTION-OBLIVIOUS,True,True,True,0
2,1085,AUTHORIZATION,SHARE_DOCUMENT,1,B2-ADAPTIVE-OBLIVIOUS,True,True,True,0
2,1086,AUTHORIZATION,SHARE_DOCUMENT,0,B0-NATURAL,True,True,True,0
2,1086,AUTHORIZATION,SHARE_DOCUMENT,0,B1-PER-ACTION-OBLIVIOUS,True,True,True,0
2,1086,AUTHORIZATION,SHARE_DOCUMENT,0,B2-ADAPTIVE-OBLIVIOUS,True,True,True,0
2,1087,AUTHORIZATION,SHARE_DOCUMENT,1,B0-NATURAL,True,True,True,0
2,1087,AUTHORIZATION,SHARE_DOCUMENT,1,B1-PER-ACTION-OBLIVIOUS,True,True,True,0
2,1087,AUTHORIZATION,SHARE_DOCUMENT,1,B2-ADAPTIVE-OBLIVIOUS,True,True,True,0
2,1088,AUTHORIZATION,SHARE_DOCUMENT,0,B0-NATURAL,True,True,True,0
2,1088,AUTHORIZATION,SHARE_DOCUMENT,0,B1-PER-ACTION-OBLIVIOUS,True,True,True,0
2,1088,AUTHORIZATION,SHARE_DOCUMENT,0,B2-ADAPTIVE-OBLIVIOUS,True,True,True,0
2,1089,AUTHORIZATION,SHARE_DOCUMENT,1,B0-NATURAL,True,True,True,0
2,1089,AUTHORIZATION,SHARE_DOCUMENT,1,B1-PER-ACTION-OBLIVIOUS,True,True,True,0
2,1089,AUTHORIZATION,SHARE_DOCUMENT,1,B2-ADAPTIVE-OBLIVIOUS,True,True,True,0
2,1090,AUTHORIZATION,SHARE_DOCUMENT,0,B0-NATURAL,True,True,True,0
2,1090,AUTHORIZATION,SHARE_DOCUMENT,0,B1-PER-ACTION-OBLIVIOUS,True,True,True,0
2,1090,AUTHORIZATION,SHARE_DOCUMENT,0,B2-ADAPTIVE-OBLIVIOUS,True,True,True,0
2,1091,AUTHORIZATION,SHARE_DOCUMENT,1,B0-NATURAL,True,True,True,0
2,1091,AUTHORIZATION,SHARE_DOCUMENT,1,B1-PER-ACTION-OBLIVIOUS,True,True,True,0
2,1091,AUTHORIZATION,SHARE_DOCUMENT,1,B2-ADAPTIVE-OBLIVIOUS,True,True,True,0
2,1092,AUTHORIZATION,SHARE_DOCUMENT,0,B0-NATURAL,True,True,True,0
2,1092,AUTHORIZATION,SHARE_DOCUMENT,0,B1-PER-ACTION-OBLIVIOUS,True,True,True,0
2,1092,AUTHORIZATION,SHARE_DOCUMENT,0,B2-ADAPTIVE-OBLIVIOUS,True,True,True,0
2,1093,AUTHORIZATION,SHARE_DOCUMENT,1,B0-NATURAL,True,True,True,0
2,1093,AUTHORIZATION,SHARE_DOCUMENT,1,B1-PER-ACTION-OBLIVIOUS,True,True,True,0
2,1093,AUTHORIZATION,SHARE_DOCUMENT,1,B2-ADAPTIVE-OBLIVIOUS,True,True,True,0
2,1094,AUTHORIZATION,SHARE_DOCUMENT,0,B0-NATURAL,True,True,True,0
2,1094,AUTHORIZATION,SHARE_DOCUMENT,0,B1-PER-ACTION-OBLIVIOUS,True,True,True,0
2,1094,AUTHORIZATION,SHARE_DOCUMENT,0,B2-ADAPTIVE-OBLIVIOUS,True,True,True,0
2,1095,AUTHORIZATION,SHARE_DOCUMENT,1,B0-NATURAL,True,True,True,0
2,1095,AUTHORIZATION,SHARE_DOCUMENT,1,B1-PER-ACTION-OBLIVIOUS,True,True,True,0
2,1095,AUTHORIZATION,SHARE_DOCUMENT,1,B2-ADAPTIVE-OBLIVIOUS,True,True,True,0
2,1096,AUTHORIZATION,SHARE_DOCUMENT,0,B0-NATURAL,True,True,True,0
2,1096,AUTHORIZATION,SHARE_DOCUMENT,0,B1-PER-ACTION-OBLIVIOUS,True,True,True,0
2,1096,AUTHORIZATION,SHARE_DOCUMENT,0,B2-ADAPTIVE-OBLIVIOUS,True,True,True,0
2,1097,AUTHORIZATION,SHARE_DOCUMENT,1,B0-NATURAL,True,True,True,0
2,1097,AUTHORIZATION,SHARE_DOCUMENT,1,B1-PER-ACTION-OBLIVIOUS,True,True,True,0
2,1097,AUTHORIZATION,SHARE_DOCUMENT,1,B2-ADAPTIVE-OBLIVIOUS,True,True,True,0
2,1098,AUTHORIZATION,SHARE_DOCUMENT,0,B0-NATURAL,True,True,True,0
2,1098,AUTHORIZATION,SHARE_DOCUMENT,0,B1-PER-ACTION-OBLIVIOUS,True,True,True,0
2,1098,AUTHORIZATION,SHARE_DOCUMENT,0,B2-ADAPTIVE-OBLIVIOUS,True,True,True,0
2,1099,AUTHORIZATION,SHARE_DOCUMENT,1,B0-NATURAL,True,True,True,0
2,1099,AUTHORIZATION,SHARE_DOCUMENT,1,B1-PER-ACTION-OBLIVIOUS,True,True,True,0
2,1099,AUTHORIZATION,SHARE_DOCUMENT,1,B2-ADAPTIVE-OBLIVIOUS,True,True,True,0
2,1100,AUTHORIZATION,SHARE_DOCUMENT,0,B0-NATURAL,True,True,True,0
2,1100,AUTHORIZATION,SHARE_DOCUMENT,0,B1-PER-ACTION-OBLIVIOUS,True,True,True,0
2,1100,AUTHORIZATION,SHARE_DOCUMENT,0,B2-ADAPTIVE-OBLIVIOUS,True,True,True,0
2,1101,AUTHORIZATION,SHARE_DOCUMENT,1,B0-NATURAL,True,True,True,0
2,1101,AUTHORIZATION,SHARE_DOCUMENT,1,B1-PER-ACTION-OBLIVIOUS,True,True,True,0
2,1101,AUTHORIZATION,SHARE_DOCUMENT,1,B2-ADAPTIVE-OBLIVIOUS,True,True,True,0
2,1102,AUTHORIZATION,SHARE_DOCUMENT,0,B0-NATURAL,True,True,True,0
2,1102,AUTHORIZATION,SHARE_DOCUMENT,0,B1-PER-ACTION-OBLIVIOUS,True,True,True,0
2,1102,AUTHORIZATION,SHARE_DOCUMENT,0,B2-ADAPTIVE-OBLIVIOUS,True,True,True,0
2,1103,AUTHORIZATION,SHARE_DOCUMENT,1,B0-NATURAL,True,True,True,0
2,1103,AUTHORIZATION,SHARE_DOCUMENT,1,B1-PER-ACTION-OBLIVIOUS,True,True,True,0
2,1103,AUTHORIZATION,SHARE_DOCUMENT,1,B2-ADAPTIVE-OBLIVIOUS,True,True,True,0
2,1104,AUTHORIZATION,SHARE_DOCUMENT,0,B0-NATURAL,True,True,True,0
2,1104,AUTHORIZATION,SHARE_DOCUMENT,0,B1-PER-ACTION-OBLIVIOUS,True,True,True,0
2,1104,AUTHORIZATION,SHARE_DOCUMENT,0,B2-ADAPTIVE-OBLIVIOUS,True,True,True,0
2,1105,AUTHORIZATION,SHARE_DOCUMENT,1,B0-NATURAL,True,True,True,0
2,1105,AUTHORIZATION,SHARE_DOCUMENT,1,B1-PER-ACTION-OBLIVIOUS,True,True,True,0
2,1105,AUTHORIZATION,SHARE_DOCUMENT,1,B2-ADAPTIVE-OBLIVIOUS,True,True,True,0
2,1106,AUTHORIZATION,SHARE_DOCUMENT,0,B0-NATURAL,True,True,True,0
2,1106,AUTHORIZATION,SHARE_DOCUMENT,0,B1-PER-ACTION-OBLIVIOUS,True,True,True,0
2,1106,AUTHORIZATION,SHARE_DOCUMENT,0,B2-ADAPTIVE-OBLIVIOUS,True,True,True,0
2,1107,AUTHORIZATION,SHARE_DOCUMENT,1,B0-NATURAL,True,True,True,0
2,1107,AUTHORIZATION,SHARE_DOCUMENT,1,B1-PER-ACTION-OBLIVIOUS,True,True,True,0
2,1107,AUTHORIZATION,SHARE_DOCUMENT,1,B2-ADAPTIVE-OBLIVIOUS,True,True,True,0
2,1108,AUTHORIZATION,SHARE_DOCUMENT,0,B0-NATURAL,True,True,True,0
2,1108,AUTHORIZATION,SHARE_DOCUMENT,0,B1-PER-ACTION-OBLIVIOUS,True,True,True,0
2,1108,AUTHORIZATION,SHARE_DOCUMENT,0,B2-ADAPTIVE-OBLIVIOUS,True,True,True,0
2,1109,AUTHORIZATION,SHARE_DOCUMENT,1,B0-NATURAL,True,True,True,0
2,1109,AUTHORIZATION,SHARE_DOCUMENT,1,B1-PER-ACTION-OBLIVIOUS,True,True,True,0
2,1109,AUTHORIZATION,SHARE_DOCUMENT,1,B2-ADAPTIVE-OBLIVIOUS,True,True,True,0
2,1110,AUTHORIZATION,SHARE_DOCUMENT,0,B0-NATURAL,True,True,True,0
2,1110,AUTHORIZATION,SHARE_DOCUMENT,0,B1-PER-ACTION-OBLIVIOUS,True,True,True,0
2,1110,AUTHORIZATION,SHARE_DOCUMENT,0,B2-ADAPTIVE-OBLIVIOUS,True,True,True,0
2,1111,AUTHORIZATION,SHARE_DOCUMENT,1,B0-NATURAL,True,True,True,0
2,1111,AUTHORIZATION,SHARE_DOCUMENT,1,B1-PER-ACTION-OBLIVIOUS,True,True,True,0
2,1111,AUTHORIZATION,SHARE_DOCUMENT,1,B2-ADAPTIVE-OBLIVIOUS,True,True,True,0
2,1112,AUTHORIZATION,SHARE_DOCUMENT,0,B0-NATURAL,True,True,True,0
2,1112,AUTHORIZATION,SHARE_DOCUMENT,0,B1-PER-ACTION-OBLIVIOUS,True,True,True,0
2,1112,AUTHORIZATION,SHARE_DOCUMENT,0,B2-ADAPTIVE-OBLIVIOUS,True,True,True,0
2,1113,AUTHORIZATION,SHARE_DOCUMENT,1,B0-NATURAL,True,True,True,0
2,1113,AUTHORIZATION,SHARE_DOCUMENT,1,B1-PER-ACTION-OBLIVIOUS,True,True,True,0
2,1113,AUTHORIZATION,SHARE_DOCUMENT,1,B2-ADAPTIVE-OBLIVIOUS,True,True,True,0
2,1114,AUTHORIZATION,SHARE_DOCUMENT,0,B0-NATURAL,True,True,True,0
2,1114,AUTHORIZATION,SHARE_DOCUMENT,0,B1-PER-ACTION-OBLIVIOUS,True,True,True,0
2,1114,AUTHORIZATION,SHARE_DOCUMENT,0,B2-ADAPTIVE-OBLIVIOUS,True,True,True,0
2,1115,AUTHORIZATION,SHARE_DOCUMENT,1,B0-NATURAL,True,True,True,0
2,1115,AUTHORIZATION,SHARE_DOCUMENT,1,B1-PER-ACTION-OBLIVIOUS,True,True,True,0
2,1115,AUTHORIZATION,SHARE_DOCUMENT,1,B2-ADAPTIVE-OBLIVIOUS,True,True,True,0
2,1116,AUTHORIZATION,SHARE_DOCUMENT,0,B0-NATURAL,True,True,True,0
2,1116,AUTHORIZATION,SHARE_DOCUMENT,0,B1-PER-ACTION-OBLIVIOUS,True,True,True,0
2,1116,AUTHORIZATION,SHARE_DOCUMENT,0,B2-ADAPTIVE-OBLIVIOUS,True,True,True,0
2,1117,AUTHORIZATION,SHARE_DOCUMENT,1,B0-NATURAL,True,True,True,0
2,1117,AUTHORIZATION,SHARE_DOCUMENT,1,B1-PER-ACTION-OBLIVIOUS,True,True,True,0
2,1117,AUTHORIZATION,SHARE_DOCUMENT,1,B2-ADAPTIVE-OBLIVIOUS,True,True,True,0
2,1118,AUTHORIZATION,SHARE_DOCUMENT,0,B0-NATURAL,True,True,True,0
2,1118,AUTHORIZATION,SHARE_DOCUMENT,0,B1-PER-ACTION-OBLIVIOUS,True,True,True,0
2,1118,AUTHORIZATION,SHARE_DOCUMENT,0,B2-ADAPTIVE-OBLIVIOUS,True,True,True,0
2,1119,AUTHORIZATION,SHARE_DOCUMENT,1,B0-NATURAL,True,True,True,0
2,1119,AUTHORIZATION,SHARE_DOCUMENT,1,B1-PER-ACTION-OBLIVIOUS,True,True,True,0
2,1119,AUTHORIZATION,SHARE_DOCUMENT,1,B2-ADAPTIVE-OBLIVIOUS,True,True,True,0
2,1120,PROVENANCE,SEND_MESSAGE,0,B0-NATURAL,True,True,True,0
2,1120,PROVENANCE,SEND_MESSAGE,0,B1-PER-ACTION-OBLIVIOUS,True,True,True,0
2,1120,PROVENANCE,SEND_MESSAGE,0,B2-ADAPTIVE-OBLIVIOUS,True,True,True,0
2,1121,PROVENANCE,SEND_MESSAGE,1,B0-NATURAL,True,True,True,0
2,1121,PROVENANCE,SEND_MESSAGE,1,B1-PER-ACTION-OBLIVIOUS,True,True,True,0
2,1121,PROVENANCE,SEND_MESSAGE,1,B2-ADAPTIVE-OBLIVIOUS,True,True,True,0
2,1122,PROVENANCE,SEND_MESSAGE,0,B0-NATURAL,True,True,True,0
2,1122,PROVENANCE,SEND_MESSAGE,0,B1-PER-ACTION-OBLIVIOUS,True,True,True,0
2,1122,PROVENANCE,SEND_MESSAGE,0,B2-ADAPTIVE-OBLIVIOUS,True,True,True,0
2,1123,PROVENANCE,SEND_MESSAGE,1,B0-NATURAL,True,True,True,0
2,1123,PROVENANCE,SEND_MESSAGE,1,B1-PER-ACTION-OBLIVIOUS,True,True,True,0
2,1123,PROVENANCE,SEND_MESSAGE,1,B2-ADAPTIVE-OBLIVIOUS,True,True,True,0
2,1124,PROVENANCE,SEND_MESSAGE,0,B0-NATURAL,True,True,True,0
2,1124,PROVENANCE,SEND_MESSAGE,0,B1-PER-ACTION-OBLIVIOUS,True,True,True,0
2,1124,PROVENANCE,SEND_MESSAGE,0,B2-ADAPTIVE-OBLIVIOUS,True,True,True,0
2,1125,PROVENANCE,SEND_MESSAGE,1,B0-NATURAL,True,True,True,0
2,1125,PROVENANCE,SEND_MESSAGE,1,B1-PER-ACTION-OBLIVIOUS,True,True,True,0
2,1125,PROVENANCE,SEND_MESSAGE,1,B2-ADAPTIVE-OBLIVIOUS,True,True,True,0
2,1126,PROVENANCE,SEND_MESSAGE,0,B0-NATURAL,True,True,True,0
2,1126,PROVENANCE,SEND_MESSAGE,0,B1-PER-ACTION-OBLIVIOUS,True,True,True,0
2,1126,PROVENANCE,SEND_MESSAGE,0,B2-ADAPTIVE-OBLIVIOUS,True,True,True,0
2,1127,PROVENANCE,SEND_MESSAGE,1,B0-NATURAL,True,True,True,0
2,1127,PROVENANCE,SEND_MESSAGE,1,B1-PER-ACTION-OBLIVIOUS,True,True,True,0
2,1127,PROVENANCE,SEND_MESSAGE,1,B2-ADAPTIVE-OBLIVIOUS,True,True,True,0
2,1128,PROVENANCE,SEND_MESSAGE,0,B0-NATURAL,True,True,True,0
2,1128,PROVENANCE,SEND_MESSAGE,0,B1-PER-ACTION-OBLIVIOUS,True,True,True,0
2,1128,PROVENANCE,SEND_MESSAGE,0,B2-ADAPTIVE-OBLIVIOUS,True,True,True,0
2,1129,PROVENANCE,SEND_MESSAGE,1,B0-NATURAL,True,True,True,0
2,1129,PROVENANCE,SEND_MESSAGE,1,B1-PER-ACTION-OBLIVIOUS,True,True,True,0
2,1129,PROVENANCE,SEND_MESSAGE,1,B2-ADAPTIVE-OBLIVIOUS,True,True,True,0
2,1130,PROVENANCE,SEND_MESSAGE,0,B0-NATURAL,True,True,True,0
2,1130,PROVENANCE,SEND_MESSAGE,0,B1-PER-ACTION-OBLIVIOUS,True,True,True,0
2,1130,PROVENANCE,SEND_MESSAGE,0,B2-ADAPTIVE-OBLIVIOUS,True,True,True,0
2,1131,PROVENANCE,SEND_MESSAGE,1,B0-NATURAL,True,True,True,0
2,1131,PROVENANCE,SEND_MESSAGE,1,B1-PER-ACTION-OBLIVIOUS,True,True,True,0
2,1131,PROVENANCE,SEND_MESSAGE,1,B2-ADAPTIVE-OBLIVIOUS,True,True,True,0
2,1132,PROVENANCE,SEND_MESSAGE,0,B0-NATURAL,True,True,True,0
2,1132,PROVENANCE,SEND_MESSAGE,0,B1-PER-ACTION-OBLIVIOUS,True,True,True,0
2,1132,PROVENANCE,SEND_MESSAGE,0,B2-ADAPTIVE-OBLIVIOUS,True,True,True,0
2,1133,PROVENANCE,SEND_MESSAGE,1,B0-NATURAL,True,True,True,0
2,1133,PROVENANCE,SEND_MESSAGE,1,B1-PER-ACTION-OBLIVIOUS,True,True,True,0
2,1133,PROVENANCE,SEND_MESSAGE,1,B2-ADAPTIVE-OBLIVIOUS,True,True,True,0
2,1134,PROVENANCE,SEND_MESSAGE,0,B0-NATURAL,True,True,True,0
2,1134,PROVENANCE,SEND_MESSAGE,0,B1-PER-ACTION-OBLIVIOUS,True,True,True,0
2,1134,PROVENANCE,SEND_MESSAGE,0,B2-ADAPTIVE-OBLIVIOUS,True,True,True,0
2,1135,PROVENANCE,SEND_MESSAGE,1,B0-NATURAL,True,True,True,0
2,1135,PROVENANCE,SEND_MESSAGE,1,B1-PER-ACTION-OBLIVIOUS,True,True,True,0
2,1135,PROVENANCE,SEND_MESSAGE,1,B2-ADAPTIVE-OBLIVIOUS,True,True,True,0
2,1136,PROVENANCE,SEND_MESSAGE,0,B0-NATURAL,True,True,True,0
2,1136,PROVENANCE,SEND_MESSAGE,0,B1-PER-ACTION-OBLIVIOUS,True,True,True,0
2,1136,PROVENANCE,SEND_MESSAGE,0,B2-ADAPTIVE-OBLIVIOUS,True,True,True,0
2,1137,PROVENANCE,SEND_MESSAGE,1,B0-NATURAL,True,True,True,0
2,1137,PROVENANCE,SEND_MESSAGE,1,B1-PER-ACTION-OBLIVIOUS,True,True,True,0
2,1137,PROVENANCE,SEND_MESSAGE,1,B2-ADAPTIVE-OBLIVIOUS,True,True,True,0
2,1138,PROVENANCE,SEND_MESSAGE,0,B0-NATURAL,True,True,True,0
2,1138,PROVENANCE,SEND_MESSAGE,0,B1-PER-ACTION-OBLIVIOUS,True,True,True,0
2,1138,PROVENANCE,SEND_MESSAGE,0,B2-ADAPTIVE-OBLIVIOUS,True,True,True,0
2,1139,PROVENANCE,SEND_MESSAGE,1,B0-NATURAL,True,True,True,0
2,1139,PROVENANCE,SEND_MESSAGE,1,B1-PER-ACTION-OBLIVIOUS,True,True,True,0
2,1139,PROVENANCE,SEND_MESSAGE,1,B2-ADAPTIVE-OBLIVIOUS,True,True,True,0
2,1140,PROVENANCE,SEND_MESSAGE,0,B0-NATURAL,True,True,True,0
2,1140,PROVENANCE,SEND_MESSAGE,0,B1-PER-ACTION-OBLIVIOUS,True,True,True,0
2,1140,PROVENANCE,SEND_MESSAGE,0,B2-ADAPTIVE-OBLIVIOUS,True,True,True,0
2,1141,PROVENANCE,SEND_MESSAGE,1,B0-NATURAL,True,True,True,0
2,1141,PROVENANCE,SEND_MESSAGE,1,B1-PER-ACTION-OBLIVIOUS,True,True,True,0
2,1141,PROVENANCE,SEND_MESSAGE,1,B2-ADAPTIVE-OBLIVIOUS,True,True,True,0
2,1142,PROVENANCE,SEND_MESSAGE,0,B0-NATURAL,True,True,True,0
2,1142,PROVENANCE,SEND_MESSAGE,0,B1-PER-ACTION-OBLIVIOUS,True,True,True,0
2,1142,PROVENANCE,SEND_MESSAGE,0,B2-ADAPTIVE-OBLIVIOUS,True,True,True,0
2,1143,PROVENANCE,SEND_MESSAGE,1,B0-NATURAL,True,True,True,0
2,1143,PROVENANCE,SEND_MESSAGE,1,B1-PER-ACTION-OBLIVIOUS,True,True,True,0
2,1143,PROVENANCE,SEND_MESSAGE,1,B2-ADAPTIVE-OBLIVIOUS,True,True,True,0
2,1144,PROVENANCE,SEND_MESSAGE,0,B0-NATURAL,True,True,True,0
2,1144,PROVENANCE,SEND_MESSAGE,0,B1-PER-ACTION-OBLIVIOUS,True,True,True,0
2,1144,PROVENANCE,SEND_MESSAGE,0,B2-ADAPTIVE-OBLIVIOUS,True,True,True,0
2,1145,PROVENANCE,SEND_MESSAGE,1,B0-NATURAL,True,True,True,0
2,1145,PROVENANCE,SEND_MESSAGE,1,B1-PER-ACTION-OBLIVIOUS,True,True,True,0
2,1145,PROVENANCE,SEND_MESSAGE,1,B2-ADAPTIVE-OBLIVIOUS,True,True,True,0
2,1146,PROVENANCE,SEND_MESSAGE,0,B0-NATURAL,True,True,True,0
2,1146,PROVENANCE,SEND_MESSAGE,0,B1-PER-ACTION-OBLIVIOUS,True,True,True,0
2,1146,PROVENANCE,SEND_MESSAGE,0,B2-ADAPTIVE-OBLIVIOUS,True,True,True,0
2,1147,PROVENANCE,SEND_MESSAGE,1,B0-NATURAL,True,True,True,0
2,1147,PROVENANCE,SEND_MESSAGE,1,B1-PER-ACTION-OBLIVIOUS,True,True,True,0
2,1147,PROVENANCE,SEND_MESSAGE,1,B2-ADAPTIVE-OBLIVIOUS,True,True,True,0
2,1148,PROVENANCE,SEND_MESSAGE,0,B0-NATURAL,True,True,True,0
2,1148,PROVENANCE,SEND_MESSAGE,0,B1-PER-ACTION-OBLIVIOUS,True,True,True,0
2,1148,PROVENANCE,SEND_MESSAGE,0,B2-ADAPTIVE-OBLIVIOUS,True,True,True,0
2,1149,PROVENANCE,SEND_MESSAGE,1,B0-NATURAL,True,True,True,0
2,1149,PROVENANCE,SEND_MESSAGE,1,B1-PER-ACTION-OBLIVIOUS,True,True,True,0
2,1149,PROVENANCE,SEND_MESSAGE,1,B2-ADAPTIVE-OBLIVIOUS,True,True,True,0
2,1150,PROVENANCE,SEND_MESSAGE,0,B0-NATURAL,True,True,True,0
2,1150,PROVENANCE,SEND_MESSAGE,0,B1-PER-ACTION-OBLIVIOUS,True,True,True,0
2,1150,PROVENANCE,SEND_MESSAGE,0,B2-ADAPTIVE-OBLIVIOUS,True,True,True,0
2,1151,PROVENANCE,SEND_MESSAGE,1,B0-NATURAL,True,True,True,0
2,1151,PROVENANCE,SEND_MESSAGE,1,B1-PER-ACTION-OBLIVIOUS,True,True,True,0
2,1151,PROVENANCE,SEND_MESSAGE,1,B2-ADAPTIVE-OBLIVIOUS,True,True,True,0
2,1152,PROVENANCE,SEND_MESSAGE,0,B0-NATURAL,True,True,True,0
2,1152,PROVENANCE,SEND_MESSAGE,0,B1-PER-ACTION-OBLIVIOUS,True,True,True,0
2,1152,PROVENANCE,SEND_MESSAGE,0,B2-ADAPTIVE-OBLIVIOUS,True,True,True,0
2,1153,PROVENANCE,SEND_MESSAGE,1,B0-NATURAL,True,True,True,0
2,1153,PROVENANCE,SEND_MESSAGE,1,B1-PER-ACTION-OBLIVIOUS,True,True,True,0
2,1153,PROVENANCE,SEND_MESSAGE,1,B2-ADAPTIVE-OBLIVIOUS,True,True,True,0
2,1154,PROVENANCE,SEND_MESSAGE,0,B0-NATURAL,True,True,True,0
2,1154,PROVENANCE,SEND_MESSAGE,0,B1-PER-ACTION-OBLIVIOUS,True,True,True,0
2,1154,PROVENANCE,SEND_MESSAGE,0,B2-ADAPTIVE-OBLIVIOUS,True,True,True,0
2,1155,PROVENANCE,SEND_MESSAGE,1,B0-NATURAL,True,True,True,0
2,1155,PROVENANCE,SEND_MESSAGE,1,B1-PER-ACTION-OBLIVIOUS,True,True,True,0
2,1155,PROVENANCE,SEND_MESSAGE,1,B2-ADAPTIVE-OBLIVIOUS,True,True,True,0
2,1156,PROVENANCE,SEND_MESSAGE,0,B0-NATURAL,True,True,True,0
2,1156,PROVENANCE,SEND_MESSAGE,0,B1-PER-ACTION-OBLIVIOUS,True,True,True,0
2,1156,PROVENANCE,SEND_MESSAGE,0,B2-ADAPTIVE-OBLIVIOUS,True,True,True,0
2,1157,PROVENANCE,SEND_MESSAGE,1,B0-NATURAL,True,True,True,0
2,1157,PROVENANCE,SEND_MESSAGE,1,B1-PER-ACTION-OBLIVIOUS,True,True,True,0
2,1157,PROVENANCE,SEND_MESSAGE,1,B2-ADAPTIVE-OBLIVIOUS,True,True,True,0
2,1158,PROVENANCE,SEND_MESSAGE,0,B0-NATURAL,True,True,True,0
2,1158,PROVENANCE,SEND_MESSAGE,0,B1-PER-ACTION-OBLIVIOUS,True,True,True,0
2,1158,PROVENANCE,SEND_MESSAGE,0,B2-ADAPTIVE-OBLIVIOUS,True,True,True,0
2,1159,PROVENANCE,SEND_MESSAGE,1,B0-NATURAL,True,True,True,0
2,1159,PROVENANCE,SEND_MESSAGE,1,B1-PER-ACTION-OBLIVIOUS,True,True,True,0
2,1159,PROVENANCE,SEND_MESSAGE,1,B2-ADAPTIVE-OBLIVIOUS,True,True,True,0
2,1160,PROVENANCE,SEND_MESSAGE,0,B0-NATURAL,True,True,True,0
2,1160,PROVENANCE,SEND_MESSAGE,0,B1-PER-ACTION-OBLIVIOUS,True,True,True,0
2,1160,PROVENANCE,SEND_MESSAGE,0,B2-ADAPTIVE-OBLIVIOUS,True,True,True,0
2,1161,PROVENANCE,SEND_MESSAGE,1,B0-NATURAL,True,True,True,0
2,1161,PROVENANCE,SEND_MESSAGE,1,B1-PER-ACTION-OBLIVIOUS,True,True,True,0
2,1161,PROVENANCE,SEND_MESSAGE,1,B2-ADAPTIVE-OBLIVIOUS,True,True,True,0
2,1162,PROVENANCE,SEND_MESSAGE,0,B0-NATURAL,True,True,True,0
2,1162,PROVENANCE,SEND_MESSAGE,0,B1-PER-ACTION-OBLIVIOUS,True,True,True,0
2,1162,PROVENANCE,SEND_MESSAGE,0,B2-ADAPTIVE-OBLIVIOUS,True,True,True,0
2,1163,PROVENANCE,SEND_MESSAGE,1,B0-NATURAL,True,True,True,0
2,1163,PROVENANCE,SEND_MESSAGE,1,B1-PER-ACTION-OBLIVIOUS,True,True,True,0
2,1163,PROVENANCE,SEND_MESSAGE,1,B2-ADAPTIVE-OBLIVIOUS,True,True,True,0
2,1164,PROVENANCE,SEND_MESSAGE,0,B0-NATURAL,True,True,True,0
2,1164,PROVENANCE,SEND_MESSAGE,0,B1-PER-ACTION-OBLIVIOUS,True,True,True,0
2,1164,PROVENANCE,SEND_MESSAGE,0,B2-ADAPTIVE-OBLIVIOUS,True,True,True,0
2,1165,PROVENANCE,SEND_MESSAGE,1,B0-NATURAL,True,True,True,0
2,1165,PROVENANCE,SEND_MESSAGE,1,B1-PER-ACTION-OBLIVIOUS,True,True,True,0
2,1165,PROVENANCE,SEND_MESSAGE,1,B2-ADAPTIVE-OBLIVIOUS,True,True,True,0
2,1166,PROVENANCE,SEND_MESSAGE,0,B0-NATURAL,True,True,True,0
2,1166,PROVENANCE,SEND_MESSAGE,0,B1-PER-ACTION-OBLIVIOUS,True,True,True,0
2,1166,PROVENANCE,SEND_MESSAGE,0,B2-ADAPTIVE-OBLIVIOUS,True,True,True,0
2,1167,PROVENANCE,SEND_MESSAGE,1,B0-NATURAL,True,True,True,0
2,1167,PROVENANCE,SEND_MESSAGE,1,B1-PER-ACTION-OBLIVIOUS,True,True,True,0
2,1167,PROVENANCE,SEND_MESSAGE,1,B2-ADAPTIVE-OBLIVIOUS,True,True,True,0
2,1168,PROVENANCE,SEND_MESSAGE,0,B0-NATURAL,True,True,True,0
2,1168,PROVENANCE,SEND_MESSAGE,0,B1-PER-ACTION-OBLIVIOUS,True,True,True,0
2,1168,PROVENANCE,SEND_MESSAGE,0,B2-ADAPTIVE-OBLIVIOUS,True,True,True,0
2,1169,PROVENANCE,SEND_MESSAGE,1,B0-NATURAL,True,True,True,0
2,1169,PROVENANCE,SEND_MESSAGE,1,B1-PER-ACTION-OBLIVIOUS,True,True,True,0
2,1169,PROVENANCE,SEND_MESSAGE,1,B2-ADAPTIVE-OBLIVIOUS,True,True,True,0
2,1170,PROVENANCE,SEND_MESSAGE,0,B0-NATURAL,True,True,True,0
2,1170,PROVENANCE,SEND_MESSAGE,0,B1-PER-ACTION-OBLIVIOUS,True,True,True,0
2,1170,PROVENANCE,SEND_MESSAGE,0,B2-ADAPTIVE-OBLIVIOUS,True,True,True,0
2,1171,PROVENANCE,SEND_MESSAGE,1,B0-NATURAL,True,True,True,0
2,1171,PROVENANCE,SEND_MESSAGE,1,B1-PER-ACTION-OBLIVIOUS,True,True,True,0
2,1171,PROVENANCE,SEND_MESSAGE,1,B2-ADAPTIVE-OBLIVIOUS,True,True,True,0
2,1172,PROVENANCE,SEND_MESSAGE,0,B0-NATURAL,True,True,True,0
2,1172,PROVENANCE,SEND_MESSAGE,0,B1-PER-ACTION-OBLIVIOUS,True,True,True,0
2,1172,PROVENANCE,SEND_MESSAGE,0,B2-ADAPTIVE-OBLIVIOUS,True,True,True,0
2,1173,PROVENANCE,SEND_MESSAGE,1,B0-NATURAL,True,True,True,0
2,1173,PROVENANCE,SEND_MESSAGE,1,B1-PER-ACTION-OBLIVIOUS,True,True,True,0
2,1173,PROVENANCE,SEND_MESSAGE,1,B2-ADAPTIVE-OBLIVIOUS,True,True,True,0
2,1174,PROVENANCE,SEND_MESSAGE,0,B0-NATURAL,True,True,True,0
2,1174,PROVENANCE,SEND_MESSAGE,0,B1-PER-ACTION-OBLIVIOUS,True,True,True,0
2,1174,PROVENANCE,SEND_MESSAGE,0,B2-ADAPTIVE-OBLIVIOUS,True,True,True,0
2,1175,PROVENANCE,SEND_MESSAGE,1,B0-NATURAL,True,True,True,0
2,1175,PROVENANCE,SEND_MESSAGE,1,B1-PER-ACTION-OBLIVIOUS,True,True,True,0
2,1175,PROVENANCE,SEND_MESSAGE,1,B2-ADAPTIVE-OBLIVIOUS,True,True,True,0
2,1176,PROVENANCE,SEND_MESSAGE,0,B0-NATURAL,True,True,True,0
2,1176,PROVENANCE,SEND_MESSAGE,0,B1-PER-ACTION-OBLIVIOUS,True,True,True,0
2,1176,PROVENANCE,SEND_MESSAGE,0,B2-ADAPTIVE-OBLIVIOUS,True,True,True,0
2,1177,PROVENANCE,SEND_MESSAGE,1,B0-NATURAL,True,True,True,0
2,1177,PROVENANCE,SEND_MESSAGE,1,B1-PER-ACTION-OBLIVIOUS,True,True,True,0
2,1177,PROVENANCE,SEND_MESSAGE,1,B2-ADAPTIVE-OBLIVIOUS,True,True,True,0
2,1178,PROVENANCE,SEND_MESSAGE,0,B0-NATURAL,True,True,True,0
2,1178,PROVENANCE,SEND_MESSAGE,0,B1-PER-ACTION-OBLIVIOUS,True,True,True,0
2,1178,PROVENANCE,SEND_MESSAGE,0,B2-ADAPTIVE-OBLIVIOUS,True,True,True,0
2,1179,PROVENANCE,SEND_MESSAGE,1,B0-NATURAL,True,True,True,0
2,1179,PROVENANCE,SEND_MESSAGE,1,B1-PER-ACTION-OBLIVIOUS,True,True,True,0
2,1179,PROVENANCE,SEND_MESSAGE,1,B2-ADAPTIVE-OBLIVIOUS,True,True,True,0
2,1180,PROVENANCE,SEND_MESSAGE,0,B0-NATURAL,True,True,True,0
2,1180,PROVENANCE,SEND_MESSAGE,0,B1-PER-ACTION-OBLIVIOUS,True,True,True,0
2,1180,PROVENANCE,SEND_MESSAGE,0,B2-ADAPTIVE-OBLIVIOUS,True,True,True,0
2,1181,PROVENANCE,SEND_MESSAGE,1,B0-NATURAL,True,True,True,0
2,1181,PROVENANCE,SEND_MESSAGE,1,B1-PER-ACTION-OBLIVIOUS,True,True,True,0
2,1181,PROVENANCE,SEND_MESSAGE,1,B2-ADAPTIVE-OBLIVIOUS,True,True,True,0
2,1182,PROVENANCE,SEND_MESSAGE,0,B0-NATURAL,True,True,True,0
2,1182,PROVENANCE,SEND_MESSAGE,0,B1-PER-ACTION-OBLIVIOUS,True,True,True,0
2,1182,PROVENANCE,SEND_MESSAGE,0,B2-ADAPTIVE-OBLIVIOUS,True,True,True,0
2,1183,PROVENANCE,SEND_MESSAGE,1,B0-NATURAL,True,True,True,0
2,1183,PROVENANCE,SEND_MESSAGE,1,B1-PER-ACTION-OBLIVIOUS,True,True,True,0
2,1183,PROVENANCE,SEND_MESSAGE,1,B2-ADAPTIVE-OBLIVIOUS,True,True,True,0
2,1184,PROVENANCE,SEND_MESSAGE,0,B0-NATURAL,True,True,True,0
2,1184,PROVENANCE,SEND_MESSAGE,0,B1-PER-ACTION-OBLIVIOUS,True,True,True,0
2,1184,PROVENANCE,SEND_MESSAGE,0,B2-ADAPTIVE-OBLIVIOUS,True,True,True,0
2,1185,PROVENANCE,SEND_MESSAGE,1,B0-NATURAL,True,True,True,0
2,1185,PROVENANCE,SEND_MESSAGE,1,B1-PER-ACTION-OBLIVIOUS,True,True,True,0
2,1185,PROVENANCE,SEND_MESSAGE,1,B2-ADAPTIVE-OBLIVIOUS,True,True,True,0
2,1186,PROVENANCE,SEND_MESSAGE,0,B0-NATURAL,True,True,True,0
2,1186,PROVENANCE,SEND_MESSAGE,0,B1-PER-ACTION-OBLIVIOUS,True,True,True,0
2,1186,PROVENANCE,SEND_MESSAGE,0,B2-ADAPTIVE-OBLIVIOUS,True,True,True,0
2,1187,PROVENANCE,SEND_MESSAGE,1,B0-NATURAL,True,True,True,0
2,1187,PROVENANCE,SEND_MESSAGE,1,B1-PER-ACTION-OBLIVIOUS,True,True,True,0
2,1187,PROVENANCE,SEND_MESSAGE,1,B2-ADAPTIVE-OBLIVIOUS,True,True,True,0
2,1188,PROVENANCE,SEND_MESSAGE,0,B0-NATURAL,True,True,True,0
2,1188,PROVENANCE,SEND_MESSAGE,0,B1-PER-ACTION-OBLIVIOUS,True,True,True,0
2,1188,PROVENANCE,SEND_MESSAGE,0,B2-ADAPTIVE-OBLIVIOUS,True,True,True,0
2,1189,PROVENANCE,SEND_MESSAGE,1,B0-NATURAL,True,True,True,0
2,1189,PROVENANCE,SEND_MESSAGE,1,B1-PER-ACTION-OBLIVIOUS,True,True,True,0
2,1189,PROVENANCE,SEND_MESSAGE,1,B2-ADAPTIVE-OBLIVIOUS,True,True,True,0
2,1190,PROVENANCE,SEND_MESSAGE,0,B0-NATURAL,True,True,True,0
2,1190,PROVENANCE,SEND_MESSAGE,0,B1-PER-ACTION-OBLIVIOUS,True,True,True,0
2,1190,PROVENANCE,SEND_MESSAGE,0,B2-ADAPTIVE-OBLIVIOUS,True,True,True,0
2,1191,PROVENANCE,SEND_MESSAGE,1,B0-NATURAL,True,True,True,0
2,1191,PROVENANCE,SEND_MESSAGE,1,B1-PER-ACTION-OBLIVIOUS,True,True,True,0
2,1191,PROVENANCE,SEND_MESSAGE,1,B2-ADAPTIVE-OBLIVIOUS,True,True,True,0
2,1192,PROVENANCE,SEND_MESSAGE,0,B0-NATURAL,True,True,True,0
2,1192,PROVENANCE,SEND_MESSAGE,0,B1-PER-ACTION-OBLIVIOUS,True,True,True,0
2,1192,PROVENANCE,SEND_MESSAGE,0,B2-ADAPTIVE-OBLIVIOUS,True,True,True,0
2,1193,PROVENANCE,SEND_MESSAGE,1,B0-NATURAL,True,True,True,0
2,1193,PROVENANCE,SEND_MESSAGE,1,B1-PER-ACTION-OBLIVIOUS,True,True,True,0
2,1193,PROVENANCE,SEND_MESSAGE,1,B2-ADAPTIVE-OBLIVIOUS,True,True,True,0
2,1194,PROVENANCE,SEND_MESSAGE,0,B0-NATURAL,True,True,True,0
2,1194,PROVENANCE,SEND_MESSAGE,0,B1-PER-ACTION-OBLIVIOUS,True,True,True,0
2,1194,PROVENANCE,SEND_MESSAGE,0,B2-ADAPTIVE-OBLIVIOUS,True,True,True,0
2,1195,PROVENANCE,SEND_MESSAGE,1,B0-NATURAL,True,True,True,0
2,1195,PROVENANCE,SEND_MESSAGE,1,B1-PER-ACTION-OBLIVIOUS,True,True,True,0
2,1195,PROVENANCE,SEND_MESSAGE,1,B2-ADAPTIVE-OBLIVIOUS,True,True,True,0
2,1196,PROVENANCE,SEND_MESSAGE,0,B0-NATURAL,True,True,True,0
2,1196,PROVENANCE,SEND_MESSAGE,0,B1-PER-ACTION-OBLIVIOUS,True,True,True,0
2,1196,PROVENANCE,SEND_MESSAGE,0,B2-ADAPTIVE-OBLIVIOUS,True,True,True,0
2,1197,PROVENANCE,SEND_MESSAGE,1,B0-NATURAL,True,True,True,0
2,1197,PROVENANCE,SEND_MESSAGE,1,B1-PER-ACTION-OBLIVIOUS,True,True,True,0
2,1197,PROVENANCE,SEND_MESSAGE,1,B2-ADAPTIVE-OBLIVIOUS,True,True,True,0
2,1198,PROVENANCE,SEND_MESSAGE,0,B0-NATURAL,True,True,True,0
2,1198,PROVENANCE,SEND_MESSAGE,0,B1-PER-ACTION-OBLIVIOUS,True,True,True,0
2,1198,PROVENANCE,SEND_MESSAGE,0,B2-ADAPTIVE-OBLIVIOUS,True,True,True,0
2,1199,PROVENANCE,SEND_MESSAGE,1,B0-NATURAL,True,True,True,0
2,1199,PROVENANCE,SEND_MESSAGE,1,B1-PER-ACTION-OBLIVIOUS,True,True,True,0
2,1199,PROVENANCE,SEND_MESSAGE,1,B2-ADAPTIVE-OBLIVIOUS,True,True,True,0
2,1200,PROVENANCE,SHARE_DOCUMENT,0,B0-NATURAL,True,True,True,0
2,1200,PROVENANCE,SHARE_DOCUMENT,0,B1-PER-ACTION-OBLIVIOUS,True,True,True,0
2,1200,PROVENANCE,SHARE_DOCUMENT,0,B2-ADAPTIVE-OBLIVIOUS,True,True,True,0
2,1201,PROVENANCE,SHARE_DOCUMENT,1,B0-NATURAL,True,True,True,0
2,1201,PROVENANCE,SHARE_DOCUMENT,1,B1-PER-ACTION-OBLIVIOUS,True,True,True,0
2,1201,PROVENANCE,SHARE_DOCUMENT,1,B2-ADAPTIVE-OBLIVIOUS,True,True,True,0
2,1202,PROVENANCE,SHARE_DOCUMENT,0,B0-NATURAL,True,True,True,0
2,1202,PROVENANCE,SHARE_DOCUMENT,0,B1-PER-ACTION-OBLIVIOUS,True,True,True,0
2,1202,PROVENANCE,SHARE_DOCUMENT,0,B2-ADAPTIVE-OBLIVIOUS,True,True,True,0
2,1203,PROVENANCE,SHARE_DOCUMENT,1,B0-NATURAL,True,True,True,0
2,1203,PROVENANCE,SHARE_DOCUMENT,1,B1-PER-ACTION-OBLIVIOUS,True,True,True,0
2,1203,PROVENANCE,SHARE_DOCUMENT,1,B2-ADAPTIVE-OBLIVIOUS,True,True,True,0
2,1204,PROVENANCE,SHARE_DOCUMENT,0,B0-NATURAL,True,True,True,0
2,1204,PROVENANCE,SHARE_DOCUMENT,0,B1-PER-ACTION-OBLIVIOUS,True,True,True,0
2,1204,PROVENANCE,SHARE_DOCUMENT,0,B2-ADAPTIVE-OBLIVIOUS,True,True,True,0
2,1205,PROVENANCE,SHARE_DOCUMENT,1,B0-NATURAL,True,True,True,0
2,1205,PROVENANCE,SHARE_DOCUMENT,1,B1-PER-ACTION-OBLIVIOUS,True,True,True,0
2,1205,PROVENANCE,SHARE_DOCUMENT,1,B2-ADAPTIVE-OBLIVIOUS,True,True,True,0
2,1206,PROVENANCE,SHARE_DOCUMENT,0,B0-NATURAL,True,True,True,0
2,1206,PROVENANCE,SHARE_DOCUMENT,0,B1-PER-ACTION-OBLIVIOUS,True,True,True,0
2,1206,PROVENANCE,SHARE_DOCUMENT,0,B2-ADAPTIVE-OBLIVIOUS,True,True,True,0
2,1207,PROVENANCE,SHARE_DOCUMENT,1,B0-NATURAL,True,True,True,0
2,1207,PROVENANCE,SHARE_DOCUMENT,1,B1-PER-ACTION-OBLIVIOUS,True,True,True,0
2,1207,PROVENANCE,SHARE_DOCUMENT,1,B2-ADAPTIVE-OBLIVIOUS,True,True,True,0
2,1208,PROVENANCE,SHARE_DOCUMENT,0,B0-NATURAL,True,True,True,0
2,1208,PROVENANCE,SHARE_DOCUMENT,0,B1-PER-ACTION-OBLIVIOUS,True,True,True,0
2,1208,PROVENANCE,SHARE_DOCUMENT,0,B2-ADAPTIVE-OBLIVIOUS,True,True,True,0
2,1209,PROVENANCE,SHARE_DOCUMENT,1,B0-NATURAL,True,True,True,0
2,1209,PROVENANCE,SHARE_DOCUMENT,1,B1-PER-ACTION-OBLIVIOUS,True,True,True,0
2,1209,PROVENANCE,SHARE_DOCUMENT,1,B2-ADAPTIVE-OBLIVIOUS,True,True,True,0
2,1210,PROVENANCE,SHARE_DOCUMENT,0,B0-NATURAL,True,True,True,0
2,1210,PROVENANCE,SHARE_DOCUMENT,0,B1-PER-ACTION-OBLIVIOUS,True,True,True,0
2,1210,PROVENANCE,SHARE_DOCUMENT,0,B2-ADAPTIVE-OBLIVIOUS,True,True,True,0
2,1211,PROVENANCE,SHARE_DOCUMENT,1,B0-NATURAL,True,True,True,0
2,1211,PROVENANCE,SHARE_DOCUMENT,1,B1-PER-ACTION-OBLIVIOUS,True,True,True,0
2,1211,PROVENANCE,SHARE_DOCUMENT,1,B2-ADAPTIVE-OBLIVIOUS,True,True,True,0
2,1212,PROVENANCE,SHARE_DOCUMENT,0,B0-NATURAL,True,True,True,0
2,1212,PROVENANCE,SHARE_DOCUMENT,0,B1-PER-ACTION-OBLIVIOUS,True,True,True,0
2,1212,PROVENANCE,SHARE_DOCUMENT,0,B2-ADAPTIVE-OBLIVIOUS,True,True,True,0
2,1213,PROVENANCE,SHARE_DOCUMENT,1,B0-NATURAL,True,True,True,0
2,1213,PROVENANCE,SHARE_DOCUMENT,1,B1-PER-ACTION-OBLIVIOUS,True,True,True,0
2,1213,PROVENANCE,SHARE_DOCUMENT,1,B2-ADAPTIVE-OBLIVIOUS,True,True,True,0
2,1214,PROVENANCE,SHARE_DOCUMENT,0,B0-NATURAL,True,True,True,0
2,1214,PROVENANCE,SHARE_DOCUMENT,0,B1-PER-ACTION-OBLIVIOUS,True,True,True,0
2,1214,PROVENANCE,SHARE_DOCUMENT,0,B2-ADAPTIVE-OBLIVIOUS,True,True,True,0
2,1215,PROVENANCE,SHARE_DOCUMENT,1,B0-NATURAL,True,True,True,0
2,1215,PROVENANCE,SHARE_DOCUMENT,1,B1-PER-ACTION-OBLIVIOUS,True,True,True,0
2,1215,PROVENANCE,SHARE_DOCUMENT,1,B2-ADAPTIVE-OBLIVIOUS,True,True,True,0
2,1216,PROVENANCE,SHARE_DOCUMENT,0,B0-NATURAL,True,True,True,0
2,1216,PROVENANCE,SHARE_DOCUMENT,0,B1-PER-ACTION-OBLIVIOUS,True,True,True,0
2,1216,PROVENANCE,SHARE_DOCUMENT,0,B2-ADAPTIVE-OBLIVIOUS,True,True,True,0
2,1217,PROVENANCE,SHARE_DOCUMENT,1,B0-NATURAL,True,True,True,0
2,1217,PROVENANCE,SHARE_DOCUMENT,1,B1-PER-ACTION-OBLIVIOUS,True,True,True,0
2,1217,PROVENANCE,SHARE_DOCUMENT,1,B2-ADAPTIVE-OBLIVIOUS,True,True,True,0
2,1218,PROVENANCE,SHARE_DOCUMENT,0,B0-NATURAL,True,True,True,0
2,1218,PROVENANCE,SHARE_DOCUMENT,0,B1-PER-ACTION-OBLIVIOUS,True,True,True,0
2,1218,PROVENANCE,SHARE_DOCUMENT,0,B2-ADAPTIVE-OBLIVIOUS,True,True,True,0
2,1219,PROVENANCE,SHARE_DOCUMENT,1,B0-NATURAL,True,True,True,0
2,1219,PROVENANCE,SHARE_DOCUMENT,1,B1-PER-ACTION-OBLIVIOUS,True,True,True,0
2,1219,PROVENANCE,SHARE_DOCUMENT,1,B2-ADAPTIVE-OBLIVIOUS,True,True,True,0
2,1220,PROVENANCE,SHARE_DOCUMENT,0,B0-NATURAL,True,True,True,0
2,1220,PROVENANCE,SHARE_DOCUMENT,0,B1-PER-ACTION-OBLIVIOUS,True,True,True,0
2,1220,PROVENANCE,SHARE_DOCUMENT,0,B2-ADAPTIVE-OBLIVIOUS,True,True,True,0
2,1221,PROVENANCE,SHARE_DOCUMENT,1,B0-NATURAL,True,True,True,0
2,1221,PROVENANCE,SHARE_DOCUMENT,1,B1-PER-ACTION-OBLIVIOUS,True,True,True,0
2,1221,PROVENANCE,SHARE_DOCUMENT,1,B2-ADAPTIVE-OBLIVIOUS,True,True,True,0
2,1222,PROVENANCE,SHARE_DOCUMENT,0,B0-NATURAL,True,True,True,0
2,1222,PROVENANCE,SHARE_DOCUMENT,0,B1-PER-ACTION-OBLIVIOUS,True,True,True,0
2,1222,PROVENANCE,SHARE_DOCUMENT,0,B2-ADAPTIVE-OBLIVIOUS,True,True,True,0
2,1223,PROVENANCE,SHARE_DOCUMENT,1,B0-NATURAL,True,True,True,0
2,1223,PROVENANCE,SHARE_DOCUMENT,1,B1-PER-ACTION-OBLIVIOUS,True,True,True,0
2,1223,PROVENANCE,SHARE_DOCUMENT,1,B2-ADAPTIVE-OBLIVIOUS,True,True,True,0
2,1224,PROVENANCE,SHARE_DOCUMENT,0,B0-NATURAL,True,True,True,0
2,1224,PROVENANCE,SHARE_DOCUMENT,0,B1-PER-ACTION-OBLIVIOUS,True,True,True,0
2,1224,PROVENANCE,SHARE_DOCUMENT,0,B2-ADAPTIVE-OBLIVIOUS,True,True,True,0
2,1225,PROVENANCE,SHARE_DOCUMENT,1,B0-NATURAL,True,True,True,0
2,1225,PROVENANCE,SHARE_DOCUMENT,1,B1-PER-ACTION-OBLIVIOUS,True,True,True,0
2,1225,PROVENANCE,SHARE_DOCUMENT,1,B2-ADAPTIVE-OBLIVIOUS,True,True,True,0
2,1226,PROVENANCE,SHARE_DOCUMENT,0,B0-NATURAL,True,True,True,0
2,1226,PROVENANCE,SHARE_DOCUMENT,0,B1-PER-ACTION-OBLIVIOUS,True,True,True,0
2,1226,PROVENANCE,SHARE_DOCUMENT,0,B2-ADAPTIVE-OBLIVIOUS,True,True,True,0
2,1227,PROVENANCE,SHARE_DOCUMENT,1,B0-NATURAL,True,True,True,0
2,1227,PROVENANCE,SHARE_DOCUMENT,1,B1-PER-ACTION-OBLIVIOUS,True,True,True,0
2,1227,PROVENANCE,SHARE_DOCUMENT,1,B2-ADAPTIVE-OBLIVIOUS,True,True,True,0
2,1228,PROVENANCE,SHARE_DOCUMENT,0,B0-NATURAL,True,True,True,0
2,1228,PROVENANCE,SHARE_DOCUMENT,0,B1-PER-ACTION-OBLIVIOUS,True,True,True,0
2,1228,PROVENANCE,SHARE_DOCUMENT,0,B2-ADAPTIVE-OBLIVIOUS,True,True,True,0
2,1229,PROVENANCE,SHARE_DOCUMENT,1,B0-NATURAL,True,True,True,0
2,1229,PROVENANCE,SHARE_DOCUMENT,1,B1-PER-ACTION-OBLIVIOUS,True,True,True,0
2,1229,PROVENANCE,SHARE_DOCUMENT,1,B2-ADAPTIVE-OBLIVIOUS,True,True,True,0
2,1230,PROVENANCE,SHARE_DOCUMENT,0,B0-NATURAL,True,True,True,0
2,1230,PROVENANCE,SHARE_DOCUMENT,0,B1-PER-ACTION-OBLIVIOUS,True,True,True,0
2,1230,PROVENANCE,SHARE_DOCUMENT,0,B2-ADAPTIVE-OBLIVIOUS,True,True,True,0
2,1231,PROVENANCE,SHARE_DOCUMENT,1,B0-NATURAL,True,True,True,0
2,1231,PROVENANCE,SHARE_DOCUMENT,1,B1-PER-ACTION-OBLIVIOUS,True,True,True,0
2,1231,PROVENANCE,SHARE_DOCUMENT,1,B2-ADAPTIVE-OBLIVIOUS,True,True,True,0
2,1232,PROVENANCE,SHARE_DOCUMENT,0,B0-NATURAL,True,True,True,0
2,1232,PROVENANCE,SHARE_DOCUMENT,0,B1-PER-ACTION-OBLIVIOUS,True,True,True,0
2,1232,PROVENANCE,SHARE_DOCUMENT,0,B2-ADAPTIVE-OBLIVIOUS,True,True,True,0
2,1233,PROVENANCE,SHARE_DOCUMENT,1,B0-NATURAL,True,True,True,0
2,1233,PROVENANCE,SHARE_DOCUMENT,1,B1-PER-ACTION-OBLIVIOUS,True,True,True,0
2,1233,PROVENANCE,SHARE_DOCUMENT,1,B2-ADAPTIVE-OBLIVIOUS,True,True,True,0
2,1234,PROVENANCE,SHARE_DOCUMENT,0,B0-NATURAL,True,True,True,0
2,1234,PROVENANCE,SHARE_DOCUMENT,0,B1-PER-ACTION-OBLIVIOUS,True,True,True,0
2,1234,PROVENANCE,SHARE_DOCUMENT,0,B2-ADAPTIVE-OBLIVIOUS,True,True,True,0
2,1235,PROVENANCE,SHARE_DOCUMENT,1,B0-NATURAL,True,True,True,0
2,1235,PROVENANCE,SHARE_DOCUMENT,1,B1-PER-ACTION-OBLIVIOUS,True,True,True,0
2,1235,PROVENANCE,SHARE_DOCUMENT,1,B2-ADAPTIVE-OBLIVIOUS,True,True,True,0
2,1236,PROVENANCE,SHARE_DOCUMENT,0,B0-NATURAL,True,True,True,0
2,1236,PROVENANCE,SHARE_DOCUMENT,0,B1-PER-ACTION-OBLIVIOUS,True,True,True,0
2,1236,PROVENANCE,SHARE_DOCUMENT,0,B2-ADAPTIVE-OBLIVIOUS,True,True,True,0
2,1237,PROVENANCE,SHARE_DOCUMENT,1,B0-NATURAL,True,True,True,0
2,1237,PROVENANCE,SHARE_DOCUMENT,1,B1-PER-ACTION-OBLIVIOUS,True,True,True,0
2,1237,PROVENANCE,SHARE_DOCUMENT,1,B2-ADAPTIVE-OBLIVIOUS,True,True,True,0
2,1238,PROVENANCE,SHARE_DOCUMENT,0,B0-NATURAL,True,True,True,0
2,1238,PROVENANCE,SHARE_DOCUMENT,0,B1-PER-ACTION-OBLIVIOUS,True,True,True,0
2,1238,PROVENANCE,SHARE_DOCUMENT,0,B2-ADAPTIVE-OBLIVIOUS,True,True,True,0
2,1239,PROVENANCE,SHARE_DOCUMENT,1,B0-NATURAL,True,True,True,0
2,1239,PROVENANCE,SHARE_DOCUMENT,1,B1-PER-ACTION-OBLIVIOUS,True,True,True,0
2,1239,PROVENANCE,SHARE_DOCUMENT,1,B2-ADAPTIVE-OBLIVIOUS,True,True,True,0
2,1240,PROVENANCE,SHARE_DOCUMENT,0,B0-NATURAL,True,True,True,0
2,1240,PROVENANCE,SHARE_DOCUMENT,0,B1-PER-ACTION-OBLIVIOUS,True,True,True,0
2,1240,PROVENANCE,SHARE_DOCUMENT,0,B2-ADAPTIVE-OBLIVIOUS,True,True,True,0
2,1241,PROVENANCE,SHARE_DOCUMENT,1,B0-NATURAL,True,True,True,0
2,1241,PROVENANCE,SHARE_DOCUMENT,1,B1-PER-ACTION-OBLIVIOUS,True,True,True,0
2,1241,PROVENANCE,SHARE_DOCUMENT,1,B2-ADAPTIVE-OBLIVIOUS,True,True,True,0
2,1242,PROVENANCE,SHARE_DOCUMENT,0,B0-NATURAL,True,True,True,0
2,1242,PROVENANCE,SHARE_DOCUMENT,0,B1-PER-ACTION-OBLIVIOUS,True,True,True,0
2,1242,PROVENANCE,SHARE_DOCUMENT,0,B2-ADAPTIVE-OBLIVIOUS,True,True,True,0
2,1243,PROVENANCE,SHARE_DOCUMENT,1,B0-NATURAL,True,True,True,0
2,1243,PROVENANCE,SHARE_DOCUMENT,1,B1-PER-ACTION-OBLIVIOUS,True,True,True,0
2,1243,PROVENANCE,SHARE_DOCUMENT,1,B2-ADAPTIVE-OBLIVIOUS,True,True,True,0
2,1244,PROVENANCE,SHARE_DOCUMENT,0,B0-NATURAL,True,True,True,0
2,1244,PROVENANCE,SHARE_DOCUMENT,0,B1-PER-ACTION-OBLIVIOUS,True,True,True,0
2,1244,PROVENANCE,SHARE_DOCUMENT,0,B2-ADAPTIVE-OBLIVIOUS,True,True,True,0
2,1245,PROVENANCE,SHARE_DOCUMENT,1,B0-NATURAL,True,True,True,0
2,1245,PROVENANCE,SHARE_DOCUMENT,1,B1-PER-ACTION-OBLIVIOUS,True,True,True,0
2,1245,PROVENANCE,SHARE_DOCUMENT,1,B2-ADAPTIVE-OBLIVIOUS,True,True,True,0
2,1246,PROVENANCE,SHARE_DOCUMENT,0,B0-NATURAL,True,True,True,0
2,1246,PROVENANCE,SHARE_DOCUMENT,0,B1-PER-ACTION-OBLIVIOUS,True,True,True,0
2,1246,PROVENANCE,SHARE_DOCUMENT,0,B2-ADAPTIVE-OBLIVIOUS,True,True,True,0
2,1247,PROVENANCE,SHARE_DOCUMENT,1,B0-NATURAL,True,True,True,0
2,1247,PROVENANCE,SHARE_DOCUMENT,1,B1-PER-ACTION-OBLIVIOUS,True,True,True,0
2,1247,PROVENANCE,SHARE_DOCUMENT,1,B2-ADAPTIVE-OBLIVIOUS,True,True,True,0
2,1248,PROVENANCE,SHARE_DOCUMENT,0,B0-NATURAL,True,True,True,0
2,1248,PROVENANCE,SHARE_DOCUMENT,0,B1-PER-ACTION-OBLIVIOUS,True,True,True,0
2,1248,PROVENANCE,SHARE_DOCUMENT,0,B2-ADAPTIVE-OBLIVIOUS,True,True,True,0
2,1249,PROVENANCE,SHARE_DOCUMENT,1,B0-NATURAL,True,True,True,0
2,1249,PROVENANCE,SHARE_DOCUMENT,1,B1-PER-ACTION-OBLIVIOUS,True,True,True,0
2,1249,PROVENANCE,SHARE_DOCUMENT,1,B2-ADAPTIVE-OBLIVIOUS,True,True,True,0
2,1250,PROVENANCE,SHARE_DOCUMENT,0,B0-NATURAL,True,True,True,0
2,1250,PROVENANCE,SHARE_DOCUMENT,0,B1-PER-ACTION-OBLIVIOUS,True,True,True,0
2,1250,PROVENANCE,SHARE_DOCUMENT,0,B2-ADAPTIVE-OBLIVIOUS,True,True,True,0
2,1251,PROVENANCE,SHARE_DOCUMENT,1,B0-NATURAL,True,True,True,0
2,1251,PROVENANCE,SHARE_DOCUMENT,1,B1-PER-ACTION-OBLIVIOUS,True,True,True,0
2,1251,PROVENANCE,SHARE_DOCUMENT,1,B2-ADAPTIVE-OBLIVIOUS,True,True,True,0
2,1252,PROVENANCE,SHARE_DOCUMENT,0,B0-NATURAL,True,True,True,0
2,1252,PROVENANCE,SHARE_DOCUMENT,0,B1-PER-ACTION-OBLIVIOUS,True,True,True,0
2,1252,PROVENANCE,SHARE_DOCUMENT,0,B2-ADAPTIVE-OBLIVIOUS,True,True,True,0
2,1253,PROVENANCE,SHARE_DOCUMENT,1,B0-NATURAL,True,True,True,0
2,1253,PROVENANCE,SHARE_DOCUMENT,1,B1-PER-ACTION-OBLIVIOUS,True,True,True,0
2,1253,PROVENANCE,SHARE_DOCUMENT,1,B2-ADAPTIVE-OBLIVIOUS,True,True,True,0
2,1254,PROVENANCE,SHARE_DOCUMENT,0,B0-NATURAL,True,True,True,0
2,1254,PROVENANCE,SHARE_DOCUMENT,0,B1-PER-ACTION-OBLIVIOUS,True,True,True,0
2,1254,PROVENANCE,SHARE_DOCUMENT,0,B2-ADAPTIVE-OBLIVIOUS,True,True,True,0
2,1255,PROVENANCE,SHARE_DOCUMENT,1,B0-NATURAL,True,True,True,0
2,1255,PROVENANCE,SHARE_DOCUMENT,1,B1-PER-ACTION-OBLIVIOUS,True,True,True,0
2,1255,PROVENANCE,SHARE_DOCUMENT,1,B2-ADAPTIVE-OBLIVIOUS,True,True,True,0
2,1256,PROVENANCE,SHARE_DOCUMENT,0,B0-NATURAL,True,True,True,0
2,1256,PROVENANCE,SHARE_DOCUMENT,0,B1-PER-ACTION-OBLIVIOUS,True,True,True,0
2,1256,PROVENANCE,SHARE_DOCUMENT,0,B2-ADAPTIVE-OBLIVIOUS,True,True,True,0
2,1257,PROVENANCE,SHARE_DOCUMENT,1,B0-NATURAL,True,True,True,0
2,1257,PROVENANCE,SHARE_DOCUMENT,1,B1-PER-ACTION-OBLIVIOUS,True,True,True,0
2,1257,PROVENANCE,SHARE_DOCUMENT,1,B2-ADAPTIVE-OBLIVIOUS,True,True,True,0
2,1258,PROVENANCE,SHARE_DOCUMENT,0,B0-NATURAL,True,True,True,0
2,1258,PROVENANCE,SHARE_DOCUMENT,0,B1-PER-ACTION-OBLIVIOUS,True,True,True,0
2,1258,PROVENANCE,SHARE_DOCUMENT,0,B2-ADAPTIVE-OBLIVIOUS,True,True,True,0
2,1259,PROVENANCE,SHARE_DOCUMENT,1,B0-NATURAL,True,True,True,0
2,1259,PROVENANCE,SHARE_DOCUMENT,1,B1-PER-ACTION-OBLIVIOUS,True,True,True,0
2,1259,PROVENANCE,SHARE_DOCUMENT,1,B2-ADAPTIVE-OBLIVIOUS,True,True,True,0
2,1260,PROVENANCE,SHARE_DOCUMENT,0,B0-NATURAL,True,True,True,0
2,1260,PROVENANCE,SHARE_DOCUMENT,0,B1-PER-ACTION-OBLIVIOUS,True,True,True,0
2,1260,PROVENANCE,SHARE_DOCUMENT,0,B2-ADAPTIVE-OBLIVIOUS,True,True,True,0
2,1261,PROVENANCE,SHARE_DOCUMENT,1,B0-NATURAL,True,True,True,0
2,1261,PROVENANCE,SHARE_DOCUMENT,1,B1-PER-ACTION-OBLIVIOUS,True,True,True,0
2,1261,PROVENANCE,SHARE_DOCUMENT,1,B2-ADAPTIVE-OBLIVIOUS,True,True,True,0
2,1262,PROVENANCE,SHARE_DOCUMENT,0,B0-NATURAL,True,True,True,0
2,1262,PROVENANCE,SHARE_DOCUMENT,0,B1-PER-ACTION-OBLIVIOUS,True,True,True,0
2,1262,PROVENANCE,SHARE_DOCUMENT,0,B2-ADAPTIVE-OBLIVIOUS,True,True,True,0
2,1263,PROVENANCE,SHARE_DOCUMENT,1,B0-NATURAL,True,True,True,0
2,1263,PROVENANCE,SHARE_DOCUMENT,1,B1-PER-ACTION-OBLIVIOUS,True,True,True,0
2,1263,PROVENANCE,SHARE_DOCUMENT,1,B2-ADAPTIVE-OBLIVIOUS,True,True,True,0
2,1264,PROVENANCE,SHARE_DOCUMENT,0,B0-NATURAL,True,True,True,0
2,1264,PROVENANCE,SHARE_DOCUMENT,0,B1-PER-ACTION-OBLIVIOUS,True,True,True,0
2,1264,PROVENANCE,SHARE_DOCUMENT,0,B2-ADAPTIVE-OBLIVIOUS,True,True,True,0
2,1265,PROVENANCE,SHARE_DOCUMENT,1,B0-NATURAL,True,True,True,0
2,1265,PROVENANCE,SHARE_DOCUMENT,1,B1-PER-ACTION-OBLIVIOUS,True,True,True,0
2,1265,PROVENANCE,SHARE_DOCUMENT,1,B2-ADAPTIVE-OBLIVIOUS,True,True,True,0
2,1266,PROVENANCE,SHARE_DOCUMENT,0,B0-NATURAL,True,True,True,0
2,1266,PROVENANCE,SHARE_DOCUMENT,0,B1-PER-ACTION-OBLIVIOUS,True,True,True,0
2,1266,PROVENANCE,SHARE_DOCUMENT,0,B2-ADAPTIVE-OBLIVIOUS,True,True,True,0
2,1267,PROVENANCE,SHARE_DOCUMENT,1,B0-NATURAL,True,True,True,0
2,1267,PROVENANCE,SHARE_DOCUMENT,1,B1-PER-ACTION-OBLIVIOUS,True,True,True,0
2,1267,PROVENANCE,SHARE_DOCUMENT,1,B2-ADAPTIVE-OBLIVIOUS,True,True,True,0
2,1268,PROVENANCE,SHARE_DOCUMENT,0,B0-NATURAL,True,True,True,0
2,1268,PROVENANCE,SHARE_DOCUMENT,0,B1-PER-ACTION-OBLIVIOUS,True,True,True,0
2,1268,PROVENANCE,SHARE_DOCUMENT,0,B2-ADAPTIVE-OBLIVIOUS,True,True,True,0
2,1269,PROVENANCE,SHARE_DOCUMENT,1,B0-NATURAL,True,True,True,0
2,1269,PROVENANCE,SHARE_DOCUMENT,1,B1-PER-ACTION-OBLIVIOUS,True,True,True,0
2,1269,PROVENANCE,SHARE_DOCUMENT,1,B2-ADAPTIVE-OBLIVIOUS,True,True,True,0
2,1270,PROVENANCE,SHARE_DOCUMENT,0,B0-NATURAL,True,True,True,0
2,1270,PROVENANCE,SHARE_DOCUMENT,0,B1-PER-ACTION-OBLIVIOUS,True,True,True,0
2,1270,PROVENANCE,SHARE_DOCUMENT,0,B2-ADAPTIVE-OBLIVIOUS,True,True,True,0
2,1271,PROVENANCE,SHARE_DOCUMENT,1,B0-NATURAL,True,True,True,0
2,1271,PROVENANCE,SHARE_DOCUMENT,1,B1-PER-ACTION-OBLIVIOUS,True,True,True,0
2,1271,PROVENANCE,SHARE_DOCUMENT,1,B2-ADAPTIVE-OBLIVIOUS,True,True,True,0
2,1272,PROVENANCE,SHARE_DOCUMENT,0,B0-NATURAL,True,True,True,0
2,1272,PROVENANCE,SHARE_DOCUMENT,0,B1-PER-ACTION-OBLIVIOUS,True,True,True,0
2,1272,PROVENANCE,SHARE_DOCUMENT,0,B2-ADAPTIVE-OBLIVIOUS,True,True,True,0
2,1273,PROVENANCE,SHARE_DOCUMENT,1,B0-NATURAL,True,True,True,0
2,1273,PROVENANCE,SHARE_DOCUMENT,1,B1-PER-ACTION-OBLIVIOUS,True,True,True,0
2,1273,PROVENANCE,SHARE_DOCUMENT,1,B2-ADAPTIVE-OBLIVIOUS,True,True,True,0
2,1274,PROVENANCE,SHARE_DOCUMENT,0,B0-NATURAL,True,True,True,0
2,1274,PROVENANCE,SHARE_DOCUMENT,0,B1-PER-ACTION-OBLIVIOUS,True,True,True,0
2,1274,PROVENANCE,SHARE_DOCUMENT,0,B2-ADAPTIVE-OBLIVIOUS,True,True,True,0
2,1275,PROVENANCE,SHARE_DOCUMENT,1,B0-NATURAL,True,True,True,0
2,1275,PROVENANCE,SHARE_DOCUMENT,1,B1-PER-ACTION-OBLIVIOUS,True,True,True,0
2,1275,PROVENANCE,SHARE_DOCUMENT,1,B2-ADAPTIVE-OBLIVIOUS,True,True,True,0
2,1276,PROVENANCE,SHARE_DOCUMENT,0,B0-NATURAL,True,True,True,0
2,1276,PROVENANCE,SHARE_DOCUMENT,0,B1-PER-ACTION-OBLIVIOUS,True,True,True,0
2,1276,PROVENANCE,SHARE_DOCUMENT,0,B2-ADAPTIVE-OBLIVIOUS,True,True,True,0
2,1277,PROVENANCE,SHARE_DOCUMENT,1,B0-NATURAL,True,True,True,0
2,1277,PROVENANCE,SHARE_DOCUMENT,1,B1-PER-ACTION-OBLIVIOUS,True,True,True,0
2,1277,PROVENANCE,SHARE_DOCUMENT,1,B2-ADAPTIVE-OBLIVIOUS,True,True,True,0
2,1278,PROVENANCE,SHARE_DOCUMENT,0,B0-NATURAL,True,True,True,0
2,1278,PROVENANCE,SHARE_DOCUMENT,0,B1-PER-ACTION-OBLIVIOUS,True,True,True,0
2,1278,PROVENANCE,SHARE_DOCUMENT,0,B2-ADAPTIVE-OBLIVIOUS,True,True,True,0
2,1279,PROVENANCE,SHARE_DOCUMENT,1,B0-NATURAL,True,True,True,0
2,1279,PROVENANCE,SHARE_DOCUMENT,1,B1-PER-ACTION-OBLIVIOUS,True,True,True,0
2,1279,PROVENANCE,SHARE_DOCUMENT,1,B2-ADAPTIVE-OBLIVIOUS,True,True,True,0
2,1280,EXTRA_VERIFICATION,SEND_MESSAGE,0,B0-NATURAL,True,True,True,0
2,1280,EXTRA_VERIFICATION,SEND_MESSAGE,0,B1-PER-ACTION-OBLIVIOUS,True,True,True,0
2,1280,EXTRA_VERIFICATION,SEND_MESSAGE,0,B2-ADAPTIVE-OBLIVIOUS,True,True,True,0
2,1281,EXTRA_VERIFICATION,SEND_MESSAGE,1,B0-NATURAL,True,True,True,0
2,1281,EXTRA_VERIFICATION,SEND_MESSAGE,1,B1-PER-ACTION-OBLIVIOUS,True,True,True,0
2,1281,EXTRA_VERIFICATION,SEND_MESSAGE,1,B2-ADAPTIVE-OBLIVIOUS,True,True,True,0
2,1282,EXTRA_VERIFICATION,SEND_MESSAGE,0,B0-NATURAL,True,True,True,0
2,1282,EXTRA_VERIFICATION,SEND_MESSAGE,0,B1-PER-ACTION-OBLIVIOUS,True,True,True,0
2,1282,EXTRA_VERIFICATION,SEND_MESSAGE,0,B2-ADAPTIVE-OBLIVIOUS,True,True,True,0
2,1283,EXTRA_VERIFICATION,SEND_MESSAGE,1,B0-NATURAL,True,True,True,0
2,1283,EXTRA_VERIFICATION,SEND_MESSAGE,1,B1-PER-ACTION-OBLIVIOUS,True,True,True,0
2,1283,EXTRA_VERIFICATION,SEND_MESSAGE,1,B2-ADAPTIVE-OBLIVIOUS,True,True,True,0
2,1284,EXTRA_VERIFICATION,SEND_MESSAGE,0,B0-NATURAL,True,True,True,0
2,1284,EXTRA_VERIFICATION,SEND_MESSAGE,0,B1-PER-ACTION-OBLIVIOUS,True,True,True,0
2,1284,EXTRA_VERIFICATION,SEND_MESSAGE,0,B2-ADAPTIVE-OBLIVIOUS,True,True,True,0
2,1285,EXTRA_VERIFICATION,SEND_MESSAGE,1,B0-NATURAL,True,True,True,0
2,1285,EXTRA_VERIFICATION,SEND_MESSAGE,1,B1-PER-ACTION-OBLIVIOUS,True,True,True,0
2,1285,EXTRA_VERIFICATION,SEND_MESSAGE,1,B2-ADAPTIVE-OBLIVIOUS,True,True,True,0
2,1286,EXTRA_VERIFICATION,SEND_MESSAGE,0,B0-NATURAL,True,True,True,0
2,1286,EXTRA_VERIFICATION,SEND_MESSAGE,0,B1-PER-ACTION-OBLIVIOUS,True,True,True,0
2,1286,EXTRA_VERIFICATION,SEND_MESSAGE,0,B2-ADAPTIVE-OBLIVIOUS,True,True,True,0
2,1287,EXTRA_VERIFICATION,SEND_MESSAGE,1,B0-NATURAL,True,True,True,0
2,1287,EXTRA_VERIFICATION,SEND_MESSAGE,1,B1-PER-ACTION-OBLIVIOUS,True,True,True,0
2,1287,EXTRA_VERIFICATION,SEND_MESSAGE,1,B2-ADAPTIVE-OBLIVIOUS,True,True,True,0
2,1288,EXTRA_VERIFICATION,SEND_MESSAGE,0,B0-NATURAL,True,True,True,0
2,1288,EXTRA_VERIFICATION,SEND_MESSAGE,0,B1-PER-ACTION-OBLIVIOUS,True,True,True,0
2,1288,EXTRA_VERIFICATION,SEND_MESSAGE,0,B2-ADAPTIVE-OBLIVIOUS,True,True,True,0
2,1289,EXTRA_VERIFICATION,SEND_MESSAGE,1,B0-NATURAL,True,True,True,0
2,1289,EXTRA_VERIFICATION,SEND_MESSAGE,1,B1-PER-ACTION-OBLIVIOUS,True,True,True,0
2,1289,EXTRA_VERIFICATION,SEND_MESSAGE,1,B2-ADAPTIVE-OBLIVIOUS,True,True,True,0
2,1290,EXTRA_VERIFICATION,SEND_MESSAGE,0,B0-NATURAL,True,True,True,0
2,1290,EXTRA_VERIFICATION,SEND_MESSAGE,0,B1-PER-ACTION-OBLIVIOUS,True,True,True,0
2,1290,EXTRA_VERIFICATION,SEND_MESSAGE,0,B2-ADAPTIVE-OBLIVIOUS,True,True,True,0
2,1291,EXTRA_VERIFICATION,SEND_MESSAGE,1,B0-NATURAL,True,True,True,0
2,1291,EXTRA_VERIFICATION,SEND_MESSAGE,1,B1-PER-ACTION-OBLIVIOUS,True,True,True,0
2,1291,EXTRA_VERIFICATION,SEND_MESSAGE,1,B2-ADAPTIVE-OBLIVIOUS,True,True,True,0
2,1292,EXTRA_VERIFICATION,SEND_MESSAGE,0,B0-NATURAL,True,True,True,0
2,1292,EXTRA_VERIFICATION,SEND_MESSAGE,0,B1-PER-ACTION-OBLIVIOUS,True,True,True,0
2,1292,EXTRA_VERIFICATION,SEND_MESSAGE,0,B2-ADAPTIVE-OBLIVIOUS,True,True,True,0
2,1293,EXTRA_VERIFICATION,SEND_MESSAGE,1,B0-NATURAL,True,True,True,0
2,1293,EXTRA_VERIFICATION,SEND_MESSAGE,1,B1-PER-ACTION-OBLIVIOUS,True,True,True,0
2,1293,EXTRA_VERIFICATION,SEND_MESSAGE,1,B2-ADAPTIVE-OBLIVIOUS,True,True,True,0
2,1294,EXTRA_VERIFICATION,SEND_MESSAGE,0,B0-NATURAL,True,True,True,0
2,1294,EXTRA_VERIFICATION,SEND_MESSAGE,0,B1-PER-ACTION-OBLIVIOUS,True,True,True,0
2,1294,EXTRA_VERIFICATION,SEND_MESSAGE,0,B2-ADAPTIVE-OBLIVIOUS,True,True,True,0
2,1295,EXTRA_VERIFICATION,SEND_MESSAGE,1,B0-NATURAL,True,True,True,0
2,1295,EXTRA_VERIFICATION,SEND_MESSAGE,1,B1-PER-ACTION-OBLIVIOUS,True,True,True,0
2,1295,EXTRA_VERIFICATION,SEND_MESSAGE,1,B2-ADAPTIVE-OBLIVIOUS,True,True,True,0
2,1296,EXTRA_VERIFICATION,SEND_MESSAGE,0,B0-NATURAL,True,True,True,0
2,1296,EXTRA_VERIFICATION,SEND_MESSAGE,0,B1-PER-ACTION-OBLIVIOUS,True,True,True,0
2,1296,EXTRA_VERIFICATION,SEND_MESSAGE,0,B2-ADAPTIVE-OBLIVIOUS,True,True,True,0
2,1297,EXTRA_VERIFICATION,SEND_MESSAGE,1,B0-NATURAL,True,True,True,0
2,1297,EXTRA_VERIFICATION,SEND_MESSAGE,1,B1-PER-ACTION-OBLIVIOUS,True,True,True,0
2,1297,EXTRA_VERIFICATION,SEND_MESSAGE,1,B2-ADAPTIVE-OBLIVIOUS,True,True,True,0
2,1298,EXTRA_VERIFICATION,SEND_MESSAGE,0,B0-NATURAL,True,True,True,0
2,1298,EXTRA_VERIFICATION,SEND_MESSAGE,0,B1-PER-ACTION-OBLIVIOUS,True,True,True,0
2,1298,EXTRA_VERIFICATION,SEND_MESSAGE,0,B2-ADAPTIVE-OBLIVIOUS,True,True,True,0
2,1299,EXTRA_VERIFICATION,SEND_MESSAGE,1,B0-NATURAL,True,True,True,0
2,1299,EXTRA_VERIFICATION,SEND_MESSAGE,1,B1-PER-ACTION-OBLIVIOUS,True,True,True,0
2,1299,EXTRA_VERIFICATION,SEND_MESSAGE,1,B2-ADAPTIVE-OBLIVIOUS,True,True,True,0
2,1300,EXTRA_VERIFICATION,SEND_MESSAGE,0,B0-NATURAL,True,True,True,0
2,1300,EXTRA_VERIFICATION,SEND_MESSAGE,0,B1-PER-ACTION-OBLIVIOUS,True,True,True,0
2,1300,EXTRA_VERIFICATION,SEND_MESSAGE,0,B2-ADAPTIVE-OBLIVIOUS,True,True,True,0
2,1301,EXTRA_VERIFICATION,SEND_MESSAGE,1,B0-NATURAL,True,True,True,0
2,1301,EXTRA_VERIFICATION,SEND_MESSAGE,1,B1-PER-ACTION-OBLIVIOUS,True,True,True,0
2,1301,EXTRA_VERIFICATION,SEND_MESSAGE,1,B2-ADAPTIVE-OBLIVIOUS,True,True,True,0
2,1302,EXTRA_VERIFICATION,SEND_MESSAGE,0,B0-NATURAL,True,True,True,0
2,1302,EXTRA_VERIFICATION,SEND_MESSAGE,0,B1-PER-ACTION-OBLIVIOUS,True,True,True,0
2,1302,EXTRA_VERIFICATION,SEND_MESSAGE,0,B2-ADAPTIVE-OBLIVIOUS,True,True,True,0
2,1303,EXTRA_VERIFICATION,SEND_MESSAGE,1,B0-NATURAL,True,True,True,0
2,1303,EXTRA_VERIFICATION,SEND_MESSAGE,1,B1-PER-ACTION-OBLIVIOUS,True,True,True,0
2,1303,EXTRA_VERIFICATION,SEND_MESSAGE,1,B2-ADAPTIVE-OBLIVIOUS,True,True,True,0
2,1304,EXTRA_VERIFICATION,SEND_MESSAGE,0,B0-NATURAL,True,True,True,0
2,1304,EXTRA_VERIFICATION,SEND_MESSAGE,0,B1-PER-ACTION-OBLIVIOUS,True,True,True,0
2,1304,EXTRA_VERIFICATION,SEND_MESSAGE,0,B2-ADAPTIVE-OBLIVIOUS,True,True,True,0
2,1305,EXTRA_VERIFICATION,SEND_MESSAGE,1,B0-NATURAL,True,True,True,0
2,1305,EXTRA_VERIFICATION,SEND_MESSAGE,1,B1-PER-ACTION-OBLIVIOUS,True,True,True,0
2,1305,EXTRA_VERIFICATION,SEND_MESSAGE,1,B2-ADAPTIVE-OBLIVIOUS,True,True,True,0
2,1306,EXTRA_VERIFICATION,SEND_MESSAGE,0,B0-NATURAL,True,True,True,0
2,1306,EXTRA_VERIFICATION,SEND_MESSAGE,0,B1-PER-ACTION-OBLIVIOUS,True,True,True,0
2,1306,EXTRA_VERIFICATION,SEND_MESSAGE,0,B2-ADAPTIVE-OBLIVIOUS,True,True,True,0
2,1307,EXTRA_VERIFICATION,SEND_MESSAGE,1,B0-NATURAL,True,True,True,0
2,1307,EXTRA_VERIFICATION,SEND_MESSAGE,1,B1-PER-ACTION-OBLIVIOUS,True,True,True,0
2,1307,EXTRA_VERIFICATION,SEND_MESSAGE,1,B2-ADAPTIVE-OBLIVIOUS,True,True,True,0
2,1308,EXTRA_VERIFICATION,SEND_MESSAGE,0,B0-NATURAL,True,True,True,0
2,1308,EXTRA_VERIFICATION,SEND_MESSAGE,0,B1-PER-ACTION-OBLIVIOUS,True,True,True,0
2,1308,EXTRA_VERIFICATION,SEND_MESSAGE,0,B2-ADAPTIVE-OBLIVIOUS,True,True,True,0
2,1309,EXTRA_VERIFICATION,SEND_MESSAGE,1,B0-NATURAL,True,True,True,0
2,1309,EXTRA_VERIFICATION,SEND_MESSAGE,1,B1-PER-ACTION-OBLIVIOUS,True,True,True,0
2,1309,EXTRA_VERIFICATION,SEND_MESSAGE,1,B2-ADAPTIVE-OBLIVIOUS,True,True,True,0
2,1310,EXTRA_VERIFICATION,SEND_MESSAGE,0,B0-NATURAL,True,True,True,0
2,1310,EXTRA_VERIFICATION,SEND_MESSAGE,0,B1-PER-ACTION-OBLIVIOUS,True,True,True,0
2,1310,EXTRA_VERIFICATION,SEND_MESSAGE,0,B2-ADAPTIVE-OBLIVIOUS,True,True,True,0
2,1311,EXTRA_VERIFICATION,SEND_MESSAGE,1,B0-NATURAL,True,True,True,0
2,1311,EXTRA_VERIFICATION,SEND_MESSAGE,1,B1-PER-ACTION-OBLIVIOUS,True,True,True,0
2,1311,EXTRA_VERIFICATION,SEND_MESSAGE,1,B2-ADAPTIVE-OBLIVIOUS,True,True,True,0
2,1312,EXTRA_VERIFICATION,SEND_MESSAGE,0,B0-NATURAL,True,True,True,0
2,1312,EXTRA_VERIFICATION,SEND_MESSAGE,0,B1-PER-ACTION-OBLIVIOUS,True,True,True,0
2,1312,EXTRA_VERIFICATION,SEND_MESSAGE,0,B2-ADAPTIVE-OBLIVIOUS,True,True,True,0
2,1313,EXTRA_VERIFICATION,SEND_MESSAGE,1,B0-NATURAL,True,True,True,0
2,1313,EXTRA_VERIFICATION,SEND_MESSAGE,1,B1-PER-ACTION-OBLIVIOUS,True,True,True,0
2,1313,EXTRA_VERIFICATION,SEND_MESSAGE,1,B2-ADAPTIVE-OBLIVIOUS,True,True,True,0
2,1314,EXTRA_VERIFICATION,SEND_MESSAGE,0,B0-NATURAL,True,True,True,0
2,1314,EXTRA_VERIFICATION,SEND_MESSAGE,0,B1-PER-ACTION-OBLIVIOUS,True,True,True,0
2,1314,EXTRA_VERIFICATION,SEND_MESSAGE,0,B2-ADAPTIVE-OBLIVIOUS,True,True,True,0
2,1315,EXTRA_VERIFICATION,SEND_MESSAGE,1,B0-NATURAL,True,True,True,0
2,1315,EXTRA_VERIFICATION,SEND_MESSAGE,1,B1-PER-ACTION-OBLIVIOUS,True,True,True,0
2,1315,EXTRA_VERIFICATION,SEND_MESSAGE,1,B2-ADAPTIVE-OBLIVIOUS,True,True,True,0
2,1316,EXTRA_VERIFICATION,SEND_MESSAGE,0,B0-NATURAL,True,True,True,0
2,1316,EXTRA_VERIFICATION,SEND_MESSAGE,0,B1-PER-ACTION-OBLIVIOUS,True,True,True,0
2,1316,EXTRA_VERIFICATION,SEND_MESSAGE,0,B2-ADAPTIVE-OBLIVIOUS,True,True,True,0
2,1317,EXTRA_VERIFICATION,SEND_MESSAGE,1,B0-NATURAL,True,True,True,0
2,1317,EXTRA_VERIFICATION,SEND_MESSAGE,1,B1-PER-ACTION-OBLIVIOUS,True,True,True,0
2,1317,EXTRA_VERIFICATION,SEND_MESSAGE,1,B2-ADAPTIVE-OBLIVIOUS,True,True,True,0
2,1318,EXTRA_VERIFICATION,SEND_MESSAGE,0,B0-NATURAL,True,True,True,0
2,1318,EXTRA_VERIFICATION,SEND_MESSAGE,0,B1-PER-ACTION-OBLIVIOUS,True,True,True,0
2,1318,EXTRA_VERIFICATION,SEND_MESSAGE,0,B2-ADAPTIVE-OBLIVIOUS,True,True,True,0
2,1319,EXTRA_VERIFICATION,SEND_MESSAGE,1,B0-NATURAL,True,True,True,0
2,1319,EXTRA_VERIFICATION,SEND_MESSAGE,1,B1-PER-ACTION-OBLIVIOUS,True,True,True,0
2,1319,EXTRA_VERIFICATION,SEND_MESSAGE,1,B2-ADAPTIVE-OBLIVIOUS,True,True,True,0
2,1320,EXTRA_VERIFICATION,SEND_MESSAGE,0,B0-NATURAL,True,True,True,0
2,1320,EXTRA_VERIFICATION,SEND_MESSAGE,0,B1-PER-ACTION-OBLIVIOUS,True,True,True,0
2,1320,EXTRA_VERIFICATION,SEND_MESSAGE,0,B2-ADAPTIVE-OBLIVIOUS,True,True,True,0
2,1321,EXTRA_VERIFICATION,SEND_MESSAGE,1,B0-NATURAL,True,True,True,0
2,1321,EXTRA_VERIFICATION,SEND_MESSAGE,1,B1-PER-ACTION-OBLIVIOUS,True,True,True,0
2,1321,EXTRA_VERIFICATION,SEND_MESSAGE,1,B2-ADAPTIVE-OBLIVIOUS,True,True,True,0
2,1322,EXTRA_VERIFICATION,SEND_MESSAGE,0,B0-NATURAL,True,True,True,0
2,1322,EXTRA_VERIFICATION,SEND_MESSAGE,0,B1-PER-ACTION-OBLIVIOUS,True,True,True,0
2,1322,EXTRA_VERIFICATION,SEND_MESSAGE,0,B2-ADAPTIVE-OBLIVIOUS,True,True,True,0
2,1323,EXTRA_VERIFICATION,SEND_MESSAGE,1,B0-NATURAL,True,True,True,0
2,1323,EXTRA_VERIFICATION,SEND_MESSAGE,1,B1-PER-ACTION-OBLIVIOUS,True,True,True,0
2,1323,EXTRA_VERIFICATION,SEND_MESSAGE,1,B2-ADAPTIVE-OBLIVIOUS,True,True,True,0
2,1324,EXTRA_VERIFICATION,SEND_MESSAGE,0,B0-NATURAL,True,True,True,0
2,1324,EXTRA_VERIFICATION,SEND_MESSAGE,0,B1-PER-ACTION-OBLIVIOUS,True,True,True,0
2,1324,EXTRA_VERIFICATION,SEND_MESSAGE,0,B2-ADAPTIVE-OBLIVIOUS,True,True,True,0
2,1325,EXTRA_VERIFICATION,SEND_MESSAGE,1,B0-NATURAL,True,True,True,0
2,1325,EXTRA_VERIFICATION,SEND_MESSAGE,1,B1-PER-ACTION-OBLIVIOUS,True,True,True,0
2,1325,EXTRA_VERIFICATION,SEND_MESSAGE,1,B2-ADAPTIVE-OBLIVIOUS,True,True,True,0
2,1326,EXTRA_VERIFICATION,SEND_MESSAGE,0,B0-NATURAL,True,True,True,0
2,1326,EXTRA_VERIFICATION,SEND_MESSAGE,0,B1-PER-ACTION-OBLIVIOUS,True,True,True,0
2,1326,EXTRA_VERIFICATION,SEND_MESSAGE,0,B2-ADAPTIVE-OBLIVIOUS,True,True,True,0
2,1327,EXTRA_VERIFICATION,SEND_MESSAGE,1,B0-NATURAL,True,True,True,0
2,1327,EXTRA_VERIFICATION,SEND_MESSAGE,1,B1-PER-ACTION-OBLIVIOUS,True,True,True,0
2,1327,EXTRA_VERIFICATION,SEND_MESSAGE,1,B2-ADAPTIVE-OBLIVIOUS,True,True,True,0
2,1328,EXTRA_VERIFICATION,SEND_MESSAGE,0,B0-NATURAL,True,True,True,0
2,1328,EXTRA_VERIFICATION,SEND_MESSAGE,0,B1-PER-ACTION-OBLIVIOUS,True,True,True,0
2,1328,EXTRA_VERIFICATION,SEND_MESSAGE,0,B2-ADAPTIVE-OBLIVIOUS,True,True,True,0
2,1329,EXTRA_VERIFICATION,SEND_MESSAGE,1,B0-NATURAL,True,True,True,0
2,1329,EXTRA_VERIFICATION,SEND_MESSAGE,1,B1-PER-ACTION-OBLIVIOUS,True,True,True,0
2,1329,EXTRA_VERIFICATION,SEND_MESSAGE,1,B2-ADAPTIVE-OBLIVIOUS,True,True,True,0
2,1330,EXTRA_VERIFICATION,SEND_MESSAGE,0,B0-NATURAL,True,True,True,0
2,1330,EXTRA_VERIFICATION,SEND_MESSAGE,0,B1-PER-ACTION-OBLIVIOUS,True,True,True,0
2,1330,EXTRA_VERIFICATION,SEND_MESSAGE,0,B2-ADAPTIVE-OBLIVIOUS,True,True,True,0
2,1331,EXTRA_VERIFICATION,SEND_MESSAGE,1,B0-NATURAL,True,True,True,0
2,1331,EXTRA_VERIFICATION,SEND_MESSAGE,1,B1-PER-ACTION-OBLIVIOUS,True,True,True,0
2,1331,EXTRA_VERIFICATION,SEND_MESSAGE,1,B2-ADAPTIVE-OBLIVIOUS,True,True,True,0
2,1332,EXTRA_VERIFICATION,SEND_MESSAGE,0,B0-NATURAL,True,True,True,0
2,1332,EXTRA_VERIFICATION,SEND_MESSAGE,0,B1-PER-ACTION-OBLIVIOUS,True,True,True,0
2,1332,EXTRA_VERIFICATION,SEND_MESSAGE,0,B2-ADAPTIVE-OBLIVIOUS,True,True,True,0
2,1333,EXTRA_VERIFICATION,SEND_MESSAGE,1,B0-NATURAL,True,True,True,0
2,1333,EXTRA_VERIFICATION,SEND_MESSAGE,1,B1-PER-ACTION-OBLIVIOUS,True,True,True,0
2,1333,EXTRA_VERIFICATION,SEND_MESSAGE,1,B2-ADAPTIVE-OBLIVIOUS,True,True,True,0
2,1334,EXTRA_VERIFICATION,SEND_MESSAGE,0,B0-NATURAL,True,True,True,0
2,1334,EXTRA_VERIFICATION,SEND_MESSAGE,0,B1-PER-ACTION-OBLIVIOUS,True,True,True,0
2,1334,EXTRA_VERIFICATION,SEND_MESSAGE,0,B2-ADAPTIVE-OBLIVIOUS,True,True,True,0
2,1335,EXTRA_VERIFICATION,SEND_MESSAGE,1,B0-NATURAL,True,True,True,0
2,1335,EXTRA_VERIFICATION,SEND_MESSAGE,1,B1-PER-ACTION-OBLIVIOUS,True,True,True,0
2,1335,EXTRA_VERIFICATION,SEND_MESSAGE,1,B2-ADAPTIVE-OBLIVIOUS,True,True,True,0
2,1336,EXTRA_VERIFICATION,SEND_MESSAGE,0,B0-NATURAL,True,True,True,0
2,1336,EXTRA_VERIFICATION,SEND_MESSAGE,0,B1-PER-ACTION-OBLIVIOUS,True,True,True,0
2,1336,EXTRA_VERIFICATION,SEND_MESSAGE,0,B2-ADAPTIVE-OBLIVIOUS,True,True,True,0
2,1337,EXTRA_VERIFICATION,SEND_MESSAGE,1,B0-NATURAL,True,True,True,0
2,1337,EXTRA_VERIFICATION,SEND_MESSAGE,1,B1-PER-ACTION-OBLIVIOUS,True,True,True,0
2,1337,EXTRA_VERIFICATION,SEND_MESSAGE,1,B2-ADAPTIVE-OBLIVIOUS,True,True,True,0
2,1338,EXTRA_VERIFICATION,SEND_MESSAGE,0,B0-NATURAL,True,True,True,0
2,1338,EXTRA_VERIFICATION,SEND_MESSAGE,0,B1-PER-ACTION-OBLIVIOUS,True,True,True,0
2,1338,EXTRA_VERIFICATION,SEND_MESSAGE,0,B2-ADAPTIVE-OBLIVIOUS,True,True,True,0
2,1339,EXTRA_VERIFICATION,SEND_MESSAGE,1,B0-NATURAL,True,True,True,0
2,1339,EXTRA_VERIFICATION,SEND_MESSAGE,1,B1-PER-ACTION-OBLIVIOUS,True,True,True,0
2,1339,EXTRA_VERIFICATION,SEND_MESSAGE,1,B2-ADAPTIVE-OBLIVIOUS,True,True,True,0
2,1340,EXTRA_VERIFICATION,SEND_MESSAGE,0,B0-NATURAL,True,True,True,0
2,1340,EXTRA_VERIFICATION,SEND_MESSAGE,0,B1-PER-ACTION-OBLIVIOUS,True,True,True,0
2,1340,EXTRA_VERIFICATION,SEND_MESSAGE,0,B2-ADAPTIVE-OBLIVIOUS,True,True,True,0
2,1341,EXTRA_VERIFICATION,SEND_MESSAGE,1,B0-NATURAL,True,True,True,0
2,1341,EXTRA_VERIFICATION,SEND_MESSAGE,1,B1-PER-ACTION-OBLIVIOUS,True,True,True,0
2,1341,EXTRA_VERIFICATION,SEND_MESSAGE,1,B2-ADAPTIVE-OBLIVIOUS,True,True,True,0
2,1342,EXTRA_VERIFICATION,SEND_MESSAGE,0,B0-NATURAL,True,True,True,0
2,1342,EXTRA_VERIFICATION,SEND_MESSAGE,0,B1-PER-ACTION-OBLIVIOUS,True,True,True,0
2,1342,EXTRA_VERIFICATION,SEND_MESSAGE,0,B2-ADAPTIVE-OBLIVIOUS,True,True,True,0
2,1343,EXTRA_VERIFICATION,SEND_MESSAGE,1,B0-NATURAL,True,True,True,0
2,1343,EXTRA_VERIFICATION,SEND_MESSAGE,1,B1-PER-ACTION-OBLIVIOUS,True,True,True,0
2,1343,EXTRA_VERIFICATION,SEND_MESSAGE,1,B2-ADAPTIVE-OBLIVIOUS,True,True,True,0
2,1344,EXTRA_VERIFICATION,SEND_MESSAGE,0,B0-NATURAL,True,True,True,0
2,1344,EXTRA_VERIFICATION,SEND_MESSAGE,0,B1-PER-ACTION-OBLIVIOUS,True,True,True,0
2,1344,EXTRA_VERIFICATION,SEND_MESSAGE,0,B2-ADAPTIVE-OBLIVIOUS,True,True,True,0
2,1345,EXTRA_VERIFICATION,SEND_MESSAGE,1,B0-NATURAL,True,True,True,0
2,1345,EXTRA_VERIFICATION,SEND_MESSAGE,1,B1-PER-ACTION-OBLIVIOUS,True,True,True,0
2,1345,EXTRA_VERIFICATION,SEND_MESSAGE,1,B2-ADAPTIVE-OBLIVIOUS,True,True,True,0
2,1346,EXTRA_VERIFICATION,SEND_MESSAGE,0,B0-NATURAL,True,True,True,0
2,1346,EXTRA_VERIFICATION,SEND_MESSAGE,0,B1-PER-ACTION-OBLIVIOUS,True,True,True,0
2,1346,EXTRA_VERIFICATION,SEND_MESSAGE,0,B2-ADAPTIVE-OBLIVIOUS,True,True,True,0
2,1347,EXTRA_VERIFICATION,SEND_MESSAGE,1,B0-NATURAL,True,True,True,0
2,1347,EXTRA_VERIFICATION,SEND_MESSAGE,1,B1-PER-ACTION-OBLIVIOUS,True,True,True,0
2,1347,EXTRA_VERIFICATION,SEND_MESSAGE,1,B2-ADAPTIVE-OBLIVIOUS,True,True,True,0
2,1348,EXTRA_VERIFICATION,SEND_MESSAGE,0,B0-NATURAL,True,True,True,0
2,1348,EXTRA_VERIFICATION,SEND_MESSAGE,0,B1-PER-ACTION-OBLIVIOUS,True,True,True,0
2,1348,EXTRA_VERIFICATION,SEND_MESSAGE,0,B2-ADAPTIVE-OBLIVIOUS,True,True,True,0
2,1349,EXTRA_VERIFICATION,SEND_MESSAGE,1,B0-NATURAL,True,True,True,0
2,1349,EXTRA_VERIFICATION,SEND_MESSAGE,1,B1-PER-ACTION-OBLIVIOUS,True,True,True,0
2,1349,EXTRA_VERIFICATION,SEND_MESSAGE,1,B2-ADAPTIVE-OBLIVIOUS,True,True,True,0
2,1350,EXTRA_VERIFICATION,SEND_MESSAGE,0,B0-NATURAL,True,True,True,0
2,1350,EXTRA_VERIFICATION,SEND_MESSAGE,0,B1-PER-ACTION-OBLIVIOUS,True,True,True,0
2,1350,EXTRA_VERIFICATION,SEND_MESSAGE,0,B2-ADAPTIVE-OBLIVIOUS,True,True,True,0
2,1351,EXTRA_VERIFICATION,SEND_MESSAGE,1,B0-NATURAL,True,True,True,0
2,1351,EXTRA_VERIFICATION,SEND_MESSAGE,1,B1-PER-ACTION-OBLIVIOUS,True,True,True,0
2,1351,EXTRA_VERIFICATION,SEND_MESSAGE,1,B2-ADAPTIVE-OBLIVIOUS,True,True,True,0
2,1352,EXTRA_VERIFICATION,SEND_MESSAGE,0,B0-NATURAL,True,True,True,0
2,1352,EXTRA_VERIFICATION,SEND_MESSAGE,0,B1-PER-ACTION-OBLIVIOUS,True,True,True,0
2,1352,EXTRA_VERIFICATION,SEND_MESSAGE,0,B2-ADAPTIVE-OBLIVIOUS,True,True,True,0
2,1353,EXTRA_VERIFICATION,SEND_MESSAGE,1,B0-NATURAL,True,True,True,0
2,1353,EXTRA_VERIFICATION,SEND_MESSAGE,1,B1-PER-ACTION-OBLIVIOUS,True,True,True,0
2,1353,EXTRA_VERIFICATION,SEND_MESSAGE,1,B2-ADAPTIVE-OBLIVIOUS,True,True,True,0
2,1354,EXTRA_VERIFICATION,SEND_MESSAGE,0,B0-NATURAL,True,True,True,0
2,1354,EXTRA_VERIFICATION,SEND_MESSAGE,0,B1-PER-ACTION-OBLIVIOUS,True,True,True,0
2,1354,EXTRA_VERIFICATION,SEND_MESSAGE,0,B2-ADAPTIVE-OBLIVIOUS,True,True,True,0
2,1355,EXTRA_VERIFICATION,SEND_MESSAGE,1,B0-NATURAL,True,True,True,0
2,1355,EXTRA_VERIFICATION,SEND_MESSAGE,1,B1-PER-ACTION-OBLIVIOUS,True,True,True,0
2,1355,EXTRA_VERIFICATION,SEND_MESSAGE,1,B2-ADAPTIVE-OBLIVIOUS,True,True,True,0
2,1356,EXTRA_VERIFICATION,SEND_MESSAGE,0,B0-NATURAL,True,True,True,0
2,1356,EXTRA_VERIFICATION,SEND_MESSAGE,0,B1-PER-ACTION-OBLIVIOUS,True,True,True,0
2,1356,EXTRA_VERIFICATION,SEND_MESSAGE,0,B2-ADAPTIVE-OBLIVIOUS,True,True,True,0
2,1357,EXTRA_VERIFICATION,SEND_MESSAGE,1,B0-NATURAL,True,True,True,0
2,1357,EXTRA_VERIFICATION,SEND_MESSAGE,1,B1-PER-ACTION-OBLIVIOUS,True,True,True,0
2,1357,EXTRA_VERIFICATION,SEND_MESSAGE,1,B2-ADAPTIVE-OBLIVIOUS,True,True,True,0
2,1358,EXTRA_VERIFICATION,SEND_MESSAGE,0,B0-NATURAL,True,True,True,0
2,1358,EXTRA_VERIFICATION,SEND_MESSAGE,0,B1-PER-ACTION-OBLIVIOUS,True,True,True,0
2,1358,EXTRA_VERIFICATION,SEND_MESSAGE,0,B2-ADAPTIVE-OBLIVIOUS,True,True,True,0
2,1359,EXTRA_VERIFICATION,SEND_MESSAGE,1,B0-NATURAL,True,True,True,0
2,1359,EXTRA_VERIFICATION,SEND_MESSAGE,1,B1-PER-ACTION-OBLIVIOUS,True,True,True,0
2,1359,EXTRA_VERIFICATION,SEND_MESSAGE,1,B2-ADAPTIVE-OBLIVIOUS,True,True,True,0
2,1360,EXTRA_VERIFICATION,SHARE_DOCUMENT,0,B0-NATURAL,True,True,True,0
2,1360,EXTRA_VERIFICATION,SHARE_DOCUMENT,0,B1-PER-ACTION-OBLIVIOUS,True,True,True,0
2,1360,EXTRA_VERIFICATION,SHARE_DOCUMENT,0,B2-ADAPTIVE-OBLIVIOUS,True,True,True,0
2,1361,EXTRA_VERIFICATION,SHARE_DOCUMENT,1,B0-NATURAL,True,True,True,0
2,1361,EXTRA_VERIFICATION,SHARE_DOCUMENT,1,B1-PER-ACTION-OBLIVIOUS,True,True,True,0
2,1361,EXTRA_VERIFICATION,SHARE_DOCUMENT,1,B2-ADAPTIVE-OBLIVIOUS,True,True,True,0
2,1362,EXTRA_VERIFICATION,SHARE_DOCUMENT,0,B0-NATURAL,True,True,True,0
2,1362,EXTRA_VERIFICATION,SHARE_DOCUMENT,0,B1-PER-ACTION-OBLIVIOUS,True,True,True,0
2,1362,EXTRA_VERIFICATION,SHARE_DOCUMENT,0,B2-ADAPTIVE-OBLIVIOUS,True,True,True,0
2,1363,EXTRA_VERIFICATION,SHARE_DOCUMENT,1,B0-NATURAL,True,True,True,0
2,1363,EXTRA_VERIFICATION,SHARE_DOCUMENT,1,B1-PER-ACTION-OBLIVIOUS,True,True,True,0
2,1363,EXTRA_VERIFICATION,SHARE_DOCUMENT,1,B2-ADAPTIVE-OBLIVIOUS,True,True,True,0
2,1364,EXTRA_VERIFICATION,SHARE_DOCUMENT,0,B0-NATURAL,True,True,True,0
2,1364,EXTRA_VERIFICATION,SHARE_DOCUMENT,0,B1-PER-ACTION-OBLIVIOUS,True,True,True,0
2,1364,EXTRA_VERIFICATION,SHARE_DOCUMENT,0,B2-ADAPTIVE-OBLIVIOUS,True,True,True,0
2,1365,EXTRA_VERIFICATION,SHARE_DOCUMENT,1,B0-NATURAL,True,True,True,0
2,1365,EXTRA_VERIFICATION,SHARE_DOCUMENT,1,B1-PER-ACTION-OBLIVIOUS,True,True,True,0
2,1365,EXTRA_VERIFICATION,SHARE_DOCUMENT,1,B2-ADAPTIVE-OBLIVIOUS,True,True,True,0
2,1366,EXTRA_VERIFICATION,SHARE_DOCUMENT,0,B0-NATURAL,True,True,True,0
2,1366,EXTRA_VERIFICATION,SHARE_DOCUMENT,0,B1-PER-ACTION-OBLIVIOUS,True,True,True,0
2,1366,EXTRA_VERIFICATION,SHARE_DOCUMENT,0,B2-ADAPTIVE-OBLIVIOUS,True,True,True,0
2,1367,EXTRA_VERIFICATION,SHARE_DOCUMENT,1,B0-NATURAL,True,True,True,0
2,1367,EXTRA_VERIFICATION,SHARE_DOCUMENT,1,B1-PER-ACTION-OBLIVIOUS,True,True,True,0
2,1367,EXTRA_VERIFICATION,SHARE_DOCUMENT,1,B2-ADAPTIVE-OBLIVIOUS,True,True,True,0
2,1368,EXTRA_VERIFICATION,SHARE_DOCUMENT,0,B0-NATURAL,True,True,True,0
2,1368,EXTRA_VERIFICATION,SHARE_DOCUMENT,0,B1-PER-ACTION-OBLIVIOUS,True,True,True,0
2,1368,EXTRA_VERIFICATION,SHARE_DOCUMENT,0,B2-ADAPTIVE-OBLIVIOUS,True,True,True,0
2,1369,EXTRA_VERIFICATION,SHARE_DOCUMENT,1,B0-NATURAL,True,True,True,0
2,1369,EXTRA_VERIFICATION,SHARE_DOCUMENT,1,B1-PER-ACTION-OBLIVIOUS,True,True,True,0
2,1369,EXTRA_VERIFICATION,SHARE_DOCUMENT,1,B2-ADAPTIVE-OBLIVIOUS,True,True,True,0
2,1370,EXTRA_VERIFICATION,SHARE_DOCUMENT,0,B0-NATURAL,True,True,True,0
2,1370,EXTRA_VERIFICATION,SHARE_DOCUMENT,0,B1-PER-ACTION-OBLIVIOUS,True,True,True,0
2,1370,EXTRA_VERIFICATION,SHARE_DOCUMENT,0,B2-ADAPTIVE-OBLIVIOUS,True,True,True,0
2,1371,EXTRA_VERIFICATION,SHARE_DOCUMENT,1,B0-NATURAL,True,True,True,0
2,1371,EXTRA_VERIFICATION,SHARE_DOCUMENT,1,B1-PER-ACTION-OBLIVIOUS,True,True,True,0
2,1371,EXTRA_VERIFICATION,SHARE_DOCUMENT,1,B2-ADAPTIVE-OBLIVIOUS,True,True,True,0
2,1372,EXTRA_VERIFICATION,SHARE_DOCUMENT,0,B0-NATURAL,True,True,True,0
2,1372,EXTRA_VERIFICATION,SHARE_DOCUMENT,0,B1-PER-ACTION-OBLIVIOUS,True,True,True,0
2,1372,EXTRA_VERIFICATION,SHARE_DOCUMENT,0,B2-ADAPTIVE-OBLIVIOUS,True,True,True,0
2,1373,EXTRA_VERIFICATION,SHARE_DOCUMENT,1,B0-NATURAL,True,True,True,0
2,1373,EXTRA_VERIFICATION,SHARE_DOCUMENT,1,B1-PER-ACTION-OBLIVIOUS,True,True,True,0
2,1373,EXTRA_VERIFICATION,SHARE_DOCUMENT,1,B2-ADAPTIVE-OBLIVIOUS,True,True,True,0
2,1374,EXTRA_VERIFICATION,SHARE_DOCUMENT,0,B0-NATURAL,True,True,True,0
2,1374,EXTRA_VERIFICATION,SHARE_DOCUMENT,0,B1-PER-ACTION-OBLIVIOUS,True,True,True,0
2,1374,EXTRA_VERIFICATION,SHARE_DOCUMENT,0,B2-ADAPTIVE-OBLIVIOUS,True,True,True,0
2,1375,EXTRA_VERIFICATION,SHARE_DOCUMENT,1,B0-NATURAL,True,True,True,0
2,1375,EXTRA_VERIFICATION,SHARE_DOCUMENT,1,B1-PER-ACTION-OBLIVIOUS,True,True,True,0
2,1375,EXTRA_VERIFICATION,SHARE_DOCUMENT,1,B2-ADAPTIVE-OBLIVIOUS,True,True,True,0
2,1376,EXTRA_VERIFICATION,SHARE_DOCUMENT,0,B0-NATURAL,True,True,True,0
2,1376,EXTRA_VERIFICATION,SHARE_DOCUMENT,0,B1-PER-ACTION-OBLIVIOUS,True,True,True,0
2,1376,EXTRA_VERIFICATION,SHARE_DOCUMENT,0,B2-ADAPTIVE-OBLIVIOUS,True,True,True,0
2,1377,EXTRA_VERIFICATION,SHARE_DOCUMENT,1,B0-NATURAL,True,True,True,0
2,1377,EXTRA_VERIFICATION,SHARE_DOCUMENT,1,B1-PER-ACTION-OBLIVIOUS,True,True,True,0
2,1377,EXTRA_VERIFICATION,SHARE_DOCUMENT,1,B2-ADAPTIVE-OBLIVIOUS,True,True,True,0
2,1378,EXTRA_VERIFICATION,SHARE_DOCUMENT,0,B0-NATURAL,True,True,True,0
2,1378,EXTRA_VERIFICATION,SHARE_DOCUMENT,0,B1-PER-ACTION-OBLIVIOUS,True,True,True,0
2,1378,EXTRA_VERIFICATION,SHARE_DOCUMENT,0,B2-ADAPTIVE-OBLIVIOUS,True,True,True,0
2,1379,EXTRA_VERIFICATION,SHARE_DOCUMENT,1,B0-NATURAL,True,True,True,0
2,1379,EXTRA_VERIFICATION,SHARE_DOCUMENT,1,B1-PER-ACTION-OBLIVIOUS,True,True,True,0
2,1379,EXTRA_VERIFICATION,SHARE_DOCUMENT,1,B2-ADAPTIVE-OBLIVIOUS,True,True,True,0
2,1380,EXTRA_VERIFICATION,SHARE_DOCUMENT,0,B0-NATURAL,True,True,True,0
2,1380,EXTRA_VERIFICATION,SHARE_DOCUMENT,0,B1-PER-ACTION-OBLIVIOUS,True,True,True,0
2,1380,EXTRA_VERIFICATION,SHARE_DOCUMENT,0,B2-ADAPTIVE-OBLIVIOUS,True,True,True,0
2,1381,EXTRA_VERIFICATION,SHARE_DOCUMENT,1,B0-NATURAL,True,True,True,0
2,1381,EXTRA_VERIFICATION,SHARE_DOCUMENT,1,B1-PER-ACTION-OBLIVIOUS,True,True,True,0
2,1381,EXTRA_VERIFICATION,SHARE_DOCUMENT,1,B2-ADAPTIVE-OBLIVIOUS,True,True,True,0
2,1382,EXTRA_VERIFICATION,SHARE_DOCUMENT,0,B0-NATURAL,True,True,True,0
2,1382,EXTRA_VERIFICATION,SHARE_DOCUMENT,0,B1-PER-ACTION-OBLIVIOUS,True,True,True,0
2,1382,EXTRA_VERIFICATION,SHARE_DOCUMENT,0,B2-ADAPTIVE-OBLIVIOUS,True,True,True,0
2,1383,EXTRA_VERIFICATION,SHARE_DOCUMENT,1,B0-NATURAL,True,True,True,0
2,1383,EXTRA_VERIFICATION,SHARE_DOCUMENT,1,B1-PER-ACTION-OBLIVIOUS,True,True,True,0
2,1383,EXTRA_VERIFICATION,SHARE_DOCUMENT,1,B2-ADAPTIVE-OBLIVIOUS,True,True,True,0
2,1384,EXTRA_VERIFICATION,SHARE_DOCUMENT,0,B0-NATURAL,True,True,True,0
2,1384,EXTRA_VERIFICATION,SHARE_DOCUMENT,0,B1-PER-ACTION-OBLIVIOUS,True,True,True,0
2,1384,EXTRA_VERIFICATION,SHARE_DOCUMENT,0,B2-ADAPTIVE-OBLIVIOUS,True,True,True,0
2,1385,EXTRA_VERIFICATION,SHARE_DOCUMENT,1,B0-NATURAL,True,True,True,0
2,1385,EXTRA_VERIFICATION,SHARE_DOCUMENT,1,B1-PER-ACTION-OBLIVIOUS,True,True,True,0
2,1385,EXTRA_VERIFICATION,SHARE_DOCUMENT,1,B2-ADAPTIVE-OBLIVIOUS,True,True,True,0
2,1386,EXTRA_VERIFICATION,SHARE_DOCUMENT,0,B0-NATURAL,True,True,True,0
2,1386,EXTRA_VERIFICATION,SHARE_DOCUMENT,0,B1-PER-ACTION-OBLIVIOUS,True,True,True,0
2,1386,EXTRA_VERIFICATION,SHARE_DOCUMENT,0,B2-ADAPTIVE-OBLIVIOUS,True,True,True,0
2,1387,EXTRA_VERIFICATION,SHARE_DOCUMENT,1,B0-NATURAL,True,True,True,0
2,1387,EXTRA_VERIFICATION,SHARE_DOCUMENT,1,B1-PER-ACTION-OBLIVIOUS,True,True,True,0
2,1387,EXTRA_VERIFICATION,SHARE_DOCUMENT,1,B2-ADAPTIVE-OBLIVIOUS,True,True,True,0
2,1388,EXTRA_VERIFICATION,SHARE_DOCUMENT,0,B0-NATURAL,True,True,True,0
2,1388,EXTRA_VERIFICATION,SHARE_DOCUMENT,0,B1-PER-ACTION-OBLIVIOUS,True,True,True,0
2,1388,EXTRA_VERIFICATION,SHARE_DOCUMENT,0,B2-ADAPTIVE-OBLIVIOUS,True,True,True,0
2,1389,EXTRA_VERIFICATION,SHARE_DOCUMENT,1,B0-NATURAL,True,True,True,0
2,1389,EXTRA_VERIFICATION,SHARE_DOCUMENT,1,B1-PER-ACTION-OBLIVIOUS,True,True,True,0
2,1389,EXTRA_VERIFICATION,SHARE_DOCUMENT,1,B2-ADAPTIVE-OBLIVIOUS,True,True,True,0
2,1390,EXTRA_VERIFICATION,SHARE_DOCUMENT,0,B0-NATURAL,True,True,True,0
2,1390,EXTRA_VERIFICATION,SHARE_DOCUMENT,0,B1-PER-ACTION-OBLIVIOUS,True,True,True,0
2,1390,EXTRA_VERIFICATION,SHARE_DOCUMENT,0,B2-ADAPTIVE-OBLIVIOUS,True,True,True,0
2,1391,EXTRA_VERIFICATION,SHARE_DOCUMENT,1,B0-NATURAL,True,True,True,0
2,1391,EXTRA_VERIFICATION,SHARE_DOCUMENT,1,B1-PER-ACTION-OBLIVIOUS,True,True,True,0
2,1391,EXTRA_VERIFICATION,SHARE_DOCUMENT,1,B2-ADAPTIVE-OBLIVIOUS,True,True,True,0
2,1392,EXTRA_VERIFICATION,SHARE_DOCUMENT,0,B0-NATURAL,True,True,True,0
2,1392,EXTRA_VERIFICATION,SHARE_DOCUMENT,0,B1-PER-ACTION-OBLIVIOUS,True,True,True,0
2,1392,EXTRA_VERIFICATION,SHARE_DOCUMENT,0,B2-ADAPTIVE-OBLIVIOUS,True,True,True,0
2,1393,EXTRA_VERIFICATION,SHARE_DOCUMENT,1,B0-NATURAL,True,True,True,0
2,1393,EXTRA_VERIFICATION,SHARE_DOCUMENT,1,B1-PER-ACTION-OBLIVIOUS,True,True,True,0
2,1393,EXTRA_VERIFICATION,SHARE_DOCUMENT,1,B2-ADAPTIVE-OBLIVIOUS,True,True,True,0
2,1394,EXTRA_VERIFICATION,SHARE_DOCUMENT,0,B0-NATURAL,True,True,True,0
2,1394,EXTRA_VERIFICATION,SHARE_DOCUMENT,0,B1-PER-ACTION-OBLIVIOUS,True,True,True,0
2,1394,EXTRA_VERIFICATION,SHARE_DOCUMENT,0,B2-ADAPTIVE-OBLIVIOUS,True,True,True,0
2,1395,EXTRA_VERIFICATION,SHARE_DOCUMENT,1,B0-NATURAL,True,True,True,0
2,1395,EXTRA_VERIFICATION,SHARE_DOCUMENT,1,B1-PER-ACTION-OBLIVIOUS,True,True,True,0
2,1395,EXTRA_VERIFICATION,SHARE_DOCUMENT,1,B2-ADAPTIVE-OBLIVIOUS,True,True,True,0
2,1396,EXTRA_VERIFICATION,SHARE_DOCUMENT,0,B0-NATURAL,True,True,True,0
2,1396,EXTRA_VERIFICATION,SHARE_DOCUMENT,0,B1-PER-ACTION-OBLIVIOUS,True,True,True,0
2,1396,EXTRA_VERIFICATION,SHARE_DOCUMENT,0,B2-ADAPTIVE-OBLIVIOUS,True,True,True,0
2,1397,EXTRA_VERIFICATION,SHARE_DOCUMENT,1,B0-NATURAL,True,True,True,0
2,1397,EXTRA_VERIFICATION,SHARE_DOCUMENT,1,B1-PER-ACTION-OBLIVIOUS,True,True,True,0
2,1397,EXTRA_VERIFICATION,SHARE_DOCUMENT,1,B2-ADAPTIVE-OBLIVIOUS,True,True,True,0
2,1398,EXTRA_VERIFICATION,SHARE_DOCUMENT,0,B0-NATURAL,True,True,True,0
2,1398,EXTRA_VERIFICATION,SHARE_DOCUMENT,0,B1-PER-ACTION-OBLIVIOUS,True,True,True,0
2,1398,EXTRA_VERIFICATION,SHARE_DOCUMENT,0,B2-ADAPTIVE-OBLIVIOUS,True,True,True,0
2,1399,EXTRA_VERIFICATION,SHARE_DOCUMENT,1,B0-NATURAL,True,True,True,0
2,1399,EXTRA_VERIFICATION,SHARE_DOCUMENT,1,B1-PER-ACTION-OBLIVIOUS,True,True,True,0
2,1399,EXTRA_VERIFICATION,SHARE_DOCUMENT,1,B2-ADAPTIVE-OBLIVIOUS,True,True,True,0
2,1400,EXTRA_VERIFICATION,SHARE_DOCUMENT,0,B0-NATURAL,True,True,True,0
2,1400,EXTRA_VERIFICATION,SHARE_DOCUMENT,0,B1-PER-ACTION-OBLIVIOUS,True,True,True,0
2,1400,EXTRA_VERIFICATION,SHARE_DOCUMENT,0,B2-ADAPTIVE-OBLIVIOUS,True,True,True,0
2,1401,EXTRA_VERIFICATION,SHARE_DOCUMENT,1,B0-NATURAL,True,True,True,0
2,1401,EXTRA_VERIFICATION,SHARE_DOCUMENT,1,B1-PER-ACTION-OBLIVIOUS,True,True,True,0
2,1401,EXTRA_VERIFICATION,SHARE_DOCUMENT,1,B2-ADAPTIVE-OBLIVIOUS,True,True,True,0
2,1402,EXTRA_VERIFICATION,SHARE_DOCUMENT,0,B0-NATURAL,True,True,True,0
2,1402,EXTRA_VERIFICATION,SHARE_DOCUMENT,0,B1-PER-ACTION-OBLIVIOUS,True,True,True,0
2,1402,EXTRA_VERIFICATION,SHARE_DOCUMENT,0,B2-ADAPTIVE-OBLIVIOUS,True,True,True,0
2,1403,EXTRA_VERIFICATION,SHARE_DOCUMENT,1,B0-NATURAL,True,True,True,0
2,1403,EXTRA_VERIFICATION,SHARE_DOCUMENT,1,B1-PER-ACTION-OBLIVIOUS,True,True,True,0
2,1403,EXTRA_VERIFICATION,SHARE_DOCUMENT,1,B2-ADAPTIVE-OBLIVIOUS,True,True,True,0
2,1404,EXTRA_VERIFICATION,SHARE_DOCUMENT,0,B0-NATURAL,True,True,True,0
2,1404,EXTRA_VERIFICATION,SHARE_DOCUMENT,0,B1-PER-ACTION-OBLIVIOUS,True,True,True,0
2,1404,EXTRA_VERIFICATION,SHARE_DOCUMENT,0,B2-ADAPTIVE-OBLIVIOUS,True,True,True,0
2,1405,EXTRA_VERIFICATION,SHARE_DOCUMENT,1,B0-NATURAL,True,True,True,0
2,1405,EXTRA_VERIFICATION,SHARE_DOCUMENT,1,B1-PER-ACTION-OBLIVIOUS,True,True,True,0
2,1405,EXTRA_VERIFICATION,SHARE_DOCUMENT,1,B2-ADAPTIVE-OBLIVIOUS,True,True,True,0
2,1406,EXTRA_VERIFICATION,SHARE_DOCUMENT,0,B0-NATURAL,True,True,True,0
2,1406,EXTRA_VERIFICATION,SHARE_DOCUMENT,0,B1-PER-ACTION-OBLIVIOUS,True,True,True,0
2,1406,EXTRA_VERIFICATION,SHARE_DOCUMENT,0,B2-ADAPTIVE-OBLIVIOUS,True,True,True,0
2,1407,EXTRA_VERIFICATION,SHARE_DOCUMENT,1,B0-NATURAL,True,True,True,0
2,1407,EXTRA_VERIFICATION,SHARE_DOCUMENT,1,B1-PER-ACTION-OBLIVIOUS,True,True,True,0
2,1407,EXTRA_VERIFICATION,SHARE_DOCUMENT,1,B2-ADAPTIVE-OBLIVIOUS,True,True,True,0
2,1408,EXTRA_VERIFICATION,SHARE_DOCUMENT,0,B0-NATURAL,True,True,True,0
2,1408,EXTRA_VERIFICATION,SHARE_DOCUMENT,0,B1-PER-ACTION-OBLIVIOUS,True,True,True,0
2,1408,EXTRA_VERIFICATION,SHARE_DOCUMENT,0,B2-ADAPTIVE-OBLIVIOUS,True,True,True,0
2,1409,EXTRA_VERIFICATION,SHARE_DOCUMENT,1,B0-NATURAL,True,True,True,0
2,1409,EXTRA_VERIFICATION,SHARE_DOCUMENT,1,B1-PER-ACTION-OBLIVIOUS,True,True,True,0
2,1409,EXTRA_VERIFICATION,SHARE_DOCUMENT,1,B2-ADAPTIVE-OBLIVIOUS,True,True,True,0
2,1410,EXTRA_VERIFICATION,SHARE_DOCUMENT,0,B0-NATURAL,True,True,True,0
2,1410,EXTRA_VERIFICATION,SHARE_DOCUMENT,0,B1-PER-ACTION-OBLIVIOUS,True,True,True,0
2,1410,EXTRA_VERIFICATION,SHARE_DOCUMENT,0,B2-ADAPTIVE-OBLIVIOUS,True,True,True,0
2,1411,EXTRA_VERIFICATION,SHARE_DOCUMENT,1,B0-NATURAL,True,True,True,0
2,1411,EXTRA_VERIFICATION,SHARE_DOCUMENT,1,B1-PER-ACTION-OBLIVIOUS,True,True,True,0
2,1411,EXTRA_VERIFICATION,SHARE_DOCUMENT,1,B2-ADAPTIVE-OBLIVIOUS,True,True,True,0
2,1412,EXTRA_VERIFICATION,SHARE_DOCUMENT,0,B0-NATURAL,True,True,True,0
2,1412,EXTRA_VERIFICATION,SHARE_DOCUMENT,0,B1-PER-ACTION-OBLIVIOUS,True,True,True,0
2,1412,EXTRA_VERIFICATION,SHARE_DOCUMENT,0,B2-ADAPTIVE-OBLIVIOUS,True,True,True,0
2,1413,EXTRA_VERIFICATION,SHARE_DOCUMENT,1,B0-NATURAL,True,True,True,0
2,1413,EXTRA_VERIFICATION,SHARE_DOCUMENT,1,B1-PER-ACTION-OBLIVIOUS,True,True,True,0
2,1413,EXTRA_VERIFICATION,SHARE_DOCUMENT,1,B2-ADAPTIVE-OBLIVIOUS,True,True,True,0
2,1414,EXTRA_VERIFICATION,SHARE_DOCUMENT,0,B0-NATURAL,True,True,True,0
2,1414,EXTRA_VERIFICATION,SHARE_DOCUMENT,0,B1-PER-ACTION-OBLIVIOUS,True,True,True,0
2,1414,EXTRA_VERIFICATION,SHARE_DOCUMENT,0,B2-ADAPTIVE-OBLIVIOUS,True,True,True,0
2,1415,EXTRA_VERIFICATION,SHARE_DOCUMENT,1,B0-NATURAL,True,True,True,0
2,1415,EXTRA_VERIFICATION,SHARE_DOCUMENT,1,B1-PER-ACTION-OBLIVIOUS,True,True,True,0
2,1415,EXTRA_VERIFICATION,SHARE_DOCUMENT,1,B2-ADAPTIVE-OBLIVIOUS,True,True,True,0
2,1416,EXTRA_VERIFICATION,SHARE_DOCUMENT,0,B0-NATURAL,True,True,True,0
2,1416,EXTRA_VERIFICATION,SHARE_DOCUMENT,0,B1-PER-ACTION-OBLIVIOUS,True,True,True,0
2,1416,EXTRA_VERIFICATION,SHARE_DOCUMENT,0,B2-ADAPTIVE-OBLIVIOUS,True,True,True,0
2,1417,EXTRA_VERIFICATION,SHARE_DOCUMENT,1,B0-NATURAL,True,True,True,0
2,1417,EXTRA_VERIFICATION,SHARE_DOCUMENT,1,B1-PER-ACTION-OBLIVIOUS,True,True,True,0
2,1417,EXTRA_VERIFICATION,SHARE_DOCUMENT,1,B2-ADAPTIVE-OBLIVIOUS,True,True,True,0
2,1418,EXTRA_VERIFICATION,SHARE_DOCUMENT,0,B0-NATURAL,True,True,True,0
2,1418,EXTRA_VERIFICATION,SHARE_DOCUMENT,0,B1-PER-ACTION-OBLIVIOUS,True,True,True,0
2,1418,EXTRA_VERIFICATION,SHARE_DOCUMENT,0,B2-ADAPTIVE-OBLIVIOUS,True,True,True,0
2,1419,EXTRA_VERIFICATION,SHARE_DOCUMENT,1,B0-NATURAL,True,True,True,0
2,1419,EXTRA_VERIFICATION,SHARE_DOCUMENT,1,B1-PER-ACTION-OBLIVIOUS,True,True,True,0
2,1419,EXTRA_VERIFICATION,SHARE_DOCUMENT,1,B2-ADAPTIVE-OBLIVIOUS,True,True,True,0
2,1420,EXTRA_VERIFICATION,SHARE_DOCUMENT,0,B0-NATURAL,True,True,True,0
2,1420,EXTRA_VERIFICATION,SHARE_DOCUMENT,0,B1-PER-ACTION-OBLIVIOUS,True,True,True,0
2,1420,EXTRA_VERIFICATION,SHARE_DOCUMENT,0,B2-ADAPTIVE-OBLIVIOUS,True,True,True,0
2,1421,EXTRA_VERIFICATION,SHARE_DOCUMENT,1,B0-NATURAL,True,True,True,0
2,1421,EXTRA_VERIFICATION,SHARE_DOCUMENT,1,B1-PER-ACTION-OBLIVIOUS,True,True,True,0
2,1421,EXTRA_VERIFICATION,SHARE_DOCUMENT,1,B2-ADAPTIVE-OBLIVIOUS,True,True,True,0
2,1422,EXTRA_VERIFICATION,SHARE_DOCUMENT,0,B0-NATURAL,True,True,True,0
2,1422,EXTRA_VERIFICATION,SHARE_DOCUMENT,0,B1-PER-ACTION-OBLIVIOUS,True,True,True,0
2,1422,EXTRA_VERIFICATION,SHARE_DOCUMENT,0,B2-ADAPTIVE-OBLIVIOUS,True,True,True,0
2,1423,EXTRA_VERIFICATION,SHARE_DOCUMENT,1,B0-NATURAL,True,True,True,0
2,1423,EXTRA_VERIFICATION,SHARE_DOCUMENT,1,B1-PER-ACTION-OBLIVIOUS,True,True,True,0
2,1423,EXTRA_VERIFICATION,SHARE_DOCUMENT,1,B2-ADAPTIVE-OBLIVIOUS,True,True,True,0
2,1424,EXTRA_VERIFICATION,SHARE_DOCUMENT,0,B0-NATURAL,True,True,True,0
2,1424,EXTRA_VERIFICATION,SHARE_DOCUMENT,0,B1-PER-ACTION-OBLIVIOUS,True,True,True,0
2,1424,EXTRA_VERIFICATION,SHARE_DOCUMENT,0,B2-ADAPTIVE-OBLIVIOUS,True,True,True,0
2,1425,EXTRA_VERIFICATION,SHARE_DOCUMENT,1,B0-NATURAL,True,True,True,0
2,1425,EXTRA_VERIFICATION,SHARE_DOCUMENT,1,B1-PER-ACTION-OBLIVIOUS,True,True,True,0
2,1425,EXTRA_VERIFICATION,SHARE_DOCUMENT,1,B2-ADAPTIVE-OBLIVIOUS,True,True,True,0
2,1426,EXTRA_VERIFICATION,SHARE_DOCUMENT,0,B0-NATURAL,True,True,True,0
2,1426,EXTRA_VERIFICATION,SHARE_DOCUMENT,0,B1-PER-ACTION-OBLIVIOUS,True,True,True,0
2,1426,EXTRA_VERIFICATION,SHARE_DOCUMENT,0,B2-ADAPTIVE-OBLIVIOUS,True,True,True,0
2,1427,EXTRA_VERIFICATION,SHARE_DOCUMENT,1,B0-NATURAL,True,True,True,0
2,1427,EXTRA_VERIFICATION,SHARE_DOCUMENT,1,B1-PER-ACTION-OBLIVIOUS,True,True,True,0
2,1427,EXTRA_VERIFICATION,SHARE_DOCUMENT,1,B2-ADAPTIVE-OBLIVIOUS,True,True,True,0
2,1428,EXTRA_VERIFICATION,SHARE_DOCUMENT,0,B0-NATURAL,True,True,True,0
2,1428,EXTRA_VERIFICATION,SHARE_DOCUMENT,0,B1-PER-ACTION-OBLIVIOUS,True,True,True,0
2,1428,EXTRA_VERIFICATION,SHARE_DOCUMENT,0,B2-ADAPTIVE-OBLIVIOUS,True,True,True,0
2,1429,EXTRA_VERIFICATION,SHARE_DOCUMENT,1,B0-NATURAL,True,True,True,0
2,1429,EXTRA_VERIFICATION,SHARE_DOCUMENT,1,B1-PER-ACTION-OBLIVIOUS,True,True,True,0
2,1429,EXTRA_VERIFICATION,SHARE_DOCUMENT,1,B2-ADAPTIVE-OBLIVIOUS,True,True,True,0
2,1430,EXTRA_VERIFICATION,SHARE_DOCUMENT,0,B0-NATURAL,True,True,True,0
2,1430,EXTRA_VERIFICATION,SHARE_DOCUMENT,0,B1-PER-ACTION-OBLIVIOUS,True,True,True,0
2,1430,EXTRA_VERIFICATION,SHARE_DOCUMENT,0,B2-ADAPTIVE-OBLIVIOUS,True,True,True,0
2,1431,EXTRA_VERIFICATION,SHARE_DOCUMENT,1,B0-NATURAL,True,True,True,0
2,1431,EXTRA_VERIFICATION,SHARE_DOCUMENT,1,B1-PER-ACTION-OBLIVIOUS,True,True,True,0
2,1431,EXTRA_VERIFICATION,SHARE_DOCUMENT,1,B2-ADAPTIVE-OBLIVIOUS,True,True,True,0
2,1432,EXTRA_VERIFICATION,SHARE_DOCUMENT,0,B0-NATURAL,True,True,True,0
2,1432,EXTRA_VERIFICATION,SHARE_DOCUMENT,0,B1-PER-ACTION-OBLIVIOUS,True,True,True,0
2,1432,EXTRA_VERIFICATION,SHARE_DOCUMENT,0,B2-ADAPTIVE-OBLIVIOUS,True,True,True,0
2,1433,EXTRA_VERIFICATION,SHARE_DOCUMENT,1,B0-NATURAL,True,True,True,0
2,1433,EXTRA_VERIFICATION,SHARE_DOCUMENT,1,B1-PER-ACTION-OBLIVIOUS,True,True,True,0
2,1433,EXTRA_VERIFICATION,SHARE_DOCUMENT,1,B2-ADAPTIVE-OBLIVIOUS,True,True,True,0
2,1434,EXTRA_VERIFICATION,SHARE_DOCUMENT,0,B0-NATURAL,True,True,True,0
2,1434,EXTRA_VERIFICATION,SHARE_DOCUMENT,0,B1-PER-ACTION-OBLIVIOUS,True,True,True,0
2,1434,EXTRA_VERIFICATION,SHARE_DOCUMENT,0,B2-ADAPTIVE-OBLIVIOUS,True,True,True,0
2,1435,EXTRA_VERIFICATION,SHARE_DOCUMENT,1,B0-NATURAL,True,True,True,0
2,1435,EXTRA_VERIFICATION,SHARE_DOCUMENT,1,B1-PER-ACTION-OBLIVIOUS,True,True,True,0
2,1435,EXTRA_VERIFICATION,SHARE_DOCUMENT,1,B2-ADAPTIVE-OBLIVIOUS,True,True,True,0
2,1436,EXTRA_VERIFICATION,SHARE_DOCUMENT,0,B0-NATURAL,True,True,True,0
2,1436,EXTRA_VERIFICATION,SHARE_DOCUMENT,0,B1-PER-ACTION-OBLIVIOUS,True,True,True,0
2,1436,EXTRA_VERIFICATION,SHARE_DOCUMENT,0,B2-ADAPTIVE-OBLIVIOUS,True,True,True,0
2,1437,EXTRA_VERIFICATION,SHARE_DOCUMENT,1,B0-NATURAL,True,True,True,0
2,1437,EXTRA_VERIFICATION,SHARE_DOCUMENT,1,B1-PER-ACTION-OBLIVIOUS,True,True,True,0
2,1437,EXTRA_VERIFICATION,SHARE_DOCUMENT,1,B2-ADAPTIVE-OBLIVIOUS,True,True,True,0
2,1438,EXTRA_VERIFICATION,SHARE_DOCUMENT,0,B0-NATURAL,True,True,True,0
2,1438,EXTRA_VERIFICATION,SHARE_DOCUMENT,0,B1-PER-ACTION-OBLIVIOUS,True,True,True,0
2,1438,EXTRA_VERIFICATION,SHARE_DOCUMENT,0,B2-ADAPTIVE-OBLIVIOUS,True,True,True,0
2,1439,EXTRA_VERIFICATION,SHARE_DOCUMENT,1,B0-NATURAL,True,True,True,0
2,1439,EXTRA_VERIFICATION,SHARE_DOCUMENT,1,B1-PER-ACTION-OBLIVIOUS,True,True,True,0
2,1439,EXTRA_VERIFICATION,SHARE_DOCUMENT,1,B2-ADAPTIVE-OBLIVIOUS,True,True,True,0
