target,record_count,record_bytes,profile,architecture,privacy,modeled_parallel_ms,logical_accesses,physical_paths,physical_blocks,physical_blocks_4k_equiv,bytes_action,tree_storage_bytes,position_map_bytes,stash_bytes,trusted_state_bytes,dummy_fraction,rounds_serial,rounds_parallel,local_compute_us,storage_amplification,read_write_amplification,logical_block_counts,block_sizes,tree_heights
permission,4,64,LOCAL,CANONICAL-MODULAR,pass,0.4978288,4,4,344,125.375,513536,276808448,49168,24576,74000,0.25,4,3,72,7.999489527924302,116.28985507246377,data:8192;perm:4;hist:4096,data:4096;perm:64;hist:256,data:13;perm:2;hist:12
permission,4,64,DATACENTER,CANONICAL-MODULAR,pass,2.726144,4,4,344,125.375,513536,276808448,49168,24576,74000,0.25,4,3,72,7.999489527924302,116.28985507246377,data:8192;perm:4;hist:4096,data:4096;perm:64;hist:256,data:13;perm:2;hist:12
permission,4,64,REMOTE,CANONICAL-MODULAR,pass,35.613440000000004,4,4,344,125.375,513536,276808448,49168,24576,74000,0.25,4,3,72,7.999489527924302,116.28985507246377,data:8192;perm:4;hist:4096,data:4096;perm:64;hist:256,data:13;perm:2;hist:12
permission,4,64,LOCAL,SCAN-PERMISSION,pass,0.47880480000000003,3,3,320,125.0625,512256,276806912,49152,24576,73728,0.25,3,3,54,7.999445139048155,116.0,data:8192;hist:4096;perm-scan:4,data:4096;hist:256;perm:64,data:13;hist:12;perm:scan
permission,4,64,DATACENTER,SCAN-PERMISSION,pass,2.703024,3,3,320,125.0625,512256,276806912,49152,24576,73728,0.25,3,3,54,7.999445139048155,116.0,data:8192;hist:4096;perm-scan:4,data:4096;hist:256;perm:64,data:13;hist:12;perm:scan
permission,4,64,REMOTE,SCAN-PERMISSION,pass,35.54424,3,3,320,125.0625,512256,276806912,49152,24576,73728,0.25,3,3,54,7.999445139048155,116.0,data:8192;hist:4096;perm-scan:4,data:4096;hist:256;perm:64,data:13;hist:12;perm:scan
permission,8,64,LOCAL,CANONICAL-MODULAR,pass,0.4982384,4,4,352,125.5,514048,276810496,49184,24576,74016,0.25,4,3,72,7.999489531700821,116.40579710144928,data:8192;perm:8;hist:4096,data:4096;perm:64;hist:256,data:13;perm:3;hist:12
permission,8,64,DATACENTER,CANONICAL-MODULAR,pass,2.728192,4,4,352,125.5,514048,276810496,49184,24576,74016,0.25,4,3,72,7.999489531700821,116.40579710144928,data:8192;perm:8;hist:4096,data:4096;perm:64;hist:256,data:13;perm:3;hist:12
permission,8,64,REMOTE,CANONICAL-MODULAR,pass,35.63392,4,4,352,125.5,514048,276810496,49184,24576,74016,0.25,4,3,72,7.999489531700821,116.40579710144928,data:8192;perm:8;hist:4096,data:4096;perm:64;hist:256,data:13;perm:3;hist:12
permission,8,64,LOCAL,SCAN-PERMISSION,pass,0.4790096,3,3,320,125.125,512512,276807168,49152,24576,73728,0.25,3,3,54,7.99939335651402,116.05797101449275,data:8192;hist:4096;perm-scan:8,data:4096;hist:256;perm:64,data:13;hist:12;perm:scan
permission,8,64,DATACENTER,SCAN-PERMISSION,pass,2.704048,3,3,320,125.125,512512,276807168,49152,24576,73728,0.25,3,3,54,7.99939335651402,116.05797101449275,data:8192;hist:4096;perm-scan:8,data:4096;hist:256;perm:64,data:13;hist:12;perm:scan
permission,8,64,REMOTE,SCAN-PERMISSION,pass,35.55448,3,3,320,125.125,512512,276807168,49152,24576,73728,0.25,3,3,54,7.99939335651402,116.05797101449275,data:8192;hist:4096;perm-scan:8,data:4096;hist:256;perm:64,data:13;hist:12;perm:scan
permission,16,64,LOCAL,CANONICAL-MODULAR,pass,0.49864800000000004,4,4,360,125.625,514560,276814592,49216,24576,74048,0.25,4,3,72,7.999489539253692,116.52173913043478,data:8192;perm:16;hist:4096,data:4096;perm:64;hist:256,data:13;perm:4;hist:12
permission,16,64,DATACENTER,CANONICAL-MODULAR,pass,2.7302400000000002,4,4,360,125.625,514560,276814592,49216,24576,74048,0.25,4,3,72,7.999489539253692,116.52173913043478,data:8192;perm:16;hist:4096,data:4096;perm:64;hist:256,data:13;perm:4;hist:12
permission,16,64,REMOTE,CANONICAL-MODULAR,pass,35.6544,4,4,360,125.625,514560,276814592,49216,24576,74048,0.25,4,3,72,7.999489539253692,116.52173913043478,data:8192;perm:16;hist:4096,data:4096;perm:64;hist:256,data:13;perm:4;hist:12
permission,16,64,LOCAL,SCAN-PERMISSION,pass,0.4794192,3,3,320,125.25,513024,276807680,49152,24576,73728,0.25,3,3,54,7.999289793744267,116.17391304347827,data:8192;hist:4096;perm-scan:16,data:4096;hist:256;perm:64,data:13;hist:12;perm:scan
permission,16,64,DATACENTER,SCAN-PERMISSION,pass,2.706096,3,3,320,125.25,513024,276807680,49152,24576,73728,0.25,3,3,54,7.999289793744267,116.17391304347827,data:8192;hist:4096;perm-scan:16,data:4096;hist:256;perm:64,data:13;hist:12;perm:scan
permission,16,64,REMOTE,SCAN-PERMISSION,pass,35.574960000000004,3,3,320,125.25,513024,276807680,49152,24576,73728,0.25,3,3,54,7.999289793744267,116.17391304347827,data:8192;hist:4096;perm-scan:16,data:4096;hist:256;perm:64,data:13;hist:12;perm:scan
permission,32,64,LOCAL,CANONICAL-MODULAR,pass,0.49905760000000005,4,4,368,125.75,515072,276822784,49280,24576,74112,0.25,4,3,72,7.999489554358762,116.6376811594203,data:8192;perm:32;hist:4096,data:4096;perm:64;hist:256,data:13;perm:5;hist:12
permission,32,64,DATACENTER,CANONICAL-MODULAR,pass,2.732288,4,4,368,125.75,515072,276822784,49280,24576,74112,0.25,4,3,72,7.999489554358762,116.6376811594203,data:8192;perm:32;hist:4096,data:4096;perm:64;hist:256,data:13;perm:5;hist:12
permission,32,64,REMOTE,CANONICAL-MODULAR,pass,35.67488,4,4,368,125.75,515072,276822784,49280,24576,74112,0.25,4,3,72,7.999489554358762,116.6376811594203,data:8192;perm:32;hist:4096,data:4096;perm:64;hist:256,data:13;perm:5;hist:12
permission,32,64,LOCAL,SCAN-PERMISSION,pass,0.4802384,3,3,320,125.5,514048,276808704,49152,24576,73728,0.25,3,3,54,7.999082677398355,116.40579710144928,data:8192;hist:4096;perm-scan:32,data:4096;hist:256;perm:64,data:13;hist:12;perm:scan
permission,32,64,DATACENTER,SCAN-PERMISSION,pass,2.7101919999999997,3,3,320,125.5,514048,276808704,49152,24576,73728,0.25,3,3,54,7.999082677398355,116.40579710144928,data:8192;hist:4096;perm-scan:32,data:4096;hist:256;perm:64,data:13;hist:12;perm:scan
permission,32,64,REMOTE,SCAN-PERMISSION,pass,35.61592,3,3,320,125.5,514048,276808704,49152,24576,73728,0.25,3,3,54,7.999082677398355,116.40579710144928,data:8192;hist:4096;perm-scan:32,data:4096;hist:256;perm:64,data:13;hist:12;perm:scan
permission,64,64,LOCAL,CANONICAL-MODULAR,pass,0.4994672,4,4,376,125.875,515584,276839168,49408,24576,74240,0.25,4,3,72,7.999489584566221,116.7536231884058,data:8192;perm:64;hist:4096,data:4096;perm:64;hist:256,data:13;perm:6;hist:12
permission,64,64,DATACENTER,CANONICAL-MODULAR,pass,2.7343360000000003,4,4,376,125.875,515584,276839168,49408,24576,74240,0.25,4,3,72,7.999489584566221,116.7536231884058,data:8192;perm:64;hist:4096,data:4096;perm:64;hist:256,data:13;perm:6;hist:12
permission,64,64,REMOTE,CANONICAL-MODULAR,pass,35.69536000000001,4,4,376,125.875,515584,276839168,49408,24576,74240,0.25,4,3,72,7.999489584566221,116.7536231884058,data:8192;perm:64;hist:4096,data:4096;perm:64;hist:256,data:13;perm:6;hist:12
permission,64,64,LOCAL,SCAN-PERMISSION,pass,0.4818768,3,3,320,126.0,516096,276810752,49152,24576,73728,0.25,3,3,54,7.998668481477098,116.8695652173913,data:8192;hist:4096;perm-scan:64,data:4096;hist:256;perm:64,data:13;hist:12;perm:scan
permission,64,64,DATACENTER,SCAN-PERMISSION,pass,2.718384,3,3,320,126.0,516096,276810752,49152,24576,73728,0.25,3,3,54,7.998668481477098,116.8695652173913,data:8192;hist:4096;perm-scan:64,data:4096;hist:256;perm:64,data:13;hist:12;perm:scan
permission,64,64,REMOTE,SCAN-PERMISSION,pass,35.69784,3,3,320,126.0,516096,276810752,49152,24576,73728,0.25,3,3,54,7.998668481477098,116.8695652173913,data:8192;hist:4096;perm-scan:64,data:4096;hist:256;perm:64,data:13;hist:12;perm:scan
permission,128,64,LOCAL,CANONICAL-MODULAR,pass,0.4998768,4,4,384,126.0,516096,276871936,49664,24576,74496,0.25,4,3,72,7.9994896449704145,116.8695652173913,data:8192;perm:128;hist:4096,data:4096;perm:64;hist:256,data:13;perm:7;hist:12
permission,128,64,DATACENTER,CANONICAL-MODULAR,pass,2.736384,4,4,384,126.0,516096,276871936,49664,24576,74496,0.25,4,3,72,7.9994896449704145,116.8695652173913,data:8192;perm:128;hist:4096,data:4096;perm:64;hist:256,data:13;perm:7;hist:12
permission,128,64,REMOTE,CANONICAL-MODULAR,pass,35.71584,4,4,384,126.0,516096,276871936,49664,24576,74496,0.25,4,3,72,7.9994896449704145,116.8695652173913,data:8192;perm:128;hist:4096,data:4096;perm:64;hist:256,data:13;perm:7;hist:12
permission,128,64,LOCAL,SCAN-PERMISSION,pass,0.4851536,3,3,320,127.0,520192,276814848,49152,24576,73728,0.25,3,3,54,7.9978402366863905,117.79710144927536,data:8192;hist:4096;perm-scan:128,data:4096;hist:256;perm:64,data:13;hist:12;perm:scan
permission,128,64,DATACENTER,SCAN-PERMISSION,pass,2.734768,3,3,320,127.0,520192,276814848,49152,24576,73728,0.25,3,3,54,7.9978402366863905,117.79710144927536,data:8192;hist:4096;perm-scan:128,data:4096;hist:256;perm:64,data:13;hist:12;perm:scan
permission,128,64,REMOTE,SCAN-PERMISSION,pass,35.86168000000001,3,3,320,127.0,520192,276814848,49152,24576,73728,0.25,3,3,54,7.9978402366863905,117.79710144927536,data:8192;hist:4096;perm-scan:128,data:4096;hist:256;perm:64,data:13;hist:12;perm:scan
permission,256,64,LOCAL,CANONICAL-MODULAR,pass,0.5002864,4,4,392,126.125,516608,276937472,50176,24576,75008,0.25,4,3,72,7.9994897657359205,116.98550724637681,data:8192;perm:256;hist:4096,data:4096;perm:64;hist:256,data:13;perm:8;hist:12
permission,256,64,DATACENTER,CANONICAL-MODULAR,pass,2.738432,4,4,392,126.125,516608,276937472,50176,24576,75008,0.25,4,3,72,7.9994897657359205,116.98550724637681,data:8192;perm:256;hist:4096,data:4096;perm:64;hist:256,data:13;perm:8;hist:12
permission,256,64,REMOTE,CANONICAL-MODULAR,pass,35.736320000000006,4,4,392,126.125,516608,276937472,50176,24576,75008,0.25,4,3,72,7.9994897657359205,116.98550724637681,data:8192;perm:256;hist:4096,data:4096;perm:64;hist:256,data:13;perm:8;hist:12
permission,256,64,LOCAL,SCAN-PERMISSION,pass,0.4917072,3,3,320,129.0,528384,276823040,49152,24576,73728,0.25,3,3,54,7.996184335068623,119.65217391304348,data:8192;hist:4096;perm-scan:256,data:4096;hist:256;perm:64,data:13;hist:12;perm:scan
permission,256,64,DATACENTER,SCAN-PERMISSION,pass,2.7675359999999998,3,3,320,129.0,528384,276823040,49152,24576,73728,0.25,3,3,54,7.996184335068623,119.65217391304348,data:8192;hist:4096;perm-scan:256,data:4096;hist:256;perm:64,data:13;hist:12;perm:scan
permission,256,64,REMOTE,SCAN-PERMISSION,pass,36.18936,3,3,320,129.0,528384,276823040,49152,24576,73728,0.25,3,3,54,7.996184335068623,119.65217391304348,data:8192;hist:4096;perm-scan:256,data:4096;hist:256;perm:64,data:13;hist:12;perm:scan
permission,512,64,LOCAL,CANONICAL-MODULAR,pass,0.500696,4,4,400,126.25,517120,277068544,51200,24576,76032,0.25,4,3,72,7.999490007095553,117.10144927536231,data:8192;perm:512;hist:4096,data:4096;perm:64;hist:256,data:13;perm:9;hist:12
permission,512,64,DATACENTER,CANONICAL-MODULAR,pass,2.7404800000000002,4,4,400,126.25,517120,277068544,51200,24576,76032,0.25,4,3,72,7.999490007095553,117.10144927536231,data:8192;perm:512;hist:4096,data:4096;perm:64;hist:256,data:13;perm:9;hist:12
permission,512,64,REMOTE,CANONICAL-MODULAR,pass,35.7568,4,4,400,126.25,517120,277068544,51200,24576,76032,0.25,4,3,72,7.999490007095553,117.10144927536231,data:8192;perm:512;hist:4096,data:4096;perm:64;hist:256,data:13;perm:9;hist:12
permission,512,64,LOCAL,SCAN-PERMISSION,pass,0.5048144,3,3,320,133.0,544768,276839424,49152,24576,73728,0.25,3,3,54,7.992874881740776,123.3623188405797,data:8192;hist:4096;perm-scan:512,data:4096;hist:256;perm:64,data:13;hist:12;perm:scan
permission,512,64,DATACENTER,SCAN-PERMISSION,pass,2.833072,3,3,320,133.0,544768,276839424,49152,24576,73728,0.25,3,3,54,7.992874881740776,123.3623188405797,data:8192;hist:4096;perm-scan:512,data:4096;hist:256;perm:64,data:13;hist:12;perm:scan
permission,512,64,REMOTE,SCAN-PERMISSION,pass,36.84472,3,3,320,133.0,544768,276839424,49152,24576,73728,0.25,3,3,54,7.992874881740776,123.3623188405797,data:8192;hist:4096;perm-scan:512,data:4096;hist:256;perm:64,data:13;hist:12;perm:scan
permission,1024,64,LOCAL,CANONICAL-MODULAR,pass,0.5011056,4,4,408,126.375,517632,277330688,53248,24576,78080,0.25,4,3,72,7.999490489130435,117.21739130434783,data:8192;perm:1024;hist:4096,data:4096;perm:64;hist:256,data:13;perm:10;hist:12
permission,1024,64,DATACENTER,CANONICAL-MODULAR,pass,2.742528,4,4,408,126.375,517632,277330688,53248,24576,78080,0.25,4,3,72,7.999490489130435,117.21739130434783,data:8192;perm:1024;hist:4096,data:4096;perm:64;hist:256,data:13;perm:10;hist:12
permission,1024,64,REMOTE,CANONICAL-MODULAR,pass,35.777280000000005,4,4,408,126.375,517632,277330688,53248,24576,78080,0.25,4,3,72,7.999490489130435,117.21739130434783,data:8192;perm:1024;hist:4096,data:4096;perm:64;hist:256,data:13;perm:10;hist:12
permission,1024,64,LOCAL,SCAN-PERMISSION,pass,0.5310288000000001,3,3,320,141.0,577536,276872192,49152,24576,73728,0.25,3,3,54,7.986265359168242,130.7826086956522,data:8192;hist:4096;perm-scan:1024,data:4096;hist:256;perm:64,data:13;hist:12;perm:scan
permission,1024,64,DATACENTER,SCAN-PERMISSION,pass,2.964144,3,3,320,141.0,577536,276872192,49152,24576,73728,0.25,3,3,54,7.986265359168242,130.7826086956522,data:8192;hist:4096;perm-scan:1024,data:4096;hist:256;perm:64,data:13;hist:12;perm:scan
permission,1024,64,REMOTE,SCAN-PERMISSION,pass,38.15544,3,3,320,141.0,577536,276872192,49152,24576,73728,0.25,3,3,54,7.986265359168242,130.7826086956522,data:8192;hist:4096;perm-scan:1024,data:4096;hist:256;perm:64,data:13;hist:12;perm:scan
permission,2048,64,LOCAL,CANONICAL-MODULAR,pass,0.5015151999999999,4,4,416,126.5,518144,277854976,57344,24576,82176,0.25,4,3,72,7.999491450471698,117.33333333333333,data:8192;perm:2048;hist:4096,data:4096;perm:64;hist:256,data:13;perm:11;hist:12
permission,2048,64,DATACENTER,CANONICAL-MODULAR,pass,2.7445760000000003,4,4,416,126.5,518144,277854976,57344,24576,82176,0.25,4,3,72,7.999491450471698,117.33333333333333,data:8192;perm:2048;hist:4096,data:4096;perm:64;hist:256,data:13;perm:11;hist:12
permission,2048,64,REMOTE,CANONICAL-MODULAR,pass,35.797760000000004,4,4,416,126.5,518144,277854976,57344,24576,82176,0.25,4,3,72,7.999491450471698,117.33333333333333,data:8192;perm:2048;hist:4096,data:4096;perm:64;hist:256,data:13;perm:11;hist:12
permission,2048,64,LOCAL,SCAN-PERMISSION,pass,0.5834576,3,3,320,157.0,643072,276937728,49152,24576,73728,0.25,3,3,54,7.973083726415094,145.6231884057971,data:8192;hist:4096;perm-scan:2048,data:4096;hist:256;perm:64,data:13;hist:12;perm:scan
permission,2048,64,DATACENTER,SCAN-PERMISSION,pass,3.226288,3,3,320,157.0,643072,276937728,49152,24576,73728,0.25,3,3,54,7.973083726415094,145.6231884057971,data:8192;hist:4096;perm-scan:2048,data:4096;hist:256;perm:64,data:13;hist:12;perm:scan
permission,2048,64,REMOTE,SCAN-PERMISSION,pass,40.776880000000006,3,3,320,157.0,643072,276937728,49152,24576,73728,0.25,3,3,54,7.973083726415094,145.6231884057971,data:8192;hist:4096;perm-scan:2048,data:4096;hist:256;perm:64,data:13;hist:12;perm:scan
permission,4096,64,LOCAL,CANONICAL-MODULAR,pass,0.5019248,4,4,424,126.625,518656,278903552,65536,24576,90368,0.25,4,3,72,7.99949336231203,117.44927536231884,data:8192;perm:4096;hist:4096,data:4096;perm:64;hist:256,data:13;perm:12;hist:12
permission,4096,64,DATACENTER,CANONICAL-MODULAR,pass,2.746624,4,4,424,126.625,518656,278903552,65536,24576,90368,0.25,4,3,72,7.99949336231203,117.44927536231884,data:8192;perm:4096;hist:4096,data:4096;perm:64;hist:256,data:13;perm:12;hist:12
permission,4096,64,REMOTE,CANONICAL-MODULAR,pass,35.81824,4,4,424,126.625,518656,278903552,65536,24576,90368,0.25,4,3,72,7.99949336231203,117.44927536231884,data:8192;perm:4096;hist:4096,data:4096;perm:64;hist:256,data:13;perm:12;hist:12
permission,4096,64,LOCAL,SCAN-PERMISSION,pass,0.6883152,3,3,320,189.0,774144,277068800,49152,24576,73728,0.25,3,3,54,7.94686912593985,175.30434782608697,data:8192;hist:4096;perm-scan:4096,data:4096;hist:256;perm:64,data:13;hist:12;perm:scan
permission,4096,64,DATACENTER,SCAN-PERMISSION,pass,3.750576,3,3,320,189.0,774144,277068800,49152,24576,73728,0.25,3,3,54,7.94686912593985,175.30434782608697,data:8192;hist:4096;perm-scan:4096,data:4096;hist:256;perm:64,data:13;hist:12;perm:scan
permission,4096,64,REMOTE,SCAN-PERMISSION,pass,46.019760000000005,3,3,320,189.0,774144,277068800,49152,24576,73728,0.25,3,3,54,7.94686912593985,175.30434782608697,data:8192;hist:4096;perm-scan:4096,data:4096;hist:256;perm:64,data:13;hist:12;perm:scan
permission,4,128,LOCAL,CANONICAL-MODULAR,pass,0.49905760000000005,4,4,344,125.75,515072,276810240,49168,24576,74000,0.25,4,3,72,7.999482133609528,114.97142857142858,data:8192;perm:4;hist:4096,data:4096;perm:128;hist:256,data:13;perm:2;hist:12
permission,4,128,DATACENTER,CANONICAL-MODULAR,pass,2.732288,4,4,344,125.75,515072,276810240,49168,24576,74000,0.25,4,3,72,7.999482133609528,114.97142857142858,data:8192;perm:4;hist:4096,data:4096;perm:128;hist:256,data:13;perm:2;hist:12
permission,4,128,REMOTE,CANONICAL-MODULAR,pass,35.67488,4,4,344,125.75,515072,276810240,49168,24576,74000,0.25,4,3,72,7.999482133609528,114.97142857142858,data:8192;perm:4;hist:4096,data:4096;perm:128;hist:256,data:13;perm:2;hist:12
permission,4,128,LOCAL,SCAN-PERMISSION,pass,0.4790096,3,3,320,125.125,512512,276807168,49152,24576,73728,0.25,3,3,54,7.99939335651402,114.4,data:8192;hist:4096;perm-scan:4,data:4096;hist:256;perm:128,data:13;hist:12;perm:scan
permission,4,128,DATACENTER,SCAN-PERMISSION,pass,2.704048,3,3,320,125.125,512512,276807168,49152,24576,73728,0.25,3,3,54,7.99939335651402,114.4,data:8192;hist:4096;perm-scan:4,data:4096;hist:256;perm:128,data:13;hist:12;perm:scan
permission,4,128,REMOTE,SCAN-PERMISSION,pass,35.55448,3,3,320,125.125,512512,276807168,49152,24576,73728,0.25,3,3,54,7.99939335651402,114.4,data:8192;hist:4096;perm-scan:4,data:4096;hist:256;perm:128,data:13;hist:12;perm:scan
permission,8,128,LOCAL,CANONICAL-MODULAR,pass,0.4998768,4,4,352,126.0,516096,276814336,49184,24576,74016,0.25,4,3,72,7.999482141271861,115.2,data:8192;perm:8;hist:4096,data:4096;perm:128;hist:256,data:13;perm:3;hist:12
permission,8,128,DATACENTER,CANONICAL-MODULAR,pass,2.736384,4,4,352,126.0,516096,276814336,49184,24576,74016,0.25,4,3,72,7.999482141271861,115.2,data:8192;perm:8;hist:4096,data:4096;perm:128;hist:256,data:13;perm:3;hist:12
permission,8,128,REMOTE,CANONICAL-MODULAR,pass,35.71584,4,4,352,126.0,516096,276814336,49184,24576,74016,0.25,4,3,72,7.999482141271861,115.2,data:8192;perm:8;hist:4096,data:4096;perm:128;hist:256,data:13;perm:3;hist:12
permission,8,128,LOCAL,SCAN-PERMISSION,pass,0.4794192,3,3,320,125.25,513024,276807680,49152,24576,73728,0.25,3,3,54,7.999289793744267,114.51428571428572,data:8192;hist:4096;perm-scan:8,data:4096;hist:256;perm:128,data:13;hist:12;perm:scan
permission,8,128,DATACENTER,SCAN-PERMISSION,pass,2.706096,3,3,320,125.25,513024,276807680,49152,24576,73728,0.25,3,3,54,7.999289793744267,114.51428571428572,data:8192;hist:4096;perm-scan:8,data:4096;hist:256;perm:128,data:13;hist:12;perm:scan
permission,8,128,REMOTE,SCAN-PERMISSION,pass,35.574960000000004,3,3,320,125.25,513024,276807680,49152,24576,73728,0.25,3,3,54,7.999289793744267,114.51428571428572,data:8192;hist:4096;perm-scan:8,data:4096;hist:256;perm:128,data:13;hist:12;perm:scan
permission,16,128,LOCAL,CANONICAL-MODULAR,pass,0.500696,4,4,360,126.25,517120,276822528,49216,24576,74048,0.25,4,3,72,7.999482156595845,115.42857142857143,data:8192;perm:16;hist:4096,data:4096;perm:128;hist:256,data:13;perm:4;hist:12
permission,16,128,DATACENTER,CANONICAL-MODULAR,pass,2.7404800000000002,4,4,360,126.25,517120,276822528,49216,24576,74048,0.25,4,3,72,7.999482156595845,115.42857142857143,data:8192;perm:16;hist:4096,data:4096;perm:128;hist:256,data:13;perm:4;hist:12
permission,16,128,REMOTE,CANONICAL-MODULAR,pass,35.7568,4,4,360,126.25,517120,276822528,49216,24576,74048,0.25,4,3,72,7.999482156595845,115.42857142857143,data:8192;perm:16;hist:4096,data:4096;perm:128;hist:256,data:13;perm:4;hist:12
permission,16,128,LOCAL,SCAN-PERMISSION,pass,0.4802384,3,3,320,125.5,514048,276808704,49152,24576,73728,0.25,3,3,54,7.999082677398355,114.74285714285715,data:8192;hist:4096;perm-scan:16,data:4096;hist:256;perm:128,data:13;hist:12;perm:scan
permission,16,128,DATACENTER,SCAN-PERMISSION,pass,2.7101919999999997,3,3,320,125.5,514048,276808704,49152,24576,73728,0.25,3,3,54,7.999082677398355,114.74285714285715,data:8192;hist:4096;perm-scan:16,data:4096;hist:256;perm:128,data:13;hist:12;perm:scan
permission,16,128,REMOTE,SCAN-PERMISSION,pass,35.61592,3,3,320,125.5,514048,276808704,49152,24576,73728,0.25,3,3,54,7.999082677398355,114.74285714285715,data:8192;hist:4096;perm-scan:16,data:4096;hist:256;perm:128,data:13;hist:12;perm:scan
permission,32,128,LOCAL,CANONICAL-MODULAR,pass,0.5015151999999999,4,4,368,126.5,518144,276838912,49280,24576,74112,0.25,4,3,72,7.999482187241093,115.65714285714286,data:8192;perm:32;hist:4096,data:4096;perm:128;hist:256,data:13;perm:5;hist:12
permission,32,128,DATACENTER,CANONICAL-MODULAR,pass,2.7445760000000003,4,4,368,126.5,518144,276838912,49280,24576,74112,0.25,4,3,72,7.999482187241093,115.65714285714286,data:8192;perm:32;hist:4096,data:4096;perm:128;hist:256,data:13;perm:5;hist:12
permission,32,128,REMOTE,CANONICAL-MODULAR,pass,35.797760000000004,4,4,368,126.5,518144,276838912,49280,24576,74112,0.25,4,3,72,7.999482187241093,115.65714285714286,data:8192;perm:32;hist:4096,data:4096;perm:128;hist:256,data:13;perm:5;hist:12
permission,32,128,LOCAL,SCAN-PERMISSION,pass,0.4818768,3,3,320,126.0,516096,276810752,49152,24576,73728,0.25,3,3,54,7.998668481477098,115.2,data:8192;hist:4096;perm-scan:32,data:4096;hist:256;perm:128,data:13;hist:12;perm:scan
permission,32,128,DATACENTER,SCAN-PERMISSION,pass,2.718384,3,3,320,126.0,516096,276810752,49152,24576,73728,0.25,3,3,54,7.998668481477098,115.2,data:8192;hist:4096;perm-scan:32,data:4096;hist:256;perm:128,data:13;hist:12;perm:scan
permission,32,128,REMOTE,SCAN-PERMISSION,pass,35.69784,3,3,320,126.0,516096,276810752,49152,24576,73728,0.25,3,3,54,7.998668481477098,115.2,data:8192;hist:4096;perm-scan:32,data:4096;hist:256;perm:128,data:13;hist:12;perm:scan
permission,64,128,LOCAL,CANONICAL-MODULAR,pass,0.5023344,4,4,376,126.75,519168,276871680,49408,24576,74240,0.25,4,3,72,7.99948224852071,115.88571428571429,data:8192;perm:64;hist:4096,data:4096;perm:128;hist:256,data:13;perm:6;hist:12
permission,64,128,DATACENTER,CANONICAL-MODULAR,pass,2.748672,4,4,376,126.75,519168,276871680,49408,24576,74240,0.25,4,3,72,7.99948224852071,115.88571428571429,data:8192;perm:64;hist:4096,data:4096;perm:128;hist:256,data:13;perm:6;hist:12
permission,64,128,REMOTE,CANONICAL-MODULAR,pass,35.83872,4,4,376,126.75,519168,276871680,49408,24576,74240,0.25,4,3,72,7.99948224852071,115.88571428571429,data:8192;perm:64;hist:4096,data:4096;perm:128;hist:256,data:13;perm:6;hist:12
permission,64,128,LOCAL,SCAN-PERMISSION,pass,0.4851536,3,3,320,127.0,520192,276814848,49152,24576,73728,0.25,3,3,54,7.9978402366863905,116.11428571428571,data:8192;hist:4096;perm-scan:64,data:4096;hist:256;perm:128,data:13;hist:12;perm:scan
permission,64,128,DATACENTER,SCAN-PERMISSION,pass,2.734768,3,3,320,127.0,520192,276814848,49152,24576,73728,0.25,3,3,54,7.9978402366863905,116.11428571428571,data:8192;hist:4096;perm-scan:64,data:4096;hist:256;perm:128,data:13;hist:12;perm:scan
permission,64,128,REMOTE,SCAN-PERMISSION,pass,35.86168000000001,3,3,320,127.0,520192,276814848,49152,24576,73728,0.25,3,3,54,7.9978402366863905,116.11428571428571,data:8192;hist:4096;perm-scan:64,data:4096;hist:256;perm:128,data:13;hist:12;perm:scan
permission,128,128,LOCAL,CANONICAL-MODULAR,pass,0.5031536,4,4,384,127.0,520192,276937216,49664,24576,74496,0.25,4,3,72,7.999482371036441,116.11428571428571,data:8192;perm:128;hist:4096,data:4096;perm:128;hist:256,data:13;perm:7;hist:12
permission,128,128,DATACENTER,CANONICAL-MODULAR,pass,2.752768,4,4,384,127.0,520192,276937216,49664,24576,74496,0.25,4,3,72,7.999482371036441,116.11428571428571,data:8192;perm:128;hist:4096,data:4096;perm:128;hist:256,data:13;perm:7;hist:12
permission,128,128,REMOTE,CANONICAL-MODULAR,pass,35.87968000000001,4,4,384,127.0,520192,276937216,49664,24576,74496,0.25,4,3,72,7.999482371036441,116.11428571428571,data:8192;perm:128;hist:4096,data:4096;perm:128;hist:256,data:13;perm:7;hist:12
permission,128,128,LOCAL,SCAN-PERMISSION,pass,0.4917072,3,3,320,129.0,528384,276823040,49152,24576,73728,0.25,3,3,54,7.996184335068623,117.94285714285714,data:8192;hist:4096;perm-scan:128,data:4096;hist:256;perm:128,data:13;hist:12;perm:scan
permission,128,128,DATACENTER,SCAN-PERMISSION,pass,2.7675359999999998,3,3,320,129.0,528384,276823040,49152,24576,73728,0.25,3,3,54,7.996184335068623,117.94285714285714,data:8192;hist:4096;perm-scan:128,data:4096;hist:256;perm:128,data:13;hist:12;perm:scan
permission,128,128,REMOTE,SCAN-PERMISSION,pass,36.18936,3,3,320,129.0,528384,276823040,49152,24576,73728,0.25,3,3,54,7.996184335068623,117.94285714285714,data:8192;hist:4096;perm-scan:128,data:4096;hist:256;perm:128,data:13;hist:12;perm:scan
permission,256,128,LOCAL,CANONICAL-MODULAR,pass,0.5039728,4,4,392,127.25,521216,277068288,50176,24576,75008,0.25,4,3,72,7.999482615894039,116.34285714285714,data:8192;perm:256;hist:4096,data:4096;perm:128;hist:256,data:13;perm:8;hist:12
permission,256,128,DATACENTER,CANONICAL-MODULAR,pass,2.756864,4,4,392,127.25,521216,277068288,50176,24576,75008,0.25,4,3,72,7.999482615894039,116.34285714285714,data:8192;perm:256;hist:4096,data:4096;perm:128;hist:256,data:13;perm:8;hist:12
permission,256,128,REMOTE,CANONICAL-MODULAR,pass,35.920640000000006,4,4,392,127.25,521216,277068288,50176,24576,75008,0.25,4,3,72,7.999482615894039,116.34285714285714,data:8192;perm:256;hist:4096,data:4096;perm:128;hist:256,data:13;perm:8;hist:12
permission,256,128,LOCAL,SCAN-PERMISSION,pass,0.5048144,3,3,320,133.0,544768,276839424,49152,24576,73728,0.25,3,3,54,7.992874881740776,121.6,data:8192;hist:4096;perm-scan:256,data:4096;hist:256;perm:128,data:13;hist:12;perm:scan
permission,256,128,DATACENTER,SCAN-PERMISSION,pass,2.833072,3,3,320,133.0,544768,276839424,49152,24576,73728,0.25,3,3,54,7.992874881740776,121.6,data:8192;hist:4096;perm-scan:256,data:4096;hist:256;perm:128,data:13;hist:12;perm:scan
permission,256,128,REMOTE,SCAN-PERMISSION,pass,36.84472,3,3,320,133.0,544768,276839424,49152,24576,73728,0.25,3,3,54,7.992874881740776,121.6,data:8192;hist:4096;perm-scan:256,data:4096;hist:256;perm:128,data:13;hist:12;perm:scan
permission,512,128,LOCAL,CANONICAL-MODULAR,pass,0.504792,4,4,400,127.5,522240,277330432,51200,24576,76032,0.25,4,3,72,7.999483104914934,116.57142857142857,data:8192;perm:512;hist:4096,data:4096;perm:128;hist:256,data:13;perm:9;hist:12
permission,512,128,DATACENTER,CANONICAL-MODULAR,pass,2.7609600000000003,4,4,400,127.5,522240,277330432,51200,24576,76032,0.25,4,3,72,7.999483104914934,116.57142857142857,data:8192;perm:512;hist:4096,data:4096;perm:128;hist:256,data:13;perm:9;hist:12
permission,512,128,REMOTE,CANONICAL-MODULAR,pass,35.961600000000004,4,4,400,127.5,522240,277330432,51200,24576,76032,0.25,4,3,72,7.999483104914934,116.57142857142857,data:8192;perm:512;hist:4096,data:4096;perm:128;hist:256,data:13;perm:9;hist:12
permission,512,128,LOCAL,SCAN-PERMISSION,pass,0.5310288000000001,3,3,320,141.0,577536,276872192,49152,24576,73728,0.25,3,3,54,7.986265359168242,128.9142857142857,data:8192;hist:4096;perm-scan:512,data:4096;hist:256;perm:128,data:13;hist:12;perm:scan
permission,512,128,DATACENTER,SCAN-PERMISSION,pass,2.964144,3,3,320,141.0,577536,276872192,49152,24576,73728,0.25,3,3,54,7.986265359168242,128.9142857142857,data:8192;hist:4096;perm-scan:512,data:4096;hist:256;perm:128,data:13;hist:12;perm:scan
permission,512,128,REMOTE,SCAN-PERMISSION,pass,38.15544,3,3,320,141.0,577536,276872192,49152,24576,73728,0.25,3,3,54,7.986265359168242,128.9142857142857,data:8192;hist:4096;perm-scan:512,data:4096;hist:256;perm:128,data:13;hist:12;perm:scan
permission,1024,128,LOCAL,CANONICAL-MODULAR,pass,0.5056112,4,4,408,127.75,523264,277854720,53248,24576,78080,0.25,4,3,72,7.9994840801886795,116.8,data:8192;perm:1024;hist:4096,data:4096;perm:128;hist:256,data:13;perm:10;hist:12
permission,1024,128,DATACENTER,CANONICAL-MODULAR,pass,2.765056,4,4,408,127.75,523264,277854720,53248,24576,78080,0.25,4,3,72,7.9994840801886795,116.8,data:8192;perm:1024;hist:4096,data:4096;perm:128;hist:256,data:13;perm:10;hist:12
permission,1024,128,REMOTE,CANONICAL-MODULAR,pass,36.00256,4,4,408,127.75,523264,277854720,53248,24576,78080,0.25,4,3,72,7.9994840801886795,116.8,data:8192;perm:1024;hist:4096,data:4096;perm:128;hist:256,data:13;perm:10;hist:12
permission,1024,128,LOCAL,SCAN-PERMISSION,pass,0.5834576,3,3,320,157.0,643072,276937728,49152,24576,73728,0.25,3,3,54,7.973083726415094,143.54285714285714,data:8192;hist:4096;perm-scan:1024,data:4096;hist:256;perm:128,data:13;hist:12;perm:scan
permission,1024,128,DATACENTER,SCAN-PERMISSION,pass,3.226288,3,3,320,157.0,643072,276937728,49152,24576,73728,0.25,3,3,54,7.973083726415094,143.54285714285714,data:8192;hist:4096;perm-scan:1024,data:4096;hist:256;perm:128,data:13;hist:12;perm:scan
permission,1024,128,REMOTE,SCAN-PERMISSION,pass,40.776880000000006,3,3,320,157.0,643072,276937728,49152,24576,73728,0.25,3,3,54,7.973083726415094,143.54285714285714,data:8192;hist:4096;perm-scan:1024,data:4096;hist:256;perm:128,data:13;hist:12;perm:scan
permission,2048,128,LOCAL,CANONICAL-MODULAR,pass,0.5064304,4,4,416,128.0,524288,278903296,57344,24576,82176,0.25,4,3,72,7.9994860197368425,117.02857142857142,data:8192;perm:2048;hist:4096,data:4096;perm:128;hist:256,data:13;perm:11;hist:12
permission,2048,128,DATACENTER,CANONICAL-MODULAR,pass,2.769152,4,4,416,128.0,524288,278903296,57344,24576,82176,0.25,4,3,72,7.9994860197368425,117.02857142857142,data:8192;perm:2048;hist:4096,data:4096;perm:128;hist:256,data:13;perm:11;hist:12
permission,2048,128,REMOTE,CANONICAL-MODULAR,pass,36.04352,4,4,416,128.0,524288,278903296,57344,24576,82176,0.25,4,3,72,7.9994860197368425,117.02857142857142,data:8192;perm:2048;hist:4096,data:4096;perm:128;hist:256,data:13;perm:11;hist:12
permission,2048,128,LOCAL,SCAN-PERMISSION,pass,0.6883152,3,3,320,189.0,774144,277068800,49152,24576,73728,0.25,3,3,54,7.94686912593985,172.8,data:8192;hist:4096;perm-scan:2048,data:4096;hist:256;perm:128,data:13;hist:12;perm:scan
permission,2048,128,DATACENTER,SCAN-PERMISSION,pass,3.750576,3,3,320,189.0,774144,277068800,49152,24576,73728,0.25,3,3,54,7.94686912593985,172.8,data:8192;hist:4096;perm-scan:2048,data:4096;hist:256;perm:128,data:13;hist:12;perm:scan
permission,2048,128,REMOTE,SCAN-PERMISSION,pass,46.019760000000005,3,3,320,189.0,774144,277068800,49152,24576,73728,0.25,3,3,54,7.94686912593985,172.8,data:8192;hist:4096;perm-scan:2048,data:4096;hist:256;perm:128,data:13;hist:12;perm:scan
permission,4096,128,LOCAL,CANONICAL-MODULAR,pass,0.5072496,4,4,424,128.25,525312,281000448,65536,24576,90368,0.25,4,3,72,7.999489855410448,117.25714285714285,data:8192;perm:4096;hist:4096,data:4096;perm:128;hist:256,data:13;perm:12;hist:12
permission,4096,128,DATACENTER,CANONICAL-MODULAR,pass,2.773248,4,4,424,128.25,525312,281000448,65536,24576,90368,0.25,4,3,72,7.999489855410448,117.25714285714285,data:8192;perm:4096;hist:4096,data:4096;perm:128;hist:256,data:13;perm:12;hist:12
permission,4096,128,REMOTE,CANONICAL-MODULAR,pass,36.08448,4,4,424,128.25,525312,281000448,65536,24576,90368,0.25,4,3,72,7.999489855410448,117.25714285714285,data:8192;perm:4096;hist:4096,data:4096;perm:128;hist:256,data:13;perm:12;hist:12
permission,4096,128,LOCAL,SCAN-PERMISSION,pass,0.8980304,3,3,320,253.0,1036288,277330944,49152,24576,73728,0.25,3,3,54,7.895026819029851,231.31428571428572,data:8192;hist:4096;perm-scan:4096,data:4096;hist:256;perm:128,data:13;hist:12;perm:scan
permission,4096,128,DATACENTER,SCAN-PERMISSION,pass,4.799152000000001,3,3,320,253.0,1036288,277330944,49152,24576,73728,0.25,3,3,54,7.895026819029851,231.31428571428572,data:8192;hist:4096;perm-scan:4096,data:4096;hist:256;perm:128,data:13;hist:12;perm:scan
permission,4096,128,REMOTE,SCAN-PERMISSION,pass,56.505520000000004,3,3,320,253.0,1036288,277330944,49152,24576,73728,0.25,3,3,54,7.895026819029851,231.31428571428572,data:8192;hist:4096;perm-scan:4096,data:4096;hist:256;perm:128,data:13;hist:12;perm:scan
permission,4,256,LOCAL,CANONICAL-MODULAR,pass,0.5015151999999999,4,4,344,126.5,518144,276813824,49168,24576,74000,0.25,4,3,72,7.9994673453082,112.44444444444444,data:8192;perm:4;hist:4096,data:4096;perm:256;hist:256,data:13;perm:2;hist:12
permission,4,256,DATACENTER,CANONICAL-MODULAR,pass,2.7445760000000003,4,4,344,126.5,518144,276813824,49168,24576,74000,0.25,4,3,72,7.9994673453082,112.44444444444444,data:8192;perm:4;hist:4096,data:4096;perm:256;hist:256,data:13;perm:2;hist:12
permission,4,256,REMOTE,CANONICAL-MODULAR,pass,35.797760000000004,4,4,344,126.5,518144,276813824,49168,24576,74000,0.25,4,3,72,7.9994673453082,112.44444444444444,data:8192;perm:4;hist:4096,data:4096;perm:256;hist:256,data:13;perm:2;hist:12
permission,4,256,LOCAL,SCAN-PERMISSION,pass,0.4794192,3,3,320,125.25,513024,276807680,49152,24576,73728,0.25,3,3,54,7.999289793744267,111.33333333333333,data:8192;hist:4096;perm-scan:4,data:4096;hist:256;perm:256,data:13;hist:12;perm:scan
permission,4,256,DATACENTER,SCAN-PERMISSION,pass,2.706096,3,3,320,125.25,513024,276807680,49152,24576,73728,0.25,3,3,54,7.999289793744267,111.33333333333333,data:8192;hist:4096;perm-scan:4,data:4096;hist:256;perm:256,data:13;hist:12;perm:scan
permission,4,256,REMOTE,SCAN-PERMISSION,pass,35.574960000000004,3,3,320,125.25,513024,276807680,49152,24576,73728,0.25,3,3,54,7.999289793744267,111.33333333333333,data:8192;hist:4096;perm-scan:4,data:4096;hist:256;perm:256,data:13;hist:12;perm:scan
permission,8,256,LOCAL,CANONICAL-MODULAR,pass,0.5031536,4,4,352,127.0,520192,276822016,49184,24576,74016,0.25,4,3,72,7.999467361070012,112.88888888888889,data:8192;perm:8;hist:4096,data:4096;perm:256;hist:256,data:13;perm:3;hist:12
permission,8,256,DATACENTER,CANONICAL-MODULAR,pass,2.752768,4,4,352,127.0,520192,276822016,49184,24576,74016,0.25,4,3,72,7.999467361070012,112.88888888888889,data:8192;perm:8;hist:4096,data:4096;perm:256;hist:256,data:13;perm:3;hist:12
permission,8,256,REMOTE,CANONICAL-MODULAR,pass,35.87968000000001,4,4,352,127.0,520192,276822016,49184,24576,74016,0.25,4,3,72,7.999467361070012,112.88888888888889,data:8192;perm:8;hist:4096,data:4096;perm:256;hist:256,data:13;perm:3;hist:12
permission,8,256,LOCAL,SCAN-PERMISSION,pass,0.4802384,3,3,320,125.5,514048,276808704,49152,24576,73728,0.25,3,3,54,7.999082677398355,111.55555555555556,data:8192;hist:4096;perm-scan:8,data:4096;hist:256;perm:256,data:13;hist:12;perm:scan
permission,8,256,DATACENTER,SCAN-PERMISSION,pass,2.7101919999999997,3,3,320,125.5,514048,276808704,49152,24576,73728,0.25,3,3,54,7.999082677398355,111.55555555555556,data:8192;hist:4096;perm-scan:8,data:4096;hist:256;perm:256,data:13;hist:12;perm:scan
permission,8,256,REMOTE,SCAN-PERMISSION,pass,35.61592,3,3,320,125.5,514048,276808704,49152,24576,73728,0.25,3,3,54,7.999082677398355,111.55555555555556,data:8192;hist:4096;perm-scan:8,data:4096;hist:256;perm:256,data:13;hist:12;perm:scan
permission,16,256,LOCAL,CANONICAL-MODULAR,pass,0.504792,4,4,360,127.5,522240,276838400,49216,24576,74048,0.25,4,3,72,7.999467392590839,113.33333333333333,data:8192;perm:16;hist:4096,data:4096;perm:256;hist:256,data:13;perm:4;hist:12
permission,16,256,DATACENTER,CANONICAL-MODULAR,pass,2.7609600000000003,4,4,360,127.5,522240,276838400,49216,24576,74048,0.25,4,3,72,7.999467392590839,113.33333333333333,data:8192;perm:16;hist:4096,data:4096;perm:256;hist:256,data:13;perm:4;hist:12
permission,16,256,REMOTE,CANONICAL-MODULAR,pass,35.961600000000004,4,4,360,127.5,522240,276838400,49216,24576,74048,0.25,4,3,72,7.999467392590839,113.33333333333333,data:8192;perm:16;hist:4096,data:4096;perm:256;hist:256,data:13;perm:4;hist:12
permission,16,256,LOCAL,SCAN-PERMISSION,pass,0.4818768,3,3,320,126.0,516096,276810752,49152,24576,73728,0.25,3,3,54,7.998668481477098,112.0,data:8192;hist:4096;perm-scan:16,data:4096;hist:256;perm:256,data:13;hist:12;perm:scan
permission,16,256,DATACENTER,SCAN-PERMISSION,pass,2.718384,3,3,320,126.0,516096,276810752,49152,24576,73728,0.25,3,3,54,7.998668481477098,112.0,data:8192;hist:4096;perm-scan:16,data:4096;hist:256;perm:256,data:13;hist:12;perm:scan
permission,16,256,REMOTE,SCAN-PERMISSION,pass,35.69784,3,3,320,126.0,516096,276810752,49152,24576,73728,0.25,3,3,54,7.998668481477098,112.0,data:8192;hist:4096;perm-scan:16,data:4096;hist:256;perm:256,data:13;hist:12;perm:scan
permission,32,256,LOCAL,CANONICAL-MODULAR,pass,0.5064304,4,4,368,128.0,524288,276871168,49280,24576,74112,0.25,4,3,72,7.999467455621302,113.77777777777777,data:8192;perm:32;hist:4096,data:4096;perm:256;hist:256,data:13;perm:5;hist:12
permission,32,256,DATACENTER,CANONICAL-MODULAR,pass,2.769152,4,4,368,128.0,524288,276871168,49280,24576,74112,0.25,4,3,72,7.999467455621302,113.77777777777777,data:8192;perm:32;hist:4096,data:4096;perm:256;hist:256,data:13;perm:5;hist:12
permission,32,256,REMOTE,CANONICAL-MODULAR,pass,36.04352,4,4,368,128.0,524288,276871168,49280,24576,74112,0.25,4,3,72,7.999467455621302,113.77777777777777,data:8192;perm:32;hist:4096,data:4096;perm:256;hist:256,data:13;perm:5;hist:12
permission,32,256,LOCAL,SCAN-PERMISSION,pass,0.4851536,3,3,320,127.0,520192,276814848,49152,24576,73728,0.25,3,3,54,7.9978402366863905,112.88888888888889,data:8192;hist:4096;perm-scan:32,data:4096;hist:256;perm:256,data:13;hist:12;perm:scan
permission,32,256,DATACENTER,SCAN-PERMISSION,pass,2.734768,3,3,320,127.0,520192,276814848,49152,24576,73728,0.25,3,3,54,7.9978402366863905,112.88888888888889,data:8192;hist:4096;perm-scan:32,data:4096;hist:256;perm:256,data:13;hist:12;perm:scan
permission,32,256,REMOTE,SCAN-PERMISSION,pass,35.86168000000001,3,3,320,127.0,520192,276814848,49152,24576,73728,0.25,3,3,54,7.9978402366863905,112.88888888888889,data:8192;hist:4096;perm-scan:32,data:4096;hist:256;perm:256,data:13;hist:12;perm:scan
permission,64,256,LOCAL,CANONICAL-MODULAR,pass,0.5080688,4,4,376,128.5,526336,276936704,49408,24576,74240,0.25,4,3,72,7.999467581637482,114.22222222222223,data:8192;perm:64;hist:4096,data:4096;perm:256;hist:256,data:13;perm:6;hist:12
permission,64,256,DATACENTER,CANONICAL-MODULAR,pass,2.7773440000000003,4,4,376,128.5,526336,276936704,49408,24576,74240,0.25,4,3,72,7.999467581637482,114.22222222222223,data:8192;perm:64;hist:4096,data:4096;perm:256;hist:256,data:13;perm:6;hist:12
permission,64,256,REMOTE,CANONICAL-MODULAR,pass,36.12544,4,4,376,128.5,526336,276936704,49408,24576,74240,0.25,4,3,72,7.999467581637482,114.22222222222223,data:8192;perm:64;hist:4096,data:4096;perm:256;hist:256,data:13;perm:6;hist:12
permission,64,256,LOCAL,SCAN-PERMISSION,pass,0.4917072,3,3,320,129.0,528384,276823040,49152,24576,73728,0.25,3,3,54,7.996184335068623,114.66666666666667,data:8192;hist:4096;perm-scan:64,data:4096;hist:256;perm:256,data:13;hist:12;perm:scan
permission,64,256,DATACENTER,SCAN-PERMISSION,pass,2.7675359999999998,3,3,320,129.0,528384,276823040,49152,24576,73728,0.25,3,3,54,7.996184335068623,114.66666666666667,data:8192;hist:4096;perm-scan:64,data:4096;hist:256;perm:256,data:13;hist:12;perm:scan
permission,64,256,REMOTE,SCAN-PERMISSION,pass,36.18936,3,3,320,129.0,528384,276823040,49152,24576,73728,0.25,3,3,54,7.996184335068623,114.66666666666667,data:8192;hist:4096;perm-scan:64,data:4096;hist:256;perm:256,data:13;hist:12;perm:scan
permission,128,256,LOCAL,CANONICAL-MODULAR,pass,0.5097072,4,4,384,129.0,528384,277067776,49664,24576,74496,0.25,4,3,72,7.999467833491012,114.66666666666667,data:8192;perm:128;hist:4096,data:4096;perm:256;hist:256,data:13;perm:7;hist:12
permission,128,256,DATACENTER,CANONICAL-MODULAR,pass,2.785536,4,4,384,129.0,528384,277067776,49664,24576,74496,0.25,4,3,72,7.999467833491012,114.66666666666667,data:8192;perm:128;hist:4096,data:4096;perm:256;hist:256,data:13;perm:7;hist:12
permission,128,256,REMOTE,CANONICAL-MODULAR,pass,36.20736,4,4,384,129.0,528384,277067776,49664,24576,74496,0.25,4,3,72,7.999467833491012,114.66666666666667,data:8192;perm:128;hist:4096,data:4096;perm:256;hist:256,data:13;perm:7;hist:12
permission,128,256,LOCAL,SCAN-PERMISSION,pass,0.5048144,3,3,320,133.0,544768,276839424,49152,24576,73728,0.25,3,3,54,7.992874881740776,118.22222222222223,data:8192;hist:4096;perm-scan:128,data:4096;hist:256;perm:256,data:13;hist:12;perm:scan
permission,128,256,DATACENTER,SCAN-PERMISSION,pass,2.833072,3,3,320,133.0,544768,276839424,49152,24576,73728,0.25,3,3,54,7.992874881740776,118.22222222222223,data:8192;hist:4096;perm-scan:128,data:4096;hist:256;perm:256,data:13;hist:12;perm:scan
permission,128,256,REMOTE,SCAN-PERMISSION,pass,36.84472,3,3,320,133.0,544768,276839424,49152,24576,73728,0.25,3,3,54,7.992874881740776,118.22222222222223,data:8192;hist:4096;perm-scan:128,data:4096;hist:256;perm:256,data:13;hist:12;perm:scan
permission,256,256,LOCAL,CANONICAL-MODULAR,pass,0.5113456,4,4,392,129.5,530432,277329920,50176,24576,75008,0.25,4,3,72,7.999468336483932,115.11111111111111,data:8192;perm:256;hist:4096,data:4096;perm:256;hist:256,data:13;perm:8;hist:12
permission,256,256,DATACENTER,CANONICAL-MODULAR,pass,2.793728,4,4,392,129.5,530432,277329920,50176,24576,75008,0.25,4,3,72,7.999468336483932,115.11111111111111,data:8192;perm:256;hist:4096,data:4096;perm:256;hist:256,data:13;perm:8;hist:12
permission,256,256,REMOTE,CANONICAL-MODULAR,pass,36.289280000000005,4,4,392,129.5,530432,277329920,50176,24576,75008,0.25,4,3,72,7.999468336483932,115.11111111111111,data:8192;perm:256;hist:4096,data:4096;perm:256;hist:256,data:13;perm:8;hist:12
permission,256,256,LOCAL,SCAN-PERMISSION,pass,0.5310288000000001,3,3,320,141.0,577536,276872192,49152,24576,73728,0.25,3,3,54,7.986265359168242,125.33333333333333,data:8192;hist:4096;perm-scan:256,data:4096;hist:256;perm:256,data:13;hist:12;perm:scan
permission,256,256,DATACENTER,SCAN-PERMISSION,pass,2.964144,3,3,320,141.0,577536,276872192,49152,24576,73728,0.25,3,3,54,7.986265359168242,125.33333333333333,data:8192;hist:4096;perm-scan:256,data:4096;hist:256;perm:256,data:13;hist:12;perm:scan
permission,256,256,REMOTE,SCAN-PERMISSION,pass,38.15544,3,3,320,141.0,577536,276872192,49152,24576,73728,0.25,3,3,54,7.986265359168242,125.33333333333333,data:8192;hist:4096;perm-scan:256,data:4096;hist:256;perm:256,data:13;hist:12;perm:scan
permission,512,256,LOCAL,CANONICAL-MODULAR,pass,0.512984,4,4,400,130.0,532480,277854208,51200,24576,76032,0.25,4,3,72,7.9994693396226415,115.55555555555556,data:8192;perm:512;hist:4096,data:4096;perm:256;hist:256,data:13;perm:9;hist:12
permission,512,256,DATACENTER,CANONICAL-MODULAR,pass,2.80192,4,4,400,130.0,532480,277854208,51200,24576,76032,0.25,4,3,72,7.9994693396226415,115.55555555555556,data:8192;perm:512;hist:4096,data:4096;perm:256;hist:256,data:13;perm:9;hist:12
permission,512,256,REMOTE,CANONICAL-MODULAR,pass,36.3712,4,4,400,130.0,532480,277854208,51200,24576,76032,0.25,4,3,72,7.9994693396226415,115.55555555555556,data:8192;perm:512;hist:4096,data:4096;perm:256;hist:256,data:13;perm:9;hist:12
permission,512,256,LOCAL,SCAN-PERMISSION,pass,0.5834576,3,3,320,157.0,643072,276937728,49152,24576,73728,0.25,3,3,54,7.973083726415094,139.55555555555554,data:8192;hist:4096;perm-scan:512,data:4096;hist:256;perm:256,data:13;hist:12;perm:scan
permission,512,256,DATACENTER,SCAN-PERMISSION,pass,3.226288,3,3,320,157.0,643072,276937728,49152,24576,73728,0.25,3,3,54,7.973083726415094,139.55555555555554,data:8192;hist:4096;perm-scan:512,data:4096;hist:256;perm:256,data:13;hist:12;perm:scan
permission,512,256,REMOTE,SCAN-PERMISSION,pass,40.776880000000006,3,3,320,157.0,643072,276937728,49152,24576,73728,0.25,3,3,54,7.973083726415094,139.55555555555554,data:8192;hist:4096;perm-scan:512,data:4096;hist:256;perm:256,data:13;hist:12;perm:scan
permission,1024,256,LOCAL,CANONICAL-MODULAR,pass,0.5146224,4,4,408,130.5,534528,278902784,53248,24576,78080,0.25,4,3,72,7.999471334586466,116.0,data:8192;perm:1024;hist:4096,data:4096;perm:256;hist:256,data:13;perm:10;hist:12
permission,1024,256,DATACENTER,CANONICAL-MODULAR,pass,2.810112,4,4,408,130.5,534528,278902784,53248,24576,78080,0.25,4,3,72,7.999471334586466,116.0,data:8192;perm:1024;hist:4096,data:4096;perm:256;hist:256,data:13;perm:10;hist:12
permission,1024,256,REMOTE,CANONICAL-MODULAR,pass,36.45312,4,4,408,130.5,534528,278902784,53248,24576,78080,0.25,4,3,72,7.999471334586466,116.0,data:8192;perm:1024;hist:4096,data:4096;perm:256;hist:256,data:13;perm:10;hist:12
permission,1024,256,LOCAL,SCAN-PERMISSION,pass,0.6883152,3,3,320,189.0,774144,277068800,49152,24576,73728,0.25,3,3,54,7.94686912593985,168.0,data:8192;hist:4096;perm-scan:1024,data:4096;hist:256;perm:256,data:13;hist:12;perm:scan
permission,1024,256,DATACENTER,SCAN-PERMISSION,pass,3.750576,3,3,320,189.0,774144,277068800,49152,24576,73728,0.25,3,3,54,7.94686912593985,168.0,data:8192;hist:4096;perm-scan:1024,data:4096;hist:256;perm:256,data:13;hist:12;perm:scan
permission,1024,256,REMOTE,SCAN-PERMISSION,pass,46.019760000000005,3,3,320,189.0,774144,277068800,49152,24576,73728,0.25,3,3,54,7.94686912593985,168.0,data:8192;hist:4096;perm-scan:1024,data:4096;hist:256;perm:256,data:13;hist:12;perm:scan
permission,2048,256,LOCAL,CANONICAL-MODULAR,pass,0.5162608,4,4,416,131.0,536576,280999936,57344,24576,82176,0.25,4,3,72,7.9994752798507465,116.44444444444444,data:8192;perm:2048;hist:4096,data:4096;perm:256;hist:256,data:13;perm:11;hist:12
permission,2048,256,DATACENTER,CANONICAL-MODULAR,pass,2.8183040000000004,4,4,416,131.0,536576,280999936,57344,24576,82176,0.25,4,3,72,7.9994752798507465,116.44444444444444,data:8192;perm:2048;hist:4096,data:4096;perm:256;hist:256,data:13;perm:11;hist:12
permission,2048,256,REMOTE,CANONICAL-MODULAR,pass,36.53504,4,4,416,131.0,536576,280999936,57344,24576,82176,0.25,4,3,72,7.9994752798507465,116.44444444444444,data:8192;perm:2048;hist:4096,data:4096;perm:256;hist:256,data:13;perm:11;hist:12
permission,2048,256,LOCAL,SCAN-PERMISSION,pass,0.8980304,3,3,320,253.0,1036288,277330944,49152,24576,73728,0.25,3,3,54,7.895026819029851,224.88888888888889,data:8192;hist:4096;perm-scan:2048,data:4096;hist:256;perm:256,data:13;hist:12;perm:scan
permission,2048,256,DATACENTER,SCAN-PERMISSION,pass,4.799152000000001,3,3,320,253.0,1036288,277330944,49152,24576,73728,0.25,3,3,54,7.895026819029851,224.88888888888889,data:8192;hist:4096;perm-scan:2048,data:4096;hist:256;perm:256,data:13;hist:12;perm:scan
permission,2048,256,REMOTE,SCAN-PERMISSION,pass,56.505520000000004,3,3,320,253.0,1036288,277330944,49152,24576,73728,0.25,3,3,54,7.895026819029851,224.88888888888889,data:8192;hist:4096;perm-scan:2048,data:4096;hist:256;perm:256,data:13;hist:12;perm:scan
permission,4096,256,LOCAL,CANONICAL-MODULAR,pass,0.5178992,4,4,424,131.5,538624,285194240,65536,24576,90368,0.25,4,3,72,7.999482996323529,116.88888888888889,data:8192;perm:4096;hist:4096,data:4096;perm:256;hist:256,data:13;perm:12;hist:12
permission,4096,256,DATACENTER,CANONICAL-MODULAR,pass,2.826496,4,4,424,131.5,538624,285194240,65536,24576,90368,0.25,4,3,72,7.999482996323529,116.88888888888889,data:8192;perm:4096;hist:4096,data:4096;perm:256;hist:256,data:13;perm:12;hist:12
permission,4096,256,REMOTE,CANONICAL-MODULAR,pass,36.616960000000006,4,4,424,131.5,538624,285194240,65536,24576,90368,0.25,4,3,72,7.999482996323529,116.88888888888889,data:8192;perm:4096;hist:4096,data:4096;perm:256;hist:256,data:13;perm:12;hist:12
permission,4096,256,LOCAL,SCAN-PERMISSION,pass,1.3174607999999999,3,3,320,381.0,1560576,277855232,49152,24576,73728,0.25,3,3,54,7.793629365808823,338.6666666666667,data:8192;hist:4096;perm-scan:4096,data:4096;hist:256;perm:256,data:13;hist:12;perm:scan
permission,4096,256,DATACENTER,SCAN-PERMISSION,pass,6.896304000000001,3,3,320,381.0,1560576,277855232,49152,24576,73728,0.25,3,3,54,7.793629365808823,338.6666666666667,data:8192;hist:4096;perm-scan:4096,data:4096;hist:256;perm:256,data:13;hist:12;perm:scan
permission,4096,256,REMOTE,SCAN-PERMISSION,pass,77.47704,3,3,320,381.0,1560576,277855232,49152,24576,73728,0.25,3,3,54,7.793629365808823,338.6666666666667,data:8192;hist:4096;perm-scan:4096,data:4096;hist:256;perm:256,data:13;hist:12;perm:scan
permission,4,512,LOCAL,CANONICAL-MODULAR,pass,0.5064304,4,4,344,128.0,524288,276820992,49168,24576,74000,0.25,4,3,72,7.999437770018346,107.78947368421052,data:8192;perm:4;hist:4096,data:4096;perm:512;hist:256,data:13;perm:2;hist:12
permission,4,512,DATACENTER,CANONICAL-MODULAR,pass,2.769152,4,4,344,128.0,524288,276820992,49168,24576,74000,0.25,4,3,72,7.999437770018346,107.78947368421052,data:8192;perm:4;hist:4096,data:4096;perm:512;hist:256,data:13;perm:2;hist:12
permission,4,512,REMOTE,CANONICAL-MODULAR,pass,36.04352,4,4,344,128.0,524288,276820992,49168,24576,74000,0.25,4,3,72,7.999437770018346,107.78947368421052,data:8192;perm:4;hist:4096,data:4096;perm:512;hist:256,data:13;perm:2;hist:12
permission,4,512,LOCAL,SCAN-PERMISSION,pass,0.4802384,3,3,320,125.5,514048,276808704,49152,24576,73728,0.25,3,3,54,7.999082677398355,105.6842105263158,data:8192;hist:4096;perm-scan:4,data:4096;hist:256;perm:512,data:13;hist:12;perm:scan
permission,4,512,DATACENTER,SCAN-PERMISSION,pass,2.7101919999999997,3,3,320,125.5,514048,276808704,49152,24576,73728,0.25,3,3,54,7.999082677398355,105.6842105263158,data:8192;hist:4096;perm-scan:4,data:4096;hist:256;perm:512,data:13;hist:12;perm:scan
permission,4,512,REMOTE,SCAN-PERMISSION,pass,35.61592,3,3,320,125.5,514048,276808704,49152,24576,73728,0.25,3,3,54,7.999082677398355,105.6842105263158,data:8192;hist:4096;perm-scan:4,data:4096;hist:256;perm:512,data:13;hist:12;perm:scan
permission,8,512,LOCAL,CANONICAL-MODULAR,pass,0.5097072,4,4,352,129.0,528384,276837376,49184,24576,74016,0.25,4,3,72,7.999437803290331,108.63157894736842,data:8192;perm:8;hist:4096,data:4096;perm:512;hist:256,data:13;perm:3;hist:12
permission,8,512,DATACENTER,CANONICAL-MODULAR,pass,2.785536,4,4,352,129.0,528384,276837376,49184,24576,74016,0.25,4,3,72,7.999437803290331,108.63157894736842,data:8192;perm:8;hist:4096,data:4096;perm:512;hist:256,data:13;perm:3;hist:12
permission,8,512,REMOTE,CANONICAL-MODULAR,pass,36.20736,4,4,352,129.0,528384,276837376,49184,24576,74016,0.25,4,3,72,7.999437803290331,108.63157894736842,data:8192;perm:8;hist:4096,data:4096;perm:512;hist:256,data:13;perm:3;hist:12
permission,8,512,LOCAL,SCAN-PERMISSION,pass,0.4818768,3,3,320,126.0,516096,276810752,49152,24576,73728,0.25,3,3,54,7.998668481477098,106.10526315789474,data:8192;hist:4096;perm-scan:8,data:4096;hist:256;perm:512,data:13;hist:12;perm:scan
permission,8,512,DATACENTER,SCAN-PERMISSION,pass,2.718384,3,3,320,126.0,516096,276810752,49152,24576,73728,0.25,3,3,54,7.998668481477098,106.10526315789474,data:8192;hist:4096;perm-scan:8,data:4096;hist:256;perm:512,data:13;hist:12;perm:scan
permission,8,512,REMOTE,SCAN-PERMISSION,pass,35.69784,3,3,320,126.0,516096,276810752,49152,24576,73728,0.25,3,3,54,7.998668481477098,106.10526315789474,data:8192;hist:4096;perm-scan:8,data:4096;hist:256;perm:512,data:13;hist:12;perm:scan
permission,16,512,LOCAL,CANONICAL-MODULAR,pass,0.512984,4,4,360,130.0,532480,276870144,49216,24576,74048,0.25,4,3,72,7.9994378698224855,109.47368421052632,data:8192;perm:16;hist:4096,data:4096;perm:512;hist:256,data:13;perm:4;hist:12
permission,16,512,DATACENTER,CANONICAL-MODULAR,pass,2.80192,4,4,360,130.0,532480,276870144,49216,24576,74048,0.25,4,3,72,7.9994378698224855,109.47368421052632,data:8192;perm:16;hist:4096,data:4096;perm:512;hist:256,data:13;perm:4;hist:12
permission,16,512,REMOTE,CANONICAL-MODULAR,pass,36.3712,4,4,360,130.0,532480,276870144,49216,24576,74048,0.25,4,3,72,7.9994378698224855,109.47368421052632,data:8192;perm:16;hist:4096,data:4096;perm:512;hist:256,data:13;perm:4;hist:12
permission,16,512,LOCAL,SCAN-PERMISSION,pass,0.4851536,3,3,320,127.0,520192,276814848,49152,24576,73728,0.25,3,3,54,7.9978402366863905,106.94736842105263,data:8192;hist:4096;perm-scan:16,data:4096;hist:256;perm:512,data:13;hist:12;perm:scan
permission,16,512,DATACENTER,SCAN-PERMISSION,pass,2.734768,3,3,320,127.0,520192,276814848,49152,24576,73728,0.25,3,3,54,7.9978402366863905,106.94736842105263,data:8192;hist:4096;perm-scan:16,data:4096;hist:256;perm:512,data:13;hist:12;perm:scan
permission,16,512,REMOTE,SCAN-PERMISSION,pass,35.86168000000001,3,3,320,127.0,520192,276814848,49152,24576,73728,0.25,3,3,54,7.9978402366863905,106.94736842105263,data:8192;hist:4096;perm-scan:16,data:4096;hist:256;perm:512,data:13;hist:12;perm:scan
permission,32,512,LOCAL,CANONICAL-MODULAR,pass,0.5162608,4,4,368,131.0,536576,276935680,49280,24576,74112,0.25,4,3,72,7.999438002839565,110.3157894736842,data:8192;perm:32;hist:4096,data:4096;perm:512;hist:256,data:13;perm:5;hist:12
permission,32,512,DATACENTER,CANONICAL-MODULAR,pass,2.8183040000000004,4,4,368,131.0,536576,276935680,49280,24576,74112,0.25,4,3,72,7.999438002839565,110.3157894736842,data:8192;perm:32;hist:4096,data:4096;perm:512;hist:256,data:13;perm:5;hist:12
permission,32,512,REMOTE,CANONICAL-MODULAR,pass,36.53504,4,4,368,131.0,536576,276935680,49280,24576,74112,0.25,4,3,72,7.999438002839565,110.3157894736842,data:8192;perm:32;hist:4096,data:4096;perm:512;hist:256,data:13;perm:5;hist:12
permission,32,512,LOCAL,SCAN-PERMISSION,pass,0.4917072,3,3,320,129.0,528384,276823040,49152,24576,73728,0.25,3,3,54,7.996184335068623,108.63157894736842,data:8192;hist:4096;perm-scan:32,data:4096;hist:256;perm:512,data:13;hist:12;perm:scan
permission,32,512,DATACENTER,SCAN-PERMISSION,pass,2.7675359999999998,3,3,320,129.0,528384,276823040,49152,24576,73728,0.25,3,3,54,7.996184335068623,108.63157894736842,data:8192;hist:4096;perm-scan:32,data:4096;hist:256;perm:512,data:13;hist:12;perm:scan
permission,32,512,REMOTE,SCAN-PERMISSION,pass,36.18936,3,3,320,129.0,528384,276823040,49152,24576,73728,0.25,3,3,54,7.996184335068623,108.63157894736842,data:8192;hist:4096;perm-scan:32,data:4096;hist:256;perm:512,data:13;hist:12;perm:scan
permission,64,512,LOCAL,CANONICAL-MODULAR,pass,0.5195376,4,4,376,132.0,540672,277066752,49408,24576,74240,0.25,4,3,72,7.999438268684957,111.15789473684211,data:8192;perm:64;hist:4096,data:4096;perm:512;hist:256,data:13;perm:6;hist:12
permission,64,512,DATACENTER,CANONICAL-MODULAR,pass,2.8346880000000003,4,4,376,132.0,540672,277066752,49408,24576,74240,0.25,4,3,72,7.999438268684957,111.15789473684211,data:8192;perm:64;hist:4096,data:4096;perm:512;hist:256,data:13;perm:6;hist:12
permission,64,512,REMOTE,CANONICAL-MODULAR,pass,36.69888,4,4,376,132.0,540672,277066752,49408,24576,74240,0.25,4,3,72,7.999438268684957,111.15789473684211,data:8192;perm:64;hist:4096,data:4096;perm:512;hist:256,data:13;perm:6;hist:12
permission,64,512,LOCAL,SCAN-PERMISSION,pass,0.5048144,3,3,320,133.0,544768,276839424,49152,24576,73728,0.25,3,3,54,7.992874881740776,112.0,data:8192;hist:4096;perm-scan:64,data:4096;hist:256;perm:512,data:13;hist:12;perm:scan
permission,64,512,DATACENTER,SCAN-PERMISSION,pass,2.833072,3,3,320,133.0,544768,276839424,49152,24576,73728,0.25,3,3,54,7.992874881740776,112.0,data:8192;hist:4096;perm-scan:64,data:4096;hist:256;perm:512,data:13;hist:12;perm:scan
permission,64,512,REMOTE,SCAN-PERMISSION,pass,36.84472,3,3,320,133.0,544768,276839424,49152,24576,73728,0.25,3,3,54,7.992874881740776,112.0,data:8192;hist:4096;perm-scan:64,data:4096;hist:256;perm:512,data:13;hist:12;perm:scan
permission,128,512,LOCAL,CANONICAL-MODULAR,pass,0.5228144,4,4,384,133.0,544768,277328896,49664,24576,74496,0.25,4,3,72,7.999438799621928,112.0,data:8192;perm:128;hist:4096,data:4096;perm:512;hist:256,data:13;perm:7;hist:12
permission,128,512,DATACENTER,CANONICAL-MODULAR,pass,2.8510720000000003,4,4,384,133.0,544768,277328896,49664,24576,74496,0.25,4,3,72,7.999438799621928,112.0,data:8192;perm:128;hist:4096,data:4096;perm:512;hist:256,data:13;perm:7;hist:12
permission,128,512,REMOTE,CANONICAL-MODULAR,pass,36.86272,4,4,384,133.0,544768,277328896,49664,24576,74496,0.25,4,3,72,7.999438799621928,112.0,data:8192;perm:128;hist:4096,data:4096;perm:512;hist:256,data:13;perm:7;hist:12
permission,128,512,LOCAL,SCAN-PERMISSION,pass,0.5310288000000001,3,3,320,141.0,577536,276872192,49152,24576,73728,0.25,3,3,54,7.986265359168242,118.73684210526316,data:8192;hist:4096;perm-scan:128,data:4096;hist:256;perm:512,data:13;hist:12;perm:scan
permission,128,512,DATACENTER,SCAN-PERMISSION,pass,2.964144,3,3,320,141.0,577536,276872192,49152,24576,73728,0.25,3,3,54,7.986265359168242,118.73684210526316,data:8192;hist:4096;perm-scan:128,data:4096;hist:256;perm:512,data:13;hist:12;perm:scan
permission,128,512,REMOTE,SCAN-PERMISSION,pass,38.15544,3,3,320,141.0,577536,276872192,49152,24576,73728,0.25,3,3,54,7.986265359168242,118.73684210526316,data:8192;hist:4096;perm-scan:128,data:4096;hist:256;perm:512,data:13;hist:12;perm:scan
permission,256,512,LOCAL,CANONICAL-MODULAR,pass,0.5260912,4,4,392,134.0,548864,277853184,50176,24576,75008,0.25,4,3,72,7.999439858490566,112.84210526315789,data:8192;perm:256;hist:4096,data:4096;perm:512;hist:256,data:13;perm:8;hist:12
permission,256,512,DATACENTER,CANONICAL-MODULAR,pass,2.8674560000000002,4,4,392,134.0,548864,277853184,50176,24576,75008,0.25,4,3,72,7.999439858490566,112.84210526315789,data:8192;perm:256;hist:4096,data:4096;perm:512;hist:256,data:13;perm:8;hist:12
permission,256,512,REMOTE,CANONICAL-MODULAR,pass,37.02656,4,4,392,134.0,548864,277853184,50176,24576,75008,0.25,4,3,72,7.999439858490566,112.84210526315789,data:8192;perm:256;hist:4096,data:4096;perm:512;hist:256,data:13;perm:8;hist:12
permission,256,512,LOCAL,SCAN-PERMISSION,pass,0.5834576,3,3,320,157.0,643072,276937728,49152,24576,73728,0.25,3,3,54,7.973083726415094,132.21052631578948,data:8192;hist:4096;perm-scan:256,data:4096;hist:256;perm:512,data:13;hist:12;perm:scan
permission,256,512,DATACENTER,SCAN-PERMISSION,pass,3.226288,3,3,320,157.0,643072,276937728,49152,24576,73728,0.25,3,3,54,7.973083726415094,132.21052631578948,data:8192;hist:4096;perm-scan:256,data:4096;hist:256;perm:512,data:13;hist:12;perm:scan
permission,256,512,REMOTE,SCAN-PERMISSION,pass,40.776880000000006,3,3,320,157.0,643072,276937728,49152,24576,73728,0.25,3,3,54,7.973083726415094,132.21052631578948,data:8192;hist:4096;perm-scan:256,data:4096;hist:256;perm:512,data:13;hist:12;perm:scan
permission,512,512,LOCAL,CANONICAL-MODULAR,pass,0.529368,4,4,400,135.0,552960,278901760,51200,24576,76032,0.25,4,3,72,7.999441964285714,113.6842105263158,data:8192;perm:512;hist:4096,data:4096;perm:512;hist:256,data:13;perm:9;hist:12
permission,512,512,DATACENTER,CANONICAL-MODULAR,pass,2.88384,4,4,400,135.0,552960,278901760,51200,24576,76032,0.25,4,3,72,7.999441964285714,113.6842105263158,data:8192;perm:512;hist:4096,data:4096;perm:512;hist:256,data:13;perm:9;hist:12
permission,512,512,REMOTE,CANONICAL-MODULAR,pass,37.190400000000004,4,4,400,135.0,552960,278901760,51200,24576,76032,0.25,4,3,72,7.999441964285714,113.6842105263158,data:8192;perm:512;hist:4096,data:4096;perm:512;hist:256,data:13;perm:9;hist:12
permission,512,512,LOCAL,SCAN-PERMISSION,pass,0.6883152,3,3,320,189.0,774144,277068800,49152,24576,73728,0.25,3,3,54,7.94686912593985,159.1578947368421,data:8192;hist:4096;perm-scan:512,data:4096;hist:256;perm:512,data:13;hist:12;perm:scan
permission,512,512,DATACENTER,SCAN-PERMISSION,pass,3.750576,3,3,320,189.0,774144,277068800,49152,24576,73728,0.25,3,3,54,7.94686912593985,159.1578947368421,data:8192;hist:4096;perm-scan:512,data:4096;hist:256;perm:512,data:13;hist:12;perm:scan
permission,512,512,REMOTE,SCAN-PERMISSION,pass,46.019760000000005,3,3,320,189.0,774144,277068800,49152,24576,73728,0.25,3,3,54,7.94686912593985,159.1578947368421,data:8192;hist:4096;perm-scan:512,data:4096;hist:256;perm:512,data:13;hist:12;perm:scan
permission,1024,512,LOCAL,CANONICAL-MODULAR,pass,0.5326448,4,4,408,136.0,557056,280998912,53248,24576,78080,0.25,4,3,72,7.999446128731344,114.52631578947368,data:8192;perm:1024;hist:4096,data:4096;perm:512;hist:256,data:13;perm:10;hist:12
permission,1024,512,DATACENTER,CANONICAL-MODULAR,pass,2.900224,4,4,408,136.0,557056,280998912,53248,24576,78080,0.25,4,3,72,7.999446128731344,114.52631578947368,data:8192;perm:1024;hist:4096,data:4096;perm:512;hist:256,data:13;perm:10;hist:12
permission,1024,512,REMOTE,CANONICAL-MODULAR,pass,37.354240000000004,4,4,408,136.0,557056,280998912,53248,24576,78080,0.25,4,3,72,7.999446128731344,114.52631578947368,data:8192;perm:1024;hist:4096,data:4096;perm:512;hist:256,data:13;perm:10;hist:12
permission,1024,512,LOCAL,SCAN-PERMISSION,pass,0.8980304,3,3,320,253.0,1036288,277330944,49152,24576,73728,0.25,3,3,54,7.895026819029851,213.05263157894737,data:8192;hist:4096;perm-scan:1024,data:4096;hist:256;perm:512,data:13;hist:12;perm:scan
permission,1024,512,DATACENTER,SCAN-PERMISSION,pass,4.799152000000001,3,3,320,253.0,1036288,277330944,49152,24576,73728,0.25,3,3,54,7.895026819029851,213.05263157894737,data:8192;hist:4096;perm-scan:1024,data:4096;hist:256;perm:512,data:13;hist:12;perm:scan
permission,1024,512,REMOTE,SCAN-PERMISSION,pass,56.505520000000004,3,3,320,253.0,1036288,277330944,49152,24576,73728,0.25,3,3,54,7.895026819029851,213.05263157894737,data:8192;hist:4096;perm-scan:1024,data:4096;hist:256;perm:512,data:13;hist:12;perm:scan
permission,2048,512,LOCAL,CANONICAL-MODULAR,pass,0.5359216,4,4,416,137.0,561152,285193216,57344,24576,82176,0.25,4,3,72,7.999454273897059,115.36842105263158,data:8192;perm:2048;hist:4096,data:4096;perm:512;hist:256,data:13;perm:11;hist:12
permission,2048,512,DATACENTER,CANONICAL-MODULAR,pass,2.916608,4,4,416,137.0,561152,285193216,57344,24576,82176,0.25,4,3,72,7.999454273897059,115.36842105263158,data:8192;perm:2048;hist:4096,data:4096;perm:512;hist:256,data:13;perm:11;hist:12
permission,2048,512,REMOTE,CANONICAL-MODULAR,pass,37.51808,4,4,416,137.0,561152,285193216,57344,24576,82176,0.25,4,3,72,7.999454273897059,115.36842105263158,data:8192;perm:2048;hist:4096,data:4096;perm:512;hist:256,data:13;perm:11;hist:12
permission,2048,512,LOCAL,SCAN-PERMISSION,pass,1.3174607999999999,3,3,320,381.0,1560576,277855232,49152,24576,73728,0.25,3,3,54,7.793629365808823,320.8421052631579,data:8192;hist:4096;perm-scan:2048,data:4096;hist:256;perm:512,data:13;hist:12;perm:scan
permission,2048,512,DATACENTER,SCAN-PERMISSION,pass,6.896304000000001,3,3,320,381.0,1560576,277855232,49152,24576,73728,0.25,3,3,54,7.793629365808823,320.8421052631579,data:8192;hist:4096;perm-scan:2048,data:4096;hist:256;perm:512,data:13;hist:12;perm:scan
permission,2048,512,REMOTE,SCAN-PERMISSION,pass,77.47704,3,3,320,381.0,1560576,277855232,49152,24576,73728,0.25,3,3,54,7.793629365808823,320.8421052631579,data:8192;hist:4096;perm-scan:2048,data:4096;hist:256;perm:512,data:13;hist:12;perm:scan
permission,4096,512,LOCAL,CANONICAL-MODULAR,pass,0.5391984,4,4,424,138.0,565248,293581824,65536,24576,90368,0.25,4,3,72,7.999469866071428,116.21052631578948,data:8192;perm:4096;hist:4096,data:4096;perm:512;hist:256,data:13;perm:12;hist:12
permission,4096,512,DATACENTER,CANONICAL-MODULAR,pass,2.932992,4,4,424,138.0,565248,293581824,65536,24576,90368,0.25,4,3,72,7.999469866071428,116.21052631578948,data:8192;perm:4096;hist:4096,data:4096;perm:512;hist:256,data:13;perm:12;hist:12
permission,4096,512,REMOTE,CANONICAL-MODULAR,pass,37.681920000000005,4,4,424,138.0,565248,293581824,65536,24576,90368,0.25,4,3,72,7.999469866071428,116.21052631578948,data:8192;perm:4096;hist:4096,data:4096;perm:512;hist:256,data:13;perm:12;hist:12
permission,4096,512,LOCAL,SCAN-PERMISSION,pass,2.1563216,3,3,320,637.0,2609152,278903808,49152,24576,73728,0.25,3,3,54,7.5995256696428575,536.421052631579,data:8192;hist:4096;perm-scan:4096,data:4096;hist:256;perm:512,data:13;hist:12;perm:scan
permission,4096,512,DATACENTER,SCAN-PERMISSION,pass,11.090608,3,3,320,637.0,2609152,278903808,49152,24576,73728,0.25,3,3,54,7.5995256696428575,536.421052631579,data:8192;hist:4096;perm-scan:4096,data:4096;hist:256;perm:512,data:13;hist:12;perm:scan
permission,4096,512,REMOTE,SCAN-PERMISSION,pass,119.42008,3,3,320,637.0,2609152,278903808,49152,24576,73728,0.25,3,3,54,7.5995256696428575,536.421052631579,data:8192;hist:4096;perm-scan:4096,data:4096;hist:256;perm:512,data:13;hist:12;perm:scan
history,4,64,LOCAL,CANONICAL-MODULAR,pass,0.4654704,4,4,248,115.5,473088,269468928,36880,24576,61712,0.25,4,3,72,7.999490823422122,110.32835820895522,data:8192;perm:1024;hist:4,data:4096;perm:128;hist:64,data:13;perm:10;hist:2
history,4,64,DATACENTER,CANONICAL-MODULAR,pass,2.5643520000000004,4,4,248,115.5,473088,269468928,36880,24576,61712,0.25,4,3,72,7.999490823422122,110.32835820895522,data:8192;perm:1024;hist:4,data:4096;perm:128;hist:64,data:13;perm:10;hist:2
history,4,64,REMOTE,CANONICAL-MODULAR,pass,33.99552,4,4,248,115.5,473088,269468928,36880,24576,61712,0.25,4,3,72,7.999490823422122,110.32835820895522,data:8192;perm:1024;hist:4,data:4096;perm:128;hist:64,data:13;perm:10;hist:2
history,4,64,LOCAL,SCAN-HISTORY,pass,0.4274224,2,2,200,114.875,470528,269467392,36864,24576,61440,0.3333333333333333,2,3,36,7.999445225519626,109.73134328358209,data:8192;perm:1024;hist-scan:4,data:4096;perm:128;hist:64,data:13;perm:10;hist:scan
history,4,64,DATACENTER,SCAN-HISTORY,pass,2.518112,2,2,200,114.875,470528,269467392,36864,24576,61440,0.3333333333333333,2,3,36,7.999445225519626,109.73134328358209,data:8192;perm:1024;hist-scan:4,data:4096;perm:128;hist:64,data:13;perm:10;hist:scan
history,4,64,REMOTE,SCAN-HISTORY,pass,33.85712,2,2,200,114.875,470528,269467392,36864,24576,61440,0.3333333333333333,2,3,36,7.999445225519626,109.73134328358209,data:8192;perm:1024;hist-scan:4,data:4096;perm:128;hist:64,data:13;perm:10;hist:scan
history,8,64,LOCAL,CANONICAL-MODULAR,pass,0.4662896,4,4,264,115.75,474112,269470976,36896,24576,61728,0.25,4,3,72,7.999490827291657,110.56716417910448,data:8192;perm:1024;hist:8,data:4096;perm:128;hist:64,data:13;perm:10;hist:3
history,8,64,DATACENTER,CANONICAL-MODULAR,pass,2.568448,4,4,264,115.75,474112,269470976,36896,24576,61728,0.25,4,3,72,7.999490827291657,110.56716417910448,data:8192;perm:1024;hist:8,data:4096;perm:128;hist:64,data:13;perm:10;hist:3
history,8,64,REMOTE,CANONICAL-MODULAR,pass,34.03648,4,4,264,115.75,474112,269470976,36896,24576,61728,0.25,4,3,72,7.999490827291657,110.56716417910448,data:8192;perm:1024;hist:8,data:4096;perm:128;hist:64,data:13;perm:10;hist:3
history,8,64,LOCAL,SCAN-HISTORY,pass,0.427832,2,2,200,115.0,471040,269467648,36864,24576,61440,0.3333333333333333,2,3,36,7.999392032587053,109.85074626865672,data:8192;perm:1024;hist-scan:8,data:4096;perm:128;hist:64,data:13;perm:10;hist:scan
history,8,64,DATACENTER,SCAN-HISTORY,pass,2.52016,2,2,200,115.0,471040,269467648,36864,24576,61440,0.3333333333333333,2,3,36,7.999392032587053,109.85074626865672,data:8192;perm:1024;hist-scan:8,data:4096;perm:128;hist:64,data:13;perm:10;hist:scan
history,8,64,REMOTE,SCAN-HISTORY,pass,33.8776,2,2,200,115.0,471040,269467648,36864,24576,61440,0.3333333333333333,2,3,36,7.999392032587053,109.85074626865672,data:8192;perm:1024;hist-scan:8,data:4096;perm:128;hist:64,data:13;perm:10;hist:scan
history,16,64,LOCAL,CANONICAL-MODULAR,pass,0.46710880000000005,4,4,280,116.0,475136,269475072,36928,24576,61760,0.25,4,3,72,7.99949083503055,110.80597014925372,data:8192;perm:1024;hist:16,data:4096;perm:128;hist:64,data:13;perm:10;hist:4
history,16,64,DATACENTER,CANONICAL-MODULAR,pass,2.572544,4,4,280,116.0,475136,269475072,36928,24576,61760,0.25,4,3,72,7.99949083503055,110.80597014925372,data:8192;perm:1024;hist:16,data:4096;perm:128;hist:64,data:13;perm:10;hist:4
history,16,64,REMOTE,CANONICAL-MODULAR,pass,34.07744,4,4,280,116.0,475136,269475072,36928,24576,61760,0.25,4,3,72,7.99949083503055,110.80597014925372,data:8192;perm:1024;hist:16,data:4096;perm:128;hist:64,data:13;perm:10;hist:4
history,16,64,LOCAL,SCAN-HISTORY,pass,0.4286512,2,2,200,115.25,472064,269468160,36864,24576,61440,0.3333333333333333,2,3,36,7.999285649147339,110.08955223880596,data:8192;perm:1024;hist-scan:16,data:4096;perm:128;hist:64,data:13;perm:10;hist:scan
history,16,64,DATACENTER,SCAN-HISTORY,pass,2.524256,2,2,200,115.25,472064,269468160,36864,24576,61440,0.3333333333333333,2,3,36,7.999285649147339,110.08955223880596,data:8192;perm:1024;hist-scan:16,data:4096;perm:128;hist:64,data:13;perm:10;hist:scan
history,16,64,REMOTE,SCAN-HISTORY,pass,33.91856,2,2,200,115.25,472064,269468160,36864,24576,61440,0.3333333333333333,2,3,36,7.999285649147339,110.08955223880596,data:8192;perm:1024;hist-scan:16,data:4096;perm:128;hist:64,data:13;perm:10;hist:scan
history,32,64,LOCAL,CANONICAL-MODULAR,pass,0.467928,4,4,296,116.25,476160,269483264,36992,24576,61824,0.25,4,3,72,7.999490850507629,111.04477611940298,data:8192;perm:1024;hist:32,data:4096;perm:128;hist:64,data:13;perm:10;hist:5
history,32,64,DATACENTER,CANONICAL-MODULAR,pass,2.5766400000000003,4,4,296,116.25,476160,269483264,36992,24576,61824,0.25,4,3,72,7.999490850507629,111.04477611940298,data:8192;perm:1024;hist:32,data:4096;perm:128;hist:64,data:13;perm:10;hist:5
history,32,64,REMOTE,CANONICAL-MODULAR,pass,34.1184,4,4,296,116.25,476160,269483264,36992,24576,61824,0.25,4,3,72,7.999490850507629,111.04477611940298,data:8192;perm:1024;hist:32,data:4096;perm:128;hist:64,data:13;perm:10;hist:5
history,32,64,LOCAL,SCAN-HISTORY,pass,0.4302896,2,2,200,115.75,474112,269469184,36864,24576,61440,0.3333333333333333,2,3,36,7.999072891969116,110.56716417910448,data:8192;perm:1024;hist-scan:32,data:4096;perm:128;hist:64,data:13;perm:10;hist:scan
history,32,64,DATACENTER,SCAN-HISTORY,pass,2.532448,2,2,200,115.75,474112,269469184,36864,24576,61440,0.3333333333333333,2,3,36,7.999072891969116,110.56716417910448,data:8192;perm:1024;hist-scan:32,data:4096;perm:128;hist:64,data:13;perm:10;hist:scan
history,32,64,REMOTE,SCAN-HISTORY,pass,34.000479999999996,2,2,200,115.75,474112,269469184,36864,24576,61440,0.3333333333333333,2,3,36,7.999072891969116,110.56716417910448,data:8192;perm:1024;hist-scan:32,data:4096;perm:128;hist:64,data:13;perm:10;hist:scan
history,64,64,LOCAL,CANONICAL-MODULAR,pass,0.46874720000000003,4,4,312,116.5,477184,269499648,37120,24576,61952,0.25,4,3,72,7.999490881458967,111.28358208955224,data:8192;perm:1024;hist:64,data:4096;perm:128;hist:64,data:13;perm:10;hist:6
history,64,64,DATACENTER,CANONICAL-MODULAR,pass,2.580736,4,4,312,116.5,477184,269499648,37120,24576,61952,0.25,4,3,72,7.999490881458967,111.28358208955224,data:8192;perm:1024;hist:64,data:4096;perm:128;hist:64,data:13;perm:10;hist:6
history,64,64,REMOTE,CANONICAL-MODULAR,pass,34.15936000000001,4,4,312,116.5,477184,269499648,37120,24576,61952,0.25,4,3,72,7.999490881458967,111.28358208955224,data:8192;perm:1024;hist:64,data:4096;perm:128;hist:64,data:13;perm:10;hist:6
history,64,64,LOCAL,SCAN-HISTORY,pass,0.43356639999999996,2,2,200,116.75,478208,269471232,36864,24576,61440,0.3333333333333333,2,3,36,7.998647416413374,111.5223880597015,data:8192;perm:1024;hist-scan:64,data:4096;perm:128;hist:64,data:13;perm:10;hist:scan
history,64,64,DATACENTER,SCAN-HISTORY,pass,2.5488320000000004,2,2,200,116.75,478208,269471232,36864,24576,61440,0.3333333333333333,2,3,36,7.998647416413374,111.5223880597015,data:8192;perm:1024;hist-scan:64,data:4096;perm:128;hist:64,data:13;perm:10;hist:scan
history,64,64,REMOTE,SCAN-HISTORY,pass,34.164320000000004,2,2,200,116.75,478208,269471232,36864,24576,61440,0.3333333333333333,2,3,36,7.998647416413374,111.5223880597015,data:8192;perm:1024;hist-scan:64,data:4096;perm:128;hist:64,data:13;perm:10;hist:scan
history,128,64,LOCAL,CANONICAL-MODULAR,pass,0.4695664,4,4,328,116.75,478208,269532416,37376,24576,62208,0.25,4,3,72,7.999490943350352,111.5223880597015,data:8192;perm:1024;hist:128,data:4096;perm:128;hist:64,data:13;perm:10;hist:7
history,128,64,DATACENTER,CANONICAL-MODULAR,pass,2.5848320000000005,4,4,328,116.75,478208,269532416,37376,24576,62208,0.25,4,3,72,7.999490943350352,111.5223880597015,data:8192;perm:1024;hist:128,data:4096;perm:128;hist:64,data:13;perm:10;hist:7
history,128,64,REMOTE,CANONICAL-MODULAR,pass,34.200320000000005,4,4,328,116.75,478208,269532416,37376,24576,62208,0.25,4,3,72,7.999490943350352,111.5223880597015,data:8192;perm:1024;hist:128,data:4096;perm:128;hist:64,data:13;perm:10;hist:7
history,128,64,LOCAL,SCAN-HISTORY,pass,0.44012,2,2,200,118.75,486400,269475328,36864,24576,61440,0.3333333333333333,2,3,36,7.997796620471675,113.43283582089552,data:8192;perm:1024;hist-scan:128,data:4096;perm:128;hist:64,data:13;perm:10;hist:scan
history,128,64,DATACENTER,SCAN-HISTORY,pass,2.5816000000000003,2,2,200,118.75,486400,269475328,36864,24576,61440,0.3333333333333333,2,3,36,7.997796620471675,113.43283582089552,data:8192;perm:1024;hist-scan:128,data:4096;perm:128;hist:64,data:13;perm:10;hist:scan
history,128,64,REMOTE,SCAN-HISTORY,pass,34.492000000000004,2,2,200,118.75,486400,269475328,36864,24576,61440,0.3333333333333333,2,3,36,7.997796620471675,113.43283582089552,data:8192;perm:1024;hist-scan:128,data:4096;perm:128;hist:64,data:13;perm:10;hist:scan
history,256,64,LOCAL,CANONICAL-MODULAR,pass,0.4703856,4,4,344,117.0,479232,269597952,37888,24576,62720,0.25,4,3,72,7.999491067087992,111.76119402985074,data:8192;perm:1024;hist:256,data:4096;perm:128;hist:64,data:13;perm:10;hist:8
history,256,64,DATACENTER,CANONICAL-MODULAR,pass,2.588928,4,4,344,117.0,479232,269597952,37888,24576,62720,0.25,4,3,72,7.999491067087992,111.76119402985074,data:8192;perm:1024;hist:256,data:4096;perm:128;hist:64,data:13;perm:10;hist:8
history,256,64,REMOTE,CANONICAL-MODULAR,pass,34.24128,4,4,344,117.0,479232,269597952,37888,24576,62720,0.25,4,3,72,7.999491067087992,111.76119402985074,data:8192;perm:1024;hist:256,data:4096;perm:128;hist:64,data:13;perm:10;hist:8
history,256,64,LOCAL,SCAN-HISTORY,pass,0.4532272,2,2,200,122.75,502784,269483520,36864,24576,61440,0.3333333333333333,2,3,36,7.996095649003403,117.25373134328358,data:8192;perm:1024;hist-scan:256,data:4096;perm:128;hist:64,data:13;perm:10;hist:scan
history,256,64,DATACENTER,SCAN-HISTORY,pass,2.647136,2,2,200,122.75,502784,269483520,36864,24576,61440,0.3333333333333333,2,3,36,7.996095649003403,117.25373134328358,data:8192;perm:1024;hist-scan:256,data:4096;perm:128;hist:64,data:13;perm:10;hist:scan
history,256,64,REMOTE,SCAN-HISTORY,pass,35.147360000000006,2,2,200,122.75,502784,269483520,36864,24576,61440,0.3333333333333333,2,3,36,7.996095649003403,117.25373134328358,data:8192;perm:1024;hist-scan:256,data:4096;perm:128;hist:64,data:13;perm:10;hist:scan
history,512,64,LOCAL,CANONICAL-MODULAR,pass,0.47120480000000003,4,4,360,117.25,480256,269729024,38912,24576,63744,0.25,4,3,72,7.999491314382896,112.0,data:8192;perm:1024;hist:512,data:4096;perm:128;hist:64,data:13;perm:10;hist:9
history,512,64,DATACENTER,CANONICAL-MODULAR,pass,2.593024,4,4,360,117.25,480256,269729024,38912,24576,63744,0.25,4,3,72,7.999491314382896,112.0,data:8192;perm:1024;hist:512,data:4096;perm:128;hist:64,data:13;perm:10;hist:9
history,512,64,REMOTE,CANONICAL-MODULAR,pass,34.28224,4,4,360,117.25,480256,269729024,38912,24576,63744,0.25,4,3,72,7.999491314382896,112.0,data:8192;perm:1024;hist:512,data:4096;perm:128;hist:64,data:13;perm:10;hist:9
history,512,64,LOCAL,SCAN-HISTORY,pass,0.47944159999999997,2,2,200,130.75,535552,269499904,36864,24576,61440,0.3333333333333333,2,3,36,7.992696185617104,124.8955223880597,data:8192;perm:1024;hist-scan:512,data:4096;perm:128;hist:64,data:13;perm:10;hist:scan
history,512,64,DATACENTER,SCAN-HISTORY,pass,2.7782080000000002,2,2,200,130.75,535552,269499904,36864,24576,61440,0.3333333333333333,2,3,36,7.992696185617104,124.8955223880597,data:8192;perm:1024;hist-scan:512,data:4096;perm:128;hist:64,data:13;perm:10;hist:scan
history,512,64,REMOTE,SCAN-HISTORY,pass,36.45808,2,2,200,130.75,535552,269499904,36864,24576,61440,0.3333333333333333,2,3,36,7.992696185617104,124.8955223880597,data:8192;perm:1024;hist-scan:512,data:4096;perm:128;hist:64,data:13;perm:10;hist:scan
history,1024,64,LOCAL,CANONICAL-MODULAR,pass,0.472024,4,4,376,117.5,481280,269991168,40960,24576,65792,0.25,4,3,72,7.999491808252428,112.23880597014926,data:8192;perm:1024;hist:1024,data:4096;perm:128;hist:64,data:13;perm:10;hist:10
history,1024,64,DATACENTER,CANONICAL-MODULAR,pass,2.5971200000000003,4,4,376,117.5,481280,269991168,40960,24576,65792,0.25,4,3,72,7.999491808252428,112.23880597014926,data:8192;perm:1024;hist:1024,data:4096;perm:128;hist:64,data:13;perm:10;hist:10
history,1024,64,REMOTE,CANONICAL-MODULAR,pass,34.3232,4,4,376,117.5,481280,269991168,40960,24576,65792,0.25,4,3,72,7.999491808252428,112.23880597014926,data:8192;perm:1024;hist:1024,data:4096;perm:128;hist:64,data:13;perm:10;hist:10
history,1024,64,LOCAL,SCAN-HISTORY,pass,0.5318704,2,2,200,146.75,601088,269532672,36864,24576,61440,0.3333333333333333,2,3,36,7.9859071601941745,140.17910447761193,data:8192;perm:1024;hist-scan:1024,data:4096;perm:128;hist:64,data:13;perm:10;hist:scan
history,1024,64,DATACENTER,SCAN-HISTORY,pass,3.040352,2,2,200,146.75,601088,269532672,36864,24576,61440,0.3333333333333333,2,3,36,7.9859071601941745,140.17910447761193,data:8192;perm:1024;hist-scan:1024,data:4096;perm:128;hist:64,data:13;perm:10;hist:scan
history,1024,64,REMOTE,SCAN-HISTORY,pass,39.07952,2,2,200,146.75,601088,269532672,36864,24576,61440,0.3333333333333333,2,3,36,7.9859071601941745,140.17910447761193,data:8192;perm:1024;hist-scan:1024,data:4096;perm:128;hist:64,data:13;perm:10;hist:scan
history,2048,64,LOCAL,CANONICAL-MODULAR,pass,0.4728432,4,4,392,117.75,482304,270515456,45056,24576,69888,0.25,4,3,72,7.999492793120155,112.4776119402985,data:8192;perm:1024;hist:2048,data:4096;perm:128;hist:64,data:13;perm:10;hist:11
history,2048,64,DATACENTER,CANONICAL-MODULAR,pass,2.601216,4,4,392,117.75,482304,270515456,45056,24576,69888,0.25,4,3,72,7.999492793120155,112.4776119402985,data:8192;perm:1024;hist:2048,data:4096;perm:128;hist:64,data:13;perm:10;hist:11
history,2048,64,REMOTE,CANONICAL-MODULAR,pass,34.36416,4,4,392,117.75,482304,270515456,45056,24576,69888,0.25,4,3,72,7.999492793120155,112.4776119402985,data:8192;perm:1024;hist:2048,data:4096;perm:128;hist:64,data:13;perm:10;hist:11
history,2048,64,LOCAL,SCAN-HISTORY,pass,0.6367280000000001,2,2,200,178.75,732160,269598208,36864,24576,61440,0.3333333333333333,2,3,36,7.972368580426356,170.7462686567164,data:8192;perm:1024;hist-scan:2048,data:4096;perm:128;hist:64,data:13;perm:10;hist:scan
history,2048,64,DATACENTER,SCAN-HISTORY,pass,3.5646400000000003,2,2,200,178.75,732160,269598208,36864,24576,61440,0.3333333333333333,2,3,36,7.972368580426356,170.7462686567164,data:8192;perm:1024;hist-scan:2048,data:4096;perm:128;hist:64,data:13;perm:10;hist:scan
history,2048,64,REMOTE,SCAN-HISTORY,pass,44.3224,2,2,200,178.75,732160,269598208,36864,24576,61440,0.3333333333333333,2,3,36,7.972368580426356,170.7462686567164,data:8192;perm:1024;hist-scan:2048,data:4096;perm:128;hist:64,data:13;perm:10;hist:scan
history,4096,64,LOCAL,CANONICAL-MODULAR,pass,0.47366240000000004,4,4,408,118.0,483328,271564032,53248,24576,78080,0.25,4,3,72,7.999494751447877,112.71641791044776,data:8192;perm:1024;hist:4096,data:4096;perm:128;hist:64,data:13;perm:10;hist:12
history,4096,64,DATACENTER,CANONICAL-MODULAR,pass,2.605312,4,4,408,118.0,483328,271564032,53248,24576,78080,0.25,4,3,72,7.999494751447877,112.71641791044776,data:8192;perm:1024;hist:4096,data:4096;perm:128;hist:64,data:13;perm:10;hist:12
history,4096,64,REMOTE,CANONICAL-MODULAR,pass,34.405120000000004,4,4,408,118.0,483328,271564032,53248,24576,78080,0.25,4,3,72,7.999494751447877,112.71641791044776,data:8192;perm:1024;hist:4096,data:4096;perm:128;hist:64,data:13;perm:10;hist:12
history,4096,64,LOCAL,SCAN-HISTORY,pass,0.8464432000000001,2,2,200,242.75,994304,269729280,36864,24576,61440,0.3333333333333333,2,3,36,7.945448238416988,231.88059701492537,data:8192;perm:1024;hist-scan:4096,data:4096;perm:128;hist:64,data:13;perm:10;hist:scan
history,4096,64,DATACENTER,SCAN-HISTORY,pass,4.6132159999999995,2,2,200,242.75,994304,269729280,36864,24576,61440,0.3333333333333333,2,3,36,7.945448238416988,231.88059701492537,data:8192;perm:1024;hist-scan:4096,data:4096;perm:128;hist:64,data:13;perm:10;hist:scan
history,4096,64,REMOTE,SCAN-HISTORY,pass,54.80816,2,2,200,242.75,994304,269729280,36864,24576,61440,0.3333333333333333,2,3,36,7.945448238416988,231.88059701492537,data:8192;perm:1024;hist-scan:4096,data:4096;perm:128;hist:64,data:13;perm:10;hist:scan
history,4,128,LOCAL,CANONICAL-MODULAR,pass,0.467928,4,4,248,116.25,476160,269470720,36880,24576,61712,0.25,4,3,72,7.999483227698995,109.41176470588235,data:8192;perm:1024;hist:4,data:4096;perm:128;hist:128,data:13;perm:10;hist:2
history,4,128,DATACENTER,CANONICAL-MODULAR,pass,2.5766400000000003,4,4,248,116.25,476160,269470720,36880,24576,61712,0.25,4,3,72,7.999483227698995,109.41176470588235,data:8192;perm:1024;hist:4,data:4096;perm:128;hist:128,data:13;perm:10;hist:2
history,4,128,REMOTE,CANONICAL-MODULAR,pass,34.1184,4,4,248,116.25,476160,269470720,36880,24576,61712,0.25,4,3,72,7.999483227698995,109.41176470588235,data:8192;perm:1024;hist:4,data:4096;perm:128;hist:128,data:13;perm:10;hist:2
history,4,128,LOCAL,SCAN-HISTORY,pass,0.427832,2,2,200,115.0,471040,269467648,36864,24576,61440,0.3333333333333333,2,3,36,7.999392032587053,108.23529411764706,data:8192;perm:1024;hist-scan:4,data:4096;perm:128;hist:128,data:13;perm:10;hist:scan
history,4,128,DATACENTER,SCAN-HISTORY,pass,2.52016,2,2,200,115.0,471040,269467648,36864,24576,61440,0.3333333333333333,2,3,36,7.999392032587053,108.23529411764706,data:8192;perm:1024;hist-scan:4,data:4096;perm:128;hist:128,data:13;perm:10;hist:scan
history,4,128,REMOTE,SCAN-HISTORY,pass,33.8776,2,2,200,115.0,471040,269467648,36864,24576,61440,0.3333333333333333,2,3,36,7.999392032587053,108.23529411764706,data:8192;perm:1024;hist-scan:4,data:4096;perm:128;hist:128,data:13;perm:10;hist:scan
history,8,128,LOCAL,CANONICAL-MODULAR,pass,0.4695664,4,4,264,116.75,478208,269474816,36896,24576,61728,0.25,4,3,72,7.999483235553394,109.88235294117646,data:8192;perm:1024;hist:8,data:4096;perm:128;hist:128,data:13;perm:10;hist:3
history,8,128,DATACENTER,CANONICAL-MODULAR,pass,2.5848320000000005,4,4,264,116.75,478208,269474816,36896,24576,61728,0.25,4,3,72,7.999483235553394,109.88235294117646,data:8192;perm:1024;hist:8,data:4096;perm:128;hist:128,data:13;perm:10;hist:3
history,8,128,REMOTE,CANONICAL-MODULAR,pass,34.200320000000005,4,4,264,116.75,478208,269474816,36896,24576,61728,0.25,4,3,72,7.999483235553394,109.88235294117646,data:8192;perm:1024;hist:8,data:4096;perm:128;hist:128,data:13;perm:10;hist:3
history,8,128,LOCAL,SCAN-HISTORY,pass,0.4286512,2,2,200,115.25,472064,269468160,36864,24576,61440,0.3333333333333333,2,3,36,7.999285649147339,108.47058823529412,data:8192;perm:1024;hist-scan:8,data:4096;perm:128;hist:128,data:13;perm:10;hist:scan
history,8,128,DATACENTER,SCAN-HISTORY,pass,2.524256,2,2,200,115.25,472064,269468160,36864,24576,61440,0.3333333333333333,2,3,36,7.999285649147339,108.47058823529412,data:8192;perm:1024;hist-scan:8,data:4096;perm:128;hist:128,data:13;perm:10;hist:scan
history,8,128,REMOTE,SCAN-HISTORY,pass,33.91856,2,2,200,115.25,472064,269468160,36864,24576,61440,0.3333333333333333,2,3,36,7.999285649147339,108.47058823529412,data:8192;perm:1024;hist-scan:8,data:4096;perm:128;hist:128,data:13;perm:10;hist:scan
history,16,128,LOCAL,CANONICAL-MODULAR,pass,0.47120480000000003,4,4,280,117.25,480256,269483008,36928,24576,61760,0.25,4,3,72,7.999483251261475,110.3529411764706,data:8192;perm:1024;hist:16,data:4096;perm:128;hist:128,data:13;perm:10;hist:4
history,16,128,DATACENTER,CANONICAL-MODULAR,pass,2.593024,4,4,280,117.25,480256,269483008,36928,24576,61760,0.25,4,3,72,7.999483251261475,110.3529411764706,data:8192;perm:1024;hist:16,data:4096;perm:128;hist:128,data:13;perm:10;hist:4
history,16,128,REMOTE,CANONICAL-MODULAR,pass,34.28224,4,4,280,117.25,480256,269483008,36928,24576,61760,0.25,4,3,72,7.999483251261475,110.3529411764706,data:8192;perm:1024;hist:16,data:4096;perm:128;hist:128,data:13;perm:10;hist:4
history,16,128,LOCAL,SCAN-HISTORY,pass,0.4302896,2,2,200,115.75,474112,269469184,36864,24576,61440,0.3333333333333333,2,3,36,7.999072891969116,108.94117647058823,data:8192;perm:1024;hist-scan:16,data:4096;perm:128;hist:128,data:13;perm:10;hist:scan
history,16,128,DATACENTER,SCAN-HISTORY,pass,2.532448,2,2,200,115.75,474112,269469184,36864,24576,61440,0.3333333333333333,2,3,36,7.999072891969116,108.94117647058823,data:8192;perm:1024;hist-scan:16,data:4096;perm:128;hist:128,data:13;perm:10;hist:scan
history,16,128,REMOTE,SCAN-HISTORY,pass,34.000479999999996,2,2,200,115.75,474112,269469184,36864,24576,61440,0.3333333333333333,2,3,36,7.999072891969116,108.94117647058823,data:8192;perm:1024;hist-scan:16,data:4096;perm:128;hist:128,data:13;perm:10;hist:scan
history,32,128,LOCAL,CANONICAL-MODULAR,pass,0.4728432,4,4,296,117.75,482304,269499392,36992,24576,61824,0.25,4,3,72,7.999483282674772,110.82352941176471,data:8192;perm:1024;hist:32,data:4096;perm:128;hist:128,data:13;perm:10;hist:5
history,32,128,DATACENTER,CANONICAL-MODULAR,pass,2.601216,4,4,296,117.75,482304,269499392,36992,24576,61824,0.25,4,3,72,7.999483282674772,110.82352941176471,data:8192;perm:1024;hist:32,data:4096;perm:128;hist:128,data:13;perm:10;hist:5
history,32,128,REMOTE,CANONICAL-MODULAR,pass,34.36416,4,4,296,117.75,482304,269499392,36992,24576,61824,0.25,4,3,72,7.999483282674772,110.82352941176471,data:8192;perm:1024;hist:32,data:4096;perm:128;hist:128,data:13;perm:10;hist:5
history,32,128,LOCAL,SCAN-HISTORY,pass,0.43356639999999996,2,2,200,116.75,478208,269471232,36864,24576,61440,0.3333333333333333,2,3,36,7.998647416413374,109.88235294117646,data:8192;perm:1024;hist-scan:32,data:4096;perm:128;hist:128,data:13;perm:10;hist:scan
history,32,128,DATACENTER,SCAN-HISTORY,pass,2.5488320000000004,2,2,200,116.75,478208,269471232,36864,24576,61440,0.3333333333333333,2,3,36,7.998647416413374,109.88235294117646,data:8192;perm:1024;hist-scan:32,data:4096;perm:128;hist:128,data:13;perm:10;hist:scan
history,32,128,REMOTE,SCAN-HISTORY,pass,34.164320000000004,2,2,200,116.75,478208,269471232,36864,24576,61440,0.3333333333333333,2,3,36,7.998647416413374,109.88235294117646,data:8192;perm:1024;hist-scan:32,data:4096;perm:128;hist:128,data:13;perm:10;hist:scan
history,64,128,LOCAL,CANONICAL-MODULAR,pass,0.4744816,4,4,312,118.25,484352,269532160,37120,24576,61952,0.25,4,3,72,7.99948334548991,111.29411764705883,data:8192;perm:1024;hist:64,data:4096;perm:128;hist:128,data:13;perm:10;hist:6
history,64,128,DATACENTER,CANONICAL-MODULAR,pass,2.609408,4,4,312,118.25,484352,269532160,37120,24576,61952,0.25,4,3,72,7.99948334548991,111.29411764705883,data:8192;perm:1024;hist:64,data:4096;perm:128;hist:128,data:13;perm:10;hist:6
history,64,128,REMOTE,CANONICAL-MODULAR,pass,34.44608,4,4,312,118.25,484352,269532160,37120,24576,61952,0.25,4,3,72,7.99948334548991,111.29411764705883,data:8192;perm:1024;hist:64,data:4096;perm:128;hist:128,data:13;perm:10;hist:6
history,64,128,LOCAL,SCAN-HISTORY,pass,0.44012,2,2,200,118.75,486400,269475328,36864,24576,61440,0.3333333333333333,2,3,36,7.997796620471675,111.76470588235294,data:8192;perm:1024;hist-scan:64,data:4096;perm:128;hist:128,data:13;perm:10;hist:scan
history,64,128,DATACENTER,SCAN-HISTORY,pass,2.5816000000000003,2,2,200,118.75,486400,269475328,36864,24576,61440,0.3333333333333333,2,3,36,7.997796620471675,111.76470588235294,data:8192;perm:1024;hist-scan:64,data:4096;perm:128;hist:128,data:13;perm:10;hist:scan
history,64,128,REMOTE,SCAN-HISTORY,pass,34.492000000000004,2,2,200,118.75,486400,269475328,36864,24576,61440,0.3333333333333333,2,3,36,7.997796620471675,111.76470588235294,data:8192;perm:1024;hist-scan:64,data:4096;perm:128;hist:128,data:13;perm:10;hist:scan
history,128,128,LOCAL,CANONICAL-MODULAR,pass,0.47612000000000004,4,4,328,118.75,486400,269597696,37376,24576,62208,0.25,4,3,72,7.99948347107438,111.76470588235294,data:8192;perm:1024;hist:128,data:4096;perm:128;hist:128,data:13;perm:10;hist:7
history,128,128,DATACENTER,CANONICAL-MODULAR,pass,2.6176000000000004,4,4,328,118.75,486400,269597696,37376,24576,62208,0.25,4,3,72,7.99948347107438,111.76470588235294,data:8192;perm:1024;hist:128,data:4096;perm:128;hist:128,data:13;perm:10;hist:7
history,128,128,REMOTE,CANONICAL-MODULAR,pass,34.528000000000006,4,4,328,118.75,486400,269597696,37376,24576,62208,0.25,4,3,72,7.99948347107438,111.76470588235294,data:8192;perm:1024;hist:128,data:4096;perm:128;hist:128,data:13;perm:10;hist:7
history,128,128,LOCAL,SCAN-HISTORY,pass,0.4532272,2,2,200,122.75,502784,269483520,36864,24576,61440,0.3333333333333333,2,3,36,7.996095649003403,115.52941176470588,data:8192;perm:1024;hist-scan:128,data:4096;perm:128;hist:128,data:13;perm:10;hist:scan
history,128,128,DATACENTER,SCAN-HISTORY,pass,2.647136,2,2,200,122.75,502784,269483520,36864,24576,61440,0.3333333333333333,2,3,36,7.996095649003403,115.52941176470588,data:8192;perm:1024;hist-scan:128,data:4096;perm:128;hist:128,data:13;perm:10;hist:scan
history,128,128,REMOTE,SCAN-HISTORY,pass,35.147360000000006,2,2,200,122.75,502784,269483520,36864,24576,61440,0.3333333333333333,2,3,36,7.996095649003403,115.52941176470588,data:8192;perm:1024;hist-scan:128,data:4096;perm:128;hist:128,data:13;perm:10;hist:scan
history,256,128,LOCAL,CANONICAL-MODULAR,pass,0.4777584,4,4,344,119.25,488448,269728768,37888,24576,62720,0.25,4,3,72,7.999483722060253,112.23529411764706,data:8192;perm:1024;hist:256,data:4096;perm:128;hist:128,data:13;perm:10;hist:8
history,256,128,DATACENTER,CANONICAL-MODULAR,pass,2.625792,4,4,344,119.25,488448,269728768,37888,24576,62720,0.25,4,3,72,7.999483722060253,112.23529411764706,data:8192;perm:1024;hist:256,data:4096;perm:128;hist:128,data:13;perm:10;hist:8
history,256,128,REMOTE,CANONICAL-MODULAR,pass,34.60992,4,4,344,119.25,488448,269728768,37888,24576,62720,0.25,4,3,72,7.999483722060253,112.23529411764706,data:8192;perm:1024;hist:256,data:4096;perm:128;hist:128,data:13;perm:10;hist:8
history,256,128,LOCAL,SCAN-HISTORY,pass,0.47944159999999997,2,2,200,130.75,535552,269499904,36864,24576,61440,0.3333333333333333,2,3,36,7.992696185617104,123.05882352941177,data:8192;perm:1024;hist-scan:256,data:4096;perm:128;hist:128,data:13;perm:10;hist:scan
history,256,128,DATACENTER,SCAN-HISTORY,pass,2.7782080000000002,2,2,200,130.75,535552,269499904,36864,24576,61440,0.3333333333333333,2,3,36,7.992696185617104,123.05882352941177,data:8192;perm:1024;hist-scan:256,data:4096;perm:128;hist:128,data:13;perm:10;hist:scan
history,256,128,REMOTE,SCAN-HISTORY,pass,36.45808,2,2,200,130.75,535552,269499904,36864,24576,61440,0.3333333333333333,2,3,36,7.992696185617104,123.05882352941177,data:8192;perm:1024;hist-scan:256,data:4096;perm:128;hist:128,data:13;perm:10;hist:scan
history,512,128,LOCAL,CANONICAL-MODULAR,pass,0.4793968,4,4,360,119.75,490496,269990912,38912,24576,63744,0.25,4,3,72,7.999484223300971,112.70588235294117,data:8192;perm:1024;hist:512,data:4096;perm:128;hist:128,data:13;perm:10;hist:9
history,512,128,DATACENTER,CANONICAL-MODULAR,pass,2.633984,4,4,360,119.75,490496,269990912,38912,24576,63744,0.25,4,3,72,7.999484223300971,112.70588235294117,data:8192;perm:1024;hist:512,data:4096;perm:128;hist:128,data:13;perm:10;hist:9
history,512,128,REMOTE,CANONICAL-MODULAR,pass,34.69184,4,4,360,119.75,490496,269990912,38912,24576,63744,0.25,4,3,72,7.999484223300971,112.70588235294117,data:8192;perm:1024;hist:512,data:4096;perm:128;hist:128,data:13;perm:10;hist:9
history,512,128,LOCAL,SCAN-HISTORY,pass,0.5318704,2,2,200,146.75,601088,269532672,36864,24576,61440,0.3333333333333333,2,3,36,7.9859071601941745,138.11764705882354,data:8192;perm:1024;hist-scan:512,data:4096;perm:128;hist:128,data:13;perm:10;hist:scan
history,512,128,DATACENTER,SCAN-HISTORY,pass,3.040352,2,2,200,146.75,601088,269532672,36864,24576,61440,0.3333333333333333,2,3,36,7.9859071601941745,138.11764705882354,data:8192;perm:1024;hist-scan:512,data:4096;perm:128;hist:128,data:13;perm:10;hist:scan
history,512,128,REMOTE,SCAN-HISTORY,pass,39.07952,2,2,200,146.75,601088,269532672,36864,24576,61440,0.3333333333333333,2,3,36,7.9859071601941745,138.11764705882354,data:8192;perm:1024;hist-scan:512,data:4096;perm:128;hist:128,data:13;perm:10;hist:scan
history,1024,128,LOCAL,CANONICAL-MODULAR,pass,0.4810352,4,4,376,120.25,492544,270515200,40960,24576,65792,0.25,4,3,72,7.999485222868217,113.17647058823529,data:8192;perm:1024;hist:1024,data:4096;perm:128;hist:128,data:13;perm:10;hist:10
history,1024,128,DATACENTER,CANONICAL-MODULAR,pass,2.642176,4,4,376,120.25,492544,270515200,40960,24576,65792,0.25,4,3,72,7.999485222868217,113.17647058823529,data:8192;perm:1024;hist:1024,data:4096;perm:128;hist:128,data:13;perm:10;hist:10
history,1024,128,REMOTE,CANONICAL-MODULAR,pass,34.77376,4,4,376,120.25,492544,270515200,40960,24576,65792,0.25,4,3,72,7.999485222868217,113.17647058823529,data:8192;perm:1024;hist:1024,data:4096;perm:128;hist:128,data:13;perm:10;hist:10
history,1024,128,LOCAL,SCAN-HISTORY,pass,0.6367280000000001,2,2,200,178.75,732160,269598208,36864,24576,61440,0.3333333333333333,2,3,36,7.972368580426356,168.23529411764707,data:8192;perm:1024;hist-scan:1024,data:4096;perm:128;hist:128,data:13;perm:10;hist:scan
history,1024,128,DATACENTER,SCAN-HISTORY,pass,3.5646400000000003,2,2,200,178.75,732160,269598208,36864,24576,61440,0.3333333333333333,2,3,36,7.972368580426356,168.23529411764707,data:8192;perm:1024;hist-scan:1024,data:4096;perm:128;hist:128,data:13;perm:10;hist:scan
history,1024,128,REMOTE,SCAN-HISTORY,pass,44.3224,2,2,200,178.75,732160,269598208,36864,24576,61440,0.3333333333333333,2,3,36,7.972368580426356,168.23529411764707,data:8192;perm:1024;hist-scan:1024,data:4096;perm:128;hist:128,data:13;perm:10;hist:scan
history,2048,128,LOCAL,CANONICAL-MODULAR,pass,0.48267360000000004,4,4,392,120.75,494592,271563776,45056,24576,69888,0.25,4,3,72,7.999487210424711,113.6470588235294,data:8192;perm:1024;hist:2048,data:4096;perm:128;hist:128,data:13;perm:10;hist:11
history,2048,128,DATACENTER,CANONICAL-MODULAR,pass,2.6503680000000003,4,4,392,120.75,494592,271563776,45056,24576,69888,0.25,4,3,72,7.999487210424711,113.6470588235294,data:8192;perm:1024;hist:2048,data:4096;perm:128;hist:128,data:13;perm:10;hist:11
history,2048,128,REMOTE,CANONICAL-MODULAR,pass,34.85568000000001,4,4,392,120.75,494592,271563776,45056,24576,69888,0.25,4,3,72,7.999487210424711,113.6470588235294,data:8192;perm:1024;hist:2048,data:4096;perm:128;hist:128,data:13;perm:10;hist:11
history,2048,128,LOCAL,SCAN-HISTORY,pass,0.8464432000000001,2,2,200,242.75,994304,269729280,36864,24576,61440,0.3333333333333333,2,3,36,7.945448238416988,228.47058823529412,data:8192;perm:1024;hist-scan:2048,data:4096;perm:128;hist:128,data:13;perm:10;hist:scan
history,2048,128,DATACENTER,SCAN-HISTORY,pass,4.6132159999999995,2,2,200,242.75,994304,269729280,36864,24576,61440,0.3333333333333333,2,3,36,7.945448238416988,228.47058823529412,data:8192;perm:1024;hist-scan:2048,data:4096;perm:128;hist:128,data:13;perm:10;hist:scan
history,2048,128,REMOTE,SCAN-HISTORY,pass,54.80816,2,2,200,242.75,994304,269729280,36864,24576,61440,0.3333333333333333,2,3,36,7.945448238416988,228.47058823529412,data:8192;perm:1024;hist-scan:2048,data:4096;perm:128;hist:128,data:13;perm:10;hist:scan
history,4096,128,LOCAL,CANONICAL-MODULAR,pass,0.484312,4,4,408,121.25,496640,273660928,53248,24576,78080,0.25,4,3,72,7.999491139846743,114.11764705882354,data:8192;perm:1024;hist:4096,data:4096;perm:128;hist:128,data:13;perm:10;hist:12
history,4096,128,DATACENTER,CANONICAL-MODULAR,pass,2.6585600000000005,4,4,408,121.25,496640,273660928,53248,24576,78080,0.25,4,3,72,7.999491139846743,114.11764705882354,data:8192;perm:1024;hist:4096,data:4096;perm:128;hist:128,data:13;perm:10;hist:12
history,4096,128,REMOTE,CANONICAL-MODULAR,pass,34.9376,4,4,408,121.25,496640,273660928,53248,24576,78080,0.25,4,3,72,7.999491139846743,114.11764705882354,data:8192;perm:1024;hist:4096,data:4096;perm:128;hist:128,data:13;perm:10;hist:12
history,4096,128,LOCAL,SCAN-HISTORY,pass,1.2658736,2,2,200,370.75,1518592,269991424,36864,24576,61440,0.3333333333333333,2,3,36,7.892226412835249,348.94117647058823,data:8192;perm:1024;hist-scan:4096,data:4096;perm:128;hist:128,data:13;perm:10;hist:scan
history,4096,128,DATACENTER,SCAN-HISTORY,pass,6.710367999999999,2,2,200,370.75,1518592,269991424,36864,24576,61440,0.3333333333333333,2,3,36,7.892226412835249,348.94117647058823,data:8192;perm:1024;hist-scan:4096,data:4096;perm:128;hist:128,data:13;perm:10;hist:scan
history,4096,128,REMOTE,SCAN-HISTORY,pass,75.77968,2,2,200,370.75,1518592,269991424,36864,24576,61440,0.3333333333333333,2,3,36,7.892226412835249,348.94117647058823,data:8192;perm:1024;hist-scan:4096,data:4096;perm:128;hist:128,data:13;perm:10;hist:scan
history,4,256,LOCAL,CANONICAL-MODULAR,pass,0.4728432,4,4,248,117.75,482304,269474304,36880,24576,61712,0.25,4,3,72,7.999468036599082,107.65714285714286,data:8192;perm:1024;hist:4,data:4096;perm:128;hist:256,data:13;perm:10;hist:2
history,4,256,DATACENTER,CANONICAL-MODULAR,pass,2.601216,4,4,248,117.75,482304,269474304,36880,24576,61712,0.25,4,3,72,7.999468036599082,107.65714285714286,data:8192;perm:1024;hist:4,data:4096;perm:128;hist:256,data:13;perm:10;hist:2
history,4,256,REMOTE,CANONICAL-MODULAR,pass,34.36416,4,4,248,117.75,482304,269474304,36880,24576,61712,0.25,4,3,72,7.999468036599082,107.65714285714286,data:8192;perm:1024;hist:4,data:4096;perm:128;hist:256,data:13;perm:10;hist:2
history,4,256,LOCAL,SCAN-HISTORY,pass,0.4286512,2,2,200,115.25,472064,269468160,36864,24576,61440,0.3333333333333333,2,3,36,7.999285649147339,105.37142857142857,data:8192;perm:1024;hist-scan:4,data:4096;perm:128;hist:256,data:13;perm:10;hist:scan
history,4,256,DATACENTER,SCAN-HISTORY,pass,2.524256,2,2,200,115.25,472064,269468160,36864,24576,61440,0.3333333333333333,2,3,36,7.999285649147339,105.37142857142857,data:8192;perm:1024;hist-scan:4,data:4096;perm:128;hist:256,data:13;perm:10;hist:scan
history,4,256,REMOTE,SCAN-HISTORY,pass,33.91856,2,2,200,115.25,472064,269468160,36864,24576,61440,0.3333333333333333,2,3,36,7.999285649147339,105.37142857142857,data:8192;perm:1024;hist-scan:4,data:4096;perm:128;hist:256,data:13;perm:10;hist:scan
history,8,256,LOCAL,CANONICAL-MODULAR,pass,0.47612000000000004,4,4,264,118.75,486400,269482496,36896,24576,61728,0.25,4,3,72,7.999468052769165,108.57142857142857,data:8192;perm:1024;hist:8,data:4096;perm:128;hist:256,data:13;perm:10;hist:3
history,8,256,DATACENTER,CANONICAL-MODULAR,pass,2.6176000000000004,4,4,264,118.75,486400,269482496,36896,24576,61728,0.25,4,3,72,7.999468052769165,108.57142857142857,data:8192;perm:1024;hist:8,data:4096;perm:128;hist:256,data:13;perm:10;hist:3
history,8,256,REMOTE,CANONICAL-MODULAR,pass,34.528000000000006,4,4,264,118.75,486400,269482496,36896,24576,61728,0.25,4,3,72,7.999468052769165,108.57142857142857,data:8192;perm:1024;hist:8,data:4096;perm:128;hist:256,data:13;perm:10;hist:3
history,8,256,LOCAL,SCAN-HISTORY,pass,0.4302896,2,2,200,115.75,474112,269469184,36864,24576,61440,0.3333333333333333,2,3,36,7.999072891969116,105.82857142857142,data:8192;perm:1024;hist-scan:8,data:4096;perm:128;hist:256,data:13;perm:10;hist:scan
history,8,256,DATACENTER,SCAN-HISTORY,pass,2.532448,2,2,200,115.75,474112,269469184,36864,24576,61440,0.3333333333333333,2,3,36,7.999072891969116,105.82857142857142,data:8192;perm:1024;hist-scan:8,data:4096;perm:128;hist:256,data:13;perm:10;hist:scan
history,8,256,REMOTE,SCAN-HISTORY,pass,34.000479999999996,2,2,200,115.75,474112,269469184,36864,24576,61440,0.3333333333333333,2,3,36,7.999072891969116,105.82857142857142,data:8192;perm:1024;hist-scan:8,data:4096;perm:128;hist:256,data:13;perm:10;hist:scan
history,16,256,LOCAL,CANONICAL-MODULAR,pass,0.4793968,4,4,280,119.75,490496,269498880,36928,24576,61760,0.25,4,3,72,7.999468085106383,109.48571428571428,data:8192;perm:1024;hist:16,data:4096;perm:128;hist:256,data:13;perm:10;hist:4
history,16,256,DATACENTER,CANONICAL-MODULAR,pass,2.633984,4,4,280,119.75,490496,269498880,36928,24576,61760,0.25,4,3,72,7.999468085106383,109.48571428571428,data:8192;perm:1024;hist:16,data:4096;perm:128;hist:256,data:13;perm:10;hist:4
history,16,256,REMOTE,CANONICAL-MODULAR,pass,34.69184,4,4,280,119.75,490496,269498880,36928,24576,61760,0.25,4,3,72,7.999468085106383,109.48571428571428,data:8192;perm:1024;hist:16,data:4096;perm:128;hist:256,data:13;perm:10;hist:4
history,16,256,LOCAL,SCAN-HISTORY,pass,0.43356639999999996,2,2,200,116.75,478208,269471232,36864,24576,61440,0.3333333333333333,2,3,36,7.998647416413374,106.74285714285715,data:8192;perm:1024;hist-scan:16,data:4096;perm:128;hist:256,data:13;perm:10;hist:scan
history,16,256,DATACENTER,SCAN-HISTORY,pass,2.5488320000000004,2,2,200,116.75,478208,269471232,36864,24576,61440,0.3333333333333333,2,3,36,7.998647416413374,106.74285714285715,data:8192;perm:1024;hist-scan:16,data:4096;perm:128;hist:256,data:13;perm:10;hist:scan
history,16,256,REMOTE,SCAN-HISTORY,pass,34.164320000000004,2,2,200,116.75,478208,269471232,36864,24576,61440,0.3333333333333333,2,3,36,7.998647416413374,106.74285714285715,data:8192;perm:1024;hist-scan:16,data:4096;perm:128;hist:256,data:13;perm:10;hist:scan
history,32,256,LOCAL,CANONICAL-MODULAR,pass,0.48267360000000004,4,4,296,120.75,494592,269531648,36992,24576,61824,0.25,4,3,72,7.999468149769025,110.4,data:8192;perm:1024;hist:32,data:4096;perm:128;hist:256,data:13;perm:10;hist:5
history,32,256,DATACENTER,CANONICAL-MODULAR,pass,2.6503680000000003,4,4,296,120.75,494592,269531648,36992,24576,61824,0.25,4,3,72,7.999468149769025,110.4,data:8192;perm:1024;hist:32,data:4096;perm:128;hist:256,data:13;perm:10;hist:5
history,32,256,REMOTE,CANONICAL-MODULAR,pass,34.85568000000001,4,4,296,120.75,494592,269531648,36992,24576,61824,0.25,4,3,72,7.999468149769025,110.4,data:8192;perm:1024;hist:32,data:4096;perm:128;hist:256,data:13;perm:10;hist:5
history,32,256,LOCAL,SCAN-HISTORY,pass,0.44012,2,2,200,118.75,486400,269475328,36864,24576,61440,0.3333333333333333,2,3,36,7.997796620471675,108.57142857142857,data:8192;perm:1024;hist-scan:32,data:4096;perm:128;hist:256,data:13;perm:10;hist:scan
history,32,256,DATACENTER,SCAN-HISTORY,pass,2.5816000000000003,2,2,200,118.75,486400,269475328,36864,24576,61440,0.3333333333333333,2,3,36,7.997796620471675,108.57142857142857,data:8192;perm:1024;hist-scan:32,data:4096;perm:128;hist:256,data:13;perm:10;hist:scan
history,32,256,REMOTE,SCAN-HISTORY,pass,34.492000000000004,2,2,200,118.75,486400,269475328,36864,24576,61440,0.3333333333333333,2,3,36,7.997796620471675,108.57142857142857,data:8192;perm:1024;hist-scan:32,data:4096;perm:128;hist:256,data:13;perm:10;hist:scan
history,64,256,LOCAL,CANONICAL-MODULAR,pass,0.4859504,4,4,312,121.75,498688,269597184,37120,24576,61952,0.25,4,3,72,7.999468279047156,111.31428571428572,data:8192;perm:1024;hist:64,data:4096;perm:128;hist:256,data:13;perm:10;hist:6
history,64,256,DATACENTER,CANONICAL-MODULAR,pass,2.6667520000000002,4,4,312,121.75,498688,269597184,37120,24576,61952,0.25,4,3,72,7.999468279047156,111.31428571428572,data:8192;perm:1024;hist:64,data:4096;perm:128;hist:256,data:13;perm:10;hist:6
history,64,256,REMOTE,CANONICAL-MODULAR,pass,35.01952,4,4,312,121.75,498688,269597184,37120,24576,61952,0.25,4,3,72,7.999468279047156,111.31428571428572,data:8192;perm:1024;hist:64,data:4096;perm:128;hist:256,data:13;perm:10;hist:6
history,64,256,LOCAL,SCAN-HISTORY,pass,0.4532272,2,2,200,122.75,502784,269483520,36864,24576,61440,0.3333333333333333,2,3,36,7.996095649003403,112.22857142857143,data:8192;perm:1024;hist-scan:64,data:4096;perm:128;hist:256,data:13;perm:10;hist:scan
history,64,256,DATACENTER,SCAN-HISTORY,pass,2.647136,2,2,200,122.75,502784,269483520,36864,24576,61440,0.3333333333333333,2,3,36,7.996095649003403,112.22857142857143,data:8192;perm:1024;hist-scan:64,data:4096;perm:128;hist:256,data:13;perm:10;hist:scan
history,64,256,REMOTE,SCAN-HISTORY,pass,35.147360000000006,2,2,200,122.75,502784,269483520,36864,24576,61440,0.3333333333333333,2,3,36,7.996095649003403,112.22857142857143,data:8192;perm:1024;hist-scan:64,data:4096;perm:128;hist:256,data:13;perm:10;hist:scan
history,128,256,LOCAL,CANONICAL-MODULAR,pass,0.48922720000000003,4,4,328,122.75,502784,269728256,37376,24576,62208,0.25,4,3,72,7.999468537414966,112.22857142857143,data:8192;perm:1024;hist:128,data:4096;perm:128;hist:256,data:13;perm:10;hist:7
history,128,256,DATACENTER,CANONICAL-MODULAR,pass,2.683136,4,4,328,122.75,502784,269728256,37376,24576,62208,0.25,4,3,72,7.999468537414966,112.22857142857143,data:8192;perm:1024;hist:128,data:4096;perm:128;hist:256,data:13;perm:10;hist:7
history,128,256,REMOTE,CANONICAL-MODULAR,pass,35.18336000000001,4,4,328,122.75,502784,269728256,37376,24576,62208,0.25,4,3,72,7.999468537414966,112.22857142857143,data:8192;perm:1024;hist:128,data:4096;perm:128;hist:256,data:13;perm:10;hist:7
history,128,256,LOCAL,SCAN-HISTORY,pass,0.47944159999999997,2,2,200,130.75,535552,269499904,36864,24576,61440,0.3333333333333333,2,3,36,7.992696185617104,119.54285714285714,data:8192;perm:1024;hist-scan:128,data:4096;perm:128;hist:256,data:13;perm:10;hist:scan
history,128,256,DATACENTER,SCAN-HISTORY,pass,2.7782080000000002,2,2,200,130.75,535552,269499904,36864,24576,61440,0.3333333333333333,2,3,36,7.992696185617104,119.54285714285714,data:8192;perm:1024;hist-scan:128,data:4096;perm:128;hist:256,data:13;perm:10;hist:scan
history,128,256,REMOTE,SCAN-HISTORY,pass,36.45808,2,2,200,130.75,535552,269499904,36864,24576,61440,0.3333333333333333,2,3,36,7.992696185617104,119.54285714285714,data:8192;perm:1024;hist-scan:128,data:4096;perm:128;hist:256,data:13;perm:10;hist:scan
history,256,256,LOCAL,CANONICAL-MODULAR,pass,0.492504,4,4,344,123.75,506880,269990400,37888,24576,62720,0.25,4,3,72,7.999469053398058,113.14285714285714,data:8192;perm:1024;hist:256,data:4096;perm:128;hist:256,data:13;perm:10;hist:8
history,256,256,DATACENTER,CANONICAL-MODULAR,pass,2.69952,4,4,344,123.75,506880,269990400,37888,24576,62720,0.25,4,3,72,7.999469053398058,113.14285714285714,data:8192;perm:1024;hist:256,data:4096;perm:128;hist:256,data:13;perm:10;hist:8
history,256,256,REMOTE,CANONICAL-MODULAR,pass,35.3472,4,4,344,123.75,506880,269990400,37888,24576,62720,0.25,4,3,72,7.999469053398058,113.14285714285714,data:8192;perm:1024;hist:256,data:4096;perm:128;hist:256,data:13;perm:10;hist:8
history,256,256,LOCAL,SCAN-HISTORY,pass,0.5318704,2,2,200,146.75,601088,269532672,36864,24576,61440,0.3333333333333333,2,3,36,7.9859071601941745,134.17142857142858,data:8192;perm:1024;hist-scan:256,data:4096;perm:128;hist:256,data:13;perm:10;hist:scan
history,256,256,DATACENTER,SCAN-HISTORY,pass,3.040352,2,2,200,146.75,601088,269532672,36864,24576,61440,0.3333333333333333,2,3,36,7.9859071601941745,134.17142857142858,data:8192;perm:1024;hist-scan:256,data:4096;perm:128;hist:256,data:13;perm:10;hist:scan
history,256,256,REMOTE,SCAN-HISTORY,pass,39.07952,2,2,200,146.75,601088,269532672,36864,24576,61440,0.3333333333333333,2,3,36,7.9859071601941745,134.17142857142858,data:8192;perm:1024;hist-scan:256,data:4096;perm:128;hist:256,data:13;perm:10;hist:scan
history,512,256,LOCAL,CANONICAL-MODULAR,pass,0.4957808,4,4,360,124.75,510976,270514688,38912,24576,63744,0.25,4,3,72,7.999470082364341,114.05714285714286,data:8192;perm:1024;hist:512,data:4096;perm:128;hist:256,data:13;perm:10;hist:9
history,512,256,DATACENTER,CANONICAL-MODULAR,pass,2.715904,4,4,360,124.75,510976,270514688,38912,24576,63744,0.25,4,3,72,7.999470082364341,114.05714285714286,data:8192;perm:1024;hist:512,data:4096;perm:128;hist:256,data:13;perm:10;hist:9
history,512,256,REMOTE,CANONICAL-MODULAR,pass,35.51104,4,4,360,124.75,510976,270514688,38912,24576,63744,0.25,4,3,72,7.999470082364341,114.05714285714286,data:8192;perm:1024;hist:512,data:4096;perm:128;hist:256,data:13;perm:10;hist:9
history,512,256,LOCAL,SCAN-HISTORY,pass,0.6367280000000001,2,2,200,178.75,732160,269598208,36864,24576,61440,0.3333333333333333,2,3,36,7.972368580426356,163.42857142857142,data:8192;perm:1024;hist-scan:512,data:4096;perm:128;hist:256,data:13;perm:10;hist:scan
history,512,256,DATACENTER,SCAN-HISTORY,pass,3.5646400000000003,2,2,200,178.75,732160,269598208,36864,24576,61440,0.3333333333333333,2,3,36,7.972368580426356,163.42857142857142,data:8192;perm:1024;hist-scan:512,data:4096;perm:128;hist:256,data:13;perm:10;hist:scan
history,512,256,REMOTE,SCAN-HISTORY,pass,44.3224,2,2,200,178.75,732160,269598208,36864,24576,61440,0.3333333333333333,2,3,36,7.972368580426356,163.42857142857142,data:8192;perm:1024;hist-scan:512,data:4096;perm:128;hist:256,data:13;perm:10;hist:scan
history,1024,256,LOCAL,CANONICAL-MODULAR,pass,0.49905760000000005,4,4,376,125.75,515072,271563264,40960,24576,65792,0.25,4,3,72,7.999472128378378,114.97142857142858,data:8192;perm:1024;hist:1024,data:4096;perm:128;hist:256,data:13;perm:10;hist:10
history,1024,256,DATACENTER,CANONICAL-MODULAR,pass,2.732288,4,4,376,125.75,515072,271563264,40960,24576,65792,0.25,4,3,72,7.999472128378378,114.97142857142858,data:8192;perm:1024;hist:1024,data:4096;perm:128;hist:256,data:13;perm:10;hist:10
history,1024,256,REMOTE,CANONICAL-MODULAR,pass,35.67488,4,4,376,125.75,515072,271563264,40960,24576,65792,0.25,4,3,72,7.999472128378378,114.97142857142858,data:8192;perm:1024;hist:1024,data:4096;perm:128;hist:256,data:13;perm:10;hist:10
history,1024,256,LOCAL,SCAN-HISTORY,pass,0.8464432000000001,2,2,200,242.75,994304,269729280,36864,24576,61440,0.3333333333333333,2,3,36,7.945448238416988,221.94285714285715,data:8192;perm:1024;hist-scan:1024,data:4096;perm:128;hist:256,data:13;perm:10;hist:scan
history,1024,256,DATACENTER,SCAN-HISTORY,pass,4.6132159999999995,2,2,200,242.75,994304,269729280,36864,24576,61440,0.3333333333333333,2,3,36,7.945448238416988,221.94285714285715,data:8192;perm:1024;hist-scan:1024,data:4096;perm:128;hist:256,data:13;perm:10;hist:scan
history,1024,256,REMOTE,SCAN-HISTORY,pass,54.80816,2,2,200,242.75,994304,269729280,36864,24576,61440,0.3333333333333333,2,3,36,7.945448238416988,221.94285714285715,data:8192;perm:1024;hist-scan:1024,data:4096;perm:128;hist:256,data:13;perm:10;hist:scan
history,2048,256,LOCAL,CANONICAL-MODULAR,pass,0.5023344,4,4,392,126.75,519168,273660416,45056,24576,69888,0.25,4,3,72,7.999476173371647,115.88571428571429,data:8192;perm:1024;hist:2048,data:4096;perm:128;hist:256,data:13;perm:10;hist:11
history,2048,256,DATACENTER,CANONICAL-MODULAR,pass,2.748672,4,4,392,126.75,519168,273660416,45056,24576,69888,0.25,4,3,72,7.999476173371647,115.88571428571429,data:8192;perm:1024;hist:2048,data:4096;perm:128;hist:256,data:13;perm:10;hist:11
history,2048,256,REMOTE,CANONICAL-MODULAR,pass,35.83872,4,4,392,126.75,519168,273660416,45056,24576,69888,0.25,4,3,72,7.999476173371647,115.88571428571429,data:8192;perm:1024;hist:2048,data:4096;perm:128;hist:256,data:13;perm:10;hist:11
history,2048,256,LOCAL,SCAN-HISTORY,pass,1.2658736,2,2,200,370.75,1518592,269991424,36864,24576,61440,0.3333333333333333,2,3,36,7.892226412835249,338.9714285714286,data:8192;perm:1024;hist-scan:2048,data:4096;perm:128;hist:256,data:13;perm:10;hist:scan
history,2048,256,DATACENTER,SCAN-HISTORY,pass,6.710367999999999,2,2,200,370.75,1518592,269991424,36864,24576,61440,0.3333333333333333,2,3,36,7.892226412835249,338.9714285714286,data:8192;perm:1024;hist-scan:2048,data:4096;perm:128;hist:256,data:13;perm:10;hist:scan
history,2048,256,REMOTE,SCAN-HISTORY,pass,75.77968,2,2,200,370.75,1518592,269991424,36864,24576,61440,0.3333333333333333,2,3,36,7.892226412835249,338.9714285714286,data:8192;perm:1024;hist-scan:2048,data:4096;perm:128;hist:256,data:13;perm:10;hist:scan
history,4096,256,LOCAL,CANONICAL-MODULAR,pass,0.5056112,4,4,408,127.75,523264,277854720,53248,24576,78080,0.25,4,3,72,7.9994840801886795,116.8,data:8192;perm:1024;hist:4096,data:4096;perm:128;hist:256,data:13;perm:10;hist:12
history,4096,256,DATACENTER,CANONICAL-MODULAR,pass,2.765056,4,4,408,127.75,523264,277854720,53248,24576,78080,0.25,4,3,72,7.9994840801886795,116.8,data:8192;perm:1024;hist:4096,data:4096;perm:128;hist:256,data:13;perm:10;hist:12
history,4096,256,REMOTE,CANONICAL-MODULAR,pass,36.00256,4,4,408,127.75,523264,277854720,53248,24576,78080,0.25,4,3,72,7.9994840801886795,116.8,data:8192;perm:1024;hist:4096,data:4096;perm:128;hist:256,data:13;perm:10;hist:12
history,4096,256,LOCAL,SCAN-HISTORY,pass,2.1047344000000003,2,2,200,626.75,2567168,270515712,36864,24576,61440,0.3333333333333333,2,3,36,7.7881928066037736,573.0285714285715,data:8192;perm:1024;hist-scan:4096,data:4096;perm:128;hist:256,data:13;perm:10;hist:scan
history,4096,256,DATACENTER,SCAN-HISTORY,pass,10.904672,2,2,200,626.75,2567168,270515712,36864,24576,61440,0.3333333333333333,2,3,36,7.7881928066037736,573.0285714285715,data:8192;perm:1024;hist-scan:4096,data:4096;perm:128;hist:256,data:13;perm:10;hist:scan
history,4096,256,REMOTE,SCAN-HISTORY,pass,117.72272,2,2,200,626.75,2567168,270515712,36864,24576,61440,0.3333333333333333,2,3,36,7.7881928066037736,573.0285714285715,data:8192;perm:1024;hist-scan:4096,data:4096;perm:128;hist:256,data:13;perm:10;hist:scan
history,4,1024,LOCAL,CANONICAL-MODULAR,pass,0.5023344,4,4,248,126.75,519168,269495808,36880,24576,61712,0.25,4,3,72,7.999376899696049,98.92682926829268,data:8192;perm:1024;hist:4,data:4096;perm:128;hist:1024,data:13;perm:10;hist:2
history,4,1024,DATACENTER,CANONICAL-MODULAR,pass,2.748672,4,4,248,126.75,519168,269495808,36880,24576,61712,0.25,4,3,72,7.999376899696049,98.92682926829268,data:8192;perm:1024;hist:4,data:4096;perm:128;hist:1024,data:13;perm:10;hist:2
history,4,1024,REMOTE,CANONICAL-MODULAR,pass,35.83872,4,4,248,126.75,519168,269495808,36880,24576,61712,0.25,4,3,72,7.999376899696049,98.92682926829268,data:8192;perm:1024;hist:4,data:4096;perm:128;hist:1024,data:13;perm:10;hist:2
history,4,1024,LOCAL,SCAN-HISTORY,pass,0.43356639999999996,2,2,200,116.75,478208,269471232,36864,24576,61440,0.3333333333333333,2,3,36,7.998647416413374,91.1219512195122,data:8192;perm:1024;hist-scan:4,data:4096;perm:128;hist:1024,data:13;perm:10;hist:scan
history,4,1024,DATACENTER,SCAN-HISTORY,pass,2.5488320000000004,2,2,200,116.75,478208,269471232,36864,24576,61440,0.3333333333333333,2,3,36,7.998647416413374,91.1219512195122,data:8192;perm:1024;hist-scan:4,data:4096;perm:128;hist:1024,data:13;perm:10;hist:scan
history,4,1024,REMOTE,SCAN-HISTORY,pass,34.164320000000004,2,2,200,116.75,478208,269471232,36864,24576,61440,0.3333333333333333,2,3,36,7.998647416413374,91.1219512195122,data:8192;perm:1024;hist-scan:4,data:4096;perm:128;hist:1024,data:13;perm:10;hist:scan
history,8,1024,LOCAL,CANONICAL-MODULAR,pass,0.5154415999999999,4,4,264,130.75,535552,269528576,36896,24576,61728,0.25,4,3,72,7.999376975443715,102.04878048780488,data:8192;perm:1024;hist:8,data:4096;perm:128;hist:1024,data:13;perm:10;hist:3
history,8,1024,DATACENTER,CANONICAL-MODULAR,pass,2.8142080000000003,4,4,264,130.75,535552,269528576,36896,24576,61728,0.25,4,3,72,7.999376975443715,102.04878048780488,data:8192;perm:1024;hist:8,data:4096;perm:128;hist:1024,data:13;perm:10;hist:3
history,8,1024,REMOTE,CANONICAL-MODULAR,pass,36.494080000000004,4,4,264,130.75,535552,269528576,36896,24576,61728,0.25,4,3,72,7.999376975443715,102.04878048780488,data:8192;perm:1024;hist:8,data:4096;perm:128;hist:1024,data:13;perm:10;hist:3
history,8,1024,LOCAL,SCAN-HISTORY,pass,0.44012,2,2,200,118.75,486400,269475328,36864,24576,61440,0.3333333333333333,2,3,36,7.997796620471675,92.6829268292683,data:8192;perm:1024;hist-scan:8,data:4096;perm:128;hist:1024,data:13;perm:10;hist:scan
history,8,1024,DATACENTER,SCAN-HISTORY,pass,2.5816000000000003,2,2,200,118.75,486400,269475328,36864,24576,61440,0.3333333333333333,2,3,36,7.997796620471675,92.6829268292683,data:8192;perm:1024;hist-scan:8,data:4096;perm:128;hist:1024,data:13;perm:10;hist:scan
history,8,1024,REMOTE,SCAN-HISTORY,pass,34.492000000000004,2,2,200,118.75,486400,269475328,36864,24576,61440,0.3333333333333333,2,3,36,7.997796620471675,92.6829268292683,data:8192;perm:1024;hist-scan:8,data:4096;perm:128;hist:1024,data:13;perm:10;hist:scan
history,16,1024,LOCAL,CANONICAL-MODULAR,pass,0.5285488,4,4,280,134.75,551936,269594112,36928,24576,61760,0.25,4,3,72,7.999377126883811,105.17073170731707,data:8192;perm:1024;hist:16,data:4096;perm:128;hist:1024,data:13;perm:10;hist:4
history,16,1024,DATACENTER,CANONICAL-MODULAR,pass,2.879744,4,4,280,134.75,551936,269594112,36928,24576,61760,0.25,4,3,72,7.999377126883811,105.17073170731707,data:8192;perm:1024;hist:16,data:4096;perm:128;hist:1024,data:13;perm:10;hist:4
history,16,1024,REMOTE,CANONICAL-MODULAR,pass,37.14944,4,4,280,134.75,551936,269594112,36928,24576,61760,0.25,4,3,72,7.999377126883811,105.17073170731707,data:8192;perm:1024;hist:16,data:4096;perm:128;hist:1024,data:13;perm:10;hist:4
history,16,1024,LOCAL,SCAN-HISTORY,pass,0.4532272,2,2,200,122.75,502784,269483520,36864,24576,61440,0.3333333333333333,2,3,36,7.996095649003403,95.8048780487805,data:8192;perm:1024;hist-scan:16,data:4096;perm:128;hist:1024,data:13;perm:10;hist:scan
history,16,1024,DATACENTER,SCAN-HISTORY,pass,2.647136,2,2,200,122.75,502784,269483520,36864,24576,61440,0.3333333333333333,2,3,36,7.996095649003403,95.8048780487805,data:8192;perm:1024;hist-scan:16,data:4096;perm:128;hist:1024,data:13;perm:10;hist:scan
history,16,1024,REMOTE,SCAN-HISTORY,pass,35.147360000000006,2,2,200,122.75,502784,269483520,36864,24576,61440,0.3333333333333333,2,3,36,7.996095649003403,95.8048780487805,data:8192;perm:1024;hist-scan:16,data:4096;perm:128;hist:1024,data:13;perm:10;hist:scan
history,32,1024,LOCAL,CANONICAL-MODULAR,pass,0.541656,4,4,296,138.75,568320,269725184,36992,24576,61824,0.25,4,3,72,7.999377429543246,108.29268292682927,data:8192;perm:1024;hist:32,data:4096;perm:128;hist:1024,data:13;perm:10;hist:5
history,32,1024,DATACENTER,CANONICAL-MODULAR,pass,2.9452800000000003,4,4,296,138.75,568320,269725184,36992,24576,61824,0.25,4,3,72,7.999377429543246,108.29268292682927,data:8192;perm:1024;hist:32,data:4096;perm:128;hist:1024,data:13;perm:10;hist:5
history,32,1024,REMOTE,CANONICAL-MODULAR,pass,37.8048,4,4,296,138.75,568320,269725184,36992,24576,61824,0.25,4,3,72,7.999377429543246,108.29268292682927,data:8192;perm:1024;hist:32,data:4096;perm:128;hist:1024,data:13;perm:10;hist:5
history,32,1024,LOCAL,SCAN-HISTORY,pass,0.47944159999999997,2,2,200,130.75,535552,269499904,36864,24576,61440,0.3333333333333333,2,3,36,7.992696185617104,102.04878048780488,data:8192;perm:1024;hist-scan:32,data:4096;perm:128;hist:1024,data:13;perm:10;hist:scan
history,32,1024,DATACENTER,SCAN-HISTORY,pass,2.7782080000000002,2,2,200,130.75,535552,269499904,36864,24576,61440,0.3333333333333333,2,3,36,7.992696185617104,102.04878048780488,data:8192;perm:1024;hist-scan:32,data:4096;perm:128;hist:1024,data:13;perm:10;hist:scan
history,32,1024,REMOTE,SCAN-HISTORY,pass,36.45808,2,2,200,130.75,535552,269499904,36864,24576,61440,0.3333333333333333,2,3,36,7.992696185617104,102.04878048780488,data:8192;perm:1024;hist-scan:32,data:4096;perm:128;hist:1024,data:13;perm:10;hist:scan
history,64,1024,LOCAL,CANONICAL-MODULAR,pass,0.5547632,4,4,312,142.75,584704,269987328,37120,24576,61952,0.25,4,3,72,7.999378033980583,111.41463414634147,data:8192;perm:1024;hist:64,data:4096;perm:128;hist:1024,data:13;perm:10;hist:6
history,64,1024,DATACENTER,CANONICAL-MODULAR,pass,3.010816,4,4,312,142.75,584704,269987328,37120,24576,61952,0.25,4,3,72,7.999378033980583,111.41463414634147,data:8192;perm:1024;hist:64,data:4096;perm:128;hist:1024,data:13;perm:10;hist:6
history,64,1024,REMOTE,CANONICAL-MODULAR,pass,38.46016,4,4,312,142.75,584704,269987328,37120,24576,61952,0.25,4,3,72,7.999378033980583,111.41463414634147,data:8192;perm:1024;hist:64,data:4096;perm:128;hist:1024,data:13;perm:10;hist:6
history,64,1024,LOCAL,SCAN-HISTORY,pass,0.5318704,2,2,200,146.75,601088,269532672,36864,24576,61440,0.3333333333333333,2,3,36,7.9859071601941745,114.53658536585365,data:8192;perm:1024;hist-scan:64,data:4096;perm:128;hist:1024,data:13;perm:10;hist:scan
history,64,1024,DATACENTER,SCAN-HISTORY,pass,3.040352,2,2,200,146.75,601088,269532672,36864,24576,61440,0.3333333333333333,2,3,36,7.9859071601941745,114.53658536585365,data:8192;perm:1024;hist-scan:64,data:4096;perm:128;hist:1024,data:13;perm:10;hist:scan
history,64,1024,REMOTE,SCAN-HISTORY,pass,39.07952,2,2,200,146.75,601088,269532672,36864,24576,61440,0.3333333333333333,2,3,36,7.9859071601941745,114.53658536585365,data:8192;perm:1024;hist-scan:64,data:4096;perm:128;hist:1024,data:13;perm:10;hist:scan
history,128,1024,LOCAL,CANONICAL-MODULAR,pass,0.5678704,4,4,328,146.75,601088,270511616,37376,24576,62208,0.25,4,3,72,7.999379239341085,114.53658536585365,data:8192;perm:1024;hist:128,data:4096;perm:128;hist:1024,data:13;perm:10;hist:7
history,128,1024,DATACENTER,CANONICAL-MODULAR,pass,3.076352,4,4,328,146.75,601088,270511616,37376,24576,62208,0.25,4,3,72,7.999379239341085,114.53658536585365,data:8192;perm:1024;hist:128,data:4096;perm:128;hist:1024,data:13;perm:10;hist:7
history,128,1024,REMOTE,CANONICAL-MODULAR,pass,39.115520000000004,4,4,328,146.75,601088,270511616,37376,24576,62208,0.25,4,3,72,7.999379239341085,114.53658536585365,data:8192;perm:1024;hist:128,data:4096;perm:128;hist:1024,data:13;perm:10;hist:7
history,128,1024,LOCAL,SCAN-HISTORY,pass,0.6367280000000001,2,2,200,178.75,732160,269598208,36864,24576,61440,0.3333333333333333,2,3,36,7.972368580426356,139.5121951219512,data:8192;perm:1024;hist-scan:128,data:4096;perm:128;hist:1024,data:13;perm:10;hist:scan
history,128,1024,DATACENTER,SCAN-HISTORY,pass,3.5646400000000003,2,2,200,178.75,732160,269598208,36864,24576,61440,0.3333333333333333,2,3,36,7.972368580426356,139.5121951219512,data:8192;perm:1024;hist-scan:128,data:4096;perm:128;hist:1024,data:13;perm:10;hist:scan
history,128,1024,REMOTE,SCAN-HISTORY,pass,44.3224,2,2,200,178.75,732160,269598208,36864,24576,61440,0.3333333333333333,2,3,36,7.972368580426356,139.5121951219512,data:8192;perm:1024;hist-scan:128,data:4096;perm:128;hist:1024,data:13;perm:10;hist:scan
history,256,1024,LOCAL,CANONICAL-MODULAR,pass,0.5809776,4,4,344,150.75,617472,271560192,37888,24576,62720,0.25,4,3,72,7.999381636100386,117.65853658536585,data:8192;perm:1024;hist:256,data:4096;perm:128;hist:1024,data:13;perm:10;hist:8
history,256,1024,DATACENTER,CANONICAL-MODULAR,pass,3.1418880000000002,4,4,344,150.75,617472,271560192,37888,24576,62720,0.25,4,3,72,7.999381636100386,117.65853658536585,data:8192;perm:1024;hist:256,data:4096;perm:128;hist:1024,data:13;perm:10;hist:8
history,256,1024,REMOTE,CANONICAL-MODULAR,pass,39.770880000000005,4,4,344,150.75,617472,271560192,37888,24576,62720,0.25,4,3,72,7.999381636100386,117.65853658536585,data:8192;perm:1024;hist:256,data:4096;perm:128;hist:1024,data:13;perm:10;hist:8
history,256,1024,LOCAL,SCAN-HISTORY,pass,0.8464432000000001,2,2,200,242.75,994304,269729280,36864,24576,61440,0.3333333333333333,2,3,36,7.945448238416988,189.46341463414635,data:8192;perm:1024;hist-scan:256,data:4096;perm:128;hist:1024,data:13;perm:10;hist:scan
history,256,1024,DATACENTER,SCAN-HISTORY,pass,4.6132159999999995,2,2,200,242.75,994304,269729280,36864,24576,61440,0.3333333333333333,2,3,36,7.945448238416988,189.46341463414635,data:8192;perm:1024;hist-scan:256,data:4096;perm:128;hist:1024,data:13;perm:10;hist:scan
history,256,1024,REMOTE,SCAN-HISTORY,pass,54.80816,2,2,200,242.75,994304,269729280,36864,24576,61440,0.3333333333333333,2,3,36,7.945448238416988,189.46341463414635,data:8192;perm:1024;hist-scan:256,data:4096;perm:128;hist:1024,data:13;perm:10;hist:scan
history,512,1024,LOCAL,CANONICAL-MODULAR,pass,0.5940848,4,4,360,154.75,633856,273657344,38912,24576,63744,0.25,4,3,72,7.999386374521073,120.78048780487805,data:8192;perm:1024;hist:512,data:4096;perm:128;hist:1024,data:13;perm:10;hist:9
history,512,1024,DATACENTER,CANONICAL-MODULAR,pass,3.207424,4,4,360,154.75,633856,273657344,38912,24576,63744,0.25,4,3,72,7.999386374521073,120.78048780487805,data:8192;perm:1024;hist:512,data:4096;perm:128;hist:1024,data:13;perm:10;hist:9
history,512,1024,REMOTE,CANONICAL-MODULAR,pass,40.42624000000001,4,4,360,154.75,633856,273657344,38912,24576,63744,0.25,4,3,72,7.999386374521073,120.78048780487805,data:8192;perm:1024;hist:512,data:4096;perm:128;hist:1024,data:13;perm:10;hist:9
history,512,1024,LOCAL,SCAN-HISTORY,pass,1.2658736,2,2,200,370.75,1518592,269991424,36864,24576,61440,0.3333333333333333,2,3,36,7.892226412835249,289.3658536585366,data:8192;perm:1024;hist-scan:512,data:4096;perm:128;hist:1024,data:13;perm:10;hist:scan
history,512,1024,DATACENTER,SCAN-HISTORY,pass,6.710367999999999,2,2,200,370.75,1518592,269991424,36864,24576,61440,0.3333333333333333,2,3,36,7.892226412835249,289.3658536585366,data:8192;perm:1024;hist-scan:512,data:4096;perm:128;hist:1024,data:13;perm:10;hist:scan
history,512,1024,REMOTE,SCAN-HISTORY,pass,75.77968,2,2,200,370.75,1518592,269991424,36864,24576,61440,0.3333333333333333,2,3,36,7.892226412835249,289.3658536585366,data:8192;perm:1024;hist-scan:512,data:4096;perm:128;hist:1024,data:13;perm:10;hist:scan
history,1024,1024,LOCAL,CANONICAL-MODULAR,pass,0.607192,4,4,376,158.75,650240,277851648,40960,24576,65792,0.25,4,3,72,7.999395636792453,123.90243902439025,data:8192;perm:1024;hist:1024,data:4096;perm:128;hist:1024,data:13;perm:10;hist:10
history,1024,1024,DATACENTER,CANONICAL-MODULAR,pass,3.2729600000000003,4,4,376,158.75,650240,277851648,40960,24576,65792,0.25,4,3,72,7.999395636792453,123.90243902439025,data:8192;perm:1024;hist:1024,data:4096;perm:128;hist:1024,data:13;perm:10;hist:10
history,1024,1024,REMOTE,CANONICAL-MODULAR,pass,41.0816,4,4,376,158.75,650240,277851648,40960,24576,65792,0.25,4,3,72,7.999395636792453,123.90243902439025,data:8192;perm:1024;hist:1024,data:4096;perm:128;hist:1024,data:13;perm:10;hist:10
history,1024,1024,LOCAL,SCAN-HISTORY,pass,2.1047344000000003,2,2,200,626.75,2567168,270515712,36864,24576,61440,0.3333333333333333,2,3,36,7.7881928066037736,489.1707317073171,data:8192;perm:1024;hist-scan:1024,data:4096;perm:128;hist:1024,data:13;perm:10;hist:scan
history,1024,1024,DATACENTER,SCAN-HISTORY,pass,10.904672,2,2,200,626.75,2567168,270515712,36864,24576,61440,0.3333333333333333,2,3,36,7.7881928066037736,489.1707317073171,data:8192;perm:1024;hist-scan:1024,data:4096;perm:128;hist:1024,data:13;perm:10;hist:scan
history,1024,1024,REMOTE,SCAN-HISTORY,pass,117.72272,2,2,200,626.75,2567168,270515712,36864,24576,61440,0.3333333333333333,2,3,36,7.7881928066037736,489.1707317073171,data:8192;perm:1024;hist-scan:1024,data:4096;perm:128;hist:1024,data:13;perm:10;hist:scan
history,2048,1024,LOCAL,CANONICAL-MODULAR,pass,0.6202991999999999,4,4,392,162.75,666624,286240256,45056,24576,69888,0.25,4,3,72,7.999413347069597,127.02439024390245,data:8192;perm:1024;hist:2048,data:4096;perm:128;hist:1024,data:13;perm:10;hist:11
history,2048,1024,DATACENTER,CANONICAL-MODULAR,pass,3.338496,4,4,392,162.75,666624,286240256,45056,24576,69888,0.25,4,3,72,7.999413347069597,127.02439024390245,data:8192;perm:1024;hist:2048,data:4096;perm:128;hist:1024,data:13;perm:10;hist:11
history,2048,1024,REMOTE,CANONICAL-MODULAR,pass,41.73696,4,4,392,162.75,666624,286240256,45056,24576,69888,0.25,4,3,72,7.999413347069597,127.02439024390245,data:8192;perm:1024;hist:2048,data:4096;perm:128;hist:1024,data:13;perm:10;hist:11
history,2048,1024,LOCAL,SCAN-HISTORY,pass,3.7824560000000003,2,2,200,1138.75,4664320,271564288,36864,24576,61440,0.3333333333333333,2,3,36,7.589271405677656,888.780487804878,data:8192;perm:1024;hist-scan:2048,data:4096;perm:128;hist:1024,data:13;perm:10;hist:scan
history,2048,1024,DATACENTER,SCAN-HISTORY,pass,19.293280000000003,2,2,200,1138.75,4664320,271564288,36864,24576,61440,0.3333333333333333,2,3,36,7.589271405677656,888.780487804878,data:8192;perm:1024;hist-scan:2048,data:4096;perm:128;hist:1024,data:13;perm:10;hist:scan
history,2048,1024,REMOTE,SCAN-HISTORY,pass,201.6088,2,2,200,1138.75,4664320,271564288,36864,24576,61440,0.3333333333333333,2,3,36,7.589271405677656,888.780487804878,data:8192;perm:1024;hist-scan:2048,data:4096;perm:128;hist:1024,data:13;perm:10;hist:scan
history,4096,1024,LOCAL,CANONICAL-MODULAR,pass,0.6334063999999999,4,4,408,166.75,683008,303017472,53248,24576,78080,0.25,4,3,72,7.999445826124568,130.14634146341464,data:8192;perm:1024;hist:4096,data:4096;perm:128;hist:1024,data:13;perm:10;hist:12
history,4096,1024,DATACENTER,CANONICAL-MODULAR,pass,3.404032,4,4,408,166.75,683008,303017472,53248,24576,78080,0.25,4,3,72,7.999445826124568,130.14634146341464,data:8192;perm:1024;hist:4096,data:4096;perm:128;hist:1024,data:13;perm:10;hist:12
history,4096,1024,REMOTE,CANONICAL-MODULAR,pass,42.39232,4,4,408,166.75,683008,303017472,53248,24576,78080,0.25,4,3,72,7.999445826124568,130.14634146341464,data:8192;perm:1024;hist:4096,data:4096;perm:128;hist:1024,data:13;perm:10;hist:12
history,4096,1024,LOCAL,SCAN-HISTORY,pass,7.1378992,2,2,200,2162.75,8858624,273661440,36864,24576,61440,0.3333333333333333,2,3,36,7.224467452422146,1688.0,data:8192;perm:1024;hist-scan:4096,data:4096;perm:128;hist:1024,data:13;perm:10;hist:scan
history,4096,1024,DATACENTER,SCAN-HISTORY,pass,36.070496000000006,2,2,200,2162.75,8858624,273661440,36864,24576,61440,0.3333333333333333,2,3,36,7.224467452422146,1688.0,data:8192;perm:1024;hist-scan:4096,data:4096;perm:128;hist:1024,data:13;perm:10;hist:scan
history,4096,1024,REMOTE,SCAN-HISTORY,pass,369.38096,2,2,200,2162.75,8858624,273661440,36864,24576,61440,0.3333333333333333,2,3,36,7.224467452422146,1688.0,data:8192;perm:1024;hist-scan:4096,data:4096;perm:128;hist:1024,data:13;perm:10;hist:scan
