data_record_bytes,permission_record_bytes,history_record_bytes,architecture,privacy,logical_accesses,physical_paths,physical_blocks,physical_blocks_4k_equiv,bytes_action,tree_storage_bytes,position_map_bytes,stash_bytes,trusted_state_bytes,dummy_fraction,rounds_serial,rounds_parallel,local_compute_us,storage_amplification,read_write_amplification,logical_block_counts,block_sizes,tree_heights
512,64,64,MODULAR-ORAM,leak,3,3,300.0,10.8125,44288.0,36173312,53248,3072,56320,0,3,3,54,7.999433876811594,69.2,data:8192;perm:1024;hist:4096,data:512;perm:64;hist:64,data:13;perm:10;hist:12
512,64,64,NAIVE-FIXED,pass,4,4,408,18.625,76288,36173312,53248,3072,56576,0.25,4,3,72,7.999433876811594,119.2,data:8192;perm:1024;hist:4096,data:512;perm:64;hist:64,data:13;perm:10;hist:12
512,64,64,CANONICAL-MODULAR,pass,4,4,408,18.625,76288,36173312,53248,3072,56576,0.25,4,3,72,7.999433876811594,119.2,data:8192;perm:1024;hist:4096,data:512;perm:64;hist:64,data:13;perm:10;hist:12
512,64,64,UNIFIED-FIXED,pass,3,3,360,45.0,184320,67106816,53248,3072,56320,0,3,3,54,14.840126811594203,288.0,unified:13312,unified:512,unified:14
512,64,64,UNIFIED-PACKED,pass,3.0,3.0,288.0,288.0,1179648.0,67092480,5092,3072,8164,0,3,3,54.0,14.83695652173913,1843.2,packed-pages:1273,packed:4096,unified-packed:11
512,64,64,RANDOMIZED-PARTITION,not_implemented,3.0,6.0,432.0,432.0,1769472.0,66977792,15276,3072,18348,0,6,6,108.0,14.81159420289855,2764.8,packed-pages:1273,packed:4096,8 partitions:8
512,64,64,HYBRID-P,pass,3,3,320,17.25,70656,35649280,49152,3072,117760,0.3333333333333333,3,2,54,7.883548460144928,110.4,data:8192;hist:4096,data:512;hist:64,data:13;hist:12
512,64,64,HYBRID-PH,pass,1,1,112,14.0,57344,33552384,32768,3072,363520,0.5,1,1,18,7.419836956521739,89.6,data:8192,data:512,data:13
512,64,64,SCAN-PERMISSION,pass,3,3,320,33.25,136192,35714816,49152,3072,52224,0.25,3,3,54,7.898041213768116,212.8,data:8192;hist:4096;perm-scan:1024,data:512;hist:64;perm:64,data:13;hist:12;perm:scan
512,64,64,SCAN-HISTORY,pass,2,2,200,143.375,587264,34338560,36864,3072,39936,0.3333333333333333,2,3,36,7.593693387681159,917.6,data:8192;perm:1024;hist-scan:4096,data:512;perm:64;hist:64,data:13;perm:10;hist:scan
512,64,64,SCAN-BOTH,pass,1,1,112,158.0,647168,33880064,32768,3072,35840,0.3333333333333333,1,3,18,7.492300724637682,1011.2,data:8192;perm-scan:1024;hist-scan:4096,data:512;perm:64;hist:64,data:13;perm:scan;hist:scan
512,64,256,MODULAR-ORAM,leak,3,3,300.0,18.125,74240.0,42464000,53248,3072,56320,0,3,3,54,7.999373070987654,89.23076923076923,data:8192;perm:1024;hist:4096,data:512;perm:64;hist:256,data:13;perm:10;hist:12
512,64,256,NAIVE-FIXED,pass,4,4,408,28.375,116224,42464000,53248,3072,56576,0.25,4,3,72,7.999373070987654,139.69230769230768,data:8192;perm:1024;hist:4096,data:512;perm:64;hist:256,data:13;perm:10;hist:12
512,64,256,CANONICAL-MODULAR,pass,4,4,408,28.375,116224,42464000,53248,3072,56576,0.25,4,3,72,7.999373070987654,139.69230769230768,data:8192;perm:1024;hist:4096,data:512;perm:64;hist:256,data:13;perm:10;hist:12
512,64,256,UNIFIED-FIXED,pass,3,3,360,45.0,184320,67106816,53248,3072,56320,0,3,3,54,12.64158950617284,221.53846153846155,unified:13312,unified:512,unified:14
512,64,256,UNIFIED-PACKED,pass,3.0,3.0,288.0,288.0,1179648.0,67092480,5864,3072,8936,0,3,3,54.0,12.63888888888889,1417.8461538461538,packed-pages:1466,packed:4096,unified-packed:11
512,64,256,RANDOMIZED-PARTITION,not_implemented,3.0,6.0,432.0,432.0,1769472.0,66977792,17592,3072,20664,0,6,6,108.0,12.617283950617283,2126.769230769231,packed-pages:1466,packed:4096,8 partitions:8
512,64,256,HYBRID-P,pass,3,3,320,27.0,110592,41939968,49152,3072,117760,0.3333333333333333,3,2,54,7.900655864197531,132.92307692307693,data:8192;hist:4096,data:512;hist:256,data:13;hist:12
512,64,256,HYBRID-PH,pass,1,1,112,14.0,57344,33552384,32768,3072,1149952,0.5,1,1,18,6.320601851851852,68.92307692307692,data:8192,data:512,data:13
512,64,256,SCAN-PERMISSION,pass,3,3,320,43.0,176128,42005504,49152,3072,52224,0.25,3,3,54,7.913001543209877,211.69230769230768,data:8192;hist:4096;perm-scan:1024,data:512;hist:256;perm:64,data:13;hist:12;perm:scan
512,64,256,SCAN-HISTORY,pass,2,2,200,527.375,2160128,35124992,36864,3072,39936,0.3333333333333333,2,3,36,6.616849922839506,2596.3076923076924,data:8192;perm:1024;hist-scan:4096,data:512;perm:64;hist:256,data:13;perm:10;hist:scan
512,64,256,SCAN-BOTH,pass,1,1,112,542.0,2220032,34666496,32768,3072,35840,0.3333333333333333,1,3,18,6.530478395061729,2668.3076923076924,data:8192;perm-scan:1024;hist-scan:4096,data:512;perm:64;hist:256,data:13;perm:scan;hist:scan
512,64,1024,MODULAR-ORAM,leak,3,3,300.0,47.375,194048.0,67626752,53248,6144,59392,0,3,3,54,7.999242974806202,121.28,data:8192;perm:1024;hist:4096,data:512;perm:64;hist:1024,data:13;perm:10;hist:12
512,64,1024,NAIVE-FIXED,pass,4,4,408,67.375,275968,67626752,53248,6144,59648,0.25,4,3,72,7.999242974806202,172.48,data:8192;perm:1024;hist:4096,data:512;perm:64;hist:1024,data:13;perm:10;hist:12
512,64,1024,CANONICAL-MODULAR,pass,4,4,408,67.375,275968,67626752,53248,6144,59648,0.25,4,3,72,7.999242974806202,172.48,data:8192;perm:1024;hist:4096,data:512;perm:64;hist:1024,data:13;perm:10;hist:12
512,64,1024,UNIFIED-FIXED,pass,3,3,360,90.0,368640,134213632,53248,6144,59392,0,3,3,54,15.875484496124031,230.4,unified:13312,unified:1024,unified:14
512,64,1024,UNIFIED-PACKED,pass,3.0,3.0,312.0,312.0,1277952.0,134201344,10232,6144,16376,0,3,3,54.0,15.874031007751938,798.72,packed-pages:2558,packed:4096,unified-packed:12
512,64,1024,RANDOMIZED-PARTITION,not_implemented,3.0,6.0,480.0,480.0,1966080.0,134086656,30696,6144,36840,0,6,6,108.0,15.86046511627907,1228.8,packed-pages:2558,packed:4096,8 partitions:9
512,64,1024,HYBRID-P,pass,3,3,320,66.0,270336,67102720,49152,6144,120832,0.3333333333333333,3,2,54,7.9372577519379846,168.96,data:8192;hist:4096,data:512;hist:1024,data:13;hist:12
512,64,1024,HYBRID-PH,pass,1,1,112,14.0,57344,33552384,32768,6144,4298752,0.5,1,1,18,3.96875,35.84,data:8192,data:512,data:13
512,64,1024,SCAN-PERMISSION,pass,3,3,320,82.0,335872,67168256,49152,6144,55296,0.25,3,3,54,7.945009689922481,209.92,data:8192;hist:4096;perm-scan:1024,data:512;hist:1024;perm:64,data:13;hist:12;perm:scan
512,64,1024,SCAN-HISTORY,pass,2,2,200,2063.375,8451584,38270720,36864,6144,43008,0.3333333333333333,2,3,36,4.526859253875969,5282.24,data:8192;perm:1024;hist-scan:4096,data:512;perm:64;hist:1024,data:13;perm:10;hist:scan
512,64,1024,SCAN-BOTH,pass,1,1,112,2078.0,8511488,37812224,32768,6144,38912,0.3333333333333333,1,3,18,4.472625968992248,5319.68,data:8192;perm-scan:1024;hist-scan:4096,data:512;perm:64;hist:1024,data:13;perm:scan;hist:scan
512,128,64,MODULAR-ORAM,leak,3,3,300.0,12.1875,49920.0,36697344,53248,3072,56320,0,3,3,54,7.999386160714286,70.9090909090909,data:8192;perm:1024;hist:4096,data:512;perm:128;hist:64,data:13;perm:10;hist:12
512,128,64,NAIVE-FIXED,pass,4,4,408,20.0,81920,36697344,53248,3072,56576,0.25,4,3,72,7.999386160714286,116.36363636363636,data:8192;perm:1024;hist:4096,data:512;perm:128;hist:64,data:13;perm:10;hist:12
512,128,64,CANONICAL-MODULAR,pass,4,4,408,20.0,81920,36697344,53248,3072,56576,0.25,4,3,72,7.999386160714286,116.36363636363636,data:8192;perm:1024;hist:4096,data:512;perm:128;hist:64,data:13;perm:10;hist:12
512,128,64,UNIFIED-FIXED,pass,3,3,360,45.0,184320,67106816,53248,3072,56320,0,3,3,54,14.628125,261.8181818181818,unified:13312,unified:512,unified:14
512,128,64,UNIFIED-PACKED,pass,3.0,3.0,288.0,288.0,1179648.0,67092480,5156,3072,8228,0,3,3,54.0,14.625,1675.6363636363637,packed-pages:1289,packed:4096,unified-packed:11
512,128,64,RANDOMIZED-PARTITION,not_implemented,3.0,6.0,432.0,432.0,1769472.0,66977792,15468,3072,18540,0,6,6,108.0,14.6,2513.4545454545455,packed-pages:1289,packed:4096,8 partitions:8
512,128,64,HYBRID-P,pass,3,3,320,17.25,70656,35649280,49152,3072,183296,0.3333333333333333,3,2,54,7.770926339285714,100.36363636363636,data:8192;hist:4096,data:512;hist:64,data:13;hist:12
512,128,64,HYBRID-PH,pass,1,1,112,14.0,57344,33552384,32768,3072,429056,0.5,1,1,18,7.313839285714286,81.45454545454545,data:8192,data:512,data:13
512,128,64,SCAN-PERMISSION,pass,3,3,320,49.25,201728,35780352,49152,3072,52224,0.25,3,3,54,7.799497767857143,286.54545454545456,data:8192;hist:4096;perm-scan:1024,data:512;hist:64;perm:128,data:13;hist:12;perm:scan
512,128,64,SCAN-HISTORY,pass,2,2,200,144.75,592896,34862592,36864,3072,39936,0.3333333333333333,2,3,36,7.599441964285714,842.1818181818181,data:8192;perm:1024;hist-scan:4096,data:512;perm:128;hist:64,data:13;perm:10;hist:scan
512,128,64,SCAN-BOTH,pass,1,1,112,174.0,712704,33945600,32768,3072,35840,0.3333333333333333,1,3,18,7.399553571428571,1012.3636363636364,data:8192;perm-scan:1024;hist-scan:4096,data:512;perm:128;hist:64,data:13;perm:scan;hist:scan
512,128,256,MODULAR-ORAM,leak,3,3,300.0,19.5,79872.0,42988032,53248,3072,56320,0,3,3,54,7.999333079268292,89.14285714285714,data:8192;perm:1024;hist:4096,data:512;perm:128;hist:256,data:13;perm:10;hist:12
512,128,256,NAIVE-FIXED,pass,4,4,408,29.75,121856,42988032,53248,3072,56576,0.25,4,3,72,7.999333079268292,136.0,data:8192;perm:1024;hist:4096,data:512;perm:128;hist:256,data:13;perm:10;hist:12
512,128,256,CANONICAL-MODULAR,pass,4,4,408,29.75,121856,42988032,53248,3072,56576,0.25,4,3,72,7.999333079268292,136.0,data:8192;perm:1024;hist:4096,data:512;perm:128;hist:256,data:13;perm:10;hist:12
512,128,256,UNIFIED-FIXED,pass,3,3,360,45.0,184320,67106816,53248,3072,56320,0,3,3,54,12.487423780487806,205.71428571428572,unified:13312,unified:512,unified:14
512,128,256,UNIFIED-PACKED,pass,3.0,3.0,288.0,288.0,1179648.0,67092480,5928,3072,9000,0,3,3,54.0,12.484756097560975,1316.5714285714287,packed-pages:1482,packed:4096,unified-packed:11
512,128,256,RANDOMIZED-PARTITION,not_implemented,3.0,6.0,432.0,432.0,1769472.0,66977792,17784,3072,20856,0,6,6,108.0,12.463414634146341,1974.857142857143,packed-pages:1482,packed:4096,8 partitions:8
512,128,256,HYBRID-P,pass,3,3,320,27.0,110592,41939968,49152,3072,183296,0.3333333333333333,3,2,54,7.804306402439025,123.42857142857143,data:8192;hist:4096,data:512;hist:256,data:13;hist:12
512,128,256,HYBRID-PH,pass,1,1,112,14.0,57344,33552384,32768,3072,1215488,0.5,1,1,18,6.243521341463414,64.0,data:8192,data:512,data:13
512,128,256,SCAN-PERMISSION,pass,3,3,320,59.0,241664,42071040,49152,3072,52224,0.25,3,3,54,7.828696646341464,269.7142857142857,data:8192;hist:4096;perm-scan:1024,data:512;hist:256;perm:128,data:13;hist:12;perm:scan
512,128,256,SCAN-HISTORY,pass,2,2,200,528.75,2165760,35649024,36864,3072,39936,0.3333333333333333,2,3,36,6.633669969512195,2417.1428571428573,data:8192;perm:1024;hist-scan:4096,data:512;perm:128;hist:256,data:13;perm:10;hist:scan
512,128,256,SCAN-BOTH,pass,1,1,112,558.0,2285568,34732032,32768,3072,35840,0.3333333333333333,1,3,18,6.463033536585366,2550.8571428571427,data:8192;perm-scan:1024;hist-scan:4096,data:512;perm:128;hist:256,data:13;perm:scan;hist:scan
512,128,1024,MODULAR-ORAM,leak,3,3,300.0,48.75,199680.0,68150784,53248,6144,59392,0,3,3,54,7.99921875,120.0,data:8192;perm:1024;hist:4096,data:512;perm:128;hist:1024,data:13;perm:10;hist:12
512,128,1024,NAIVE-FIXED,pass,4,4,408,68.75,281600,68150784,53248,6144,59648,0.25,4,3,72,7.99921875,169.23076923076923,data:8192;perm:1024;hist:4096,data:512;perm:128;hist:1024,data:13;perm:10;hist:12
512,128,1024,CANONICAL-MODULAR,pass,4,4,408,68.75,281600,68150784,53248,6144,59648,0.25,4,3,72,7.99921875,169.23076923076923,data:8192;perm:1024;hist:4096,data:512;perm:128;hist:1024,data:13;perm:10;hist:12
512,128,1024,UNIFIED-FIXED,pass,3,3,360,90.0,368640,134213632,53248,6144,59392,0,3,3,54,15.753365384615385,221.53846153846155,unified:13312,unified:1024,unified:14
512,128,1024,UNIFIED-PACKED,pass,3.0,3.0,312.0,312.0,1277952.0,134201344,10296,6144,16440,0,3,3,54.0,15.751923076923077,768.0,packed-pages:2574,packed:4096,unified-packed:12
512,128,1024,RANDOMIZED-PARTITION,not_implemented,3.0,6.0,480.0,480.0,1966080.0,134086656,30888,6144,37032,0,6,6,108.0,15.738461538461538,1181.5384615384614,packed-pages:2574,packed:4096,8 partitions:9
512,128,1024,HYBRID-P,pass,3,3,320,66.0,270336,67102720,49152,6144,186368,0.3333333333333333,3,2,54,7.876201923076923,162.46153846153845,data:8192;hist:4096,data:512;hist:1024,data:13;hist:12
512,128,1024,HYBRID-PH,pass,1,1,112,14.0,57344,33552384,32768,6144,4364288,0.5,1,1,18,3.938221153846154,34.46153846153846,data:8192,data:512,data:13
512,128,1024,SCAN-PERMISSION,pass,3,3,320,98.0,401408,67233792,49152,6144,55296,0.25,3,3,54,7.891586538461539,241.23076923076923,data:8192;hist:4096;perm-scan:1024,data:512;hist:1024;perm:128,data:13;hist:12;perm:scan
512,128,1024,SCAN-HISTORY,pass,2,2,200,2064.75,8457216,38794752,36864,6144,43008,0.3333333333333333,2,3,36,4.553545673076923,5082.461538461538,data:8192;perm:1024;hist-scan:4096,data:512;perm:128;hist:1024,data:13;perm:10;hist:scan
512,128,1024,SCAN-BOTH,pass,1,1,112,2094.0,8577024,37877760,32768,6144,38912,0.3333333333333333,1,3,18,4.445913461538462,5154.461538461538,data:8192;perm-scan:1024;hist-scan:4096,data:512;perm:128;hist:1024,data:13;perm:scan;hist:scan
512,256,64,MODULAR-ORAM,leak,3,3,300.0,14.9375,61184.0,37745408,53248,3072,56320,0,3,3,54,7.999294704861111,73.53846153846153,data:8192;perm:1024;hist:4096,data:512;perm:256;hist:64,data:13;perm:10;hist:12
512,256,64,NAIVE-FIXED,pass,4,4,408,22.75,93184,37745408,53248,3072,56576,0.25,4,3,72,7.999294704861111,112.0,data:8192;perm:1024;hist:4096,data:512;perm:256;hist:64,data:13;perm:10;hist:12
512,256,64,CANONICAL-MODULAR,pass,4,4,408,22.75,93184,37745408,53248,3072,56576,0.25,4,3,72,7.999294704861111,112.0,data:8192;perm:1024;hist:4096,data:512;perm:256;hist:64,data:13;perm:10;hist:12
512,256,64,UNIFIED-FIXED,pass,3,3,360,45.0,184320,67106816,53248,3072,56320,0,3,3,54,14.221788194444445,221.53846153846155,unified:13312,unified:512,unified:14
512,256,64,UNIFIED-PACKED,pass,3.0,3.0,288.0,288.0,1179648.0,67092480,5284,3072,8356,0,3,3,54.0,14.21875,1417.8461538461538,packed-pages:1321,packed:4096,unified-packed:11
512,256,64,RANDOMIZED-PARTITION,not_implemented,3.0,6.0,432.0,432.0,1769472.0,66977792,15852,3072,18924,0,6,6,108.0,14.194444444444445,2126.769230769231,packed-pages:1321,packed:4096,8 partitions:8
512,256,64,HYBRID-P,pass,3,3,320,17.25,70656,35649280,49152,3072,314368,0.3333333333333333,3,2,54,7.555067274305555,84.92307692307692,data:8192;hist:4096,data:512;hist:64,data:13;hist:12
512,256,64,HYBRID-PH,pass,1,1,112,14.0,57344,33552384,32768,3072,560128,0.5,1,1,18,7.110677083333333,68.92307692307692,data:8192,data:512,data:13
512,256,64,SCAN-PERMISSION,pass,3,3,320,81.25,332800,35911424,49152,3072,52224,0.25,3,3,54,7.610622829861111,400.0,data:8192;hist:4096;perm-scan:1024,data:512;hist:64;perm:256,data:13;hist:12;perm:scan
512,256,64,SCAN-HISTORY,pass,2,2,200,147.5,604160,35910656,36864,3072,39936,0.3333333333333333,2,3,36,7.610460069444445,726.1538461538462,data:8192;perm:1024;hist-scan:4096,data:512;perm:256;hist:64,data:13;perm:10;hist:scan
512,256,64,SCAN-BOTH,pass,1,1,112,206.0,843776,34076672,32768,3072,35840,0.3333333333333333,1,3,18,7.221788194444445,1014.1538461538462,data:8192;perm-scan:1024;hist-scan:4096,data:512;perm:256;hist:64,data:13;perm:scan;hist:scan
512,256,256,MODULAR-ORAM,leak,3,3,300.0,22.25,91136.0,44036096,53248,3072,56320,0,3,3,54,7.9992559523809526,89.0,data:8192;perm:1024;hist:4096,data:512;perm:256;hist:256,data:13;perm:10;hist:12
512,256,256,NAIVE-FIXED,pass,4,4,408,32.5,133120,44036096,53248,3072,56576,0.25,4,3,72,7.9992559523809526,130.0,data:8192;perm:1024;hist:4096,data:512;perm:256;hist:256,data:13;perm:10;hist:12
512,256,256,CANONICAL-MODULAR,pass,4,4,408,32.5,133120,44036096,53248,3072,56576,0.25,4,3,72,7.9992559523809526,130.0,data:8192;perm:1024;hist:4096,data:512;perm:256;hist:256,data:13;perm:10;hist:12
512,256,256,UNIFIED-FIXED,pass,3,3,360,45.0,184320,67106816,53248,3072,56320,0,3,3,54,12.190104166666666,180.0,unified:13312,unified:512,unified:14
512,256,256,UNIFIED-PACKED,pass,3.0,3.0,288.0,288.0,1179648.0,67092480,6056,3072,9128,0,3,3,54.0,12.1875,1152.0,packed-pages:1514,packed:4096,unified-packed:11
512,256,256,RANDOMIZED-PARTITION,not_implemented,3.0,6.0,432.0,432.0,1769472.0,66977792,18168,3072,21240,0,6,6,108.0,12.166666666666666,1728.0,packed-pages:1514,packed:4096,8 partitions:8
512,256,256,HYBRID-P,pass,3,3,320,27.0,110592,41939968,49152,3072,314368,0.3333333333333333,3,2,54,7.618489583333333,108.0,data:8192;hist:4096,data:512;hist:256,data:13;hist:12
512,256,256,HYBRID-PH,pass,1,1,112,14.0,57344,33552384,32768,3072,1346560,0.5,1,1,18,6.094866071428571,56.0,data:8192,data:512,data:13
512,256,256,SCAN-PERMISSION,pass,3,3,320,91.0,372736,42202112,49152,3072,52224,0.25,3,3,54,7.666108630952381,364.0,data:8192;hist:4096;perm-scan:1024,data:512;hist:256;perm:256,data:13;hist:12;perm:scan
512,256,256,SCAN-HISTORY,pass,2,2,200,531.5,2177024,36697088,36864,3072,39936,0.3333333333333333,2,3,36,6.666108630952381,2126.0,data:8192;perm:1024;hist-scan:4096,data:512;perm:256;hist:256,data:13;perm:10;hist:scan
512,256,256,SCAN-BOTH,pass,1,1,112,590.0,2416640,34863104,32768,3072,35840,0.3333333333333333,1,3,18,6.332961309523809,2360.0,data:8192;perm-scan:1024;hist-scan:4096,data:512;perm:256;hist:256,data:13;perm:scan;hist:scan
512,256,1024,MODULAR-ORAM,leak,3,3,300.0,51.5,210944.0,69198848,53248,6144,59392,0,3,3,54,7.999171401515151,117.71428571428571,data:8192;perm:1024;hist:4096,data:512;perm:256;hist:1024,data:13;perm:10;hist:12
512,256,1024,NAIVE-FIXED,pass,4,4,408,71.5,292864,69198848,53248,6144,59648,0.25,4,3,72,7.999171401515151,163.42857142857142,data:8192;perm:1024;hist:4096,data:512;perm:256;hist:1024,data:13;perm:10;hist:12
512,256,1024,CANONICAL-MODULAR,pass,4,4,408,71.5,292864,69198848,53248,6144,59648,0.25,4,3,72,7.999171401515151,163.42857142857142,data:8192;perm:1024;hist:4096,data:512;perm:256;hist:1024,data:13;perm:10;hist:12
512,256,1024,UNIFIED-FIXED,pass,3,3,360,90.0,368640,134213632,53248,6144,59392,0,3,3,54,15.514678030303031,205.71428571428572,unified:13312,unified:1024,unified:14
512,256,1024,UNIFIED-PACKED,pass,3.0,3.0,312.0,312.0,1277952.0,134201344,10424,6144,16568,0,3,3,54.0,15.513257575757576,713.1428571428571,packed-pages:2606,packed:4096,unified-packed:12
512,256,1024,RANDOMIZED-PARTITION,not_implemented,3.0,6.0,480.0,480.0,1966080.0,134086656,31272,6144,37416,0,6,6,108.0,15.5,1097.142857142857,packed-pages:2606,packed:4096,8 partitions:9
512,256,1024,HYBRID-P,pass,3,3,320,66.0,270336,67102720,49152,6144,317440,0.3333333333333333,3,2,54,7.75686553030303,150.85714285714286,data:8192;hist:4096,data:512;hist:1024,data:13;hist:12
512,256,1024,HYBRID-PH,pass,1,1,112,14.0,57344,33552384,32768,6144,4495360,0.5,1,1,18,3.8785511363636362,32.0,data:8192,data:512,data:13
512,256,1024,SCAN-PERMISSION,pass,3,3,320,130.0,532480,67364864,49152,6144,55296,0.25,3,3,54,7.7871685606060606,297.14285714285717,data:8192;hist:4096;perm-scan:1024,data:512;hist:1024;perm:256,data:13;hist:12;perm:scan
512,256,1024,SCAN-HISTORY,pass,2,2,200,2067.5,8468480,39842816,36864,6144,43008,0.3333333333333333,2,3,36,4.605705492424242,4725.714285714285,data:8192;perm:1024;hist-scan:4096,data:512;perm:256;hist:1024,data:13;perm:10;hist:scan
512,256,1024,SCAN-BOTH,pass,1,1,112,2126.0,8708096,38008832,32768,6144,38912,0.3333333333333333,1,3,18,4.393702651515151,4859.428571428572,data:8192;perm-scan:1024;hist-scan:4096,data:512;perm:256;hist:1024,data:13;perm:scan;hist:scan
512,512,64,MODULAR-ORAM,leak,3,3,300.0,20.4375,83712.0,39841536,53248,3072,56320,0,3,3,54,7.999126233552632,76.94117647058823,data:8192;perm:1024;hist:4096,data:512;perm:512;hist:64,data:13;perm:10;hist:12
512,512,64,NAIVE-FIXED,pass,4,4,408,28.25,115712,39841536,53248,3072,56576,0.25,4,3,72,7.999126233552632,106.3529411764706,data:8192;perm:1024;hist:4096,data:512;perm:512;hist:64,data:13;perm:10;hist:12
512,512,64,CANONICAL-MODULAR,pass,4,4,408,28.25,115712,39841536,53248,3072,56576,0.25,4,3,72,7.999126233552632,106.3529411764706,data:8192;perm:1024;hist:4096,data:512;perm:512;hist:64,data:13;perm:10;hist:12
512,512,64,UNIFIED-FIXED,pass,3,3,360,45.0,184320,67106816,53248,3072,56320,0,3,3,54,13.47327302631579,169.41176470588235,unified:13312,unified:512,unified:14
512,512,64,UNIFIED-PACKED,pass,3.0,3.0,288.0,288.0,1179648.0,67092480,5596,3072,8668,0,3,3,54.0,13.470394736842104,1084.235294117647,packed-pages:1399,packed:4096,unified-packed:11
512,512,64,RANDOMIZED-PARTITION,not_implemented,3.0,6.0,432.0,432.0,1769472.0,66977792,16788,3072,19860,0,6,6,108.0,13.447368421052632,1626.3529411764705,packed-pages:1399,packed:4096,8 partitions:8
512,512,64,HYBRID-P,pass,3,3,320,17.25,70656,35649280,49152,3072,576512,0.3333333333333333,3,2,54,7.157432154605263,64.94117647058823,data:8192;hist:4096,data:512;hist:64,data:13;hist:12
512,512,64,HYBRID-PH,pass,1,1,112,14.0,57344,33552384,32768,3072,822272,0.5,1,1,18,6.736430921052632,52.705882352941174,data:8192,data:512,data:13
512,512,64,SCAN-PERMISSION,pass,3,3,320,145.25,594944,36173568,49152,3072,52224,0.25,3,3,54,7.2626953125,546.8235294117648,data:8192;hist:4096;perm-scan:1024,data:512;hist:64;perm:512,data:13;hist:12;perm:scan
512,512,64,SCAN-HISTORY,pass,2,2,200,153.0,626688,38006784,36864,3072,39936,0.3333333333333333,2,3,36,7.630756578947368,576.0,data:8192;perm:1024;hist-scan:4096,data:512;perm:512;hist:64,data:13;perm:10;hist:scan
512,512,64,SCAN-BOTH,pass,1,1,112,270.0,1105920,34338816,32768,3072,35840,0.3333333333333333,1,3,18,6.894325657894737,1016.4705882352941,data:8192;perm-scan:1024;hist-scan:4096,data:512;perm:512;hist:64,data:13;perm:scan;hist:scan
512,512,256,MODULAR-ORAM,leak,3,3,300.0,27.75,113664.0,46132224,53248,3072,56320,0,3,3,54,7.999112215909091,88.8,data:8192;perm:1024;hist:4096,data:512;perm:512;hist:256,data:13;perm:10;hist:12
512,512,256,NAIVE-FIXED,pass,4,4,408,38.0,155648,46132224,53248,3072,56576,0.25,4,3,72,7.999112215909091,121.6,data:8192;perm:1024;hist:4096,data:512;perm:512;hist:256,data:13;perm:10;hist:12
512,512,256,CANONICAL-MODULAR,pass,4,4,408,38.0,155648,46132224,53248,3072,56576,0.25,4,3,72,7.999112215909091,121.6,data:8192;perm:1024;hist:4096,data:512;perm:512;hist:256,data:13;perm:10;hist:12
512,512,256,UNIFIED-FIXED,pass,3,3,360,45.0,184320,67106816,53248,3072,56320,0,3,3,54,11.636008522727273,144.0,unified:13312,unified:512,unified:14
512,512,256,UNIFIED-PACKED,pass,3.0,3.0,288.0,288.0,1179648.0,67092480,6368,3072,9440,0,3,3,54.0,11.633522727272727,921.6,packed-pages:1592,packed:4096,unified-packed:11
512,512,256,RANDOMIZED-PARTITION,not_implemented,3.0,6.0,432.0,432.0,1769472.0,66977792,19104,3072,22176,0,6,6,108.0,11.613636363636363,1382.4,packed-pages:1592,packed:4096,8 partitions:8
512,512,256,HYBRID-P,pass,3,3,320,27.0,110592,41939968,49152,3072,576512,0.3333333333333333,3,2,54,7.2721946022727275,86.4,data:8192;hist:4096,data:512;hist:256,data:13;hist:12
512,512,256,HYBRID-PH,pass,1,1,112,14.0,57344,33552384,32768,3072,1608704,0.5,1,1,18,5.817826704545454,44.8,data:8192,data:512,data:13
512,512,256,SCAN-PERMISSION,pass,3,3,320,155.0,634880,42464256,49152,3072,52224,0.25,3,3,54,7.363103693181818,496.0,data:8192;hist:4096;perm-scan:1024,data:512;hist:256;perm:512,data:13;hist:12;perm:scan
512,512,256,SCAN-HISTORY,pass,2,2,200,537.0,2199552,38793216,36864,3072,39936,0.3333333333333333,2,3,36,6.7265625,1718.4,data:8192;perm:1024;hist-scan:4096,data:512;perm:512;hist:256,data:13;perm:10;hist:scan
512,512,256,SCAN-BOTH,pass,1,1,112,654.0,2678784,35125248,32768,3072,35840,0.3333333333333333,1,3,18,6.0905539772727275,2092.8,data:8192;perm-scan:1024;hist-scan:4096,data:512;perm:512;hist:256,data:13;perm:scan;hist:scan
512,512,1024,MODULAR-ORAM,leak,3,3,300.0,57.0,233472.0,71294976,53248,6144,59392,0,3,3,54,7.999080882352941,114.0,data:8192;perm:1024;hist:4096,data:512;perm:512;hist:1024,data:13;perm:10;hist:12
512,512,1024,NAIVE-FIXED,pass,4,4,408,77.0,315392,71294976,53248,6144,59648,0.25,4,3,72,7.999080882352941,154.0,data:8192;perm:1024;hist:4096,data:512;perm:512;hist:1024,data:13;perm:10;hist:12
512,512,1024,CANONICAL-MODULAR,pass,4,4,408,77.0,315392,71294976,53248,6144,59648,0.25,4,3,72,7.999080882352941,154.0,data:8192;perm:1024;hist:4096,data:512;perm:512;hist:1024,data:13;perm:10;hist:12
512,512,1024,UNIFIED-FIXED,pass,3,3,360,90.0,368640,134213632,53248,6144,59392,0,3,3,54,15.058363970588236,180.0,unified:13312,unified:1024,unified:14
512,512,1024,UNIFIED-PACKED,pass,3.0,3.0,312.0,312.0,1277952.0,134201344,10736,6144,16880,0,3,3,54.0,15.056985294117647,624.0,packed-pages:2684,packed:4096,unified-packed:12
512,512,1024,RANDOMIZED-PARTITION,not_implemented,3.0,6.0,480.0,480.0,1966080.0,134086656,32208,6144,38352,0,6,6,108.0,15.044117647058824,960.0,packed-pages:2684,packed:4096,8 partitions:9
512,512,1024,HYBRID-P,pass,3,3,320,66.0,270336,67102720,49152,6144,579584,0.3333333333333333,3,2,54,7.528722426470588,132.0,data:8192;hist:4096,data:512;hist:1024,data:13;hist:12
512,512,1024,HYBRID-PH,pass,1,1,112,14.0,57344,33552384,32768,6144,4757504,0.5,1,1,18,3.7644761029411766,28.0,data:8192,data:512,data:13
512,512,1024,SCAN-PERMISSION,pass,3,3,320,194.0,794624,67627008,49152,6144,55296,0.25,3,3,54,7.587545955882353,388.0,data:8192;hist:4096;perm-scan:1024,data:512;hist:1024;perm:512,data:13;hist:12;perm:scan
512,512,1024,SCAN-HISTORY,pass,2,2,200,2073.0,8491008,41938944,36864,6144,43008,0.3333333333333333,2,3,36,4.705422794117647,4146.0,data:8192;perm:1024;hist-scan:4096,data:512;perm:512;hist:1024,data:13;perm:10;hist:scan
512,512,1024,SCAN-BOTH,pass,1,1,112,2190.0,8970240,38270976,32768,6144,38912,0.3333333333333333,1,3,18,4.293887867647059,4380.0,data:8192;perm-scan:1024;hist-scan:4096,data:512;perm:512;hist:1024,data:13;perm:scan;hist:scan
1024,64,64,MODULAR-ORAM,leak,3,3,300.0,17.8125,72960.0,69725696,53248,6144,59392,0,3,3,54,7.999471334586466,63.333333333333336,data:8192;perm:1024;hist:4096,data:1024;perm:64;hist:64,data:13;perm:10;hist:12
1024,64,64,NAIVE-FIXED,pass,4,4,408,32.625,133632,69725696,53248,6144,59648,0.25,4,3,72,7.999471334586466,116.0,data:8192;perm:1024;hist:4096,data:1024;perm:64;hist:64,data:13;perm:10;hist:12
1024,64,64,CANONICAL-MODULAR,pass,4,4,408,32.625,133632,69725696,53248,6144,59648,0.25,4,3,72,7.999471334586466,116.0,data:8192;perm:1024;hist:4096,data:1024;perm:64;hist:64,data:13;perm:10;hist:12
1024,64,64,UNIFIED-FIXED,pass,3,3,360,90.0,368640,134213632,53248,6144,59392,0,3,3,54,15.398026315789474,320.0,unified:13312,unified:1024,unified:14
1024,64,64,UNIFIED-PACKED,pass,3.0,3.0,312.0,312.0,1277952.0,134201344,11332,6144,17476,0,3,3,54.0,15.396616541353383,1109.3333333333333,packed-pages:2833,packed:4096,unified-packed:12
1024,64,64,RANDOMIZED-PARTITION,not_implemented,3.0,6.0,480.0,480.0,1966080.0,134086656,33996,6144,40140,0,6,6,108.0,15.38345864661654,1706.6666666666667,packed-pages:2833,packed:4096,8 partitions:9
1024,64,64,HYBRID-P,pass,3,3,320,31.25,128000,69201664,49152,6144,120832,0.3333333333333333,3,2,54,7.939350328947368,111.11111111111111,data:8192;hist:4096,data:1024;hist:64,data:13;hist:12
1024,64,64,HYBRID-PH,pass,1,1,112,28.0,114688,67104768,32768,6144,366592,0.5,1,1,18,7.698778195488722,99.55555555555556,data:8192,data:1024,data:13
1024,64,64,SCAN-PERMISSION,pass,3,3,320,47.25,193536,69267200,49152,6144,55296,0.25,3,3,54,7.94686912593985,168.0,data:8192;hist:4096;perm-scan:1024,data:1024;hist:64;perm:64,data:13;hist:12;perm:scan
1024,64,64,SCAN-HISTORY,pass,2,2,200,157.375,644608,67890944,36864,6144,43008,0.3333333333333333,2,3,36,7.788974389097745,559.5555555555555,data:8192;perm:1024;hist-scan:4096,data:1024;perm:64;hist:64,data:13;perm:10;hist:scan
1024,64,64,SCAN-BOTH,pass,1,1,112,172.0,704512,67432448,32768,6144,38912,0.3333333333333333,1,3,18,7.736372180451128,611.5555555555555,data:8192;perm-scan:1024;hist-scan:4096,data:1024;perm:64;hist:64,data:13;perm:scan;hist:scan
1024,64,256,MODULAR-ORAM,leak,3,3,300.0,25.125,102912.0,76016384,53248,6144,59392,0,3,3,54,7.999434267241379,76.57142857142857,data:8192;perm:1024;hist:4096,data:1024;perm:64;hist:256,data:13;perm:10;hist:12
1024,64,256,NAIVE-FIXED,pass,4,4,408,42.375,173568,76016384,53248,6144,59648,0.25,4,3,72,7.999434267241379,129.14285714285714,data:8192;perm:1024;hist:4096,data:1024;perm:64;hist:256,data:13;perm:10;hist:12
1024,64,256,CANONICAL-MODULAR,pass,4,4,408,42.375,173568,76016384,53248,6144,59648,0.25,4,3,72,7.999434267241379,129.14285714285714,data:8192;perm:1024;hist:4096,data:1024;perm:64;hist:256,data:13;perm:10;hist:12
1024,64,256,UNIFIED-FIXED,pass,3,3,360,90.0,368640,134213632,53248,6144,59392,0,3,3,54,14.123706896551724,274.2857142857143,unified:13312,unified:1024,unified:14
1024,64,256,UNIFIED-PACKED,pass,3.0,3.0,312.0,312.0,1277952.0,134201344,12104,6144,18248,0,3,3,54.0,14.122413793103448,950.8571428571429,packed-pages:3026,packed:4096,unified-packed:12
1024,64,256,RANDOMIZED-PARTITION,not_implemented,3.0,6.0,480.0,480.0,1966080.0,134086656,36312,6144,42456,0,6,6,108.0,14.110344827586207,1462.857142857143,packed-pages:3026,packed:4096,8 partitions:9
1024,64,256,HYBRID-P,pass,3,3,320,41.0,167936,75492352,49152,6144,120832,0.3333333333333333,3,2,54,7.944288793103448,124.95238095238095,data:8192;hist:4096,data:1024;hist:256,data:13;hist:12
1024,64,256,HYBRID-PH,pass,1,1,112,28.0,114688,67104768,32768,6144,1153024,0.5,1,1,18,7.061637931034483,85.33333333333333,data:8192,data:1024,data:13
1024,64,256,SCAN-PERMISSION,pass,3,3,320,57.0,233472,75557888,49152,6144,55296,0.25,3,3,54,7.951185344827586,173.71428571428572,data:8192;hist:4096;perm-scan:1024,data:1024;hist:256;perm:64,data:13;hist:12;perm:scan
1024,64,256,SCAN-HISTORY,pass,2,2,200,541.375,2217472,68677376,36864,6144,43008,0.3333333333333333,2,3,36,7.227128232758621,1649.904761904762,data:8192;perm:1024;hist-scan:4096,data:1024;perm:64;hist:256,data:13;perm:10;hist:scan
1024,64,256,SCAN-BOTH,pass,1,1,112,556.0,2277376,68218880,32768,6144,38912,0.3333333333333333,1,3,18,7.178879310344827,1694.4761904761904,data:8192;perm-scan:1024;hist-scan:4096,data:1024;perm:64;hist:256,data:13;perm:scan;hist:scan
1024,64,1024,MODULAR-ORAM,leak,3,3,300.0,54.375,222720.0,101179136,53248,6144,59392,0,3,3,54,7.9993320919689115,105.45454545454545,data:8192;perm:1024;hist:4096,data:1024;perm:64;hist:1024,data:13;perm:10;hist:12
1024,64,1024,NAIVE-FIXED,pass,4,4,408,81.375,333312,101179136,53248,6144,59648,0.25,4,3,72,7.9993320919689115,157.8181818181818,data:8192;perm:1024;hist:4096,data:1024;perm:64;hist:1024,data:13;perm:10;hist:12
1024,64,1024,CANONICAL-MODULAR,pass,4,4,408,81.375,333312,101179136,53248,6144,59648,0.25,4,3,72,7.9993320919689115,157.8181818181818,data:8192;perm:1024;hist:4096,data:1024;perm:64;hist:1024,data:13;perm:10;hist:12
1024,64,1024,UNIFIED-FIXED,pass,3,3,360,90.0,368640,134213632,53248,6144,59392,0,3,3,54,10.61107512953368,174.54545454545453,unified:13312,unified:1024,unified:14
1024,64,1024,UNIFIED-PACKED,pass,3.0,3.0,336.0,336.0,1376256.0,268419072,16472,6144,22616,0,3,3,54.0,21.221502590673577,651.6363636363636,packed-pages:4118,packed:4096,unified-packed:13
1024,64,1024,RANDOMIZED-PARTITION,not_implemented,3.0,6.0,528.0,528.0,2162688.0,268304384,49416,6144,55560,0,6,6,108.0,21.212435233160623,1024.0,packed-pages:4118,packed:4096,8 partitions:10
1024,64,1024,HYBRID-P,pass,3,3,320,80.0,327680,100655104,49152,6144,120832,0.3333333333333333,3,2,54,7.957901554404145,155.15151515151516,data:8192;hist:4096,data:1024;hist:1024,data:13;hist:12
1024,64,1024,HYBRID-PH,pass,1,1,112,28.0,114688,67104768,32768,6144,4298752,0.5,1,1,18,5.305375647668394,54.303030303030305,data:8192,data:1024,data:13
1024,64,1024,SCAN-PERMISSION,pass,3,3,320,96.0,393216,100720640,49152,6144,55296,0.25,3,3,54,7.9630829015544045,186.1818181818182,data:8192;hist:4096;perm-scan:1024,data:1024;hist:1024;perm:64,data:13;hist:12;perm:scan
1024,64,1024,SCAN-HISTORY,pass,2,2,200,2077.375,8508928,71823104,36864,6144,43008,0.3333333333333333,2,3,36,5.678412402849741,4028.848484848485,data:8192;perm:1024;hist-scan:4096,data:1024;perm:64;hist:1024,data:13;perm:10;hist:scan
1024,64,1024,SCAN-BOTH,pass,1,1,112,2092.0,8568832,71364608,32768,6144,38912,0.3333333333333333,1,3,18,5.642163212435233,4057.212121212121,data:8192;perm-scan:1024;hist-scan:4096,data:1024;perm:64;hist:1024,data:13;perm:scan;hist:scan
1024,128,64,MODULAR-ORAM,leak,3,3,300.0,19.1875,78592.0,70249728,53248,6144,59392,0,3,3,54,7.999446128731344,64.63157894736842,data:8192;perm:1024;hist:4096,data:1024;perm:128;hist:64,data:13;perm:10;hist:12
1024,128,64,NAIVE-FIXED,pass,4,4,408,34.0,139264,70249728,53248,6144,59648,0.25,4,3,72,7.999446128731344,114.52631578947368,data:8192;perm:1024;hist:4096,data:1024;perm:128;hist:64,data:13;perm:10;hist:12
1024,128,64,CANONICAL-MODULAR,pass,4,4,408,34.0,139264,70249728,53248,6144,59648,0.25,4,3,72,7.999446128731344,114.52631578947368,data:8192;perm:1024;hist:4096,data:1024;perm:128;hist:64,data:13;perm:10;hist:12
1024,128,64,UNIFIED-FIXED,pass,3,3,360,90.0,368640,134213632,53248,6144,59392,0,3,3,54,15.283115671641792,303.1578947368421,unified:13312,unified:1024,unified:14
1024,128,64,UNIFIED-PACKED,pass,3.0,3.0,312.0,312.0,1277952.0,134201344,11396,6144,17540,0,3,3,54.0,15.281716417910447,1050.9473684210527,packed-pages:2849,packed:4096,unified-packed:12
1024,128,64,RANDOMIZED-PARTITION,not_implemented,3.0,6.0,480.0,480.0,1966080.0,134086656,34188,6144,40332,0,6,6,108.0,15.26865671641791,1616.842105263158,packed-pages:2849,packed:4096,8 partitions:9
1024,128,64,HYBRID-P,pass,3,3,320,31.25,128000,69201664,49152,6144,186368,0.3333333333333333,3,2,54,7.880101445895522,105.26315789473684,data:8192;hist:4096,data:1024;hist:64,data:13;hist:12
1024,128,64,HYBRID-PH,pass,1,1,112,28.0,114688,67104768,32768,6144,432128,0.5,1,1,18,7.641324626865671,94.3157894736842,data:8192,data:1024,data:13
1024,128,64,SCAN-PERMISSION,pass,3,3,320,63.25,259072,69332736,49152,6144,55296,0.25,3,3,54,7.895026819029851,213.05263157894737,data:8192;hist:4096;perm-scan:1024,data:1024;hist:64;perm:128,data:13;hist:12;perm:scan
1024,128,64,SCAN-HISTORY,pass,2,2,200,158.75,650240,68414976,36864,6144,43008,0.3333333333333333,2,3,36,7.790520055970149,534.7368421052631,data:8192;perm:1024;hist-scan:4096,data:1024;perm:128;hist:64,data:13;perm:10;hist:scan
1024,128,64,SCAN-BOTH,pass,1,1,112,188.0,770048,67497984,32768,6144,38912,0.3333333333333333,1,3,18,7.686100746268656,633.2631578947369,data:8192;perm-scan:1024;hist-scan:4096,data:1024;perm:128;hist:64,data:13;perm:scan;hist:scan
1024,128,256,MODULAR-ORAM,leak,3,3,300.0,26.5,108544.0,76540416,53248,6144,59392,0,3,3,54,7.999411386986301,77.0909090909091,data:8192;perm:1024;hist:4096,data:1024;perm:128;hist:256,data:13;perm:10;hist:12
1024,128,256,NAIVE-FIXED,pass,4,4,408,43.75,179200,76540416,53248,6144,59648,0.25,4,3,72,7.999411386986301,127.27272727272727,data:8192;perm:1024;hist:4096,data:1024;perm:128;hist:256,data:13;perm:10;hist:12
1024,128,256,CANONICAL-MODULAR,pass,4,4,408,43.75,179200,76540416,53248,6144,59648,0.25,4,3,72,7.999411386986301,127.27272727272727,data:8192;perm:1024;hist:4096,data:1024;perm:128;hist:256,data:13;perm:10;hist:12
1024,128,256,UNIFIED-FIXED,pass,3,3,360,90.0,368640,134213632,53248,6144,59392,0,3,3,54,14.026969178082192,261.8181818181818,unified:13312,unified:1024,unified:14
1024,128,256,UNIFIED-PACKED,pass,3.0,3.0,312.0,312.0,1277952.0,134201344,12168,6144,18312,0,3,3,54.0,14.025684931506849,907.6363636363636,packed-pages:3042,packed:4096,unified-packed:12
1024,128,256,RANDOMIZED-PARTITION,not_implemented,3.0,6.0,480.0,480.0,1966080.0,134086656,36504,6144,42648,0,6,6,108.0,14.013698630136986,1396.3636363636363,packed-pages:3042,packed:4096,8 partitions:9
1024,128,256,HYBRID-P,pass,3,3,320,41.0,167936,75492352,49152,6144,186368,0.3333333333333333,3,2,54,7.889875856164384,119.27272727272727,data:8192;hist:4096,data:1024;hist:256,data:13;hist:12
1024,128,256,HYBRID-PH,pass,1,1,112,28.0,114688,67104768,32768,6144,1218560,0.5,1,1,18,7.013270547945205,81.45454545454545,data:8192,data:1024,data:13
1024,128,256,SCAN-PERMISSION,pass,3,3,320,73.0,299008,75623424,49152,6144,55296,0.25,3,3,54,7.90357448630137,212.36363636363637,data:8192;hist:4096;perm-scan:1024,data:1024;hist:256;perm:128,data:13;hist:12;perm:scan
1024,128,256,SCAN-HISTORY,pass,2,2,200,542.75,2223104,69201408,36864,6144,43008,0.3333333333333333,2,3,36,7.232395119863014,1578.909090909091,data:8192;perm:1024;hist-scan:4096,data:1024;perm:128;hist:256,data:13;perm:10;hist:scan
1024,128,256,SCAN-BOTH,pass,1,1,112,572.0,2342912,68284416,32768,6144,38912,0.3333333333333333,1,3,18,7.136558219178082,1664.0,data:8192;perm-scan:1024;hist-scan:4096,data:1024;perm:128;hist:256,data:13;perm:scan;hist:scan
1024,128,1024,MODULAR-ORAM,leak,3,3,300.0,55.75,228352.0,101703168,53248,6144,59392,0,3,3,54,7.999315399484536,104.94117647058823,data:8192;perm:1024;hist:4096,data:1024;perm:128;hist:1024,data:13;perm:10;hist:12
1024,128,1024,NAIVE-FIXED,pass,4,4,408,82.75,338944,101703168,53248,6144,59648,0.25,4,3,72,7.999315399484536,155.76470588235293,data:8192;perm:1024;hist:4096,data:1024;perm:128;hist:1024,data:13;perm:10;hist:12
1024,128,1024,CANONICAL-MODULAR,pass,4,4,408,82.75,338944,101703168,53248,6144,59648,0.25,4,3,72,7.999315399484536,155.76470588235293,data:8192;perm:1024;hist:4096,data:1024;perm:128;hist:1024,data:13;perm:10;hist:12
1024,128,1024,UNIFIED-FIXED,pass,3,3,360,90.0,368640,134213632,53248,6144,59392,0,3,3,54,10.556378865979381,169.41176470588235,unified:13312,unified:1024,unified:14
1024,128,1024,UNIFIED-PACKED,pass,3.0,3.0,336.0,336.0,1376256.0,268419072,16536,6144,22680,0,3,3,54.0,21.112113402061855,632.4705882352941,packed-pages:4134,packed:4096,unified-packed:13
1024,128,1024,RANDOMIZED-PARTITION,not_implemented,3.0,6.0,528.0,528.0,2162688.0,268304384,49608,6144,55752,0,6,6,108.0,21.103092783505154,993.8823529411765,packed-pages:4134,packed:4096,8 partitions:10
1024,128,1024,HYBRID-P,pass,3,3,320,80.0,327680,100655104,49152,6144,186368,0.3333333333333333,3,2,54,7.916881443298969,150.58823529411765,data:8192;hist:4096,data:1024;hist:1024,data:13;hist:12
1024,128,1024,HYBRID-PH,pass,1,1,112,28.0,114688,67104768,32768,6144,4364288,0.5,1,1,18,5.278028350515464,52.705882352941174,data:8192,data:1024,data:13
1024,128,1024,SCAN-PERMISSION,pass,3,3,320,112.0,458752,100786176,49152,6144,55296,0.25,3,3,54,7.927190721649485,210.8235294117647,data:8192;hist:4096;perm-scan:1024,data:1024;hist:1024;perm:128,data:13;hist:12;perm:scan
1024,128,1024,SCAN-HISTORY,pass,2,2,200,2078.75,8514560,72347136,36864,6144,43008,0.3333333333333333,2,3,36,5.690359213917525,3912.9411764705883,data:8192;perm:1024;hist-scan:4096,data:1024;perm:128;hist:1024,data:13;perm:10;hist:scan
1024,128,1024,SCAN-BOTH,pass,1,1,112,2108.0,8634368,71430144,32768,6144,38912,0.3333333333333333,1,3,18,5.618234536082475,3968.0,data:8192;perm-scan:1024;hist-scan:4096,data:1024;perm:128;hist:1024,data:13;perm:scan;hist:scan
1024,256,64,MODULAR-ORAM,leak,3,3,300.0,21.9375,89856.0,71297792,53248,6144,59392,0,3,3,54,7.999396829044118,66.85714285714286,data:8192;perm:1024;hist:4096,data:1024;perm:256;hist:64,data:13;perm:10;hist:12
1024,256,64,NAIVE-FIXED,pass,4,4,408,36.75,150528,71297792,53248,6144,59648,0.25,4,3,72,7.999396829044118,112.0,data:8192;perm:1024;hist:4096,data:1024;perm:256;hist:64,data:13;perm:10;hist:12
1024,256,64,CANONICAL-MODULAR,pass,4,4,408,36.75,150528,71297792,53248,6144,59648,0.25,4,3,72,7.999396829044118,112.0,data:8192;perm:1024;hist:4096,data:1024;perm:256;hist:64,data:13;perm:10;hist:12
1024,256,64,UNIFIED-FIXED,pass,3,3,360,90.0,368640,134213632,53248,6144,59392,0,3,3,54,15.058363970588236,274.2857142857143,unified:13312,unified:1024,unified:14
1024,256,64,UNIFIED-PACKED,pass,3.0,3.0,312.0,312.0,1277952.0,134201344,11524,6144,17668,0,3,3,54.0,15.056985294117647,950.8571428571429,packed-pages:2881,packed:4096,unified-packed:12
1024,256,64,RANDOMIZED-PARTITION,not_implemented,3.0,6.0,480.0,480.0,1966080.0,134086656,34572,6144,40716,0,6,6,108.0,15.044117647058824,1462.857142857143,packed-pages:2881,packed:4096,8 partitions:9
1024,256,64,HYBRID-P,pass,3,3,320,31.25,128000,69201664,49152,6144,317440,0.3333333333333333,3,2,54,7.764217601102941,95.23809523809524,data:8192;hist:4096,data:1024;hist:64,data:13;hist:12
1024,256,64,HYBRID-PH,pass,1,1,112,28.0,114688,67104768,32768,6144,563200,0.5,1,1,18,7.528952205882353,85.33333333333333,data:8192,data:1024,data:13
1024,256,64,SCAN-PERMISSION,pass,3,3,320,95.25,390144,69463808,49152,6144,55296,0.25,3,3,54,7.793629365808823,290.2857142857143,data:8192;hist:4096;perm-scan:1024,data:1024;hist:64;perm:256,data:13;hist:12;perm:scan
1024,256,64,SCAN-HISTORY,pass,2,2,200,161.5,661504,69463040,36864,6144,43008,0.3333333333333333,2,3,36,7.793543198529412,492.1904761904762,data:8192;perm:1024;hist-scan:4096,data:1024;perm:256;hist:64,data:13;perm:10;hist:scan
1024,256,64,SCAN-BOTH,pass,1,1,112,220.0,901120,67629056,32768,6144,38912,0.3333333333333333,1,3,18,7.587775735294118,670.4761904761905,data:8192;perm-scan:1024;hist-scan:4096,data:1024;perm:256;hist:64,data:13;perm:scan;hist:scan
1024,256,256,MODULAR-ORAM,leak,3,3,300.0,29.25,119808.0,77588480,53248,6144,59392,0,3,3,54,7.999366554054054,78.0,data:8192;perm:1024;hist:4096,data:1024;perm:256;hist:256,data:13;perm:10;hist:12
1024,256,256,NAIVE-FIXED,pass,4,4,408,46.5,190464,77588480,53248,6144,59648,0.25,4,3,72,7.999366554054054,124.0,data:8192;perm:1024;hist:4096,data:1024;perm:256;hist:256,data:13;perm:10;hist:12
1024,256,256,CANONICAL-MODULAR,pass,4,4,408,46.5,190464,77588480,53248,6144,59648,0.25,4,3,72,7.999366554054054,124.0,data:8192;perm:1024;hist:4096,data:1024;perm:256;hist:256,data:13;perm:10;hist:12
1024,256,256,UNIFIED-FIXED,pass,3,3,360,90.0,368640,134213632,53248,6144,59392,0,3,3,54,13.83741554054054,240.0,unified:13312,unified:1024,unified:14
1024,256,256,UNIFIED-PACKED,pass,3.0,3.0,312.0,312.0,1277952.0,134201344,12296,6144,18440,0,3,3,54.0,13.83614864864865,832.0,packed-pages:3074,packed:4096,unified-packed:12
1024,256,256,RANDOMIZED-PARTITION,not_implemented,3.0,6.0,480.0,480.0,1966080.0,134086656,36888,6144,43032,0,6,6,108.0,13.824324324324325,1280.0,packed-pages:3074,packed:4096,8 partitions:9
1024,256,256,HYBRID-P,pass,3,3,320,41.0,167936,75492352,49152,6144,317440,0.3333333333333333,3,2,54,7.783255912162162,109.33333333333333,data:8192;hist:4096,data:1024;hist:256,data:13;hist:12
1024,256,256,HYBRID-PH,pass,1,1,112,28.0,114688,67104768,32768,6144,1349632,0.5,1,1,18,6.918496621621622,74.66666666666667,data:8192,data:1024,data:13
1024,256,256,SCAN-PERMISSION,pass,3,3,320,105.0,430080,75754496,49152,6144,55296,0.25,3,3,54,7.8102829391891895,280.0,data:8192;hist:4096;perm-scan:1024,data:1024;hist:256;perm:256,data:13;hist:12;perm:scan
1024,256,256,SCAN-HISTORY,pass,2,2,200,545.5,2234368,70249472,36864,6144,43008,0.3333333333333333,2,3,36,7.242715371621622,1454.6666666666667,data:8192;perm:1024;hist-scan:4096,data:1024;perm:256;hist:256,data:13;perm:10;hist:scan
1024,256,256,SCAN-BOTH,pass,1,1,112,604.0,2473984,68415488,32768,6144,38912,0.3333333333333333,1,3,18,7.053631756756757,1610.6666666666667,data:8192;perm-scan:1024;hist-scan:4096,data:1024;perm:256;hist:256,data:13;perm:scan;hist:scan
1024,256,1024,MODULAR-ORAM,leak,3,3,300.0,58.5,239616.0,102751232,53248,6144,59392,0,3,3,54,7.999282525510204,104.0,data:8192;perm:1024;hist:4096,data:1024;perm:256;hist:1024,data:13;perm:10;hist:12
1024,256,1024,NAIVE-FIXED,pass,4,4,408,85.5,350208,102751232,53248,6144,59648,0.25,4,3,72,7.999282525510204,152.0,data:8192;perm:1024;hist:4096,data:1024;perm:256;hist:1024,data:13;perm:10;hist:12
1024,256,1024,CANONICAL-MODULAR,pass,4,4,408,85.5,350208,102751232,53248,6144,59648,0.25,4,3,72,7.999282525510204,152.0,data:8192;perm:1024;hist:4096,data:1024;perm:256;hist:1024,data:13;perm:10;hist:12
1024,256,1024,UNIFIED-FIXED,pass,3,3,360,90.0,368640,134213632,53248,6144,59392,0,3,3,54,10.448660714285714,160.0,unified:13312,unified:1024,unified:14
1024,256,1024,UNIFIED-PACKED,pass,3.0,3.0,336.0,336.0,1376256.0,268419072,16664,6144,22808,0,3,3,54.0,20.896683673469386,597.3333333333334,packed-pages:4166,packed:4096,unified-packed:13
1024,256,1024,RANDOMIZED-PARTITION,not_implemented,3.0,6.0,528.0,528.0,2162688.0,268304384,49992,6144,56136,0,6,6,108.0,20.887755102040817,938.6666666666666,packed-pages:4166,packed:4096,8 partitions:10
1024,256,1024,HYBRID-P,pass,3,3,320,80.0,327680,100655104,49152,6144,317440,0.3333333333333333,3,2,54,7.83609693877551,142.22222222222223,data:8192;hist:4096,data:1024;hist:1024,data:13;hist:12
1024,256,1024,HYBRID-PH,pass,1,1,112,28.0,114688,67104768,32768,6144,4495360,0.5,1,1,18,5.224170918367347,49.77777777777778,data:8192,data:1024,data:13
1024,256,1024,SCAN-PERMISSION,pass,3,3,320,144.0,589824,100917248,49152,6144,55296,0.25,3,3,54,7.856505102040816,256.0,data:8192;hist:4096;perm-scan:1024,data:1024;hist:1024;perm:256,data:13;hist:12;perm:scan
1024,256,1024,SCAN-HISTORY,pass,2,2,200,2081.5,8525824,73395200,36864,6144,43008,0.3333333333333333,2,3,36,5.713887117346939,3700.4444444444443,data:8192;perm:1024;hist-scan:4096,data:1024;perm:256;hist:1024,data:13;perm:10;hist:scan
1024,256,1024,SCAN-BOTH,pass,1,1,112,2140.0,8765440,71561216,32768,6144,38912,0.3333333333333333,1,3,18,5.571109693877551,3804.4444444444443,data:8192;perm-scan:1024;hist-scan:4096,data:1024;perm:256;hist:1024,data:13;perm:scan;hist:scan
1024,512,64,MODULAR-ORAM,leak,3,3,300.0,27.4375,112384.0,73393920,53248,6144,59392,0,3,3,54,7.999302455357143,70.24,data:8192;perm:1024;hist:4096,data:1024;perm:512;hist:64,data:13;perm:10;hist:12
1024,512,64,NAIVE-FIXED,pass,4,4,408,42.25,173056,73393920,53248,6144,59648,0.25,4,3,72,7.999302455357143,108.16,data:8192;perm:1024;hist:4096,data:1024;perm:512;hist:64,data:13;perm:10;hist:12
1024,512,64,CANONICAL-MODULAR,pass,4,4,408,42.25,173056,73393920,53248,6144,59648,0.25,4,3,72,7.999302455357143,108.16,data:8192;perm:1024;hist:4096,data:1024;perm:512;hist:64,data:13;perm:10;hist:12
1024,512,64,UNIFIED-FIXED,pass,3,3,360,90.0,368640,134213632,53248,6144,59392,0,3,3,54,14.628125,230.4,unified:13312,unified:1024,unified:14
1024,512,64,UNIFIED-PACKED,pass,3.0,3.0,312.0,312.0,1277952.0,134201344,11836,6144,17980,0,3,3,54.0,14.626785714285715,798.72,packed-pages:2959,packed:4096,unified-packed:12
1024,512,64,RANDOMIZED-PARTITION,not_implemented,3.0,6.0,480.0,480.0,1966080.0,134086656,35508,6144,41652,0,6,6,108.0,14.614285714285714,1228.8,packed-pages:2959,packed:4096,8 partitions:9
1024,512,64,HYBRID-P,pass,3,3,320,31.25,128000,69201664,49152,6144,579584,0.3333333333333333,3,2,54,7.5423828125,80.0,data:8192;hist:4096,data:1024;hist:64,data:13;hist:12
1024,512,64,HYBRID-PH,pass,1,1,112,28.0,114688,67104768,32768,6144,825344,0.5,1,1,18,7.313839285714286,71.68,data:8192,data:1024,data:13
1024,512,64,SCAN-PERMISSION,pass,3,3,320,159.25,652288,69725952,49152,6144,55296,0.25,3,3,54,7.5995256696428575,407.68,data:8192;hist:4096;perm-scan:1024,data:1024;hist:64;perm:512,data:13;hist:12;perm:scan
1024,512,64,SCAN-HISTORY,pass,2,2,200,167.0,684032,71559168,36864,6144,43008,0.3333333333333333,2,3,36,7.799330357142857,427.52,data:8192;perm:1024;hist-scan:4096,data:1024;perm:512;hist:64,data:13;perm:10;hist:scan
1024,512,64,SCAN-BOTH,pass,1,1,112,284.0,1163264,67891200,32768,6144,38912,0.3333333333333333,1,3,18,7.399553571428571,727.04,data:8192;perm-scan:1024;hist-scan:4096,data:1024;perm:512;hist:64,data:13;perm:scan;hist:scan
1024,512,256,MODULAR-ORAM,leak,3,3,300.0,34.75,142336.0,79684608,53248,6144,59392,0,3,3,54,7.999280427631579,79.42857142857143,data:8192;perm:1024;hist:4096,data:1024;perm:512;hist:256,data:13;perm:10;hist:12
1024,512,256,NAIVE-FIXED,pass,4,4,408,52.0,212992,79684608,53248,6144,59648,0.25,4,3,72,7.999280427631579,118.85714285714286,data:8192;perm:1024;hist:4096,data:1024;perm:512;hist:256,data:13;perm:10;hist:12
1024,512,256,CANONICAL-MODULAR,pass,4,4,408,52.0,212992,79684608,53248,6144,59648,0.25,4,3,72,7.999280427631579,118.85714285714286,data:8192;perm:1024;hist:4096,data:1024;perm:512;hist:256,data:13;perm:10;hist:12
1024,512,256,UNIFIED-FIXED,pass,3,3,360,90.0,368640,134213632,53248,6144,59392,0,3,3,54,13.47327302631579,205.71428571428572,unified:13312,unified:1024,unified:14
1024,512,256,UNIFIED-PACKED,pass,3.0,3.0,312.0,312.0,1277952.0,134201344,12608,6144,18752,0,3,3,54.0,13.47203947368421,713.1428571428571,packed-pages:3152,packed:4096,unified-packed:12
1024,512,256,RANDOMIZED-PARTITION,not_implemented,3.0,6.0,480.0,480.0,1966080.0,134086656,37824,6144,43968,0,6,6,108.0,13.460526315789474,1097.142857142857,packed-pages:3152,packed:4096,8 partitions:9
1024,512,256,HYBRID-P,pass,3,3,320,41.0,167936,75492352,49152,6144,579584,0.3333333333333333,3,2,54,7.578433388157895,93.71428571428571,data:8192;hist:4096,data:1024;hist:256,data:13;hist:12
1024,512,256,HYBRID-PH,pass,1,1,112,28.0,114688,67104768,32768,6144,1611776,0.5,1,1,18,6.736430921052632,64.0,data:8192,data:1024,data:13
1024,512,256,SCAN-PERMISSION,pass,3,3,320,169.0,692224,76016640,49152,6144,55296,0.25,3,3,54,7.631064967105263,386.2857142857143,data:8192;hist:4096;perm-scan:1024,data:1024;hist:256;perm:512,data:13;hist:12;perm:scan
1024,512,256,SCAN-HISTORY,pass,2,2,200,551.0,2256896,72345600,36864,6144,43008,0.3333333333333333,2,3,36,7.262541118421052,1259.4285714285713,data:8192;perm:1024;hist-scan:4096,data:1024;perm:512;hist:256,data:13;perm:10;hist:scan
1024,512,256,SCAN-BOTH,pass,1,1,112,668.0,2736128,68677632,32768,6144,38912,0.3333333333333333,1,3,18,6.894325657894737,1526.857142857143,data:8192;perm-scan:1024;hist-scan:4096,data:1024;perm:512;hist:256,data:13;perm:scan;hist:scan
1024,512,1024,MODULAR-ORAM,leak,3,3,300.0,64.0,262144.0,104847360,53248,6144,59392,0,3,3,54,7.99921875,102.4,data:8192;perm:1024;hist:4096,data:1024;perm:512;hist:1024,data:13;perm:10;hist:12
1024,512,1024,NAIVE-FIXED,pass,4,4,408,91.0,372736,104847360,53248,6144,59648,0.25,4,3,72,7.99921875,145.6,data:8192;perm:1024;hist:4096,data:1024;perm:512;hist:1024,data:13;perm:10;hist:12
1024,512,1024,CANONICAL-MODULAR,pass,4,4,408,91.0,372736,104847360,53248,6144,59648,0.25,4,3,72,7.99921875,145.6,data:8192;perm:1024;hist:4096,data:1024;perm:512;hist:1024,data:13;perm:10;hist:12
1024,512,1024,UNIFIED-FIXED,pass,3,3,360,90.0,368640,134213632,53248,6144,59392,0,3,3,54,10.2396875,144.0,unified:13312,unified:1024,unified:14
1024,512,1024,UNIFIED-PACKED,pass,3.0,3.0,336.0,336.0,1376256.0,268419072,16976,6144,23120,0,3,3,54.0,20.47875,537.6,packed-pages:4244,packed:4096,unified-packed:13
1024,512,1024,RANDOMIZED-PARTITION,not_implemented,3.0,6.0,528.0,528.0,2162688.0,268304384,50928,6144,57072,0,6,6,108.0,20.47,844.8,packed-pages:4244,packed:4096,8 partitions:10
1024,512,1024,HYBRID-P,pass,3,3,320,80.0,327680,100655104,49152,6144,579584,0.3333333333333333,3,2,54,7.679375,128.0,data:8192;hist:4096,data:1024;hist:1024,data:13;hist:12
1024,512,1024,HYBRID-PH,pass,1,1,112,28.0,114688,67104768,32768,6144,4757504,0.5,1,1,18,5.1196875,44.8,data:8192,data:1024,data:13
1024,512,1024,SCAN-PERMISSION,pass,3,3,320,208.0,851968,101179392,49152,6144,55296,0.25,3,3,54,7.719375,332.8,data:8192;hist:4096;perm-scan:1024,data:1024;hist:1024;perm:512,data:13;hist:12;perm:scan
1024,512,1024,SCAN-HISTORY,pass,2,2,200,2087.0,8548352,75491328,36864,6144,43008,0.3333333333333333,2,3,36,5.75953125,3339.2,data:8192;perm:1024;hist-scan:4096,data:1024;perm:512;hist:1024,data:13;perm:10;hist:scan
1024,512,1024,SCAN-BOTH,pass,1,1,112,2204.0,9027584,71823360,32768,6144,38912,0.3333333333333333,1,3,18,5.4796875,3526.4,data:8192;perm-scan:1024;hist-scan:4096,data:1024;perm:512;hist:1024,data:13;perm:scan;hist:scan
4096,64,64,MODULAR-ORAM,leak,3,3,300.0,59.8125,244992.0,271040000,53248,24576,77824,0,3,3,54,7.999501329787234,58.0,data:8192;perm:1024;hist:4096,data:4096;perm:64;hist:64,data:13;perm:10;hist:12
4096,64,64,NAIVE-FIXED,pass,4,4,408,116.625,477696,271040000,53248,24576,78080,0.25,4,3,72,7.999501329787234,113.0909090909091,data:8192;perm:1024;hist:4096,data:4096;perm:64;hist:64,data:13;perm:10;hist:12
4096,64,64,CANONICAL-MODULAR,pass,4,4,408,116.625,477696,271040000,53248,24576,78080,0.25,4,3,72,7.999501329787234,113.0909090909091,data:8192;perm:1024;hist:4096,data:4096;perm:64;hist:64,data:13;perm:10;hist:12
4096,64,64,UNIFIED-FIXED,pass,3,3,360,360.0,1474560,536854528,53248,24576,77824,0,3,3,54,15.844777562862669,349.09090909090907,unified:13312,unified:4096,unified:14
4096,64,64,UNIFIED-PACKED,pass,3.0,3.0,360.0,360.0,1474560.0,536854528,33176,24576,57752,0,3,3,54.0,15.844777562862669,349.09090909090907,packed-pages:8294,packed:4096,unified-packed:14
4096,64,64,RANDOMIZED-PARTITION,not_implemented,3.0,6.0,576.0,576.0,2359296.0,536739840,99528,24576,124104,0,6,6,108.0,15.841392649903288,558.5454545454545,packed-pages:8294,packed:4096,8 partitions:11
4096,64,64,HYBRID-P,pass,3,3,320,115.25,472064,270515968,49152,24576,139264,0.3333333333333333,3,2,54,7.984034997582205,111.75757575757575,data:8192;hist:4096,data:4096;hist:64,data:13;hist:12
4096,64,64,HYBRID-PH,pass,1,1,112,112.0,458752,268419072,32768,24576,385024,0.5,1,1,18,7.922147001934236,108.60606060606061,data:8192,data:4096,data:13
4096,64,64,SCAN-PERMISSION,pass,3,3,320,131.25,537600,270581504,49152,24576,73728,0.25,3,3,54,7.985969233558994,127.27272727272727,data:8192;hist:4096;perm-scan:1024,data:4096;hist:64;perm:64,data:13;hist:12;perm:scan
4096,64,64,SCAN-HISTORY,pass,2,2,200,241.375,988672,269205248,36864,24576,61440,0.3333333333333333,2,3,36,7.945350278046422,234.06060606060606,data:8192;perm:1024;hist-scan:4096,data:4096;perm:64;hist:64,data:13;perm:10;hist:scan
4096,64,64,SCAN-BOTH,pass,1,1,112,256.0,1048576,268746752,32768,24576,57344,0.3333333333333333,1,3,18,7.931818181818182,248.24242424242425,data:8192;perm-scan:1024;hist-scan:4096,data:4096;perm:64;hist:64,data:13;perm:scan;hist:scan
4096,64,256,MODULAR-ORAM,leak,3,3,300.0,67.125,274944.0,277330688,53248,24576,77824,0,3,3,54,7.999490489130435,62.26086956521739,data:8192;perm:1024;hist:4096,data:4096;perm:64;hist:256,data:13;perm:10;hist:12
4096,64,256,NAIVE-FIXED,pass,4,4,408,126.375,517632,277330688,53248,24576,78080,0.25,4,3,72,7.999490489130435,117.21739130434783,data:8192;perm:1024;hist:4096,data:4096;perm:64;hist:256,data:13;perm:10;hist:12
4096,64,256,CANONICAL-MODULAR,pass,4,4,408,126.375,517632,277330688,53248,24576,78080,0.25,4,3,72,7.999490489130435,117.21739130434783,data:8192;perm:1024;hist:4096,data:4096;perm:64;hist:256,data:13;perm:10;hist:12
4096,64,256,UNIFIED-FIXED,pass,3,3,360,360.0,1474560,536854528,53248,24576,77824,0,3,3,54,15.485349716446125,333.9130434782609,unified:13312,unified:4096,unified:14
4096,64,256,UNIFIED-PACKED,pass,3.0,3.0,360.0,360.0,1474560.0,536854528,33948,24576,58524,0,3,3,54.0,15.485349716446125,333.9130434782609,packed-pages:8487,packed:4096,unified-packed:14
4096,64,256,RANDOMIZED-PARTITION,not_implemented,3.0,6.0,576.0,576.0,2359296.0,536739840,101844,24576,126420,0,6,6,108.0,15.482041587901701,534.2608695652174,packed-pages:8487,packed:4096,8 partitions:11
4096,64,256,HYBRID-P,pass,3,3,320,125.0,512000,276806656,49152,24576,139264,0.3333333333333333,3,2,54,7.984375,115.94202898550725,data:8192;hist:4096,data:4096;hist:256,data:13;hist:12
4096,64,256,HYBRID-PH,pass,1,1,112,112.0,458752,268419072,32768,24576,1171456,0.5,1,1,18,7.742438563327032,103.8840579710145,data:8192,data:4096,data:13
4096,64,256,SCAN-PERMISSION,pass,3,3,320,141.0,577536,276872192,49152,24576,73728,0.25,3,3,54,7.986265359168242,130.7826086956522,data:8192;hist:4096;perm-scan:1024,data:4096;hist:256;perm:64,data:13;hist:12;perm:scan
4096,64,256,SCAN-HISTORY,pass,2,2,200,625.375,2561536,269991680,36864,24576,61440,0.3333333333333333,2,3,36,7.787799799149338,580.0579710144928,data:8192;perm:1024;hist-scan:4096,data:4096;perm:64;hist:256,data:13;perm:10;hist:scan
4096,64,256,SCAN-BOTH,pass,1,1,112,640.0,2621440,269533184,32768,24576,57344,0.3333333333333333,1,3,18,7.774574669187145,593.6231884057971,data:8192;perm-scan:1024;hist-scan:4096,data:4096;perm:64;hist:256,data:13;perm:scan;hist:scan
4096,64,1024,MODULAR-ORAM,leak,3,3,300.0,96.375,394752.0,302493440,53248,24576,77824,0,3,3,54,7.999451635615252,76.14814814814815,data:8192;perm:1024;hist:4096,data:4096;perm:64;hist:1024,data:13;perm:10;hist:12
4096,64,1024,NAIVE-FIXED,pass,4,4,408,165.375,677376,302493440,53248,24576,78080,0.25,4,3,72,7.999451635615252,130.66666666666666,data:8192;perm:1024;hist:4096,data:4096;perm:64;hist:1024,data:13;perm:10;hist:12
4096,64,1024,CANONICAL-MODULAR,pass,4,4,408,165.375,677376,302493440,53248,24576,78080,0.25,4,3,72,7.999451635615252,130.66666666666666,data:8192;perm:1024;hist:4096,data:4096;perm:64;hist:1024,data:13;perm:10;hist:12
4096,64,1024,UNIFIED-FIXED,pass,3,3,360,360.0,1474560,536854528,53248,24576,77824,0,3,3,54,14.197140381282496,284.44444444444446,unified:13312,unified:4096,unified:14
4096,64,1024,UNIFIED-PACKED,pass,3.0,3.0,360.0,360.0,1474560.0,536854528,38316,24576,62892,0,3,3,54.0,14.197140381282496,284.44444444444446,packed-pages:9579,packed:4096,unified-packed:14
4096,64,1024,RANDOMIZED-PARTITION,not_implemented,3.0,6.0,576.0,576.0,2359296.0,536739840,114948,24576,139524,0,6,6,108.0,14.194107452339688,455.1111111111111,packed-pages:9579,packed:4096,8 partitions:11
4096,64,1024,HYBRID-P,pass,3,3,320,164.0,671744,301969408,49152,24576,139264,0.3333333333333333,3,2,54,7.985593587521664,129.58024691358025,data:8192;hist:4096,data:4096;hist:1024,data:13;hist:12
4096,64,1024,HYBRID-PH,pass,1,1,112,112.0,458752,268419072,32768,24576,4317184,0.5,1,1,18,7.098353552859619,88.49382716049382,data:8192,data:4096,data:13
4096,64,1024,SCAN-PERMISSION,pass,3,3,320,180.0,737280,302034944,49152,24576,73728,0.25,3,3,54,7.987326689774696,142.22222222222223,data:8192;hist:4096;perm-scan:1024,data:4096;hist:1024;perm:64,data:13;hist:12;perm:scan
4096,64,1024,SCAN-HISTORY,pass,2,2,200,2161.375,8852992,273137408,36864,24576,61440,0.3333333333333333,2,3,36,7.223130145147314,1707.7530864197531,data:8192;perm:1024;hist-scan:4096,data:4096;perm:64;hist:1024,data:13;perm:10;hist:scan
4096,64,1024,SCAN-BOTH,pass,1,1,112,2176.0,8912896,272678912,32768,24576,57344,0.3333333333333333,1,3,18,7.211005199306759,1719.3086419753085,data:8192;perm-scan:1024;hist-scan:4096,data:4096;perm:64;hist:1024,data:13;perm:scan;hist:scan
4096,128,64,MODULAR-ORAM,leak,3,3,300.0,61.1875,250624.0,271564032,53248,24576,77824,0,3,3,54,7.999494751447877,58.44776119402985,data:8192;perm:1024;hist:4096,data:4096;perm:128;hist:64,data:13;perm:10;hist:12
4096,128,64,NAIVE-FIXED,pass,4,4,408,118.0,483328,271564032,53248,24576,78080,0.25,4,3,72,7.999494751447877,112.71641791044776,data:8192;perm:1024;hist:4096,data:4096;perm:128;hist:64,data:13;perm:10;hist:12
4096,128,64,CANONICAL-MODULAR,pass,4,4,408,118.0,483328,271564032,53248,24576,78080,0.25,4,3,72,7.999494751447877,112.71641791044776,data:8192;perm:1024;hist:4096,data:4096;perm:128;hist:64,data:13;perm:10;hist:12
4096,128,64,UNIFIED-FIXED,pass,3,3,360,360.0,1474560,536854528,53248,24576,77824,0,3,3,54,15.81418918918919,343.8805970149254,unified:13312,unified:4096,unified:14
4096,128,64,UNIFIED-PACKED,pass,3.0,3.0,360.0,360.0,1474560.0,536854528,33240,24576,57816,0,3,3,54.0,15.81418918918919,343.8805970149254,packed-pages:8310,packed:4096,unified-packed:14
4096,128,64,RANDOMIZED-PARTITION,not_implemented,3.0,6.0,576.0,576.0,2359296.0,536739840,99720,24576,124296,0,6,6,108.0,15.81081081081081,550.2089552238806,packed-pages:8310,packed:4096,8 partitions:11
4096,128,64,HYBRID-P,pass,3,3,320,115.25,472064,270515968,49152,24576,204800,0.3333333333333333,3,2,54,7.968621802606178,110.08955223880596,data:8192;hist:4096,data:4096;hist:64,data:13;hist:12
4096,128,64,HYBRID-PH,pass,1,1,112,112.0,458752,268419072,32768,24576,450560,0.5,1,1,18,7.906853281853282,106.98507462686567,data:8192,data:4096,data:13
4096,128,64,SCAN-PERMISSION,pass,3,3,320,147.25,603136,270647040,49152,24576,73728,0.25,3,3,54,7.972482806467181,140.65671641791045,data:8192;hist:4096;perm-scan:1024,data:4096;hist:64;perm:128,data:13;hist:12;perm:scan
4096,128,64,SCAN-HISTORY,pass,2,2,200,242.75,994304,269729280,36864,24576,61440,0.3333333333333333,2,3,36,7.945448238416988,231.88059701492537,data:8192;perm:1024;hist-scan:4096,data:4096;perm:128;hist:64,data:13;perm:10;hist:scan
4096,128,64,SCAN-BOTH,pass,1,1,112,272.0,1114112,268812288,32768,24576,57344,0.3333333333333333,1,3,18,7.918436293436294,259.82089552238807,data:8192;perm-scan:1024;hist-scan:4096,data:4096;perm:128;hist:64,data:13;perm:scan;hist:scan
4096,128,256,MODULAR-ORAM,leak,3,3,300.0,68.5,280576.0,277854720,53248,24576,77824,0,3,3,54,7.9994840801886795,62.628571428571426,data:8192;perm:1024;hist:4096,data:4096;perm:128;hist:256,data:13;perm:10;hist:12
4096,128,256,NAIVE-FIXED,pass,4,4,408,127.75,523264,277854720,53248,24576,78080,0.25,4,3,72,7.9994840801886795,116.8,data:8192;perm:1024;hist:4096,data:4096;perm:128;hist:256,data:13;perm:10;hist:12
4096,128,256,CANONICAL-MODULAR,pass,4,4,408,127.75,523264,277854720,53248,24576,78080,0.25,4,3,72,7.9994840801886795,116.8,data:8192;perm:1024;hist:4096,data:4096;perm:128;hist:256,data:13;perm:10;hist:12
4096,128,256,UNIFIED-FIXED,pass,3,3,360,360.0,1474560,536854528,53248,24576,77824,0,3,3,54,15.456132075471698,329.14285714285717,unified:13312,unified:4096,unified:14
4096,128,256,UNIFIED-PACKED,pass,3.0,3.0,360.0,360.0,1474560.0,536854528,34012,24576,58588,0,3,3,54.0,15.456132075471698,329.14285714285717,packed-pages:8503,packed:4096,unified-packed:14
4096,128,256,RANDOMIZED-PARTITION,not_implemented,3.0,6.0,576.0,576.0,2359296.0,536739840,102036,24576,126612,0,6,6,108.0,15.452830188679245,526.6285714285714,packed-pages:8503,packed:4096,8 partitions:11
4096,128,256,HYBRID-P,pass,3,3,320,125.0,512000,276806656,49152,24576,204800,0.3333333333333333,3,2,54,7.969310141509434,114.28571428571429,data:8192;hist:4096,data:4096;hist:256,data:13;hist:12
4096,128,256,HYBRID-PH,pass,1,1,112,112.0,458752,268419072,32768,24576,1236992,0.5,1,1,18,7.7278301886792455,102.4,data:8192,data:4096,data:13
4096,128,256,SCAN-PERMISSION,pass,3,3,320,157.0,643072,276937728,49152,24576,73728,0.25,3,3,54,7.973083726415094,143.54285714285714,data:8192;hist:4096;perm-scan:1024,data:4096;hist:256;perm:128,data:13;hist:12;perm:scan
4096,128,256,SCAN-HISTORY,pass,2,2,200,626.75,2567168,270515712,36864,24576,61440,0.3333333333333333,2,3,36,7.7881928066037736,573.0285714285715,data:8192;perm:1024;hist-scan:4096,data:4096;perm:128;hist:256,data:13;perm:10;hist:scan
4096,128,256,SCAN-BOTH,pass,1,1,112,656.0,2686976,269598720,32768,24576,57344,0.3333333333333333,1,3,18,7.761792452830188,599.7714285714286,data:8192;perm-scan:1024;hist-scan:4096,data:4096;perm:128;hist:256,data:13;perm:scan;hist:scan
4096,128,1024,MODULAR-ORAM,leak,3,3,300.0,97.75,400384.0,303017472,53248,24576,77824,0,3,3,54,7.999445826124568,76.29268292682927,data:8192;perm:1024;hist:4096,data:4096;perm:128;hist:1024,data:13;perm:10;hist:12
4096,128,1024,NAIVE-FIXED,pass,4,4,408,166.75,683008,303017472,53248,24576,78080,0.25,4,3,72,7.999445826124568,130.14634146341464,data:8192;perm:1024;hist:4096,data:4096;perm:128;hist:1024,data:13;perm:10;hist:12
4096,128,1024,CANONICAL-MODULAR,pass,4,4,408,166.75,683008,303017472,53248,24576,78080,0.25,4,3,72,7.999445826124568,130.14634146341464,data:8192;perm:1024;hist:4096,data:4096;perm:128;hist:1024,data:13;perm:10;hist:12
4096,128,1024,UNIFIED-FIXED,pass,3,3,360,360.0,1474560,536854528,53248,24576,77824,0,3,3,54,14.17257785467128,280.9756097560976,unified:13312,unified:4096,unified:14
4096,128,1024,UNIFIED-PACKED,pass,3.0,3.0,360.0,360.0,1474560.0,536854528,38380,24576,62956,0,3,3,54.0,14.17257785467128,280.9756097560976,packed-pages:9595,packed:4096,unified-packed:14
4096,128,1024,RANDOMIZED-PARTITION,not_implemented,3.0,6.0,576.0,576.0,2359296.0,536739840,115140,24576,139716,0,6,6,108.0,14.16955017301038,449.5609756097561,packed-pages:9595,packed:4096,8 partitions:11
4096,128,1024,HYBRID-P,pass,3,3,320,164.0,671744,301969408,49152,24576,204800,0.3333333333333333,3,2,54,7.9717776816609,128.0,data:8192;hist:4096,data:4096;hist:1024,data:13;hist:12
4096,128,1024,HYBRID-PH,pass,1,1,112,112.0,458752,268419072,32768,24576,4382720,0.5,1,1,18,7.086072664359862,87.41463414634147,data:8192,data:4096,data:13
4096,128,1024,SCAN-PERMISSION,pass,3,3,320,196.0,802816,302100480,49152,24576,73728,0.25,3,3,54,7.975237889273356,152.97560975609755,data:8192;hist:4096;perm-scan:1024,data:4096;hist:1024;perm:128,data:13;hist:12;perm:scan
4096,128,1024,SCAN-HISTORY,pass,2,2,200,2162.75,8858624,273661440,36864,24576,61440,0.3333333333333333,2,3,36,7.224467452422146,1688.0,data:8192;perm:1024;hist-scan:4096,data:4096;perm:128;hist:1024,data:13;perm:10;hist:scan
4096,128,1024,SCAN-BOTH,pass,1,1,112,2192.0,8978432,272744448,32768,24576,57344,0.3333333333333333,1,3,18,7.200259515570934,1710.8292682926829,data:8192;perm-scan:1024;hist-scan:4096,data:4096;perm:128;hist:1024,data:13;perm:scan;hist:scan
4096,256,64,MODULAR-ORAM,leak,3,3,300.0,63.9375,261888.0,272612096,53248,24576,77824,0,3,3,54,7.999481670673077,59.30434782608695,data:8192;perm:1024;hist:4096,data:4096;perm:256;hist:64,data:13;perm:10;hist:12
4096,256,64,NAIVE-FIXED,pass,4,4,408,120.75,494592,272612096,53248,24576,78080,0.25,4,3,72,7.999481670673077,112.0,data:8192;perm:1024;hist:4096,data:4096;perm:256;hist:64,data:13;perm:10;hist:12
4096,256,64,CANONICAL-MODULAR,pass,4,4,408,120.75,494592,272612096,53248,24576,78080,0.25,4,3,72,7.999481670673077,112.0,data:8192;perm:1024;hist:4096,data:4096;perm:256;hist:64,data:13;perm:10;hist:12
4096,256,64,UNIFIED-FIXED,pass,3,3,360,360.0,1474560,536854528,53248,24576,77824,0,3,3,54,15.753365384615385,333.9130434782609,unified:13312,unified:4096,unified:14
4096,256,64,UNIFIED-PACKED,pass,3.0,3.0,360.0,360.0,1474560.0,536854528,33368,24576,57944,0,3,3,54.0,15.753365384615385,333.9130434782609,packed-pages:8342,packed:4096,unified-packed:14
4096,256,64,RANDOMIZED-PARTITION,not_implemented,3.0,6.0,576.0,576.0,2359296.0,536739840,100104,24576,124680,0,6,6,108.0,15.75,534.2608695652174,packed-pages:8342,packed:4096,8 partitions:11
4096,256,64,HYBRID-P,pass,3,3,320,115.25,472064,270515968,49152,24576,335872,0.3333333333333333,3,2,54,7.937973257211539,106.89855072463769,data:8192;hist:4096,data:4096;hist:64,data:13;hist:12
4096,256,64,HYBRID-PH,pass,1,1,112,112.0,458752,268419072,32768,24576,581632,0.5,1,1,18,7.876442307692308,103.8840579710145,data:8192,data:4096,data:13
4096,256,64,SCAN-PERMISSION,pass,3,3,320,179.25,734208,270778112,49152,24576,73728,0.25,3,3,54,7.945665564903846,166.2608695652174,data:8192;hist:4096;perm-scan:1024,data:4096;hist:64;perm:256,data:13;hist:12;perm:scan
4096,256,64,SCAN-HISTORY,pass,2,2,200,245.5,1005568,270777344,36864,24576,61440,0.3333333333333333,2,3,36,7.9456430288461535,227.71014492753622,data:8192;perm:1024;hist-scan:4096,data:4096;perm:256;hist:64,data:13;perm:10;hist:scan
4096,256,64,SCAN-BOTH,pass,1,1,112,304.0,1245184,268943360,32768,24576,57344,0.3333333333333333,1,3,18,7.891826923076923,281.9710144927536,data:8192;perm-scan:1024;hist-scan:4096,data:4096;perm:256;hist:64,data:13;perm:scan;hist:scan
4096,256,256,MODULAR-ORAM,leak,3,3,300.0,71.25,291840.0,278902784,53248,24576,77824,0,3,3,54,7.999471334586466,63.333333333333336,data:8192;perm:1024;hist:4096,data:4096;perm:256;hist:256,data:13;perm:10;hist:12
4096,256,256,NAIVE-FIXED,pass,4,4,408,130.5,534528,278902784,53248,24576,78080,0.25,4,3,72,7.999471334586466,116.0,data:8192;perm:1024;hist:4096,data:4096;perm:256;hist:256,data:13;perm:10;hist:12
4096,256,256,CANONICAL-MODULAR,pass,4,4,408,130.5,534528,278902784,53248,24576,78080,0.25,4,3,72,7.999471334586466,116.0,data:8192;perm:1024;hist:4096,data:4096;perm:256;hist:256,data:13;perm:10;hist:12
4096,256,256,UNIFIED-FIXED,pass,3,3,360,360.0,1474560,536854528,53248,24576,77824,0,3,3,54,15.398026315789474,320.0,unified:13312,unified:4096,unified:14
4096,256,256,UNIFIED-PACKED,pass,3.0,3.0,360.0,360.0,1474560.0,536854528,34140,24576,58716,0,3,3,54.0,15.398026315789474,320.0,packed-pages:8535,packed:4096,unified-packed:14
4096,256,256,RANDOMIZED-PARTITION,not_implemented,3.0,6.0,576.0,576.0,2359296.0,536739840,102420,24576,126996,0,6,6,108.0,15.394736842105264,512.0,packed-pages:8535,packed:4096,8 partitions:11
4096,256,256,HYBRID-P,pass,3,3,320,125.0,512000,276806656,49152,24576,335872,0.3333333333333333,3,2,54,7.939350328947368,111.11111111111111,data:8192;hist:4096,data:4096;hist:256,data:13;hist:12
4096,256,256,HYBRID-PH,pass,1,1,112,112.0,458752,268419072,32768,24576,1368064,0.5,1,1,18,7.698778195488722,99.55555555555556,data:8192,data:4096,data:13
4096,256,256,SCAN-PERMISSION,pass,3,3,320,189.0,774144,277068800,49152,24576,73728,0.25,3,3,54,7.94686912593985,168.0,data:8192;hist:4096;perm-scan:1024,data:4096;hist:256;perm:256,data:13;hist:12;perm:scan
4096,256,256,SCAN-HISTORY,pass,2,2,200,629.5,2578432,271563776,36864,24576,61440,0.3333333333333333,2,3,36,7.788974389097745,559.5555555555555,data:8192;perm:1024;hist-scan:4096,data:4096;perm:256;hist:256,data:13;perm:10;hist:scan
4096,256,256,SCAN-BOTH,pass,1,1,112,688.0,2818048,269729792,32768,24576,57344,0.3333333333333333,1,3,18,7.736372180451128,611.5555555555555,data:8192;perm-scan:1024;hist-scan:4096,data:4096;perm:256;hist:256,data:13;perm:scan;hist:scan
4096,256,1024,MODULAR-ORAM,leak,3,3,300.0,100.5,411648.0,304065536,53248,24576,77824,0,3,3,54,7.999434267241379,76.57142857142857,data:8192;perm:1024;hist:4096,data:4096;perm:256;hist:1024,data:13;perm:10;hist:12
4096,256,1024,NAIVE-FIXED,pass,4,4,408,169.5,694272,304065536,53248,24576,78080,0.25,4,3,72,7.999434267241379,129.14285714285714,data:8192;perm:1024;hist:4096,data:4096;perm:256;hist:1024,data:13;perm:10;hist:12
4096,256,1024,CANONICAL-MODULAR,pass,4,4,408,169.5,694272,304065536,53248,24576,78080,0.25,4,3,72,7.999434267241379,129.14285714285714,data:8192;perm:1024;hist:4096,data:4096;perm:256;hist:1024,data:13;perm:10;hist:12
4096,256,1024,UNIFIED-FIXED,pass,3,3,360,360.0,1474560,536854528,53248,24576,77824,0,3,3,54,14.123706896551724,274.2857142857143,unified:13312,unified:4096,unified:14
4096,256,1024,UNIFIED-PACKED,pass,3.0,3.0,360.0,360.0,1474560.0,536854528,38508,24576,63084,0,3,3,54.0,14.123706896551724,274.2857142857143,packed-pages:9627,packed:4096,unified-packed:14
4096,256,1024,RANDOMIZED-PARTITION,not_implemented,3.0,6.0,576.0,576.0,2359296.0,536739840,115524,24576,140100,0,6,6,108.0,14.120689655172415,438.85714285714283,packed-pages:9627,packed:4096,8 partitions:11
4096,256,1024,HYBRID-P,pass,3,3,320,164.0,671744,301969408,49152,24576,335872,0.3333333333333333,3,2,54,7.944288793103448,124.95238095238095,data:8192;hist:4096,data:4096;hist:1024,data:13;hist:12
4096,256,1024,HYBRID-PH,pass,1,1,112,112.0,458752,268419072,32768,24576,4513792,0.5,1,1,18,7.061637931034483,85.33333333333333,data:8192,data:4096,data:13
4096,256,1024,SCAN-PERMISSION,pass,3,3,320,228.0,933888,302231552,49152,24576,73728,0.25,3,3,54,7.951185344827586,173.71428571428572,data:8192;hist:4096;perm-scan:1024,data:4096;hist:1024;perm:256,data:13;hist:12;perm:scan
4096,256,1024,SCAN-HISTORY,pass,2,2,200,2165.5,8869888,274709504,36864,24576,61440,0.3333333333333333,2,3,36,7.227128232758621,1649.904761904762,data:8192;perm:1024;hist-scan:4096,data:4096;perm:256;hist:1024,data:13;perm:10;hist:scan
4096,256,1024,SCAN-BOTH,pass,1,1,112,2224.0,9109504,272875520,32768,24576,57344,0.3333333333333333,1,3,18,7.178879310344827,1694.4761904761904,data:8192;perm-scan:1024;hist-scan:4096,data:4096;perm:256;hist:1024,data:13;perm:scan;hist:scan
4096,512,64,MODULAR-ORAM,leak,3,3,300.0,69.4375,284416.0,274708224,53248,24576,77824,0,3,3,54,7.999455808683206,60.87671232876713,data:8192;perm:1024;hist:4096,data:4096;perm:512;hist:64,data:13;perm:10;hist:12
4096,512,64,NAIVE-FIXED,pass,4,4,408,126.25,517120,274708224,53248,24576,78080,0.25,4,3,72,7.999455808683206,110.68493150684931,data:8192;perm:1024;hist:4096,data:4096;perm:512;hist:64,data:13;perm:10;hist:12
4096,512,64,CANONICAL-MODULAR,pass,4,4,408,126.25,517120,274708224,53248,24576,78080,0.25,4,3,72,7.999455808683206,110.68493150684931,data:8192;perm:1024;hist:4096,data:4096;perm:512;hist:64,data:13;perm:10;hist:12
4096,512,64,UNIFIED-FIXED,pass,3,3,360,360.0,1474560,536854528,53248,24576,77824,0,3,3,54,15.633110687022901,315.6164383561644,unified:13312,unified:4096,unified:14
4096,512,64,UNIFIED-PACKED,pass,3.0,3.0,360.0,360.0,1474560.0,536854528,33680,24576,58256,0,3,3,54.0,15.633110687022901,315.6164383561644,packed-pages:8420,packed:4096,unified-packed:14
4096,512,64,RANDOMIZED-PARTITION,not_implemented,3.0,6.0,576.0,576.0,2359296.0,536739840,101040,24576,125616,0,6,6,108.0,15.629770992366412,504.986301369863,packed-pages:8420,packed:4096,8 partitions:11
4096,512,64,HYBRID-P,pass,3,3,320,115.25,472064,270515968,49152,24576,598016,0.3333333333333333,3,2,54,7.877378041507634,101.04109589041096,data:8192;hist:4096,data:4096;hist:64,data:13;hist:12
4096,512,64,HYBRID-PH,pass,1,1,112,112.0,458752,268419072,32768,24576,843776,0.5,1,1,18,7.8163167938931295,98.1917808219178,data:8192,data:4096,data:13
4096,512,64,SCAN-PERMISSION,pass,3,3,320,243.25,996352,271040256,49152,24576,73728,0.25,3,3,54,7.892645217080153,213.26027397260273,data:8192;hist:4096;perm-scan:1024,data:4096;hist:64;perm:512,data:13;hist:12;perm:scan
4096,512,64,SCAN-HISTORY,pass,2,2,200,251.0,1028096,272873472,36864,24576,61440,0.3333333333333333,2,3,36,7.946028148854962,220.05479452054794,data:8192;perm:1024;hist-scan:4096,data:4096;perm:512;hist:64,data:13;perm:10;hist:scan
4096,512,64,SCAN-BOTH,pass,1,1,112,368.0,1507328,269205504,32768,24576,57344,0.3333333333333333,1,3,18,7.839217557251908,322.63013698630135,data:8192;perm-scan:1024;hist-scan:4096,data:4096;perm:512;hist:64,data:13;perm:scan;hist:scan
4096,512,256,MODULAR-ORAM,leak,3,3,300.0,76.75,314368.0,280998912,53248,24576,77824,0,3,3,54,7.999446128731344,64.63157894736842,data:8192;perm:1024;hist:4096,data:4096;perm:512;hist:256,data:13;perm:10;hist:12
4096,512,256,NAIVE-FIXED,pass,4,4,408,136.0,557056,280998912,53248,24576,78080,0.25,4,3,72,7.999446128731344,114.52631578947368,data:8192;perm:1024;hist:4096,data:4096;perm:512;hist:256,data:13;perm:10;hist:12
4096,512,256,CANONICAL-MODULAR,pass,4,4,408,136.0,557056,280998912,53248,24576,78080,0.25,4,3,72,7.999446128731344,114.52631578947368,data:8192;perm:1024;hist:4096,data:4096;perm:512;hist:256,data:13;perm:10;hist:12
4096,512,256,UNIFIED-FIXED,pass,3,3,360,360.0,1474560,536854528,53248,24576,77824,0,3,3,54,15.283115671641792,303.1578947368421,unified:13312,unified:4096,unified:14
4096,512,256,UNIFIED-PACKED,pass,3.0,3.0,360.0,360.0,1474560.0,536854528,34452,24576,59028,0,3,3,54.0,15.283115671641792,303.1578947368421,packed-pages:8613,packed:4096,unified-packed:14
4096,512,256,RANDOMIZED-PARTITION,not_implemented,3.0,6.0,576.0,576.0,2359296.0,536739840,103356,24576,127932,0,6,6,108.0,15.279850746268657,485.05263157894734,packed-pages:8613,packed:4096,8 partitions:11
4096,512,256,HYBRID-P,pass,3,3,320,125.0,512000,276806656,49152,24576,598016,0.3333333333333333,3,2,54,7.880101445895522,105.26315789473684,data:8192;hist:4096,data:4096;hist:256,data:13;hist:12
4096,512,256,HYBRID-PH,pass,1,1,112,112.0,458752,268419072,32768,24576,1630208,0.5,1,1,18,7.641324626865671,94.3157894736842,data:8192,data:4096,data:13
4096,512,256,SCAN-PERMISSION,pass,3,3,320,253.0,1036288,277330944,49152,24576,73728,0.25,3,3,54,7.895026819029851,213.05263157894737,data:8192;hist:4096;perm-scan:1024,data:4096;hist:256;perm:512,data:13;hist:12;perm:scan
4096,512,256,SCAN-HISTORY,pass,2,2,200,635.0,2600960,273659904,36864,24576,61440,0.3333333333333333,2,3,36,7.790520055970149,534.7368421052631,data:8192;perm:1024;hist-scan:4096,data:4096;perm:512;hist:256,data:13;perm:10;hist:scan
4096,512,256,SCAN-BOTH,pass,1,1,112,752.0,3080192,269991936,32768,24576,57344,0.3333333333333333,1,3,18,7.686100746268656,633.2631578947369,data:8192;perm-scan:1024;hist-scan:4096,data:4096;perm:512;hist:256,data:13;perm:scan;hist:scan
4096,512,1024,MODULAR-ORAM,leak,3,3,300.0,106.0,434176.0,306161664,53248,24576,77824,0,3,3,54,7.999411386986301,77.0909090909091,data:8192;perm:1024;hist:4096,data:4096;perm:512;hist:1024,data:13;perm:10;hist:12
4096,512,1024,NAIVE-FIXED,pass,4,4,408,175.0,716800,306161664,53248,24576,78080,0.25,4,3,72,7.999411386986301,127.27272727272727,data:8192;perm:1024;hist:4096,data:4096;perm:512;hist:1024,data:13;perm:10;hist:12
4096,512,1024,CANONICAL-MODULAR,pass,4,4,408,175.0,716800,306161664,53248,24576,78080,0.25,4,3,72,7.999411386986301,127.27272727272727,data:8192;perm:1024;hist:4096,data:4096;perm:512;hist:1024,data:13;perm:10;hist:12
4096,512,1024,UNIFIED-FIXED,pass,3,3,360,360.0,1474560,536854528,53248,24576,77824,0,3,3,54,14.026969178082192,261.8181818181818,unified:13312,unified:4096,unified:14
4096,512,1024,UNIFIED-PACKED,pass,3.0,3.0,360.0,360.0,1474560.0,536854528,38820,24576,63396,0,3,3,54.0,14.026969178082192,261.8181818181818,packed-pages:9705,packed:4096,unified-packed:14
4096,512,1024,RANDOMIZED-PARTITION,not_implemented,3.0,6.0,576.0,576.0,2359296.0,536739840,116460,24576,141036,0,6,6,108.0,14.023972602739725,418.90909090909093,packed-pages:9705,packed:4096,8 partitions:11
4096,512,1024,HYBRID-P,pass,3,3,320,164.0,671744,301969408,49152,24576,598016,0.3333333333333333,3,2,54,7.889875856164384,119.27272727272727,data:8192;hist:4096,data:4096;hist:1024,data:13;hist:12
4096,512,1024,HYBRID-PH,pass,1,1,112,112.0,458752,268419072,32768,24576,4775936,0.5,1,1,18,7.013270547945205,81.45454545454545,data:8192,data:4096,data:13
4096,512,1024,SCAN-PERMISSION,pass,3,3,320,292.0,1196032,302493696,49152,24576,73728,0.25,3,3,54,7.90357448630137,212.36363636363637,data:8192;hist:4096;perm-scan:1024,data:4096;hist:1024;perm:512,data:13;hist:12;perm:scan
4096,512,1024,SCAN-HISTORY,pass,2,2,200,2171.0,8892416,276805632,36864,24576,61440,0.3333333333333333,2,3,36,7.232395119863014,1578.909090909091,data:8192;perm:1024;hist-scan:4096,data:4096;perm:512;hist:1024,data:13;perm:10;hist:scan
4096,512,1024,SCAN-BOTH,pass,1,1,112,2288.0,9371648,273137664,32768,24576,57344,0.3333333333333333,1,3,18,7.136558219178082,1664.0,data:8192;perm-scan:1024;hist-scan:4096,data:4096;perm:512;hist:1024,data:13;perm:scan;hist:scan
16384,64,64,MODULAR-ORAM,leak,3,3,300.0,227.8125,933120.0,1076297216,53248,98304,151552,0,3,3,54,7.999509102532879,56.51162790697674,data:8192;perm:1024;hist:4096,data:16384;perm:64;hist:64,data:13;perm:10;hist:12
16384,64,64,NAIVE-FIXED,pass,4,4,408,452.625,1853952,1076297216,53248,98304,151808,0.25,4,3,72,7.999509102532879,112.27906976744185,data:8192;perm:1024;hist:4096,data:16384;perm:64;hist:64,data:13;perm:10;hist:12
16384,64,64,CANONICAL-MODULAR,pass,4,4,408,452.625,1853952,1076297216,53248,98304,151808,0.25,4,3,72,7.999509102532879,112.27906976744185,data:8192;perm:1024;hist:4096,data:16384;perm:64;hist:64,data:13;perm:10;hist:12
16384,64,64,UNIFIED-FIXED,pass,3,3,360,1440.0,5898240,2147418112,53248,98304,151552,0,3,3,54,15.960545543107648,357.2093023255814,unified:13312,unified:16384,unified:14
16384,64,64,UNIFIED-PACKED,pass,4.5,4.5,540.0,540.0,2211840.0,536854528,33176,98304,131480,0,5,5,81.0,3.990136385776912,133.95348837209303,packed-pages:8294,packed:4096,unified-packed:14
16384,64,64,RANDOMIZED-PARTITION,not_implemented,4.5,9.0,864.0,864.0,3538944.0,536739840,99528,98304,197832,0,9,10,162.0,3.989283974671213,214.32558139534885,packed-pages:8294,packed:4096,8 partitions:11
16384,64,64,HYBRID-P,pass,3,3,320,451.25,1848320,1075773184,49152,98304,212992,0.3333333333333333,3,2,54,7.9956142687530445,111.93798449612403,data:8192;hist:4096,data:16384;hist:64,data:13;hist:12
16384,64,64,HYBRID-PH,pass,1,1,112,448.0,1835008,1073676288,32768,98304,458752,0.5,1,1,18,7.980029225523624,111.13178294573643,data:8192,data:16384,data:13
16384,64,64,SCAN-PERMISSION,pass,3,3,320,467.25,1913856,1075838720,49152,98304,147456,0.25,3,3,54,7.9961013608134435,115.90697674418605,data:8192;hist:4096;perm-scan:1024,data:16384;hist:64;perm:64,data:13;hist:12;perm:scan
16384,64,64,SCAN-HISTORY,pass,2,2,200,577.375,2364928,1074462464,36864,98304,135168,0.3333333333333333,2,3,36,7.985872427545056,143.2248062015504,data:8192;perm:1024;hist-scan:4096,data:16384;perm:64;hist:64,data:13;perm:10;hist:scan
16384,64,64,SCAN-BOTH,pass,1,1,112,592.0,2424832,1074003968,32768,98304,131072,0.3333333333333333,1,3,18,7.982464685825621,146.85271317829458,data:8192;perm-scan:1024;hist-scan:4096,data:16384;perm:64;hist:64,data:13;perm:scan;hist:scan
16384,64,256,MODULAR-ORAM,leak,3,3,300.0,235.125,963072.0,1082587904,53248,98304,151552,0,3,3,54,7.999506280266344,57.6551724137931,data:8192;perm:1024;hist:4096,data:16384;perm:64;hist:256,data:13;perm:10;hist:12
16384,64,256,NAIVE-FIXED,pass,4,4,408,462.375,1893888,1082587904,53248,98304,151808,0.25,4,3,72,7.999506280266344,113.37931034482759,data:8192;perm:1024;hist:4096,data:16384;perm:64;hist:256,data:13;perm:10;hist:12
16384,64,256,CANONICAL-MODULAR,pass,4,4,408,462.375,1893888,1082587904,53248,98304,151808,0.25,4,3,72,7.999506280266344,113.37931034482759,data:8192;perm:1024;hist:4096,data:16384;perm:64;hist:256,data:13;perm:10;hist:12
16384,64,256,UNIFIED-FIXED,pass,3,3,360,1440.0,5898240,2147418112,53248,98304,151552,0,3,3,54,15.867796610169492,353.1034482758621,unified:13312,unified:16384,unified:14
16384,64,256,UNIFIED-PACKED,pass,4.5,4.5,540.0,540.0,2211840.0,536854528,33948,98304,132252,0,5,5,81.0,3.966949152542373,132.41379310344828,packed-pages:8487,packed:4096,unified-packed:14
16384,64,256,RANDOMIZED-PARTITION,not_implemented,4.5,9.0,864.0,864.0,3538944.0,536739840,101844,98304,200148,0,9,10,162.0,3.9661016949152543,211.86206896551724,packed-pages:8487,packed:4096,8 partitions:11
16384,64,256,HYBRID-P,pass,3,3,320,461.0,1888256,1082063872,49152,98304,212992,0.3333333333333333,3,2,54,7.995634079903148,113.04214559386973,data:8192;hist:4096,data:16384;hist:256,data:13;hist:12
16384,64,256,HYBRID-PH,pass,1,1,112,448.0,1835008,1073676288,32768,98304,1245184,0.5,1,1,18,7.93365617433414,109.8544061302682,data:8192,data:16384,data:13
16384,64,256,SCAN-PERMISSION,pass,3,3,320,477.0,1953792,1082129408,49152,98304,147456,0.25,3,3,54,7.996118341404358,116.96551724137932,data:8192;hist:4096;perm-scan:1024,data:16384;hist:256;perm:64,data:13;hist:12;perm:scan
16384,64,256,SCAN-HISTORY,pass,2,2,200,961.375,3937792,1075248896,36864,98304,135168,0.3333333333333333,2,3,36,7.945276558716707,235.73946360153258,data:8192;perm:1024;hist-scan:4096,data:16384;perm:64;hist:256,data:13;perm:10;hist:scan
16384,64,256,SCAN-BOTH,pass,1,1,112,976.0,3997696,1074790400,32768,98304,131072,0.3333333333333333,1,3,18,7.941888619854722,239.3256704980843,data:8192;perm-scan:1024;hist-scan:4096,data:16384;perm:64;hist:256,data:13;perm:scan;hist:scan
16384,64,1024,MODULAR-ORAM,leak,3,3,300.0,264.375,1082880.0,1107750656,53248,98304,151552,0,3,3,54,7.99949531176053,61.97802197802198,data:8192;perm:1024;hist:4096,data:16384;perm:64;hist:1024,data:13;perm:10;hist:12
16384,64,1024,NAIVE-FIXED,pass,4,4,408,501.375,2053632,1107750656,53248,98304,151808,0.25,4,3,72,7.99949531176053,117.53846153846153,data:8192;perm:1024;hist:4096,data:16384;perm:64;hist:1024,data:13;perm:10;hist:12
16384,64,1024,CANONICAL-MODULAR,pass,4,4,408,501.375,2053632,1107750656,53248,98304,151808,0.25,4,3,72,7.99949531176053,117.53846153846153,data:8192;perm:1024;hist:4096,data:16384;perm:64;hist:1024,data:13;perm:10;hist:12
16384,64,1024,UNIFIED-FIXED,pass,3,3,360,1440.0,5898240,2147418112,53248,98304,151552,0,3,3,54,15.507335541883577,337.5824175824176,unified:13312,unified:16384,unified:14
16384,64,1024,UNIFIED-PACKED,pass,4.5,4.5,540.0,540.0,2211840.0,536854528,38316,98304,136620,0,5,5,81.0,3.8768338854708944,126.5934065934066,packed-pages:9579,packed:4096,unified-packed:14
16384,64,1024,RANDOMIZED-PARTITION,not_implemented,4.5,9.0,864.0,864.0,3538944.0,536739840,114948,98304,213252,0,9,10,162.0,3.8760056791292,202.54945054945054,packed-pages:9579,packed:4096,8 partitions:11
16384,64,1024,HYBRID-P,pass,3,3,320,500.0,2048000,1107226624,49152,98304,212992,0.3333333333333333,3,2,54,7.995711074301941,117.21611721611721,data:8192;hist:4096,data:16384;hist:1024,data:13;hist:12
16384,64,1024,HYBRID-PH,pass,1,1,112,448.0,1835008,1073676288,32768,98304,4390912,0.5,1,1,18,7.7534311405584475,105.02564102564102,data:8192,data:16384,data:13
16384,64,1024,SCAN-PERMISSION,pass,3,3,320,516.0,2113536,1107292160,49152,98304,147456,0.25,3,3,54,7.996184335068623,120.96703296703296,data:8192;hist:4096;perm-scan:1024,data:16384;hist:1024;perm:64,data:13;hist:12;perm:scan
16384,64,1024,SCAN-HISTORY,pass,2,2,200,2497.375,10229248,1078394624,36864,98304,135168,0.3333333333333333,2,3,36,7.787504067084714,585.4652014652015,data:8192;perm:1024;hist-scan:4096,data:16384;perm:64;hist:1024,data:13;perm:10;hist:scan
16384,64,1024,SCAN-BOTH,pass,1,1,112,2512.0,10289152,1077936128,32768,98304,131072,0.3333333333333333,1,3,18,7.784193090392806,588.8937728937728,data:8192;perm-scan:1024;hist-scan:4096,data:16384;perm:64;hist:1024,data:13;perm:scan;hist:scan
16384,128,64,MODULAR-ORAM,leak,3,3,300.0,229.1875,938752.0,1076821248,53248,98304,151552,0,3,3,54,7.999507439751704,56.633204633204635,data:8192;perm:1024;hist:4096,data:16384;perm:128;hist:64,data:13;perm:10;hist:12
16384,128,64,NAIVE-FIXED,pass,4,4,408,454.0,1859584,1076821248,53248,98304,151808,0.25,4,3,72,7.999507439751704,112.18532818532819,data:8192;perm:1024;hist:4096,data:16384;perm:128;hist:64,data:13;perm:10;hist:12
16384,128,64,CANONICAL-MODULAR,pass,4,4,408,454.0,1859584,1076821248,53248,98304,151808,0.25,4,3,72,7.999507439751704,112.18532818532819,data:8192;perm:1024;hist:4096,data:16384;perm:128;hist:64,data:13;perm:10;hist:12
16384,128,64,UNIFIED-FIXED,pass,3,3,360,1440.0,5898240,2147418112,53248,98304,151552,0,3,3,54,15.952775073028237,355.83011583011586,unified:13312,unified:16384,unified:14
16384,128,64,UNIFIED-PACKED,pass,4.5,4.5,540.0,540.0,2211840.0,536854528,33240,98304,131544,0,5,5,81.0,3.988193768257059,133.43629343629343,packed-pages:8310,packed:4096,unified-packed:14
16384,128,64,RANDOMIZED-PARTITION,not_implemented,4.5,9.0,864.0,864.0,3538944.0,536739840,99720,98304,198024,0,9,10,162.0,3.9873417721518987,213.4980694980695,packed-pages:8310,packed:4096,8 partitions:11
16384,128,64,HYBRID-P,pass,3,3,320,451.25,1848320,1075773184,49152,98304,278528,0.3333333333333333,3,2,54,7.99172156462999,111.5057915057915,data:8192;hist:4096,data:16384;hist:64,data:13;hist:12
16384,128,64,HYBRID-PH,pass,1,1,112,448.0,1835008,1073676288,32768,98304,524288,0.5,1,1,18,7.976144109055501,110.70270270270271,data:8192,data:16384,data:13
16384,128,64,SCAN-PERMISSION,pass,3,3,320,483.25,1979392,1075904256,49152,98304,147456,0.25,3,3,54,7.9926952744644595,119.41312741312741,data:8192;hist:4096;perm-scan:1024,data:16384;hist:64;perm:128,data:13;hist:12;perm:scan
16384,128,64,SCAN-HISTORY,pass,2,2,200,578.75,2370560,1074986496,36864,98304,135168,0.3333333333333333,2,3,36,7.985877403846154,143.011583011583,data:8192;perm:1024;hist-scan:4096,data:16384;perm:128;hist:64,data:13;perm:10;hist:scan
16384,128,64,SCAN-BOTH,pass,1,1,112,608.0,2490368,1074069504,32768,98304,131072,0.3333333333333333,1,3,18,7.97906523855891,150.23938223938225,data:8192;perm-scan:1024;hist-scan:4096,data:16384;perm:128;hist:64,data:13;perm:scan;hist:scan
16384,128,256,MODULAR-ORAM,leak,3,3,300.0,236.5,968704.0,1083111936,53248,98304,151552,0,3,3,54,7.999504628509197,57.770992366412216,data:8192;perm:1024;hist:4096,data:16384;perm:128;hist:256,data:13;perm:10;hist:12
16384,128,256,NAIVE-FIXED,pass,4,4,408,463.75,1899520,1083111936,53248,98304,151808,0.25,4,3,72,7.999504628509197,113.2824427480916,data:8192;perm:1024;hist:4096,data:16384;perm:128;hist:256,data:13;perm:10;hist:12
16384,128,256,CANONICAL-MODULAR,pass,4,4,408,463.75,1899520,1083111936,53248,98304,151808,0.25,4,3,72,7.999504628509197,113.2824427480916,data:8192;perm:1024;hist:4096,data:16384;perm:128;hist:256,data:13;perm:10;hist:12
16384,128,256,UNIFIED-FIXED,pass,3,3,360,1440.0,5898240,2147418112,53248,98304,151552,0,3,3,54,15.860116166505325,351.7557251908397,unified:13312,unified:16384,unified:14
16384,128,256,UNIFIED-PACKED,pass,4.5,4.5,540.0,540.0,2211840.0,536854528,34012,98304,132316,0,5,5,81.0,3.965029041626331,131.9083969465649,packed-pages:8503,packed:4096,unified-packed:14
16384,128,256,RANDOMIZED-PARTITION,not_implemented,4.5,9.0,864.0,864.0,3538944.0,536739840,102036,98304,200340,0,9,10,162.0,3.9641819941916747,211.05343511450383,packed-pages:8503,packed:4096,8 partitions:11
16384,128,256,HYBRID-P,pass,3,3,320,461.0,1888256,1082063872,49152,98304,278528,0.3333333333333333,3,2,54,7.991763976282672,112.61068702290076,data:8192;hist:4096,data:16384;hist:256,data:13;hist:12
16384,128,256,HYBRID-PH,pass,1,1,112,448.0,1835008,1073676288,32768,98304,1310720,0.5,1,1,18,7.929816069699903,109.43511450381679,data:8192,data:16384,data:13
16384,128,256,SCAN-PERMISSION,pass,3,3,320,493.0,2019328,1082194944,49152,98304,147456,0.25,3,3,54,7.992732030493707,120.42748091603053,data:8192;hist:4096;perm-scan:1024,data:16384;hist:256;perm:128,data:13;hist:12;perm:scan
16384,128,256,SCAN-HISTORY,pass,2,2,200,962.75,3943424,1075772928,36864,98304,135168,0.3333333333333333,2,3,36,7.945301155614715,235.17557251908397,data:8192;perm:1024;hist-scan:4096,data:16384;perm:128;hist:256,data:13;perm:10;hist:scan
16384,128,256,SCAN-BOTH,pass,1,1,112,992.0,4063232,1074855936,32768,98304,131072,0.3333333333333333,1,3,18,7.938528557599225,242.3206106870229,data:8192;perm-scan:1024;hist-scan:4096,data:16384;perm:128;hist:256,data:13;perm:scan;hist:scan
16384,128,1024,MODULAR-ORAM,leak,3,3,300.0,265.75,1088512.0,1108274688,53248,98304,151552,0,3,3,54,7.99949370269631,62.07299270072993,data:8192;perm:1024;hist:4096,data:16384;perm:128;hist:1024,data:13;perm:10;hist:12
16384,128,1024,NAIVE-FIXED,pass,4,4,408,502.75,2059264,1108274688,53248,98304,151808,0.25,4,3,72,7.99949370269631,117.43065693430657,data:8192;perm:1024;hist:4096,data:16384;perm:128;hist:1024,data:13;perm:10;hist:12
16384,128,1024,CANONICAL-MODULAR,pass,4,4,408,502.75,2059264,1108274688,53248,98304,151808,0.25,4,3,72,7.99949370269631,117.43065693430657,data:8192;perm:1024;hist:4096,data:16384;perm:128;hist:1024,data:13;perm:10;hist:12
16384,128,1024,UNIFIED-FIXED,pass,3,3,360,1440.0,5898240,2147418112,53248,98304,151552,0,3,3,54,15.5,336.35036496350364,unified:13312,unified:16384,unified:14
16384,128,1024,UNIFIED-PACKED,pass,4.5,4.5,540.0,540.0,2211840.0,536854528,38380,98304,136684,0,5,5,81.0,3.875,126.13138686131387,packed-pages:9595,packed:4096,unified-packed:14
16384,128,1024,RANDOMIZED-PARTITION,not_implemented,4.5,9.0,864.0,864.0,3538944.0,536739840,115140,98304,213444,0,9,10,162.0,3.8741721854304636,201.8102189781022,packed-pages:9595,packed:4096,8 partitions:11
16384,128,1024,HYBRID-P,pass,3,3,320,500.0,2048000,1107226624,49152,98304,278528,0.3333333333333333,3,2,54,7.99192880794702,116.78832116788321,data:8192;hist:4096,data:16384;hist:1024,data:13;hist:12
16384,128,1024,HYBRID-PH,pass,1,1,112,448.0,1835008,1073676288,32768,98304,4456448,0.5,1,1,18,7.749763481551561,104.64233576642336,data:8192,data:16384,data:13
16384,128,1024,SCAN-PERMISSION,pass,3,3,320,532.0,2179072,1107357696,49152,98304,147456,0.25,3,3,54,7.992874881740776,124.26277372262774,data:8192;hist:4096;perm-scan:1024,data:16384;hist:1024;perm:128,data:13;hist:12;perm:scan
16384,128,1024,SCAN-HISTORY,pass,2,2,200,2498.75,10234880,1078918656,36864,98304,135168,0.3333333333333333,2,3,36,7.78760273770104,583.6496350364963,data:8192;perm:1024;hist-scan:4096,data:16384;perm:128;hist:1024,data:13;perm:10;hist:scan
16384,128,1024,SCAN-BOTH,pass,1,1,112,2528.0,10354688,1078001664,32768,98304,131072,0.3333333333333333,1,3,18,7.780983916745506,590.4817518248175,data:8192;perm-scan:1024;hist-scan:4096,data:16384;perm:128;hist:1024,data:13;perm:scan;hist:scan
16384,256,64,MODULAR-ORAM,leak,3,3,300.0,231.9375,950016.0,1077869312,53248,98304,151552,0,3,3,54,7.999504119041829,56.87356321839081,data:8192;perm:1024;hist:4096,data:16384;perm:256;hist:64,data:13;perm:10;hist:12
16384,256,64,NAIVE-FIXED,pass,4,4,408,456.75,1870848,1077869312,53248,98304,151808,0.25,4,3,72,7.999504119041829,112.0,data:8192;perm:1024;hist:4096,data:16384;perm:256;hist:64,data:13;perm:10;hist:12
16384,256,64,CANONICAL-MODULAR,pass,4,4,408,456.75,1870848,1077869312,53248,98304,151808,0.25,4,3,72,7.999504119041829,112.0,data:8192;perm:1024;hist:4096,data:16384;perm:256;hist:64,data:13;perm:10;hist:12
16384,256,64,UNIFIED-FIXED,pass,3,3,360,1440.0,5898240,2147418112,53248,98304,151552,0,3,3,54,15.937256809338521,353.1034482758621,unified:13312,unified:16384,unified:14
16384,256,64,UNIFIED-PACKED,pass,4.5,4.5,540.0,540.0,2211840.0,536854528,33368,98304,131672,0,5,5,81.0,3.9843142023346303,132.41379310344828,packed-pages:8342,packed:4096,unified-packed:14
16384,256,64,RANDOMIZED-PARTITION,not_implemented,4.5,9.0,864.0,864.0,3538944.0,536739840,100104,98304,198408,0,9,10,162.0,3.9834630350194553,211.86206896551724,packed-pages:8342,packed:4096,8 partitions:11
16384,256,64,HYBRID-P,pass,3,3,320,451.25,1848320,1075773184,49152,98304,409600,0.3333333333333333,3,2,54,7.98394751641537,110.65134099616859,data:8192;hist:4096,data:16384;hist:64,data:13;hist:12
16384,256,64,HYBRID-PH,pass,1,1,112,448.0,1835008,1073676288,32768,98304,655360,0.5,1,1,18,7.968385214007782,109.8544061302682,data:8192,data:16384,data:13
16384,256,64,SCAN-PERMISSION,pass,3,3,320,515.25,2110464,1076035328,49152,98304,147456,0.25,3,3,54,7.9858930417071985,126.34482758620689,data:8192;hist:4096;perm-scan:1024,data:16384;hist:64;perm:256,data:13;hist:12;perm:scan
16384,256,64,SCAN-HISTORY,pass,2,2,200,581.5,2381824,1076034560,36864,98304,135168,0.3333333333333333,2,3,36,7.98588734192607,142.59003831417624,data:8192;perm:1024;hist-scan:4096,data:16384;perm:256;hist:64,data:13;perm:10;hist:scan
16384,256,64,SCAN-BOTH,pass,1,1,112,640.0,2621440,1074200576,32768,98304,131072,0.3333333333333333,1,3,18,7.972276264591439,156.93486590038313,data:8192;perm-scan:1024;hist-scan:4096,data:16384;perm:256;hist:64,data:13;perm:scan;hist:scan
16384,256,256,MODULAR-ORAM,leak,3,3,300.0,239.25,979968.0,1084160000,53248,98304,151552,0,3,3,54,7.999501329787234,58.0,data:8192;perm:1024;hist:4096,data:16384;perm:256;hist:256,data:13;perm:10;hist:12
16384,256,256,NAIVE-FIXED,pass,4,4,408,466.5,1910784,1084160000,53248,98304,151808,0.25,4,3,72,7.999501329787234,113.0909090909091,data:8192;perm:1024;hist:4096,data:16384;perm:256;hist:256,data:13;perm:10;hist:12
16384,256,256,CANONICAL-MODULAR,pass,4,4,408,466.5,1910784,1084160000,53248,98304,151808,0.25,4,3,72,7.999501329787234,113.0909090909091,data:8192;perm:1024;hist:4096,data:16384;perm:256;hist:256,data:13;perm:10;hist:12
16384,256,256,UNIFIED-FIXED,pass,3,3,360,1440.0,5898240,2147418112,53248,98304,151552,0,3,3,54,15.844777562862669,349.09090909090907,unified:13312,unified:16384,unified:14
16384,256,256,UNIFIED-PACKED,pass,4.5,4.5,540.0,540.0,2211840.0,536854528,34140,98304,132444,0,5,5,81.0,3.9611943907156673,130.9090909090909,packed-pages:8535,packed:4096,unified-packed:14
16384,256,256,RANDOMIZED-PARTITION,not_implemented,4.5,9.0,864.0,864.0,3538944.0,536739840,102420,98304,200724,0,9,10,162.0,3.960348162475822,209.45454545454547,packed-pages:8535,packed:4096,8 partitions:11
16384,256,256,HYBRID-P,pass,3,3,320,461.0,1888256,1082063872,49152,98304,409600,0.3333333333333333,3,2,54,7.984034997582205,111.75757575757575,data:8192;hist:4096,data:16384;hist:256,data:13;hist:12
16384,256,256,HYBRID-PH,pass,1,1,112,448.0,1835008,1073676288,32768,98304,1441792,0.5,1,1,18,7.922147001934236,108.60606060606061,data:8192,data:16384,data:13
16384,256,256,SCAN-PERMISSION,pass,3,3,320,525.0,2150400,1082326016,49152,98304,147456,0.25,3,3,54,7.985969233558994,127.27272727272727,data:8192;hist:4096;perm-scan:1024,data:16384;hist:256;perm:256,data:13;hist:12;perm:scan
16384,256,256,SCAN-HISTORY,pass,2,2,200,965.5,3954688,1076820992,36864,98304,135168,0.3333333333333333,2,3,36,7.945350278046422,234.06060606060606,data:8192;perm:1024;hist-scan:4096,data:16384;perm:256;hist:256,data:13;perm:10;hist:scan
16384,256,256,SCAN-BOTH,pass,1,1,112,1024.0,4194304,1074987008,32768,98304,131072,0.3333333333333333,1,3,18,7.931818181818182,248.24242424242425,data:8192;perm-scan:1024;hist-scan:4096,data:16384;perm:256;hist:256,data:13;perm:scan;hist:scan
16384,256,1024,MODULAR-ORAM,leak,3,3,300.0,268.5,1099776.0,1109322752,53248,98304,151552,0,3,3,54,7.999490489130435,62.26086956521739,data:8192;perm:1024;hist:4096,data:16384;perm:256;hist:1024,data:13;perm:10;hist:12
16384,256,1024,NAIVE-FIXED,pass,4,4,408,505.5,2070528,1109322752,53248,98304,151808,0.25,4,3,72,7.999490489130435,117.21739130434783,data:8192;perm:1024;hist:4096,data:16384;perm:256;hist:1024,data:13;perm:10;hist:12
16384,256,1024,CANONICAL-MODULAR,pass,4,4,408,505.5,2070528,1109322752,53248,98304,151808,0.25,4,3,72,7.999490489130435,117.21739130434783,data:8192;perm:1024;hist:4096,data:16384;perm:256;hist:1024,data:13;perm:10;hist:12
16384,256,1024,UNIFIED-FIXED,pass,3,3,360,1440.0,5898240,2147418112,53248,98304,151552,0,3,3,54,15.485349716446125,333.9130434782609,unified:13312,unified:16384,unified:14
16384,256,1024,UNIFIED-PACKED,pass,4.5,4.5,540.0,540.0,2211840.0,536854528,38508,98304,136812,0,5,5,81.0,3.8713374291115312,125.21739130434783,packed-pages:9627,packed:4096,unified-packed:14
16384,256,1024,RANDOMIZED-PARTITION,not_implemented,4.5,9.0,864.0,864.0,3538944.0,536739840,115524,98304,213828,0,9,10,162.0,3.8705103969754253,200.34782608695653,packed-pages:9627,packed:4096,8 partitions:11
16384,256,1024,HYBRID-P,pass,3,3,320,500.0,2048000,1107226624,49152,98304,409600,0.3333333333333333,3,2,54,7.984375,115.94202898550725,data:8192;hist:4096,data:16384;hist:1024,data:13;hist:12
16384,256,1024,HYBRID-PH,pass,1,1,112,448.0,1835008,1073676288,32768,98304,4587520,0.5,1,1,18,7.742438563327032,103.8840579710145,data:8192,data:16384,data:13
16384,256,1024,SCAN-PERMISSION,pass,3,3,320,564.0,2310144,1107488768,49152,98304,147456,0.25,3,3,54,7.986265359168242,130.7826086956522,data:8192;hist:4096;perm-scan:1024,data:16384;hist:1024;perm:256,data:13;hist:12;perm:scan
16384,256,1024,SCAN-HISTORY,pass,2,2,200,2501.5,10246144,1079966720,36864,98304,135168,0.3333333333333333,2,3,36,7.787799799149338,580.0579710144928,data:8192;perm:1024;hist-scan:4096,data:16384;perm:256;hist:1024,data:13;perm:10;hist:scan
16384,256,1024,SCAN-BOTH,pass,1,1,112,2560.0,10485760,1078132736,32768,98304,131072,0.3333333333333333,1,3,18,7.774574669187145,593.6231884057971,data:8192;perm-scan:1024;hist-scan:4096,data:16384;perm:256;hist:1024,data:13;perm:scan;hist:scan
16384,512,64,MODULAR-ORAM,leak,3,3,300.0,237.4375,972544.0,1079965440,53248,98304,151552,0,3,3,54,7.999497496966019,57.343396226415095,data:8192;perm:1024;hist:4096,data:16384;perm:512;hist:64,data:13;perm:10;hist:12
16384,512,64,NAIVE-FIXED,pass,4,4,408,462.25,1893376,1079965440,53248,98304,151808,0.25,4,3,72,7.999497496966019,111.6377358490566,data:8192;perm:1024;hist:4096,data:16384;perm:512;hist:64,data:13;perm:10;hist:12
16384,512,64,CANONICAL-MODULAR,pass,4,4,408,462.25,1893376,1079965440,53248,98304,151808,0.25,4,3,72,7.999497496966019,111.6377358490566,data:8192;perm:1024;hist:4096,data:16384;perm:512;hist:64,data:13;perm:10;hist:12
16384,512,64,UNIFIED-FIXED,pass,3,3,360,1440.0,5898240,2147418112,53248,98304,151552,0,3,3,54,15.90631067961165,347.77358490566036,unified:13312,unified:16384,unified:14
16384,512,64,UNIFIED-PACKED,pass,4.5,4.5,540.0,540.0,2211840.0,536854528,33680,98304,131984,0,5,5,81.0,3.9765776699029125,130.41509433962264,packed-pages:8420,packed:4096,unified-packed:14
16384,512,64,RANDOMIZED-PARTITION,not_implemented,4.5,9.0,864.0,864.0,3538944.0,536739840,101040,98304,199344,0,9,10,162.0,3.9757281553398056,208.66415094339624,packed-pages:8420,packed:4096,8 partitions:11
16384,512,64,HYBRID-P,pass,3,3,320,451.25,1848320,1075773184,49152,98304,671744,0.3333333333333333,3,2,54,7.968444705703884,108.98113207547169,data:8192;hist:4096,data:16384;hist:64,data:13;hist:12
16384,512,64,HYBRID-PH,pass,1,1,112,448.0,1835008,1073676288,32768,98304,917504,0.5,1,1,18,7.952912621359223,108.19622641509434,data:8192,data:16384,data:13
16384,512,64,SCAN-PERMISSION,pass,3,3,320,579.25,2372608,1076297472,49152,98304,147456,0.25,3,3,54,7.972328200849515,139.8943396226415,data:8192;hist:4096;perm-scan:1024,data:16384;hist:64;perm:512,data:13;hist:12;perm:scan
16384,512,64,SCAN-HISTORY,pass,2,2,200,587.0,2404352,1078130688,36864,98304,135168,0.3333333333333333,2,3,36,7.9859071601941745,141.76603773584907,data:8192;perm:1024;hist-scan:4096,data:16384;perm:512;hist:64,data:13;perm:10;hist:scan
16384,512,64,SCAN-BOTH,pass,1,1,112,704.0,2883584,1074462720,32768,98304,131072,0.3333333333333333,1,3,18,7.95873786407767,170.02264150943395,data:8192;perm-scan:1024;hist-scan:4096,data:16384;perm:512;hist:64,data:13;perm:scan;hist:scan
16384,512,256,MODULAR-ORAM,leak,3,3,300.0,244.75,1002496.0,1086256128,53248,98304,151552,0,3,3,54,7.999494751447877,58.44776119402985,data:8192;perm:1024;hist:4096,data:16384;perm:512;hist:256,data:13;perm:10;hist:12
16384,512,256,NAIVE-FIXED,pass,4,4,408,472.0,1933312,1086256128,53248,98304,151808,0.25,4,3,72,7.999494751447877,112.71641791044776,data:8192;perm:1024;hist:4096,data:16384;perm:512;hist:256,data:13;perm:10;hist:12
16384,512,256,CANONICAL-MODULAR,pass,4,4,408,472.0,1933312,1086256128,53248,98304,151808,0.25,4,3,72,7.999494751447877,112.71641791044776,data:8192;perm:1024;hist:4096,data:16384;perm:512;hist:256,data:13;perm:10;hist:12
16384,512,256,UNIFIED-FIXED,pass,3,3,360,1440.0,5898240,2147418112,53248,98304,151552,0,3,3,54,15.81418918918919,343.8805970149254,unified:13312,unified:16384,unified:14
16384,512,256,UNIFIED-PACKED,pass,4.5,4.5,540.0,540.0,2211840.0,536854528,34452,98304,132756,0,5,5,81.0,3.9535472972972974,128.955223880597,packed-pages:8613,packed:4096,unified-packed:14
16384,512,256,RANDOMIZED-PARTITION,not_implemented,4.5,9.0,864.0,864.0,3538944.0,536739840,103356,98304,201660,0,9,10,162.0,3.9527027027027026,206.32835820895522,packed-pages:8613,packed:4096,8 partitions:11
16384,512,256,HYBRID-P,pass,3,3,320,461.0,1888256,1082063872,49152,98304,671744,0.3333333333333333,3,2,54,7.968621802606178,110.08955223880596,data:8192;hist:4096,data:16384;hist:256,data:13;hist:12
16384,512,256,HYBRID-PH,pass,1,1,112,448.0,1835008,1073676288,32768,98304,1703936,0.5,1,1,18,7.906853281853282,106.98507462686567,data:8192,data:16384,data:13
16384,512,256,SCAN-PERMISSION,pass,3,3,320,589.0,2412544,1082588160,49152,98304,147456,0.25,3,3,54,7.972482806467181,140.65671641791045,data:8192;hist:4096;perm-scan:1024,data:16384;hist:256;perm:512,data:13;hist:12;perm:scan
16384,512,256,SCAN-HISTORY,pass,2,2,200,971.0,3977216,1078917120,36864,98304,135168,0.3333333333333333,2,3,36,7.945448238416988,231.88059701492537,data:8192;perm:1024;hist-scan:4096,data:16384;perm:512;hist:256,data:13;perm:10;hist:scan
16384,512,256,SCAN-BOTH,pass,1,1,112,1088.0,4456448,1075249152,32768,98304,131072,0.3333333333333333,1,3,18,7.918436293436294,259.82089552238807,data:8192;perm-scan:1024;hist-scan:4096,data:16384;perm:512;hist:256,data:13;perm:scan;hist:scan
16384,512,1024,MODULAR-ORAM,leak,3,3,300.0,274.0,1122304.0,1111418880,53248,98304,151552,0,3,3,54,7.9994840801886795,62.628571428571426,data:8192;perm:1024;hist:4096,data:16384;perm:512;hist:1024,data:13;perm:10;hist:12
16384,512,1024,NAIVE-FIXED,pass,4,4,408,511.0,2093056,1111418880,53248,98304,151808,0.25,4,3,72,7.9994840801886795,116.8,data:8192;perm:1024;hist:4096,data:16384;perm:512;hist:1024,data:13;perm:10;hist:12
16384,512,1024,CANONICAL-MODULAR,pass,4,4,408,511.0,2093056,1111418880,53248,98304,151808,0.25,4,3,72,7.9994840801886795,116.8,data:8192;perm:1024;hist:4096,data:16384;perm:512;hist:1024,data:13;perm:10;hist:12
16384,512,1024,UNIFIED-FIXED,pass,3,3,360,1440.0,5898240,2147418112,53248,98304,151552,0,3,3,54,15.456132075471698,329.14285714285717,unified:13312,unified:16384,unified:14
16384,512,1024,UNIFIED-PACKED,pass,4.5,4.5,540.0,540.0,2211840.0,536854528,38820,98304,137124,0,5,5,81.0,3.8640330188679246,123.42857142857143,packed-pages:9705,packed:4096,unified-packed:14
16384,512,1024,RANDOMIZED-PARTITION,not_implemented,4.5,9.0,864.0,864.0,3538944.0,536739840,116460,98304,214764,0,9,10,162.0,3.8632075471698113,197.4857142857143,packed-pages:9705,packed:4096,8 partitions:11
16384,512,1024,HYBRID-P,pass,3,3,320,500.0,2048000,1107226624,49152,98304,671744,0.3333333333333333,3,2,54,7.969310141509434,114.28571428571429,data:8192;hist:4096,data:16384;hist:1024,data:13;hist:12
16384,512,1024,HYBRID-PH,pass,1,1,112,448.0,1835008,1073676288,32768,98304,4849664,0.5,1,1,18,7.7278301886792455,102.4,data:8192,data:16384,data:13
16384,512,1024,SCAN-PERMISSION,pass,3,3,320,628.0,2572288,1107750912,49152,98304,147456,0.25,3,3,54,7.973083726415094,143.54285714285714,data:8192;hist:4096;perm-scan:1024,data:16384;hist:1024;perm:512,data:13;hist:12;perm:scan
16384,512,1024,SCAN-HISTORY,pass,2,2,200,2507.0,10268672,1082062848,36864,98304,135168,0.3333333333333333,2,3,36,7.7881928066037736,573.0285714285715,data:8192;perm:1024;hist-scan:4096,data:16384;perm:512;hist:1024,data:13;perm:10;hist:scan
16384,512,1024,SCAN-BOTH,pass,1,1,112,2624.0,10747904,1078394880,32768,98304,131072,0.3333333333333333,1,3,18,7.761792452830188,599.7714285714286,data:8192;perm-scan:1024;hist-scan:4096,data:16384;perm:512;hist:1024,data:13;perm:scan;hist:scan
