sample_id,round,endpoint,request_bytes,response_bytes,event_count,wall_ms,real_tool_ops,dummy_heavy_ops
0,0,CommonToolExecutor,1024,1024,1,34.9226,1,0
1,1,CommonToolExecutor,1024,1024,1,1.8323,1,0
2,2,CommonToolExecutor,1024,1024,1,12.0811,1,0
3,3,CommonToolExecutor,1024,1024,1,20.6455,1,0
4,4,CommonToolExecutor,1024,1024,1,16.1373,1,0
5,5,CommonToolExecutor,1024,1024,1,16.0743,1,0
6,6,CommonToolExecutor,1024,1024,1,4.6576,1,0
7,7,CommonToolExecutor,1024,1024,1,14.1968,1,0
8,8,CommonToolExecutor,1024,1024,1,3.4261,1,0
9,9,CommonToolExecutor,1024,1024,1,11.7235,1,0
10,10,CommonToolExecutor,1024,1024,1,16.3928,1,0
11,11,CommonToolExecutor,1024,1024,1,16.5875,1,0
12,12,CommonToolExecutor,1024,1024,1,16.7744,1,0
13,13,CommonToolExecutor,1024,1024,1,5.7591,1,0
14,14,CommonToolExecutor,1024,1024,1,27.5038,1,0
15,15,CommonToolExecutor,1024,1024,1,3.4949,1,0
16,16,CommonToolExecutor,1024,1024,1,1.7926,1,0
17,17,CommonToolExecutor,1024,1024,1,23.9976,1,0
18,18,CommonToolExecutor,1024,1024,1,18.9811,1,0
19,19,CommonToolExecutor,1024,1024,1,16.8111,1,0
20,20,CommonToolExecutor,1024,1024,1,3.5482,1,0
21,21,CommonToolExecutor,1024,1024,1,3.6772,1,0
22,22,CommonToolExecutor,1024,1024,1,1.798,1,0
23,23,CommonToolExecutor,1024,1024,1,25.1972,1,0
24,24,CommonToolExecutor,1024,1024,1,6.4806,1,0
25,25,CommonToolExecutor,1024,1024,1,23.1645,1,0
26,26,CommonToolExecutor,1024,1024,1,3.0539,1,0
27,27,CommonToolExecutor,1024,1024,1,1.4585,1,0
28,28,CommonToolExecutor,1024,1024,1,2.0017,1,0
29,29,CommonToolExecutor,1024,1024,1,13.0199,1,0
30,30,CommonToolExecutor,1024,1024,1,6.488,1,0
31,31,CommonToolExecutor,1024,1024,1,25.4425,1,0
32,32,CommonToolExecutor,1024,1024,1,15.7651,1,0
33,33,CommonToolExecutor,1024,1024,1,17.1108,1,0
34,34,CommonToolExecutor,1024,1024,1,3.5327,1,0
35,35,CommonToolExecutor,1024,1024,1,1.9459,1,0
36,36,CommonToolExecutor,1024,1024,1,11.113,1,0
37,37,CommonToolExecutor,1024,1024,1,1.6567,1,0
38,38,CommonToolExecutor,1024,1024,1,13.5123,1,0
39,39,CommonToolExecutor,1024,1024,1,1.1452,1,0
40,40,CommonToolExecutor,1024,1024,1,1.0474,1,0
41,41,CommonToolExecutor,1024,1024,1,1.5706,1,0
42,42,CommonToolExecutor,1024,1024,1,0.9788,1,0
43,43,CommonToolExecutor,1024,1024,1,3.2503,1,0
44,44,CommonToolExecutor,1024,1024,1,2.9246,1,0
45,45,CommonToolExecutor,1024,1024,1,1.1912,1,0
46,46,CommonToolExecutor,1024,1024,1,1.0696,1,0
47,47,CommonToolExecutor,1024,1024,1,2.5222,1,0
48,48,CommonToolExecutor,1024,1024,1,1.8638,1,0
49,49,CommonToolExecutor,1024,1024,1,1.026,1,0
50,50,CommonToolExecutor,1024,1024,1,3.8182,1,0
51,51,CommonToolExecutor,1024,1024,1,13.6048,1,0
52,52,CommonToolExecutor,1024,1024,1,2.7041,1,0
53,53,CommonToolExecutor,1024,1024,1,3.0517,1,0
54,54,CommonToolExecutor,1024,1024,1,1.8845,1,0
55,55,CommonToolExecutor,1024,1024,1,1.9367,1,0
56,56,CommonToolExecutor,1024,1024,1,3.076,1,0
57,57,CommonToolExecutor,1024,1024,1,2.2467,1,0
58,58,CommonToolExecutor,1024,1024,1,2.6952,1,0
59,59,CommonToolExecutor,1024,1024,1,2.4134,1,0
60,60,CommonToolExecutor,1024,1024,1,2.3818,1,0
61,61,CommonToolExecutor,1024,1024,1,24.0175,1,0
62,62,CommonToolExecutor,1024,1024,1,1.7535,1,0
63,63,CommonToolExecutor,1024,1024,1,2.0231,1,0
64,64,CommonToolExecutor,1024,1024,1,3.7831,1,0
65,65,CommonToolExecutor,1024,1024,1,3.4986,1,0
66,66,CommonToolExecutor,1024,1024,1,2.4567,1,0
67,67,CommonToolExecutor,1024,1024,1,1.9482,1,0
68,68,CommonToolExecutor,1024,1024,1,2.3902,1,0
69,69,CommonToolExecutor,1024,1024,1,1.06,1,0
70,70,CommonToolExecutor,1024,1024,1,4.5366,1,0
71,71,CommonToolExecutor,1024,1024,1,2.3447,1,0
72,72,CommonToolExecutor,1024,1024,1,2.321,1,0
73,73,CommonToolExecutor,1024,1024,1,2.2667,1,0
74,74,CommonToolExecutor,1024,1024,1,2.395,1,0
75,75,CommonToolExecutor,1024,1024,1,1.0221,1,0
76,76,CommonToolExecutor,1024,1024,1,17.4427,1,0
77,77,CommonToolExecutor,1024,1024,1,5.3426,1,0
78,78,CommonToolExecutor,1024,1024,1,3.8145,1,0
79,79,CommonToolExecutor,1024,1024,1,24.2653,1,0
80,80,CommonToolExecutor,1024,1024,1,17.9418,1,0
81,81,CommonToolExecutor,1024,1024,1,6.7573,1,0
82,82,CommonToolExecutor,1024,1024,1,5.246,1,0
83,83,CommonToolExecutor,1024,1024,1,3.7445,1,0
84,84,CommonToolExecutor,1024,1024,1,2.8483,1,0
85,85,CommonToolExecutor,1024,1024,1,1.9581,1,0
86,86,CommonToolExecutor,1024,1024,1,2.038,1,0
87,87,CommonToolExecutor,1024,1024,1,24.8535,1,0
88,88,CommonToolExecutor,1024,1024,1,16.994,1,0
89,89,CommonToolExecutor,1024,1024,1,17.7893,1,0
90,90,CommonToolExecutor,1024,1024,1,4.8888,1,0
91,91,CommonToolExecutor,1024,1024,1,4.2265,1,0
92,92,CommonToolExecutor,1024,1024,1,5.0092,1,0
93,93,CommonToolExecutor,1024,1024,1,17.4196,1,0
94,94,CommonToolExecutor,1024,1024,1,2.5366,1,0
95,95,CommonToolExecutor,1024,1024,1,14.4377,1,0
96,96,CommonToolExecutor,1024,1024,1,17.3762,1,0
97,97,CommonToolExecutor,1024,1024,1,4.3679,1,0
98,98,CommonToolExecutor,1024,1024,1,12.3784,1,0
99,99,CommonToolExecutor,1024,1024,1,1.9955,1,0
100,0,CommonToolExecutor,1024,1024,1,47.6509,1,0
101,1,CommonToolExecutor,1024,1024,1,50.1556,1,0
102,2,CommonToolExecutor,1024,1024,1,32.5948,1,0
103,3,CommonToolExecutor,1024,1024,1,49.8653,1,0
104,4,CommonToolExecutor,1024,1024,1,33.2185,1,0
105,5,CommonToolExecutor,1024,1024,1,1.9921,1,0
106,6,CommonToolExecutor,1024,1024,1,2.073,1,0
107,7,CommonToolExecutor,1024,1024,1,2.4272,1,0
108,8,CommonToolExecutor,1024,1024,1,2.3653,1,0
109,9,CommonToolExecutor,1024,1024,1,38.6818,1,0
110,10,CommonToolExecutor,1024,1024,1,34.0715,1,0
111,11,CommonToolExecutor,1024,1024,1,2.1015,1,0
112,12,CommonToolExecutor,1024,1024,1,32.2427,1,0
113,13,CommonToolExecutor,1024,1024,1,6.0606,1,0
114,14,CommonToolExecutor,1024,1024,1,44.3022,1,0
115,15,CommonToolExecutor,1024,1024,1,5.4775,1,0
116,16,CommonToolExecutor,1024,1024,1,25.5388,1,0
117,17,CommonToolExecutor,1024,1024,1,22.9143,1,0
118,18,CommonToolExecutor,1024,1024,1,29.6477,1,0
119,19,CommonToolExecutor,1024,1024,1,28.962,1,0
120,20,CommonToolExecutor,1024,1024,1,40.0754,1,0
121,21,CommonToolExecutor,1024,1024,1,46.388,1,0
122,22,CommonToolExecutor,1024,1024,1,31.4014,1,0
123,23,CommonToolExecutor,1024,1024,1,18.1655,1,0
124,24,CommonToolExecutor,1024,1024,1,49.9955,1,0
125,25,CommonToolExecutor,1024,1024,1,30.0282,1,0
126,26,CommonToolExecutor,1024,1024,1,32.8885,1,0
127,27,CommonToolExecutor,1024,1024,1,37.3447,1,0
128,28,CommonToolExecutor,1024,1024,1,14.6012,1,0
129,29,CommonToolExecutor,1024,1024,1,36.2601,1,0
130,30,CommonToolExecutor,1024,1024,1,18.5985,1,0
131,31,CommonToolExecutor,1024,1024,1,44.7869,1,0
132,32,CommonToolExecutor,1024,1024,1,4.6092,1,0
133,33,CommonToolExecutor,1024,1024,1,13.9258,1,0
134,34,CommonToolExecutor,1024,1024,1,15.7069,1,0
135,35,CommonToolExecutor,1024,1024,1,19.1247,1,0
136,36,CommonToolExecutor,1024,1024,1,16.4815,1,0
137,37,CommonToolExecutor,1024,1024,1,16.8985,1,0
138,38,CommonToolExecutor,1024,1024,1,14.8446,1,0
139,39,CommonToolExecutor,1024,1024,1,34.8807,1,0
140,40,CommonToolExecutor,1024,1024,1,14.5156,1,0
141,41,CommonToolExecutor,1024,1024,1,19.4629,1,0
142,42,CommonToolExecutor,1024,1024,1,26.4321,1,0
143,43,CommonToolExecutor,1024,1024,1,52.8284,1,0
144,44,CommonToolExecutor,1024,1024,1,17.9919,1,0
145,45,CommonToolExecutor,1024,1024,1,33.0827,1,0
146,46,CommonToolExecutor,1024,1024,1,19.734,1,0
147,47,CommonToolExecutor,1024,1024,1,46.0918,1,0
148,48,CommonToolExecutor,1024,1024,1,49.4385,1,0
149,49,CommonToolExecutor,1024,1024,1,33.6246,1,0
150,50,CommonToolExecutor,1024,1024,1,16.9231,1,0
151,51,CommonToolExecutor,1024,1024,1,16.201,1,0
152,52,CommonToolExecutor,1024,1024,1,48.7875,1,0
153,53,CommonToolExecutor,1024,1024,1,51.4386,1,0
154,54,CommonToolExecutor,1024,1024,1,22.6975,1,0
155,55,CommonToolExecutor,1024,1024,1,57.7608,1,0
156,56,CommonToolExecutor,1024,1024,1,32.6929,1,0
157,57,CommonToolExecutor,1024,1024,1,14.6644,1,0
158,58,CommonToolExecutor,1024,1024,1,4.7049,1,0
159,59,CommonToolExecutor,1024,1024,1,41.4771,1,0
160,60,CommonToolExecutor,1024,1024,1,58.1353,1,0
161,61,CommonToolExecutor,1024,1024,1,48.944,1,0
162,62,CommonToolExecutor,1024,1024,1,50.9327,1,0
163,63,CommonToolExecutor,1024,1024,1,49.8606,1,0
164,64,CommonToolExecutor,1024,1024,1,49.5531,1,0
165,65,CommonToolExecutor,1024,1024,1,49.6819,1,0
166,66,CommonToolExecutor,1024,1024,1,34.1502,1,0
167,67,CommonToolExecutor,1024,1024,1,49.2047,1,0
168,68,CommonToolExecutor,1024,1024,1,48.5099,1,0
169,69,CommonToolExecutor,1024,1024,1,16.8326,1,0
170,70,CommonToolExecutor,1024,1024,1,15.4613,1,0
171,71,CommonToolExecutor,1024,1024,1,36.3489,1,0
172,72,CommonToolExecutor,1024,1024,1,31.7703,1,0
173,73,CommonToolExecutor,1024,1024,1,35.0963,1,0
174,74,CommonToolExecutor,1024,1024,1,49.007,1,0
175,75,CommonToolExecutor,1024,1024,1,50.2552,1,0
176,76,CommonToolExecutor,1024,1024,1,17.2722,1,0
177,77,CommonToolExecutor,1024,1024,1,16.153,1,0
178,78,CommonToolExecutor,1024,1024,1,47.3016,1,0
179,79,CommonToolExecutor,1024,1024,1,51.541,1,0
180,80,CommonToolExecutor,1024,1024,1,48.6146,1,0
181,81,CommonToolExecutor,1024,1024,1,20.0885,1,0
182,82,CommonToolExecutor,1024,1024,1,47.9634,1,0
183,83,CommonToolExecutor,1024,1024,1,48.1543,1,0
184,84,CommonToolExecutor,1024,1024,1,35.3041,1,0
185,85,CommonToolExecutor,1024,1024,1,3.4784,1,0
186,86,CommonToolExecutor,1024,1024,1,14.1448,1,0
187,87,CommonToolExecutor,1024,1024,1,17.9164,1,0
188,88,CommonToolExecutor,1024,1024,1,43.8919,1,0
189,89,CommonToolExecutor,1024,1024,1,36.5797,1,0
190,90,CommonToolExecutor,1024,1024,1,18.5909,1,0
191,91,CommonToolExecutor,1024,1024,1,3.517,1,0
192,92,CommonToolExecutor,1024,1024,1,27.4579,1,0
193,93,CommonToolExecutor,1024,1024,1,34.8534,1,0
194,94,CommonToolExecutor,1024,1024,1,3.752,1,0
195,95,CommonToolExecutor,1024,1024,1,3.0999,1,0
196,96,CommonToolExecutor,1024,1024,1,2.988,1,0
197,97,CommonToolExecutor,1024,1024,1,55.2595,1,0
198,98,CommonToolExecutor,1024,1024,1,3.2467,1,0
199,99,CommonToolExecutor,1024,1024,1,14.2588,1,0
200,0,CommonToolExecutor,1024,1024,1,16.2651,1,0
201,1,CommonToolExecutor,1024,1024,1,48.894,1,0
202,2,CommonToolExecutor,1024,1024,1,2.2962,1,0
203,3,CommonToolExecutor,1024,1024,1,2.1158,1,0
204,4,CommonToolExecutor,1024,1024,1,12.7893,1,0
205,5,CommonToolExecutor,1024,1024,1,14.0245,1,0
206,6,CommonToolExecutor,1024,1024,1,19.1086,1,0
207,7,CommonToolExecutor,1024,1024,1,48.6164,1,0
208,8,CommonToolExecutor,1024,1024,1,3.7872,1,0
209,9,CommonToolExecutor,1024,1024,1,2.012,1,0
210,10,CommonToolExecutor,1024,1024,1,3.034,1,0
211,11,CommonToolExecutor,1024,1024,1,24.8168,1,0
212,12,CommonToolExecutor,1024,1024,1,49.8021,1,0
213,13,CommonToolExecutor,1024,1024,1,17.0841,1,0
214,14,CommonToolExecutor,1024,1024,1,16.4402,1,0
215,15,CommonToolExecutor,1024,1024,1,15.2973,1,0
216,16,CommonToolExecutor,1024,1024,1,31.1602,1,0
217,17,CommonToolExecutor,1024,1024,1,20.4316,1,0
218,18,CommonToolExecutor,1024,1024,1,49.428,1,0
219,19,CommonToolExecutor,1024,1024,1,50.0393,1,0
220,20,CommonToolExecutor,1024,1024,1,50.2507,1,0
221,21,CommonToolExecutor,1024,1024,1,32.0111,1,0
222,22,CommonToolExecutor,1024,1024,1,50.8639,1,0
223,23,CommonToolExecutor,1024,1024,1,15.8657,1,0
224,24,CommonToolExecutor,1024,1024,1,2.7384,1,0
225,25,CommonToolExecutor,1024,1024,1,2.2737,1,0
226,26,CommonToolExecutor,1024,1024,1,42.8295,1,0
227,27,CommonToolExecutor,1024,1024,1,47.2678,1,0
228,28,CommonToolExecutor,1024,1024,1,54.6494,1,0
229,29,CommonToolExecutor,1024,1024,1,2.3703,1,0
230,30,CommonToolExecutor,1024,1024,1,48.1072,1,0
231,31,CommonToolExecutor,1024,1024,1,16.8224,1,0
232,32,CommonToolExecutor,1024,1024,1,2.1954,1,0
233,33,CommonToolExecutor,1024,1024,1,2.2742,1,0
234,34,CommonToolExecutor,1024,1024,1,2.436,1,0
235,35,CommonToolExecutor,1024,1024,1,58.7113,1,0
236,36,CommonToolExecutor,1024,1024,1,50.0365,1,0
237,37,CommonToolExecutor,1024,1024,1,49.7534,1,0
238,38,CommonToolExecutor,1024,1024,1,17.3509,1,0
239,39,CommonToolExecutor,1024,1024,1,16.3488,1,0
240,40,CommonToolExecutor,1024,1024,1,48.8007,1,0
241,41,CommonToolExecutor,1024,1024,1,2.3467,1,0
242,42,CommonToolExecutor,1024,1024,1,2.0099,1,0
243,43,CommonToolExecutor,1024,1024,1,45.0577,1,0
244,44,CommonToolExecutor,1024,1024,1,2.1988,1,0
245,45,CommonToolExecutor,1024,1024,1,47.8846,1,0
246,46,CommonToolExecutor,1024,1024,1,16.222,1,0
247,47,CommonToolExecutor,1024,1024,1,2.5021,1,0
248,48,CommonToolExecutor,1024,1024,1,48.4692,1,0
249,49,CommonToolExecutor,1024,1024,1,16.3555,1,0
250,50,CommonToolExecutor,1024,1024,1,51.6306,1,0
251,51,CommonToolExecutor,1024,1024,1,16.3075,1,0
252,52,CommonToolExecutor,1024,1024,1,31.0608,1,0
253,53,CommonToolExecutor,1024,1024,1,16.4532,1,0
254,54,CommonToolExecutor,1024,1024,1,2.3147,1,0
255,55,CommonToolExecutor,1024,1024,1,12.4009,1,0
256,56,CommonToolExecutor,1024,1024,1,53.5595,1,0
257,57,CommonToolExecutor,1024,1024,1,32.7063,1,0
258,58,CommonToolExecutor,1024,1024,1,17.1215,1,0
259,59,CommonToolExecutor,1024,1024,1,15.9834,1,0
260,60,CommonToolExecutor,1024,1024,1,17.4024,1,0
261,61,CommonToolExecutor,1024,1024,1,15.5014,1,0
262,62,CommonToolExecutor,1024,1024,1,49.9129,1,0
263,63,CommonToolExecutor,1024,1024,1,50.5283,1,0
264,64,CommonToolExecutor,1024,1024,1,15.5889,1,0
265,65,CommonToolExecutor,1024,1024,1,51.5303,1,0
266,66,CommonToolExecutor,1024,1024,1,2.51,1,0
267,67,CommonToolExecutor,1024,1024,1,14.6055,1,0
268,68,CommonToolExecutor,1024,1024,1,31.1013,1,0
269,69,CommonToolExecutor,1024,1024,1,15.5499,1,0
270,70,CommonToolExecutor,1024,1024,1,31.7921,1,0
271,71,CommonToolExecutor,1024,1024,1,3.5989,1,0
272,72,CommonToolExecutor,1024,1024,1,11.5726,1,0
273,73,CommonToolExecutor,1024,1024,1,2.2728,1,0
274,74,CommonToolExecutor,1024,1024,1,13.3763,1,0
275,75,CommonToolExecutor,1024,1024,1,16.5888,1,0
276,76,CommonToolExecutor,1024,1024,1,15.5163,1,0
277,77,CommonToolExecutor,1024,1024,1,2.0712,1,0
278,78,CommonToolExecutor,1024,1024,1,42.9036,1,0
279,79,CommonToolExecutor,1024,1024,1,46.1236,1,0
280,80,CommonToolExecutor,1024,1024,1,15.8167,1,0
281,81,CommonToolExecutor,1024,1024,1,48.916,1,0
282,82,CommonToolExecutor,1024,1024,1,18.2675,1,0
283,83,CommonToolExecutor,1024,1024,1,47.9381,1,0
284,84,CommonToolExecutor,1024,1024,1,17.1747,1,0
285,85,CommonToolExecutor,1024,1024,1,16.0907,1,0
286,86,CommonToolExecutor,1024,1024,1,3.0192,1,0
287,87,CommonToolExecutor,1024,1024,1,2.0229,1,0
288,88,CommonToolExecutor,1024,1024,1,27.9891,1,0
289,89,CommonToolExecutor,1024,1024,1,15.8916,1,0
290,90,CommonToolExecutor,1024,1024,1,18.1605,1,0
291,91,CommonToolExecutor,1024,1024,1,16.2244,1,0
292,92,CommonToolExecutor,1024,1024,1,15.0979,1,0
293,93,CommonToolExecutor,1024,1024,1,18.3952,1,0
294,94,CommonToolExecutor,1024,1024,1,16.0482,1,0
295,95,CommonToolExecutor,1024,1024,1,3.6551,1,0
296,96,CommonToolExecutor,1024,1024,1,12.4917,1,0
297,97,CommonToolExecutor,1024,1024,1,16.8625,1,0
298,98,CommonToolExecutor,1024,1024,1,17.0986,1,0
299,99,CommonToolExecutor,1024,1024,1,14.7636,1,0
300,0,CommonToolExecutor,1024,1024,1,19.0552,1,0
301,1,CommonToolExecutor,1024,1024,1,3.4716,1,0
302,2,CommonToolExecutor,1024,1024,1,12.4315,1,0
303,3,CommonToolExecutor,1024,1024,1,2.0903,1,0
304,4,CommonToolExecutor,1024,1024,1,13.9435,1,0
305,5,CommonToolExecutor,1024,1024,1,16.5345,1,0
306,6,CommonToolExecutor,1024,1024,1,14.8291,1,0
307,7,CommonToolExecutor,1024,1024,1,52.6755,1,0
308,8,CommonToolExecutor,1024,1024,1,3.4542,1,0
309,9,CommonToolExecutor,1024,1024,1,12.9809,1,0
310,10,CommonToolExecutor,1024,1024,1,30.2301,1,0
311,11,CommonToolExecutor,1024,1024,1,21.8629,1,0
312,12,CommonToolExecutor,1024,1024,1,15.7004,1,0
313,13,CommonToolExecutor,1024,1024,1,8.3948,1,0
314,14,CommonToolExecutor,1024,1024,1,23.2245,1,0
315,15,CommonToolExecutor,1024,1024,1,14.7631,1,0
316,16,CommonToolExecutor,1024,1024,1,51.0403,1,0
317,17,CommonToolExecutor,1024,1024,1,3.2177,1,0
318,18,CommonToolExecutor,1024,1024,1,2.1478,1,0
319,19,CommonToolExecutor,1024,1024,1,13.2574,1,0
320,20,CommonToolExecutor,1024,1024,1,3.1398,1,0
321,21,CommonToolExecutor,1024,1024,1,13.992,1,0
322,22,CommonToolExecutor,1024,1024,1,45.7733,1,0
323,23,CommonToolExecutor,1024,1024,1,16.5473,1,0
324,24,CommonToolExecutor,1024,1024,1,19.5586,1,0
325,25,CommonToolExecutor,1024,1024,1,32.4735,1,0
326,26,CommonToolExecutor,1024,1024,1,16.4746,1,0
327,27,CommonToolExecutor,1024,1024,1,14.9608,1,0
328,28,CommonToolExecutor,1024,1024,1,51.6386,1,0
329,29,CommonToolExecutor,1024,1024,1,16.9835,1,0
330,30,CommonToolExecutor,1024,1024,1,16.7103,1,0
331,31,CommonToolExecutor,1024,1024,1,48.2168,1,0
332,32,CommonToolExecutor,1024,1024,1,3.4813,1,0
333,33,CommonToolExecutor,1024,1024,1,14.1226,1,0
334,34,CommonToolExecutor,1024,1024,1,49.7562,1,0
335,35,CommonToolExecutor,1024,1024,1,18.5486,1,0
336,36,CommonToolExecutor,1024,1024,1,14.5181,1,0
337,37,CommonToolExecutor,1024,1024,1,49.8344,1,0
338,38,CommonToolExecutor,1024,1024,1,5.1644,1,0
339,39,CommonToolExecutor,1024,1024,1,12.7662,1,0
340,40,CommonToolExecutor,1024,1024,1,33.3687,1,0
341,41,CommonToolExecutor,1024,1024,1,5.2164,1,0
342,42,CommonToolExecutor,1024,1024,1,2.1544,1,0
343,43,CommonToolExecutor,1024,1024,1,22.0074,1,0
344,44,CommonToolExecutor,1024,1024,1,20.0533,1,0
345,45,CommonToolExecutor,1024,1024,1,15.3077,1,0
346,46,CommonToolExecutor,1024,1024,1,50.288,1,0
347,47,CommonToolExecutor,1024,1024,1,3.3423,1,0
348,48,CommonToolExecutor,1024,1024,1,13.1973,1,0
349,49,CommonToolExecutor,1024,1024,1,46.191,1,0
350,50,CommonToolExecutor,1024,1024,1,3.5751,1,0
351,51,CommonToolExecutor,1024,1024,1,2.1669,1,0
352,52,CommonToolExecutor,1024,1024,1,16.4509,1,0
353,53,CommonToolExecutor,1024,1024,1,14.6361,1,0
354,54,CommonToolExecutor,1024,1024,1,15.883,1,0
355,55,CommonToolExecutor,1024,1024,1,3.2351,1,0
356,56,CommonToolExecutor,1024,1024,1,3.022,1,0
357,57,CommonToolExecutor,1024,1024,1,11.9086,1,0
358,58,CommonToolExecutor,1024,1024,1,31.2923,1,0
359,59,CommonToolExecutor,1024,1024,1,19.1468,1,0
360,60,CommonToolExecutor,1024,1024,1,13.5197,1,0
361,61,CommonToolExecutor,1024,1024,1,3.3167,1,0
362,62,CommonToolExecutor,1024,1024,1,3.1275,1,0
363,63,CommonToolExecutor,1024,1024,1,1.9951,1,0
364,64,CommonToolExecutor,1024,1024,1,58.5005,1,0
365,65,CommonToolExecutor,1024,1024,1,3.5797,1,0
366,66,CommonToolExecutor,1024,1024,1,13.0164,1,0
367,67,CommonToolExecutor,1024,1024,1,50.387,1,0
368,68,CommonToolExecutor,1024,1024,1,18.6909,1,0
369,69,CommonToolExecutor,1024,1024,1,14.5456,1,0
370,70,CommonToolExecutor,1024,1024,1,49.9714,1,0
371,71,CommonToolExecutor,1024,1024,1,18.7713,1,0
372,72,CommonToolExecutor,1024,1024,1,13.8929,1,0
373,73,CommonToolExecutor,1024,1024,1,49.7103,1,0
374,74,CommonToolExecutor,1024,1024,1,3.2454,1,0
375,75,CommonToolExecutor,1024,1024,1,13.8363,1,0
376,76,CommonToolExecutor,1024,1024,1,49.3932,1,0
377,77,CommonToolExecutor,1024,1024,1,3.6542,1,0
378,78,CommonToolExecutor,1024,1024,1,13.256,1,0
379,79,CommonToolExecutor,1024,1024,1,48.0116,1,0
380,80,CommonToolExecutor,1024,1024,1,17.3383,1,0
381,81,CommonToolExecutor,1024,1024,1,3.0206,1,0
382,82,CommonToolExecutor,1024,1024,1,17.8469,1,0
383,83,CommonToolExecutor,1024,1024,1,15.3618,1,0
384,84,CommonToolExecutor,1024,1024,1,14.5595,1,0
385,85,CommonToolExecutor,1024,1024,1,49.7322,1,0
386,86,CommonToolExecutor,1024,1024,1,16.8243,1,0
387,87,CommonToolExecutor,1024,1024,1,16.4085,1,0
388,88,CommonToolExecutor,1024,1024,1,16.2451,1,0
389,89,CommonToolExecutor,1024,1024,1,16.2856,1,0
390,90,CommonToolExecutor,1024,1024,1,3.5125,1,0
391,91,CommonToolExecutor,1024,1024,1,32.4953,1,0
392,92,CommonToolExecutor,1024,1024,1,14.2994,1,0
393,93,CommonToolExecutor,1024,1024,1,2.4932,1,0
394,94,CommonToolExecutor,1024,1024,1,29.953,1,0
395,95,CommonToolExecutor,1024,1024,1,3.2622,1,0
396,96,CommonToolExecutor,1024,1024,1,1.9886,1,0
397,97,CommonToolExecutor,1024,1024,1,27.1416,1,0
398,98,CommonToolExecutor,1024,1024,1,17.5072,1,0
399,99,CommonToolExecutor,1024,1024,1,2.0774,1,0
400,0,CommonToolExecutor,1024,1024,1,48.1285,1,0
401,1,CommonToolExecutor,1024,1024,1,2.6656,1,0
402,2,CommonToolExecutor,1024,1024,1,3.4008,1,0
403,3,CommonToolExecutor,1024,1024,1,4.0082,1,0
404,4,CommonToolExecutor,1024,1024,1,23.3689,1,0
405,5,CommonToolExecutor,1024,1024,1,16.8666,1,0
406,6,CommonToolExecutor,1024,1024,1,4.8669,1,0
407,7,CommonToolExecutor,1024,1024,1,2.2961,1,0
408,8,CommonToolExecutor,1024,1024,1,26.809,1,0
409,9,CommonToolExecutor,1024,1024,1,47.2866,1,0
410,10,CommonToolExecutor,1024,1024,1,18.4695,1,0
411,11,CommonToolExecutor,1024,1024,1,3.5754,1,0
412,12,CommonToolExecutor,1024,1024,1,13.5685,1,0
413,13,CommonToolExecutor,1024,1024,1,15.4702,1,0
414,14,CommonToolExecutor,1024,1024,1,6.7533,1,0
415,15,CommonToolExecutor,1024,1024,1,44.2637,1,0
416,16,CommonToolExecutor,1024,1024,1,15.2565,1,0
417,17,CommonToolExecutor,1024,1024,1,15.7523,1,0
418,18,CommonToolExecutor,1024,1024,1,49.3238,1,0
419,19,CommonToolExecutor,1024,1024,1,18.8829,1,0
420,20,CommonToolExecutor,1024,1024,1,5.2458,1,0
421,21,CommonToolExecutor,1024,1024,1,3.1369,1,0
422,22,CommonToolExecutor,1024,1024,1,25.1249,1,0
423,23,CommonToolExecutor,1024,1024,1,4.5761,1,0
424,24,CommonToolExecutor,1024,1024,1,28.4603,1,0
425,25,CommonToolExecutor,1024,1024,1,15.7196,1,0
426,26,CommonToolExecutor,1024,1024,1,17.9988,1,0
427,27,CommonToolExecutor,1024,1024,1,4.0315,1,0
428,28,CommonToolExecutor,1024,1024,1,2.5825,1,0
429,29,CommonToolExecutor,1024,1024,1,3.3033,1,0
430,30,CommonToolExecutor,1024,1024,1,3.762,1,0
431,31,CommonToolExecutor,1024,1024,1,18.4688,1,0
432,32,CommonToolExecutor,1024,1024,1,17.641,1,0
433,33,CommonToolExecutor,1024,1024,1,32.4144,1,0
434,34,CommonToolExecutor,1024,1024,1,15.6999,1,0
435,35,CommonToolExecutor,1024,1024,1,17.1119,1,0
436,36,CommonToolExecutor,1024,1024,1,16.2966,1,0
437,37,CommonToolExecutor,1024,1024,1,14.4298,1,0
438,38,CommonToolExecutor,1024,1024,1,6.1419,1,0
439,39,CommonToolExecutor,1024,1024,1,29.4497,1,0
440,40,CommonToolExecutor,1024,1024,1,16.3624,1,0
441,41,CommonToolExecutor,1024,1024,1,17.5698,1,0
442,42,CommonToolExecutor,1024,1024,1,31.0703,1,0
443,43,CommonToolExecutor,1024,1024,1,14.635,1,0
444,44,CommonToolExecutor,1024,1024,1,3.3742,1,0
445,45,CommonToolExecutor,1024,1024,1,49.4247,1,0
446,46,CommonToolExecutor,1024,1024,1,16.5429,1,0
447,47,CommonToolExecutor,1024,1024,1,17.4928,1,0
448,48,CommonToolExecutor,1024,1024,1,47.4634,1,0
449,49,CommonToolExecutor,1024,1024,1,2.6102,1,0
450,50,CommonToolExecutor,1024,1024,1,16.275,1,0
451,51,CommonToolExecutor,1024,1024,1,48.9361,1,0
452,52,CommonToolExecutor,1024,1024,1,3.4068,1,0
453,53,CommonToolExecutor,1024,1024,1,14.5482,1,0
454,54,CommonToolExecutor,1024,1024,1,48.2536,1,0
455,55,CommonToolExecutor,1024,1024,1,16.2307,1,0
456,56,CommonToolExecutor,1024,1024,1,17.6474,1,0
457,57,CommonToolExecutor,1024,1024,1,13.8391,1,0
458,58,CommonToolExecutor,1024,1024,1,21.4349,1,0
459,59,CommonToolExecutor,1024,1024,1,9.2039,1,0
460,60,CommonToolExecutor,1024,1024,1,23.9687,1,0
461,61,CommonToolExecutor,1024,1024,1,4.6072,1,0
462,62,CommonToolExecutor,1024,1024,1,27.3257,1,0
463,63,CommonToolExecutor,1024,1024,1,44.1796,1,0
464,64,CommonToolExecutor,1024,1024,1,16.5213,1,0
465,65,CommonToolExecutor,1024,1024,1,3.4351,1,0
466,66,CommonToolExecutor,1024,1024,1,50.1186,1,0
467,67,CommonToolExecutor,1024,1024,1,16.7482,1,0
468,68,CommonToolExecutor,1024,1024,1,18.1286,1,0
469,69,CommonToolExecutor,1024,1024,1,48.3465,1,0
470,70,CommonToolExecutor,1024,1024,1,2.4135,1,0
471,71,CommonToolExecutor,1024,1024,1,13.4732,1,0
472,72,CommonToolExecutor,1024,1024,1,17.5039,1,0
473,73,CommonToolExecutor,1024,1024,1,2.5325,1,0
474,74,CommonToolExecutor,1024,1024,1,14.0426,1,0
475,75,CommonToolExecutor,1024,1024,1,49.5532,1,0
476,76,CommonToolExecutor,1024,1024,1,2.1234,1,0
477,77,CommonToolExecutor,1024,1024,1,16.799,1,0
478,78,CommonToolExecutor,1024,1024,1,45.6654,1,0
479,79,CommonToolExecutor,1024,1024,1,15.2058,1,0
480,80,CommonToolExecutor,1024,1024,1,16.3228,1,0
481,81,CommonToolExecutor,1024,1024,1,51.9086,1,0
482,82,CommonToolExecutor,1024,1024,1,16.1277,1,0
483,83,CommonToolExecutor,1024,1024,1,20.142,1,0
484,84,CommonToolExecutor,1024,1024,1,31.6936,1,0
485,85,CommonToolExecutor,1024,1024,1,16.3209,1,0
486,86,CommonToolExecutor,1024,1024,1,3.4861,1,0
487,87,CommonToolExecutor,1024,1024,1,43.7649,1,0
488,88,CommonToolExecutor,1024,1024,1,16.1009,1,0
489,89,CommonToolExecutor,1024,1024,1,23.3043,1,0
490,90,CommonToolExecutor,1024,1024,1,46.441,1,0
491,91,CommonToolExecutor,1024,1024,1,17.9856,1,0
492,92,CommonToolExecutor,1024,1024,1,18.2119,1,0
493,93,CommonToolExecutor,1024,1024,1,47.4389,1,0
494,94,CommonToolExecutor,1024,1024,1,17.1004,1,0
495,95,CommonToolExecutor,1024,1024,1,17.8206,1,0
496,96,CommonToolExecutor,1024,1024,1,29.4335,1,0
497,97,CommonToolExecutor,1024,1024,1,18.8035,1,0
498,98,CommonToolExecutor,1024,1024,1,16.8761,1,0
499,99,CommonToolExecutor,1024,1024,1,47.0936,1,0
500,0,CommonToolExecutor,1024,1024,1,18.8441,1,0
501,1,CommonToolExecutor,1024,1024,1,4.4854,1,0
502,2,CommonToolExecutor,1024,1024,1,3.1382,1,0
503,3,CommonToolExecutor,1024,1024,1,25.1584,1,0
504,4,CommonToolExecutor,1024,1024,1,2.2105,1,0
505,5,CommonToolExecutor,1024,1024,1,2.0253,1,0
506,6,CommonToolExecutor,1024,1024,1,25.453,1,0
507,7,CommonToolExecutor,1024,1024,1,2.0245,1,0
508,8,CommonToolExecutor,1024,1024,1,1.896,1,0
509,9,CommonToolExecutor,1024,1024,1,1.932,1,0
510,10,CommonToolExecutor,1024,1024,1,2.2647,1,0
511,11,CommonToolExecutor,1024,1024,1,27.4894,1,0
512,12,CommonToolExecutor,1024,1024,1,2.6513,1,0
513,13,CommonToolExecutor,1024,1024,1,14.9045,1,0
514,14,CommonToolExecutor,1024,1024,1,16.9087,1,0
515,15,CommonToolExecutor,1024,1024,1,2.2296,1,0
516,16,CommonToolExecutor,1024,1024,1,13.872,1,0
517,17,CommonToolExecutor,1024,1024,1,2.1369,1,0
518,18,CommonToolExecutor,1024,1024,1,1.7841,1,0
519,19,CommonToolExecutor,1024,1024,1,26.4794,1,0
520,20,CommonToolExecutor,1024,1024,1,15.4431,1,0
521,21,CommonToolExecutor,1024,1024,1,21.1473,1,0
522,22,CommonToolExecutor,1024,1024,1,15.8978,1,0
523,23,CommonToolExecutor,1024,1024,1,2.2205,1,0
524,24,CommonToolExecutor,1024,1024,1,2.0675,1,0
525,25,CommonToolExecutor,1024,1024,1,12.2886,1,0
526,26,CommonToolExecutor,1024,1024,1,15.3577,1,0
527,27,CommonToolExecutor,1024,1024,1,15.2553,1,0
528,28,CommonToolExecutor,1024,1024,1,19.4354,1,0
529,29,CommonToolExecutor,1024,1024,1,16.1118,1,0
530,30,CommonToolExecutor,1024,1024,1,1.9718,1,0
531,31,CommonToolExecutor,1024,1024,1,2.2632,1,0
532,32,CommonToolExecutor,1024,1024,1,12.3001,1,0
533,33,CommonToolExecutor,1024,1024,1,2.0561,1,0
534,34,CommonToolExecutor,1024,1024,1,14.7389,1,0
535,35,CommonToolExecutor,1024,1024,1,1.9023,1,0
536,36,CommonToolExecutor,1024,1024,1,1.8843,1,0
537,37,CommonToolExecutor,1024,1024,1,1.8097,1,0
538,38,CommonToolExecutor,1024,1024,1,2.0445,1,0
539,39,CommonToolExecutor,1024,1024,1,2.4624,1,0
540,40,CommonToolExecutor,1024,1024,1,23.1361,1,0
541,41,CommonToolExecutor,1024,1024,1,2.3788,1,0
542,42,CommonToolExecutor,1024,1024,1,2.1171,1,0
543,43,CommonToolExecutor,1024,1024,1,1.9056,1,0
544,44,CommonToolExecutor,1024,1024,1,1.9608,1,0
545,45,CommonToolExecutor,1024,1024,1,24.9751,1,0
546,46,CommonToolExecutor,1024,1024,1,2.1064,1,0
547,47,CommonToolExecutor,1024,1024,1,2.0902,1,0
548,48,CommonToolExecutor,1024,1024,1,12.7989,1,0
549,49,CommonToolExecutor,1024,1024,1,15.2995,1,0
550,50,CommonToolExecutor,1024,1024,1,2.2085,1,0
551,51,CommonToolExecutor,1024,1024,1,14.5126,1,0
552,52,CommonToolExecutor,1024,1024,1,15.5112,1,0
553,53,CommonToolExecutor,1024,1024,1,15.0314,1,0
554,54,CommonToolExecutor,1024,1024,1,20.4263,1,0
555,55,CommonToolExecutor,1024,1024,1,15.694,1,0
556,56,CommonToolExecutor,1024,1024,1,2.5323,1,0
557,57,CommonToolExecutor,1024,1024,1,12.3845,1,0
558,58,CommonToolExecutor,1024,1024,1,18.2459,1,0
559,59,CommonToolExecutor,1024,1024,1,16.3194,1,0
560,60,CommonToolExecutor,1024,1024,1,2.3935,1,0
561,61,CommonToolExecutor,1024,1024,1,1.9148,1,0
562,62,CommonToolExecutor,1024,1024,1,2.2205,1,0
563,63,CommonToolExecutor,1024,1024,1,3.2348,1,0
564,64,CommonToolExecutor,1024,1024,1,2.0136,1,0
565,65,CommonToolExecutor,1024,1024,1,20.8192,1,0
566,66,CommonToolExecutor,1024,1024,1,16.8079,1,0
567,67,CommonToolExecutor,1024,1024,1,2.1568,1,0
568,68,CommonToolExecutor,1024,1024,1,1.8366,1,0
569,69,CommonToolExecutor,1024,1024,1,1.8682,1,0
570,70,CommonToolExecutor,1024,1024,1,1.7915,1,0
571,71,CommonToolExecutor,1024,1024,1,23.0695,1,0
572,72,CommonToolExecutor,1024,1024,1,15.4628,1,0
573,73,CommonToolExecutor,1024,1024,1,15.0948,1,0
574,74,CommonToolExecutor,1024,1024,1,15.3046,1,0
575,75,CommonToolExecutor,1024,1024,1,2.111,1,0
576,76,CommonToolExecutor,1024,1024,1,20.9601,1,0
577,77,CommonToolExecutor,1024,1024,1,19.1546,1,0
578,78,CommonToolExecutor,1024,1024,1,13.7833,1,0
579,79,CommonToolExecutor,1024,1024,1,2.5709,1,0
580,80,CommonToolExecutor,1024,1024,1,13.4398,1,0
581,81,CommonToolExecutor,1024,1024,1,2.02,1,0
582,82,CommonToolExecutor,1024,1024,1,1.9243,1,0
583,83,CommonToolExecutor,1024,1024,1,1.8035,1,0
584,84,CommonToolExecutor,1024,1024,1,1.8057,1,0
585,85,CommonToolExecutor,1024,1024,1,24.0076,1,0
586,86,CommonToolExecutor,1024,1024,1,15.3559,1,0
587,87,CommonToolExecutor,1024,1024,1,1.966,1,0
588,88,CommonToolExecutor,1024,1024,1,1.9019,1,0
589,89,CommonToolExecutor,1024,1024,1,2.0735,1,0
590,90,CommonToolExecutor,1024,1024,1,13.9416,1,0
591,91,CommonToolExecutor,1024,1024,1,15.9825,1,0
592,92,CommonToolExecutor,1024,1024,1,16.6776,1,0
593,93,CommonToolExecutor,1024,1024,1,16.7148,1,0
594,94,CommonToolExecutor,1024,1024,1,2.6407,1,0
595,95,CommonToolExecutor,1024,1024,1,3.0219,1,0
596,96,CommonToolExecutor,1024,1024,1,25.5283,1,0
597,97,CommonToolExecutor,1024,1024,1,19.2319,1,0
598,98,CommonToolExecutor,1024,1024,1,3.3173,1,0
599,99,CommonToolExecutor,1024,1024,1,13.9186,1,0
600,0,CommonToolExecutor,1024,1024,1,48.4646,1,0
601,1,CommonToolExecutor,1024,1024,1,33.407,1,0
602,2,CommonToolExecutor,1024,1024,1,16.8418,1,0
603,3,CommonToolExecutor,1024,1024,1,33.8681,1,0
604,4,CommonToolExecutor,1024,1024,1,18.1462,1,0
605,5,CommonToolExecutor,1024,1024,1,43.1907,1,0
606,6,CommonToolExecutor,1024,1024,1,53.8263,1,0
607,7,CommonToolExecutor,1024,1024,1,31.4108,1,0
608,8,CommonToolExecutor,1024,1024,1,19.048,1,0
609,9,CommonToolExecutor,1024,1024,1,32.0348,1,0
610,10,CommonToolExecutor,1024,1024,1,36.2186,1,0
611,11,CommonToolExecutor,1024,1024,1,3.3286,1,0
612,12,CommonToolExecutor,1024,1024,1,13.4776,1,0
613,13,CommonToolExecutor,1024,1024,1,30.2649,1,0
614,14,CommonToolExecutor,1024,1024,1,2.9559,1,0
615,15,CommonToolExecutor,1024,1024,1,14.7382,1,0
616,16,CommonToolExecutor,1024,1024,1,33.338,1,0
617,17,CommonToolExecutor,1024,1024,1,47.2769,1,0
618,18,CommonToolExecutor,1024,1024,1,49.9613,1,0
619,19,CommonToolExecutor,1024,1024,1,47.2411,1,0
620,20,CommonToolExecutor,1024,1024,1,54.7813,1,0
621,21,CommonToolExecutor,1024,1024,1,49.035,1,0
622,22,CommonToolExecutor,1024,1024,1,49.8096,1,0
623,23,CommonToolExecutor,1024,1024,1,31.3769,1,0
624,24,CommonToolExecutor,1024,1024,1,51.7347,1,0
625,25,CommonToolExecutor,1024,1024,1,34.0088,1,0
626,26,CommonToolExecutor,1024,1024,1,49.6042,1,0
627,27,CommonToolExecutor,1024,1024,1,49.1347,1,0
628,28,CommonToolExecutor,1024,1024,1,50.5474,1,0
629,29,CommonToolExecutor,1024,1024,1,49.9234,1,0
630,30,CommonToolExecutor,1024,1024,1,33.74,1,0
631,31,CommonToolExecutor,1024,1024,1,47.9412,1,0
632,32,CommonToolExecutor,1024,1024,1,34.5457,1,0
633,33,CommonToolExecutor,1024,1024,1,49.8111,1,0
634,34,CommonToolExecutor,1024,1024,1,19.2351,1,0
635,35,CommonToolExecutor,1024,1024,1,30.5251,1,0
636,36,CommonToolExecutor,1024,1024,1,47.0747,1,0
637,37,CommonToolExecutor,1024,1024,1,53.0192,1,0
638,38,CommonToolExecutor,1024,1024,1,32.3549,1,0
639,39,CommonToolExecutor,1024,1024,1,35.3621,1,0
640,40,CommonToolExecutor,1024,1024,1,15.0627,1,0
641,41,CommonToolExecutor,1024,1024,1,34.5794,1,0
642,42,CommonToolExecutor,1024,1024,1,3.0678,1,0
643,43,CommonToolExecutor,1024,1024,1,28.1897,1,0
644,44,CommonToolExecutor,1024,1024,1,30.2138,1,0
645,45,CommonToolExecutor,1024,1024,1,18.8113,1,0
646,46,CommonToolExecutor,1024,1024,1,34.345,1,0
647,47,CommonToolExecutor,1024,1024,1,50.1592,1,0
648,48,CommonToolExecutor,1024,1024,1,3.6525,1,0
649,49,CommonToolExecutor,1024,1024,1,14.6606,1,0
650,50,CommonToolExecutor,1024,1024,1,15.6777,1,0
651,51,CommonToolExecutor,1024,1024,1,49.255,1,0
652,52,CommonToolExecutor,1024,1024,1,49.6337,1,0
653,53,CommonToolExecutor,1024,1024,1,18.1645,1,0
654,54,CommonToolExecutor,1024,1024,1,48.4719,1,0
655,55,CommonToolExecutor,1024,1024,1,48.6153,1,0
656,56,CommonToolExecutor,1024,1024,1,17.9603,1,0
657,57,CommonToolExecutor,1024,1024,1,16.0144,1,0
658,58,CommonToolExecutor,1024,1024,1,47.866,1,0
659,59,CommonToolExecutor,1024,1024,1,32.4497,1,0
660,60,CommonToolExecutor,1024,1024,1,30.3505,1,0
661,61,CommonToolExecutor,1024,1024,1,53.9072,1,0
662,62,CommonToolExecutor,1024,1024,1,3.495,1,0
663,63,CommonToolExecutor,1024,1024,1,48.9901,1,0
664,64,CommonToolExecutor,1024,1024,1,32.5582,1,0
665,65,CommonToolExecutor,1024,1024,1,29.0048,1,0
666,66,CommonToolExecutor,1024,1024,1,54.9267,1,0
667,67,CommonToolExecutor,1024,1024,1,49.2851,1,0
668,68,CommonToolExecutor,1024,1024,1,3.5899,1,0
669,69,CommonToolExecutor,1024,1024,1,30.4581,1,0
670,70,CommonToolExecutor,1024,1024,1,3.6037,1,0
671,71,CommonToolExecutor,1024,1024,1,3.4034,1,0
672,72,CommonToolExecutor,1024,1024,1,59.115,1,0
673,73,CommonToolExecutor,1024,1024,1,18.8143,1,0
674,74,CommonToolExecutor,1024,1024,1,32.0633,1,0
675,75,CommonToolExecutor,1024,1024,1,15.1978,1,0
676,76,CommonToolExecutor,1024,1024,1,49.5672,1,0
677,77,CommonToolExecutor,1024,1024,1,35.3474,1,0
678,78,CommonToolExecutor,1024,1024,1,48.0066,1,0
679,79,CommonToolExecutor,1024,1024,1,49.971,1,0
680,80,CommonToolExecutor,1024,1024,1,47.8955,1,0
681,81,CommonToolExecutor,1024,1024,1,52.3715,1,0
682,82,CommonToolExecutor,1024,1024,1,29.9139,1,0
683,83,CommonToolExecutor,1024,1024,1,52.2938,1,0
684,84,CommonToolExecutor,1024,1024,1,33.1112,1,0
685,85,CommonToolExecutor,1024,1024,1,50.1138,1,0
686,86,CommonToolExecutor,1024,1024,1,33.3363,1,0
687,87,CommonToolExecutor,1024,1024,1,49.309,1,0
688,88,CommonToolExecutor,1024,1024,1,50.4526,1,0
689,89,CommonToolExecutor,1024,1024,1,17.4551,1,0
690,90,CommonToolExecutor,1024,1024,1,3.302,1,0
691,91,CommonToolExecutor,1024,1024,1,43.8495,1,0
692,92,CommonToolExecutor,1024,1024,1,52.3263,1,0
693,93,CommonToolExecutor,1024,1024,1,34.1838,1,0
694,94,CommonToolExecutor,1024,1024,1,15.5697,1,0
695,95,CommonToolExecutor,1024,1024,1,32.7768,1,0
696,96,CommonToolExecutor,1024,1024,1,50.6633,1,0
697,97,CommonToolExecutor,1024,1024,1,3.6034,1,0
698,98,CommonToolExecutor,1024,1024,1,3.3219,1,0
699,99,CommonToolExecutor,1024,1024,1,58.9613,1,0
700,0,CommonToolExecutor,1024,1024,1,32.7865,1,0
701,1,CommonToolExecutor,1024,1024,1,49.8261,1,0
702,2,CommonToolExecutor,1024,1024,1,16.1678,1,0
703,3,CommonToolExecutor,1024,1024,1,50.6357,1,0
704,4,CommonToolExecutor,1024,1024,1,3.1824,1,0
705,5,CommonToolExecutor,1024,1024,1,63.1958,1,0
706,6,CommonToolExecutor,1024,1024,1,34.188,1,0
707,7,CommonToolExecutor,1024,1024,1,31.6275,1,0
708,8,CommonToolExecutor,1024,1024,1,15.4847,1,0
709,9,CommonToolExecutor,1024,1024,1,47.3341,1,0
710,10,CommonToolExecutor,1024,1024,1,3.201,1,0
711,11,CommonToolExecutor,1024,1024,1,2.6304,1,0
712,12,CommonToolExecutor,1024,1024,1,15.6777,1,0
713,13,CommonToolExecutor,1024,1024,1,2.9784,1,0
714,14,CommonToolExecutor,1024,1024,1,46.2885,1,0
715,15,CommonToolExecutor,1024,1024,1,33.7114,1,0
716,16,CommonToolExecutor,1024,1024,1,16.521,1,0
717,17,CommonToolExecutor,1024,1024,1,49.3933,1,0
718,18,CommonToolExecutor,1024,1024,1,34.9517,1,0
719,19,CommonToolExecutor,1024,1024,1,46.8876,1,0
720,20,CommonToolExecutor,1024,1024,1,18.1696,1,0
721,21,CommonToolExecutor,1024,1024,1,3.1392,1,0
722,22,CommonToolExecutor,1024,1024,1,63.4671,1,0
723,23,CommonToolExecutor,1024,1024,1,50.4749,1,0
724,24,CommonToolExecutor,1024,1024,1,16.8961,1,0
725,25,CommonToolExecutor,1024,1024,1,15.9235,1,0
726,26,CommonToolExecutor,1024,1024,1,16.3957,1,0
727,27,CommonToolExecutor,1024,1024,1,47.8993,1,0
728,28,CommonToolExecutor,1024,1024,1,15.4113,1,0
729,29,CommonToolExecutor,1024,1024,1,20.4188,1,0
730,30,CommonToolExecutor,1024,1024,1,2.7669,1,0
731,31,CommonToolExecutor,1024,1024,1,2.3891,1,0
732,32,CommonToolExecutor,1024,1024,1,43.0811,1,0
733,33,CommonToolExecutor,1024,1024,1,50.4575,1,0
734,34,CommonToolExecutor,1024,1024,1,16.3334,1,0
735,35,CommonToolExecutor,1024,1024,1,34.387,1,0
736,36,CommonToolExecutor,1024,1024,1,49.2606,1,0
737,37,CommonToolExecutor,1024,1024,1,34.6775,1,0
738,38,CommonToolExecutor,1024,1024,1,18.2484,1,0
739,39,CommonToolExecutor,1024,1024,1,28.6233,1,0
740,40,CommonToolExecutor,1024,1024,1,2.2786,1,0
741,41,CommonToolExecutor,1024,1024,1,2.1461,1,0
742,42,CommonToolExecutor,1024,1024,1,56.2165,1,0
743,43,CommonToolExecutor,1024,1024,1,24.5235,1,0
744,44,CommonToolExecutor,1024,1024,1,4.3603,1,0
745,45,CommonToolExecutor,1024,1024,1,27.5939,1,0
746,46,CommonToolExecutor,1024,1024,1,50.2588,1,0
747,47,CommonToolExecutor,1024,1024,1,17.3205,1,0
748,48,CommonToolExecutor,1024,1024,1,49.3594,1,0
749,49,CommonToolExecutor,1024,1024,1,17.2276,1,0
750,50,CommonToolExecutor,1024,1024,1,32.2023,1,0
751,51,CommonToolExecutor,1024,1024,1,17.1651,1,0
752,52,CommonToolExecutor,1024,1024,1,17.8507,1,0
753,53,CommonToolExecutor,1024,1024,1,48.7345,1,0
754,54,CommonToolExecutor,1024,1024,1,16.7853,1,0
755,55,CommonToolExecutor,1024,1024,1,4.7239,1,0
756,56,CommonToolExecutor,1024,1024,1,42.715,1,0
757,57,CommonToolExecutor,1024,1024,1,2.6329,1,0
758,58,CommonToolExecutor,1024,1024,1,31.3858,1,0
759,59,CommonToolExecutor,1024,1024,1,16.7831,1,0
760,60,CommonToolExecutor,1024,1024,1,2.0689,1,0
761,61,CommonToolExecutor,1024,1024,1,46.9607,1,0
762,62,CommonToolExecutor,1024,1024,1,3.3554,1,0
763,63,CommonToolExecutor,1024,1024,1,16.5585,1,0
764,64,CommonToolExecutor,1024,1024,1,15.1417,1,0
765,65,CommonToolExecutor,1024,1024,1,16.3628,1,0
766,66,CommonToolExecutor,1024,1024,1,16.9291,1,0
767,67,CommonToolExecutor,1024,1024,1,16.1777,1,0
768,68,CommonToolExecutor,1024,1024,1,3.5104,1,0
769,69,CommonToolExecutor,1024,1024,1,28.3102,1,0
770,70,CommonToolExecutor,1024,1024,1,34.266,1,0
771,71,CommonToolExecutor,1024,1024,1,49.3638,1,0
772,72,CommonToolExecutor,1024,1024,1,50.2059,1,0
773,73,CommonToolExecutor,1024,1024,1,17.1485,1,0
774,74,CommonToolExecutor,1024,1024,1,16.3661,1,0
775,75,CommonToolExecutor,1024,1024,1,48.0741,1,0
776,76,CommonToolExecutor,1024,1024,1,18.6841,1,0
777,77,CommonToolExecutor,1024,1024,1,3.4315,1,0
778,78,CommonToolExecutor,1024,1024,1,3.213,1,0
779,79,CommonToolExecutor,1024,1024,1,2.1371,1,0
780,80,CommonToolExecutor,1024,1024,1,2.9142,1,0
781,81,CommonToolExecutor,1024,1024,1,2.7128,1,0
782,82,CommonToolExecutor,1024,1024,1,2.3029,1,0
783,83,CommonToolExecutor,1024,1024,1,2.3506,1,0
784,84,CommonToolExecutor,1024,1024,1,2.103,1,0
785,85,CommonToolExecutor,1024,1024,1,3.3616,1,0
786,86,CommonToolExecutor,1024,1024,1,2.2272,1,0
787,87,CommonToolExecutor,1024,1024,1,2.0851,1,0
788,88,CommonToolExecutor,1024,1024,1,2.0819,1,0
789,89,CommonToolExecutor,1024,1024,1,2.1646,1,0
790,90,CommonToolExecutor,1024,1024,1,2.0349,1,0
791,91,CommonToolExecutor,1024,1024,1,14.2546,1,0
792,92,CommonToolExecutor,1024,1024,1,15.5638,1,0
793,93,CommonToolExecutor,1024,1024,1,2.4567,1,0
794,94,CommonToolExecutor,1024,1024,1,12.3079,1,0
795,95,CommonToolExecutor,1024,1024,1,2.089,1,0
796,96,CommonToolExecutor,1024,1024,1,12.7063,1,0
797,97,CommonToolExecutor,1024,1024,1,3.4702,1,0
798,98,CommonToolExecutor,1024,1024,1,17.6652,1,0
799,99,CommonToolExecutor,1024,1024,1,47.978,1,0
800,0,CommonToolExecutor,1024,1024,1,2.2233,1,0
801,1,CommonToolExecutor,1024,1024,1,28.3564,1,0
802,2,CommonToolExecutor,1024,1024,1,17.5469,1,0
803,3,CommonToolExecutor,1024,1024,1,20.9034,1,0
804,4,CommonToolExecutor,1024,1024,1,32.6752,1,0
805,5,CommonToolExecutor,1024,1024,1,17.6338,1,0
806,6,CommonToolExecutor,1024,1024,1,14.6124,1,0
807,7,CommonToolExecutor,1024,1024,1,33.2794,1,0
808,8,CommonToolExecutor,1024,1024,1,5.5963,1,0
809,9,CommonToolExecutor,1024,1024,1,12.9988,1,0
810,10,CommonToolExecutor,1024,1024,1,32.3106,1,0
811,11,CommonToolExecutor,1024,1024,1,3.1552,1,0
812,12,CommonToolExecutor,1024,1024,1,2.1365,1,0
813,13,CommonToolExecutor,1024,1024,1,42.4079,1,0
814,14,CommonToolExecutor,1024,1024,1,19.5418,1,0
815,15,CommonToolExecutor,1024,1024,1,3.1575,1,0
816,16,CommonToolExecutor,1024,1024,1,27.8863,1,0
817,17,CommonToolExecutor,1024,1024,1,3.191,1,0
818,18,CommonToolExecutor,1024,1024,1,14.687,1,0
819,19,CommonToolExecutor,1024,1024,1,48.7149,1,0
820,20,CommonToolExecutor,1024,1024,1,18.3511,1,0
821,21,CommonToolExecutor,1024,1024,1,14.833,1,0
822,22,CommonToolExecutor,1024,1024,1,50.5953,1,0
823,23,CommonToolExecutor,1024,1024,1,17.8561,1,0
824,24,CommonToolExecutor,1024,1024,1,14.829,1,0
825,25,CommonToolExecutor,1024,1024,1,4.3153,1,0
826,26,CommonToolExecutor,1024,1024,1,16.0804,1,0
827,27,CommonToolExecutor,1024,1024,1,13.6375,1,0
828,28,CommonToolExecutor,1024,1024,1,15.2707,1,0
829,29,CommonToolExecutor,1024,1024,1,16.6677,1,0
830,30,CommonToolExecutor,1024,1024,1,19.861,1,0
831,31,CommonToolExecutor,1024,1024,1,46.5467,1,0
832,32,CommonToolExecutor,1024,1024,1,17.6153,1,0
833,33,CommonToolExecutor,1024,1024,1,14.0015,1,0
834,34,CommonToolExecutor,1024,1024,1,51.7293,1,0
835,35,CommonToolExecutor,1024,1024,1,18.5595,1,0
836,36,CommonToolExecutor,1024,1024,1,14.8865,1,0
837,37,CommonToolExecutor,1024,1024,1,49.6555,1,0
838,38,CommonToolExecutor,1024,1024,1,17.5404,1,0
839,39,CommonToolExecutor,1024,1024,1,2.0356,1,0
840,40,CommonToolExecutor,1024,1024,1,47.6936,1,0
841,41,CommonToolExecutor,1024,1024,1,17.236,1,0
842,42,CommonToolExecutor,1024,1024,1,2.4633,1,0
843,43,CommonToolExecutor,1024,1024,1,12.4867,1,0
844,44,CommonToolExecutor,1024,1024,1,17.8528,1,0
845,45,CommonToolExecutor,1024,1024,1,15.6852,1,0
846,46,CommonToolExecutor,1024,1024,1,47.9547,1,0
847,47,CommonToolExecutor,1024,1024,1,17.5866,1,0
848,48,CommonToolExecutor,1024,1024,1,2.6145,1,0
849,49,CommonToolExecutor,1024,1024,1,25.7276,1,0
850,50,CommonToolExecutor,1024,1024,1,3.4202,1,0
851,51,CommonToolExecutor,1024,1024,1,2.3755,1,0
852,52,CommonToolExecutor,1024,1024,1,32.5535,1,0
853,53,CommonToolExecutor,1024,1024,1,7.362,1,0
854,54,CommonToolExecutor,1024,1024,1,26.5408,1,0
855,55,CommonToolExecutor,1024,1024,1,16.8461,1,0
856,56,CommonToolExecutor,1024,1024,1,17.3287,1,0
857,57,CommonToolExecutor,1024,1024,1,2.4772,1,0
858,58,CommonToolExecutor,1024,1024,1,3.4871,1,0
859,59,CommonToolExecutor,1024,1024,1,27.1517,1,0
860,60,CommonToolExecutor,1024,1024,1,2.1094,1,0
861,61,CommonToolExecutor,1024,1024,1,27.4227,1,0
862,62,CommonToolExecutor,1024,1024,1,17.6021,1,0
863,63,CommonToolExecutor,1024,1024,1,14.2329,1,0
864,64,CommonToolExecutor,1024,1024,1,53.4527,1,0
865,65,CommonToolExecutor,1024,1024,1,18.6251,1,0
866,66,CommonToolExecutor,1024,1024,1,15.1056,1,0
867,67,CommonToolExecutor,1024,1024,1,32.5557,1,0
868,68,CommonToolExecutor,1024,1024,1,18.058,1,0
869,69,CommonToolExecutor,1024,1024,1,3.7913,1,0
870,70,CommonToolExecutor,1024,1024,1,30.3272,1,0
871,71,CommonToolExecutor,1024,1024,1,14.7329,1,0
872,72,CommonToolExecutor,1024,1024,1,14.0798,1,0
873,73,CommonToolExecutor,1024,1024,1,3.5851,1,0
874,74,CommonToolExecutor,1024,1024,1,6.4479,1,0
875,75,CommonToolExecutor,1024,1024,1,3.2879,1,0
876,76,CommonToolExecutor,1024,1024,1,38.6588,1,0
877,77,CommonToolExecutor,1024,1024,1,16.8017,1,0
878,78,CommonToolExecutor,1024,1024,1,16.5377,1,0
879,79,CommonToolExecutor,1024,1024,1,49.2893,1,0
880,80,CommonToolExecutor,1024,1024,1,3.711,1,0
881,81,CommonToolExecutor,1024,1024,1,14.8255,1,0
882,82,CommonToolExecutor,1024,1024,1,48.5119,1,0
883,83,CommonToolExecutor,1024,1024,1,17.6116,1,0
884,84,CommonToolExecutor,1024,1024,1,15.607,1,0
885,85,CommonToolExecutor,1024,1024,1,32.939,1,0
886,86,CommonToolExecutor,1024,1024,1,17.9064,1,0
887,87,CommonToolExecutor,1024,1024,1,15.7205,1,0
888,88,CommonToolExecutor,1024,1024,1,48.2306,1,0
889,89,CommonToolExecutor,1024,1024,1,19.4088,1,0
890,90,CommonToolExecutor,1024,1024,1,15.5304,1,0
891,91,CommonToolExecutor,1024,1024,1,32.9004,1,0
892,92,CommonToolExecutor,1024,1024,1,16.6356,1,0
893,93,CommonToolExecutor,1024,1024,1,2.5213,1,0
894,94,CommonToolExecutor,1024,1024,1,14.0047,1,0
895,95,CommonToolExecutor,1024,1024,1,5.3237,1,0
896,96,CommonToolExecutor,1024,1024,1,3.7654,1,0
897,97,CommonToolExecutor,1024,1024,1,25.3089,1,0
898,98,CommonToolExecutor,1024,1024,1,3.2004,1,0
899,99,CommonToolExecutor,1024,1024,1,27.2789,1,0
900,0,CommonToolExecutor,1024,1024,1,17.2539,1,0
901,1,CommonToolExecutor,1024,1024,1,17.4752,1,0
902,2,CommonToolExecutor,1024,1024,1,17.7715,1,0
903,3,CommonToolExecutor,1024,1024,1,3.8037,1,0
904,4,CommonToolExecutor,1024,1024,1,26.4224,1,0
905,5,CommonToolExecutor,1024,1024,1,17.0775,1,0
906,6,CommonToolExecutor,1024,1024,1,48.7037,1,0
907,7,CommonToolExecutor,1024,1024,1,18.8474,1,0
908,8,CommonToolExecutor,1024,1024,1,3.2791,1,0
909,9,CommonToolExecutor,1024,1024,1,30.4553,1,0
910,10,CommonToolExecutor,1024,1024,1,2.2956,1,0
911,11,CommonToolExecutor,1024,1024,1,14.109,1,0
912,12,CommonToolExecutor,1024,1024,1,3.3124,1,0
913,13,CommonToolExecutor,1024,1024,1,25.195,1,0
914,14,CommonToolExecutor,1024,1024,1,22.363,1,0
915,15,CommonToolExecutor,1024,1024,1,48.015,1,0
916,16,CommonToolExecutor,1024,1024,1,2.257,1,0
917,17,CommonToolExecutor,1024,1024,1,15.4874,1,0
918,18,CommonToolExecutor,1024,1024,1,30.0916,1,0
919,19,CommonToolExecutor,1024,1024,1,18.7635,1,0
920,20,CommonToolExecutor,1024,1024,1,18.5861,1,0
921,21,CommonToolExecutor,1024,1024,1,4.8686,1,0
922,22,CommonToolExecutor,1024,1024,1,2.2245,1,0
923,23,CommonToolExecutor,1024,1024,1,25.5142,1,0
924,24,CommonToolExecutor,1024,1024,1,4.5875,1,0
925,25,CommonToolExecutor,1024,1024,1,12.5056,1,0
926,26,CommonToolExecutor,1024,1024,1,15.694,1,0
927,27,CommonToolExecutor,1024,1024,1,16.9281,1,0
928,28,CommonToolExecutor,1024,1024,1,13.3458,1,0
929,29,CommonToolExecutor,1024,1024,1,16.2442,1,0
930,30,CommonToolExecutor,1024,1024,1,35.068,1,0
931,31,CommonToolExecutor,1024,1024,1,4.0009,1,0
932,32,CommonToolExecutor,1024,1024,1,3.3694,1,0
933,33,CommonToolExecutor,1024,1024,1,28.1894,1,0
934,34,CommonToolExecutor,1024,1024,1,14.3146,1,0
935,35,CommonToolExecutor,1024,1024,1,17.6923,1,0
936,36,CommonToolExecutor,1024,1024,1,46.5415,1,0
937,37,CommonToolExecutor,1024,1024,1,16.0051,1,0
938,38,CommonToolExecutor,1024,1024,1,22.0515,1,0
939,39,CommonToolExecutor,1024,1024,1,30.79,1,0
940,40,CommonToolExecutor,1024,1024,1,15.7136,1,0
941,41,CommonToolExecutor,1024,1024,1,16.3262,1,0
942,42,CommonToolExecutor,1024,1024,1,20.0314,1,0
943,43,CommonToolExecutor,1024,1024,1,3.6443,1,0
944,44,CommonToolExecutor,1024,1024,1,4.9795,1,0
945,45,CommonToolExecutor,1024,1024,1,54.9715,1,0
946,46,CommonToolExecutor,1024,1024,1,17.9726,1,0
947,47,CommonToolExecutor,1024,1024,1,16.6473,1,0
948,48,CommonToolExecutor,1024,1024,1,48.4158,1,0
949,49,CommonToolExecutor,1024,1024,1,17.5849,1,0
950,50,CommonToolExecutor,1024,1024,1,16.4558,1,0
951,51,CommonToolExecutor,1024,1024,1,49.0172,1,0
952,52,CommonToolExecutor,1024,1024,1,16.8009,1,0
953,53,CommonToolExecutor,1024,1024,1,3.4437,1,0
954,54,CommonToolExecutor,1024,1024,1,46.2211,1,0
955,55,CommonToolExecutor,1024,1024,1,15.3804,1,0
956,56,CommonToolExecutor,1024,1024,1,3.6352,1,0
957,57,CommonToolExecutor,1024,1024,1,45.962,1,0
958,58,CommonToolExecutor,1024,1024,1,2.7795,1,0
959,59,CommonToolExecutor,1024,1024,1,16.5531,1,0
960,60,CommonToolExecutor,1024,1024,1,3.5945,1,0
961,61,CommonToolExecutor,1024,1024,1,2.0422,1,0
962,62,CommonToolExecutor,1024,1024,1,3.3318,1,0
963,63,CommonToolExecutor,1024,1024,1,2.978,1,0
964,64,CommonToolExecutor,1024,1024,1,2.1307,1,0
965,65,CommonToolExecutor,1024,1024,1,3.4261,1,0
966,66,CommonToolExecutor,1024,1024,1,42.8266,1,0
967,67,CommonToolExecutor,1024,1024,1,16.4671,1,0
968,68,CommonToolExecutor,1024,1024,1,16.2892,1,0
969,69,CommonToolExecutor,1024,1024,1,53.2848,1,0
970,70,CommonToolExecutor,1024,1024,1,2.7956,1,0
971,71,CommonToolExecutor,1024,1024,1,16.9056,1,0
972,72,CommonToolExecutor,1024,1024,1,48.1248,1,0
973,73,CommonToolExecutor,1024,1024,1,2.3091,1,0
974,74,CommonToolExecutor,1024,1024,1,16.2614,1,0
975,75,CommonToolExecutor,1024,1024,1,48.9773,1,0
976,76,CommonToolExecutor,1024,1024,1,15.2679,1,0
977,77,CommonToolExecutor,1024,1024,1,18.7794,1,0
978,78,CommonToolExecutor,1024,1024,1,29.4264,1,0
979,79,CommonToolExecutor,1024,1024,1,2.6013,1,0
980,80,CommonToolExecutor,1024,1024,1,3.218,1,0
981,81,CommonToolExecutor,1024,1024,1,29.3103,1,0
982,82,CommonToolExecutor,1024,1024,1,2.1645,1,0
983,83,CommonToolExecutor,1024,1024,1,3.049,1,0
984,84,CommonToolExecutor,1024,1024,1,46.1769,1,0
985,85,CommonToolExecutor,1024,1024,1,14.5785,1,0
986,86,CommonToolExecutor,1024,1024,1,16.7714,1,0
987,87,CommonToolExecutor,1024,1024,1,19.1435,1,0
988,88,CommonToolExecutor,1024,1024,1,14.7098,1,0
989,89,CommonToolExecutor,1024,1024,1,15.723,1,0
990,90,CommonToolExecutor,1024,1024,1,32.7908,1,0
991,91,CommonToolExecutor,1024,1024,1,14.7677,1,0
992,92,CommonToolExecutor,1024,1024,1,17.0618,1,0
993,93,CommonToolExecutor,1024,1024,1,53.4522,1,0
994,94,CommonToolExecutor,1024,1024,1,14.8195,1,0
995,95,CommonToolExecutor,1024,1024,1,18.8716,1,0
996,96,CommonToolExecutor,1024,1024,1,47.6922,1,0
997,97,CommonToolExecutor,1024,1024,1,17.5967,1,0
998,98,CommonToolExecutor,1024,1024,1,17.0747,1,0
999,99,CommonToolExecutor,1024,1024,1,45.2552,1,0
1000,0,CommonToolExecutor,1024,1024,1,20.651,1,0
1001,1,CommonToolExecutor,1024,1024,1,3.8095,1,0
1002,2,CommonToolExecutor,1024,1024,1,2.2518,1,0
1003,3,CommonToolExecutor,1024,1024,1,27.116,1,0
1004,4,CommonToolExecutor,1024,1024,1,16.0511,1,0
1005,5,CommonToolExecutor,1024,1024,1,17.1911,1,0
1006,6,CommonToolExecutor,1024,1024,1,16.1051,1,0
1007,7,CommonToolExecutor,1024,1024,1,16.5482,1,0
1008,8,CommonToolExecutor,1024,1024,1,16.8558,1,0
1009,9,CommonToolExecutor,1024,1024,1,14.6028,1,0
1010,10,CommonToolExecutor,1024,1024,1,15.8573,1,0
1011,11,CommonToolExecutor,1024,1024,1,16.6227,1,0
1012,12,CommonToolExecutor,1024,1024,1,4.4606,1,0
1013,13,CommonToolExecutor,1024,1024,1,16.868,1,0
1014,14,CommonToolExecutor,1024,1024,1,15.3339,1,0
1015,15,CommonToolExecutor,1024,1024,1,2.4355,1,0
1016,16,CommonToolExecutor,1024,1024,1,12.9996,1,0
1017,17,CommonToolExecutor,1024,1024,1,16.4798,1,0
1018,18,CommonToolExecutor,1024,1024,1,2.2246,1,0
1019,19,CommonToolExecutor,1024,1024,1,2.0666,1,0
1020,20,CommonToolExecutor,1024,1024,1,2.2114,1,0
1021,21,CommonToolExecutor,1024,1024,1,2.5376,1,0
1022,22,CommonToolExecutor,1024,1024,1,2.5935,1,0
1023,23,CommonToolExecutor,1024,1024,1,2.0357,1,0
1024,24,CommonToolExecutor,1024,1024,1,1.8946,1,0
1025,25,CommonToolExecutor,1024,1024,1,1.9862,1,0
1026,26,CommonToolExecutor,1024,1024,1,15.5935,1,0
1027,27,CommonToolExecutor,1024,1024,1,16.214,1,0
1028,28,CommonToolExecutor,1024,1024,1,2.0427,1,0
1029,29,CommonToolExecutor,1024,1024,1,13.6579,1,0
1030,30,CommonToolExecutor,1024,1024,1,16.2906,1,0
1031,31,CommonToolExecutor,1024,1024,1,2.2176,1,0
1032,32,CommonToolExecutor,1024,1024,1,2.2232,1,0
1033,33,CommonToolExecutor,1024,1024,1,13.2238,1,0
1034,34,CommonToolExecutor,1024,1024,1,17.4772,1,0
1035,35,CommonToolExecutor,1024,1024,1,16.1795,1,0
1036,36,CommonToolExecutor,1024,1024,1,15.9687,1,0
1037,37,CommonToolExecutor,1024,1024,1,15.42,1,0
1038,38,CommonToolExecutor,1024,1024,1,15.9885,1,0
1039,39,CommonToolExecutor,1024,1024,1,2.1395,1,0
1040,40,CommonToolExecutor,1024,1024,1,1.9667,1,0
1041,41,CommonToolExecutor,1024,1024,1,2.267,1,0
1042,42,CommonToolExecutor,1024,1024,1,13.1562,1,0
1043,43,CommonToolExecutor,1024,1024,1,2.236,1,0
1044,44,CommonToolExecutor,1024,1024,1,13.3665,1,0
1045,45,CommonToolExecutor,1024,1024,1,16.2678,1,0
1046,46,CommonToolExecutor,1024,1024,1,2.2123,1,0
1047,47,CommonToolExecutor,1024,1024,1,1.9995,1,0
1048,48,CommonToolExecutor,1024,1024,1,12.8407,1,0
1049,49,CommonToolExecutor,1024,1024,1,2.654,1,0
1050,50,CommonToolExecutor,1024,1024,1,11.9886,1,0
1051,51,CommonToolExecutor,1024,1024,1,18.0608,1,0
1052,52,CommonToolExecutor,1024,1024,1,2.0543,1,0
1053,53,CommonToolExecutor,1024,1024,1,2.2847,1,0
1054,54,CommonToolExecutor,1024,1024,1,2.0638,1,0
1055,55,CommonToolExecutor,1024,1024,1,2.1923,1,0
1056,56,CommonToolExecutor,1024,1024,1,22.6644,1,0
1057,57,CommonToolExecutor,1024,1024,1,18.1885,1,0
1058,58,CommonToolExecutor,1024,1024,1,2.1754,1,0
1059,59,CommonToolExecutor,1024,1024,1,2.0896,1,0
1060,60,CommonToolExecutor,1024,1024,1,1.938,1,0
1061,61,CommonToolExecutor,1024,1024,1,2.171,1,0
1062,62,CommonToolExecutor,1024,1024,1,24.7164,1,0
1063,63,CommonToolExecutor,1024,1024,1,2.1284,1,0
1064,64,CommonToolExecutor,1024,1024,1,13.31,1,0
1065,65,CommonToolExecutor,1024,1024,1,1.8298,1,0
1066,66,CommonToolExecutor,1024,1024,1,15.0473,1,0
1067,67,CommonToolExecutor,1024,1024,1,4.1154,1,0
1068,68,CommonToolExecutor,1024,1024,1,3.3163,1,0
1069,69,CommonToolExecutor,1024,1024,1,2.971,1,0
1070,70,CommonToolExecutor,1024,1024,1,2.9857,1,0
1071,71,CommonToolExecutor,1024,1024,1,2.7621,1,0
1072,72,CommonToolExecutor,1024,1024,1,13.1044,1,0
1073,73,CommonToolExecutor,1024,1024,1,15.8582,1,0
1074,74,CommonToolExecutor,1024,1024,1,14.8745,1,0
1075,75,CommonToolExecutor,1024,1024,1,1.9515,1,0
1076,76,CommonToolExecutor,1024,1024,1,2.065,1,0
1077,77,CommonToolExecutor,1024,1024,1,20.7145,1,0
1078,78,CommonToolExecutor,1024,1024,1,2.0043,1,0
1079,79,CommonToolExecutor,1024,1024,1,13.0862,1,0
1080,80,CommonToolExecutor,1024,1024,1,2.1076,1,0
1081,81,CommonToolExecutor,1024,1024,1,13.8766,1,0
1082,82,CommonToolExecutor,1024,1024,1,17.8421,1,0
1083,83,CommonToolExecutor,1024,1024,1,2.0265,1,0
1084,84,CommonToolExecutor,1024,1024,1,12.2579,1,0
1085,85,CommonToolExecutor,1024,1024,1,14.8893,1,0
1086,86,CommonToolExecutor,1024,1024,1,20.4121,1,0
1087,87,CommonToolExecutor,1024,1024,1,2.0109,1,0
1088,88,CommonToolExecutor,1024,1024,1,14.2148,1,0
1089,89,CommonToolExecutor,1024,1024,1,15.8517,1,0
1090,90,CommonToolExecutor,1024,1024,1,17.0221,1,0
1091,91,CommonToolExecutor,1024,1024,1,15.5185,1,0
1092,92,CommonToolExecutor,1024,1024,1,17.5782,1,0
1093,93,CommonToolExecutor,1024,1024,1,16.6846,1,0
1094,94,CommonToolExecutor,1024,1024,1,2.0609,1,0
1095,95,CommonToolExecutor,1024,1024,1,14.7366,1,0
1096,96,CommonToolExecutor,1024,1024,1,18.5642,1,0
1097,97,CommonToolExecutor,1024,1024,1,2.1802,1,0
1098,98,CommonToolExecutor,1024,1024,1,1.9495,1,0
1099,99,CommonToolExecutor,1024,1024,1,11.9544,1,0
1100,0,CommonToolExecutor,1024,1024,1,30.1434,1,0
1101,1,CommonToolExecutor,1024,1024,1,50.257,1,0
1102,2,CommonToolExecutor,1024,1024,1,30.877,1,0
1103,3,CommonToolExecutor,1024,1024,1,53.1843,1,0
1104,4,CommonToolExecutor,1024,1024,1,19.2692,1,0
1105,5,CommonToolExecutor,1024,1024,1,46.8054,1,0
1106,6,CommonToolExecutor,1024,1024,1,5.5231,1,0
1107,7,CommonToolExecutor,1024,1024,1,44.8636,1,0
1108,8,CommonToolExecutor,1024,1024,1,47.1968,1,0
1109,9,CommonToolExecutor,1024,1024,1,15.7513,1,0
1110,10,CommonToolExecutor,1024,1024,1,3.4736,1,0
1111,11,CommonToolExecutor,1024,1024,1,34.1441,1,0
1112,12,CommonToolExecutor,1024,1024,1,48.8624,1,0
1113,13,CommonToolExecutor,1024,1024,1,50.1344,1,0
1114,14,CommonToolExecutor,1024,1024,1,19.3444,1,0
1115,15,CommonToolExecutor,1024,1024,1,33.3608,1,0
1116,16,CommonToolExecutor,1024,1024,1,4.5767,1,0
1117,17,CommonToolExecutor,1024,1024,1,41.577,1,0
1118,18,CommonToolExecutor,1024,1024,1,3.4728,1,0
1119,19,CommonToolExecutor,1024,1024,1,2.9719,1,0
1120,20,CommonToolExecutor,1024,1024,1,28.2612,1,0
1121,21,CommonToolExecutor,1024,1024,1,31.3634,1,0
1122,22,CommonToolExecutor,1024,1024,1,16.0182,1,0
1123,23,CommonToolExecutor,1024,1024,1,51.4187,1,0
1124,24,CommonToolExecutor,1024,1024,1,5.0618,1,0
1125,25,CommonToolExecutor,1024,1024,1,44.9619,1,0
1126,26,CommonToolExecutor,1024,1024,1,49.5843,1,0
1127,27,CommonToolExecutor,1024,1024,1,34.4973,1,0
1128,28,CommonToolExecutor,1024,1024,1,48.4372,1,0
1129,29,CommonToolExecutor,1024,1024,1,33.3569,1,0
1130,30,CommonToolExecutor,1024,1024,1,16.3083,1,0
1131,31,CommonToolExecutor,1024,1024,1,47.9676,1,0
1132,32,CommonToolExecutor,1024,1024,1,50.9076,1,0
1133,33,CommonToolExecutor,1024,1024,1,34.3168,1,0
1134,34,CommonToolExecutor,1024,1024,1,50.0559,1,0
1135,35,CommonToolExecutor,1024,1024,1,15.9204,1,0
1136,36,CommonToolExecutor,1024,1024,1,29.705,1,0
1137,37,CommonToolExecutor,1024,1024,1,3.3952,1,0
1138,38,CommonToolExecutor,1024,1024,1,50.4021,1,0
1139,39,CommonToolExecutor,1024,1024,1,34.4423,1,0
1140,40,CommonToolExecutor,1024,1024,1,16.9215,1,0
1141,41,CommonToolExecutor,1024,1024,1,16.2817,1,0
1142,42,CommonToolExecutor,1024,1024,1,48.9913,1,0
1143,43,CommonToolExecutor,1024,1024,1,46.2567,1,0
1144,44,CommonToolExecutor,1024,1024,1,20.1811,1,0
1145,45,CommonToolExecutor,1024,1024,1,49.8688,1,0
1146,46,CommonToolExecutor,1024,1024,1,3.1062,1,0
1147,47,CommonToolExecutor,1024,1024,1,15.4558,1,0
1148,48,CommonToolExecutor,1024,1024,1,45.3443,1,0
1149,49,CommonToolExecutor,1024,1024,1,52.7788,1,0
1150,50,CommonToolExecutor,1024,1024,1,50.4604,1,0
1151,51,CommonToolExecutor,1024,1024,1,34.8061,1,0
1152,52,CommonToolExecutor,1024,1024,1,30.7209,1,0
1153,53,CommonToolExecutor,1024,1024,1,29.7449,1,0
1154,54,CommonToolExecutor,1024,1024,1,38.2439,1,0
1155,55,CommonToolExecutor,1024,1024,1,3.3511,1,0
1156,56,CommonToolExecutor,1024,1024,1,42.2026,1,0
1157,57,CommonToolExecutor,1024,1024,1,46.4103,1,0
1158,58,CommonToolExecutor,1024,1024,1,23.3074,1,0
1159,59,CommonToolExecutor,1024,1024,1,4.8149,1,0
1160,60,CommonToolExecutor,1024,1024,1,44.2359,1,0
1161,61,CommonToolExecutor,1024,1024,1,51.2145,1,0
1162,62,CommonToolExecutor,1024,1024,1,33.407,1,0
1163,63,CommonToolExecutor,1024,1024,1,15.8073,1,0
1164,64,CommonToolExecutor,1024,1024,1,33.6366,1,0
1165,65,CommonToolExecutor,1024,1024,1,34.6816,1,0
1166,66,CommonToolExecutor,1024,1024,1,32.9612,1,0
1167,67,CommonToolExecutor,1024,1024,1,47.1424,1,0
1168,68,CommonToolExecutor,1024,1024,1,47.0724,1,0
1169,69,CommonToolExecutor,1024,1024,1,3.5078,1,0
1170,70,CommonToolExecutor,1024,1024,1,32.8766,1,0
1171,71,CommonToolExecutor,1024,1024,1,50.0563,1,0
1172,72,CommonToolExecutor,1024,1024,1,15.5572,1,0
1173,73,CommonToolExecutor,1024,1024,1,50.8125,1,0
1174,74,CommonToolExecutor,1024,1024,1,50.0056,1,0
1175,75,CommonToolExecutor,1024,1024,1,33.112,1,0
1176,76,CommonToolExecutor,1024,1024,1,16.8018,1,0
1177,77,CommonToolExecutor,1024,1024,1,50.4865,1,0
1178,78,CommonToolExecutor,1024,1024,1,47.6872,1,0
1179,79,CommonToolExecutor,1024,1024,1,52.2176,1,0
1180,80,CommonToolExecutor,1024,1024,1,49.3876,1,0
1181,81,CommonToolExecutor,1024,1024,1,46.9877,1,0
1182,82,CommonToolExecutor,1024,1024,1,51.1149,1,0
1183,83,CommonToolExecutor,1024,1024,1,52.0792,1,0
1184,84,CommonToolExecutor,1024,1024,1,34.8497,1,0
1185,85,CommonToolExecutor,1024,1024,1,16.8101,1,0
1186,86,CommonToolExecutor,1024,1024,1,49.1407,1,0
1187,87,CommonToolExecutor,1024,1024,1,32.3619,1,0
1188,88,CommonToolExecutor,1024,1024,1,18.9617,1,0
1189,89,CommonToolExecutor,1024,1024,1,44.2819,1,0
1190,90,CommonToolExecutor,1024,1024,1,52.0838,1,0
1191,91,CommonToolExecutor,1024,1024,1,33.7216,1,0
1192,92,CommonToolExecutor,1024,1024,1,16.3528,1,0
1193,93,CommonToolExecutor,1024,1024,1,31.4404,1,0
1194,94,CommonToolExecutor,1024,1024,1,50.1973,1,0
1195,95,CommonToolExecutor,1024,1024,1,45.3045,1,0
1196,96,CommonToolExecutor,1024,1024,1,39.7682,1,0
1197,97,CommonToolExecutor,1024,1024,1,48.4257,1,0
1198,98,CommonToolExecutor,1024,1024,1,51.7073,1,0
1199,99,CommonToolExecutor,1024,1024,1,49.1101,1,0
1200,0,CommonToolExecutor,1024,1024,1,2.3338,1,0
1201,1,CommonToolExecutor,1024,1024,1,14.6925,1,0
1202,2,CommonToolExecutor,1024,1024,1,16.3102,1,0
1203,3,CommonToolExecutor,1024,1024,1,2.3246,1,0
1204,4,CommonToolExecutor,1024,1024,1,15.2161,1,0
1205,5,CommonToolExecutor,1024,1024,1,48.2483,1,0
1206,6,CommonToolExecutor,1024,1024,1,17.2335,1,0
1207,7,CommonToolExecutor,1024,1024,1,3.1344,1,0
1208,8,CommonToolExecutor,1024,1024,1,2.0362,1,0
1209,9,CommonToolExecutor,1024,1024,1,12.9685,1,0
1210,10,CommonToolExecutor,1024,1024,1,14.4686,1,0
1211,11,CommonToolExecutor,1024,1024,1,2.2782,1,0
1212,12,CommonToolExecutor,1024,1024,1,47.939,1,0
1213,13,CommonToolExecutor,1024,1024,1,18.8714,1,0
1214,14,CommonToolExecutor,1024,1024,1,2.9136,1,0
1215,15,CommonToolExecutor,1024,1024,1,13.032,1,0
1216,16,CommonToolExecutor,1024,1024,1,2.1817,1,0
1217,17,CommonToolExecutor,1024,1024,1,28.3023,1,0
1218,18,CommonToolExecutor,1024,1024,1,18.266,1,0
1219,19,CommonToolExecutor,1024,1024,1,3.3033,1,0
1220,20,CommonToolExecutor,1024,1024,1,13.5857,1,0
1221,21,CommonToolExecutor,1024,1024,1,14.4748,1,0
1222,22,CommonToolExecutor,1024,1024,1,3.0659,1,0
1223,23,CommonToolExecutor,1024,1024,1,14.7334,1,0
1224,24,CommonToolExecutor,1024,1024,1,2.2504,1,0
1225,25,CommonToolExecutor,1024,1024,1,13.8819,1,0
1226,26,CommonToolExecutor,1024,1024,1,17.1453,1,0
1227,27,CommonToolExecutor,1024,1024,1,49.5351,1,0
1228,28,CommonToolExecutor,1024,1024,1,50.2109,1,0
1229,29,CommonToolExecutor,1024,1024,1,17.1508,1,0
1230,30,CommonToolExecutor,1024,1024,1,47.8908,1,0
1231,31,CommonToolExecutor,1024,1024,1,50.2159,1,0
1232,32,CommonToolExecutor,1024,1024,1,32.0813,1,0
1233,33,CommonToolExecutor,1024,1024,1,16.3304,1,0
1234,34,CommonToolExecutor,1024,1024,1,2.3918,1,0
1235,35,CommonToolExecutor,1024,1024,1,2.5422,1,0
1236,36,CommonToolExecutor,1024,1024,1,16.1622,1,0
1237,37,CommonToolExecutor,1024,1024,1,47.0179,1,0
1238,38,CommonToolExecutor,1024,1024,1,19.3584,1,0
1239,39,CommonToolExecutor,1024,1024,1,15.8763,1,0
1240,40,CommonToolExecutor,1024,1024,1,15.826,1,0
1241,41,CommonToolExecutor,1024,1024,1,16.9709,1,0
1242,42,CommonToolExecutor,1024,1024,1,48.6042,1,0
1243,43,CommonToolExecutor,1024,1024,1,17.6574,1,0
1244,44,CommonToolExecutor,1024,1024,1,48.5071,1,0
1245,45,CommonToolExecutor,1024,1024,1,2.7214,1,0
1246,46,CommonToolExecutor,1024,1024,1,15.3688,1,0
1247,47,CommonToolExecutor,1024,1024,1,48.3625,1,0
1248,48,CommonToolExecutor,1024,1024,1,49.8592,1,0
1249,49,CommonToolExecutor,1024,1024,1,3.2485,1,0
1250,50,CommonToolExecutor,1024,1024,1,13.9428,1,0
1251,51,CommonToolExecutor,1024,1024,1,48.1919,1,0
1252,52,CommonToolExecutor,1024,1024,1,2.2449,1,0
1253,53,CommonToolExecutor,1024,1024,1,1.9062,1,0
1254,54,CommonToolExecutor,1024,1024,1,1.8651,1,0
1255,55,CommonToolExecutor,1024,1024,1,45.0288,1,0
1256,56,CommonToolExecutor,1024,1024,1,18.6262,1,0
1257,57,CommonToolExecutor,1024,1024,1,3.1861,1,0
1258,58,CommonToolExecutor,1024,1024,1,2.7342,1,0
1259,59,CommonToolExecutor,1024,1024,1,25.1287,1,0
1260,60,CommonToolExecutor,1024,1024,1,32.452,1,0
1261,61,CommonToolExecutor,1024,1024,1,3.27,1,0
1262,62,CommonToolExecutor,1024,1024,1,2.1672,1,0
1263,63,CommonToolExecutor,1024,1024,1,12.2795,1,0
1264,64,CommonToolExecutor,1024,1024,1,16.6045,1,0
1265,65,CommonToolExecutor,1024,1024,1,16.5873,1,0
1266,66,CommonToolExecutor,1024,1024,1,4.377,1,0
1267,67,CommonToolExecutor,1024,1024,1,27.9282,1,0
1268,68,CommonToolExecutor,1024,1024,1,16.5829,1,0
1269,69,CommonToolExecutor,1024,1024,1,50.3235,1,0
1270,70,CommonToolExecutor,1024,1024,1,49.7492,1,0
1271,71,CommonToolExecutor,1024,1024,1,17.2789,1,0
1272,72,CommonToolExecutor,1024,1024,1,16.5452,1,0
1273,73,CommonToolExecutor,1024,1024,1,49.9767,1,0
1274,74,CommonToolExecutor,1024,1024,1,18.5242,1,0
1275,75,CommonToolExecutor,1024,1024,1,47.8626,1,0
1276,76,CommonToolExecutor,1024,1024,1,17.2001,1,0
1277,77,CommonToolExecutor,1024,1024,1,16.3314,1,0
1278,78,CommonToolExecutor,1024,1024,1,49.4323,1,0
1279,79,CommonToolExecutor,1024,1024,1,16.6418,1,0
1280,80,CommonToolExecutor,1024,1024,1,15.1949,1,0
1281,81,CommonToolExecutor,1024,1024,1,50.7338,1,0
1282,82,CommonToolExecutor,1024,1024,1,17.3143,1,0
1283,83,CommonToolExecutor,1024,1024,1,2.6439,1,0
1284,84,CommonToolExecutor,1024,1024,1,26.9856,1,0
1285,85,CommonToolExecutor,1024,1024,1,19.9582,1,0
1286,86,CommonToolExecutor,1024,1024,1,14.9932,1,0
1287,87,CommonToolExecutor,1024,1024,1,15.2629,1,0
1288,88,CommonToolExecutor,1024,1024,1,51.2916,1,0
1289,89,CommonToolExecutor,1024,1024,1,19.1751,1,0
1290,90,CommonToolExecutor,1024,1024,1,2.0299,1,0
1291,91,CommonToolExecutor,1024,1024,1,15.5569,1,0
1292,92,CommonToolExecutor,1024,1024,1,30.1313,1,0
1293,93,CommonToolExecutor,1024,1024,1,50.5107,1,0
1294,94,CommonToolExecutor,1024,1024,1,32.9279,1,0
1295,95,CommonToolExecutor,1024,1024,1,17.171,1,0
1296,96,CommonToolExecutor,1024,1024,1,16.9432,1,0
1297,97,CommonToolExecutor,1024,1024,1,16.5726,1,0
1298,98,CommonToolExecutor,1024,1024,1,17.1381,1,0
1299,99,CommonToolExecutor,1024,1024,1,4.9129,1,0
1300,0,CommonToolExecutor,1024,1024,1,3.5013,1,0
1301,1,CommonToolExecutor,1024,1024,1,39.6278,1,0
1302,2,CommonToolExecutor,1024,1024,1,19.1556,1,0
1303,3,CommonToolExecutor,1024,1024,1,16.0375,1,0
1304,4,CommonToolExecutor,1024,1024,1,31.8912,1,0
1305,5,CommonToolExecutor,1024,1024,1,16.6181,1,0
1306,6,CommonToolExecutor,1024,1024,1,2.3354,1,0
1307,7,CommonToolExecutor,1024,1024,1,29.0744,1,0
1308,8,CommonToolExecutor,1024,1024,1,19.4852,1,0
1309,9,CommonToolExecutor,1024,1024,1,15.39,1,0
1310,10,CommonToolExecutor,1024,1024,1,33.022,1,0
1311,11,CommonToolExecutor,1024,1024,1,3.6772,1,0
1312,12,CommonToolExecutor,1024,1024,1,2.0854,1,0
1313,13,CommonToolExecutor,1024,1024,1,3.1868,1,0
1314,14,CommonToolExecutor,1024,1024,1,3.1093,1,0
1315,15,CommonToolExecutor,1024,1024,1,19.1307,1,0
1316,16,CommonToolExecutor,1024,1024,1,35.1643,1,0
1317,17,CommonToolExecutor,1024,1024,1,18.0464,1,0
1318,18,CommonToolExecutor,1024,1024,1,15.8284,1,0
1319,19,CommonToolExecutor,1024,1024,1,4.3122,1,0
1320,20,CommonToolExecutor,1024,1024,1,3.3971,1,0
1321,21,CommonToolExecutor,1024,1024,1,25.0044,1,0
1322,22,CommonToolExecutor,1024,1024,1,32.6903,1,0
1323,23,CommonToolExecutor,1024,1024,1,18.6843,1,0
1324,24,CommonToolExecutor,1024,1024,1,14.7083,1,0
1325,25,CommonToolExecutor,1024,1024,1,31.429,1,0
1326,26,CommonToolExecutor,1024,1024,1,17.5984,1,0
1327,27,CommonToolExecutor,1024,1024,1,2.3598,1,0
1328,28,CommonToolExecutor,1024,1024,1,48.2422,1,0
1329,29,CommonToolExecutor,1024,1024,1,2.9829,1,0
1330,30,CommonToolExecutor,1024,1024,1,13.6875,1,0
1331,31,CommonToolExecutor,1024,1024,1,49.32,1,0
1332,32,CommonToolExecutor,1024,1024,1,18.5379,1,0
1333,33,CommonToolExecutor,1024,1024,1,15.6085,1,0
1334,34,CommonToolExecutor,1024,1024,1,32.4792,1,0
1335,35,CommonToolExecutor,1024,1024,1,3.7371,1,0
1336,36,CommonToolExecutor,1024,1024,1,27.2053,1,0
1337,37,CommonToolExecutor,1024,1024,1,52.3267,1,0
1338,38,CommonToolExecutor,1024,1024,1,16.6915,1,0
1339,39,CommonToolExecutor,1024,1024,1,2.2655,1,0
1340,40,CommonToolExecutor,1024,1024,1,16.2049,1,0
1341,41,CommonToolExecutor,1024,1024,1,15.1909,1,0
1342,42,CommonToolExecutor,1024,1024,1,2.3505,1,0
1343,43,CommonToolExecutor,1024,1024,1,45.2072,1,0
1344,44,CommonToolExecutor,1024,1024,1,4.7401,1,0
1345,45,CommonToolExecutor,1024,1024,1,26.6298,1,0
1346,46,CommonToolExecutor,1024,1024,1,53.4959,1,0
1347,47,CommonToolExecutor,1024,1024,1,3.3706,1,0
1348,48,CommonToolExecutor,1024,1024,1,15.2627,1,0
1349,49,CommonToolExecutor,1024,1024,1,31.3782,1,0
1350,50,CommonToolExecutor,1024,1024,1,16.644,1,0
1351,51,CommonToolExecutor,1024,1024,1,2.9603,1,0
1352,52,CommonToolExecutor,1024,1024,1,30.8829,1,0
1353,53,CommonToolExecutor,1024,1024,1,16.7202,1,0
1354,54,CommonToolExecutor,1024,1024,1,15.7828,1,0
1355,55,CommonToolExecutor,1024,1024,1,15.8595,1,0
1356,56,CommonToolExecutor,1024,1024,1,17.1566,1,0
1357,57,CommonToolExecutor,1024,1024,1,16.7513,1,0
1358,58,CommonToolExecutor,1024,1024,1,3.5236,1,0
1359,59,CommonToolExecutor,1024,1024,1,3.2017,1,0
1360,60,CommonToolExecutor,1024,1024,1,2.0255,1,0
1361,61,CommonToolExecutor,1024,1024,1,23.7026,1,0
1362,62,CommonToolExecutor,1024,1024,1,3.1583,1,0
1363,63,CommonToolExecutor,1024,1024,1,1.929,1,0
1364,64,CommonToolExecutor,1024,1024,1,28.1194,1,0
1365,65,CommonToolExecutor,1024,1024,1,16.4078,1,0
1366,66,CommonToolExecutor,1024,1024,1,17.7232,1,0
1367,67,CommonToolExecutor,1024,1024,1,15.5601,1,0
1368,68,CommonToolExecutor,1024,1024,1,3.3056,1,0
1369,69,CommonToolExecutor,1024,1024,1,2.2683,1,0
1370,70,CommonToolExecutor,1024,1024,1,23.3685,1,0
1371,71,CommonToolExecutor,1024,1024,1,17.3287,1,0
1372,72,CommonToolExecutor,1024,1024,1,2.0762,1,0
1373,73,CommonToolExecutor,1024,1024,1,66.6079,1,0
1374,74,CommonToolExecutor,1024,1024,1,17.6263,1,0
1375,75,CommonToolExecutor,1024,1024,1,13.588,1,0
1376,76,CommonToolExecutor,1024,1024,1,46.4437,1,0
1377,77,CommonToolExecutor,1024,1024,1,16.9715,1,0
1378,78,CommonToolExecutor,1024,1024,1,2.5636,1,0
1379,79,CommonToolExecutor,1024,1024,1,3.2168,1,0
1380,80,CommonToolExecutor,1024,1024,1,3.5607,1,0
1381,81,CommonToolExecutor,1024,1024,1,14.5127,1,0
1382,82,CommonToolExecutor,1024,1024,1,32.1053,1,0
1383,83,CommonToolExecutor,1024,1024,1,18.8292,1,0
1384,84,CommonToolExecutor,1024,1024,1,14.8772,1,0
1385,85,CommonToolExecutor,1024,1024,1,17.8705,1,0
1386,86,CommonToolExecutor,1024,1024,1,3.395,1,0
1387,87,CommonToolExecutor,1024,1024,1,2.1555,1,0
1388,88,CommonToolExecutor,1024,1024,1,4.6075,1,0
1389,89,CommonToolExecutor,1024,1024,1,22.7702,1,0
1390,90,CommonToolExecutor,1024,1024,1,16.5187,1,0
1391,91,CommonToolExecutor,1024,1024,1,16.9304,1,0
1392,92,CommonToolExecutor,1024,1024,1,16.5694,1,0
1393,93,CommonToolExecutor,1024,1024,1,16.1757,1,0
1394,94,CommonToolExecutor,1024,1024,1,29.9729,1,0
1395,95,CommonToolExecutor,1024,1024,1,17.2305,1,0
1396,96,CommonToolExecutor,1024,1024,1,19.6995,1,0
1397,97,CommonToolExecutor,1024,1024,1,3.9762,1,0
1398,98,CommonToolExecutor,1024,1024,1,3.3121,1,0
1399,99,CommonToolExecutor,1024,1024,1,24.4289,1,0
1400,0,CommonToolExecutor,1024,1024,1,30.3416,1,0
1401,1,CommonToolExecutor,1024,1024,1,19.9186,1,0
1402,2,CommonToolExecutor,1024,1024,1,20.6143,1,0
1403,3,CommonToolExecutor,1024,1024,1,44.7857,1,0
1404,4,CommonToolExecutor,1024,1024,1,2.3511,1,0
1405,5,CommonToolExecutor,1024,1024,1,14.264,1,0
1406,6,CommonToolExecutor,1024,1024,1,33.78,1,0
1407,7,CommonToolExecutor,1024,1024,1,16.4376,1,0
1408,8,CommonToolExecutor,1024,1024,1,19.2879,1,0
1409,9,CommonToolExecutor,1024,1024,1,27.4193,1,0
1410,10,CommonToolExecutor,1024,1024,1,2.2219,1,0
1411,11,CommonToolExecutor,1024,1024,1,16.0858,1,0
1412,12,CommonToolExecutor,1024,1024,1,18.2212,1,0
1413,13,CommonToolExecutor,1024,1024,1,15.6771,1,0
1414,14,CommonToolExecutor,1024,1024,1,18.608,1,0
1415,15,CommonToolExecutor,1024,1024,1,48.6815,1,0
1416,16,CommonToolExecutor,1024,1024,1,15.8644,1,0
1417,17,CommonToolExecutor,1024,1024,1,18.2018,1,0
1418,18,CommonToolExecutor,1024,1024,1,48.4538,1,0
1419,19,CommonToolExecutor,1024,1024,1,15.3768,1,0
1420,20,CommonToolExecutor,1024,1024,1,19.642,1,0
1421,21,CommonToolExecutor,1024,1024,1,16.9004,1,0
1422,22,CommonToolExecutor,1024,1024,1,2.2017,1,0
1423,23,CommonToolExecutor,1024,1024,1,3.594,1,0
1424,24,CommonToolExecutor,1024,1024,1,56.7754,1,0
1425,25,CommonToolExecutor,1024,1024,1,19.0347,1,0
1426,26,CommonToolExecutor,1024,1024,1,16.5477,1,0
1427,27,CommonToolExecutor,1024,1024,1,18.7528,1,0
1428,28,CommonToolExecutor,1024,1024,1,14.3362,1,0
1429,29,CommonToolExecutor,1024,1024,1,18.4691,1,0
1430,30,CommonToolExecutor,1024,1024,1,47.414,1,0
1431,31,CommonToolExecutor,1024,1024,1,17.3295,1,0
1432,32,CommonToolExecutor,1024,1024,1,17.5974,1,0
1433,33,CommonToolExecutor,1024,1024,1,46.6277,1,0
1434,34,CommonToolExecutor,1024,1024,1,16.0308,1,0
1435,35,CommonToolExecutor,1024,1024,1,3.4204,1,0
1436,36,CommonToolExecutor,1024,1024,1,31.8979,1,0
1437,37,CommonToolExecutor,1024,1024,1,2.2629,1,0
1438,38,CommonToolExecutor,1024,1024,1,3.0148,1,0
1439,39,CommonToolExecutor,1024,1024,1,27.6876,1,0
1440,40,CommonToolExecutor,1024,1024,1,2.0736,1,0
1441,41,CommonToolExecutor,1024,1024,1,16.2487,1,0
1442,42,CommonToolExecutor,1024,1024,1,15.0452,1,0
1443,43,CommonToolExecutor,1024,1024,1,15.5936,1,0
1444,44,CommonToolExecutor,1024,1024,1,16.2723,1,0
1445,45,CommonToolExecutor,1024,1024,1,16.4857,1,0
1446,46,CommonToolExecutor,1024,1024,1,2.613,1,0
1447,47,CommonToolExecutor,1024,1024,1,12.3895,1,0
1448,48,CommonToolExecutor,1024,1024,1,52.7452,1,0
1449,49,CommonToolExecutor,1024,1024,1,17.6366,1,0
1450,50,CommonToolExecutor,1024,1024,1,3.3775,1,0
1451,51,CommonToolExecutor,1024,1024,1,42.8396,1,0
1452,52,CommonToolExecutor,1024,1024,1,16.5421,1,0
1453,53,CommonToolExecutor,1024,1024,1,16.3018,1,0
1454,54,CommonToolExecutor,1024,1024,1,4.5519,1,0
1455,55,CommonToolExecutor,1024,1024,1,3.5296,1,0
1456,56,CommonToolExecutor,1024,1024,1,14.863,1,0
1457,57,CommonToolExecutor,1024,1024,1,5.6649,1,0
1458,58,CommonToolExecutor,1024,1024,1,2.8283,1,0
1459,59,CommonToolExecutor,1024,1024,1,3.8852,1,0
1460,60,CommonToolExecutor,1024,1024,1,50.8023,1,0
1461,61,CommonToolExecutor,1024,1024,1,16.948,1,0
1462,62,CommonToolExecutor,1024,1024,1,8.0538,1,0
1463,63,CommonToolExecutor,1024,1024,1,41.5347,1,0
1464,64,CommonToolExecutor,1024,1024,1,15.6162,1,0
1465,65,CommonToolExecutor,1024,1024,1,15.8922,1,0
1466,66,CommonToolExecutor,1024,1024,1,35.0031,1,0
1467,67,CommonToolExecutor,1024,1024,1,2.4317,1,0
1468,68,CommonToolExecutor,1024,1024,1,4.2556,1,0
1469,69,CommonToolExecutor,1024,1024,1,27.5617,1,0
1470,70,CommonToolExecutor,1024,1024,1,15.429,1,0
1471,71,CommonToolExecutor,1024,1024,1,3.2264,1,0
1472,72,CommonToolExecutor,1024,1024,1,29.6589,1,0
1473,73,CommonToolExecutor,1024,1024,1,2.7528,1,0
1474,74,CommonToolExecutor,1024,1024,1,14.2943,1,0
1475,75,CommonToolExecutor,1024,1024,1,5.0978,1,0
1476,76,CommonToolExecutor,1024,1024,1,2.2575,1,0
1477,77,CommonToolExecutor,1024,1024,1,26.6111,1,0
1478,78,CommonToolExecutor,1024,1024,1,15.0851,1,0
1479,79,CommonToolExecutor,1024,1024,1,13.5485,1,0
1480,80,CommonToolExecutor,1024,1024,1,3.1841,1,0
1481,81,CommonToolExecutor,1024,1024,1,19.055,1,0
1482,82,CommonToolExecutor,1024,1024,1,2.5221,1,0
1483,83,CommonToolExecutor,1024,1024,1,26.5548,1,0
1484,84,CommonToolExecutor,1024,1024,1,51.3069,1,0
1485,85,CommonToolExecutor,1024,1024,1,2.2373,1,0
1486,86,CommonToolExecutor,1024,1024,1,17.0433,1,0
1487,87,CommonToolExecutor,1024,1024,1,43.6024,1,0
1488,88,CommonToolExecutor,1024,1024,1,15.5911,1,0
1489,89,CommonToolExecutor,1024,1024,1,16.4199,1,0
1490,90,CommonToolExecutor,1024,1024,1,24.8017,1,0
1491,91,CommonToolExecutor,1024,1024,1,13.3608,1,0
1492,92,CommonToolExecutor,1024,1024,1,17.6137,1,0
1493,93,CommonToolExecutor,1024,1024,1,4.0302,1,0
1494,94,CommonToolExecutor,1024,1024,1,13.6984,1,0
1495,95,CommonToolExecutor,1024,1024,1,15.6808,1,0
1496,96,CommonToolExecutor,1024,1024,1,30.1975,1,0
1497,97,CommonToolExecutor,1024,1024,1,15.8839,1,0
1498,98,CommonToolExecutor,1024,1024,1,3.6035,1,0
1499,99,CommonToolExecutor,1024,1024,1,46.0989,1,0
1500,0,CommonToolExecutor,1024,1024,1,2.2325,1,0
1501,1,CommonToolExecutor,1024,1024,1,1.8954,1,0
1502,2,CommonToolExecutor,1024,1024,1,1.9815,1,0
1503,3,CommonToolExecutor,1024,1024,1,1.8786,1,0
1504,4,CommonToolExecutor,1024,1024,1,1.7982,1,0
1505,5,CommonToolExecutor,1024,1024,1,1.9636,1,0
1506,6,CommonToolExecutor,1024,1024,1,1.9601,1,0
1507,7,CommonToolExecutor,1024,1024,1,2.0741,1,0
1508,8,CommonToolExecutor,1024,1024,1,19.3627,1,0
1509,9,CommonToolExecutor,1024,1024,1,3.0562,1,0
1510,10,CommonToolExecutor,1024,1024,1,2.0556,1,0
1511,11,CommonToolExecutor,1024,1024,1,26.6107,1,0
1512,12,CommonToolExecutor,1024,1024,1,2.5933,1,0
1513,13,CommonToolExecutor,1024,1024,1,17.048,1,0
1514,14,CommonToolExecutor,1024,1024,1,14.9908,1,0
1515,15,CommonToolExecutor,1024,1024,1,16.6181,1,0
1516,16,CommonToolExecutor,1024,1024,1,1.9075,1,0
1517,17,CommonToolExecutor,1024,1024,1,1.8568,1,0
1518,18,CommonToolExecutor,1024,1024,1,2.2415,1,0
1519,19,CommonToolExecutor,1024,1024,1,2.4467,1,0
1520,20,CommonToolExecutor,1024,1024,1,25.0331,1,0
1521,21,CommonToolExecutor,1024,1024,1,16.4698,1,0
1522,22,CommonToolExecutor,1024,1024,1,2.2444,1,0
1523,23,CommonToolExecutor,1024,1024,1,2.3219,1,0
1524,24,CommonToolExecutor,1024,1024,1,13.0205,1,0
1525,25,CommonToolExecutor,1024,1024,1,2.0313,1,0
1526,26,CommonToolExecutor,1024,1024,1,1.8774,1,0
1527,27,CommonToolExecutor,1024,1024,1,1.8466,1,0
1528,28,CommonToolExecutor,1024,1024,1,1.7906,1,0
1529,29,CommonToolExecutor,1024,1024,1,24.484,1,0
1530,30,CommonToolExecutor,1024,1024,1,2.8037,1,0
1531,31,CommonToolExecutor,1024,1024,1,12.6954,1,0
1532,32,CommonToolExecutor,1024,1024,1,17.5254,1,0
1533,33,CommonToolExecutor,1024,1024,1,14.999,1,0
1534,34,CommonToolExecutor,1024,1024,1,2.3189,1,0
1535,35,CommonToolExecutor,1024,1024,1,2.0722,1,0
1536,36,CommonToolExecutor,1024,1024,1,2.1019,1,0
1537,37,CommonToolExecutor,1024,1024,1,26.6587,1,0
1538,38,CommonToolExecutor,1024,1024,1,2.0879,1,0
1539,39,CommonToolExecutor,1024,1024,1,15.5517,1,0
1540,40,CommonToolExecutor,1024,1024,1,1.9831,1,0
1541,41,CommonToolExecutor,1024,1024,1,1.8173,1,0
1542,42,CommonToolExecutor,1024,1024,1,1.7602,1,0
1543,43,CommonToolExecutor,1024,1024,1,1.8298,1,0
1544,44,CommonToolExecutor,1024,1024,1,25.8978,1,0
1545,45,CommonToolExecutor,1024,1024,1,17.5006,1,0
1546,46,CommonToolExecutor,1024,1024,1,2.1566,1,0
1547,47,CommonToolExecutor,1024,1024,1,1.9374,1,0
1548,48,CommonToolExecutor,1024,1024,1,2.0205,1,0
1549,49,CommonToolExecutor,1024,1024,1,2.3651,1,0
1550,50,CommonToolExecutor,1024,1024,1,23.0511,1,0
1551,51,CommonToolExecutor,1024,1024,1,2.1485,1,0
1552,52,CommonToolExecutor,1024,1024,1,2.0043,1,0
1553,53,CommonToolExecutor,1024,1024,1,2.3102,1,0
1554,54,CommonToolExecutor,1024,1024,1,2.748,1,0
1555,55,CommonToolExecutor,1024,1024,1,2.7232,1,0
1556,56,CommonToolExecutor,1024,1024,1,2.0505,1,0
1557,57,CommonToolExecutor,1024,1024,1,2.1156,1,0
1558,58,CommonToolExecutor,1024,1024,1,1.8838,1,0
1559,59,CommonToolExecutor,1024,1024,1,15.1886,1,0
1560,60,CommonToolExecutor,1024,1024,1,2.0209,1,0
1561,61,CommonToolExecutor,1024,1024,1,1.8093,1,0
1562,62,CommonToolExecutor,1024,1024,1,1.907,1,0
1563,63,CommonToolExecutor,1024,1024,1,12.0677,1,0
1564,64,CommonToolExecutor,1024,1024,1,15.3058,1,0
1565,65,CommonToolExecutor,1024,1024,1,1.9214,1,0
1566,66,CommonToolExecutor,1024,1024,1,14.7262,1,0
1567,67,CommonToolExecutor,1024,1024,1,16.6849,1,0
1568,68,CommonToolExecutor,1024,1024,1,16.6803,1,0
1569,69,CommonToolExecutor,1024,1024,1,16.2441,1,0
1570,70,CommonToolExecutor,1024,1024,1,2.0345,1,0
1571,71,CommonToolExecutor,1024,1024,1,2.3412,1,0
1572,72,CommonToolExecutor,1024,1024,1,1.9261,1,0
1573,73,CommonToolExecutor,1024,1024,1,25.5536,1,0
1574,74,CommonToolExecutor,1024,1024,1,18.3344,1,0
1575,75,CommonToolExecutor,1024,1024,1,16.0602,1,0
1576,76,CommonToolExecutor,1024,1024,1,17.0695,1,0
1577,77,CommonToolExecutor,1024,1024,1,14.7804,1,0
1578,78,CommonToolExecutor,1024,1024,1,18.9547,1,0
1579,79,CommonToolExecutor,1024,1024,1,17.2392,1,0
1580,80,CommonToolExecutor,1024,1024,1,15.9928,1,0
1581,81,CommonToolExecutor,1024,1024,1,2.7019,1,0
1582,82,CommonToolExecutor,1024,1024,1,2.3014,1,0
1583,83,CommonToolExecutor,1024,1024,1,2.1422,1,0
1584,84,CommonToolExecutor,1024,1024,1,25.0693,1,0
1585,85,CommonToolExecutor,1024,1024,1,2.5219,1,0
1586,86,CommonToolExecutor,1024,1024,1,13.142,1,0
1587,87,CommonToolExecutor,1024,1024,1,2.7287,1,0
1588,88,CommonToolExecutor,1024,1024,1,14.8354,1,0
1589,89,CommonToolExecutor,1024,1024,1,16.3168,1,0
1590,90,CommonToolExecutor,1024,1024,1,2.1865,1,0
1591,91,CommonToolExecutor,1024,1024,1,14.0749,1,0
1592,92,CommonToolExecutor,1024,1024,1,13.6967,1,0
1593,93,CommonToolExecutor,1024,1024,1,2.0555,1,0
1594,94,CommonToolExecutor,1024,1024,1,1.8969,1,0
1595,95,CommonToolExecutor,1024,1024,1,2.2916,1,0
1596,96,CommonToolExecutor,1024,1024,1,3.7247,1,0
1597,97,CommonToolExecutor,1024,1024,1,21.4019,1,0
1598,98,CommonToolExecutor,1024,1024,1,20.8665,1,0
1599,99,CommonToolExecutor,1024,1024,1,16.584,1,0
1600,0,CommonToolExecutor,1024,1024,1,48.5071,1,0
1601,1,CommonToolExecutor,1024,1024,1,51.7191,1,0
1602,2,CommonToolExecutor,1024,1024,1,48.4056,1,0
1603,3,CommonToolExecutor,1024,1024,1,51.0688,1,0
1604,4,CommonToolExecutor,1024,1024,1,29.8098,1,0
1605,5,CommonToolExecutor,1024,1024,1,53.4961,1,0
1606,6,CommonToolExecutor,1024,1024,1,48.0369,1,0
1607,7,CommonToolExecutor,1024,1024,1,51.7456,1,0
1608,8,CommonToolExecutor,1024,1024,1,30.5568,1,0
1609,9,CommonToolExecutor,1024,1024,1,52.1999,1,0
1610,10,CommonToolExecutor,1024,1024,1,34.3457,1,0
1611,11,CommonToolExecutor,1024,1024,1,48.6798,1,0
1612,12,CommonToolExecutor,1024,1024,1,48.8367,1,0
1613,13,CommonToolExecutor,1024,1024,1,51.4775,1,0
1614,14,CommonToolExecutor,1024,1024,1,50.0226,1,0
1615,15,CommonToolExecutor,1024,1024,1,33.1842,1,0
1616,16,CommonToolExecutor,1024,1024,1,3.2366,1,0
1617,17,CommonToolExecutor,1024,1024,1,12.3688,1,0
1618,18,CommonToolExecutor,1024,1024,1,33.3692,1,0
1619,19,CommonToolExecutor,1024,1024,1,29.7605,1,0
1620,20,CommonToolExecutor,1024,1024,1,38.8238,1,0
1621,21,CommonToolExecutor,1024,1024,1,16.0895,1,0
1622,22,CommonToolExecutor,1024,1024,1,48.2836,1,0
1623,23,CommonToolExecutor,1024,1024,1,50.3281,1,0
1624,24,CommonToolExecutor,1024,1024,1,49.527,1,0
1625,25,CommonToolExecutor,1024,1024,1,16.6634,1,0
1626,26,CommonToolExecutor,1024,1024,1,3.0124,1,0
1627,27,CommonToolExecutor,1024,1024,1,46.8964,1,0
1628,28,CommonToolExecutor,1024,1024,1,50.702,1,0
1629,29,CommonToolExecutor,1024,1024,1,49.5093,1,0
1630,30,CommonToolExecutor,1024,1024,1,31.6547,1,0
1631,31,CommonToolExecutor,1024,1024,1,51.0826,1,0
1632,32,CommonToolExecutor,1024,1024,1,49.9355,1,0
1633,33,CommonToolExecutor,1024,1024,1,50.2634,1,0
1634,34,CommonToolExecutor,1024,1024,1,34.4228,1,0
1635,35,CommonToolExecutor,1024,1024,1,30.3187,1,0
1636,36,CommonToolExecutor,1024,1024,1,52.2311,1,0
1637,37,CommonToolExecutor,1024,1024,1,48.2964,1,0
1638,38,CommonToolExecutor,1024,1024,1,30.7754,1,0
1639,39,CommonToolExecutor,1024,1024,1,3.7327,1,0
1640,40,CommonToolExecutor,1024,1024,1,33.3608,1,0
1641,41,CommonToolExecutor,1024,1024,1,3.2786,1,0
1642,42,CommonToolExecutor,1024,1024,1,45.779,1,0
1643,43,CommonToolExecutor,1024,1024,1,48.6183,1,0
1644,44,CommonToolExecutor,1024,1024,1,35.3958,1,0
1645,45,CommonToolExecutor,1024,1024,1,3.9354,1,0
1646,46,CommonToolExecutor,1024,1024,1,57.8296,1,0
1647,47,CommonToolExecutor,1024,1024,1,53.8553,1,0
1648,48,CommonToolExecutor,1024,1024,1,48.2122,1,0
1649,49,CommonToolExecutor,1024,1024,1,46.8591,1,0
1650,50,CommonToolExecutor,1024,1024,1,34.4446,1,0
1651,51,CommonToolExecutor,1024,1024,1,8.4174,1,0
1652,52,CommonToolExecutor,1024,1024,1,29.5275,1,0
1653,53,CommonToolExecutor,1024,1024,1,32.984,1,0
1654,54,CommonToolExecutor,1024,1024,1,33.8981,1,0
1655,55,CommonToolExecutor,1024,1024,1,48.3614,1,0
1656,56,CommonToolExecutor,1024,1024,1,32.9076,1,0
1657,57,CommonToolExecutor,1024,1024,1,30.4576,1,0
1658,58,CommonToolExecutor,1024,1024,1,52.821,1,0
1659,59,CommonToolExecutor,1024,1024,1,49.7912,1,0
1660,60,CommonToolExecutor,1024,1024,1,47.4269,1,0
1661,61,CommonToolExecutor,1024,1024,1,22.319,1,0
1662,62,CommonToolExecutor,1024,1024,1,15.1171,1,0
1663,63,CommonToolExecutor,1024,1024,1,48.3232,1,0
1664,64,CommonToolExecutor,1024,1024,1,31.1712,1,0
1665,65,CommonToolExecutor,1024,1024,1,2.4278,1,0
1666,66,CommonToolExecutor,1024,1024,1,16.2002,1,0
1667,67,CommonToolExecutor,1024,1024,1,48.9214,1,0
1668,68,CommonToolExecutor,1024,1024,1,50.7023,1,0
1669,69,CommonToolExecutor,1024,1024,1,34.3452,1,0
1670,70,CommonToolExecutor,1024,1024,1,3.1694,1,0
1671,71,CommonToolExecutor,1024,1024,1,46.2545,1,0
1672,72,CommonToolExecutor,1024,1024,1,49.59,1,0
1673,73,CommonToolExecutor,1024,1024,1,47.1999,1,0
1674,74,CommonToolExecutor,1024,1024,1,34.7645,1,0
1675,75,CommonToolExecutor,1024,1024,1,5.0693,1,0
1676,76,CommonToolExecutor,1024,1024,1,29.6475,1,0
1677,77,CommonToolExecutor,1024,1024,1,32.9362,1,0
1678,78,CommonToolExecutor,1024,1024,1,4.2688,1,0
1679,79,CommonToolExecutor,1024,1024,1,3.2904,1,0
1680,80,CommonToolExecutor,1024,1024,1,44.7956,1,0
1681,81,CommonToolExecutor,1024,1024,1,3.3622,1,0
1682,82,CommonToolExecutor,1024,1024,1,43.0079,1,0
1683,83,CommonToolExecutor,1024,1024,1,30.3859,1,0
1684,84,CommonToolExecutor,1024,1024,1,53.1139,1,0
1685,85,CommonToolExecutor,1024,1024,1,3.037,1,0
1686,86,CommonToolExecutor,1024,1024,1,44.5559,1,0
1687,87,CommonToolExecutor,1024,1024,1,52.2849,1,0
1688,88,CommonToolExecutor,1024,1024,1,16.4993,1,0
1689,89,CommonToolExecutor,1024,1024,1,17.7579,1,0
1690,90,CommonToolExecutor,1024,1024,1,45.6614,1,0
1691,91,CommonToolExecutor,1024,1024,1,37.6637,1,0
1692,92,CommonToolExecutor,1024,1024,1,46.0655,1,0
1693,93,CommonToolExecutor,1024,1024,1,52.2657,1,0
1694,94,CommonToolExecutor,1024,1024,1,33.4405,1,0
1695,95,CommonToolExecutor,1024,1024,1,47.402,1,0
1696,96,CommonToolExecutor,1024,1024,1,37.7792,1,0
1697,97,CommonToolExecutor,1024,1024,1,48.6025,1,0
1698,98,CommonToolExecutor,1024,1024,1,49.7183,1,0
1699,99,CommonToolExecutor,1024,1024,1,17.9962,1,0
1700,0,CommonToolExecutor,1024,1024,1,31.4758,1,0
1701,1,CommonToolExecutor,1024,1024,1,16.1523,1,0
1702,2,CommonToolExecutor,1024,1024,1,17.2418,1,0
1703,3,CommonToolExecutor,1024,1024,1,15.6777,1,0
1704,4,CommonToolExecutor,1024,1024,1,17.3646,1,0
1705,5,CommonToolExecutor,1024,1024,1,47.3373,1,0
1706,6,CommonToolExecutor,1024,1024,1,19.4072,1,0
1707,7,CommonToolExecutor,1024,1024,1,33.4049,1,0
1708,8,CommonToolExecutor,1024,1024,1,16.3308,1,0
1709,9,CommonToolExecutor,1024,1024,1,3.0677,1,0
1710,10,CommonToolExecutor,1024,1024,1,2.032,1,0
1711,11,CommonToolExecutor,1024,1024,1,12.7516,1,0
1712,12,CommonToolExecutor,1024,1024,1,32.2477,1,0
1713,13,CommonToolExecutor,1024,1024,1,34.7002,1,0
1714,14,CommonToolExecutor,1024,1024,1,14.7415,1,0
1715,15,CommonToolExecutor,1024,1024,1,15.5425,1,0
1716,16,CommonToolExecutor,1024,1024,1,34.327,1,0
1717,17,CommonToolExecutor,1024,1024,1,15.0356,1,0
1718,18,CommonToolExecutor,1024,1024,1,18.1174,1,0
1719,19,CommonToolExecutor,1024,1024,1,3.5049,1,0
1720,20,CommonToolExecutor,1024,1024,1,12.9298,1,0
1721,21,CommonToolExecutor,1024,1024,1,17.1698,1,0
1722,22,CommonToolExecutor,1024,1024,1,16.2612,1,0
1723,23,CommonToolExecutor,1024,1024,1,31.2973,1,0
1724,24,CommonToolExecutor,1024,1024,1,2.3886,1,0
1725,25,CommonToolExecutor,1024,1024,1,2.0257,1,0
1726,26,CommonToolExecutor,1024,1024,1,47.3592,1,0
1727,27,CommonToolExecutor,1024,1024,1,17.1397,1,0
1728,28,CommonToolExecutor,1024,1024,1,15.9962,1,0
1729,29,CommonToolExecutor,1024,1024,1,50.3035,1,0
1730,30,CommonToolExecutor,1024,1024,1,16.3443,1,0
1731,31,CommonToolExecutor,1024,1024,1,3.5191,1,0
1732,32,CommonToolExecutor,1024,1024,1,3.1078,1,0
1733,33,CommonToolExecutor,1024,1024,1,2.0732,1,0
1734,34,CommonToolExecutor,1024,1024,1,39.7055,1,0
1735,35,CommonToolExecutor,1024,1024,1,16.7828,1,0
1736,36,CommonToolExecutor,1024,1024,1,34.6014,1,0
1737,37,CommonToolExecutor,1024,1024,1,16.5815,1,0
1738,38,CommonToolExecutor,1024,1024,1,16.844,1,0
1739,39,CommonToolExecutor,1024,1024,1,4.0769,1,0
1740,40,CommonToolExecutor,1024,1024,1,13.1004,1,0
1741,41,CommonToolExecutor,1024,1024,1,15.613,1,0
1742,42,CommonToolExecutor,1024,1024,1,15.5986,1,0
1743,43,CommonToolExecutor,1024,1024,1,17.1594,1,0
1744,44,CommonToolExecutor,1024,1024,1,16.6076,1,0
1745,45,CommonToolExecutor,1024,1024,1,16.3839,1,0
1746,46,CommonToolExecutor,1024,1024,1,31.4594,1,0
1747,47,CommonToolExecutor,1024,1024,1,2.3966,1,0
1748,48,CommonToolExecutor,1024,1024,1,14.2205,1,0
1749,49,CommonToolExecutor,1024,1024,1,3.1274,1,0
1750,50,CommonToolExecutor,1024,1024,1,15.8158,1,0
1751,51,CommonToolExecutor,1024,1024,1,17.333,1,0
1752,52,CommonToolExecutor,1024,1024,1,15.2572,1,0
1753,53,CommonToolExecutor,1024,1024,1,2.3058,1,0
1754,54,CommonToolExecutor,1024,1024,1,2.1033,1,0
1755,55,CommonToolExecutor,1024,1024,1,28.183,1,0
1756,56,CommonToolExecutor,1024,1024,1,31.8434,1,0
1757,57,CommonToolExecutor,1024,1024,1,2.983,1,0
1758,58,CommonToolExecutor,1024,1024,1,48.728,1,0
1759,59,CommonToolExecutor,1024,1024,1,3.0677,1,0
1760,60,CommonToolExecutor,1024,1024,1,29.6063,1,0
1761,61,CommonToolExecutor,1024,1024,1,32.3988,1,0
1762,62,CommonToolExecutor,1024,1024,1,46.6157,1,0
1763,63,CommonToolExecutor,1024,1024,1,22.0419,1,0
1764,64,CommonToolExecutor,1024,1024,1,48.9771,1,0
1765,65,CommonToolExecutor,1024,1024,1,45.9261,1,0
1766,66,CommonToolExecutor,1024,1024,1,52.5665,1,0
1767,67,CommonToolExecutor,1024,1024,1,17.5696,1,0
1768,68,CommonToolExecutor,1024,1024,1,4.681,1,0
1769,69,CommonToolExecutor,1024,1024,1,2.3257,1,0
1770,70,CommonToolExecutor,1024,1024,1,59.7966,1,0
1771,71,CommonToolExecutor,1024,1024,1,32.9793,1,0
1772,72,CommonToolExecutor,1024,1024,1,50.3222,1,0
1773,73,CommonToolExecutor,1024,1024,1,32.6454,1,0
1774,74,CommonToolExecutor,1024,1024,1,17.3629,1,0
1775,75,CommonToolExecutor,1024,1024,1,47.6514,1,0
1776,76,CommonToolExecutor,1024,1024,1,47.3304,1,0
1777,77,CommonToolExecutor,1024,1024,1,2.3366,1,0
1778,78,CommonToolExecutor,1024,1024,1,49.5983,1,0
1779,79,CommonToolExecutor,1024,1024,1,15.9741,1,0
1780,80,CommonToolExecutor,1024,1024,1,15.9009,1,0
1781,81,CommonToolExecutor,1024,1024,1,20.5589,1,0
1782,82,CommonToolExecutor,1024,1024,1,31.0309,1,0
1783,83,CommonToolExecutor,1024,1024,1,15.8421,1,0
1784,84,CommonToolExecutor,1024,1024,1,15.596,1,0
1785,85,CommonToolExecutor,1024,1024,1,20.7891,1,0
1786,86,CommonToolExecutor,1024,1024,1,2.1669,1,0
1787,87,CommonToolExecutor,1024,1024,1,3.6709,1,0
1788,88,CommonToolExecutor,1024,1024,1,25.1207,1,0
1789,89,CommonToolExecutor,1024,1024,1,50.4055,1,0
1790,90,CommonToolExecutor,1024,1024,1,50.8719,1,0
1791,91,CommonToolExecutor,1024,1024,1,17.0474,1,0
1792,92,CommonToolExecutor,1024,1024,1,16.0867,1,0
1793,93,CommonToolExecutor,1024,1024,1,3.0426,1,0
1794,94,CommonToolExecutor,1024,1024,1,14.6291,1,0
1795,95,CommonToolExecutor,1024,1024,1,15.4179,1,0
1796,96,CommonToolExecutor,1024,1024,1,17.4292,1,0
1797,97,CommonToolExecutor,1024,1024,1,15.958,1,0
1798,98,CommonToolExecutor,1024,1024,1,18.8634,1,0
1799,99,CommonToolExecutor,1024,1024,1,2.4888,1,0
1800,0,CommonToolExecutor,1024,1024,1,11.9229,1,0
1801,1,CommonToolExecutor,1024,1024,1,15.4319,1,0
1802,2,CommonToolExecutor,1024,1024,1,3.2906,1,0
1803,3,CommonToolExecutor,1024,1024,1,2.1258,1,0
1804,4,CommonToolExecutor,1024,1024,1,14.1988,1,0
1805,5,CommonToolExecutor,1024,1024,1,3.8008,1,0
1806,6,CommonToolExecutor,1024,1024,1,2.4731,1,0
1807,7,CommonToolExecutor,1024,1024,1,40.6559,1,0
1808,8,CommonToolExecutor,1024,1024,1,19.7021,1,0
1809,9,CommonToolExecutor,1024,1024,1,16.5618,1,0
1810,10,CommonToolExecutor,1024,1024,1,29.1897,1,0
1811,11,CommonToolExecutor,1024,1024,1,17.767,1,0
1812,12,CommonToolExecutor,1024,1024,1,13.7391,1,0
1813,13,CommonToolExecutor,1024,1024,1,14.4451,1,0
1814,14,CommonToolExecutor,1024,1024,1,3.4337,1,0
1815,15,CommonToolExecutor,1024,1024,1,19.1375,1,0
1816,16,CommonToolExecutor,1024,1024,1,3.3785,1,0
1817,17,CommonToolExecutor,1024,1024,1,13.7407,1,0
1818,18,CommonToolExecutor,1024,1024,1,2.1235,1,0
1819,19,CommonToolExecutor,1024,1024,1,3.2889,1,0
1820,20,CommonToolExecutor,1024,1024,1,24.6371,1,0
1821,21,CommonToolExecutor,1024,1024,1,14.1715,1,0
1822,22,CommonToolExecutor,1024,1024,1,16.8275,1,0
1823,23,CommonToolExecutor,1024,1024,1,3.2107,1,0
1824,24,CommonToolExecutor,1024,1024,1,17.9109,1,0
1825,25,CommonToolExecutor,1024,1024,1,45.751,1,0
1826,26,CommonToolExecutor,1024,1024,1,22.0175,1,0
1827,27,CommonToolExecutor,1024,1024,1,15.4881,1,0
1828,28,CommonToolExecutor,1024,1024,1,49.5232,1,0
1829,29,CommonToolExecutor,1024,1024,1,3.4781,1,0
1830,30,CommonToolExecutor,1024,1024,1,2.737,1,0
1831,31,CommonToolExecutor,1024,1024,1,42.1094,1,0
1832,32,CommonToolExecutor,1024,1024,1,19.1561,1,0
1833,33,CommonToolExecutor,1024,1024,1,16.5875,1,0
1834,34,CommonToolExecutor,1024,1024,1,45.4523,1,0
1835,35,CommonToolExecutor,1024,1024,1,21.3616,1,0
1836,36,CommonToolExecutor,1024,1024,1,14.2743,1,0
1837,37,CommonToolExecutor,1024,1024,1,33.82,1,0
1838,38,CommonToolExecutor,1024,1024,1,18.0121,1,0
1839,39,CommonToolExecutor,1024,1024,1,14.6236,1,0
1840,40,CommonToolExecutor,1024,1024,1,16.7965,1,0
1841,41,CommonToolExecutor,1024,1024,1,15.9468,1,0
1842,42,CommonToolExecutor,1024,1024,1,14.4779,1,0
1843,43,CommonToolExecutor,1024,1024,1,45.3715,1,0
1844,44,CommonToolExecutor,1024,1024,1,3.3706,1,0
1845,45,CommonToolExecutor,1024,1024,1,12.5677,1,0
1846,46,CommonToolExecutor,1024,1024,1,30.5292,1,0
1847,47,CommonToolExecutor,1024,1024,1,13.8269,1,0
1848,48,CommonToolExecutor,1024,1024,1,14.4387,1,0
1849,49,CommonToolExecutor,1024,1024,1,18.5064,1,0
1850,50,CommonToolExecutor,1024,1024,1,6.313,1,0
1851,51,CommonToolExecutor,1024,1024,1,2.6686,1,0
1852,52,CommonToolExecutor,1024,1024,1,37.0556,1,0
1853,53,CommonToolExecutor,1024,1024,1,19.4107,1,0
1854,54,CommonToolExecutor,1024,1024,1,2.3775,1,0
1855,55,CommonToolExecutor,1024,1024,1,28.8679,1,0
1856,56,CommonToolExecutor,1024,1024,1,3.3028,1,0
1857,57,CommonToolExecutor,1024,1024,1,12.925,1,0
1858,58,CommonToolExecutor,1024,1024,1,18.9908,1,0
1859,59,CommonToolExecutor,1024,1024,1,15.8753,1,0
1860,60,CommonToolExecutor,1024,1024,1,14.5804,1,0
1861,61,CommonToolExecutor,1024,1024,1,35.0762,1,0
1862,62,CommonToolExecutor,1024,1024,1,17.3296,1,0
1863,63,CommonToolExecutor,1024,1024,1,2.6149,1,0
1864,64,CommonToolExecutor,1024,1024,1,28.6709,1,0
1865,65,CommonToolExecutor,1024,1024,1,3.2199,1,0
1866,66,CommonToolExecutor,1024,1024,1,2.2961,1,0
1867,67,CommonToolExecutor,1024,1024,1,41.3042,1,0
1868,68,CommonToolExecutor,1024,1024,1,16.389,1,0
1869,69,CommonToolExecutor,1024,1024,1,20.5281,1,0
1870,70,CommonToolExecutor,1024,1024,1,3.7638,1,0
1871,71,CommonToolExecutor,1024,1024,1,14.0474,1,0
1872,72,CommonToolExecutor,1024,1024,1,16.4748,1,0
1873,73,CommonToolExecutor,1024,1024,1,28.7522,1,0
1874,74,CommonToolExecutor,1024,1024,1,17.2897,1,0
1875,75,CommonToolExecutor,1024,1024,1,2.1649,1,0
1876,76,CommonToolExecutor,1024,1024,1,50.2697,1,0
1877,77,CommonToolExecutor,1024,1024,1,18.5466,1,0
1878,78,CommonToolExecutor,1024,1024,1,2.637,1,0
1879,79,CommonToolExecutor,1024,1024,1,41.497,1,0
1880,80,CommonToolExecutor,1024,1024,1,21.4381,1,0
1881,81,CommonToolExecutor,1024,1024,1,14.9317,1,0
1882,82,CommonToolExecutor,1024,1024,1,3.5006,1,0
1883,83,CommonToolExecutor,1024,1024,1,3.2457,1,0
1884,84,CommonToolExecutor,1024,1024,1,25.011,1,0
1885,85,CommonToolExecutor,1024,1024,1,34.5854,1,0
1886,86,CommonToolExecutor,1024,1024,1,5.1012,1,0
1887,87,CommonToolExecutor,1024,1024,1,2.5522,1,0
1888,88,CommonToolExecutor,1024,1024,1,57.5918,1,0
1889,89,CommonToolExecutor,1024,1024,1,18.9261,1,0
1890,90,CommonToolExecutor,1024,1024,1,15.2168,1,0
1891,91,CommonToolExecutor,1024,1024,1,34.6125,1,0
1892,92,CommonToolExecutor,1024,1024,1,4.8494,1,0
1893,93,CommonToolExecutor,1024,1024,1,12.8346,1,0
1894,94,CommonToolExecutor,1024,1024,1,4.3877,1,0
1895,95,CommonToolExecutor,1024,1024,1,26.5274,1,0
1896,96,CommonToolExecutor,1024,1024,1,14.0741,1,0
1897,97,CommonToolExecutor,1024,1024,1,52.5805,1,0
1898,98,CommonToolExecutor,1024,1024,1,3.7373,1,0
1899,99,CommonToolExecutor,1024,1024,1,13.1955,1,0
1900,0,CommonToolExecutor,1024,1024,1,32.3857,1,0
1901,1,CommonToolExecutor,1024,1024,1,14.9621,1,0
1902,2,CommonToolExecutor,1024,1024,1,3.4493,1,0
1903,3,CommonToolExecutor,1024,1024,1,19.672,1,0
1904,4,CommonToolExecutor,1024,1024,1,13.5545,1,0
1905,5,CommonToolExecutor,1024,1024,1,3.334,1,0
1906,6,CommonToolExecutor,1024,1024,1,44.4944,1,0
1907,7,CommonToolExecutor,1024,1024,1,17.5797,1,0
1908,8,CommonToolExecutor,1024,1024,1,17.5443,1,0
1909,9,CommonToolExecutor,1024,1024,1,33.2668,1,0
1910,10,CommonToolExecutor,1024,1024,1,15.2151,1,0
1911,11,CommonToolExecutor,1024,1024,1,5.5507,1,0
1912,12,CommonToolExecutor,1024,1024,1,43.592,1,0
1913,13,CommonToolExecutor,1024,1024,1,17.0973,1,0
1914,14,CommonToolExecutor,1024,1024,1,3.4746,1,0
1915,15,CommonToolExecutor,1024,1024,1,45.9625,1,0
1916,16,CommonToolExecutor,1024,1024,1,15.9195,1,0
1917,17,CommonToolExecutor,1024,1024,1,3.3104,1,0
1918,18,CommonToolExecutor,1024,1024,1,45.2803,1,0
1919,19,CommonToolExecutor,1024,1024,1,15.2061,1,0
1920,20,CommonToolExecutor,1024,1024,1,3.2971,1,0
1921,21,CommonToolExecutor,1024,1024,1,49.5448,1,0
1922,22,CommonToolExecutor,1024,1024,1,15.5481,1,0
1923,23,CommonToolExecutor,1024,1024,1,17.6526,1,0
1924,24,CommonToolExecutor,1024,1024,1,44.1613,1,0
1925,25,CommonToolExecutor,1024,1024,1,22.9852,1,0
1926,26,CommonToolExecutor,1024,1024,1,17.6835,1,0
1927,27,CommonToolExecutor,1024,1024,1,29.5023,1,0
1928,28,CommonToolExecutor,1024,1024,1,20.5793,1,0
1929,29,CommonToolExecutor,1024,1024,1,16.1526,1,0
1930,30,CommonToolExecutor,1024,1024,1,33.2375,1,0
1931,31,CommonToolExecutor,1024,1024,1,15.5465,1,0
1932,32,CommonToolExecutor,1024,1024,1,17.6843,1,0
1933,33,CommonToolExecutor,1024,1024,1,3.4139,1,0
1934,34,CommonToolExecutor,1024,1024,1,13.8825,1,0
1935,35,CommonToolExecutor,1024,1024,1,15.7909,1,0
1936,36,CommonToolExecutor,1024,1024,1,45.4819,1,0
1937,37,CommonToolExecutor,1024,1024,1,2.4858,1,0
1938,38,CommonToolExecutor,1024,1024,1,3.1451,1,0
1939,39,CommonToolExecutor,1024,1024,1,46.9191,1,0
1940,40,CommonToolExecutor,1024,1024,1,17.2884,1,0
1941,41,CommonToolExecutor,1024,1024,1,18.4667,1,0
1942,42,CommonToolExecutor,1024,1024,1,46.3986,1,0
1943,43,CommonToolExecutor,1024,1024,1,16.3656,1,0
1944,44,CommonToolExecutor,1024,1024,1,3.1203,1,0
1945,45,CommonToolExecutor,1024,1024,1,3.905,1,0
1946,46,CommonToolExecutor,1024,1024,1,2.3811,1,0
1947,47,CommonToolExecutor,1024,1024,1,3.7662,1,0
1948,48,CommonToolExecutor,1024,1024,1,4.5466,1,0
1949,49,CommonToolExecutor,1024,1024,1,17.097,1,0
1950,50,CommonToolExecutor,1024,1024,1,16.3073,1,0
1951,51,CommonToolExecutor,1024,1024,1,15.5228,1,0
1952,52,CommonToolExecutor,1024,1024,1,2.5593,1,0
1953,53,CommonToolExecutor,1024,1024,1,27.2024,1,0
1954,54,CommonToolExecutor,1024,1024,1,54.1713,1,0
1955,55,CommonToolExecutor,1024,1024,1,17.1638,1,0
1956,56,CommonToolExecutor,1024,1024,1,17.791,1,0
1957,57,CommonToolExecutor,1024,1024,1,16.7066,1,0
1958,58,CommonToolExecutor,1024,1024,1,15.5464,1,0
1959,59,CommonToolExecutor,1024,1024,1,17.0574,1,0
1960,60,CommonToolExecutor,1024,1024,1,32.0356,1,0
1961,61,CommonToolExecutor,1024,1024,1,17.0477,1,0
1962,62,CommonToolExecutor,1024,1024,1,15.7498,1,0
1963,63,CommonToolExecutor,1024,1024,1,13.5585,1,0
1964,64,CommonToolExecutor,1024,1024,1,20.17,1,0
1965,65,CommonToolExecutor,1024,1024,1,17.3844,1,0
1966,66,CommonToolExecutor,1024,1024,1,14.0833,1,0
1967,67,CommonToolExecutor,1024,1024,1,18.4306,1,0
1968,68,CommonToolExecutor,1024,1024,1,16.4754,1,0
1969,69,CommonToolExecutor,1024,1024,1,32.6276,1,0
1970,70,CommonToolExecutor,1024,1024,1,17.2874,1,0
1971,71,CommonToolExecutor,1024,1024,1,3.544,1,0
1972,72,CommonToolExecutor,1024,1024,1,29.6548,1,0
1973,73,CommonToolExecutor,1024,1024,1,16.5154,1,0
1974,74,CommonToolExecutor,1024,1024,1,3.165,1,0
1975,75,CommonToolExecutor,1024,1024,1,46.3314,1,0
1976,76,CommonToolExecutor,1024,1024,1,2.383,1,0
1977,77,CommonToolExecutor,1024,1024,1,15.7065,1,0
1978,78,CommonToolExecutor,1024,1024,1,46.4599,1,0
1979,79,CommonToolExecutor,1024,1024,1,20.527,1,0
1980,80,CommonToolExecutor,1024,1024,1,16.1557,1,0
1981,81,CommonToolExecutor,1024,1024,1,48.5046,1,0
1982,82,CommonToolExecutor,1024,1024,1,16.3497,1,0
1983,83,CommonToolExecutor,1024,1024,1,3.2954,1,0
1984,84,CommonToolExecutor,1024,1024,1,46.3522,1,0
1985,85,CommonToolExecutor,1024,1024,1,2.3263,1,0
1986,86,CommonToolExecutor,1024,1024,1,16.6423,1,0
1987,87,CommonToolExecutor,1024,1024,1,15.9673,1,0
1988,88,CommonToolExecutor,1024,1024,1,14.5763,1,0
1989,89,CommonToolExecutor,1024,1024,1,3.1017,1,0
1990,90,CommonToolExecutor,1024,1024,1,3.094,1,0
1991,91,CommonToolExecutor,1024,1024,1,12.7971,1,0
1992,92,CommonToolExecutor,1024,1024,1,18.0338,1,0
1993,93,CommonToolExecutor,1024,1024,1,15.3724,1,0
1994,94,CommonToolExecutor,1024,1024,1,14.0855,1,0
1995,95,CommonToolExecutor,1024,1024,1,18.8135,1,0
1996,96,CommonToolExecutor,1024,1024,1,14.8851,1,0
1997,97,CommonToolExecutor,1024,1024,1,17.2925,1,0
1998,98,CommonToolExecutor,1024,1024,1,17.6661,1,0
1999,99,CommonToolExecutor,1024,1024,1,32.9638,1,0
2000,0,CommonToolExecutor,1024,1024,1,14.4298,1,0
2001,1,CommonToolExecutor,1024,1024,1,2.7498,1,0
2002,2,CommonToolExecutor,1024,1024,1,13.2377,1,0
2003,3,CommonToolExecutor,1024,1024,1,3.1002,1,0
2004,4,CommonToolExecutor,1024,1024,1,14.878,1,0
2005,5,CommonToolExecutor,1024,1024,1,15.4848,1,0
2006,6,CommonToolExecutor,1024,1024,1,15.8592,1,0
2007,7,CommonToolExecutor,1024,1024,1,16.8043,1,0
2008,8,CommonToolExecutor,1024,1024,1,5.3663,1,0
2009,9,CommonToolExecutor,1024,1024,1,23.1097,1,0
2010,10,CommonToolExecutor,1024,1024,1,15.5333,1,0
2011,11,CommonToolExecutor,1024,1024,1,23.4656,1,0
2012,12,CommonToolExecutor,1024,1024,1,17.5471,1,0
2013,13,CommonToolExecutor,1024,1024,1,14.8425,1,0
2014,14,CommonToolExecutor,1024,1024,1,17.383,1,0
2015,15,CommonToolExecutor,1024,1024,1,16.3991,1,0
2016,16,CommonToolExecutor,1024,1024,1,16.58,1,0
2017,17,CommonToolExecutor,1024,1024,1,2.3324,1,0
2018,18,CommonToolExecutor,1024,1024,1,2.6679,1,0
2019,19,CommonToolExecutor,1024,1024,1,12.7058,1,0
2020,20,CommonToolExecutor,1024,1024,1,15.2428,1,0
2021,21,CommonToolExecutor,1024,1024,1,2.048,1,0
2022,22,CommonToolExecutor,1024,1024,1,2.3147,1,0
2023,23,CommonToolExecutor,1024,1024,1,13.4563,1,0
2024,24,CommonToolExecutor,1024,1024,1,3.0896,1,0
2025,25,CommonToolExecutor,1024,1024,1,13.3236,1,0
2026,26,CommonToolExecutor,1024,1024,1,15.2907,1,0
2027,27,CommonToolExecutor,1024,1024,1,1.8858,1,0
2028,28,CommonToolExecutor,1024,1024,1,2.0093,1,0
2029,29,CommonToolExecutor,1024,1024,1,1.9547,1,0
2030,30,CommonToolExecutor,1024,1024,1,12.0722,1,0
2031,31,CommonToolExecutor,1024,1024,1,15.0927,1,0
2032,32,CommonToolExecutor,1024,1024,1,16.1024,1,0
2033,33,CommonToolExecutor,1024,1024,1,15.6896,1,0
2034,34,CommonToolExecutor,1024,1024,1,4.7121,1,0
2035,35,CommonToolExecutor,1024,1024,1,2.4273,1,0
2036,36,CommonToolExecutor,1024,1024,1,26.6091,1,0
2037,37,CommonToolExecutor,1024,1024,1,18.8943,1,0
2038,38,CommonToolExecutor,1024,1024,1,2.1104,1,0
2039,39,CommonToolExecutor,1024,1024,1,2.0239,1,0
2040,40,CommonToolExecutor,1024,1024,1,12.2588,1,0
2041,41,CommonToolExecutor,1024,1024,1,15.3605,1,0
2042,42,CommonToolExecutor,1024,1024,1,3.1713,1,0
2043,43,CommonToolExecutor,1024,1024,1,3.9767,1,0
2044,44,CommonToolExecutor,1024,1024,1,23.3995,1,0
2045,45,CommonToolExecutor,1024,1024,1,17.2735,1,0
2046,46,CommonToolExecutor,1024,1024,1,19.6527,1,0
2047,47,CommonToolExecutor,1024,1024,1,15.7032,1,0
2048,48,CommonToolExecutor,1024,1024,1,16.7087,1,0
2049,49,CommonToolExecutor,1024,1024,1,2.8794,1,0
2050,50,CommonToolExecutor,1024,1024,1,4.0901,1,0
2051,51,CommonToolExecutor,1024,1024,1,23.8191,1,0
2052,52,CommonToolExecutor,1024,1024,1,18.6108,1,0
2053,53,CommonToolExecutor,1024,1024,1,16.3748,1,0
2054,54,CommonToolExecutor,1024,1024,1,15.19,1,0
2055,55,CommonToolExecutor,1024,1024,1,17.7514,1,0
2056,56,CommonToolExecutor,1024,1024,1,16.8661,1,0
2057,57,CommonToolExecutor,1024,1024,1,16.2774,1,0
2058,58,CommonToolExecutor,1024,1024,1,2.3293,1,0
2059,59,CommonToolExecutor,1024,1024,1,3.7401,1,0
2060,60,CommonToolExecutor,1024,1024,1,11.6515,1,0
2061,61,CommonToolExecutor,1024,1024,1,15.864,1,0
2062,62,CommonToolExecutor,1024,1024,1,14.785,1,0
2063,63,CommonToolExecutor,1024,1024,1,2.8359,1,0
2064,64,CommonToolExecutor,1024,1024,1,14.7836,1,0
2065,65,CommonToolExecutor,1024,1024,1,14.6819,1,0
2066,66,CommonToolExecutor,1024,1024,1,16.3212,1,0
2067,67,CommonToolExecutor,1024,1024,1,19.1528,1,0
2068,68,CommonToolExecutor,1024,1024,1,14.3733,1,0
2069,69,CommonToolExecutor,1024,1024,1,2.1586,1,0
2070,70,CommonToolExecutor,1024,1024,1,13.702,1,0
2071,71,CommonToolExecutor,1024,1024,1,19.1259,1,0
2072,72,CommonToolExecutor,1024,1024,1,15.4458,1,0
2073,73,CommonToolExecutor,1024,1024,1,2.2631,1,0
2074,74,CommonToolExecutor,1024,1024,1,13.38,1,0
2075,75,CommonToolExecutor,1024,1024,1,1.9091,1,0
2076,76,CommonToolExecutor,1024,1024,1,2.2251,1,0
2077,77,CommonToolExecutor,1024,1024,1,2.8613,1,0
2078,78,CommonToolExecutor,1024,1024,1,2.6944,1,0
2079,79,CommonToolExecutor,1024,1024,1,2.1611,1,0
2080,80,CommonToolExecutor,1024,1024,1,1.8373,1,0
2081,81,CommonToolExecutor,1024,1024,1,2.2985,1,0
2082,82,CommonToolExecutor,1024,1024,1,1.8655,1,0
2083,83,CommonToolExecutor,1024,1024,1,2.0064,1,0
2084,84,CommonToolExecutor,1024,1024,1,14.7201,1,0
2085,85,CommonToolExecutor,1024,1024,1,1.8543,1,0
2086,86,CommonToolExecutor,1024,1024,1,13.6536,1,0
2087,87,CommonToolExecutor,1024,1024,1,19.3864,1,0
2088,88,CommonToolExecutor,1024,1024,1,3.5941,1,0
2089,89,CommonToolExecutor,1024,1024,1,2.0709,1,0
2090,90,CommonToolExecutor,1024,1024,1,26.0869,1,0
2091,91,CommonToolExecutor,1024,1024,1,16.1317,1,0
2092,92,CommonToolExecutor,1024,1024,1,2.0673,1,0
2093,93,CommonToolExecutor,1024,1024,1,14.4091,1,0
2094,94,CommonToolExecutor,1024,1024,1,2.0897,1,0
2095,95,CommonToolExecutor,1024,1024,1,14.6,1,0
2096,96,CommonToolExecutor,1024,1024,1,2.9708,1,0
2097,97,CommonToolExecutor,1024,1024,1,13.0076,1,0
2098,98,CommonToolExecutor,1024,1024,1,17.271,1,0
2099,99,CommonToolExecutor,1024,1024,1,1.8599,1,0
2100,0,CommonToolExecutor,1024,1024,1,30.8409,1,0
2101,1,CommonToolExecutor,1024,1024,1,2.4342,1,0
2102,2,CommonToolExecutor,1024,1024,1,30.8663,1,0
2103,3,CommonToolExecutor,1024,1024,1,34.2313,1,0
2104,4,CommonToolExecutor,1024,1024,1,31.9816,1,0
2105,5,CommonToolExecutor,1024,1024,1,3.5133,1,0
2106,6,CommonToolExecutor,1024,1024,1,30.554,1,0
2107,7,CommonToolExecutor,1024,1024,1,2.8207,1,0
2108,8,CommonToolExecutor,1024,1024,1,46.3046,1,0
2109,9,CommonToolExecutor,1024,1024,1,15.7427,1,0
2110,10,CommonToolExecutor,1024,1024,1,17.6552,1,0
2111,11,CommonToolExecutor,1024,1024,1,51.0549,1,0
2112,12,CommonToolExecutor,1024,1024,1,32.4249,1,0
2113,13,CommonToolExecutor,1024,1024,1,4.2942,1,0
2114,14,CommonToolExecutor,1024,1024,1,45.338,1,0
2115,15,CommonToolExecutor,1024,1024,1,48.2666,1,0
2116,16,CommonToolExecutor,1024,1024,1,4.0177,1,0
2117,17,CommonToolExecutor,1024,1024,1,2.7823,1,0
2118,18,CommonToolExecutor,1024,1024,1,3.7541,1,0
2119,19,CommonToolExecutor,1024,1024,1,56.7338,1,0
2120,20,CommonToolExecutor,1024,1024,1,49.9315,1,0
2121,21,CommonToolExecutor,1024,1024,1,50.2266,1,0
2122,22,CommonToolExecutor,1024,1024,1,18.8189,1,0
2123,23,CommonToolExecutor,1024,1024,1,47.8238,1,0
2124,24,CommonToolExecutor,1024,1024,1,35.2284,1,0
2125,25,CommonToolExecutor,1024,1024,1,16.7029,1,0
2126,26,CommonToolExecutor,1024,1024,1,31.1204,1,0
2127,27,CommonToolExecutor,1024,1024,1,50.234,1,0
2128,28,CommonToolExecutor,1024,1024,1,31.7179,1,0
2129,29,CommonToolExecutor,1024,1024,1,46.4497,1,0
2130,30,CommonToolExecutor,1024,1024,1,30.9189,1,0
2131,31,CommonToolExecutor,1024,1024,1,31.4602,1,0
2132,32,CommonToolExecutor,1024,1024,1,32.1209,1,0
2133,33,CommonToolExecutor,1024,1024,1,43.3611,1,0
2134,34,CommonToolExecutor,1024,1024,1,14.8796,1,0
2135,35,CommonToolExecutor,1024,1024,1,34.6063,1,0
2136,36,CommonToolExecutor,1024,1024,1,47.8712,1,0
2137,37,CommonToolExecutor,1024,1024,1,19.5356,1,0
2138,38,CommonToolExecutor,1024,1024,1,15.9669,1,0
2139,39,CommonToolExecutor,1024,1024,1,49.8217,1,0
2140,40,CommonToolExecutor,1024,1024,1,32.0919,1,0
2141,41,CommonToolExecutor,1024,1024,1,35.1488,1,0
2142,42,CommonToolExecutor,1024,1024,1,30.9004,1,0
2143,43,CommonToolExecutor,1024,1024,1,33.9744,1,0
2144,44,CommonToolExecutor,1024,1024,1,50.6545,1,0
2145,45,CommonToolExecutor,1024,1024,1,50.2849,1,0
2146,46,CommonToolExecutor,1024,1024,1,34.6896,1,0
2147,47,CommonToolExecutor,1024,1024,1,31.4991,1,0
2148,48,CommonToolExecutor,1024,1024,1,32.6924,1,0
2149,49,CommonToolExecutor,1024,1024,1,50.0326,1,0
2150,50,CommonToolExecutor,1024,1024,1,17.5739,1,0
2151,51,CommonToolExecutor,1024,1024,1,3.2281,1,0
2152,52,CommonToolExecutor,1024,1024,1,29.1199,1,0
2153,53,CommonToolExecutor,1024,1024,1,33.1384,1,0
2154,54,CommonToolExecutor,1024,1024,1,49.0096,1,0
2155,55,CommonToolExecutor,1024,1024,1,3.4994,1,0
2156,56,CommonToolExecutor,1024,1024,1,32.0249,1,0
2157,57,CommonToolExecutor,1024,1024,1,30.492,1,0
2158,58,CommonToolExecutor,1024,1024,1,3.986,1,0
2159,59,CommonToolExecutor,1024,1024,1,15.4154,1,0
2160,60,CommonToolExecutor,1024,1024,1,48.4462,1,0
2161,61,CommonToolExecutor,1024,1024,1,48.7318,1,0
2162,62,CommonToolExecutor,1024,1024,1,34.1872,1,0
2163,63,CommonToolExecutor,1024,1024,1,47.1363,1,0
2164,64,CommonToolExecutor,1024,1024,1,53.2087,1,0
2165,65,CommonToolExecutor,1024,1024,1,48.8238,1,0
2166,66,CommonToolExecutor,1024,1024,1,31.2253,1,0
2167,67,CommonToolExecutor,1024,1024,1,37.0663,1,0
2168,68,CommonToolExecutor,1024,1024,1,49.5388,1,0
2169,69,CommonToolExecutor,1024,1024,1,32.3239,1,0
2170,70,CommonToolExecutor,1024,1024,1,35.0107,1,0
2171,71,CommonToolExecutor,1024,1024,1,48.5635,1,0
2172,72,CommonToolExecutor,1024,1024,1,17.0878,1,0
2173,73,CommonToolExecutor,1024,1024,1,49.0717,1,0
2174,74,CommonToolExecutor,1024,1024,1,34.0647,1,0
2175,75,CommonToolExecutor,1024,1024,1,48.0288,1,0
2176,76,CommonToolExecutor,1024,1024,1,18.2479,1,0
2177,77,CommonToolExecutor,1024,1024,1,49.0704,1,0
2178,78,CommonToolExecutor,1024,1024,1,31.2073,1,0
2179,79,CommonToolExecutor,1024,1024,1,46.6085,1,0
2180,80,CommonToolExecutor,1024,1024,1,54.5857,1,0
2181,81,CommonToolExecutor,1024,1024,1,35.2335,1,0
2182,82,CommonToolExecutor,1024,1024,1,3.1358,1,0
2183,83,CommonToolExecutor,1024,1024,1,3.0402,1,0
2184,84,CommonToolExecutor,1024,1024,1,40.1111,1,0
2185,85,CommonToolExecutor,1024,1024,1,46.9275,1,0
2186,86,CommonToolExecutor,1024,1024,1,39.4672,1,0
2187,87,CommonToolExecutor,1024,1024,1,32.739,1,0
2188,88,CommonToolExecutor,1024,1024,1,18.1318,1,0
2189,89,CommonToolExecutor,1024,1024,1,47.2651,1,0
2190,90,CommonToolExecutor,1024,1024,1,33.9273,1,0
2191,91,CommonToolExecutor,1024,1024,1,32.3501,1,0
2192,92,CommonToolExecutor,1024,1024,1,50.7675,1,0
2193,93,CommonToolExecutor,1024,1024,1,50.0604,1,0
2194,94,CommonToolExecutor,1024,1024,1,33.1948,1,0
2195,95,CommonToolExecutor,1024,1024,1,46.9826,1,0
2196,96,CommonToolExecutor,1024,1024,1,36.3155,1,0
2197,97,CommonToolExecutor,1024,1024,1,31.2236,1,0
2198,98,CommonToolExecutor,1024,1024,1,34.8151,1,0
2199,99,CommonToolExecutor,1024,1024,1,50.6335,1,0
2200,0,CommonToolExecutor,1024,1024,1,5.4981,1,0
2201,1,CommonToolExecutor,1024,1024,1,13.5218,1,0
2202,2,CommonToolExecutor,1024,1024,1,14.9706,1,0
2203,3,CommonToolExecutor,1024,1024,1,31.2801,1,0
2204,4,CommonToolExecutor,1024,1024,1,50.6635,1,0
2205,5,CommonToolExecutor,1024,1024,1,15.6454,1,0
2206,6,CommonToolExecutor,1024,1024,1,18.0286,1,0
2207,7,CommonToolExecutor,1024,1024,1,33.9491,1,0
2208,8,CommonToolExecutor,1024,1024,1,2.176,1,0
2209,9,CommonToolExecutor,1024,1024,1,13.7005,1,0
2210,10,CommonToolExecutor,1024,1024,1,49.3509,1,0
2211,11,CommonToolExecutor,1024,1024,1,15.3677,1,0
2212,12,CommonToolExecutor,1024,1024,1,30.8336,1,0
2213,13,CommonToolExecutor,1024,1024,1,21.923,1,0
2214,14,CommonToolExecutor,1024,1024,1,48.5853,1,0
2215,15,CommonToolExecutor,1024,1024,1,18.9262,1,0
2216,16,CommonToolExecutor,1024,1024,1,13.0314,1,0
2217,17,CommonToolExecutor,1024,1024,1,33.9154,1,0
2218,18,CommonToolExecutor,1024,1024,1,17.9963,1,0
2219,19,CommonToolExecutor,1024,1024,1,17.1035,1,0
2220,20,CommonToolExecutor,1024,1024,1,15.2008,1,0
2221,21,CommonToolExecutor,1024,1024,1,16.799,1,0
2222,22,CommonToolExecutor,1024,1024,1,16.7155,1,0
2223,23,CommonToolExecutor,1024,1024,1,15.5251,1,0
2224,24,CommonToolExecutor,1024,1024,1,17.518,1,0
2225,25,CommonToolExecutor,1024,1024,1,32.6977,1,0
2226,26,CommonToolExecutor,1024,1024,1,16.1551,1,0
2227,27,CommonToolExecutor,1024,1024,1,50.7542,1,0
2228,28,CommonToolExecutor,1024,1024,1,15.6057,1,0
2229,29,CommonToolExecutor,1024,1024,1,2.6227,1,0
2230,30,CommonToolExecutor,1024,1024,1,47.4718,1,0
2231,31,CommonToolExecutor,1024,1024,1,45.9045,1,0
2232,32,CommonToolExecutor,1024,1024,1,2.3658,1,0
2233,33,CommonToolExecutor,1024,1024,1,19.1371,1,0
2234,34,CommonToolExecutor,1024,1024,1,16.1876,1,0
2235,35,CommonToolExecutor,1024,1024,1,15.8491,1,0
2236,36,CommonToolExecutor,1024,1024,1,50.0149,1,0
2237,37,CommonToolExecutor,1024,1024,1,5.9601,1,0
2238,38,CommonToolExecutor,1024,1024,1,30.7904,1,0
2239,39,CommonToolExecutor,1024,1024,1,12.7353,1,0
2240,40,CommonToolExecutor,1024,1024,1,34.5306,1,0
2241,41,CommonToolExecutor,1024,1024,1,32.9911,1,0
2242,42,CommonToolExecutor,1024,1024,1,32.1245,1,0
2243,43,CommonToolExecutor,1024,1024,1,34.5665,1,0
2244,44,CommonToolExecutor,1024,1024,1,49.3231,1,0
2245,45,CommonToolExecutor,1024,1024,1,16.4256,1,0
2246,46,CommonToolExecutor,1024,1024,1,50.1964,1,0
2247,47,CommonToolExecutor,1024,1024,1,16.8081,1,0
2248,48,CommonToolExecutor,1024,1024,1,50.0962,1,0
2249,49,CommonToolExecutor,1024,1024,1,4.2074,1,0
2250,50,CommonToolExecutor,1024,1024,1,44.8773,1,0
2251,51,CommonToolExecutor,1024,1024,1,2.8482,1,0
2252,52,CommonToolExecutor,1024,1024,1,30.2976,1,0
2253,53,CommonToolExecutor,1024,1024,1,33.5253,1,0
2254,54,CommonToolExecutor,1024,1024,1,17.871,1,0
2255,55,CommonToolExecutor,1024,1024,1,2.4593,1,0
2256,56,CommonToolExecutor,1024,1024,1,3.0249,1,0
2257,57,CommonToolExecutor,1024,1024,1,1.9391,1,0
2258,58,CommonToolExecutor,1024,1024,1,25.1045,1,0
2259,59,CommonToolExecutor,1024,1024,1,17.0008,1,0
2260,60,CommonToolExecutor,1024,1024,1,15.7958,1,0
2261,61,CommonToolExecutor,1024,1024,1,47.1521,1,0
2262,62,CommonToolExecutor,1024,1024,1,19.8521,1,0
2263,63,CommonToolExecutor,1024,1024,1,16.8049,1,0
2264,64,CommonToolExecutor,1024,1024,1,32.7789,1,0
2265,65,CommonToolExecutor,1024,1024,1,15.4817,1,0
2266,66,CommonToolExecutor,1024,1024,1,15.5987,1,0
2267,67,CommonToolExecutor,1024,1024,1,50.6568,1,0
2268,68,CommonToolExecutor,1024,1024,1,30.7026,1,0
2269,69,CommonToolExecutor,1024,1024,1,51.4151,1,0
2270,70,CommonToolExecutor,1024,1024,1,18.621,1,0
2271,71,CommonToolExecutor,1024,1024,1,1.9458,1,0
2272,72,CommonToolExecutor,1024,1024,1,2.0209,1,0
2273,73,CommonToolExecutor,1024,1024,1,1.9286,1,0
2274,74,CommonToolExecutor,1024,1024,1,1.9953,1,0
2275,75,CommonToolExecutor,1024,1024,1,58.128,1,0
2276,76,CommonToolExecutor,1024,1024,1,17.2787,1,0
2277,77,CommonToolExecutor,1024,1024,1,3.7262,1,0
2278,78,CommonToolExecutor,1024,1024,1,28.6632,1,0
2279,79,CommonToolExecutor,1024,1024,1,16.5796,1,0
2280,80,CommonToolExecutor,1024,1024,1,15.1069,1,0
2281,81,CommonToolExecutor,1024,1024,1,33.5581,1,0
2282,82,CommonToolExecutor,1024,1024,1,2.3872,1,0
2283,83,CommonToolExecutor,1024,1024,1,48.6165,1,0
2284,84,CommonToolExecutor,1024,1024,1,2.4379,1,0
2285,85,CommonToolExecutor,1024,1024,1,30.6673,1,0
2286,86,CommonToolExecutor,1024,1024,1,17.3818,1,0
2287,87,CommonToolExecutor,1024,1024,1,2.1342,1,0
2288,88,CommonToolExecutor,1024,1024,1,1.9826,1,0
2289,89,CommonToolExecutor,1024,1024,1,1.9414,1,0
2290,90,CommonToolExecutor,1024,1024,1,59.6775,1,0
2291,91,CommonToolExecutor,1024,1024,1,45.9995,1,0
2292,92,CommonToolExecutor,1024,1024,1,37.3717,1,0
2293,93,CommonToolExecutor,1024,1024,1,15.6614,1,0
2294,94,CommonToolExecutor,1024,1024,1,50.8283,1,0
2295,95,CommonToolExecutor,1024,1024,1,2.4584,1,0
2296,96,CommonToolExecutor,1024,1024,1,14.8287,1,0
2297,97,CommonToolExecutor,1024,1024,1,31.6667,1,0
2298,98,CommonToolExecutor,1024,1024,1,16.2063,1,0
2299,99,CommonToolExecutor,1024,1024,1,2.7637,1,0
2300,0,CommonToolExecutor,1024,1024,1,12.6626,1,0
2301,1,CommonToolExecutor,1024,1024,1,53.1934,1,0
2302,2,CommonToolExecutor,1024,1024,1,18.2822,1,0
2303,3,CommonToolExecutor,1024,1024,1,14.7722,1,0
2304,4,CommonToolExecutor,1024,1024,1,49.2909,1,0
2305,5,CommonToolExecutor,1024,1024,1,4.0096,1,0
2306,6,CommonToolExecutor,1024,1024,1,14.6632,1,0
2307,7,CommonToolExecutor,1024,1024,1,46.9192,1,0
2308,8,CommonToolExecutor,1024,1024,1,19.0123,1,0
2309,9,CommonToolExecutor,1024,1024,1,14.8362,1,0
2310,10,CommonToolExecutor,1024,1024,1,49.2556,1,0
2311,11,CommonToolExecutor,1024,1024,1,22.0651,1,0
2312,12,CommonToolExecutor,1024,1024,1,27.2264,1,0
2313,13,CommonToolExecutor,1024,1024,1,29.8819,1,0
2314,14,CommonToolExecutor,1024,1024,1,17.4441,1,0
2315,15,CommonToolExecutor,1024,1024,1,2.2645,1,0
2316,16,CommonToolExecutor,1024,1024,1,33.3114,1,0
2317,17,CommonToolExecutor,1024,1024,1,3.5015,1,0
2318,18,CommonToolExecutor,1024,1024,1,14.238,1,0
2319,19,CommonToolExecutor,1024,1024,1,3.3243,1,0
2320,20,CommonToolExecutor,1024,1024,1,3.1055,1,0
2321,21,CommonToolExecutor,1024,1024,1,11.371,1,0
2322,22,CommonToolExecutor,1024,1024,1,48.5066,1,0
2323,23,CommonToolExecutor,1024,1024,1,18.5769,1,0
2324,24,CommonToolExecutor,1024,1024,1,13.5831,1,0
2325,25,CommonToolExecutor,1024,1024,1,51.3946,1,0
2326,26,CommonToolExecutor,1024,1024,1,18.1202,1,0
2327,27,CommonToolExecutor,1024,1024,1,15.1606,1,0
2328,28,CommonToolExecutor,1024,1024,1,32.4113,1,0
2329,29,CommonToolExecutor,1024,1024,1,17.8477,1,0
2330,30,CommonToolExecutor,1024,1024,1,15.6392,1,0
2331,31,CommonToolExecutor,1024,1024,1,47.9185,1,0
2332,32,CommonToolExecutor,1024,1024,1,3.2759,1,0
2333,33,CommonToolExecutor,1024,1024,1,13.4463,1,0
2334,34,CommonToolExecutor,1024,1024,1,33.8139,1,0
2335,35,CommonToolExecutor,1024,1024,1,3.4763,1,0
2336,36,CommonToolExecutor,1024,1024,1,14.3729,1,0
2337,37,CommonToolExecutor,1024,1024,1,48.7171,1,0
2338,38,CommonToolExecutor,1024,1024,1,16.8307,1,0
2339,39,CommonToolExecutor,1024,1024,1,17.7648,1,0
2340,40,CommonToolExecutor,1024,1024,1,32.5382,1,0
2341,41,CommonToolExecutor,1024,1024,1,18.6785,1,0
2342,42,CommonToolExecutor,1024,1024,1,14.1072,1,0
2343,43,CommonToolExecutor,1024,1024,1,29.8133,1,0
2344,44,CommonToolExecutor,1024,1024,1,16.965,1,0
2345,45,CommonToolExecutor,1024,1024,1,20.6384,1,0
2346,46,CommonToolExecutor,1024,1024,1,33.6033,1,0
2347,47,CommonToolExecutor,1024,1024,1,15.6679,1,0
2348,48,CommonToolExecutor,1024,1024,1,17.3724,1,0
2349,49,CommonToolExecutor,1024,1024,1,3.4192,1,0
2350,50,CommonToolExecutor,1024,1024,1,3.1451,1,0
2351,51,CommonToolExecutor,1024,1024,1,27.12,1,0
2352,52,CommonToolExecutor,1024,1024,1,47.1055,1,0
2353,53,CommonToolExecutor,1024,1024,1,3.2929,1,0
2354,54,CommonToolExecutor,1024,1024,1,12.3258,1,0
2355,55,CommonToolExecutor,1024,1024,1,34.5548,1,0
2356,56,CommonToolExecutor,1024,1024,1,19.36,1,0
2357,57,CommonToolExecutor,1024,1024,1,15.906,1,0
2358,58,CommonToolExecutor,1024,1024,1,49.2358,1,0
2359,59,CommonToolExecutor,1024,1024,1,18.4821,1,0
2360,60,CommonToolExecutor,1024,1024,1,15.5007,1,0
2361,61,CommonToolExecutor,1024,1024,1,47.4472,1,0
2362,62,CommonToolExecutor,1024,1024,1,16.7659,1,0
2363,63,CommonToolExecutor,1024,1024,1,2.8384,1,0
2364,64,CommonToolExecutor,1024,1024,1,32.1991,1,0
2365,65,CommonToolExecutor,1024,1024,1,17.6713,1,0
2366,66,CommonToolExecutor,1024,1024,1,15.7157,1,0
2367,67,CommonToolExecutor,1024,1024,1,49.2851,1,0
2368,68,CommonToolExecutor,1024,1024,1,18.581,1,0
2369,69,CommonToolExecutor,1024,1024,1,14.9075,1,0
2370,70,CommonToolExecutor,1024,1024,1,34.2725,1,0
2371,71,CommonToolExecutor,1024,1024,1,16.0431,1,0
2372,72,CommonToolExecutor,1024,1024,1,2.4644,1,0
2373,73,CommonToolExecutor,1024,1024,1,46.1537,1,0
2374,74,CommonToolExecutor,1024,1024,1,3.1858,1,0
2375,75,CommonToolExecutor,1024,1024,1,16.9994,1,0
2376,76,CommonToolExecutor,1024,1024,1,47.2846,1,0
2377,77,CommonToolExecutor,1024,1024,1,17.1306,1,0
2378,78,CommonToolExecutor,1024,1024,1,2.2675,1,0
2379,79,CommonToolExecutor,1024,1024,1,3.2528,1,0
2380,80,CommonToolExecutor,1024,1024,1,3.107,1,0
2381,81,CommonToolExecutor,1024,1024,1,24.3112,1,0
2382,82,CommonToolExecutor,1024,1024,1,45.919,1,0
2383,83,CommonToolExecutor,1024,1024,1,3.1927,1,0
2384,84,CommonToolExecutor,1024,1024,1,2.1959,1,0
2385,85,CommonToolExecutor,1024,1024,1,41.5685,1,0
2386,86,CommonToolExecutor,1024,1024,1,25.0236,1,0
2387,87,CommonToolExecutor,1024,1024,1,15.4382,1,0
2388,88,CommonToolExecutor,1024,1024,1,48.3096,1,0
2389,89,CommonToolExecutor,1024,1024,1,18.2869,1,0
2390,90,CommonToolExecutor,1024,1024,1,15.5052,1,0
2391,91,CommonToolExecutor,1024,1024,1,34.2898,1,0
2392,92,CommonToolExecutor,1024,1024,1,18.3881,1,0
2393,93,CommonToolExecutor,1024,1024,1,4.9183,1,0
2394,94,CommonToolExecutor,1024,1024,1,57.9707,1,0
2395,95,CommonToolExecutor,1024,1024,1,3.566,1,0
2396,96,CommonToolExecutor,1024,1024,1,2.9597,1,0
2397,97,CommonToolExecutor,1024,1024,1,43.9999,1,0
2398,98,CommonToolExecutor,1024,1024,1,15.784,1,0
2399,99,CommonToolExecutor,1024,1024,1,14.6164,1,0
2400,0,CommonToolExecutor,1024,1024,1,37.3867,1,0
2401,1,CommonToolExecutor,1024,1024,1,15.0671,1,0
2402,2,CommonToolExecutor,1024,1024,1,3.5942,1,0
2403,3,CommonToolExecutor,1024,1024,1,30.0271,1,0
2404,4,CommonToolExecutor,1024,1024,1,2.3259,1,0
2405,5,CommonToolExecutor,1024,1024,1,14.8709,1,0
2406,6,CommonToolExecutor,1024,1024,1,47.1013,1,0
2407,7,CommonToolExecutor,1024,1024,1,16.1267,1,0
2408,8,CommonToolExecutor,1024,1024,1,15.816,1,0
2409,9,CommonToolExecutor,1024,1024,1,51.9366,1,0
2410,10,CommonToolExecutor,1024,1024,1,15.9683,1,0
2411,11,CommonToolExecutor,1024,1024,1,3.8037,1,0
2412,12,CommonToolExecutor,1024,1024,1,47.4669,1,0
2413,13,CommonToolExecutor,1024,1024,1,16.3456,1,0
2414,14,CommonToolExecutor,1024,1024,1,8.9162,1,0
2415,15,CommonToolExecutor,1024,1024,1,57.3734,1,0
2416,16,CommonToolExecutor,1024,1024,1,17.0525,1,0
2417,17,CommonToolExecutor,1024,1024,1,17.4251,1,0
2418,18,CommonToolExecutor,1024,1024,1,16.7986,1,0
2419,19,CommonToolExecutor,1024,1024,1,15.1593,1,0
2420,20,CommonToolExecutor,1024,1024,1,3.1862,1,0
2421,21,CommonToolExecutor,1024,1024,1,46.0793,1,0
2422,22,CommonToolExecutor,1024,1024,1,17.3397,1,0
2423,23,CommonToolExecutor,1024,1024,1,19.2555,1,0
2424,24,CommonToolExecutor,1024,1024,1,46.7705,1,0
2425,25,CommonToolExecutor,1024,1024,1,17.1922,1,0
2426,26,CommonToolExecutor,1024,1024,1,15.4662,1,0
2427,27,CommonToolExecutor,1024,1024,1,3.348,1,0
2428,28,CommonToolExecutor,1024,1024,1,14.0511,1,0
2429,29,CommonToolExecutor,1024,1024,1,3.6025,1,0
2430,30,CommonToolExecutor,1024,1024,1,28.2278,1,0
2431,31,CommonToolExecutor,1024,1024,1,15.6846,1,0
2432,32,CommonToolExecutor,1024,1024,1,3.4705,1,0
2433,33,CommonToolExecutor,1024,1024,1,48.5086,1,0
2434,34,CommonToolExecutor,1024,1024,1,17.4501,1,0
2435,35,CommonToolExecutor,1024,1024,1,16.67,1,0
2436,36,CommonToolExecutor,1024,1024,1,44.4645,1,0
2437,37,CommonToolExecutor,1024,1024,1,21.624,1,0
2438,38,CommonToolExecutor,1024,1024,1,17.5659,1,0
2439,39,CommonToolExecutor,1024,1024,1,31.4277,1,0
2440,40,CommonToolExecutor,1024,1024,1,17.199,1,0
2441,41,CommonToolExecutor,1024,1024,1,17.4177,1,0
2442,42,CommonToolExecutor,1024,1024,1,16.8073,1,0
2443,43,CommonToolExecutor,1024,1024,1,15.3782,1,0
2444,44,CommonToolExecutor,1024,1024,1,17.5192,1,0
2445,45,CommonToolExecutor,1024,1024,1,29.4657,1,0
2446,46,CommonToolExecutor,1024,1024,1,19.8177,1,0
2447,47,CommonToolExecutor,1024,1024,1,3.6176,1,0
2448,48,CommonToolExecutor,1024,1024,1,45.4135,1,0
2449,49,CommonToolExecutor,1024,1024,1,2.5581,1,0
2450,50,CommonToolExecutor,1024,1024,1,3.1217,1,0
2451,51,CommonToolExecutor,1024,1024,1,61.0455,1,0
2452,52,CommonToolExecutor,1024,1024,1,16.1123,1,0
2453,53,CommonToolExecutor,1024,1024,1,18.6192,1,0
2454,54,CommonToolExecutor,1024,1024,1,3.6063,1,0
2455,55,CommonToolExecutor,1024,1024,1,2.61,1,0
2456,56,CommonToolExecutor,1024,1024,1,3.6287,1,0
2457,57,CommonToolExecutor,1024,1024,1,49.7876,1,0
2458,58,CommonToolExecutor,1024,1024,1,2.2482,1,0
2459,59,CommonToolExecutor,1024,1024,1,3.3217,1,0
2460,60,CommonToolExecutor,1024,1024,1,32.9367,1,0
2461,61,CommonToolExecutor,1024,1024,1,17.6652,1,0
2462,62,CommonToolExecutor,1024,1024,1,4.1322,1,0
2463,63,CommonToolExecutor,1024,1024,1,43.6232,1,0
2464,64,CommonToolExecutor,1024,1024,1,15.2922,1,0
2465,65,CommonToolExecutor,1024,1024,1,16.9678,1,0
2466,66,CommonToolExecutor,1024,1024,1,20.6539,1,0
2467,67,CommonToolExecutor,1024,1024,1,2.6032,1,0
2468,68,CommonToolExecutor,1024,1024,1,13.9254,1,0
2469,69,CommonToolExecutor,1024,1024,1,2.7875,1,0
2470,70,CommonToolExecutor,1024,1024,1,2.2337,1,0
2471,71,CommonToolExecutor,1024,1024,1,25.1113,1,0
2472,72,CommonToolExecutor,1024,1024,1,51.0706,1,0
2473,73,CommonToolExecutor,1024,1024,1,2.9391,1,0
2474,74,CommonToolExecutor,1024,1024,1,3.2773,1,0
2475,75,CommonToolExecutor,1024,1024,1,58.2318,1,0
2476,76,CommonToolExecutor,1024,1024,1,18.3462,1,0
2477,77,CommonToolExecutor,1024,1024,1,3.2612,1,0
2478,78,CommonToolExecutor,1024,1024,1,3.1875,1,0
2479,79,CommonToolExecutor,1024,1024,1,27.064,1,0
2480,80,CommonToolExecutor,1024,1024,1,4.7717,1,0
2481,81,CommonToolExecutor,1024,1024,1,43.4656,1,0
2482,82,CommonToolExecutor,1024,1024,1,16.2177,1,0
2483,83,CommonToolExecutor,1024,1024,1,17.2276,1,0
2484,84,CommonToolExecutor,1024,1024,1,50.4479,1,0
2485,85,CommonToolExecutor,1024,1024,1,3.2457,1,0
2486,86,CommonToolExecutor,1024,1024,1,4.4313,1,0
2487,87,CommonToolExecutor,1024,1024,1,58.31,1,0
2488,88,CommonToolExecutor,1024,1024,1,17.3842,1,0
2489,89,CommonToolExecutor,1024,1024,1,3.6489,1,0
2490,90,CommonToolExecutor,1024,1024,1,14.5013,1,0
2491,91,CommonToolExecutor,1024,1024,1,14.859,1,0
2492,92,CommonToolExecutor,1024,1024,1,3.4407,1,0
2493,93,CommonToolExecutor,1024,1024,1,45.7381,1,0
2494,94,CommonToolExecutor,1024,1024,1,17.1723,1,0
2495,95,CommonToolExecutor,1024,1024,1,17.4841,1,0
2496,96,CommonToolExecutor,1024,1024,1,48.4499,1,0
2497,97,CommonToolExecutor,1024,1024,1,16.3706,1,0
2498,98,CommonToolExecutor,1024,1024,1,17.0824,1,0
2499,99,CommonToolExecutor,1024,1024,1,33.0856,1,0
2500,0,CommonToolExecutor,1024,1024,1,3.0605,1,0
2501,1,CommonToolExecutor,1024,1024,1,2.4916,1,0
2502,2,CommonToolExecutor,1024,1024,1,12.898,1,0
2503,3,CommonToolExecutor,1024,1024,1,16.982,1,0
2504,4,CommonToolExecutor,1024,1024,1,4.7066,1,0
2505,5,CommonToolExecutor,1024,1024,1,4.5176,1,0
2506,6,CommonToolExecutor,1024,1024,1,21.9636,1,0
2507,7,CommonToolExecutor,1024,1024,1,2.3454,1,0
2508,8,CommonToolExecutor,1024,1024,1,2.4195,1,0
2509,9,CommonToolExecutor,1024,1024,1,2.9082,1,0
2510,10,CommonToolExecutor,1024,1024,1,25.5234,1,0
2511,11,CommonToolExecutor,1024,1024,1,2.0967,1,0
2512,12,CommonToolExecutor,1024,1024,1,2.3553,1,0
2513,13,CommonToolExecutor,1024,1024,1,1.9969,1,0
2514,14,CommonToolExecutor,1024,1024,1,1.8338,1,0
2515,15,CommonToolExecutor,1024,1024,1,21.9349,1,0
2516,16,CommonToolExecutor,1024,1024,1,2.0468,1,0
2517,17,CommonToolExecutor,1024,1024,1,1.9654,1,0
2518,18,CommonToolExecutor,1024,1024,1,1.9491,1,0
2519,19,CommonToolExecutor,1024,1024,1,1.8408,1,0
2520,20,CommonToolExecutor,1024,1024,1,1.8853,1,0
2521,21,CommonToolExecutor,1024,1024,1,1.925,1,0
2522,22,CommonToolExecutor,1024,1024,1,1.8658,1,0
2523,23,CommonToolExecutor,1024,1024,1,2.113,1,0
2524,24,CommonToolExecutor,1024,1024,1,1.8319,1,0
2525,25,CommonToolExecutor,1024,1024,1,1.9996,1,0
2526,26,CommonToolExecutor,1024,1024,1,2.2311,1,0
2527,27,CommonToolExecutor,1024,1024,1,1.7984,1,0
2528,28,CommonToolExecutor,1024,1024,1,1.9397,1,0
2529,29,CommonToolExecutor,1024,1024,1,2.0664,1,0
2530,30,CommonToolExecutor,1024,1024,1,1.8778,1,0
2531,31,CommonToolExecutor,1024,1024,1,2.0733,1,0
2532,32,CommonToolExecutor,1024,1024,1,1.9622,1,0
2533,33,CommonToolExecutor,1024,1024,1,2.2223,1,0
2534,34,CommonToolExecutor,1024,1024,1,2.0264,1,0
2535,35,CommonToolExecutor,1024,1024,1,1.8567,1,0
2536,36,CommonToolExecutor,1024,1024,1,1.7233,1,0
2537,37,CommonToolExecutor,1024,1024,1,1.8398,1,0
2538,38,CommonToolExecutor,1024,1024,1,1.8331,1,0
2539,39,CommonToolExecutor,1024,1024,1,1.8515,1,0
2540,40,CommonToolExecutor,1024,1024,1,2.4526,1,0
2541,41,CommonToolExecutor,1024,1024,1,2.4879,1,0
2542,42,CommonToolExecutor,1024,1024,1,2.0695,1,0
2543,43,CommonToolExecutor,1024,1024,1,1.8476,1,0
2544,44,CommonToolExecutor,1024,1024,1,13.0637,1,0
2545,45,CommonToolExecutor,1024,1024,1,2.0028,1,0
2546,46,CommonToolExecutor,1024,1024,1,12.9898,1,0
2547,47,CommonToolExecutor,1024,1024,1,2.0059,1,0
2548,48,CommonToolExecutor,1024,1024,1,1.751,1,0
2549,49,CommonToolExecutor,1024,1024,1,12.65,1,0
2550,50,CommonToolExecutor,1024,1024,1,16.3495,1,0
2551,51,CommonToolExecutor,1024,1024,1,2.1734,1,0
2552,52,CommonToolExecutor,1024,1024,1,2.0206,1,0
2553,53,CommonToolExecutor,1024,1024,1,2.0461,1,0
2554,54,CommonToolExecutor,1024,1024,1,1.8885,1,0
2555,55,CommonToolExecutor,1024,1024,1,22.2661,1,0
2556,56,CommonToolExecutor,1024,1024,1,15.8473,1,0
2557,57,CommonToolExecutor,1024,1024,1,20.8458,1,0
2558,58,CommonToolExecutor,1024,1024,1,1.9561,1,0
2559,59,CommonToolExecutor,1024,1024,1,14.1078,1,0
2560,60,CommonToolExecutor,1024,1024,1,17.0136,1,0
2561,61,CommonToolExecutor,1024,1024,1,15.3992,1,0
2562,62,CommonToolExecutor,1024,1024,1,17.8353,1,0
2563,63,CommonToolExecutor,1024,1024,1,15.9779,1,0
2564,64,CommonToolExecutor,1024,1024,1,2.0707,1,0
2565,65,CommonToolExecutor,1024,1024,1,2.1312,1,0
2566,66,CommonToolExecutor,1024,1024,1,1.8767,1,0
2567,67,CommonToolExecutor,1024,1024,1,1.8334,1,0
2568,68,CommonToolExecutor,1024,1024,1,1.8982,1,0
2569,69,CommonToolExecutor,1024,1024,1,1.8251,1,0
2570,70,CommonToolExecutor,1024,1024,1,1.7885,1,0
2571,71,CommonToolExecutor,1024,1024,1,2.1162,1,0
2572,72,CommonToolExecutor,1024,1024,1,1.9384,1,0
2573,73,CommonToolExecutor,1024,1024,1,1.8356,1,0
2574,74,CommonToolExecutor,1024,1024,1,1.793,1,0
2575,75,CommonToolExecutor,1024,1024,1,1.8238,1,0
2576,76,CommonToolExecutor,1024,1024,1,1.8441,1,0
2577,77,CommonToolExecutor,1024,1024,1,1.8147,1,0
2578,78,CommonToolExecutor,1024,1024,1,1.7994,1,0
2579,79,CommonToolExecutor,1024,1024,1,20.8403,1,0
2580,80,CommonToolExecutor,1024,1024,1,2.0472,1,0
2581,81,CommonToolExecutor,1024,1024,1,1.9196,1,0
2582,82,CommonToolExecutor,1024,1024,1,1.8887,1,0
2583,83,CommonToolExecutor,1024,1024,1,11.7768,1,0
2584,84,CommonToolExecutor,1024,1024,1,15.3744,1,0
2585,85,CommonToolExecutor,1024,1024,1,16.5584,1,0
2586,86,CommonToolExecutor,1024,1024,1,16.9637,1,0
2587,87,CommonToolExecutor,1024,1024,1,1.9233,1,0
2588,88,CommonToolExecutor,1024,1024,1,14.4295,1,0
2589,89,CommonToolExecutor,1024,1024,1,16.3538,1,0
2590,90,CommonToolExecutor,1024,1024,1,14.7889,1,0
2591,91,CommonToolExecutor,1024,1024,1,2.1504,1,0
2592,92,CommonToolExecutor,1024,1024,1,2.012,1,0
2593,93,CommonToolExecutor,1024,1024,1,14.4508,1,0
2594,94,CommonToolExecutor,1024,1024,1,17.4877,1,0
2595,95,CommonToolExecutor,1024,1024,1,2.5088,1,0
2596,96,CommonToolExecutor,1024,1024,1,13.2373,1,0
2597,97,CommonToolExecutor,1024,1024,1,16.4809,1,0
2598,98,CommonToolExecutor,1024,1024,1,2.0994,1,0
2599,99,CommonToolExecutor,1024,1024,1,1.8131,1,0
2600,0,CommonToolExecutor,1024,1024,1,12.2136,1,0
2601,1,CommonToolExecutor,1024,1024,1,50.037,1,0
2602,2,CommonToolExecutor,1024,1024,1,31.0732,1,0
2603,3,CommonToolExecutor,1024,1024,1,52.3337,1,0
2604,4,CommonToolExecutor,1024,1024,1,33.7931,1,0
2605,5,CommonToolExecutor,1024,1024,1,29.2886,1,0
2606,6,CommonToolExecutor,1024,1024,1,20.6547,1,0
2607,7,CommonToolExecutor,1024,1024,1,15.5537,1,0
2608,8,CommonToolExecutor,1024,1024,1,19.0227,1,0
2609,9,CommonToolExecutor,1024,1024,1,31.6215,1,0
2610,10,CommonToolExecutor,1024,1024,1,47.4412,1,0
2611,11,CommonToolExecutor,1024,1024,1,17.4059,1,0
2612,12,CommonToolExecutor,1024,1024,1,32.8218,1,0
2613,13,CommonToolExecutor,1024,1024,1,51.2173,1,0
2614,14,CommonToolExecutor,1024,1024,1,31.9351,1,0
2615,15,CommonToolExecutor,1024,1024,1,14.2831,1,0
2616,16,CommonToolExecutor,1024,1024,1,32.3162,1,0
2617,17,CommonToolExecutor,1024,1024,1,46.432,1,0
2618,18,CommonToolExecutor,1024,1024,1,40.9926,1,0
2619,19,CommonToolExecutor,1024,1024,1,34.5548,1,0
2620,20,CommonToolExecutor,1024,1024,1,49.0188,1,0
2621,21,CommonToolExecutor,1024,1024,1,31.2173,1,0
2622,22,CommonToolExecutor,1024,1024,1,51.6083,1,0
2623,23,CommonToolExecutor,1024,1024,1,33.8263,1,0
2624,24,CommonToolExecutor,1024,1024,1,32.7895,1,0
2625,25,CommonToolExecutor,1024,1024,1,48.2305,1,0
2626,26,CommonToolExecutor,1024,1024,1,51.8526,1,0
2627,27,CommonToolExecutor,1024,1024,1,31.0842,1,0
2628,28,CommonToolExecutor,1024,1024,1,47.4684,1,0
2629,29,CommonToolExecutor,1024,1024,1,54.3281,1,0
2630,30,CommonToolExecutor,1024,1024,1,33.3922,1,0
2631,31,CommonToolExecutor,1024,1024,1,18.0349,1,0
2632,32,CommonToolExecutor,1024,1024,1,47.7749,1,0
2633,33,CommonToolExecutor,1024,1024,1,46.2753,1,0
2634,34,CommonToolExecutor,1024,1024,1,54.1155,1,0
2635,35,CommonToolExecutor,1024,1024,1,49.0705,1,0
2636,36,CommonToolExecutor,1024,1024,1,32.4061,1,0
2637,37,CommonToolExecutor,1024,1024,1,35.7174,1,0
2638,38,CommonToolExecutor,1024,1024,1,2.9941,1,0
2639,39,CommonToolExecutor,1024,1024,1,46.1545,1,0
2640,40,CommonToolExecutor,1024,1024,1,49.854,1,0
2641,41,CommonToolExecutor,1024,1024,1,49.9242,1,0
2642,42,CommonToolExecutor,1024,1024,1,50.1353,1,0
2643,43,CommonToolExecutor,1024,1024,1,48.3238,1,0
2644,44,CommonToolExecutor,1024,1024,1,3.719,1,0
2645,45,CommonToolExecutor,1024,1024,1,30.745,1,0
2646,46,CommonToolExecutor,1024,1024,1,33.1559,1,0
2647,47,CommonToolExecutor,1024,1024,1,32.8176,1,0
2648,48,CommonToolExecutor,1024,1024,1,50.1727,1,0
2649,49,CommonToolExecutor,1024,1024,1,33.0692,1,0
2650,50,CommonToolExecutor,1024,1024,1,33.0523,1,0
2651,51,CommonToolExecutor,1024,1024,1,3.7287,1,0
2652,52,CommonToolExecutor,1024,1024,1,29.5396,1,0
2653,53,CommonToolExecutor,1024,1024,1,51.2687,1,0
2654,54,CommonToolExecutor,1024,1024,1,48.5664,1,0
2655,55,CommonToolExecutor,1024,1024,1,3.5797,1,0
2656,56,CommonToolExecutor,1024,1024,1,3.9986,1,0
2657,57,CommonToolExecutor,1024,1024,1,59.0844,1,0
2658,58,CommonToolExecutor,1024,1024,1,33.3045,1,0
2659,59,CommonToolExecutor,1024,1024,1,34.2555,1,0
2660,60,CommonToolExecutor,1024,1024,1,3.2497,1,0
2661,61,CommonToolExecutor,1024,1024,1,3.5913,1,0
2662,62,CommonToolExecutor,1024,1024,1,40.9453,1,0
2663,63,CommonToolExecutor,1024,1024,1,49.7351,1,0
2664,64,CommonToolExecutor,1024,1024,1,19.2753,1,0
2665,65,CommonToolExecutor,1024,1024,1,47.6755,1,0
2666,66,CommonToolExecutor,1024,1024,1,51.1838,1,0
2667,67,CommonToolExecutor,1024,1024,1,44.8027,1,0
2668,68,CommonToolExecutor,1024,1024,1,3.2911,1,0
2669,69,CommonToolExecutor,1024,1024,1,35.2693,1,0
2670,70,CommonToolExecutor,1024,1024,1,48.0438,1,0
2671,71,CommonToolExecutor,1024,1024,1,31.9807,1,0
2672,72,CommonToolExecutor,1024,1024,1,3.0855,1,0
2673,73,CommonToolExecutor,1024,1024,1,29.702,1,0
2674,74,CommonToolExecutor,1024,1024,1,44.6115,1,0
2675,75,CommonToolExecutor,1024,1024,1,42.5055,1,0
2676,76,CommonToolExecutor,1024,1024,1,46.9378,1,0
2677,77,CommonToolExecutor,1024,1024,1,34.7913,1,0
2678,78,CommonToolExecutor,1024,1024,1,19.6783,1,0
2679,79,CommonToolExecutor,1024,1024,1,15.0568,1,0
2680,80,CommonToolExecutor,1024,1024,1,15.0499,1,0
2681,81,CommonToolExecutor,1024,1024,1,49.5281,1,0
2682,82,CommonToolExecutor,1024,1024,1,50.1821,1,0
2683,83,CommonToolExecutor,1024,1024,1,50.039,1,0
2684,84,CommonToolExecutor,1024,1024,1,19.2103,1,0
2685,85,CommonToolExecutor,1024,1024,1,29.8277,1,0
2686,86,CommonToolExecutor,1024,1024,1,33.1458,1,0
2687,87,CommonToolExecutor,1024,1024,1,47.3726,1,0
2688,88,CommonToolExecutor,1024,1024,1,53.3391,1,0
2689,89,CommonToolExecutor,1024,1024,1,3.4421,1,0
2690,90,CommonToolExecutor,1024,1024,1,15.3841,1,0
2691,91,CommonToolExecutor,1024,1024,1,29.1283,1,0
2692,92,CommonToolExecutor,1024,1024,1,35.2742,1,0
2693,93,CommonToolExecutor,1024,1024,1,33.7014,1,0
2694,94,CommonToolExecutor,1024,1024,1,49.149,1,0
2695,95,CommonToolExecutor,1024,1024,1,34.2377,1,0
2696,96,CommonToolExecutor,1024,1024,1,49.0324,1,0
2697,97,CommonToolExecutor,1024,1024,1,17.4059,1,0
2698,98,CommonToolExecutor,1024,1024,1,13.6723,1,0
2699,99,CommonToolExecutor,1024,1024,1,52.3437,1,0
2700,0,CommonToolExecutor,1024,1024,1,30.6324,1,0
2701,1,CommonToolExecutor,1024,1024,1,19.9636,1,0
2702,2,CommonToolExecutor,1024,1024,1,16.143,1,0
2703,3,CommonToolExecutor,1024,1024,1,49.0938,1,0
2704,4,CommonToolExecutor,1024,1024,1,2.2563,1,0
2705,5,CommonToolExecutor,1024,1024,1,1.953,1,0
2706,6,CommonToolExecutor,1024,1024,1,3.236,1,0
2707,7,CommonToolExecutor,1024,1024,1,2.8148,1,0
2708,8,CommonToolExecutor,1024,1024,1,21.7915,1,0
2709,9,CommonToolExecutor,1024,1024,1,35.9103,1,0
2710,10,CommonToolExecutor,1024,1024,1,31.7786,1,0
2711,11,CommonToolExecutor,1024,1024,1,2.3261,1,0
2712,12,CommonToolExecutor,1024,1024,1,31.0198,1,0
2713,13,CommonToolExecutor,1024,1024,1,2.473,1,0
2714,14,CommonToolExecutor,1024,1024,1,14.3958,1,0
2715,15,CommonToolExecutor,1024,1024,1,16.6448,1,0
2716,16,CommonToolExecutor,1024,1024,1,17.1947,1,0
2717,17,CommonToolExecutor,1024,1024,1,15.8683,1,0
2718,18,CommonToolExecutor,1024,1024,1,49.0941,1,0
2719,19,CommonToolExecutor,1024,1024,1,3.4314,1,0
2720,20,CommonToolExecutor,1024,1024,1,46.468,1,0
2721,21,CommonToolExecutor,1024,1024,1,2.1423,1,0
2722,22,CommonToolExecutor,1024,1024,1,31.3307,1,0
2723,23,CommonToolExecutor,1024,1024,1,2.5006,1,0
2724,24,CommonToolExecutor,1024,1024,1,13.2688,1,0
2725,25,CommonToolExecutor,1024,1024,1,17.7362,1,0
2726,26,CommonToolExecutor,1024,1024,1,47.9489,1,0
2727,27,CommonToolExecutor,1024,1024,1,2.762,1,0
2728,28,CommonToolExecutor,1024,1024,1,2.0837,1,0
2729,29,CommonToolExecutor,1024,1024,1,2.0815,1,0
2730,30,CommonToolExecutor,1024,1024,1,24.223,1,0
2731,31,CommonToolExecutor,1024,1024,1,20.2122,1,0
2732,32,CommonToolExecutor,1024,1024,1,49.6948,1,0
2733,33,CommonToolExecutor,1024,1024,1,17.6307,1,0
2734,34,CommonToolExecutor,1024,1024,1,49.4592,1,0
2735,35,CommonToolExecutor,1024,1024,1,48.0798,1,0
2736,36,CommonToolExecutor,1024,1024,1,15.339,1,0
2737,37,CommonToolExecutor,1024,1024,1,2.4561,1,0
2738,38,CommonToolExecutor,1024,1024,1,2.001,1,0
2739,39,CommonToolExecutor,1024,1024,1,3.047,1,0
2740,40,CommonToolExecutor,1024,1024,1,27.9331,1,0
2741,41,CommonToolExecutor,1024,1024,1,50.2563,1,0
2742,42,CommonToolExecutor,1024,1024,1,2.3514,1,0
2743,43,CommonToolExecutor,1024,1024,1,3.2177,1,0
2744,44,CommonToolExecutor,1024,1024,1,2.1821,1,0
2745,45,CommonToolExecutor,1024,1024,1,2.2479,1,0
2746,46,CommonToolExecutor,1024,1024,1,39.8743,1,0
2747,47,CommonToolExecutor,1024,1024,1,3.2798,1,0
2748,48,CommonToolExecutor,1024,1024,1,43.9138,1,0
2749,49,CommonToolExecutor,1024,1024,1,31.2535,1,0
2750,50,CommonToolExecutor,1024,1024,1,54.2569,1,0
2751,51,CommonToolExecutor,1024,1024,1,16.0278,1,0
2752,52,CommonToolExecutor,1024,1024,1,17.2636,1,0
2753,53,CommonToolExecutor,1024,1024,1,17.425,1,0
2754,54,CommonToolExecutor,1024,1024,1,33.1721,1,0
2755,55,CommonToolExecutor,1024,1024,1,46.1467,1,0
2756,56,CommonToolExecutor,1024,1024,1,52.6001,1,0
2757,57,CommonToolExecutor,1024,1024,1,49.9307,1,0
2758,58,CommonToolExecutor,1024,1024,1,2.5199,1,0
2759,59,CommonToolExecutor,1024,1024,1,14.4075,1,0
2760,60,CommonToolExecutor,1024,1024,1,14.8557,1,0
2761,61,CommonToolExecutor,1024,1024,1,14.9829,1,0
2762,62,CommonToolExecutor,1024,1024,1,2.0895,1,0
2763,63,CommonToolExecutor,1024,1024,1,17.1289,1,0
2764,64,CommonToolExecutor,1024,1024,1,33.5348,1,0
2765,65,CommonToolExecutor,1024,1024,1,3.7048,1,0
2766,66,CommonToolExecutor,1024,1024,1,27.7694,1,0
2767,67,CommonToolExecutor,1024,1024,1,3.6019,1,0
2768,68,CommonToolExecutor,1024,1024,1,15.762,1,0
2769,69,CommonToolExecutor,1024,1024,1,15.5055,1,0
2770,70,CommonToolExecutor,1024,1024,1,49.3794,1,0
2771,71,CommonToolExecutor,1024,1024,1,3.4724,1,0
2772,72,CommonToolExecutor,1024,1024,1,29.9544,1,0
2773,73,CommonToolExecutor,1024,1024,1,16.2462,1,0
2774,74,CommonToolExecutor,1024,1024,1,15.5519,1,0
2775,75,CommonToolExecutor,1024,1024,1,50.4748,1,0
2776,76,CommonToolExecutor,1024,1024,1,16.0013,1,0
2777,77,CommonToolExecutor,1024,1024,1,3.2688,1,0
2778,78,CommonToolExecutor,1024,1024,1,2.5211,1,0
2779,79,CommonToolExecutor,1024,1024,1,62.438,1,0
2780,80,CommonToolExecutor,1024,1024,1,48.4962,1,0
2781,81,CommonToolExecutor,1024,1024,1,30.363,1,0
2782,82,CommonToolExecutor,1024,1024,1,54.2241,1,0
2783,83,CommonToolExecutor,1024,1024,1,21.3098,1,0
2784,84,CommonToolExecutor,1024,1024,1,5.589,1,0
2785,85,CommonToolExecutor,1024,1024,1,5.6135,1,0
2786,86,CommonToolExecutor,1024,1024,1,20.1022,1,0
2787,87,CommonToolExecutor,1024,1024,1,13.9941,1,0
2788,88,CommonToolExecutor,1024,1024,1,31.1482,1,0
2789,89,CommonToolExecutor,1024,1024,1,2.2214,1,0
2790,90,CommonToolExecutor,1024,1024,1,32.239,1,0
2791,91,CommonToolExecutor,1024,1024,1,16.5997,1,0
2792,92,CommonToolExecutor,1024,1024,1,15.3271,1,0
2793,93,CommonToolExecutor,1024,1024,1,18.1849,1,0
2794,94,CommonToolExecutor,1024,1024,1,16.389,1,0
2795,95,CommonToolExecutor,1024,1024,1,15.476,1,0
2796,96,CommonToolExecutor,1024,1024,1,50.448,1,0
2797,97,CommonToolExecutor,1024,1024,1,33.4474,1,0
2798,98,CommonToolExecutor,1024,1024,1,2.1066,1,0
2799,99,CommonToolExecutor,1024,1024,1,16.5587,1,0
2800,0,CommonToolExecutor,1024,1024,1,13.7935,1,0
2801,1,CommonToolExecutor,1024,1024,1,16.0104,1,0
2802,2,CommonToolExecutor,1024,1024,1,15.2922,1,0
2803,3,CommonToolExecutor,1024,1024,1,19.6612,1,0
2804,4,CommonToolExecutor,1024,1024,1,32.5099,1,0
2805,5,CommonToolExecutor,1024,1024,1,17.4914,1,0
2806,6,CommonToolExecutor,1024,1024,1,14.5973,1,0
2807,7,CommonToolExecutor,1024,1024,1,49.7603,1,0
2808,8,CommonToolExecutor,1024,1024,1,3.312,1,0
2809,9,CommonToolExecutor,1024,1024,1,14.8306,1,0
2810,10,CommonToolExecutor,1024,1024,1,31.7446,1,0
2811,11,CommonToolExecutor,1024,1024,1,3.3706,1,0
2812,12,CommonToolExecutor,1024,1024,1,2.7056,1,0
2813,13,CommonToolExecutor,1024,1024,1,28.9784,1,0
2814,14,CommonToolExecutor,1024,1024,1,3.2559,1,0
2815,15,CommonToolExecutor,1024,1024,1,2.2561,1,0
2816,16,CommonToolExecutor,1024,1024,1,28.2596,1,0
2817,17,CommonToolExecutor,1024,1024,1,17.1836,1,0
2818,18,CommonToolExecutor,1024,1024,1,15.7391,1,0
2819,19,CommonToolExecutor,1024,1024,1,48.9225,1,0
2820,20,CommonToolExecutor,1024,1024,1,3.408,1,0
2821,21,CommonToolExecutor,1024,1024,1,2.2749,1,0
2822,22,CommonToolExecutor,1024,1024,1,3.2488,1,0
2823,23,CommonToolExecutor,1024,1024,1,3.0816,1,0
2824,24,CommonToolExecutor,1024,1024,1,19.3842,1,0
2825,25,CommonToolExecutor,1024,1024,1,30.6778,1,0
2826,26,CommonToolExecutor,1024,1024,1,3.2948,1,0
2827,27,CommonToolExecutor,1024,1024,1,17.9893,1,0
2828,28,CommonToolExecutor,1024,1024,1,49.8779,1,0
2829,29,CommonToolExecutor,1024,1024,1,17.5567,1,0
2830,30,CommonToolExecutor,1024,1024,1,16.0006,1,0
2831,31,CommonToolExecutor,1024,1024,1,33.4285,1,0
2832,32,CommonToolExecutor,1024,1024,1,16.5591,1,0
2833,33,CommonToolExecutor,1024,1024,1,16.3202,1,0
2834,34,CommonToolExecutor,1024,1024,1,49.1844,1,0
2835,35,CommonToolExecutor,1024,1024,1,18.045,1,0
2836,36,CommonToolExecutor,1024,1024,1,2.9524,1,0
2837,37,CommonToolExecutor,1024,1024,1,45.5478,1,0
2838,38,CommonToolExecutor,1024,1024,1,3.9986,1,0
2839,39,CommonToolExecutor,1024,1024,1,14.2896,1,0
2840,40,CommonToolExecutor,1024,1024,1,31.3831,1,0
2841,41,CommonToolExecutor,1024,1024,1,19.6688,1,0
2842,42,CommonToolExecutor,1024,1024,1,13.7238,1,0
2843,43,CommonToolExecutor,1024,1024,1,49.6608,1,0
2844,44,CommonToolExecutor,1024,1024,1,5.2457,1,0
2845,45,CommonToolExecutor,1024,1024,1,13.0428,1,0
2846,46,CommonToolExecutor,1024,1024,1,29.9322,1,0
2847,47,CommonToolExecutor,1024,1024,1,3.2286,1,0
2848,48,CommonToolExecutor,1024,1024,1,14.9246,1,0
2849,49,CommonToolExecutor,1024,1024,1,47.8467,1,0
2850,50,CommonToolExecutor,1024,1024,1,20.1057,1,0
2851,51,CommonToolExecutor,1024,1024,1,2.165,1,0
2852,52,CommonToolExecutor,1024,1024,1,45.6746,1,0
2853,53,CommonToolExecutor,1024,1024,1,3.6015,1,0
2854,54,CommonToolExecutor,1024,1024,1,14.1513,1,0
2855,55,CommonToolExecutor,1024,1024,1,45.9103,1,0
2856,56,CommonToolExecutor,1024,1024,1,17.5553,1,0
2857,57,CommonToolExecutor,1024,1024,1,19.2761,1,0
2858,58,CommonToolExecutor,1024,1024,1,31.0931,1,0
2859,59,CommonToolExecutor,1024,1024,1,17.2679,1,0
2860,60,CommonToolExecutor,1024,1024,1,2.2471,1,0
2861,61,CommonToolExecutor,1024,1024,1,28.2886,1,0
2862,62,CommonToolExecutor,1024,1024,1,3.1394,1,0
2863,63,CommonToolExecutor,1024,1024,1,17.3925,1,0
2864,64,CommonToolExecutor,1024,1024,1,32.656,1,0
2865,65,CommonToolExecutor,1024,1024,1,3.0939,1,0
2866,66,CommonToolExecutor,1024,1024,1,12.9882,1,0
2867,67,CommonToolExecutor,1024,1024,1,50.1961,1,0
2868,68,CommonToolExecutor,1024,1024,1,18.3524,1,0
2869,69,CommonToolExecutor,1024,1024,1,15.714,1,0
2870,70,CommonToolExecutor,1024,1024,1,15.9574,1,0
2871,71,CommonToolExecutor,1024,1024,1,17.0848,1,0
2872,72,CommonToolExecutor,1024,1024,1,16.9786,1,0
2873,73,CommonToolExecutor,1024,1024,1,16.648,1,0
2874,74,CommonToolExecutor,1024,1024,1,3.5056,1,0
2875,75,CommonToolExecutor,1024,1024,1,12.4042,1,0
2876,76,CommonToolExecutor,1024,1024,1,31.7682,1,0
2877,77,CommonToolExecutor,1024,1024,1,3.3025,1,0
2878,78,CommonToolExecutor,1024,1024,1,14.3885,1,0
2879,79,CommonToolExecutor,1024,1024,1,16.635,1,0
2880,80,CommonToolExecutor,1024,1024,1,3.2444,1,0
2881,81,CommonToolExecutor,1024,1024,1,15.4592,1,0
2882,82,CommonToolExecutor,1024,1024,1,30.7073,1,0
2883,83,CommonToolExecutor,1024,1024,1,3.3023,1,0
2884,84,CommonToolExecutor,1024,1024,1,14.2297,1,0
2885,85,CommonToolExecutor,1024,1024,1,15.5481,1,0
2886,86,CommonToolExecutor,1024,1024,1,3.1694,1,0
2887,87,CommonToolExecutor,1024,1024,1,14.1502,1,0
2888,88,CommonToolExecutor,1024,1024,1,49.2268,1,0
2889,89,CommonToolExecutor,1024,1024,1,17.7872,1,0
2890,90,CommonToolExecutor,1024,1024,1,16.2836,1,0
2891,91,CommonToolExecutor,1024,1024,1,16.2963,1,0
2892,92,CommonToolExecutor,1024,1024,1,18.0272,1,0
2893,93,CommonToolExecutor,1024,1024,1,2.1379,1,0
2894,94,CommonToolExecutor,1024,1024,1,29.005,1,0
2895,95,CommonToolExecutor,1024,1024,1,18.4806,1,0
2896,96,CommonToolExecutor,1024,1024,1,15.6752,1,0
2897,97,CommonToolExecutor,1024,1024,1,49.6305,1,0
2898,98,CommonToolExecutor,1024,1024,1,18.0232,1,0
2899,99,CommonToolExecutor,1024,1024,1,2.8092,1,0
2900,0,CommonToolExecutor,1024,1024,1,45.6189,1,0
2901,1,CommonToolExecutor,1024,1024,1,2.8892,1,0
2902,2,CommonToolExecutor,1024,1024,1,3.7587,1,0
2903,3,CommonToolExecutor,1024,1024,1,44.0422,1,0
2904,4,CommonToolExecutor,1024,1024,1,16.0316,1,0
2905,5,CommonToolExecutor,1024,1024,1,17.6416,1,0
2906,6,CommonToolExecutor,1024,1024,1,17.8058,1,0
2907,7,CommonToolExecutor,1024,1024,1,13.0824,1,0
2908,8,CommonToolExecutor,1024,1024,1,17.1837,1,0
2909,9,CommonToolExecutor,1024,1024,1,15.9904,1,0
2910,10,CommonToolExecutor,1024,1024,1,16.033,1,0
2911,11,CommonToolExecutor,1024,1024,1,19.0291,1,0
2912,12,CommonToolExecutor,1024,1024,1,29.4434,1,0
2913,13,CommonToolExecutor,1024,1024,1,15.9568,1,0
2914,14,CommonToolExecutor,1024,1024,1,20.9226,1,0
2915,15,CommonToolExecutor,1024,1024,1,3.7227,1,0
2916,16,CommonToolExecutor,1024,1024,1,11.2498,1,0
2917,17,CommonToolExecutor,1024,1024,1,3.2021,1,0
2918,18,CommonToolExecutor,1024,1024,1,15.266,1,0
2919,19,CommonToolExecutor,1024,1024,1,3.2867,1,0
2920,20,CommonToolExecutor,1024,1024,1,14.7278,1,0
2921,21,CommonToolExecutor,1024,1024,1,43.2902,1,0
2922,22,CommonToolExecutor,1024,1024,1,2.299,1,0
2923,23,CommonToolExecutor,1024,1024,1,19.0424,1,0
2924,24,CommonToolExecutor,1024,1024,1,48.3366,1,0
2925,25,CommonToolExecutor,1024,1024,1,2.9318,1,0
2926,26,CommonToolExecutor,1024,1024,1,16.8314,1,0
2927,27,CommonToolExecutor,1024,1024,1,46.9993,1,0
2928,28,CommonToolExecutor,1024,1024,1,15.8384,1,0
2929,29,CommonToolExecutor,1024,1024,1,16.523,1,0
2930,30,CommonToolExecutor,1024,1024,1,33.5317,1,0
2931,31,CommonToolExecutor,1024,1024,1,15.9851,1,0
2932,32,CommonToolExecutor,1024,1024,1,18.7561,1,0
2933,33,CommonToolExecutor,1024,1024,1,48.8288,1,0
2934,34,CommonToolExecutor,1024,1024,1,16.6308,1,0
2935,35,CommonToolExecutor,1024,1024,1,16.0884,1,0
2936,36,CommonToolExecutor,1024,1024,1,44.9115,1,0
2937,37,CommonToolExecutor,1024,1024,1,22.4821,1,0
2938,38,CommonToolExecutor,1024,1024,1,17.425,1,0
2939,39,CommonToolExecutor,1024,1024,1,45.4992,1,0
2940,40,CommonToolExecutor,1024,1024,1,21.0226,1,0
2941,41,CommonToolExecutor,1024,1024,1,16.7999,1,0
2942,42,CommonToolExecutor,1024,1024,1,31.4255,1,0
2943,43,CommonToolExecutor,1024,1024,1,2.666,1,0
2944,44,CommonToolExecutor,1024,1024,1,3.2339,1,0
2945,45,CommonToolExecutor,1024,1024,1,42.944,1,0
2946,46,CommonToolExecutor,1024,1024,1,17.2431,1,0
2947,47,CommonToolExecutor,1024,1024,1,16.9586,1,0
2948,48,CommonToolExecutor,1024,1024,1,46.7706,1,0
2949,49,CommonToolExecutor,1024,1024,1,2.1359,1,0
2950,50,CommonToolExecutor,1024,1024,1,3.2942,1,0
2951,51,CommonToolExecutor,1024,1024,1,31.9624,1,0
2952,52,CommonToolExecutor,1024,1024,1,16.3037,1,0
2953,53,CommonToolExecutor,1024,1024,1,3.143,1,0
2954,54,CommonToolExecutor,1024,1024,1,45.9989,1,0
2955,55,CommonToolExecutor,1024,1024,1,2.454,1,0
2956,56,CommonToolExecutor,1024,1024,1,3.3071,1,0
2957,57,CommonToolExecutor,1024,1024,1,43.7883,1,0
2958,58,CommonToolExecutor,1024,1024,1,17.1487,1,0
2959,59,CommonToolExecutor,1024,1024,1,18.3844,1,0
2960,60,CommonToolExecutor,1024,1024,1,29.6789,1,0
2961,61,CommonToolExecutor,1024,1024,1,15.1547,1,0
2962,62,CommonToolExecutor,1024,1024,1,20.7374,1,0
2963,63,CommonToolExecutor,1024,1024,1,30.8609,1,0
2964,64,CommonToolExecutor,1024,1024,1,18.3829,1,0
2965,65,CommonToolExecutor,1024,1024,1,15.5886,1,0
2966,66,CommonToolExecutor,1024,1024,1,29.3504,1,0
2967,67,CommonToolExecutor,1024,1024,1,20.715,1,0
2968,68,CommonToolExecutor,1024,1024,1,17.512,1,0
2969,69,CommonToolExecutor,1024,1024,1,32.8837,1,0
2970,70,CommonToolExecutor,1024,1024,1,15.6527,1,0
2971,71,CommonToolExecutor,1024,1024,1,4.9264,1,0
2972,72,CommonToolExecutor,1024,1024,1,44.7231,1,0
2973,73,CommonToolExecutor,1024,1024,1,2.2406,1,0
2974,74,CommonToolExecutor,1024,1024,1,3.0276,1,0
2975,75,CommonToolExecutor,1024,1024,1,15.4677,1,0
2976,76,CommonToolExecutor,1024,1024,1,14.1093,1,0
2977,77,CommonToolExecutor,1024,1024,1,4.6864,1,0
2978,78,CommonToolExecutor,1024,1024,1,43.3247,1,0
2979,79,CommonToolExecutor,1024,1024,1,18.1703,1,0
2980,80,CommonToolExecutor,1024,1024,1,16.1654,1,0
2981,81,CommonToolExecutor,1024,1024,1,17.1791,1,0
2982,82,CommonToolExecutor,1024,1024,1,14.6788,1,0
2983,83,CommonToolExecutor,1024,1024,1,3.2965,1,0
2984,84,CommonToolExecutor,1024,1024,1,27.0795,1,0
2985,85,CommonToolExecutor,1024,1024,1,2.8443,1,0
2986,86,CommonToolExecutor,1024,1024,1,3.2328,1,0
2987,87,CommonToolExecutor,1024,1024,1,47.11,1,0
2988,88,CommonToolExecutor,1024,1024,1,16.4414,1,0
2989,89,CommonToolExecutor,1024,1024,1,16.4773,1,0
2990,90,CommonToolExecutor,1024,1024,1,45.0266,1,0
2991,91,CommonToolExecutor,1024,1024,1,22.1701,1,0
2992,92,CommonToolExecutor,1024,1024,1,18.0532,1,0
2993,93,CommonToolExecutor,1024,1024,1,47.6049,1,0
2994,94,CommonToolExecutor,1024,1024,1,17.3953,1,0
2995,95,CommonToolExecutor,1024,1024,1,16.0942,1,0
2996,96,CommonToolExecutor,1024,1024,1,18.1541,1,0
2997,97,CommonToolExecutor,1024,1024,1,16.1516,1,0
2998,98,CommonToolExecutor,1024,1024,1,17.6186,1,0
2999,99,CommonToolExecutor,1024,1024,1,16.3177,1,0
3000,0,CommonToolExecutor,1024,1024,1,2.5851,1,0
3001,1,CommonToolExecutor,1024,1024,1,13.0118,1,0
3002,2,CommonToolExecutor,1024,1024,1,16.4534,1,0
3003,3,CommonToolExecutor,1024,1024,1,16.3196,1,0
3004,4,CommonToolExecutor,1024,1024,1,16.4373,1,0
3005,5,CommonToolExecutor,1024,1024,1,16.4487,1,0
3006,6,CommonToolExecutor,1024,1024,1,17.4345,1,0
3007,7,CommonToolExecutor,1024,1024,1,15.5807,1,0
3008,8,CommonToolExecutor,1024,1024,1,3.2773,1,0
3009,9,CommonToolExecutor,1024,1024,1,26.3813,1,0
3010,10,CommonToolExecutor,1024,1024,1,15.594,1,0
3011,11,CommonToolExecutor,1024,1024,1,15.561,1,0
3012,12,CommonToolExecutor,1024,1024,1,22.2238,1,0
3013,13,CommonToolExecutor,1024,1024,1,3.2069,1,0
3014,14,CommonToolExecutor,1024,1024,1,2.3194,1,0
3015,15,CommonToolExecutor,1024,1024,1,1.9726,1,0
3016,16,CommonToolExecutor,1024,1024,1,2.1133,1,0
3017,17,CommonToolExecutor,1024,1024,1,2.309,1,0
3018,18,CommonToolExecutor,1024,1024,1,17.9699,1,0
3019,19,CommonToolExecutor,1024,1024,1,15.7221,1,0
3020,20,CommonToolExecutor,1024,1024,1,14.9561,1,0
3021,21,CommonToolExecutor,1024,1024,1,2.2404,1,0
3022,22,CommonToolExecutor,1024,1024,1,13.8942,1,0
3023,23,CommonToolExecutor,1024,1024,1,14.5026,1,0
3024,24,CommonToolExecutor,1024,1024,1,2.4401,1,0
3025,25,CommonToolExecutor,1024,1024,1,13.9637,1,0
3026,26,CommonToolExecutor,1024,1024,1,18.1924,1,0
3027,27,CommonToolExecutor,1024,1024,1,22.6153,1,0
3028,28,CommonToolExecutor,1024,1024,1,16.8255,1,0
3029,29,CommonToolExecutor,1024,1024,1,2.0612,1,0
3030,30,CommonToolExecutor,1024,1024,1,14.3967,1,0
3031,31,CommonToolExecutor,1024,1024,1,16.8932,1,0
3032,32,CommonToolExecutor,1024,1024,1,2.479,1,0
3033,33,CommonToolExecutor,1024,1024,1,2.4852,1,0
3034,34,CommonToolExecutor,1024,1024,1,2.4478,1,0
3035,35,CommonToolExecutor,1024,1024,1,25.4076,1,0
3036,36,CommonToolExecutor,1024,1024,1,16.386,1,0
3037,37,CommonToolExecutor,1024,1024,1,2.3367,1,0
3038,38,CommonToolExecutor,1024,1024,1,2.2232,1,0
3039,39,CommonToolExecutor,1024,1024,1,2.0965,1,0
3040,40,CommonToolExecutor,1024,1024,1,26.8572,1,0
3041,41,CommonToolExecutor,1024,1024,1,2.6605,1,0
3042,42,CommonToolExecutor,1024,1024,1,13.9454,1,0
3043,43,CommonToolExecutor,1024,1024,1,16.6496,1,0
3044,44,CommonToolExecutor,1024,1024,1,16.1592,1,0
3045,45,CommonToolExecutor,1024,1024,1,15.3276,1,0
3046,46,CommonToolExecutor,1024,1024,1,19.1002,1,0
3047,47,CommonToolExecutor,1024,1024,1,16.1721,1,0
3048,48,CommonToolExecutor,1024,1024,1,3.0475,1,0
3049,49,CommonToolExecutor,1024,1024,1,13.2228,1,0
3050,50,CommonToolExecutor,1024,1024,1,16.2406,1,0
3051,51,CommonToolExecutor,1024,1024,1,16.5083,1,0
3052,52,CommonToolExecutor,1024,1024,1,18.2039,1,0
3053,53,CommonToolExecutor,1024,1024,1,15.0721,1,0
3054,54,CommonToolExecutor,1024,1024,1,15.9883,1,0
3055,55,CommonToolExecutor,1024,1024,1,17.5681,1,0
3056,56,CommonToolExecutor,1024,1024,1,2.5259,1,0
3057,57,CommonToolExecutor,1024,1024,1,2.1803,1,0
3058,58,CommonToolExecutor,1024,1024,1,26.175,1,0
3059,59,CommonToolExecutor,1024,1024,1,15.7551,1,0
3060,60,CommonToolExecutor,1024,1024,1,19.1273,1,0
3061,61,CommonToolExecutor,1024,1024,1,2.2158,1,0
3062,62,CommonToolExecutor,1024,1024,1,2.7749,1,0
3063,63,CommonToolExecutor,1024,1024,1,3.5238,1,0
3064,64,CommonToolExecutor,1024,1024,1,21.0222,1,0
3065,65,CommonToolExecutor,1024,1024,1,2.0444,1,0
3066,66,CommonToolExecutor,1024,1024,1,2.2102,1,0
3067,67,CommonToolExecutor,1024,1024,1,15.7518,1,0
3068,68,CommonToolExecutor,1024,1024,1,14.7699,1,0
3069,69,CommonToolExecutor,1024,1024,1,15.9329,1,0
3070,70,CommonToolExecutor,1024,1024,1,2.3056,1,0
3071,71,CommonToolExecutor,1024,1024,1,1.9769,1,0
3072,72,CommonToolExecutor,1024,1024,1,2.2654,1,0
3073,73,CommonToolExecutor,1024,1024,1,12.2912,1,0
3074,74,CommonToolExecutor,1024,1024,1,1.8731,1,0
3075,75,CommonToolExecutor,1024,1024,1,1.8023,1,0
3076,76,CommonToolExecutor,1024,1024,1,1.7793,1,0
3077,77,CommonToolExecutor,1024,1024,1,1.7685,1,0
3078,78,CommonToolExecutor,1024,1024,1,1.8318,1,0
3079,79,CommonToolExecutor,1024,1024,1,1.7973,1,0
3080,80,CommonToolExecutor,1024,1024,1,1.8279,1,0
3081,81,CommonToolExecutor,1024,1024,1,20.4302,1,0
3082,82,CommonToolExecutor,1024,1024,1,15.4657,1,0
3083,83,CommonToolExecutor,1024,1024,1,15.9622,1,0
3084,84,CommonToolExecutor,1024,1024,1,2.1012,1,0
3085,85,CommonToolExecutor,1024,1024,1,2.0045,1,0
3086,86,CommonToolExecutor,1024,1024,1,1.9919,1,0
3087,87,CommonToolExecutor,1024,1024,1,13.1969,1,0
3088,88,CommonToolExecutor,1024,1024,1,1.8633,1,0
3089,89,CommonToolExecutor,1024,1024,1,1.8517,1,0
3090,90,CommonToolExecutor,1024,1024,1,1.7725,1,0
3091,91,CommonToolExecutor,1024,1024,1,1.8314,1,0
3092,92,CommonToolExecutor,1024,1024,1,1.7761,1,0
3093,93,CommonToolExecutor,1024,1024,1,1.7695,1,0
3094,94,CommonToolExecutor,1024,1024,1,20.0966,1,0
3095,95,CommonToolExecutor,1024,1024,1,17.3775,1,0
3096,96,CommonToolExecutor,1024,1024,1,2.1053,1,0
3097,97,CommonToolExecutor,1024,1024,1,1.8471,1,0
3098,98,CommonToolExecutor,1024,1024,1,12.3829,1,0
3099,99,CommonToolExecutor,1024,1024,1,16.6393,1,0
3100,0,CommonToolExecutor,1024,1024,1,46.7364,1,0
3101,1,CommonToolExecutor,1024,1024,1,3.7785,1,0
3102,2,CommonToolExecutor,1024,1024,1,48.0107,1,0
3103,3,CommonToolExecutor,1024,1024,1,48.7957,1,0
3104,4,CommonToolExecutor,1024,1024,1,16.8323,1,0
3105,5,CommonToolExecutor,1024,1024,1,3.0504,1,0
3106,6,CommonToolExecutor,1024,1024,1,14.8802,1,0
3107,7,CommonToolExecutor,1024,1024,1,34.0439,1,0
3108,8,CommonToolExecutor,1024,1024,1,15.9594,1,0
3109,9,CommonToolExecutor,1024,1024,1,50.4526,1,0
3110,10,CommonToolExecutor,1024,1024,1,50.1675,1,0
3111,11,CommonToolExecutor,1024,1024,1,19.0032,1,0
3112,12,CommonToolExecutor,1024,1024,1,47.2023,1,0
3113,13,CommonToolExecutor,1024,1024,1,32.9896,1,0
3114,14,CommonToolExecutor,1024,1024,1,46.7709,1,0
3115,15,CommonToolExecutor,1024,1024,1,36.9053,1,0
3116,16,CommonToolExecutor,1024,1024,1,15.2322,1,0
3117,17,CommonToolExecutor,1024,1024,1,32.9409,1,0
3118,18,CommonToolExecutor,1024,1024,1,50.5332,1,0
3119,19,CommonToolExecutor,1024,1024,1,50.7043,1,0
3120,20,CommonToolExecutor,1024,1024,1,15.6454,1,0
3121,21,CommonToolExecutor,1024,1024,1,16.6034,1,0
3122,22,CommonToolExecutor,1024,1024,1,33.9897,1,0
3123,23,CommonToolExecutor,1024,1024,1,32.7644,1,0
3124,24,CommonToolExecutor,1024,1024,1,49.8772,1,0
3125,25,CommonToolExecutor,1024,1024,1,34.789,1,0
3126,26,CommonToolExecutor,1024,1024,1,48.2845,1,0
3127,27,CommonToolExecutor,1024,1024,1,50.9511,1,0
3128,28,CommonToolExecutor,1024,1024,1,17.689,1,0
3129,29,CommonToolExecutor,1024,1024,1,30.4671,1,0
3130,30,CommonToolExecutor,1024,1024,1,5.743,1,0
3131,31,CommonToolExecutor,1024,1024,1,43.6,1,0
3132,32,CommonToolExecutor,1024,1024,1,31.237,1,0
3133,33,CommonToolExecutor,1024,1024,1,36.0895,1,0
3134,34,CommonToolExecutor,1024,1024,1,15.6119,1,0
3135,35,CommonToolExecutor,1024,1024,1,2.8073,1,0
3136,36,CommonToolExecutor,1024,1024,1,32.3757,1,0
3137,37,CommonToolExecutor,1024,1024,1,16.9266,1,0
3138,38,CommonToolExecutor,1024,1024,1,31.5422,1,0
3139,39,CommonToolExecutor,1024,1024,1,46.5242,1,0
3140,40,CommonToolExecutor,1024,1024,1,3.2946,1,0
3141,41,CommonToolExecutor,1024,1024,1,50.884,1,0
3142,42,CommonToolExecutor,1024,1024,1,16.7634,1,0
3143,43,CommonToolExecutor,1024,1024,1,32.4904,1,0
3144,44,CommonToolExecutor,1024,1024,1,34.8411,1,0
3145,45,CommonToolExecutor,1024,1024,1,14.3313,1,0
3146,46,CommonToolExecutor,1024,1024,1,33.3354,1,0
3147,47,CommonToolExecutor,1024,1024,1,49.8372,1,0
3148,48,CommonToolExecutor,1024,1024,1,17.8718,1,0
3149,49,CommonToolExecutor,1024,1024,1,33.0816,1,0
3150,50,CommonToolExecutor,1024,1024,1,50.0672,1,0
3151,51,CommonToolExecutor,1024,1024,1,49.4729,1,0
3152,52,CommonToolExecutor,1024,1024,1,15.9873,1,0
3153,53,CommonToolExecutor,1024,1024,1,33.6364,1,0
3154,54,CommonToolExecutor,1024,1024,1,4.5917,1,0
3155,55,CommonToolExecutor,1024,1024,1,13.9207,1,0
3156,56,CommonToolExecutor,1024,1024,1,32.33,1,0
3157,57,CommonToolExecutor,1024,1024,1,30.6931,1,0
3158,58,CommonToolExecutor,1024,1024,1,35.5757,1,0
3159,59,CommonToolExecutor,1024,1024,1,18.6199,1,0
3160,60,CommonToolExecutor,1024,1024,1,47.6711,1,0
3161,61,CommonToolExecutor,1024,1024,1,31.5727,1,0
3162,62,CommonToolExecutor,1024,1024,1,50.1216,1,0
3163,63,CommonToolExecutor,1024,1024,1,33.6689,1,0
3164,64,CommonToolExecutor,1024,1024,1,50.6689,1,0
3165,65,CommonToolExecutor,1024,1024,1,33.1077,1,0
3166,66,CommonToolExecutor,1024,1024,1,17.4286,1,0
3167,67,CommonToolExecutor,1024,1024,1,28.8024,1,0
3168,68,CommonToolExecutor,1024,1024,1,30.696,1,0
3169,69,CommonToolExecutor,1024,1024,1,54.5235,1,0
3170,70,CommonToolExecutor,1024,1024,1,35.9445,1,0
3171,71,CommonToolExecutor,1024,1024,1,49.1528,1,0
3172,72,CommonToolExecutor,1024,1024,1,50.0286,1,0
3173,73,CommonToolExecutor,1024,1024,1,33.3259,1,0
3174,74,CommonToolExecutor,1024,1024,1,31.5649,1,0
3175,75,CommonToolExecutor,1024,1024,1,35.0408,1,0
3176,76,CommonToolExecutor,1024,1024,1,34.2132,1,0
3177,77,CommonToolExecutor,1024,1024,1,17.9222,1,0
3178,78,CommonToolExecutor,1024,1024,1,47.1379,1,0
3179,79,CommonToolExecutor,1024,1024,1,49.8439,1,0
3180,80,CommonToolExecutor,1024,1024,1,49.7733,1,0
3181,81,CommonToolExecutor,1024,1024,1,49.9961,1,0
3182,82,CommonToolExecutor,1024,1024,1,16.8279,1,0
3183,83,CommonToolExecutor,1024,1024,1,31.5517,1,0
3184,84,CommonToolExecutor,1024,1024,1,29.9357,1,0
3185,85,CommonToolExecutor,1024,1024,1,16.8088,1,0
3186,86,CommonToolExecutor,1024,1024,1,23.0287,1,0
3187,87,CommonToolExecutor,1024,1024,1,47.7647,1,0
3188,88,CommonToolExecutor,1024,1024,1,3.3981,1,0
3189,89,CommonToolExecutor,1024,1024,1,29.9261,1,0
3190,90,CommonToolExecutor,1024,1024,1,32.33,1,0
3191,91,CommonToolExecutor,1024,1024,1,18.0223,1,0
3192,92,CommonToolExecutor,1024,1024,1,18.5934,1,0
3193,93,CommonToolExecutor,1024,1024,1,31.4787,1,0
3194,94,CommonToolExecutor,1024,1024,1,33.1229,1,0
3195,95,CommonToolExecutor,1024,1024,1,49.4516,1,0
3196,96,CommonToolExecutor,1024,1024,1,48.564,1,0
3197,97,CommonToolExecutor,1024,1024,1,16.0837,1,0
3198,98,CommonToolExecutor,1024,1024,1,3.0717,1,0
3199,99,CommonToolExecutor,1024,1024,1,31.7982,1,0
3200,0,CommonToolExecutor,1024,1024,1,50.309,1,0
3201,1,CommonToolExecutor,1024,1024,1,4.8042,1,0
3202,2,CommonToolExecutor,1024,1024,1,3.369,1,0
3203,3,CommonToolExecutor,1024,1024,1,39.0079,1,0
3204,4,CommonToolExecutor,1024,1024,1,32.5879,1,0
3205,5,CommonToolExecutor,1024,1024,1,35.8207,1,0
3206,6,CommonToolExecutor,1024,1024,1,49.1523,1,0
3207,7,CommonToolExecutor,1024,1024,1,2.6503,1,0
3208,8,CommonToolExecutor,1024,1024,1,32.4464,1,0
3209,9,CommonToolExecutor,1024,1024,1,16.2228,1,0
3210,10,CommonToolExecutor,1024,1024,1,3.1505,1,0
3211,11,CommonToolExecutor,1024,1024,1,1.9238,1,0
3212,12,CommonToolExecutor,1024,1024,1,41.9049,1,0
3213,13,CommonToolExecutor,1024,1024,1,52.2326,1,0
3214,14,CommonToolExecutor,1024,1024,1,2.4281,1,0
3215,15,CommonToolExecutor,1024,1024,1,1.9574,1,0
3216,16,CommonToolExecutor,1024,1024,1,2.0624,1,0
3217,17,CommonToolExecutor,1024,1024,1,1.9612,1,0
3218,18,CommonToolExecutor,1024,1024,1,1.8809,1,0
3219,19,CommonToolExecutor,1024,1024,1,2.7982,1,0
3220,20,CommonToolExecutor,1024,1024,1,19.39,1,0
3221,21,CommonToolExecutor,1024,1024,1,32.5564,1,0
3222,22,CommonToolExecutor,1024,1024,1,46.1197,1,0
3223,23,CommonToolExecutor,1024,1024,1,2.1202,1,0
3224,24,CommonToolExecutor,1024,1024,1,19.8975,1,0
3225,25,CommonToolExecutor,1024,1024,1,16.4178,1,0
3226,26,CommonToolExecutor,1024,1024,1,49.9869,1,0
3227,27,CommonToolExecutor,1024,1024,1,18.0386,1,0
3228,28,CommonToolExecutor,1024,1024,1,48.8664,1,0
3229,29,CommonToolExecutor,1024,1024,1,16.485,1,0
3230,30,CommonToolExecutor,1024,1024,1,33.0314,1,0
3231,31,CommonToolExecutor,1024,1024,1,2.4107,1,0
3232,32,CommonToolExecutor,1024,1024,1,32.7732,1,0
3233,33,CommonToolExecutor,1024,1024,1,13.337,1,0
3234,34,CommonToolExecutor,1024,1024,1,45.8615,1,0
3235,35,CommonToolExecutor,1024,1024,1,6.2235,1,0
3236,36,CommonToolExecutor,1024,1024,1,17.4363,1,0
3237,37,CommonToolExecutor,1024,1024,1,1.944,1,0
3238,38,CommonToolExecutor,1024,1024,1,12.6946,1,0
3239,39,CommonToolExecutor,1024,1024,1,2.066,1,0
3240,40,CommonToolExecutor,1024,1024,1,3.3366,1,0
3241,41,CommonToolExecutor,1024,1024,1,2.0483,1,0
3242,42,CommonToolExecutor,1024,1024,1,1.992,1,0
3243,43,CommonToolExecutor,1024,1024,1,24.2023,1,0
3244,44,CommonToolExecutor,1024,1024,1,15.7984,1,0
3245,45,CommonToolExecutor,1024,1024,1,17.6553,1,0
3246,46,CommonToolExecutor,1024,1024,1,48.7665,1,0
3247,47,CommonToolExecutor,1024,1024,1,17.6991,1,0
3248,48,CommonToolExecutor,1024,1024,1,14.0961,1,0
3249,49,CommonToolExecutor,1024,1024,1,2.3054,1,0
3250,50,CommonToolExecutor,1024,1024,1,2.1863,1,0
3251,51,CommonToolExecutor,1024,1024,1,2.2026,1,0
3252,52,CommonToolExecutor,1024,1024,1,12.6302,1,0
3253,53,CommonToolExecutor,1024,1024,1,31.2099,1,0
3254,54,CommonToolExecutor,1024,1024,1,5.7621,1,0
3255,55,CommonToolExecutor,1024,1024,1,3.1959,1,0
3256,56,CommonToolExecutor,1024,1024,1,2.7555,1,0
3257,57,CommonToolExecutor,1024,1024,1,21.4511,1,0
3258,58,CommonToolExecutor,1024,1024,1,49.9547,1,0
3259,59,CommonToolExecutor,1024,1024,1,2.2282,1,0
3260,60,CommonToolExecutor,1024,1024,1,30.6702,1,0
3261,61,CommonToolExecutor,1024,1024,1,33.8665,1,0
3262,62,CommonToolExecutor,1024,1024,1,2.3217,1,0
3263,63,CommonToolExecutor,1024,1024,1,47.2806,1,0
3264,64,CommonToolExecutor,1024,1024,1,50.1788,1,0
3265,65,CommonToolExecutor,1024,1024,1,31.0709,1,0
3266,66,CommonToolExecutor,1024,1024,1,52.6673,1,0
3267,67,CommonToolExecutor,1024,1024,1,48.9528,1,0
3268,68,CommonToolExecutor,1024,1024,1,17.9937,1,0
3269,69,CommonToolExecutor,1024,1024,1,14.7362,1,0
3270,70,CommonToolExecutor,1024,1024,1,2.8337,1,0
3271,71,CommonToolExecutor,1024,1024,1,47.4205,1,0
3272,72,CommonToolExecutor,1024,1024,1,4.3945,1,0
3273,73,CommonToolExecutor,1024,1024,1,12.2773,1,0
3274,74,CommonToolExecutor,1024,1024,1,50.8721,1,0
3275,75,CommonToolExecutor,1024,1024,1,32.0119,1,0
3276,76,CommonToolExecutor,1024,1024,1,16.7033,1,0
3277,77,CommonToolExecutor,1024,1024,1,33.6518,1,0
3278,78,CommonToolExecutor,1024,1024,1,15.9292,1,0
3279,79,CommonToolExecutor,1024,1024,1,14.554,1,0
3280,80,CommonToolExecutor,1024,1024,1,3.9663,1,0
3281,81,CommonToolExecutor,1024,1024,1,2.3282,1,0
3282,82,CommonToolExecutor,1024,1024,1,62.3072,1,0
3283,83,CommonToolExecutor,1024,1024,1,47.1811,1,0
3284,84,CommonToolExecutor,1024,1024,1,15.5396,1,0
3285,85,CommonToolExecutor,1024,1024,1,2.3041,1,0
3286,86,CommonToolExecutor,1024,1024,1,2.0209,1,0
3287,87,CommonToolExecutor,1024,1024,1,11.1609,1,0
3288,88,CommonToolExecutor,1024,1024,1,22.2249,1,0
3289,89,CommonToolExecutor,1024,1024,1,17.0029,1,0
3290,90,CommonToolExecutor,1024,1024,1,16.6081,1,0
3291,91,CommonToolExecutor,1024,1024,1,3.9685,1,0
3292,92,CommonToolExecutor,1024,1024,1,11.7964,1,0
3293,93,CommonToolExecutor,1024,1024,1,1.9177,1,0
3294,94,CommonToolExecutor,1024,1024,1,2.8304,1,0
3295,95,CommonToolExecutor,1024,1024,1,28.2079,1,0
3296,96,CommonToolExecutor,1024,1024,1,49.5846,1,0
3297,97,CommonToolExecutor,1024,1024,1,2.4916,1,0
3298,98,CommonToolExecutor,1024,1024,1,3.998,1,0
3299,99,CommonToolExecutor,1024,1024,1,25.2374,1,0
3300,0,CommonToolExecutor,1024,1024,1,1.9608,1,0
3301,1,CommonToolExecutor,1024,1024,1,28.906,1,0
3302,2,CommonToolExecutor,1024,1024,1,16.8465,1,0
3303,3,CommonToolExecutor,1024,1024,1,2.1201,1,0
3304,4,CommonToolExecutor,1024,1024,1,35.3211,1,0
3305,5,CommonToolExecutor,1024,1024,1,16.8854,1,0
3306,6,CommonToolExecutor,1024,1024,1,15.5481,1,0
3307,7,CommonToolExecutor,1024,1024,1,31.5554,1,0
3308,8,CommonToolExecutor,1024,1024,1,17.3379,1,0
3309,9,CommonToolExecutor,1024,1024,1,2.276,1,0
3310,10,CommonToolExecutor,1024,1024,1,16.8586,1,0
3311,11,CommonToolExecutor,1024,1024,1,16.9797,1,0
3312,12,CommonToolExecutor,1024,1024,1,14.2059,1,0
3313,13,CommonToolExecutor,1024,1024,1,5.4021,1,0
3314,14,CommonToolExecutor,1024,1024,1,3.4647,1,0
3315,15,CommonToolExecutor,1024,1024,1,25.682,1,0
3316,16,CommonToolExecutor,1024,1024,1,17.5854,1,0
3317,17,CommonToolExecutor,1024,1024,1,6.3607,1,0
3318,18,CommonToolExecutor,1024,1024,1,25.692,1,0
3319,19,CommonToolExecutor,1024,1024,1,47.6261,1,0
3320,20,CommonToolExecutor,1024,1024,1,19.655,1,0
3321,21,CommonToolExecutor,1024,1024,1,14.2444,1,0
3322,22,CommonToolExecutor,1024,1024,1,48.3788,1,0
3323,23,CommonToolExecutor,1024,1024,1,17.4096,1,0
3324,24,CommonToolExecutor,1024,1024,1,13.7269,1,0
3325,25,CommonToolExecutor,1024,1024,1,16.6789,1,0
3326,26,CommonToolExecutor,1024,1024,1,3.2655,1,0
3327,27,CommonToolExecutor,1024,1024,1,19.0635,1,0
3328,28,CommonToolExecutor,1024,1024,1,3.0424,1,0
3329,29,CommonToolExecutor,1024,1024,1,13.4039,1,0
3330,30,CommonToolExecutor,1024,1024,1,13.7722,1,0
3331,31,CommonToolExecutor,1024,1024,1,20.9131,1,0
3332,32,CommonToolExecutor,1024,1024,1,14.3783,1,0
3333,33,CommonToolExecutor,1024,1024,1,18.4006,1,0
3334,34,CommonToolExecutor,1024,1024,1,6.6039,1,0
3335,35,CommonToolExecutor,1024,1024,1,7.6266,1,0
3336,36,CommonToolExecutor,1024,1024,1,18.48,1,0
3337,37,CommonToolExecutor,1024,1024,1,32.7079,1,0
3338,38,CommonToolExecutor,1024,1024,1,14.9881,1,0
3339,39,CommonToolExecutor,1024,1024,1,2.8611,1,0
3340,40,CommonToolExecutor,1024,1024,1,26.9332,1,0
3341,41,CommonToolExecutor,1024,1024,1,3.4942,1,0
3342,42,CommonToolExecutor,1024,1024,1,2.1494,1,0
3343,43,CommonToolExecutor,1024,1024,1,2.8654,1,0
3344,44,CommonToolExecutor,1024,1024,1,13.0775,1,0
3345,45,CommonToolExecutor,1024,1024,1,14.2449,1,0
3346,46,CommonToolExecutor,1024,1024,1,47.879,1,0
3347,47,CommonToolExecutor,1024,1024,1,9.4387,1,0
3348,48,CommonToolExecutor,1024,1024,1,26.9173,1,0
3349,49,CommonToolExecutor,1024,1024,1,48.7844,1,0
3350,50,CommonToolExecutor,1024,1024,1,18.0866,1,0
3351,51,CommonToolExecutor,1024,1024,1,3.4679,1,0
3352,52,CommonToolExecutor,1024,1024,1,3.0825,1,0
3353,53,CommonToolExecutor,1024,1024,1,27.5261,1,0
3354,54,CommonToolExecutor,1024,1024,1,2.4717,1,0
3355,55,CommonToolExecutor,1024,1024,1,4.2349,1,0
3356,56,CommonToolExecutor,1024,1024,1,4.4648,1,0
3357,57,CommonToolExecutor,1024,1024,1,21.1787,1,0
3358,58,CommonToolExecutor,1024,1024,1,16.798,1,0
3359,59,CommonToolExecutor,1024,1024,1,14.5598,1,0
3360,60,CommonToolExecutor,1024,1024,1,14.6116,1,0
3361,61,CommonToolExecutor,1024,1024,1,2.9828,1,0
3362,62,CommonToolExecutor,1024,1024,1,12.7994,1,0
3363,63,CommonToolExecutor,1024,1024,1,2.0525,1,0
3364,64,CommonToolExecutor,1024,1024,1,50.4813,1,0
3365,65,CommonToolExecutor,1024,1024,1,20.1059,1,0
3366,66,CommonToolExecutor,1024,1024,1,12.6361,1,0
3367,67,CommonToolExecutor,1024,1024,1,51.5327,1,0
3368,68,CommonToolExecutor,1024,1024,1,17.0112,1,0
3369,69,CommonToolExecutor,1024,1024,1,14.2509,1,0
3370,70,CommonToolExecutor,1024,1024,1,3.8397,1,0
3371,71,CommonToolExecutor,1024,1024,1,3.201,1,0
3372,72,CommonToolExecutor,1024,1024,1,2.1048,1,0
3373,73,CommonToolExecutor,1024,1024,1,41.7823,1,0
3374,74,CommonToolExecutor,1024,1024,1,16.1619,1,0
3375,75,CommonToolExecutor,1024,1024,1,17.3433,1,0
3376,76,CommonToolExecutor,1024,1024,1,46.6864,1,0
3377,77,CommonToolExecutor,1024,1024,1,21.4665,1,0
3378,78,CommonToolExecutor,1024,1024,1,14.9567,1,0
3379,79,CommonToolExecutor,1024,1024,1,49.6144,1,0
3380,80,CommonToolExecutor,1024,1024,1,3.4016,1,0
3381,81,CommonToolExecutor,1024,1024,1,13.1412,1,0
3382,82,CommonToolExecutor,1024,1024,1,32.3939,1,0
3383,83,CommonToolExecutor,1024,1024,1,19.1609,1,0
3384,84,CommonToolExecutor,1024,1024,1,2.4702,1,0
3385,85,CommonToolExecutor,1024,1024,1,13.4671,1,0
3386,86,CommonToolExecutor,1024,1024,1,19.8652,1,0
3387,87,CommonToolExecutor,1024,1024,1,27.0836,1,0
3388,88,CommonToolExecutor,1024,1024,1,51.4708,1,0
3389,89,CommonToolExecutor,1024,1024,1,5.2936,1,0
3390,90,CommonToolExecutor,1024,1024,1,13.1974,1,0
3391,91,CommonToolExecutor,1024,1024,1,33.0539,1,0
3392,92,CommonToolExecutor,1024,1024,1,14.0866,1,0
3393,93,CommonToolExecutor,1024,1024,1,13.837,1,0
3394,94,CommonToolExecutor,1024,1024,1,53.2922,1,0
3395,95,CommonToolExecutor,1024,1024,1,4.8508,1,0
3396,96,CommonToolExecutor,1024,1024,1,14.6625,1,0
3397,97,CommonToolExecutor,1024,1024,1,44.7839,1,0
3398,98,CommonToolExecutor,1024,1024,1,3.9494,1,0
3399,99,CommonToolExecutor,1024,1024,1,16.7372,1,0
3400,0,CommonToolExecutor,1024,1024,1,46.4892,1,0
3401,1,CommonToolExecutor,1024,1024,1,17.9349,1,0
3402,2,CommonToolExecutor,1024,1024,1,18.1954,1,0
3403,3,CommonToolExecutor,1024,1024,1,31.3314,1,0
3404,4,CommonToolExecutor,1024,1024,1,3.4501,1,0
3405,5,CommonToolExecutor,1024,1024,1,3.4547,1,0
3406,6,CommonToolExecutor,1024,1024,1,41.7684,1,0
3407,7,CommonToolExecutor,1024,1024,1,2.2486,1,0
3408,8,CommonToolExecutor,1024,1024,1,3.2451,1,0
3409,9,CommonToolExecutor,1024,1024,1,3.2863,1,0
3410,10,CommonToolExecutor,1024,1024,1,2.1815,1,0
3411,11,CommonToolExecutor,1024,1024,1,24.6658,1,0
3412,12,CommonToolExecutor,1024,1024,1,31.8543,1,0
3413,13,CommonToolExecutor,1024,1024,1,2.2229,1,0
3414,14,CommonToolExecutor,1024,1024,1,14.1305,1,0
3415,15,CommonToolExecutor,1024,1024,1,33.8117,1,0
3416,16,CommonToolExecutor,1024,1024,1,16.5853,1,0
3417,17,CommonToolExecutor,1024,1024,1,3.3096,1,0
3418,18,CommonToolExecutor,1024,1024,1,15.7371,1,0
3419,19,CommonToolExecutor,1024,1024,1,13.9402,1,0
3420,20,CommonToolExecutor,1024,1024,1,17.7107,1,0
3421,21,CommonToolExecutor,1024,1024,1,15.8642,1,0
3422,22,CommonToolExecutor,1024,1024,1,14.1545,1,0
3423,23,CommonToolExecutor,1024,1024,1,19.7822,1,0
3424,24,CommonToolExecutor,1024,1024,1,49.1928,1,0
3425,25,CommonToolExecutor,1024,1024,1,15.3607,1,0
3426,26,CommonToolExecutor,1024,1024,1,16.9055,1,0
3427,27,CommonToolExecutor,1024,1024,1,33.2124,1,0
3428,28,CommonToolExecutor,1024,1024,1,17.4065,1,0
3429,29,CommonToolExecutor,1024,1024,1,3.5155,1,0
3430,30,CommonToolExecutor,1024,1024,1,14.1951,1,0
3431,31,CommonToolExecutor,1024,1024,1,15.641,1,0
3432,32,CommonToolExecutor,1024,1024,1,18.4673,1,0
3433,33,CommonToolExecutor,1024,1024,1,31.8602,1,0
3434,34,CommonToolExecutor,1024,1024,1,16.9497,1,0
3435,35,CommonToolExecutor,1024,1024,1,16.6414,1,0
3436,36,CommonToolExecutor,1024,1024,1,4.2777,1,0
3437,37,CommonToolExecutor,1024,1024,1,2.391,1,0
3438,38,CommonToolExecutor,1024,1024,1,3.197,1,0
3439,39,CommonToolExecutor,1024,1024,1,53.7589,1,0
3440,40,CommonToolExecutor,1024,1024,1,18.5143,1,0
3441,41,CommonToolExecutor,1024,1024,1,17.1317,1,0
3442,42,CommonToolExecutor,1024,1024,1,48.0867,1,0
3443,43,CommonToolExecutor,1024,1024,1,17.6613,1,0
3444,44,CommonToolExecutor,1024,1024,1,17.4219,1,0
3445,45,CommonToolExecutor,1024,1024,1,48.2311,1,0
3446,46,CommonToolExecutor,1024,1024,1,16.5268,1,0
3447,47,CommonToolExecutor,1024,1024,1,16.4349,1,0
3448,48,CommonToolExecutor,1024,1024,1,16.852,1,0
3449,49,CommonToolExecutor,1024,1024,1,17.2771,1,0
3450,50,CommonToolExecutor,1024,1024,1,17.2855,1,0
3451,51,CommonToolExecutor,1024,1024,1,47.8277,1,0
3452,52,CommonToolExecutor,1024,1024,1,4.7094,1,0
3453,53,CommonToolExecutor,1024,1024,1,5.1751,1,0
3454,54,CommonToolExecutor,1024,1024,1,57.1984,1,0
3455,55,CommonToolExecutor,1024,1024,1,16.0903,1,0
3456,56,CommonToolExecutor,1024,1024,1,3.2604,1,0
3457,57,CommonToolExecutor,1024,1024,1,43.7492,1,0
3458,58,CommonToolExecutor,1024,1024,1,2.3705,1,0
3459,59,CommonToolExecutor,1024,1024,1,14.0174,1,0
3460,60,CommonToolExecutor,1024,1024,1,53.3316,1,0
3461,61,CommonToolExecutor,1024,1024,1,16.445,1,0
3462,62,CommonToolExecutor,1024,1024,1,4.4465,1,0
3463,63,CommonToolExecutor,1024,1024,1,45.6218,1,0
3464,64,CommonToolExecutor,1024,1024,1,17.7889,1,0
3465,65,CommonToolExecutor,1024,1024,1,16.6833,1,0
3466,66,CommonToolExecutor,1024,1024,1,33.188,1,0
3467,67,CommonToolExecutor,1024,1024,1,15.6707,1,0
3468,68,CommonToolExecutor,1024,1024,1,5.1051,1,0
3469,69,CommonToolExecutor,1024,1024,1,14.8059,1,0
3470,70,CommonToolExecutor,1024,1024,1,13.3935,1,0
3471,71,CommonToolExecutor,1024,1024,1,3.0981,1,0
3472,72,CommonToolExecutor,1024,1024,1,44.2505,1,0
3473,73,CommonToolExecutor,1024,1024,1,2.3202,1,0
3474,74,CommonToolExecutor,1024,1024,1,3.4305,1,0
3475,75,CommonToolExecutor,1024,1024,1,16.6154,1,0
3476,76,CommonToolExecutor,1024,1024,1,13.6833,1,0
3477,77,CommonToolExecutor,1024,1024,1,16.8954,1,0
3478,78,CommonToolExecutor,1024,1024,1,31.8035,1,0
3479,79,CommonToolExecutor,1024,1024,1,2.6808,1,0
3480,80,CommonToolExecutor,1024,1024,1,15.3352,1,0
3481,81,CommonToolExecutor,1024,1024,1,46.72,1,0
3482,82,CommonToolExecutor,1024,1024,1,3.1285,1,0
3483,83,CommonToolExecutor,1024,1024,1,16.8397,1,0
3484,84,CommonToolExecutor,1024,1024,1,45.8233,1,0
3485,85,CommonToolExecutor,1024,1024,1,19.3269,1,0
3486,86,CommonToolExecutor,1024,1024,1,16.254,1,0
3487,87,CommonToolExecutor,1024,1024,1,48.2653,1,0
3488,88,CommonToolExecutor,1024,1024,1,16.0735,1,0
3489,89,CommonToolExecutor,1024,1024,1,3.3093,1,0
3490,90,CommonToolExecutor,1024,1024,1,32.0448,1,0
3491,91,CommonToolExecutor,1024,1024,1,16.9787,1,0
3492,92,CommonToolExecutor,1024,1024,1,3.3667,1,0
3493,93,CommonToolExecutor,1024,1024,1,44.72,1,0
3494,94,CommonToolExecutor,1024,1024,1,16.6998,1,0
3495,95,CommonToolExecutor,1024,1024,1,3.3432,1,0
3496,96,CommonToolExecutor,1024,1024,1,48.5964,1,0
3497,97,CommonToolExecutor,1024,1024,1,15.0571,1,0
3498,98,CommonToolExecutor,1024,1024,1,3.3085,1,0
3499,99,CommonToolExecutor,1024,1024,1,45.2008,1,0
3500,0,CommonToolExecutor,1024,1024,1,16.3071,1,0
3501,1,CommonToolExecutor,1024,1024,1,19.6382,1,0
3502,2,CommonToolExecutor,1024,1024,1,16.2811,1,0
3503,3,CommonToolExecutor,1024,1024,1,2.1704,1,0
3504,4,CommonToolExecutor,1024,1024,1,13.9024,1,0
3505,5,CommonToolExecutor,1024,1024,1,15.5562,1,0
3506,6,CommonToolExecutor,1024,1024,1,2.3,1,0
3507,7,CommonToolExecutor,1024,1024,1,15.4016,1,0
3508,8,CommonToolExecutor,1024,1024,1,1.8736,1,0
3509,9,CommonToolExecutor,1024,1024,1,14.5655,1,0
3510,10,CommonToolExecutor,1024,1024,1,2.1188,1,0
3511,11,CommonToolExecutor,1024,1024,1,2.1221,1,0
3512,12,CommonToolExecutor,1024,1024,1,3.9886,1,0
3513,13,CommonToolExecutor,1024,1024,1,24.8061,1,0
3514,14,CommonToolExecutor,1024,1024,1,16.6405,1,0
3515,15,CommonToolExecutor,1024,1024,1,2.1015,1,0
3516,16,CommonToolExecutor,1024,1024,1,13.1004,1,0
3517,17,CommonToolExecutor,1024,1024,1,15.1252,1,0
3518,18,CommonToolExecutor,1024,1024,1,3.0118,1,0
3519,19,CommonToolExecutor,1024,1024,1,16.6282,1,0
3520,20,CommonToolExecutor,1024,1024,1,2.2084,1,0
3521,21,CommonToolExecutor,1024,1024,1,13.2391,1,0
3522,22,CommonToolExecutor,1024,1024,1,17.5392,1,0
3523,23,CommonToolExecutor,1024,1024,1,15.7826,1,0
3524,24,CommonToolExecutor,1024,1024,1,15.2351,1,0
3525,25,CommonToolExecutor,1024,1024,1,16.5026,1,0
3526,26,CommonToolExecutor,1024,1024,1,2.4096,1,0
3527,27,CommonToolExecutor,1024,1024,1,2.1173,1,0
3528,28,CommonToolExecutor,1024,1024,1,15.8828,1,0
3529,29,CommonToolExecutor,1024,1024,1,15.4582,1,0
3530,30,CommonToolExecutor,1024,1024,1,16.2583,1,0
3531,31,CommonToolExecutor,1024,1024,1,4.1938,1,0
3532,32,CommonToolExecutor,1024,1024,1,13.8379,1,0
3533,33,CommonToolExecutor,1024,1024,1,15.4857,1,0
3534,34,CommonToolExecutor,1024,1024,1,2.2982,1,0
3535,35,CommonToolExecutor,1024,1024,1,13.8388,1,0
3536,36,CommonToolExecutor,1024,1024,1,1.9745,1,0
3537,37,CommonToolExecutor,1024,1024,1,1.9664,1,0
3538,38,CommonToolExecutor,1024,1024,1,13.9426,1,0
3539,39,CommonToolExecutor,1024,1024,1,15.2358,1,0
3540,40,CommonToolExecutor,1024,1024,1,1.9845,1,0
3541,41,CommonToolExecutor,1024,1024,1,14.6747,1,0
3542,42,CommonToolExecutor,1024,1024,1,16.0609,1,0
3543,43,CommonToolExecutor,1024,1024,1,16.3055,1,0
3544,44,CommonToolExecutor,1024,1024,1,3.6444,1,0
3545,45,CommonToolExecutor,1024,1024,1,1.9235,1,0
3546,46,CommonToolExecutor,1024,1024,1,1.9322,1,0
3547,47,CommonToolExecutor,1024,1024,1,22.9753,1,0
3548,48,CommonToolExecutor,1024,1024,1,2.0785,1,0
3549,49,CommonToolExecutor,1024,1024,1,2.5393,1,0
3550,50,CommonToolExecutor,1024,1024,1,14.6923,1,0
3551,51,CommonToolExecutor,1024,1024,1,16.7203,1,0
3552,52,CommonToolExecutor,1024,1024,1,17.6925,1,0
3553,53,CommonToolExecutor,1024,1024,1,14.8149,1,0
3554,54,CommonToolExecutor,1024,1024,1,2.6345,1,0
3555,55,CommonToolExecutor,1024,1024,1,14.6364,1,0
3556,56,CommonToolExecutor,1024,1024,1,16.6246,1,0
3557,57,CommonToolExecutor,1024,1024,1,2.187,1,0
3558,58,CommonToolExecutor,1024,1024,1,2.1069,1,0
3559,59,CommonToolExecutor,1024,1024,1,12.0613,1,0
3560,60,CommonToolExecutor,1024,1024,1,2.6459,1,0
3561,61,CommonToolExecutor,1024,1024,1,2.2348,1,0
3562,62,CommonToolExecutor,1024,1024,1,1.9839,1,0
3563,63,CommonToolExecutor,1024,1024,1,26.4714,1,0
3564,64,CommonToolExecutor,1024,1024,1,3.1752,1,0
3565,65,CommonToolExecutor,1024,1024,1,12.075,1,0
3566,66,CommonToolExecutor,1024,1024,1,15.4331,1,0
3567,67,CommonToolExecutor,1024,1024,1,18.9648,1,0
3568,68,CommonToolExecutor,1024,1024,1,14.8498,1,0
3569,69,CommonToolExecutor,1024,1024,1,15.941,1,0
3570,70,CommonToolExecutor,1024,1024,1,2.1626,1,0
3571,71,CommonToolExecutor,1024,1024,1,12.5478,1,0
3572,72,CommonToolExecutor,1024,1024,1,2.4762,1,0
3573,73,CommonToolExecutor,1024,1024,1,2.3754,1,0
3574,74,CommonToolExecutor,1024,1024,1,2.1543,1,0
3575,75,CommonToolExecutor,1024,1024,1,24.0703,1,0
3576,76,CommonToolExecutor,1024,1024,1,1.9533,1,0
3577,77,CommonToolExecutor,1024,1024,1,21.0609,1,0
3578,78,CommonToolExecutor,1024,1024,1,1.9008,1,0
3579,79,CommonToolExecutor,1024,1024,1,13.4101,1,0
3580,80,CommonToolExecutor,1024,1024,1,17.0428,1,0
3581,81,CommonToolExecutor,1024,1024,1,17.0917,1,0
3582,82,CommonToolExecutor,1024,1024,1,16.6371,1,0
3583,83,CommonToolExecutor,1024,1024,1,2.1067,1,0
3584,84,CommonToolExecutor,1024,1024,1,1.9296,1,0
3585,85,CommonToolExecutor,1024,1024,1,2.1094,1,0
3586,86,CommonToolExecutor,1024,1024,1,11.5045,1,0
3587,87,CommonToolExecutor,1024,1024,1,1.9435,1,0
3588,88,CommonToolExecutor,1024,1024,1,1.8148,1,0
3589,89,CommonToolExecutor,1024,1024,1,1.8481,1,0
3590,90,CommonToolExecutor,1024,1024,1,25.0196,1,0
3591,91,CommonToolExecutor,1024,1024,1,2.354,1,0
3592,92,CommonToolExecutor,1024,1024,1,2.0124,1,0
3593,93,CommonToolExecutor,1024,1024,1,14.6464,1,0
3594,94,CommonToolExecutor,1024,1024,1,2.1497,1,0
3595,95,CommonToolExecutor,1024,1024,1,2.0315,1,0
3596,96,CommonToolExecutor,1024,1024,1,12.4005,1,0
3597,97,CommonToolExecutor,1024,1024,1,2.3338,1,0
3598,98,CommonToolExecutor,1024,1024,1,12.9975,1,0
3599,99,CommonToolExecutor,1024,1024,1,16.2336,1,0
3600,0,CommonToolExecutor,1024,1024,1,49.8219,1,0
3601,1,CommonToolExecutor,1024,1024,1,17.5478,1,0
3602,2,CommonToolExecutor,1024,1024,1,3.2777,1,0
3603,3,CommonToolExecutor,1024,1024,1,16.2501,1,0
3604,4,CommonToolExecutor,1024,1024,1,29.2983,1,0
3605,5,CommonToolExecutor,1024,1024,1,3.5825,1,0
3606,6,CommonToolExecutor,1024,1024,1,29.216,1,0
3607,7,CommonToolExecutor,1024,1024,1,33.7348,1,0
3608,8,CommonToolExecutor,1024,1024,1,3.7299,1,0
3609,9,CommonToolExecutor,1024,1024,1,4.832,1,0
3610,10,CommonToolExecutor,1024,1024,1,57.2086,1,0
3611,11,CommonToolExecutor,1024,1024,1,50.4715,1,0
3612,12,CommonToolExecutor,1024,1024,1,3.3748,1,0
3613,13,CommonToolExecutor,1024,1024,1,46.5562,1,0
3614,14,CommonToolExecutor,1024,1024,1,32.2607,1,0
3615,15,CommonToolExecutor,1024,1024,1,50.9559,1,0
3616,16,CommonToolExecutor,1024,1024,1,47.8332,1,0
3617,17,CommonToolExecutor,1024,1024,1,52.0442,1,0
3618,18,CommonToolExecutor,1024,1024,1,33.0674,1,0
3619,19,CommonToolExecutor,1024,1024,1,49.8887,1,0
3620,20,CommonToolExecutor,1024,1024,1,49.6038,1,0
3621,21,CommonToolExecutor,1024,1024,1,16.8763,1,0
3622,22,CommonToolExecutor,1024,1024,1,3.6962,1,0
3623,23,CommonToolExecutor,1024,1024,1,28.2308,1,0
3624,24,CommonToolExecutor,1024,1024,1,2.8864,1,0
3625,25,CommonToolExecutor,1024,1024,1,16.6328,1,0
3626,26,CommonToolExecutor,1024,1024,1,31.2599,1,0
3627,27,CommonToolExecutor,1024,1024,1,33.2099,1,0
3628,28,CommonToolExecutor,1024,1024,1,33.4756,1,0
3629,29,CommonToolExecutor,1024,1024,1,49.8245,1,0
3630,30,CommonToolExecutor,1024,1024,1,47.9752,1,0
3631,31,CommonToolExecutor,1024,1024,1,20.6468,1,0
3632,32,CommonToolExecutor,1024,1024,1,30.2041,1,0
3633,33,CommonToolExecutor,1024,1024,1,30.7171,1,0
3634,34,CommonToolExecutor,1024,1024,1,53.2814,1,0
3635,35,CommonToolExecutor,1024,1024,1,20.7424,1,0
3636,36,CommonToolExecutor,1024,1024,1,44.8055,1,0
3637,37,CommonToolExecutor,1024,1024,1,33.7595,1,0
3638,38,CommonToolExecutor,1024,1024,1,49.566,1,0
3639,39,CommonToolExecutor,1024,1024,1,32.3955,1,0
3640,40,CommonToolExecutor,1024,1024,1,44.8139,1,0
3641,41,CommonToolExecutor,1024,1024,1,56.6906,1,0
3642,42,CommonToolExecutor,1024,1024,1,3.6747,1,0
3643,43,CommonToolExecutor,1024,1024,1,46.583,1,0
3644,44,CommonToolExecutor,1024,1024,1,32.5467,1,0
3645,45,CommonToolExecutor,1024,1024,1,50.8782,1,0
3646,46,CommonToolExecutor,1024,1024,1,15.4505,1,0
3647,47,CommonToolExecutor,1024,1024,1,2.8471,1,0
3648,48,CommonToolExecutor,1024,1024,1,30.6954,1,0
3649,49,CommonToolExecutor,1024,1024,1,50.1199,1,0
3650,50,CommonToolExecutor,1024,1024,1,49.5188,1,0
3651,51,CommonToolExecutor,1024,1024,1,19.0005,1,0
3652,52,CommonToolExecutor,1024,1024,1,47.0067,1,0
3653,53,CommonToolExecutor,1024,1024,1,18.4942,1,0
3654,54,CommonToolExecutor,1024,1024,1,31.9182,1,0
3655,55,CommonToolExecutor,1024,1024,1,32.1588,1,0
3656,56,CommonToolExecutor,1024,1024,1,45.7745,1,0
3657,57,CommonToolExecutor,1024,1024,1,31.2912,1,0
3658,58,CommonToolExecutor,1024,1024,1,46.9789,1,0
3659,59,CommonToolExecutor,1024,1024,1,46.8833,1,0
3660,60,CommonToolExecutor,1024,1024,1,17.4093,1,0
3661,61,CommonToolExecutor,1024,1024,1,45.5202,1,0
3662,62,CommonToolExecutor,1024,1024,1,5.0674,1,0
3663,63,CommonToolExecutor,1024,1024,1,60.4485,1,0
3664,64,CommonToolExecutor,1024,1024,1,34.5588,1,0
3665,65,CommonToolExecutor,1024,1024,1,32.8143,1,0
3666,66,CommonToolExecutor,1024,1024,1,18.5182,1,0
3667,67,CommonToolExecutor,1024,1024,1,47.2697,1,0
3668,68,CommonToolExecutor,1024,1024,1,33.5715,1,0
3669,69,CommonToolExecutor,1024,1024,1,33.3917,1,0
3670,70,CommonToolExecutor,1024,1024,1,3.4612,1,0
3671,71,CommonToolExecutor,1024,1024,1,46.6019,1,0
3672,72,CommonToolExecutor,1024,1024,1,32.2356,1,0
3673,73,CommonToolExecutor,1024,1024,1,32.3117,1,0
3674,74,CommonToolExecutor,1024,1024,1,16.0451,1,0
3675,75,CommonToolExecutor,1024,1024,1,17.2278,1,0
3676,76,CommonToolExecutor,1024,1024,1,6.0192,1,0
3677,77,CommonToolExecutor,1024,1024,1,62.423,1,0
3678,78,CommonToolExecutor,1024,1024,1,33.0976,1,0
3679,79,CommonToolExecutor,1024,1024,1,49.5656,1,0
3680,80,CommonToolExecutor,1024,1024,1,31.5552,1,0
3681,81,CommonToolExecutor,1024,1024,1,35.9411,1,0
3682,82,CommonToolExecutor,1024,1024,1,49.7305,1,0
3683,83,CommonToolExecutor,1024,1024,1,33.4064,1,0
3684,84,CommonToolExecutor,1024,1024,1,48.8747,1,0
3685,85,CommonToolExecutor,1024,1024,1,17.9029,1,0
3686,86,CommonToolExecutor,1024,1024,1,33.1989,1,0
3687,87,CommonToolExecutor,1024,1024,1,16.3901,1,0
3688,88,CommonToolExecutor,1024,1024,1,49.3019,1,0
3689,89,CommonToolExecutor,1024,1024,1,47.4926,1,0
3690,90,CommonToolExecutor,1024,1024,1,16.4577,1,0
3691,91,CommonToolExecutor,1024,1024,1,35.7005,1,0
3692,92,CommonToolExecutor,1024,1024,1,47.2915,1,0
3693,93,CommonToolExecutor,1024,1024,1,16.9626,1,0
3694,94,CommonToolExecutor,1024,1024,1,35.3517,1,0
3695,95,CommonToolExecutor,1024,1024,1,33.0714,1,0
3696,96,CommonToolExecutor,1024,1024,1,32.0766,1,0
3697,97,CommonToolExecutor,1024,1024,1,51.1062,1,0
3698,98,CommonToolExecutor,1024,1024,1,49.405,1,0
3699,99,CommonToolExecutor,1024,1024,1,46.1351,1,0
3700,0,CommonToolExecutor,1024,1024,1,16.6715,1,0
3701,1,CommonToolExecutor,1024,1024,1,3.4472,1,0
3702,2,CommonToolExecutor,1024,1024,1,11.8083,1,0
3703,3,CommonToolExecutor,1024,1024,1,55.6413,1,0
3704,4,CommonToolExecutor,1024,1024,1,34.0325,1,0
3705,5,CommonToolExecutor,1024,1024,1,47.7844,1,0
3706,6,CommonToolExecutor,1024,1024,1,51.5913,1,0
3707,7,CommonToolExecutor,1024,1024,1,50.0097,1,0
3708,8,CommonToolExecutor,1024,1024,1,32.8037,1,0
3709,9,CommonToolExecutor,1024,1024,1,17.0276,1,0
3710,10,CommonToolExecutor,1024,1024,1,16.3044,1,0
3711,11,CommonToolExecutor,1024,1024,1,16.6323,1,0
3712,12,CommonToolExecutor,1024,1024,1,17.4854,1,0
3713,13,CommonToolExecutor,1024,1024,1,15.9664,1,0
3714,14,CommonToolExecutor,1024,1024,1,30.4053,1,0
3715,15,CommonToolExecutor,1024,1024,1,51.9118,1,0
3716,16,CommonToolExecutor,1024,1024,1,2.2109,1,0
3717,17,CommonToolExecutor,1024,1024,1,15.3765,1,0
3718,18,CommonToolExecutor,1024,1024,1,15.33,1,0
3719,19,CommonToolExecutor,1024,1024,1,2.1286,1,0
3720,20,CommonToolExecutor,1024,1024,1,48.5071,1,0
3721,21,CommonToolExecutor,1024,1024,1,16.8619,1,0
3722,22,CommonToolExecutor,1024,1024,1,2.3866,1,0
3723,23,CommonToolExecutor,1024,1024,1,14.6176,1,0
3724,24,CommonToolExecutor,1024,1024,1,15.4802,1,0
3725,25,CommonToolExecutor,1024,1024,1,3.3679,1,0
3726,26,CommonToolExecutor,1024,1024,1,46.8574,1,0
3727,27,CommonToolExecutor,1024,1024,1,48.4634,1,0
3728,28,CommonToolExecutor,1024,1024,1,19.3462,1,0
3729,29,CommonToolExecutor,1024,1024,1,19.0068,1,0
3730,30,CommonToolExecutor,1024,1024,1,3.5044,1,0
3731,31,CommonToolExecutor,1024,1024,1,59.4939,1,0
3732,32,CommonToolExecutor,1024,1024,1,46.1521,1,0
3733,33,CommonToolExecutor,1024,1024,1,53.548,1,0
3734,34,CommonToolExecutor,1024,1024,1,16.024,1,0
3735,35,CommonToolExecutor,1024,1024,1,3.4958,1,0
3736,36,CommonToolExecutor,1024,1024,1,46.1773,1,0
3737,37,CommonToolExecutor,1024,1024,1,17.2256,1,0
3738,38,CommonToolExecutor,1024,1024,1,1.9108,1,0
3739,39,CommonToolExecutor,1024,1024,1,45.3878,1,0
3740,40,CommonToolExecutor,1024,1024,1,2.1613,1,0
3741,41,CommonToolExecutor,1024,1024,1,1.9681,1,0
3742,42,CommonToolExecutor,1024,1024,1,14.0901,1,0
3743,43,CommonToolExecutor,1024,1024,1,33.3959,1,0
3744,44,CommonToolExecutor,1024,1024,1,49.2887,1,0
3745,45,CommonToolExecutor,1024,1024,1,2.3519,1,0
3746,46,CommonToolExecutor,1024,1024,1,2.9638,1,0
3747,47,CommonToolExecutor,1024,1024,1,46.3548,1,0
3748,48,CommonToolExecutor,1024,1024,1,31.5367,1,0
3749,49,CommonToolExecutor,1024,1024,1,6.8695,1,0
3750,50,CommonToolExecutor,1024,1024,1,12.2643,1,0
3751,51,CommonToolExecutor,1024,1024,1,31.3887,1,0
3752,52,CommonToolExecutor,1024,1024,1,2.277,1,0
3753,53,CommonToolExecutor,1024,1024,1,1.9946,1,0
3754,54,CommonToolExecutor,1024,1024,1,2.7657,1,0
3755,55,CommonToolExecutor,1024,1024,1,44.2881,1,0
3756,56,CommonToolExecutor,1024,1024,1,3.2191,1,0
3757,57,CommonToolExecutor,1024,1024,1,2.0373,1,0
3758,58,CommonToolExecutor,1024,1024,1,2.8691,1,0
3759,59,CommonToolExecutor,1024,1024,1,2.0118,1,0
3760,60,CommonToolExecutor,1024,1024,1,1.9127,1,0
3761,61,CommonToolExecutor,1024,1024,1,17.3861,1,0
3762,62,CommonToolExecutor,1024,1024,1,1.9808,1,0
3763,63,CommonToolExecutor,1024,1024,1,16.7201,1,0
3764,64,CommonToolExecutor,1024,1024,1,34.002,1,0
3765,65,CommonToolExecutor,1024,1024,1,48.4601,1,0
3766,66,CommonToolExecutor,1024,1024,1,17.7652,1,0
3767,67,CommonToolExecutor,1024,1024,1,32.3809,1,0
3768,68,CommonToolExecutor,1024,1024,1,46.6507,1,0
3769,69,CommonToolExecutor,1024,1024,1,16.5309,1,0
3770,70,CommonToolExecutor,1024,1024,1,21.265,1,0
3771,71,CommonToolExecutor,1024,1024,1,32.398,1,0
3772,72,CommonToolExecutor,1024,1024,1,2.615,1,0
3773,73,CommonToolExecutor,1024,1024,1,47.2057,1,0
3774,74,CommonToolExecutor,1024,1024,1,2.6063,1,0
3775,75,CommonToolExecutor,1024,1024,1,47.315,1,0
3776,76,CommonToolExecutor,1024,1024,1,17.8821,1,0
3777,77,CommonToolExecutor,1024,1024,1,15.5517,1,0
3778,78,CommonToolExecutor,1024,1024,1,15.3057,1,0
3779,79,CommonToolExecutor,1024,1024,1,3.674,1,0
3780,80,CommonToolExecutor,1024,1024,1,29.6321,1,0
3781,81,CommonToolExecutor,1024,1024,1,33.1917,1,0
3782,82,CommonToolExecutor,1024,1024,1,2.6063,1,0
3783,83,CommonToolExecutor,1024,1024,1,3.4708,1,0
3784,84,CommonToolExecutor,1024,1024,1,12.8316,1,0
3785,85,CommonToolExecutor,1024,1024,1,14.8467,1,0
3786,86,CommonToolExecutor,1024,1024,1,2.2626,1,0
3787,87,CommonToolExecutor,1024,1024,1,2.1613,1,0
3788,88,CommonToolExecutor,1024,1024,1,44.9075,1,0
3789,89,CommonToolExecutor,1024,1024,1,16.7612,1,0
3790,90,CommonToolExecutor,1024,1024,1,48.7176,1,0
3791,91,CommonToolExecutor,1024,1024,1,50.8647,1,0
3792,92,CommonToolExecutor,1024,1024,1,49.363,1,0
3793,93,CommonToolExecutor,1024,1024,1,19.461,1,0
3794,94,CommonToolExecutor,1024,1024,1,30.87,1,0
3795,95,CommonToolExecutor,1024,1024,1,17.1968,1,0
3796,96,CommonToolExecutor,1024,1024,1,2.0722,1,0
3797,97,CommonToolExecutor,1024,1024,1,1.9832,1,0
3798,98,CommonToolExecutor,1024,1024,1,2.4186,1,0
3799,99,CommonToolExecutor,1024,1024,1,2.6679,1,0
3800,0,CommonToolExecutor,1024,1024,1,25.5743,1,0
3801,1,CommonToolExecutor,1024,1024,1,14.7299,1,0
3802,2,CommonToolExecutor,1024,1024,1,18.584,1,0
3803,3,CommonToolExecutor,1024,1024,1,13.7757,1,0
3804,4,CommonToolExecutor,1024,1024,1,33.6562,1,0
3805,5,CommonToolExecutor,1024,1024,1,18.159,1,0
3806,6,CommonToolExecutor,1024,1024,1,13.7812,1,0
3807,7,CommonToolExecutor,1024,1024,1,3.7692,1,0
3808,8,CommonToolExecutor,1024,1024,1,29.454,1,0
3809,9,CommonToolExecutor,1024,1024,1,13.2573,1,0
3810,10,CommonToolExecutor,1024,1024,1,36.6004,1,0
3811,11,CommonToolExecutor,1024,1024,1,16.7135,1,0
3812,12,CommonToolExecutor,1024,1024,1,18.5462,1,0
3813,13,CommonToolExecutor,1024,1024,1,3.3237,1,0
3814,14,CommonToolExecutor,1024,1024,1,13.3961,1,0
3815,15,CommonToolExecutor,1024,1024,1,15.9004,1,0
3816,16,CommonToolExecutor,1024,1024,1,34.425,1,0
3817,17,CommonToolExecutor,1024,1024,1,15.4787,1,0
3818,18,CommonToolExecutor,1024,1024,1,2.2111,1,0
3819,19,CommonToolExecutor,1024,1024,1,28.5084,1,0
3820,20,CommonToolExecutor,1024,1024,1,15.8231,1,0
3821,21,CommonToolExecutor,1024,1024,1,21.0817,1,0
3822,22,CommonToolExecutor,1024,1024,1,31.5214,1,0
3823,23,CommonToolExecutor,1024,1024,1,17.8619,1,0
3824,24,CommonToolExecutor,1024,1024,1,2.1966,1,0
3825,25,CommonToolExecutor,1024,1024,1,3.4019,1,0
3826,26,CommonToolExecutor,1024,1024,1,3.2226,1,0
3827,27,CommonToolExecutor,1024,1024,1,23.6165,1,0
3828,28,CommonToolExecutor,1024,1024,1,49.2443,1,0
3829,29,CommonToolExecutor,1024,1024,1,17.5096,1,0
3830,30,CommonToolExecutor,1024,1024,1,2.4237,1,0
3831,31,CommonToolExecutor,1024,1024,1,29.9834,1,0
3832,32,CommonToolExecutor,1024,1024,1,16.4273,1,0
3833,33,CommonToolExecutor,1024,1024,1,16.0792,1,0
3834,34,CommonToolExecutor,1024,1024,1,35.5689,1,0
3835,35,CommonToolExecutor,1024,1024,1,3.6323,1,0
3836,36,CommonToolExecutor,1024,1024,1,11.955,1,0
3837,37,CommonToolExecutor,1024,1024,1,17.2492,1,0
3838,38,CommonToolExecutor,1024,1024,1,16.7666,1,0
3839,39,CommonToolExecutor,1024,1024,1,15.272,1,0
3840,40,CommonToolExecutor,1024,1024,1,47.0466,1,0
3841,41,CommonToolExecutor,1024,1024,1,3.7356,1,0
3842,42,CommonToolExecutor,1024,1024,1,16.0217,1,0
3843,43,CommonToolExecutor,1024,1024,1,18.1157,1,0
3844,44,CommonToolExecutor,1024,1024,1,14.4287,1,0
3845,45,CommonToolExecutor,1024,1024,1,19.263,1,0
3846,46,CommonToolExecutor,1024,1024,1,14.9947,1,0
3847,47,CommonToolExecutor,1024,1024,1,3.1894,1,0
3848,48,CommonToolExecutor,1024,1024,1,1.9426,1,0
3849,49,CommonToolExecutor,1024,1024,1,41.3507,1,0
3850,50,CommonToolExecutor,1024,1024,1,20.4255,1,0
3851,51,CommonToolExecutor,1024,1024,1,3.4099,1,0
3852,52,CommonToolExecutor,1024,1024,1,28.3455,1,0
3853,53,CommonToolExecutor,1024,1024,1,3.4978,1,0
3854,54,CommonToolExecutor,1024,1024,1,13.6319,1,0
3855,55,CommonToolExecutor,1024,1024,1,31.3959,1,0
3856,56,CommonToolExecutor,1024,1024,1,15.7912,1,0
3857,57,CommonToolExecutor,1024,1024,1,19.1907,1,0
3858,58,CommonToolExecutor,1024,1024,1,15.9259,1,0
3859,59,CommonToolExecutor,1024,1024,1,17.9452,1,0
3860,60,CommonToolExecutor,1024,1024,1,15.5525,1,0
3861,61,CommonToolExecutor,1024,1024,1,32.7577,1,0
3862,62,CommonToolExecutor,1024,1024,1,17.3758,1,0
3863,63,CommonToolExecutor,1024,1024,1,16.6459,1,0
3864,64,CommonToolExecutor,1024,1024,1,49.461,1,0
3865,65,CommonToolExecutor,1024,1024,1,18.9542,1,0
3866,66,CommonToolExecutor,1024,1024,1,14.586,1,0
3867,67,CommonToolExecutor,1024,1024,1,49.9134,1,0
3868,68,CommonToolExecutor,1024,1024,1,16.3534,1,0
3869,69,CommonToolExecutor,1024,1024,1,2.4454,1,0
3870,70,CommonToolExecutor,1024,1024,1,15.7911,1,0
3871,71,CommonToolExecutor,1024,1024,1,16.448,1,0
3872,72,CommonToolExecutor,1024,1024,1,15.3801,1,0
3873,73,CommonToolExecutor,1024,1024,1,16.4786,1,0
3874,74,CommonToolExecutor,1024,1024,1,17.8377,1,0
3875,75,CommonToolExecutor,1024,1024,1,14.0991,1,0
3876,76,CommonToolExecutor,1024,1024,1,36.127,1,0
3877,77,CommonToolExecutor,1024,1024,1,16.9236,1,0
3878,78,CommonToolExecutor,1024,1024,1,3.3757,1,0
3879,79,CommonToolExecutor,1024,1024,1,3.8568,1,0
3880,80,CommonToolExecutor,1024,1024,1,3.368,1,0
3881,81,CommonToolExecutor,1024,1024,1,21.1364,1,0
3882,82,CommonToolExecutor,1024,1024,1,49.2269,1,0
3883,83,CommonToolExecutor,1024,1024,1,18.3252,1,0
3884,84,CommonToolExecutor,1024,1024,1,2.5673,1,0
3885,85,CommonToolExecutor,1024,1024,1,45.1187,1,0
3886,86,CommonToolExecutor,1024,1024,1,16.1784,1,0
3887,87,CommonToolExecutor,1024,1024,1,14.9593,1,0
3888,88,CommonToolExecutor,1024,1024,1,51.7923,1,0
3889,89,CommonToolExecutor,1024,1024,1,17.797,1,0
3890,90,CommonToolExecutor,1024,1024,1,2.2879,1,0
3891,91,CommonToolExecutor,1024,1024,1,14.322,1,0
3892,92,CommonToolExecutor,1024,1024,1,16.9282,1,0
3893,93,CommonToolExecutor,1024,1024,1,2.6351,1,0
3894,94,CommonToolExecutor,1024,1024,1,44.3674,1,0
3895,95,CommonToolExecutor,1024,1024,1,20.0279,1,0
3896,96,CommonToolExecutor,1024,1024,1,14.9057,1,0
3897,97,CommonToolExecutor,1024,1024,1,16.2297,1,0
3898,98,CommonToolExecutor,1024,1024,1,18.1552,1,0
3899,99,CommonToolExecutor,1024,1024,1,13.5555,1,0
3900,0,CommonToolExecutor,1024,1024,1,17.5646,1,0
3901,1,CommonToolExecutor,1024,1024,1,16.4038,1,0
3902,2,CommonToolExecutor,1024,1024,1,3.166,1,0
3903,3,CommonToolExecutor,1024,1024,1,42.2222,1,0
3904,4,CommonToolExecutor,1024,1024,1,22.1016,1,0
3905,5,CommonToolExecutor,1024,1024,1,3.4694,1,0
3906,6,CommonToolExecutor,1024,1024,1,29.6911,1,0
3907,7,CommonToolExecutor,1024,1024,1,16.2919,1,0
3908,8,CommonToolExecutor,1024,1024,1,16.7992,1,0
3909,9,CommonToolExecutor,1024,1024,1,33.0112,1,0
3910,10,CommonToolExecutor,1024,1024,1,16.8495,1,0
3911,11,CommonToolExecutor,1024,1024,1,17.7421,1,0
3912,12,CommonToolExecutor,1024,1024,1,18.3492,1,0
3913,13,CommonToolExecutor,1024,1024,1,13.9502,1,0
3914,14,CommonToolExecutor,1024,1024,1,5.5157,1,0
3915,15,CommonToolExecutor,1024,1024,1,26.7305,1,0
3916,16,CommonToolExecutor,1024,1024,1,17.0222,1,0
3917,17,CommonToolExecutor,1024,1024,1,3.2143,1,0
3918,18,CommonToolExecutor,1024,1024,1,45.7286,1,0
3919,19,CommonToolExecutor,1024,1024,1,16.3632,1,0
3920,20,CommonToolExecutor,1024,1024,1,3.3236,1,0
3921,21,CommonToolExecutor,1024,1024,1,46.5349,1,0
3922,22,CommonToolExecutor,1024,1024,1,18.0476,1,0
3923,23,CommonToolExecutor,1024,1024,1,17.5032,1,0
3924,24,CommonToolExecutor,1024,1024,1,3.2304,1,0
3925,25,CommonToolExecutor,1024,1024,1,2.3853,1,0
3926,26,CommonToolExecutor,1024,1024,1,25.8502,1,0
3927,27,CommonToolExecutor,1024,1024,1,3.2145,1,0
3928,28,CommonToolExecutor,1024,1024,1,2.1086,1,0
3929,29,CommonToolExecutor,1024,1024,1,3.1049,1,0
3930,30,CommonToolExecutor,1024,1024,1,58.249,1,0
3931,31,CommonToolExecutor,1024,1024,1,2.1567,1,0
3932,32,CommonToolExecutor,1024,1024,1,3.2444,1,0
3933,33,CommonToolExecutor,1024,1024,1,15.0627,1,0
3934,34,CommonToolExecutor,1024,1024,1,13.5522,1,0
3935,35,CommonToolExecutor,1024,1024,1,15.5706,1,0
3936,36,CommonToolExecutor,1024,1024,1,3.1589,1,0
3937,37,CommonToolExecutor,1024,1024,1,14.0183,1,0
3938,38,CommonToolExecutor,1024,1024,1,17.5069,1,0
3939,39,CommonToolExecutor,1024,1024,1,2.7981,1,0
3940,40,CommonToolExecutor,1024,1024,1,12.5447,1,0
3941,41,CommonToolExecutor,1024,1024,1,17.8518,1,0
3942,42,CommonToolExecutor,1024,1024,1,48.8016,1,0
3943,43,CommonToolExecutor,1024,1024,1,15.4988,1,0
3944,44,CommonToolExecutor,1024,1024,1,16.5109,1,0
3945,45,CommonToolExecutor,1024,1024,1,48.3079,1,0
3946,46,CommonToolExecutor,1024,1024,1,16.3293,1,0
3947,47,CommonToolExecutor,1024,1024,1,3.4024,1,0
3948,48,CommonToolExecutor,1024,1024,1,49.3325,1,0
3949,49,CommonToolExecutor,1024,1024,1,16.0209,1,0
3950,50,CommonToolExecutor,1024,1024,1,3.73,1,0
3951,51,CommonToolExecutor,1024,1024,1,27.7929,1,0
3952,52,CommonToolExecutor,1024,1024,1,14.6037,1,0
3953,53,CommonToolExecutor,1024,1024,1,3.5649,1,0
3954,54,CommonToolExecutor,1024,1024,1,48.4401,1,0
3955,55,CommonToolExecutor,1024,1024,1,4.6715,1,0
3956,56,CommonToolExecutor,1024,1024,1,26.0733,1,0
3957,57,CommonToolExecutor,1024,1024,1,22.2422,1,0
3958,58,CommonToolExecutor,1024,1024,1,2.3167,1,0
3959,59,CommonToolExecutor,1024,1024,1,15.1487,1,0
3960,60,CommonToolExecutor,1024,1024,1,45.9448,1,0
3961,61,CommonToolExecutor,1024,1024,1,16.9346,1,0
3962,62,CommonToolExecutor,1024,1024,1,3.5811,1,0
3963,63,CommonToolExecutor,1024,1024,1,63.9895,1,0
3964,64,CommonToolExecutor,1024,1024,1,17.2088,1,0
3965,65,CommonToolExecutor,1024,1024,1,18.1658,1,0
3966,66,CommonToolExecutor,1024,1024,1,47.5994,1,0
3967,67,CommonToolExecutor,1024,1024,1,18.113,1,0
3968,68,CommonToolExecutor,1024,1024,1,15.7602,1,0
3969,69,CommonToolExecutor,1024,1024,1,17.4896,1,0
3970,70,CommonToolExecutor,1024,1024,1,3.7632,1,0
3971,71,CommonToolExecutor,1024,1024,1,12.6443,1,0
3972,72,CommonToolExecutor,1024,1024,1,48.4666,1,0
3973,73,CommonToolExecutor,1024,1024,1,17.0041,1,0
3974,74,CommonToolExecutor,1024,1024,1,17.1374,1,0
3975,75,CommonToolExecutor,1024,1024,1,14.995,1,0
3976,76,CommonToolExecutor,1024,1024,1,18.3954,1,0
3977,77,CommonToolExecutor,1024,1024,1,17.5596,1,0
3978,78,CommonToolExecutor,1024,1024,1,30.58,1,0
3979,79,CommonToolExecutor,1024,1024,1,17.7981,1,0
3980,80,CommonToolExecutor,1024,1024,1,16.7291,1,0
3981,81,CommonToolExecutor,1024,1024,1,48.9796,1,0
3982,82,CommonToolExecutor,1024,1024,1,2.3262,1,0
3983,83,CommonToolExecutor,1024,1024,1,3.1542,1,0
3984,84,CommonToolExecutor,1024,1024,1,42.5449,1,0
3985,85,CommonToolExecutor,1024,1024,1,16.5123,1,0
3986,86,CommonToolExecutor,1024,1024,1,3.2584,1,0
3987,87,CommonToolExecutor,1024,1024,1,31.6303,1,0
3988,88,CommonToolExecutor,1024,1024,1,2.262,1,0
3989,89,CommonToolExecutor,1024,1024,1,15.2515,1,0
3990,90,CommonToolExecutor,1024,1024,1,32.5307,1,0
3991,91,CommonToolExecutor,1024,1024,1,3.3511,1,0
3992,92,CommonToolExecutor,1024,1024,1,3.2763,1,0
3993,93,CommonToolExecutor,1024,1024,1,42.2677,1,0
3994,94,CommonToolExecutor,1024,1024,1,18.9876,1,0
3995,95,CommonToolExecutor,1024,1024,1,16.6985,1,0
3996,96,CommonToolExecutor,1024,1024,1,30.2187,1,0
3997,97,CommonToolExecutor,1024,1024,1,2.3608,1,0
3998,98,CommonToolExecutor,1024,1024,1,3.4332,1,0
3999,99,CommonToolExecutor,1024,1024,1,45.9899,1,0
4000,0,CommonToolExecutor,1024,1024,1,16.5328,1,0
4001,1,CommonToolExecutor,1024,1024,1,16.6093,1,0
4002,2,CommonToolExecutor,1024,1024,1,2.2413,1,0
4003,3,CommonToolExecutor,1024,1024,1,2.2327,1,0
4004,4,CommonToolExecutor,1024,1024,1,13.1441,1,0
4005,5,CommonToolExecutor,1024,1024,1,15.3239,1,0
4006,6,CommonToolExecutor,1024,1024,1,2.2152,1,0
4007,7,CommonToolExecutor,1024,1024,1,14.4768,1,0
4008,8,CommonToolExecutor,1024,1024,1,16.2373,1,0
4009,9,CommonToolExecutor,1024,1024,1,16.5695,1,0
4010,10,CommonToolExecutor,1024,1024,1,15.2979,1,0
4011,11,CommonToolExecutor,1024,1024,1,2.4395,1,0
4012,12,CommonToolExecutor,1024,1024,1,15.4045,1,0
4013,13,CommonToolExecutor,1024,1024,1,17.6396,1,0
4014,14,CommonToolExecutor,1024,1024,1,18.8049,1,0
4015,15,CommonToolExecutor,1024,1024,1,16.3311,1,0
4016,16,CommonToolExecutor,1024,1024,1,15.1656,1,0
4017,17,CommonToolExecutor,1024,1024,1,14.1602,1,0
4018,18,CommonToolExecutor,1024,1024,1,3.0768,1,0
4019,19,CommonToolExecutor,1024,1024,1,2.3995,1,0
4020,20,CommonToolExecutor,1024,1024,1,2.1083,1,0
4021,21,CommonToolExecutor,1024,1024,1,2.1182,1,0
4022,22,CommonToolExecutor,1024,1024,1,1.857,1,0
4023,23,CommonToolExecutor,1024,1024,1,2.1385,1,0
4024,24,CommonToolExecutor,1024,1024,1,20.7399,1,0
4025,25,CommonToolExecutor,1024,1024,1,15.3014,1,0
4026,26,CommonToolExecutor,1024,1024,1,2.6094,1,0
4027,27,CommonToolExecutor,1024,1024,1,14.2089,1,0
4028,28,CommonToolExecutor,1024,1024,1,15.6418,1,0
4029,29,CommonToolExecutor,1024,1024,1,2.3539,1,0
4030,30,CommonToolExecutor,1024,1024,1,15.0911,1,0
4031,31,CommonToolExecutor,1024,1024,1,16.4613,1,0
4032,32,CommonToolExecutor,1024,1024,1,16.8632,1,0
4033,33,CommonToolExecutor,1024,1024,1,16.6832,1,0
4034,34,CommonToolExecutor,1024,1024,1,1.9992,1,0
4035,35,CommonToolExecutor,1024,1024,1,14.673,1,0
4036,36,CommonToolExecutor,1024,1024,1,2.1046,1,0
4037,37,CommonToolExecutor,1024,1024,1,2.2244,1,0
4038,38,CommonToolExecutor,1024,1024,1,2.3819,1,0
4039,39,CommonToolExecutor,1024,1024,1,2.8542,1,0
4040,40,CommonToolExecutor,1024,1024,1,2.4197,1,0
4041,41,CommonToolExecutor,1024,1024,1,2.8473,1,0
4042,42,CommonToolExecutor,1024,1024,1,2.1497,1,0
4043,43,CommonToolExecutor,1024,1024,1,1.9637,1,0
4044,44,CommonToolExecutor,1024,1024,1,1.9901,1,0
4045,45,CommonToolExecutor,1024,1024,1,12.4743,1,0
4046,46,CommonToolExecutor,1024,1024,1,15.3294,1,0
4047,47,CommonToolExecutor,1024,1024,1,1.9721,1,0
4048,48,CommonToolExecutor,1024,1024,1,13.2714,1,0
4049,49,CommonToolExecutor,1024,1024,1,1.8812,1,0
4050,50,CommonToolExecutor,1024,1024,1,1.8697,1,0
4051,51,CommonToolExecutor,1024,1024,1,11.9652,1,0
4052,52,CommonToolExecutor,1024,1024,1,16.4941,1,0
4053,53,CommonToolExecutor,1024,1024,1,18.9738,1,0
4054,54,CommonToolExecutor,1024,1024,1,16.2501,1,0
4055,55,CommonToolExecutor,1024,1024,1,2.1616,1,0
4056,56,CommonToolExecutor,1024,1024,1,1.9696,1,0
4057,57,CommonToolExecutor,1024,1024,1,1.9727,1,0
4058,58,CommonToolExecutor,1024,1024,1,1.8364,1,0
4059,59,CommonToolExecutor,1024,1024,1,25.7884,1,0
4060,60,CommonToolExecutor,1024,1024,1,1.9407,1,0
4061,61,CommonToolExecutor,1024,1024,1,1.7656,1,0
4062,62,CommonToolExecutor,1024,1024,1,1.8369,1,0
4063,63,CommonToolExecutor,1024,1024,1,2.0198,1,0
4064,64,CommonToolExecutor,1024,1024,1,1.8093,1,0
4065,65,CommonToolExecutor,1024,1024,1,23.0531,1,0
4066,66,CommonToolExecutor,1024,1024,1,16.3383,1,0
4067,67,CommonToolExecutor,1024,1024,1,15.7036,1,0
4068,68,CommonToolExecutor,1024,1024,1,2.7772,1,0
4069,69,CommonToolExecutor,1024,1024,1,17.268,1,0
4070,70,CommonToolExecutor,1024,1024,1,14.6486,1,0
4071,71,CommonToolExecutor,1024,1024,1,3.6618,1,0
4072,72,CommonToolExecutor,1024,1024,1,12.8169,1,0
4073,73,CommonToolExecutor,1024,1024,1,2.702,1,0
4074,74,CommonToolExecutor,1024,1024,1,12.8609,1,0
4075,75,CommonToolExecutor,1024,1024,1,17.5575,1,0
4076,76,CommonToolExecutor,1024,1024,1,2.0576,1,0
4077,77,CommonToolExecutor,1024,1024,1,1.8274,1,0
4078,78,CommonToolExecutor,1024,1024,1,1.7885,1,0
4079,79,CommonToolExecutor,1024,1024,1,1.8878,1,0
4080,80,CommonToolExecutor,1024,1024,1,1.8122,1,0
4081,81,CommonToolExecutor,1024,1024,1,1.8864,1,0
4082,82,CommonToolExecutor,1024,1024,1,1.9103,1,0
4083,83,CommonToolExecutor,1024,1024,1,17.3327,1,0
4084,84,CommonToolExecutor,1024,1024,1,1.9133,1,0
4085,85,CommonToolExecutor,1024,1024,1,1.9319,1,0
4086,86,CommonToolExecutor,1024,1024,1,1.9561,1,0
4087,87,CommonToolExecutor,1024,1024,1,1.9128,1,0
4088,88,CommonToolExecutor,1024,1024,1,1.837,1,0
4089,89,CommonToolExecutor,1024,1024,1,1.9654,1,0
4090,90,CommonToolExecutor,1024,1024,1,1.7981,1,0
4091,91,CommonToolExecutor,1024,1024,1,2.2259,1,0
4092,92,CommonToolExecutor,1024,1024,1,1.8677,1,0
4093,93,CommonToolExecutor,1024,1024,1,1.9343,1,0
4094,94,CommonToolExecutor,1024,1024,1,1.9356,1,0
4095,95,CommonToolExecutor,1024,1024,1,1.7519,1,0
4096,96,CommonToolExecutor,1024,1024,1,1.8736,1,0
4097,97,CommonToolExecutor,1024,1024,1,1.8199,1,0
4098,98,CommonToolExecutor,1024,1024,1,24.5657,1,0
4099,99,CommonToolExecutor,1024,1024,1,1.8953,1,0
4100,0,CommonToolExecutor,1024,1024,1,30.9056,1,0
4101,1,CommonToolExecutor,1024,1024,1,34.1558,1,0
4102,2,CommonToolExecutor,1024,1024,1,31.9886,1,0
4103,3,CommonToolExecutor,1024,1024,1,50.4616,1,0
4104,4,CommonToolExecutor,1024,1024,1,50.4806,1,0
4105,5,CommonToolExecutor,1024,1024,1,46.955,1,0
4106,6,CommonToolExecutor,1024,1024,1,38.6138,1,0
4107,7,CommonToolExecutor,1024,1024,1,47.2093,1,0
4108,8,CommonToolExecutor,1024,1024,1,20.4755,1,0
4109,9,CommonToolExecutor,1024,1024,1,14.4468,1,0
4110,10,CommonToolExecutor,1024,1024,1,3.5013,1,0
4111,11,CommonToolExecutor,1024,1024,1,28.6913,1,0
4112,12,CommonToolExecutor,1024,1024,1,49.2745,1,0
4113,13,CommonToolExecutor,1024,1024,1,33.1877,1,0
4114,14,CommonToolExecutor,1024,1024,1,49.4308,1,0
4115,15,CommonToolExecutor,1024,1024,1,33.3069,1,0
4116,16,CommonToolExecutor,1024,1024,1,48.5814,1,0
4117,17,CommonToolExecutor,1024,1024,1,34.7026,1,0
4118,18,CommonToolExecutor,1024,1024,1,31.8859,1,0
4119,19,CommonToolExecutor,1024,1024,1,51.0451,1,0
4120,20,CommonToolExecutor,1024,1024,1,49.7379,1,0
4121,21,CommonToolExecutor,1024,1024,1,50.5156,1,0
4122,22,CommonToolExecutor,1024,1024,1,32.6416,1,0
4123,23,CommonToolExecutor,1024,1024,1,49.5322,1,0
4124,24,CommonToolExecutor,1024,1024,1,49.3302,1,0
4125,25,CommonToolExecutor,1024,1024,1,50.0665,1,0
4126,26,CommonToolExecutor,1024,1024,1,49.6788,1,0
4127,27,CommonToolExecutor,1024,1024,1,50.1549,1,0
4128,28,CommonToolExecutor,1024,1024,1,34.5859,1,0
4129,29,CommonToolExecutor,1024,1024,1,15.8033,1,0
4130,30,CommonToolExecutor,1024,1024,1,2.8279,1,0
4131,31,CommonToolExecutor,1024,1024,1,46.5929,1,0
4132,32,CommonToolExecutor,1024,1024,1,34.7341,1,0
4133,33,CommonToolExecutor,1024,1024,1,3.1286,1,0
4134,34,CommonToolExecutor,1024,1024,1,2.8123,1,0
4135,35,CommonToolExecutor,1024,1024,1,2.7819,1,0
4136,36,CommonToolExecutor,1024,1024,1,25.5043,1,0
4137,37,CommonToolExecutor,1024,1024,1,32.0309,1,0
4138,38,CommonToolExecutor,1024,1024,1,30.4759,1,0
4139,39,CommonToolExecutor,1024,1024,1,36.2965,1,0
4140,40,CommonToolExecutor,1024,1024,1,33.1104,1,0
4141,41,CommonToolExecutor,1024,1024,1,29.543,1,0
4142,42,CommonToolExecutor,1024,1024,1,15.6618,1,0
4143,43,CommonToolExecutor,1024,1024,1,38.4992,1,0
4144,44,CommonToolExecutor,1024,1024,1,3.1127,1,0
4145,45,CommonToolExecutor,1024,1024,1,13.1174,1,0
4146,46,CommonToolExecutor,1024,1024,1,32.1958,1,0
4147,47,CommonToolExecutor,1024,1024,1,17.9804,1,0
4148,48,CommonToolExecutor,1024,1024,1,48.1985,1,0
4149,49,CommonToolExecutor,1024,1024,1,50.5283,1,0
4150,50,CommonToolExecutor,1024,1024,1,49.7164,1,0
4151,51,CommonToolExecutor,1024,1024,1,35.8102,1,0
4152,52,CommonToolExecutor,1024,1024,1,32.0242,1,0
4153,53,CommonToolExecutor,1024,1024,1,48.0727,1,0
4154,54,CommonToolExecutor,1024,1024,1,32.3301,1,0
4155,55,CommonToolExecutor,1024,1024,1,18.7931,1,0
4156,56,CommonToolExecutor,1024,1024,1,48.9504,1,0
4157,57,CommonToolExecutor,1024,1024,1,48.9741,1,0
4158,58,CommonToolExecutor,1024,1024,1,34.6825,1,0
4159,59,CommonToolExecutor,1024,1024,1,33.7699,1,0
4160,60,CommonToolExecutor,1024,1024,1,3.4992,1,0
4161,61,CommonToolExecutor,1024,1024,1,3.3566,1,0
4162,62,CommonToolExecutor,1024,1024,1,58.4693,1,0
4163,63,CommonToolExecutor,1024,1024,1,48.5652,1,0
4164,64,CommonToolExecutor,1024,1024,1,15.3514,1,0
4165,65,CommonToolExecutor,1024,1024,1,53.3629,1,0
4166,66,CommonToolExecutor,1024,1024,1,30.2579,1,0
4167,67,CommonToolExecutor,1024,1024,1,49.4543,1,0
4168,68,CommonToolExecutor,1024,1024,1,52.7055,1,0
4169,69,CommonToolExecutor,1024,1024,1,49.68,1,0
4170,70,CommonToolExecutor,1024,1024,1,33.3289,1,0
4171,71,CommonToolExecutor,1024,1024,1,47.592,1,0
4172,72,CommonToolExecutor,1024,1024,1,5.0875,1,0
4173,73,CommonToolExecutor,1024,1024,1,46.7773,1,0
4174,74,CommonToolExecutor,1024,1024,1,33.8747,1,0
4175,75,CommonToolExecutor,1024,1024,1,33.1451,1,0
4176,76,CommonToolExecutor,1024,1024,1,29.7601,1,0
4177,77,CommonToolExecutor,1024,1024,1,37.2587,1,0
4178,78,CommonToolExecutor,1024,1024,1,32.1218,1,0
4179,79,CommonToolExecutor,1024,1024,1,50.5428,1,0
4180,80,CommonToolExecutor,1024,1024,1,49.3847,1,0
4181,81,CommonToolExecutor,1024,1024,1,47.5616,1,0
4182,82,CommonToolExecutor,1024,1024,1,53.0196,1,0
4183,83,CommonToolExecutor,1024,1024,1,49.2137,1,0
4184,84,CommonToolExecutor,1024,1024,1,32.8866,1,0
4185,85,CommonToolExecutor,1024,1024,1,3.6983,1,0
4186,86,CommonToolExecutor,1024,1024,1,27.5284,1,0
4187,87,CommonToolExecutor,1024,1024,1,15.3021,1,0
4188,88,CommonToolExecutor,1024,1024,1,30.3038,1,0
4189,89,CommonToolExecutor,1024,1024,1,16.4463,1,0
4190,90,CommonToolExecutor,1024,1024,1,40.1589,1,0
4191,91,CommonToolExecutor,1024,1024,1,31.2739,1,0
4192,92,CommonToolExecutor,1024,1024,1,16.1166,1,0
4193,93,CommonToolExecutor,1024,1024,1,3.1644,1,0
4194,94,CommonToolExecutor,1024,1024,1,32.2426,1,0
4195,95,CommonToolExecutor,1024,1024,1,33.648,1,0
4196,96,CommonToolExecutor,1024,1024,1,17.8685,1,0
4197,97,CommonToolExecutor,1024,1024,1,33.6397,1,0
4198,98,CommonToolExecutor,1024,1024,1,31.3365,1,0
4199,99,CommonToolExecutor,1024,1024,1,34.2306,1,0
4200,0,CommonToolExecutor,1024,1024,1,15.7629,1,0
4201,1,CommonToolExecutor,1024,1024,1,2.3671,1,0
4202,2,CommonToolExecutor,1024,1024,1,14.1482,1,0
4203,3,CommonToolExecutor,1024,1024,1,16.2021,1,0
4204,4,CommonToolExecutor,1024,1024,1,32.9171,1,0
4205,5,CommonToolExecutor,1024,1024,1,17.7195,1,0
4206,6,CommonToolExecutor,1024,1024,1,3.249,1,0
4207,7,CommonToolExecutor,1024,1024,1,2.0447,1,0
4208,8,CommonToolExecutor,1024,1024,1,2.0107,1,0
4209,9,CommonToolExecutor,1024,1024,1,1.9093,1,0
4210,10,CommonToolExecutor,1024,1024,1,21.7147,1,0
4211,11,CommonToolExecutor,1024,1024,1,16.3409,1,0
4212,12,CommonToolExecutor,1024,1024,1,35.8489,1,0
4213,13,CommonToolExecutor,1024,1024,1,15.8732,1,0
4214,14,CommonToolExecutor,1024,1024,1,33.5998,1,0
4215,15,CommonToolExecutor,1024,1024,1,4.899,1,0
4216,16,CommonToolExecutor,1024,1024,1,5.2001,1,0
4217,17,CommonToolExecutor,1024,1024,1,22.6864,1,0
4218,18,CommonToolExecutor,1024,1024,1,47.584,1,0
4219,19,CommonToolExecutor,1024,1024,1,51.2734,1,0
4220,20,CommonToolExecutor,1024,1024,1,2.1991,1,0
4221,21,CommonToolExecutor,1024,1024,1,15.0949,1,0
4222,22,CommonToolExecutor,1024,1024,1,16.2518,1,0
4223,23,CommonToolExecutor,1024,1024,1,2.8366,1,0
4224,24,CommonToolExecutor,1024,1024,1,47.9275,1,0
4225,25,CommonToolExecutor,1024,1024,1,46.9964,1,0
4226,26,CommonToolExecutor,1024,1024,1,51.0343,1,0
4227,27,CommonToolExecutor,1024,1024,1,3.4441,1,0
4228,28,CommonToolExecutor,1024,1024,1,45.6013,1,0
4229,29,CommonToolExecutor,1024,1024,1,33.5256,1,0
4230,30,CommonToolExecutor,1024,1024,1,34.3724,1,0
4231,31,CommonToolExecutor,1024,1024,1,2.3841,1,0
4232,32,CommonToolExecutor,1024,1024,1,16.3848,1,0
4233,33,CommonToolExecutor,1024,1024,1,2.2149,1,0
4234,34,CommonToolExecutor,1024,1024,1,13.5067,1,0
4235,35,CommonToolExecutor,1024,1024,1,2.2839,1,0
4236,36,CommonToolExecutor,1024,1024,1,1.9254,1,0
4237,37,CommonToolExecutor,1024,1024,1,1.847,1,0
4238,38,CommonToolExecutor,1024,1024,1,1.9185,1,0
4239,39,CommonToolExecutor,1024,1024,1,1.9116,1,0
4240,40,CommonToolExecutor,1024,1024,1,1.901,1,0
4241,41,CommonToolExecutor,1024,1024,1,1.947,1,0
4242,42,CommonToolExecutor,1024,1024,1,2.814,1,0
4243,43,CommonToolExecutor,1024,1024,1,11.8373,1,0
4244,44,CommonToolExecutor,1024,1024,1,15.4128,1,0
4245,45,CommonToolExecutor,1024,1024,1,15.6094,1,0
4246,46,CommonToolExecutor,1024,1024,1,55.3545,1,0
4247,47,CommonToolExecutor,1024,1024,1,17.1622,1,0
4248,48,CommonToolExecutor,1024,1024,1,48.2616,1,0
4249,49,CommonToolExecutor,1024,1024,1,51.0145,1,0
4250,50,CommonToolExecutor,1024,1024,1,34.9922,1,0
4251,51,CommonToolExecutor,1024,1024,1,14.0752,1,0
4252,52,CommonToolExecutor,1024,1024,1,2.9192,1,0
4253,53,CommonToolExecutor,1024,1024,1,64.2707,1,0
4254,54,CommonToolExecutor,1024,1024,1,17.1878,1,0
4255,55,CommonToolExecutor,1024,1024,1,16.5131,1,0
4256,56,CommonToolExecutor,1024,1024,1,48.6137,1,0
4257,57,CommonToolExecutor,1024,1024,1,5.6177,1,0
4258,58,CommonToolExecutor,1024,1024,1,44.7719,1,0
4259,59,CommonToolExecutor,1024,1024,1,32.1848,1,0
4260,60,CommonToolExecutor,1024,1024,1,18.3379,1,0
4261,61,CommonToolExecutor,1024,1024,1,16.0236,1,0
4262,62,CommonToolExecutor,1024,1024,1,18.1687,1,0
4263,63,CommonToolExecutor,1024,1024,1,13.9571,1,0
4264,64,CommonToolExecutor,1024,1024,1,2.2321,1,0
4265,65,CommonToolExecutor,1024,1024,1,1.9653,1,0
4266,66,CommonToolExecutor,1024,1024,1,2.2406,1,0
4267,67,CommonToolExecutor,1024,1024,1,44.3223,1,0
4268,68,CommonToolExecutor,1024,1024,1,18.0135,1,0
4269,69,CommonToolExecutor,1024,1024,1,32.269,1,0
4270,70,CommonToolExecutor,1024,1024,1,48.5423,1,0
4271,71,CommonToolExecutor,1024,1024,1,50.6554,1,0
4272,72,CommonToolExecutor,1024,1024,1,31.2002,1,0
4273,73,CommonToolExecutor,1024,1024,1,17.8533,1,0
4274,74,CommonToolExecutor,1024,1024,1,34.2462,1,0
4275,75,CommonToolExecutor,1024,1024,1,15.5187,1,0
4276,76,CommonToolExecutor,1024,1024,1,50.2882,1,0
4277,77,CommonToolExecutor,1024,1024,1,16.0542,1,0
4278,78,CommonToolExecutor,1024,1024,1,31.4916,1,0
4279,79,CommonToolExecutor,1024,1024,1,2.8296,1,0
4280,80,CommonToolExecutor,1024,1024,1,34.6429,1,0
4281,81,CommonToolExecutor,1024,1024,1,3.0478,1,0
4282,82,CommonToolExecutor,1024,1024,1,26.5324,1,0
4283,83,CommonToolExecutor,1024,1024,1,34.9295,1,0
4284,84,CommonToolExecutor,1024,1024,1,50.0556,1,0
4285,85,CommonToolExecutor,1024,1024,1,31.4953,1,0
4286,86,CommonToolExecutor,1024,1024,1,16.0731,1,0
4287,87,CommonToolExecutor,1024,1024,1,14.5216,1,0
4288,88,CommonToolExecutor,1024,1024,1,22.4677,1,0
4289,89,CommonToolExecutor,1024,1024,1,15.4688,1,0
4290,90,CommonToolExecutor,1024,1024,1,2.4507,1,0
4291,91,CommonToolExecutor,1024,1024,1,2.299,1,0
4292,92,CommonToolExecutor,1024,1024,1,14.326,1,0
4293,93,CommonToolExecutor,1024,1024,1,2.2072,1,0
4294,94,CommonToolExecutor,1024,1024,1,3.0219,1,0
4295,95,CommonToolExecutor,1024,1024,1,25.1906,1,0
4296,96,CommonToolExecutor,1024,1024,1,49.0191,1,0
4297,97,CommonToolExecutor,1024,1024,1,19.9619,1,0
4298,98,CommonToolExecutor,1024,1024,1,13.8988,1,0
4299,99,CommonToolExecutor,1024,1024,1,15.7737,1,0
4300,0,CommonToolExecutor,1024,1024,1,18.4054,1,0
4301,1,CommonToolExecutor,1024,1024,1,48.5726,1,0
4302,2,CommonToolExecutor,1024,1024,1,18.3923,1,0
4303,3,CommonToolExecutor,1024,1024,1,13.5361,1,0
4304,4,CommonToolExecutor,1024,1024,1,50.187,1,0
4305,5,CommonToolExecutor,1024,1024,1,19.3721,1,0
4306,6,CommonToolExecutor,1024,1024,1,15.3855,1,0
4307,7,CommonToolExecutor,1024,1024,1,49.4402,1,0
4308,8,CommonToolExecutor,1024,1024,1,18.0595,1,0
4309,9,CommonToolExecutor,1024,1024,1,15.392,1,0
4310,10,CommonToolExecutor,1024,1024,1,49.7071,1,0
4311,11,CommonToolExecutor,1024,1024,1,18.0321,1,0
4312,12,CommonToolExecutor,1024,1024,1,2.2377,1,0
4313,13,CommonToolExecutor,1024,1024,1,3.3487,1,0
4314,14,CommonToolExecutor,1024,1024,1,27.7633,1,0
4315,15,CommonToolExecutor,1024,1024,1,2.3713,1,0
4316,16,CommonToolExecutor,1024,1024,1,14.6018,1,0
4317,17,CommonToolExecutor,1024,1024,1,3.1938,1,0
4318,18,CommonToolExecutor,1024,1024,1,12.8312,1,0
4319,19,CommonToolExecutor,1024,1024,1,3.1975,1,0
4320,20,CommonToolExecutor,1024,1024,1,3.162,1,0
4321,21,CommonToolExecutor,1024,1024,1,23.9539,1,0
4322,22,CommonToolExecutor,1024,1024,1,31.6193,1,0
4323,23,CommonToolExecutor,1024,1024,1,3.2439,1,0
4324,24,CommonToolExecutor,1024,1024,1,17.9693,1,0
4325,25,CommonToolExecutor,1024,1024,1,31.3799,1,0
4326,26,CommonToolExecutor,1024,1024,1,17.965,1,0
4327,27,CommonToolExecutor,1024,1024,1,15.8352,1,0
4328,28,CommonToolExecutor,1024,1024,1,33.557,1,0
4329,29,CommonToolExecutor,1024,1024,1,16.2788,1,0
4330,30,CommonToolExecutor,1024,1024,1,14.8651,1,0
4331,31,CommonToolExecutor,1024,1024,1,3.4574,1,0
4332,32,CommonToolExecutor,1024,1024,1,3.5034,1,0
4333,33,CommonToolExecutor,1024,1024,1,12.9946,1,0
4334,34,CommonToolExecutor,1024,1024,1,47.3554,1,0
4335,35,CommonToolExecutor,1024,1024,1,5.0947,1,0
4336,36,CommonToolExecutor,1024,1024,1,27.2775,1,0
4337,37,CommonToolExecutor,1024,1024,1,14.4797,1,0
4338,38,CommonToolExecutor,1024,1024,1,21.3294,1,0
4339,39,CommonToolExecutor,1024,1024,1,15.6143,1,0
4340,40,CommonToolExecutor,1024,1024,1,15.6139,1,0
4341,41,CommonToolExecutor,1024,1024,1,18.5788,1,0
4342,42,CommonToolExecutor,1024,1024,1,15.2175,1,0
4343,43,CommonToolExecutor,1024,1024,1,49.2118,1,0
4344,44,CommonToolExecutor,1024,1024,1,18.7254,1,0
4345,45,CommonToolExecutor,1024,1024,1,2.861,1,0
4346,46,CommonToolExecutor,1024,1024,1,5.2146,1,0
4347,47,CommonToolExecutor,1024,1024,1,7.4077,1,0
4348,48,CommonToolExecutor,1024,1024,1,16.7531,1,0
4349,49,CommonToolExecutor,1024,1024,1,16.6316,1,0
4350,50,CommonToolExecutor,1024,1024,1,3.1778,1,0
4351,51,CommonToolExecutor,1024,1024,1,26.7735,1,0
4352,52,CommonToolExecutor,1024,1024,1,51.9693,1,0
4353,53,CommonToolExecutor,1024,1024,1,17.9565,1,0
4354,54,CommonToolExecutor,1024,1024,1,2.2092,1,0
4355,55,CommonToolExecutor,1024,1024,1,2.9719,1,0
4356,56,CommonToolExecutor,1024,1024,1,3.174,1,0
4357,57,CommonToolExecutor,1024,1024,1,24.1815,1,0
4358,58,CommonToolExecutor,1024,1024,1,16.5676,1,0
4359,59,CommonToolExecutor,1024,1024,1,15.7198,1,0
4360,60,CommonToolExecutor,1024,1024,1,17.8793,1,0
4361,61,CommonToolExecutor,1024,1024,1,30.9625,1,0
4362,62,CommonToolExecutor,1024,1024,1,21.2128,1,0
4363,63,CommonToolExecutor,1024,1024,1,13.2625,1,0
4364,64,CommonToolExecutor,1024,1024,1,48.7118,1,0
4365,65,CommonToolExecutor,1024,1024,1,3.5713,1,0
4366,66,CommonToolExecutor,1024,1024,1,2.0996,1,0
4367,67,CommonToolExecutor,1024,1024,1,12.9825,1,0
4368,68,CommonToolExecutor,1024,1024,1,17.3234,1,0
4369,69,CommonToolExecutor,1024,1024,1,2.8215,1,0
4370,70,CommonToolExecutor,1024,1024,1,45.6523,1,0
4371,71,CommonToolExecutor,1024,1024,1,17.8286,1,0
4372,72,CommonToolExecutor,1024,1024,1,2.2472,1,0
4373,73,CommonToolExecutor,1024,1024,1,14.0954,1,0
4374,74,CommonToolExecutor,1024,1024,1,16.5225,1,0
4375,75,CommonToolExecutor,1024,1024,1,2.343,1,0
4376,76,CommonToolExecutor,1024,1024,1,3.5157,1,0
4377,77,CommonToolExecutor,1024,1024,1,3.5892,1,0
4378,78,CommonToolExecutor,1024,1024,1,22.849,1,0
4379,79,CommonToolExecutor,1024,1024,1,3.6118,1,0
4380,80,CommonToolExecutor,1024,1024,1,13.8194,1,0
4381,81,CommonToolExecutor,1024,1024,1,15.5652,1,0
4382,82,CommonToolExecutor,1024,1024,1,49.1813,1,0
4383,83,CommonToolExecutor,1024,1024,1,17.5684,1,0
4384,84,CommonToolExecutor,1024,1024,1,14.4673,1,0
4385,85,CommonToolExecutor,1024,1024,1,3.5673,1,0
4386,86,CommonToolExecutor,1024,1024,1,16.1407,1,0
4387,87,CommonToolExecutor,1024,1024,1,15.334,1,0
4388,88,CommonToolExecutor,1024,1024,1,3.3678,1,0
4389,89,CommonToolExecutor,1024,1024,1,3.364,1,0
4390,90,CommonToolExecutor,1024,1024,1,26.249,1,0
4391,91,CommonToolExecutor,1024,1024,1,3.2626,1,0
4392,92,CommonToolExecutor,1024,1024,1,13.1607,1,0
4393,93,CommonToolExecutor,1024,1024,1,14.1821,1,0
4394,94,CommonToolExecutor,1024,1024,1,3.7506,1,0
4395,95,CommonToolExecutor,1024,1024,1,3.1925,1,0
4396,96,CommonToolExecutor,1024,1024,1,23.4928,1,0
4397,97,CommonToolExecutor,1024,1024,1,15.5738,1,0
4398,98,CommonToolExecutor,1024,1024,1,3.1726,1,0
4399,99,CommonToolExecutor,1024,1024,1,12.8503,1,0
4400,0,CommonToolExecutor,1024,1024,1,39.7399,1,0
4401,1,CommonToolExecutor,1024,1024,1,17.2549,1,0
4402,2,CommonToolExecutor,1024,1024,1,3.479,1,0
4403,3,CommonToolExecutor,1024,1024,1,3.4358,1,0
4404,4,CommonToolExecutor,1024,1024,1,26.2214,1,0
4405,5,CommonToolExecutor,1024,1024,1,3.481,1,0
4406,6,CommonToolExecutor,1024,1024,1,29.8177,1,0
4407,7,CommonToolExecutor,1024,1024,1,17.2529,1,0
4408,8,CommonToolExecutor,1024,1024,1,3.4498,1,0
4409,9,CommonToolExecutor,1024,1024,1,44.8269,1,0
4410,10,CommonToolExecutor,1024,1024,1,17.3131,1,0
4411,11,CommonToolExecutor,1024,1024,1,17.4522,1,0
4412,12,CommonToolExecutor,1024,1024,1,3.6579,1,0
4413,13,CommonToolExecutor,1024,1024,1,26.6352,1,0
4414,14,CommonToolExecutor,1024,1024,1,20.014,1,0
4415,15,CommonToolExecutor,1024,1024,1,14.5127,1,0
4416,16,CommonToolExecutor,1024,1024,1,17.0668,1,0
4417,17,CommonToolExecutor,1024,1024,1,3.4025,1,0
4418,18,CommonToolExecutor,1024,1024,1,45.7357,1,0
4419,19,CommonToolExecutor,1024,1024,1,17.2592,1,0
4420,20,CommonToolExecutor,1024,1024,1,2.9823,1,0
4421,21,CommonToolExecutor,1024,1024,1,45.0726,1,0
4422,22,CommonToolExecutor,1024,1024,1,18.6463,1,0
4423,23,CommonToolExecutor,1024,1024,1,16.1852,1,0
4424,24,CommonToolExecutor,1024,1024,1,33.1612,1,0
4425,25,CommonToolExecutor,1024,1024,1,17.0467,1,0
4426,26,CommonToolExecutor,1024,1024,1,17.6315,1,0
4427,27,CommonToolExecutor,1024,1024,1,4.6994,1,0
4428,28,CommonToolExecutor,1024,1024,1,11.8927,1,0
4429,29,CommonToolExecutor,1024,1024,1,5.7558,1,0
4430,30,CommonToolExecutor,1024,1024,1,59.5108,1,0
4431,31,CommonToolExecutor,1024,1024,1,16.5967,1,0
4432,32,CommonToolExecutor,1024,1024,1,3.4641,1,0
4433,33,CommonToolExecutor,1024,1024,1,28.5413,1,0
4434,34,CommonToolExecutor,1024,1024,1,15.6585,1,0
4435,35,CommonToolExecutor,1024,1024,1,16.7761,1,0
4436,36,CommonToolExecutor,1024,1024,1,3.6839,1,0
4437,37,CommonToolExecutor,1024,1024,1,16.232,1,0
4438,38,CommonToolExecutor,1024,1024,1,3.2647,1,0
4439,39,CommonToolExecutor,1024,1024,1,27.0093,1,0
4440,40,CommonToolExecutor,1024,1024,1,18.7586,1,0
4441,41,CommonToolExecutor,1024,1024,1,15.9748,1,0
4442,42,CommonToolExecutor,1024,1024,1,13.8367,1,0
4443,43,CommonToolExecutor,1024,1024,1,15.8058,1,0
4444,44,CommonToolExecutor,1024,1024,1,5.2073,1,0
4445,45,CommonToolExecutor,1024,1024,1,48.0215,1,0
4446,46,CommonToolExecutor,1024,1024,1,16.0481,1,0
4447,47,CommonToolExecutor,1024,1024,1,19.9858,1,0
4448,48,CommonToolExecutor,1024,1024,1,13.6416,1,0
4449,49,CommonToolExecutor,1024,1024,1,14.1606,1,0
4450,50,CommonToolExecutor,1024,1024,1,19.7082,1,0
4451,51,CommonToolExecutor,1024,1024,1,48.8298,1,0
4452,52,CommonToolExecutor,1024,1024,1,15.2081,1,0
4453,53,CommonToolExecutor,1024,1024,1,15.9731,1,0
4454,54,CommonToolExecutor,1024,1024,1,21.2489,1,0
4455,55,CommonToolExecutor,1024,1024,1,2.6253,1,0
4456,56,CommonToolExecutor,1024,1024,1,13.848,1,0
4457,57,CommonToolExecutor,1024,1024,1,46.794,1,0
4458,58,CommonToolExecutor,1024,1024,1,16.2347,1,0
4459,59,CommonToolExecutor,1024,1024,1,18.7127,1,0
4460,60,CommonToolExecutor,1024,1024,1,48.4562,1,0
4461,61,CommonToolExecutor,1024,1024,1,2.6548,1,0
4462,62,CommonToolExecutor,1024,1024,1,3.4888,1,0
4463,63,CommonToolExecutor,1024,1024,1,3.0856,1,0
4464,64,CommonToolExecutor,1024,1024,1,24.6299,1,0
4465,65,CommonToolExecutor,1024,1024,1,3.3864,1,0
4466,66,CommonToolExecutor,1024,1024,1,29.0818,1,0
4467,67,CommonToolExecutor,1024,1024,1,2.235,1,0
4468,68,CommonToolExecutor,1024,1024,1,14.9309,1,0
4469,69,CommonToolExecutor,1024,1024,1,46.5956,1,0
4470,70,CommonToolExecutor,1024,1024,1,19.9516,1,0
4471,71,CommonToolExecutor,1024,1024,1,18.9975,1,0
4472,72,CommonToolExecutor,1024,1024,1,15.7222,1,0
4473,73,CommonToolExecutor,1024,1024,1,14.6143,1,0
4474,74,CommonToolExecutor,1024,1024,1,18.2315,1,0
4475,75,CommonToolExecutor,1024,1024,1,30.5273,1,0
4476,76,CommonToolExecutor,1024,1024,1,2.3519,1,0
4477,77,CommonToolExecutor,1024,1024,1,3.428,1,0
4478,78,CommonToolExecutor,1024,1024,1,3.2146,1,0
4479,79,CommonToolExecutor,1024,1024,1,2.3744,1,0
4480,80,CommonToolExecutor,1024,1024,1,3.2825,1,0
4481,81,CommonToolExecutor,1024,1024,1,51.7447,1,0
4482,82,CommonToolExecutor,1024,1024,1,16.0537,1,0
4483,83,CommonToolExecutor,1024,1024,1,16.2566,1,0
4484,84,CommonToolExecutor,1024,1024,1,34.5756,1,0
4485,85,CommonToolExecutor,1024,1024,1,2.9174,1,0
4486,86,CommonToolExecutor,1024,1024,1,4.1005,1,0
4487,87,CommonToolExecutor,1024,1024,1,26.1553,1,0
4488,88,CommonToolExecutor,1024,1024,1,17.1186,1,0
4489,89,CommonToolExecutor,1024,1024,1,19.1656,1,0
4490,90,CommonToolExecutor,1024,1024,1,13.5929,1,0
4491,91,CommonToolExecutor,1024,1024,1,17.0343,1,0
4492,92,CommonToolExecutor,1024,1024,1,4.0916,1,0
4493,93,CommonToolExecutor,1024,1024,1,45.184,1,0
4494,94,CommonToolExecutor,1024,1024,1,16.5627,1,0
4495,95,CommonToolExecutor,1024,1024,1,4.0597,1,0
4496,96,CommonToolExecutor,1024,1024,1,45.5762,1,0
4497,97,CommonToolExecutor,1024,1024,1,17.3166,1,0
4498,98,CommonToolExecutor,1024,1024,1,16.1526,1,0
4499,99,CommonToolExecutor,1024,1024,1,49.6616,1,0
4500,0,CommonToolExecutor,1024,1024,1,2.5176,1,0
4501,1,CommonToolExecutor,1024,1024,1,14.696,1,0
4502,2,CommonToolExecutor,1024,1024,1,2.1384,1,0
4503,3,CommonToolExecutor,1024,1024,1,1.8568,1,0
4504,4,CommonToolExecutor,1024,1024,1,1.8581,1,0
4505,5,CommonToolExecutor,1024,1024,1,1.792,1,0
4506,6,CommonToolExecutor,1024,1024,1,25.2485,1,0
4507,7,CommonToolExecutor,1024,1024,1,17.171,1,0
4508,8,CommonToolExecutor,1024,1024,1,2.272,1,0
4509,9,CommonToolExecutor,1024,1024,1,2.0105,1,0
4510,10,CommonToolExecutor,1024,1024,1,2.0933,1,0
4511,11,CommonToolExecutor,1024,1024,1,26.4487,1,0
4512,12,CommonToolExecutor,1024,1024,1,2.5751,1,0
4513,13,CommonToolExecutor,1024,1024,1,13.4893,1,0
4514,14,CommonToolExecutor,1024,1024,1,16.8351,1,0
4515,15,CommonToolExecutor,1024,1024,1,2.1633,1,0
4516,16,CommonToolExecutor,1024,1024,1,14.5945,1,0
4517,17,CommonToolExecutor,1024,1024,1,2.4007,1,0
4518,18,CommonToolExecutor,1024,1024,1,2.3108,1,0
4519,19,CommonToolExecutor,1024,1024,1,26.0916,1,0
4520,20,CommonToolExecutor,1024,1024,1,15.704,1,0
4521,21,CommonToolExecutor,1024,1024,1,2.257,1,0
4522,22,CommonToolExecutor,1024,1024,1,2.1268,1,0
4523,23,CommonToolExecutor,1024,1024,1,14.9529,1,0
4524,24,CommonToolExecutor,1024,1024,1,2.2512,1,0
4525,25,CommonToolExecutor,1024,1024,1,14.5472,1,0
4526,26,CommonToolExecutor,1024,1024,1,16.6517,1,0
4527,27,CommonToolExecutor,1024,1024,1,16.2901,1,0
4528,28,CommonToolExecutor,1024,1024,1,16.7589,1,0
4529,29,CommonToolExecutor,1024,1024,1,15.0672,1,0
4530,30,CommonToolExecutor,1024,1024,1,2.3092,1,0
4531,31,CommonToolExecutor,1024,1024,1,1.8973,1,0
4532,32,CommonToolExecutor,1024,1024,1,1.8569,1,0
4533,33,CommonToolExecutor,1024,1024,1,1.7544,1,0
4534,34,CommonToolExecutor,1024,1024,1,26.664,1,0
4535,35,CommonToolExecutor,1024,1024,1,16.6199,1,0
4536,36,CommonToolExecutor,1024,1024,1,16.5959,1,0
4537,37,CommonToolExecutor,1024,1024,1,4.7587,1,0
4538,38,CommonToolExecutor,1024,1024,1,13.1761,1,0
4539,39,CommonToolExecutor,1024,1024,1,15.3067,1,0
4540,40,CommonToolExecutor,1024,1024,1,14.4634,1,0
4541,41,CommonToolExecutor,1024,1024,1,2.1225,1,0
4542,42,CommonToolExecutor,1024,1024,1,2.0036,1,0
4543,43,CommonToolExecutor,1024,1024,1,2.3116,1,0
4544,44,CommonToolExecutor,1024,1024,1,23.5969,1,0
4545,45,CommonToolExecutor,1024,1024,1,15.439,1,0
4546,46,CommonToolExecutor,1024,1024,1,2.4055,1,0
4547,47,CommonToolExecutor,1024,1024,1,2.2533,1,0
4548,48,CommonToolExecutor,1024,1024,1,17.6399,1,0
4549,49,CommonToolExecutor,1024,1024,1,16.5263,1,0
4550,50,CommonToolExecutor,1024,1024,1,16.87,1,0
4551,51,CommonToolExecutor,1024,1024,1,16.0187,1,0
4552,52,CommonToolExecutor,1024,1024,1,2.533,1,0
4553,53,CommonToolExecutor,1024,1024,1,2.5884,1,0
4554,54,CommonToolExecutor,1024,1024,1,24.9599,1,0
4555,55,CommonToolExecutor,1024,1024,1,23.0539,1,0
4556,56,CommonToolExecutor,1024,1024,1,12.7245,1,0
4557,57,CommonToolExecutor,1024,1024,1,2.1597,1,0
4558,58,CommonToolExecutor,1024,1024,1,15.4345,1,0
4559,59,CommonToolExecutor,1024,1024,1,14.6459,1,0
4560,60,CommonToolExecutor,1024,1024,1,15.2342,1,0
4561,61,CommonToolExecutor,1024,1024,1,2.0613,1,0
4562,62,CommonToolExecutor,1024,1024,1,2.3716,1,0
4563,63,CommonToolExecutor,1024,1024,1,16.1273,1,0
4564,64,CommonToolExecutor,1024,1024,1,14.5229,1,0
4565,65,CommonToolExecutor,1024,1024,1,2.1459,1,0
4566,66,CommonToolExecutor,1024,1024,1,15.8343,1,0
4567,67,CommonToolExecutor,1024,1024,1,15.5364,1,0
4568,68,CommonToolExecutor,1024,1024,1,4.5717,1,0
4569,69,CommonToolExecutor,1024,1024,1,3.5319,1,0
4570,70,CommonToolExecutor,1024,1024,1,2.1174,1,0
4571,71,CommonToolExecutor,1024,1024,1,20.2141,1,0
4572,72,CommonToolExecutor,1024,1024,1,20.3894,1,0
4573,73,CommonToolExecutor,1024,1024,1,2.2855,1,0
4574,74,CommonToolExecutor,1024,1024,1,2.0146,1,0
4575,75,CommonToolExecutor,1024,1024,1,13.0833,1,0
4576,76,CommonToolExecutor,1024,1024,1,2.8715,1,0
4577,77,CommonToolExecutor,1024,1024,1,3.675,1,0
4578,78,CommonToolExecutor,1024,1024,1,25.6802,1,0
4579,79,CommonToolExecutor,1024,1024,1,16.3987,1,0
4580,80,CommonToolExecutor,1024,1024,1,17.1227,1,0
4581,81,CommonToolExecutor,1024,1024,1,16.1364,1,0
4582,82,CommonToolExecutor,1024,1024,1,16.8299,1,0
4583,83,CommonToolExecutor,1024,1024,1,15.8479,1,0
4584,84,CommonToolExecutor,1024,1024,1,15.6582,1,0
4585,85,CommonToolExecutor,1024,1024,1,2.2784,1,0
4586,86,CommonToolExecutor,1024,1024,1,2.1333,1,0
4587,87,CommonToolExecutor,1024,1024,1,1.8296,1,0
4588,88,CommonToolExecutor,1024,1024,1,1.9258,1,0
4589,89,CommonToolExecutor,1024,1024,1,1.9664,1,0
4590,90,CommonToolExecutor,1024,1024,1,1.8229,1,0
4591,91,CommonToolExecutor,1024,1024,1,1.8504,1,0
4592,92,CommonToolExecutor,1024,1024,1,1.8764,1,0
4593,93,CommonToolExecutor,1024,1024,1,1.9984,1,0
4594,94,CommonToolExecutor,1024,1024,1,1.8753,1,0
4595,95,CommonToolExecutor,1024,1024,1,1.8104,1,0
4596,96,CommonToolExecutor,1024,1024,1,1.7601,1,0
4597,97,CommonToolExecutor,1024,1024,1,1.7427,1,0
4598,98,CommonToolExecutor,1024,1024,1,1.7975,1,0
4599,99,CommonToolExecutor,1024,1024,1,1.8183,1,0
4600,0,CommonToolExecutor,1024,1024,1,3.2257,1,0
4601,1,CommonToolExecutor,1024,1024,1,35.0348,1,0
4602,2,CommonToolExecutor,1024,1024,1,3.3845,1,0
4603,3,CommonToolExecutor,1024,1024,1,29.2051,1,0
4604,4,CommonToolExecutor,1024,1024,1,3.4303,1,0
4605,5,CommonToolExecutor,1024,1024,1,29.736,1,0
4606,6,CommonToolExecutor,1024,1024,1,4.2224,1,0
4607,7,CommonToolExecutor,1024,1024,1,46.0424,1,0
4608,8,CommonToolExecutor,1024,1024,1,16.9813,1,0
4609,9,CommonToolExecutor,1024,1024,1,31.8622,1,0
4610,10,CommonToolExecutor,1024,1024,1,33.7324,1,0
4611,11,CommonToolExecutor,1024,1024,1,30.5165,1,0
4612,12,CommonToolExecutor,1024,1024,1,2.9821,1,0
4613,13,CommonToolExecutor,1024,1024,1,33.8571,1,0
4614,14,CommonToolExecutor,1024,1024,1,31.2696,1,0
4615,15,CommonToolExecutor,1024,1024,1,3.0572,1,0
4616,16,CommonToolExecutor,1024,1024,1,2.867,1,0
4617,17,CommonToolExecutor,1024,1024,1,61.1258,1,0
4618,18,CommonToolExecutor,1024,1024,1,50.1497,1,0
4619,19,CommonToolExecutor,1024,1024,1,3.2057,1,0
4620,20,CommonToolExecutor,1024,1024,1,2.6458,1,0
4621,21,CommonToolExecutor,1024,1024,1,43.9434,1,0
4622,22,CommonToolExecutor,1024,1024,1,34.4154,1,0
4623,23,CommonToolExecutor,1024,1024,1,49.3521,1,0
4624,24,CommonToolExecutor,1024,1024,1,19.8106,1,0
4625,25,CommonToolExecutor,1024,1024,1,30.7934,1,0
4626,26,CommonToolExecutor,1024,1024,1,45.4467,1,0
4627,27,CommonToolExecutor,1024,1024,1,51.963,1,0
4628,28,CommonToolExecutor,1024,1024,1,34.821,1,0
4629,29,CommonToolExecutor,1024,1024,1,49.217,1,0
4630,30,CommonToolExecutor,1024,1024,1,16.7808,1,0
4631,31,CommonToolExecutor,1024,1024,1,50.1812,1,0
4632,32,CommonToolExecutor,1024,1024,1,3.211,1,0
4633,33,CommonToolExecutor,1024,1024,1,46.9302,1,0
4634,34,CommonToolExecutor,1024,1024,1,3.1838,1,0
4635,35,CommonToolExecutor,1024,1024,1,29.8255,1,0
4636,36,CommonToolExecutor,1024,1024,1,45.968,1,0
4637,37,CommonToolExecutor,1024,1024,1,17.8975,1,0
4638,38,CommonToolExecutor,1024,1024,1,14.6539,1,0
4639,39,CommonToolExecutor,1024,1024,1,52.9604,1,0
4640,40,CommonToolExecutor,1024,1024,1,48.0015,1,0
4641,41,CommonToolExecutor,1024,1024,1,35.1474,1,0
4642,42,CommonToolExecutor,1024,1024,1,36.0826,1,0
4643,43,CommonToolExecutor,1024,1024,1,45.4884,1,0
4644,44,CommonToolExecutor,1024,1024,1,38.1389,1,0
4645,45,CommonToolExecutor,1024,1024,1,16.7786,1,0
4646,46,CommonToolExecutor,1024,1024,1,48.8533,1,0
4647,47,CommonToolExecutor,1024,1024,1,4.0248,1,0
4648,48,CommonToolExecutor,1024,1024,1,45.4529,1,0
4649,49,CommonToolExecutor,1024,1024,1,33.0627,1,0
4650,50,CommonToolExecutor,1024,1024,1,49.856,1,0
4651,51,CommonToolExecutor,1024,1024,1,46.9669,1,0
4652,52,CommonToolExecutor,1024,1024,1,30.72,1,0
4653,53,CommonToolExecutor,1024,1024,1,21.4981,1,0
4654,54,CommonToolExecutor,1024,1024,1,48.9102,1,0
4655,55,CommonToolExecutor,1024,1024,1,51.1433,1,0
4656,56,CommonToolExecutor,1024,1024,1,46.1956,1,0
4657,57,CommonToolExecutor,1024,1024,1,37.286,1,0
4658,58,CommonToolExecutor,1024,1024,1,49.758,1,0
4659,59,CommonToolExecutor,1024,1024,1,32.7379,1,0
4660,60,CommonToolExecutor,1024,1024,1,3.6252,1,0
4661,61,CommonToolExecutor,1024,1024,1,46.1026,1,0
4662,62,CommonToolExecutor,1024,1024,1,48.3574,1,0
4663,63,CommonToolExecutor,1024,1024,1,34.8943,1,0
4664,64,CommonToolExecutor,1024,1024,1,34.8885,1,0
4665,65,CommonToolExecutor,1024,1024,1,31.9561,1,0
4666,66,CommonToolExecutor,1024,1024,1,33.8194,1,0
4667,67,CommonToolExecutor,1024,1024,1,3.064,1,0
4668,68,CommonToolExecutor,1024,1024,1,46.1547,1,0
4669,69,CommonToolExecutor,1024,1024,1,15.7875,1,0
4670,70,CommonToolExecutor,1024,1024,1,3.0263,1,0
4671,71,CommonToolExecutor,1024,1024,1,47.3809,1,0
4672,72,CommonToolExecutor,1024,1024,1,34.1428,1,0
4673,73,CommonToolExecutor,1024,1024,1,44.8847,1,0
4674,74,CommonToolExecutor,1024,1024,1,54.633,1,0
4675,75,CommonToolExecutor,1024,1024,1,48.7682,1,0
4676,76,CommonToolExecutor,1024,1024,1,16.5472,1,0
4677,77,CommonToolExecutor,1024,1024,1,33.3887,1,0
4678,78,CommonToolExecutor,1024,1024,1,35.1875,1,0
4679,79,CommonToolExecutor,1024,1024,1,45.693,1,0
4680,80,CommonToolExecutor,1024,1024,1,37.6244,1,0
4681,81,CommonToolExecutor,1024,1024,1,29.3681,1,0
4682,82,CommonToolExecutor,1024,1024,1,52.2406,1,0
4683,83,CommonToolExecutor,1024,1024,1,33.8379,1,0
4684,84,CommonToolExecutor,1024,1024,1,49.9339,1,0
4685,85,CommonToolExecutor,1024,1024,1,50.0654,1,0
4686,86,CommonToolExecutor,1024,1024,1,32.812,1,0
4687,87,CommonToolExecutor,1024,1024,1,47.6839,1,0
4688,88,CommonToolExecutor,1024,1024,1,35.0686,1,0
4689,89,CommonToolExecutor,1024,1024,1,34.2365,1,0
4690,90,CommonToolExecutor,1024,1024,1,49.2169,1,0
4691,91,CommonToolExecutor,1024,1024,1,15.8467,1,0
4692,92,CommonToolExecutor,1024,1024,1,49.5489,1,0
4693,93,CommonToolExecutor,1024,1024,1,31.9007,1,0
4694,94,CommonToolExecutor,1024,1024,1,36.7184,1,0
4695,95,CommonToolExecutor,1024,1024,1,3.2432,1,0
4696,96,CommonToolExecutor,1024,1024,1,28.6837,1,0
4697,97,CommonToolExecutor,1024,1024,1,33.0481,1,0
4698,98,CommonToolExecutor,1024,1024,1,33.366,1,0
4699,99,CommonToolExecutor,1024,1024,1,50.4911,1,0
4700,0,CommonToolExecutor,1024,1024,1,4.3564,1,0
4701,1,CommonToolExecutor,1024,1024,1,45.9106,1,0
4702,2,CommonToolExecutor,1024,1024,1,49.8342,1,0
4703,3,CommonToolExecutor,1024,1024,1,16.1468,1,0
4704,4,CommonToolExecutor,1024,1024,1,14.708,1,0
4705,5,CommonToolExecutor,1024,1024,1,2.2136,1,0
4706,6,CommonToolExecutor,1024,1024,1,32.2831,1,0
4707,7,CommonToolExecutor,1024,1024,1,18.0732,1,0
4708,8,CommonToolExecutor,1024,1024,1,15.8071,1,0
4709,9,CommonToolExecutor,1024,1024,1,3.5877,1,0
4710,10,CommonToolExecutor,1024,1024,1,12.9388,1,0
4711,11,CommonToolExecutor,1024,1024,1,16.6235,1,0
4712,12,CommonToolExecutor,1024,1024,1,16.7644,1,0
4713,13,CommonToolExecutor,1024,1024,1,15.808,1,0
4714,14,CommonToolExecutor,1024,1024,1,16.994,1,0
4715,15,CommonToolExecutor,1024,1024,1,16.6206,1,0
4716,16,CommonToolExecutor,1024,1024,1,2.1477,1,0
4717,17,CommonToolExecutor,1024,1024,1,2.0568,1,0
4718,18,CommonToolExecutor,1024,1024,1,26.5066,1,0
4719,19,CommonToolExecutor,1024,1024,1,19.881,1,0
4720,20,CommonToolExecutor,1024,1024,1,45.3267,1,0
4721,21,CommonToolExecutor,1024,1024,1,20.8159,1,0
4722,22,CommonToolExecutor,1024,1024,1,15.9859,1,0
4723,23,CommonToolExecutor,1024,1024,1,4.3328,1,0
4724,24,CommonToolExecutor,1024,1024,1,26.3729,1,0
4725,25,CommonToolExecutor,1024,1024,1,19.021,1,0
4726,26,CommonToolExecutor,1024,1024,1,16.6537,1,0
4727,27,CommonToolExecutor,1024,1024,1,33.0808,1,0
4728,28,CommonToolExecutor,1024,1024,1,17.4772,1,0
4729,29,CommonToolExecutor,1024,1024,1,2.2807,1,0
4730,30,CommonToolExecutor,1024,1024,1,46.668,1,0
4731,31,CommonToolExecutor,1024,1024,1,18.1333,1,0
4732,32,CommonToolExecutor,1024,1024,1,15.4868,1,0
4733,33,CommonToolExecutor,1024,1024,1,2.3706,1,0
4734,34,CommonToolExecutor,1024,1024,1,13.9434,1,0
4735,35,CommonToolExecutor,1024,1024,1,29.8651,1,0
4736,36,CommonToolExecutor,1024,1024,1,37.467,1,0
4737,37,CommonToolExecutor,1024,1024,1,2.5561,1,0
4738,38,CommonToolExecutor,1024,1024,1,13.8609,1,0
4739,39,CommonToolExecutor,1024,1024,1,2.1533,1,0
4740,40,CommonToolExecutor,1024,1024,1,2.0945,1,0
4741,41,CommonToolExecutor,1024,1024,1,44.2558,1,0
4742,42,CommonToolExecutor,1024,1024,1,46.9134,1,0
4743,43,CommonToolExecutor,1024,1024,1,30.3238,1,0
4744,44,CommonToolExecutor,1024,1024,1,23.1628,1,0
4745,45,CommonToolExecutor,1024,1024,1,15.9299,1,0
4746,46,CommonToolExecutor,1024,1024,1,30.6136,1,0
4747,47,CommonToolExecutor,1024,1024,1,36.0876,1,0
4748,48,CommonToolExecutor,1024,1024,1,47.5407,1,0
4749,49,CommonToolExecutor,1024,1024,1,35.6967,1,0
4750,50,CommonToolExecutor,1024,1024,1,34.3179,1,0
4751,51,CommonToolExecutor,1024,1024,1,15.9367,1,0
4752,52,CommonToolExecutor,1024,1024,1,32.9326,1,0
4753,53,CommonToolExecutor,1024,1024,1,2.4837,1,0
4754,54,CommonToolExecutor,1024,1024,1,47.4283,1,0
4755,55,CommonToolExecutor,1024,1024,1,16.996,1,0
4756,56,CommonToolExecutor,1024,1024,1,16.7778,1,0
4757,57,CommonToolExecutor,1024,1024,1,49.108,1,0
4758,58,CommonToolExecutor,1024,1024,1,50.5423,1,0
4759,59,CommonToolExecutor,1024,1024,1,30.7683,1,0
4760,60,CommonToolExecutor,1024,1024,1,20.2225,1,0
4761,61,CommonToolExecutor,1024,1024,1,30.6872,1,0
4762,62,CommonToolExecutor,1024,1024,1,34.4975,1,0
4763,63,CommonToolExecutor,1024,1024,1,6.2199,1,0
4764,64,CommonToolExecutor,1024,1024,1,29.5382,1,0
4765,65,CommonToolExecutor,1024,1024,1,3.5372,1,0
4766,66,CommonToolExecutor,1024,1024,1,12.8157,1,0
4767,67,CommonToolExecutor,1024,1024,1,48.3435,1,0
4768,68,CommonToolExecutor,1024,1024,1,48.5359,1,0
4769,69,CommonToolExecutor,1024,1024,1,48.619,1,0
4770,70,CommonToolExecutor,1024,1024,1,49.4818,1,0
4771,71,CommonToolExecutor,1024,1024,1,5.4462,1,0
4772,72,CommonToolExecutor,1024,1024,1,30.1826,1,0
4773,73,CommonToolExecutor,1024,1024,1,32.1049,1,0
4774,74,CommonToolExecutor,1024,1024,1,14.7692,1,0
4775,75,CommonToolExecutor,1024,1024,1,2.7511,1,0
4776,76,CommonToolExecutor,1024,1024,1,2.0347,1,0
4777,77,CommonToolExecutor,1024,1024,1,25.818,1,0
4778,78,CommonToolExecutor,1024,1024,1,2.406,1,0
4779,79,CommonToolExecutor,1024,1024,1,18.7284,1,0
4780,80,CommonToolExecutor,1024,1024,1,33.3618,1,0
4781,81,CommonToolExecutor,1024,1024,1,17.6938,1,0
4782,82,CommonToolExecutor,1024,1024,1,2.3273,1,0
4783,83,CommonToolExecutor,1024,1024,1,4.9611,1,0
4784,84,CommonToolExecutor,1024,1024,1,25.0726,1,0
4785,85,CommonToolExecutor,1024,1024,1,16.1109,1,0
4786,86,CommonToolExecutor,1024,1024,1,16.6072,1,0
4787,87,CommonToolExecutor,1024,1024,1,33.153,1,0
4788,88,CommonToolExecutor,1024,1024,1,2.5329,1,0
4789,89,CommonToolExecutor,1024,1024,1,14.2325,1,0
4790,90,CommonToolExecutor,1024,1024,1,3.6014,1,0
4791,91,CommonToolExecutor,1024,1024,1,44.0775,1,0
4792,92,CommonToolExecutor,1024,1024,1,51.5844,1,0
4793,93,CommonToolExecutor,1024,1024,1,49.8142,1,0
4794,94,CommonToolExecutor,1024,1024,1,3.732,1,0
4795,95,CommonToolExecutor,1024,1024,1,30.675,1,0
4796,96,CommonToolExecutor,1024,1024,1,15.751,1,0
4797,97,CommonToolExecutor,1024,1024,1,3.0958,1,0
4798,98,CommonToolExecutor,1024,1024,1,27.5736,1,0
4799,99,CommonToolExecutor,1024,1024,1,2.1274,1,0
4800,0,CommonToolExecutor,1024,1024,1,2.016,1,0
4801,1,CommonToolExecutor,1024,1024,1,31.8491,1,0
4802,2,CommonToolExecutor,1024,1024,1,18.0506,1,0
4803,3,CommonToolExecutor,1024,1024,1,13.866,1,0
4804,4,CommonToolExecutor,1024,1024,1,17.2314,1,0
4805,5,CommonToolExecutor,1024,1024,1,17.9741,1,0
4806,6,CommonToolExecutor,1024,1024,1,1.9139,1,0
4807,7,CommonToolExecutor,1024,1024,1,13.407,1,0
4808,8,CommonToolExecutor,1024,1024,1,17.0515,1,0
4809,9,CommonToolExecutor,1024,1024,1,16.2585,1,0
4810,10,CommonToolExecutor,1024,1024,1,30.0428,1,0
4811,11,CommonToolExecutor,1024,1024,1,20.9875,1,0
4812,12,CommonToolExecutor,1024,1024,1,2.378,1,0
4813,13,CommonToolExecutor,1024,1024,1,3.0174,1,0
4814,14,CommonToolExecutor,1024,1024,1,25.8941,1,0
4815,15,CommonToolExecutor,1024,1024,1,14.0671,1,0
4816,16,CommonToolExecutor,1024,1024,1,14.4508,1,0
4817,17,CommonToolExecutor,1024,1024,1,16.8714,1,0
4818,18,CommonToolExecutor,1024,1024,1,2.2658,1,0
4819,19,CommonToolExecutor,1024,1024,1,3.5301,1,0
4820,20,CommonToolExecutor,1024,1024,1,16.5023,1,0
4821,21,CommonToolExecutor,1024,1024,1,16.3074,1,0
4822,22,CommonToolExecutor,1024,1024,1,33.5749,1,0
4823,23,CommonToolExecutor,1024,1024,1,3.9564,1,0
4824,24,CommonToolExecutor,1024,1024,1,12.262,1,0
4825,25,CommonToolExecutor,1024,1024,1,32.5712,1,0
4826,26,CommonToolExecutor,1024,1024,1,18.6653,1,0
4827,27,CommonToolExecutor,1024,1024,1,15.1153,1,0
4828,28,CommonToolExecutor,1024,1024,1,31.8489,1,0
4829,29,CommonToolExecutor,1024,1024,1,18.7636,1,0
4830,30,CommonToolExecutor,1024,1024,1,2.1753,1,0
4831,31,CommonToolExecutor,1024,1024,1,30.3391,1,0
4832,32,CommonToolExecutor,1024,1024,1,17.3262,1,0
4833,33,CommonToolExecutor,1024,1024,1,14.0159,1,0
4834,34,CommonToolExecutor,1024,1024,1,49.278,1,0
4835,35,CommonToolExecutor,1024,1024,1,3.6982,1,0
4836,36,CommonToolExecutor,1024,1024,1,16.1532,1,0
4837,37,CommonToolExecutor,1024,1024,1,30.0065,1,0
4838,38,CommonToolExecutor,1024,1024,1,16.6717,1,0
4839,39,CommonToolExecutor,1024,1024,1,3.2283,1,0
4840,40,CommonToolExecutor,1024,1024,1,46.9994,1,0
4841,41,CommonToolExecutor,1024,1024,1,17.1222,1,0
4842,42,CommonToolExecutor,1024,1024,1,13.8638,1,0
4843,43,CommonToolExecutor,1024,1024,1,3.8797,1,0
4844,44,CommonToolExecutor,1024,1024,1,5.3665,1,0
4845,45,CommonToolExecutor,1024,1024,1,12.0756,1,0
4846,46,CommonToolExecutor,1024,1024,1,30.657,1,0
4847,47,CommonToolExecutor,1024,1024,1,16.6764,1,0
4848,48,CommonToolExecutor,1024,1024,1,2.2982,1,0
4849,49,CommonToolExecutor,1024,1024,1,42.8408,1,0
4850,50,CommonToolExecutor,1024,1024,1,3.5183,1,0
4851,51,CommonToolExecutor,1024,1024,1,20.3227,1,0
4852,52,CommonToolExecutor,1024,1024,1,47.9246,1,0
4853,53,CommonToolExecutor,1024,1024,1,3.4682,1,0
4854,54,CommonToolExecutor,1024,1024,1,27.4223,1,0
4855,55,CommonToolExecutor,1024,1024,1,36.7641,1,0
4856,56,CommonToolExecutor,1024,1024,1,18.5371,1,0
4857,57,CommonToolExecutor,1024,1024,1,3.1575,1,0
4858,58,CommonToolExecutor,1024,1024,1,28.2473,1,0
4859,59,CommonToolExecutor,1024,1024,1,3.4196,1,0
4860,60,CommonToolExecutor,1024,1024,1,12.4512,1,0
4861,61,CommonToolExecutor,1024,1024,1,49.3545,1,0
4862,62,CommonToolExecutor,1024,1024,1,18.8131,1,0
4863,63,CommonToolExecutor,1024,1024,1,14.6226,1,0
4864,64,CommonToolExecutor,1024,1024,1,46.1315,1,0
4865,65,CommonToolExecutor,1024,1024,1,21.338,1,0
4866,66,CommonToolExecutor,1024,1024,1,15.4309,1,0
4867,67,CommonToolExecutor,1024,1024,1,15.4668,1,0
4868,68,CommonToolExecutor,1024,1024,1,18.8445,1,0
4869,69,CommonToolExecutor,1024,1024,1,2.2497,1,0
4870,70,CommonToolExecutor,1024,1024,1,45.1504,1,0
4871,71,CommonToolExecutor,1024,1024,1,3.9468,1,0
4872,72,CommonToolExecutor,1024,1024,1,14.0895,1,0
4873,73,CommonToolExecutor,1024,1024,1,16.5041,1,0
4874,74,CommonToolExecutor,1024,1024,1,3.0812,1,0
4875,75,CommonToolExecutor,1024,1024,1,12.3479,1,0
4876,76,CommonToolExecutor,1024,1024,1,35.0219,1,0
4877,77,CommonToolExecutor,1024,1024,1,18.896,1,0
4878,78,CommonToolExecutor,1024,1024,1,2.8181,1,0
4879,79,CommonToolExecutor,1024,1024,1,3.0428,1,0
4880,80,CommonToolExecutor,1024,1024,1,2.9959,1,0
4881,81,CommonToolExecutor,1024,1024,1,2.1465,1,0
4882,82,CommonToolExecutor,1024,1024,1,51.9617,1,0
4883,83,CommonToolExecutor,1024,1024,1,3.208,1,0
4884,84,CommonToolExecutor,1024,1024,1,13.066,1,0
4885,85,CommonToolExecutor,1024,1024,1,33.7624,1,0
4886,86,CommonToolExecutor,1024,1024,1,18.5798,1,0
4887,87,CommonToolExecutor,1024,1024,1,13.7404,1,0
4888,88,CommonToolExecutor,1024,1024,1,50.6081,1,0
4889,89,CommonToolExecutor,1024,1024,1,16.9373,1,0
4890,90,CommonToolExecutor,1024,1024,1,14.9015,1,0
4891,91,CommonToolExecutor,1024,1024,1,29.7715,1,0
4892,92,CommonToolExecutor,1024,1024,1,24.11,1,0
4893,93,CommonToolExecutor,1024,1024,1,13.696,1,0
4894,94,CommonToolExecutor,1024,1024,1,30.941,1,0
4895,95,CommonToolExecutor,1024,1024,1,21.5937,1,0
4896,96,CommonToolExecutor,1024,1024,1,5.3937,1,0
4897,97,CommonToolExecutor,1024,1024,1,4.4853,1,0
4898,98,CommonToolExecutor,1024,1024,1,22.2761,1,0
4899,99,CommonToolExecutor,1024,1024,1,13.644,1,0
4900,0,CommonToolExecutor,1024,1024,1,3.8442,1,0
4901,1,CommonToolExecutor,1024,1024,1,2.2828,1,0
4902,2,CommonToolExecutor,1024,1024,1,25.5556,1,0
4903,3,CommonToolExecutor,1024,1024,1,52.4571,1,0
4904,4,CommonToolExecutor,1024,1024,1,16.916,1,0
4905,5,CommonToolExecutor,1024,1024,1,19.8798,1,0
4906,6,CommonToolExecutor,1024,1024,1,12.7359,1,0
4907,7,CommonToolExecutor,1024,1024,1,17.6993,1,0
4908,8,CommonToolExecutor,1024,1024,1,3.5855,1,0
4909,9,CommonToolExecutor,1024,1024,1,15.5984,1,0
4910,10,CommonToolExecutor,1024,1024,1,13.5954,1,0
4911,11,CommonToolExecutor,1024,1024,1,17.7947,1,0
4912,12,CommonToolExecutor,1024,1024,1,3.4394,1,0
4913,13,CommonToolExecutor,1024,1024,1,13.2031,1,0
4914,14,CommonToolExecutor,1024,1024,1,17.8644,1,0
4915,15,CommonToolExecutor,1024,1024,1,46.973,1,0
4916,16,CommonToolExecutor,1024,1024,1,15.8009,1,0
4917,17,CommonToolExecutor,1024,1024,1,19.4754,1,0
4918,18,CommonToolExecutor,1024,1024,1,46.9171,1,0
4919,19,CommonToolExecutor,1024,1024,1,15.4506,1,0
4920,20,CommonToolExecutor,1024,1024,1,3.2478,1,0
4921,21,CommonToolExecutor,1024,1024,1,48.4111,1,0
4922,22,CommonToolExecutor,1024,1024,1,2.1578,1,0
4923,23,CommonToolExecutor,1024,1024,1,3.0919,1,0
4924,24,CommonToolExecutor,1024,1024,1,26.9125,1,0
4925,25,CommonToolExecutor,1024,1024,1,13.9843,1,0
4926,26,CommonToolExecutor,1024,1024,1,22.0699,1,0
4927,27,CommonToolExecutor,1024,1024,1,15.8518,1,0
4928,28,CommonToolExecutor,1024,1024,1,16.2537,1,0
4929,29,CommonToolExecutor,1024,1024,1,16.7054,1,0
4930,30,CommonToolExecutor,1024,1024,1,29.3663,1,0
4931,31,CommonToolExecutor,1024,1024,1,2.6669,1,0
4932,32,CommonToolExecutor,1024,1024,1,3.38,1,0
4933,33,CommonToolExecutor,1024,1024,1,16.1724,1,0
4934,34,CommonToolExecutor,1024,1024,1,13.3375,1,0
4935,35,CommonToolExecutor,1024,1024,1,3.1904,1,0
4936,36,CommonToolExecutor,1024,1024,1,33.3175,1,0
4937,37,CommonToolExecutor,1024,1024,1,13.6018,1,0
4938,38,CommonToolExecutor,1024,1024,1,16.1851,1,0
4939,39,CommonToolExecutor,1024,1024,1,17.5254,1,0
4940,40,CommonToolExecutor,1024,1024,1,15.6507,1,0
4941,41,CommonToolExecutor,1024,1024,1,19.586,1,0
4942,42,CommonToolExecutor,1024,1024,1,15.3296,1,0
4943,43,CommonToolExecutor,1024,1024,1,16.1902,1,0
4944,44,CommonToolExecutor,1024,1024,1,16.0253,1,0
4945,45,CommonToolExecutor,1024,1024,1,33.8042,1,0
4946,46,CommonToolExecutor,1024,1024,1,15.8153,1,0
4947,47,CommonToolExecutor,1024,1024,1,18.402,1,0
4948,48,CommonToolExecutor,1024,1024,1,48.4964,1,0
4949,49,CommonToolExecutor,1024,1024,1,17.3287,1,0
4950,50,CommonToolExecutor,1024,1024,1,3.379,1,0
4951,51,CommonToolExecutor,1024,1024,1,45.0321,1,0
4952,52,CommonToolExecutor,1024,1024,1,2.3679,1,0
4953,53,CommonToolExecutor,1024,1024,1,3.2591,1,0
4954,54,CommonToolExecutor,1024,1024,1,28.3011,1,0
4955,55,CommonToolExecutor,1024,1024,1,16.817,1,0
4956,56,CommonToolExecutor,1024,1024,1,3.5471,1,0
4957,57,CommonToolExecutor,1024,1024,1,62.2135,1,0
4958,58,CommonToolExecutor,1024,1024,1,15.965,1,0
4959,59,CommonToolExecutor,1024,1024,1,18.9335,1,0
4960,60,CommonToolExecutor,1024,1024,1,3.3276,1,0
4961,61,CommonToolExecutor,1024,1024,1,13.3604,1,0
4962,62,CommonToolExecutor,1024,1024,1,3.2353,1,0
4963,63,CommonToolExecutor,1024,1024,1,12.5951,1,0
4964,64,CommonToolExecutor,1024,1024,1,16.0988,1,0
4965,65,CommonToolExecutor,1024,1024,1,17.2004,1,0
4966,66,CommonToolExecutor,1024,1024,1,16.1631,1,0
4967,67,CommonToolExecutor,1024,1024,1,2.8998,1,0
4968,68,CommonToolExecutor,1024,1024,1,14.398,1,0
4969,69,CommonToolExecutor,1024,1024,1,48.3329,1,0
4970,70,CommonToolExecutor,1024,1024,1,2.7176,1,0
4971,71,CommonToolExecutor,1024,1024,1,15.4787,1,0
4972,72,CommonToolExecutor,1024,1024,1,3.5338,1,0
4973,73,CommonToolExecutor,1024,1024,1,2.8858,1,0
4974,74,CommonToolExecutor,1024,1024,1,25.0082,1,0
4975,75,CommonToolExecutor,1024,1024,1,33.5949,1,0
4976,76,CommonToolExecutor,1024,1024,1,17.4149,1,0
4977,77,CommonToolExecutor,1024,1024,1,17.875,1,0
4978,78,CommonToolExecutor,1024,1024,1,4.0123,1,0
4979,79,CommonToolExecutor,1024,1024,1,2.4228,1,0
4980,80,CommonToolExecutor,1024,1024,1,4.1475,1,0
4981,81,CommonToolExecutor,1024,1024,1,32.8292,1,0
4982,82,CommonToolExecutor,1024,1024,1,15.9828,1,0
4983,83,CommonToolExecutor,1024,1024,1,16.2927,1,0
4984,84,CommonToolExecutor,1024,1024,1,54.5174,1,0
4985,85,CommonToolExecutor,1024,1024,1,17.6148,1,0
4986,86,CommonToolExecutor,1024,1024,1,16.988,1,0
4987,87,CommonToolExecutor,1024,1024,1,48.4169,1,0
4988,88,CommonToolExecutor,1024,1024,1,16.5649,1,0
4989,89,CommonToolExecutor,1024,1024,1,16.9792,1,0
4990,90,CommonToolExecutor,1024,1024,1,3.1547,1,0
4991,91,CommonToolExecutor,1024,1024,1,15.3695,1,0
4992,92,CommonToolExecutor,1024,1024,1,16.0226,1,0
4993,93,CommonToolExecutor,1024,1024,1,48.306,1,0
4994,94,CommonToolExecutor,1024,1024,1,3.6124,1,0
4995,95,CommonToolExecutor,1024,1024,1,3.3144,1,0
4996,96,CommonToolExecutor,1024,1024,1,43.5362,1,0
4997,97,CommonToolExecutor,1024,1024,1,2.4062,1,0
4998,98,CommonToolExecutor,1024,1024,1,14.7159,1,0
4999,99,CommonToolExecutor,1024,1024,1,32.9186,1,0
