sample_id,episode,private_profile,private_tool
0,TSEQ0-E0,TSEQ0,LOCAL
1,TSEQ0-E0,TSEQ0,LOCAL
2,TSEQ0-E0,TSEQ0,LOCAL
3,TSEQ0-E0,TSEQ0,LOCAL
4,TSEQ0-E0,TSEQ0,LOCAL
5,TSEQ0-E0,TSEQ0,LOCAL
6,TSEQ0-E0,TSEQ0,LOCAL
7,TSEQ0-E0,TSEQ0,LOCAL
8,TSEQ0-E0,TSEQ0,LOCAL
9,TSEQ0-E0,TSEQ0,LOCAL
10,TSEQ0-E0,TSEQ0,LOCAL
11,TSEQ0-E0,TSEQ0,LOCAL
12,TSEQ0-E0,TSEQ0,LOCAL
13,TSEQ0-E0,TSEQ0,LOCAL
14,TSEQ0-E0,TSEQ0,LOCAL
15,TSEQ0-E0,TSEQ0,LOCAL
16,TSEQ0-E0,TSEQ0,LOCAL
17,TSEQ0-E0,TSEQ0,LOCAL
18,TSEQ0-E0,TSEQ0,LOCAL
19,TSEQ0-E0,TSEQ0,LOCAL
20,TSEQ0-E0,TSEQ0,LOCAL
21,TSEQ0-E0,TSEQ0,LOCAL
22,TSEQ0-E0,TSEQ0,LOCAL
23,TSEQ0-E0,TSEQ0,LOCAL
24,TSEQ0-E0,TSEQ0,LOCAL
25,TSEQ0-E0,TSEQ0,LOCAL
26,TSEQ0-E0,TSEQ0,LOCAL
27,TSEQ0-E0,TSEQ0,LOCAL
28,TSEQ0-E0,TSEQ0,LOCAL
29,TSEQ0-E0,TSEQ0,LOCAL
30,TSEQ0-E0,TSEQ0,LOCAL
31,TSEQ0-E0,TSEQ0,LOCAL
32,TSEQ0-E0,TSEQ0,LOCAL
33,TSEQ0-E0,TSEQ0,LOCAL
34,TSEQ0-E0,TSEQ0,LOCAL
35,TSEQ0-E0,TSEQ0,LOCAL
36,TSEQ0-E0,TSEQ0,LOCAL
37,TSEQ0-E0,TSEQ0,LOCAL
38,TSEQ0-E0,TSEQ0,LOCAL
39,TSEQ0-E0,TSEQ0,LOCAL
40,TSEQ0-E0,TSEQ0,LOCAL
41,TSEQ0-E0,TSEQ0,LOCAL
42,TSEQ0-E0,TSEQ0,LOCAL
43,TSEQ0-E0,TSEQ0,LOCAL
44,TSEQ0-E0,TSEQ0,LOCAL
45,TSEQ0-E0,TSEQ0,LOCAL
46,TSEQ0-E0,TSEQ0,LOCAL
47,TSEQ0-E0,TSEQ0,LOCAL
48,TSEQ0-E0,TSEQ0,LOCAL
49,TSEQ0-E0,TSEQ0,LOCAL
50,TSEQ0-E0,TSEQ0,LOCAL
51,TSEQ0-E0,TSEQ0,LOCAL
52,TSEQ0-E0,TSEQ0,LOCAL
53,TSEQ0-E0,TSEQ0,LOCAL
54,TSEQ0-E0,TSEQ0,LOCAL
55,TSEQ0-E0,TSEQ0,LOCAL
56,TSEQ0-E0,TSEQ0,LOCAL
57,TSEQ0-E0,TSEQ0,LOCAL
58,TSEQ0-E0,TSEQ0,LOCAL
59,TSEQ0-E0,TSEQ0,LOCAL
60,TSEQ0-E0,TSEQ0,LOCAL
61,TSEQ0-E0,TSEQ0,LOCAL
62,TSEQ0-E0,TSEQ0,LOCAL
63,TSEQ0-E0,TSEQ0,LOCAL
64,TSEQ0-E0,TSEQ0,LOCAL
65,TSEQ0-E0,TSEQ0,LOCAL
66,TSEQ0-E0,TSEQ0,LOCAL
67,TSEQ0-E0,TSEQ0,LOCAL
68,TSEQ0-E0,TSEQ0,LOCAL
69,TSEQ0-E0,TSEQ0,LOCAL
70,TSEQ0-E0,TSEQ0,LOCAL
71,TSEQ0-E0,TSEQ0,LOCAL
72,TSEQ0-E0,TSEQ0,LOCAL
73,TSEQ0-E0,TSEQ0,LOCAL
74,TSEQ0-E0,TSEQ0,LOCAL
75,TSEQ0-E0,TSEQ0,LOCAL
76,TSEQ0-E0,TSEQ0,LOCAL
77,TSEQ0-E0,TSEQ0,LOCAL
78,TSEQ0-E0,TSEQ0,LOCAL
79,TSEQ0-E0,TSEQ0,LOCAL
80,TSEQ0-E0,TSEQ0,LOCAL
81,TSEQ0-E0,TSEQ0,LOCAL
82,TSEQ0-E0,TSEQ0,LOCAL
83,TSEQ0-E0,TSEQ0,LOCAL
84,TSEQ0-E0,TSEQ0,LOCAL
85,TSEQ0-E0,TSEQ0,LOCAL
86,TSEQ0-E0,TSEQ0,LOCAL
87,TSEQ0-E0,TSEQ0,LOCAL
88,TSEQ0-E0,TSEQ0,LOCAL
89,TSEQ0-E0,TSEQ0,LOCAL
90,TSEQ0-E0,TSEQ0,LOCAL
91,TSEQ0-E0,TSEQ0,LOCAL
92,TSEQ0-E0,TSEQ0,LOCAL
93,TSEQ0-E0,TSEQ0,LOCAL
94,TSEQ0-E0,TSEQ0,LOCAL
95,TSEQ0-E0,TSEQ0,LOCAL
96,TSEQ0-E0,TSEQ0,LOCAL
97,TSEQ0-E0,TSEQ0,LOCAL
98,TSEQ0-E0,TSEQ0,LOCAL
99,TSEQ0-E0,TSEQ0,LOCAL
100,TSEQ1-E0,TSEQ1,REMOTE
101,TSEQ1-E0,TSEQ1,REMOTE
102,TSEQ1-E0,TSEQ1,REMOTE
103,TSEQ1-E0,TSEQ1,REMOTE
104,TSEQ1-E0,TSEQ1,REMOTE
105,TSEQ1-E0,TSEQ1,REMOTE
106,TSEQ1-E0,TSEQ1,REMOTE
107,TSEQ1-E0,TSEQ1,REMOTE
108,TSEQ1-E0,TSEQ1,REMOTE
109,TSEQ1-E0,TSEQ1,REMOTE
110,TSEQ1-E0,TSEQ1,REMOTE
111,TSEQ1-E0,TSEQ1,REMOTE
112,TSEQ1-E0,TSEQ1,REMOTE
113,TSEQ1-E0,TSEQ1,REMOTE
114,TSEQ1-E0,TSEQ1,REMOTE
115,TSEQ1-E0,TSEQ1,REMOTE
116,TSEQ1-E0,TSEQ1,REMOTE
117,TSEQ1-E0,TSEQ1,REMOTE
118,TSEQ1-E0,TSEQ1,REMOTE
119,TSEQ1-E0,TSEQ1,REMOTE
120,TSEQ1-E0,TSEQ1,REMOTE
121,TSEQ1-E0,TSEQ1,REMOTE
122,TSEQ1-E0,TSEQ1,REMOTE
123,TSEQ1-E0,TSEQ1,REMOTE
124,TSEQ1-E0,TSEQ1,REMOTE
125,TSEQ1-E0,TSEQ1,REMOTE
126,TSEQ1-E0,TSEQ1,REMOTE
127,TSEQ1-E0,TSEQ1,REMOTE
128,TSEQ1-E0,TSEQ1,REMOTE
129,TSEQ1-E0,TSEQ1,REMOTE
130,TSEQ1-E0,TSEQ1,REMOTE
131,TSEQ1-E0,TSEQ1,REMOTE
132,TSEQ1-E0,TSEQ1,REMOTE
133,TSEQ1-E0,TSEQ1,REMOTE
134,TSEQ1-E0,TSEQ1,REMOTE
135,TSEQ1-E0,TSEQ1,REMOTE
136,TSEQ1-E0,TSEQ1,REMOTE
137,TSEQ1-E0,TSEQ1,REMOTE
138,TSEQ1-E0,TSEQ1,REMOTE
139,TSEQ1-E0,TSEQ1,REMOTE
140,TSEQ1-E0,TSEQ1,REMOTE
141,TSEQ1-E0,TSEQ1,REMOTE
142,TSEQ1-E0,TSEQ1,REMOTE
143,TSEQ1-E0,TSEQ1,REMOTE
144,TSEQ1-E0,TSEQ1,REMOTE
145,TSEQ1-E0,TSEQ1,REMOTE
146,TSEQ1-E0,TSEQ1,REMOTE
147,TSEQ1-E0,TSEQ1,REMOTE
148,TSEQ1-E0,TSEQ1,REMOTE
149,TSEQ1-E0,TSEQ1,REMOTE
150,TSEQ1-E0,TSEQ1,REMOTE
151,TSEQ1-E0,TSEQ1,REMOTE
152,TSEQ1-E0,TSEQ1,REMOTE
153,TSEQ1-E0,TSEQ1,REMOTE
154,TSEQ1-E0,TSEQ1,REMOTE
155,TSEQ1-E0,TSEQ1,REMOTE
156,TSEQ1-E0,TSEQ1,REMOTE
157,TSEQ1-E0,TSEQ1,REMOTE
158,TSEQ1-E0,TSEQ1,REMOTE
159,TSEQ1-E0,TSEQ1,REMOTE
160,TSEQ1-E0,TSEQ1,REMOTE
161,TSEQ1-E0,TSEQ1,REMOTE
162,TSEQ1-E0,TSEQ1,REMOTE
163,TSEQ1-E0,TSEQ1,REMOTE
164,TSEQ1-E0,TSEQ1,REMOTE
165,TSEQ1-E0,TSEQ1,REMOTE
166,TSEQ1-E0,TSEQ1,REMOTE
167,TSEQ1-E0,TSEQ1,REMOTE
168,TSEQ1-E0,TSEQ1,REMOTE
169,TSEQ1-E0,TSEQ1,LOCAL
170,TSEQ1-E0,TSEQ1,REMOTE
171,TSEQ1-E0,TSEQ1,REMOTE
172,TSEQ1-E0,TSEQ1,REMOTE
173,TSEQ1-E0,TSEQ1,REMOTE
174,TSEQ1-E0,TSEQ1,REMOTE
175,TSEQ1-E0,TSEQ1,REMOTE
176,TSEQ1-E0,TSEQ1,REMOTE
177,TSEQ1-E0,TSEQ1,REMOTE
178,TSEQ1-E0,TSEQ1,REMOTE
179,TSEQ1-E0,TSEQ1,REMOTE
180,TSEQ1-E0,TSEQ1,REMOTE
181,TSEQ1-E0,TSEQ1,REMOTE
182,TSEQ1-E0,TSEQ1,REMOTE
183,TSEQ1-E0,TSEQ1,REMOTE
184,TSEQ1-E0,TSEQ1,REMOTE
185,TSEQ1-E0,TSEQ1,REMOTE
186,TSEQ1-E0,TSEQ1,REMOTE
187,TSEQ1-E0,TSEQ1,REMOTE
188,TSEQ1-E0,TSEQ1,REMOTE
189,TSEQ1-E0,TSEQ1,REMOTE
190,TSEQ1-E0,TSEQ1,REMOTE
191,TSEQ1-E0,TSEQ1,REMOTE
192,TSEQ1-E0,TSEQ1,REMOTE
193,TSEQ1-E0,TSEQ1,REMOTE
194,TSEQ1-E0,TSEQ1,REMOTE
195,TSEQ1-E0,TSEQ1,REMOTE
196,TSEQ1-E0,TSEQ1,REMOTE
197,TSEQ1-E0,TSEQ1,REMOTE
198,TSEQ1-E0,TSEQ1,REMOTE
199,TSEQ1-E0,TSEQ1,REMOTE
200,TSEQ2-E0,TSEQ2,LOCAL
201,TSEQ2-E0,TSEQ2,REMOTE
202,TSEQ2-E0,TSEQ2,LOCAL
203,TSEQ2-E0,TSEQ2,LOCAL
204,TSEQ2-E0,TSEQ2,LOCAL
205,TSEQ2-E0,TSEQ2,REMOTE
206,TSEQ2-E0,TSEQ2,LOCAL
207,TSEQ2-E0,TSEQ2,REMOTE
208,TSEQ2-E0,TSEQ2,LOCAL
209,TSEQ2-E0,TSEQ2,LOCAL
210,TSEQ2-E0,TSEQ2,REMOTE
211,TSEQ2-E0,TSEQ2,LOCAL
212,TSEQ2-E0,TSEQ2,REMOTE
213,TSEQ2-E0,TSEQ2,LOCAL
214,TSEQ2-E0,TSEQ2,LOCAL
215,TSEQ2-E0,TSEQ2,REMOTE
216,TSEQ2-E0,TSEQ2,REMOTE
217,TSEQ2-E0,TSEQ2,LOCAL
218,TSEQ2-E0,TSEQ2,REMOTE
219,TSEQ2-E0,TSEQ2,REMOTE
220,TSEQ2-E0,TSEQ2,REMOTE
221,TSEQ2-E0,TSEQ2,REMOTE
222,TSEQ2-E0,TSEQ2,REMOTE
223,TSEQ2-E0,TSEQ2,LOCAL
224,TSEQ2-E0,TSEQ2,LOCAL
225,TSEQ2-E0,TSEQ2,LOCAL
226,TSEQ2-E0,TSEQ2,REMOTE
227,TSEQ2-E0,TSEQ2,REMOTE
228,TSEQ2-E0,TSEQ2,REMOTE
229,TSEQ2-E0,TSEQ2,LOCAL
230,TSEQ2-E0,TSEQ2,REMOTE
231,TSEQ2-E0,TSEQ2,LOCAL
232,TSEQ2-E0,TSEQ2,LOCAL
233,TSEQ2-E0,TSEQ2,LOCAL
234,TSEQ2-E0,TSEQ2,LOCAL
235,TSEQ2-E0,TSEQ2,REMOTE
236,TSEQ2-E0,TSEQ2,REMOTE
237,TSEQ2-E0,TSEQ2,REMOTE
238,TSEQ2-E0,TSEQ2,LOCAL
239,TSEQ2-E0,TSEQ2,LOCAL
240,TSEQ2-E0,TSEQ2,REMOTE
241,TSEQ2-E0,TSEQ2,LOCAL
242,TSEQ2-E0,TSEQ2,LOCAL
243,TSEQ2-E0,TSEQ2,REMOTE
244,TSEQ2-E0,TSEQ2,LOCAL
245,TSEQ2-E0,TSEQ2,REMOTE
246,TSEQ2-E0,TSEQ2,LOCAL
247,TSEQ2-E0,TSEQ2,LOCAL
248,TSEQ2-E0,TSEQ2,REMOTE
249,TSEQ2-E0,TSEQ2,REMOTE
250,TSEQ2-E0,TSEQ2,REMOTE
251,TSEQ2-E0,TSEQ2,LOCAL
252,TSEQ2-E0,TSEQ2,REMOTE
253,TSEQ2-E0,TSEQ2,LOCAL
254,TSEQ2-E0,TSEQ2,LOCAL
255,TSEQ2-E0,TSEQ2,LOCAL
256,TSEQ2-E0,TSEQ2,REMOTE
257,TSEQ2-E0,TSEQ2,REMOTE
258,TSEQ2-E0,TSEQ2,LOCAL
259,TSEQ2-E0,TSEQ2,LOCAL
260,TSEQ2-E0,TSEQ2,LOCAL
261,TSEQ2-E0,TSEQ2,REMOTE
262,TSEQ2-E0,TSEQ2,REMOTE
263,TSEQ2-E0,TSEQ2,REMOTE
264,TSEQ2-E0,TSEQ2,LOCAL
265,TSEQ2-E0,TSEQ2,REMOTE
266,TSEQ2-E0,TSEQ2,LOCAL
267,TSEQ2-E0,TSEQ2,REMOTE
268,TSEQ2-E0,TSEQ2,REMOTE
269,TSEQ2-E0,TSEQ2,LOCAL
270,TSEQ2-E0,TSEQ2,REMOTE
271,TSEQ2-E0,TSEQ2,REMOTE
272,TSEQ2-E0,TSEQ2,LOCAL
273,TSEQ2-E0,TSEQ2,LOCAL
274,TSEQ2-E0,TSEQ2,LOCAL
275,TSEQ2-E0,TSEQ2,REMOTE
276,TSEQ2-E0,TSEQ2,REMOTE
277,TSEQ2-E0,TSEQ2,LOCAL
278,TSEQ2-E0,TSEQ2,REMOTE
279,TSEQ2-E0,TSEQ2,REMOTE
280,TSEQ2-E0,TSEQ2,LOCAL
281,TSEQ2-E0,TSEQ2,REMOTE
282,TSEQ2-E0,TSEQ2,REMOTE
283,TSEQ2-E0,TSEQ2,REMOTE
284,TSEQ2-E0,TSEQ2,LOCAL
285,TSEQ2-E0,TSEQ2,REMOTE
286,TSEQ2-E0,TSEQ2,REMOTE
287,TSEQ2-E0,TSEQ2,LOCAL
288,TSEQ2-E0,TSEQ2,REMOTE
289,TSEQ2-E0,TSEQ2,LOCAL
290,TSEQ2-E0,TSEQ2,LOCAL
291,TSEQ2-E0,TSEQ2,LOCAL
292,TSEQ2-E0,TSEQ2,LOCAL
293,TSEQ2-E0,TSEQ2,LOCAL
294,TSEQ2-E0,TSEQ2,LOCAL
295,TSEQ2-E0,TSEQ2,REMOTE
296,TSEQ2-E0,TSEQ2,REMOTE
297,TSEQ2-E0,TSEQ2,REMOTE
298,TSEQ2-E0,TSEQ2,LOCAL
299,TSEQ2-E0,TSEQ2,REMOTE
300,TSEQ3-E0,TSEQ3,LOCAL
301,TSEQ3-E0,TSEQ3,REMOTE
302,TSEQ3-E0,TSEQ3,CLOUD
303,TSEQ3-E0,TSEQ3,LOCAL
304,TSEQ3-E0,TSEQ3,REMOTE
305,TSEQ3-E0,TSEQ3,CLOUD
306,TSEQ3-E0,TSEQ3,LOCAL
307,TSEQ3-E0,TSEQ3,REMOTE
308,TSEQ3-E0,TSEQ3,CLOUD
309,TSEQ3-E0,TSEQ3,LOCAL
310,TSEQ3-E0,TSEQ3,REMOTE
311,TSEQ3-E0,TSEQ3,CLOUD
312,TSEQ3-E0,TSEQ3,LOCAL
313,TSEQ3-E0,TSEQ3,REMOTE
314,TSEQ3-E0,TSEQ3,CLOUD
315,TSEQ3-E0,TSEQ3,LOCAL
316,TSEQ3-E0,TSEQ3,REMOTE
317,TSEQ3-E0,TSEQ3,CLOUD
318,TSEQ3-E0,TSEQ3,LOCAL
319,TSEQ3-E0,TSEQ3,REMOTE
320,TSEQ3-E0,TSEQ3,CLOUD
321,TSEQ3-E0,TSEQ3,LOCAL
322,TSEQ3-E0,TSEQ3,REMOTE
323,TSEQ3-E0,TSEQ3,CLOUD
324,TSEQ3-E0,TSEQ3,LOCAL
325,TSEQ3-E0,TSEQ3,REMOTE
326,TSEQ3-E0,TSEQ3,CLOUD
327,TSEQ3-E0,TSEQ3,LOCAL
328,TSEQ3-E0,TSEQ3,REMOTE
329,TSEQ3-E0,TSEQ3,CLOUD
330,TSEQ3-E0,TSEQ3,LOCAL
331,TSEQ3-E0,TSEQ3,REMOTE
332,TSEQ3-E0,TSEQ3,CLOUD
333,TSEQ3-E0,TSEQ3,LOCAL
334,TSEQ3-E0,TSEQ3,REMOTE
335,TSEQ3-E0,TSEQ3,CLOUD
336,TSEQ3-E0,TSEQ3,LOCAL
337,TSEQ3-E0,TSEQ3,REMOTE
338,TSEQ3-E0,TSEQ3,CLOUD
339,TSEQ3-E0,TSEQ3,LOCAL
340,TSEQ3-E0,TSEQ3,REMOTE
341,TSEQ3-E0,TSEQ3,CLOUD
342,TSEQ3-E0,TSEQ3,LOCAL
343,TSEQ3-E0,TSEQ3,REMOTE
344,TSEQ3-E0,TSEQ3,CLOUD
345,TSEQ3-E0,TSEQ3,LOCAL
346,TSEQ3-E0,TSEQ3,REMOTE
347,TSEQ3-E0,TSEQ3,CLOUD
348,TSEQ3-E0,TSEQ3,LOCAL
349,TSEQ3-E0,TSEQ3,REMOTE
350,TSEQ3-E0,TSEQ3,CLOUD
351,TSEQ3-E0,TSEQ3,LOCAL
352,TSEQ3-E0,TSEQ3,REMOTE
353,TSEQ3-E0,TSEQ3,CLOUD
354,TSEQ3-E0,TSEQ3,LOCAL
355,TSEQ3-E0,TSEQ3,REMOTE
356,TSEQ3-E0,TSEQ3,CLOUD
357,TSEQ3-E0,TSEQ3,LOCAL
358,TSEQ3-E0,TSEQ3,REMOTE
359,TSEQ3-E0,TSEQ3,CLOUD
360,TSEQ3-E0,TSEQ3,LOCAL
361,TSEQ3-E0,TSEQ3,REMOTE
362,TSEQ3-E0,TSEQ3,CLOUD
363,TSEQ3-E0,TSEQ3,LOCAL
364,TSEQ3-E0,TSEQ3,REMOTE
365,TSEQ3-E0,TSEQ3,CLOUD
366,TSEQ3-E0,TSEQ3,LOCAL
367,TSEQ3-E0,TSEQ3,REMOTE
368,TSEQ3-E0,TSEQ3,CLOUD
369,TSEQ3-E0,TSEQ3,LOCAL
370,TSEQ3-E0,TSEQ3,REMOTE
371,TSEQ3-E0,TSEQ3,CLOUD
372,TSEQ3-E0,TSEQ3,LOCAL
373,TSEQ3-E0,TSEQ3,REMOTE
374,TSEQ3-E0,TSEQ3,CLOUD
375,TSEQ3-E0,TSEQ3,LOCAL
376,TSEQ3-E0,TSEQ3,REMOTE
377,TSEQ3-E0,TSEQ3,CLOUD
378,TSEQ3-E0,TSEQ3,LOCAL
379,TSEQ3-E0,TSEQ3,REMOTE
380,TSEQ3-E0,TSEQ3,CLOUD
381,TSEQ3-E0,TSEQ3,LOCAL
382,TSEQ3-E0,TSEQ3,REMOTE
383,TSEQ3-E0,TSEQ3,CLOUD
384,TSEQ3-E0,TSEQ3,LOCAL
385,TSEQ3-E0,TSEQ3,REMOTE
386,TSEQ3-E0,TSEQ3,CLOUD
387,TSEQ3-E0,TSEQ3,LOCAL
388,TSEQ3-E0,TSEQ3,REMOTE
389,TSEQ3-E0,TSEQ3,CLOUD
390,TSEQ3-E0,TSEQ3,LOCAL
391,TSEQ3-E0,TSEQ3,REMOTE
392,TSEQ3-E0,TSEQ3,CLOUD
393,TSEQ3-E0,TSEQ3,LOCAL
394,TSEQ3-E0,TSEQ3,REMOTE
395,TSEQ3-E0,TSEQ3,CLOUD
396,TSEQ3-E0,TSEQ3,LOCAL
397,TSEQ3-E0,TSEQ3,REMOTE
398,TSEQ3-E0,TSEQ3,CLOUD
399,TSEQ3-E0,TSEQ3,LOCAL
400,TSEQ4-E0,TSEQ4,REMOTE
401,TSEQ4-E0,TSEQ4,LOCAL
402,TSEQ4-E0,TSEQ4,CLOUD
403,TSEQ4-E0,TSEQ4,REMOTE
404,TSEQ4-E0,TSEQ4,LOCAL
405,TSEQ4-E0,TSEQ4,CLOUD
406,TSEQ4-E0,TSEQ4,REMOTE
407,TSEQ4-E0,TSEQ4,LOCAL
408,TSEQ4-E0,TSEQ4,CLOUD
409,TSEQ4-E0,TSEQ4,REMOTE
410,TSEQ4-E0,TSEQ4,LOCAL
411,TSEQ4-E0,TSEQ4,CLOUD
412,TSEQ4-E0,TSEQ4,REMOTE
413,TSEQ4-E0,TSEQ4,LOCAL
414,TSEQ4-E0,TSEQ4,CLOUD
415,TSEQ4-E0,TSEQ4,REMOTE
416,TSEQ4-E0,TSEQ4,LOCAL
417,TSEQ4-E0,TSEQ4,CLOUD
418,TSEQ4-E0,TSEQ4,REMOTE
419,TSEQ4-E0,TSEQ4,LOCAL
420,TSEQ4-E0,TSEQ4,CLOUD
421,TSEQ4-E0,TSEQ4,REMOTE
422,TSEQ4-E0,TSEQ4,LOCAL
423,TSEQ4-E0,TSEQ4,CLOUD
424,TSEQ4-E0,TSEQ4,REMOTE
425,TSEQ4-E0,TSEQ4,LOCAL
426,TSEQ4-E0,TSEQ4,CLOUD
427,TSEQ4-E0,TSEQ4,REMOTE
428,TSEQ4-E0,TSEQ4,LOCAL
429,TSEQ4-E0,TSEQ4,CLOUD
430,TSEQ4-E0,TSEQ4,REMOTE
431,TSEQ4-E0,TSEQ4,LOCAL
432,TSEQ4-E0,TSEQ4,CLOUD
433,TSEQ4-E0,TSEQ4,REMOTE
434,TSEQ4-E0,TSEQ4,LOCAL
435,TSEQ4-E0,TSEQ4,CLOUD
436,TSEQ4-E0,TSEQ4,REMOTE
437,TSEQ4-E0,TSEQ4,LOCAL
438,TSEQ4-E0,TSEQ4,CLOUD
439,TSEQ4-E0,TSEQ4,REMOTE
440,TSEQ4-E0,TSEQ4,LOCAL
441,TSEQ4-E0,TSEQ4,CLOUD
442,TSEQ4-E0,TSEQ4,REMOTE
443,TSEQ4-E0,TSEQ4,LOCAL
444,TSEQ4-E0,TSEQ4,CLOUD
445,TSEQ4-E0,TSEQ4,REMOTE
446,TSEQ4-E0,TSEQ4,LOCAL
447,TSEQ4-E0,TSEQ4,CLOUD
448,TSEQ4-E0,TSEQ4,REMOTE
449,TSEQ4-E0,TSEQ4,LOCAL
450,TSEQ4-E0,TSEQ4,CLOUD
451,TSEQ4-E0,TSEQ4,REMOTE
452,TSEQ4-E0,TSEQ4,LOCAL
453,TSEQ4-E0,TSEQ4,CLOUD
454,TSEQ4-E0,TSEQ4,REMOTE
455,TSEQ4-E0,TSEQ4,LOCAL
456,TSEQ4-E0,TSEQ4,CLOUD
457,TSEQ4-E0,TSEQ4,REMOTE
458,TSEQ4-E0,TSEQ4,LOCAL
459,TSEQ4-E0,TSEQ4,CLOUD
460,TSEQ4-E0,TSEQ4,REMOTE
461,TSEQ4-E0,TSEQ4,LOCAL
462,TSEQ4-E0,TSEQ4,CLOUD
463,TSEQ4-E0,TSEQ4,REMOTE
464,TSEQ4-E0,TSEQ4,LOCAL
465,TSEQ4-E0,TSEQ4,CLOUD
466,TSEQ4-E0,TSEQ4,REMOTE
467,TSEQ4-E0,TSEQ4,LOCAL
468,TSEQ4-E0,TSEQ4,CLOUD
469,TSEQ4-E0,TSEQ4,REMOTE
470,TSEQ4-E0,TSEQ4,LOCAL
471,TSEQ4-E0,TSEQ4,CLOUD
472,TSEQ4-E0,TSEQ4,REMOTE
473,TSEQ4-E0,TSEQ4,LOCAL
474,TSEQ4-E0,TSEQ4,CLOUD
475,TSEQ4-E0,TSEQ4,REMOTE
476,TSEQ4-E0,TSEQ4,LOCAL
477,TSEQ4-E0,TSEQ4,CLOUD
478,TSEQ4-E0,TSEQ4,REMOTE
479,TSEQ4-E0,TSEQ4,LOCAL
480,TSEQ4-E0,TSEQ4,CLOUD
481,TSEQ4-E0,TSEQ4,REMOTE
482,TSEQ4-E0,TSEQ4,LOCAL
483,TSEQ4-E0,TSEQ4,CLOUD
484,TSEQ4-E0,TSEQ4,REMOTE
485,TSEQ4-E0,TSEQ4,LOCAL
486,TSEQ4-E0,TSEQ4,CLOUD
487,TSEQ4-E0,TSEQ4,REMOTE
488,TSEQ4-E0,TSEQ4,LOCAL
489,TSEQ4-E0,TSEQ4,CLOUD
490,TSEQ4-E0,TSEQ4,REMOTE
491,TSEQ4-E0,TSEQ4,LOCAL
492,TSEQ4-E0,TSEQ4,CLOUD
493,TSEQ4-E0,TSEQ4,REMOTE
494,TSEQ4-E0,TSEQ4,LOCAL
495,TSEQ4-E0,TSEQ4,CLOUD
496,TSEQ4-E0,TSEQ4,REMOTE
497,TSEQ4-E0,TSEQ4,LOCAL
498,TSEQ4-E0,TSEQ4,CLOUD
499,TSEQ4-E0,TSEQ4,REMOTE
500,TSEQ0-E1,TSEQ0,LOCAL
501,TSEQ0-E1,TSEQ0,LOCAL
502,TSEQ0-E1,TSEQ0,LOCAL
503,TSEQ0-E1,TSEQ0,LOCAL
504,TSEQ0-E1,TSEQ0,LOCAL
505,TSEQ0-E1,TSEQ0,LOCAL
506,TSEQ0-E1,TSEQ0,LOCAL
507,TSEQ0-E1,TSEQ0,LOCAL
508,TSEQ0-E1,TSEQ0,LOCAL
509,TSEQ0-E1,TSEQ0,LOCAL
510,TSEQ0-E1,TSEQ0,LOCAL
511,TSEQ0-E1,TSEQ0,LOCAL
512,TSEQ0-E1,TSEQ0,LOCAL
513,TSEQ0-E1,TSEQ0,LOCAL
514,TSEQ0-E1,TSEQ0,LOCAL
515,TSEQ0-E1,TSEQ0,LOCAL
516,TSEQ0-E1,TSEQ0,LOCAL
517,TSEQ0-E1,TSEQ0,LOCAL
518,TSEQ0-E1,TSEQ0,LOCAL
519,TSEQ0-E1,TSEQ0,LOCAL
520,TSEQ0-E1,TSEQ0,LOCAL
521,TSEQ0-E1,TSEQ0,LOCAL
522,TSEQ0-E1,TSEQ0,LOCAL
523,TSEQ0-E1,TSEQ0,LOCAL
524,TSEQ0-E1,TSEQ0,LOCAL
525,TSEQ0-E1,TSEQ0,LOCAL
526,TSEQ0-E1,TSEQ0,LOCAL
527,TSEQ0-E1,TSEQ0,LOCAL
528,TSEQ0-E1,TSEQ0,LOCAL
529,TSEQ0-E1,TSEQ0,LOCAL
530,TSEQ0-E1,TSEQ0,LOCAL
531,TSEQ0-E1,TSEQ0,LOCAL
532,TSEQ0-E1,TSEQ0,LOCAL
533,TSEQ0-E1,TSEQ0,LOCAL
534,TSEQ0-E1,TSEQ0,LOCAL
535,TSEQ0-E1,TSEQ0,LOCAL
536,TSEQ0-E1,TSEQ0,LOCAL
537,TSEQ0-E1,TSEQ0,LOCAL
538,TSEQ0-E1,TSEQ0,LOCAL
539,TSEQ0-E1,TSEQ0,LOCAL
540,TSEQ0-E1,TSEQ0,LOCAL
541,TSEQ0-E1,TSEQ0,LOCAL
542,TSEQ0-E1,TSEQ0,LOCAL
543,TSEQ0-E1,TSEQ0,LOCAL
544,TSEQ0-E1,TSEQ0,LOCAL
545,TSEQ0-E1,TSEQ0,LOCAL
546,TSEQ0-E1,TSEQ0,LOCAL
547,TSEQ0-E1,TSEQ0,LOCAL
548,TSEQ0-E1,TSEQ0,LOCAL
549,TSEQ0-E1,TSEQ0,LOCAL
550,TSEQ0-E1,TSEQ0,LOCAL
551,TSEQ0-E1,TSEQ0,LOCAL
552,TSEQ0-E1,TSEQ0,LOCAL
553,TSEQ0-E1,TSEQ0,LOCAL
554,TSEQ0-E1,TSEQ0,LOCAL
555,TSEQ0-E1,TSEQ0,LOCAL
556,TSEQ0-E1,TSEQ0,LOCAL
557,TSEQ0-E1,TSEQ0,LOCAL
558,TSEQ0-E1,TSEQ0,LOCAL
559,TSEQ0-E1,TSEQ0,LOCAL
560,TSEQ0-E1,TSEQ0,LOCAL
561,TSEQ0-E1,TSEQ0,LOCAL
562,TSEQ0-E1,TSEQ0,LOCAL
563,TSEQ0-E1,TSEQ0,LOCAL
564,TSEQ0-E1,TSEQ0,LOCAL
565,TSEQ0-E1,TSEQ0,LOCAL
566,TSEQ0-E1,TSEQ0,LOCAL
567,TSEQ0-E1,TSEQ0,LOCAL
568,TSEQ0-E1,TSEQ0,LOCAL
569,TSEQ0-E1,TSEQ0,LOCAL
570,TSEQ0-E1,TSEQ0,LOCAL
571,TSEQ0-E1,TSEQ0,LOCAL
572,TSEQ0-E1,TSEQ0,LOCAL
573,TSEQ0-E1,TSEQ0,LOCAL
574,TSEQ0-E1,TSEQ0,LOCAL
575,TSEQ0-E1,TSEQ0,LOCAL
576,TSEQ0-E1,TSEQ0,LOCAL
577,TSEQ0-E1,TSEQ0,LOCAL
578,TSEQ0-E1,TSEQ0,LOCAL
579,TSEQ0-E1,TSEQ0,LOCAL
580,TSEQ0-E1,TSEQ0,LOCAL
581,TSEQ0-E1,TSEQ0,LOCAL
582,TSEQ0-E1,TSEQ0,LOCAL
583,TSEQ0-E1,TSEQ0,LOCAL
584,TSEQ0-E1,TSEQ0,LOCAL
585,TSEQ0-E1,TSEQ0,LOCAL
586,TSEQ0-E1,TSEQ0,LOCAL
587,TSEQ0-E1,TSEQ0,LOCAL
588,TSEQ0-E1,TSEQ0,LOCAL
589,TSEQ0-E1,TSEQ0,LOCAL
590,TSEQ0-E1,TSEQ0,LOCAL
591,TSEQ0-E1,TSEQ0,LOCAL
592,TSEQ0-E1,TSEQ0,LOCAL
593,TSEQ0-E1,TSEQ0,LOCAL
594,TSEQ0-E1,TSEQ0,LOCAL
595,TSEQ0-E1,TSEQ0,LOCAL
596,TSEQ0-E1,TSEQ0,LOCAL
597,TSEQ0-E1,TSEQ0,LOCAL
598,TSEQ0-E1,TSEQ0,LOCAL
599,TSEQ0-E1,TSEQ0,LOCAL
600,TSEQ1-E1,TSEQ1,REMOTE
601,TSEQ1-E1,TSEQ1,REMOTE
602,TSEQ1-E1,TSEQ1,REMOTE
603,TSEQ1-E1,TSEQ1,REMOTE
604,TSEQ1-E1,TSEQ1,REMOTE
605,TSEQ1-E1,TSEQ1,REMOTE
606,TSEQ1-E1,TSEQ1,REMOTE
607,TSEQ1-E1,TSEQ1,REMOTE
608,TSEQ1-E1,TSEQ1,REMOTE
609,TSEQ1-E1,TSEQ1,REMOTE
610,TSEQ1-E1,TSEQ1,REMOTE
611,TSEQ1-E1,TSEQ1,REMOTE
612,TSEQ1-E1,TSEQ1,REMOTE
613,TSEQ1-E1,TSEQ1,REMOTE
614,TSEQ1-E1,TSEQ1,REMOTE
615,TSEQ1-E1,TSEQ1,REMOTE
616,TSEQ1-E1,TSEQ1,REMOTE
617,TSEQ1-E1,TSEQ1,REMOTE
618,TSEQ1-E1,TSEQ1,REMOTE
619,TSEQ1-E1,TSEQ1,REMOTE
620,TSEQ1-E1,TSEQ1,REMOTE
621,TSEQ1-E1,TSEQ1,REMOTE
622,TSEQ1-E1,TSEQ1,REMOTE
623,TSEQ1-E1,TSEQ1,REMOTE
624,TSEQ1-E1,TSEQ1,REMOTE
625,TSEQ1-E1,TSEQ1,REMOTE
626,TSEQ1-E1,TSEQ1,REMOTE
627,TSEQ1-E1,TSEQ1,REMOTE
628,TSEQ1-E1,TSEQ1,REMOTE
629,TSEQ1-E1,TSEQ1,REMOTE
630,TSEQ1-E1,TSEQ1,REMOTE
631,TSEQ1-E1,TSEQ1,REMOTE
632,TSEQ1-E1,TSEQ1,REMOTE
633,TSEQ1-E1,TSEQ1,REMOTE
634,TSEQ1-E1,TSEQ1,REMOTE
635,TSEQ1-E1,TSEQ1,REMOTE
636,TSEQ1-E1,TSEQ1,REMOTE
637,TSEQ1-E1,TSEQ1,REMOTE
638,TSEQ1-E1,TSEQ1,REMOTE
639,TSEQ1-E1,TSEQ1,REMOTE
640,TSEQ1-E1,TSEQ1,REMOTE
641,TSEQ1-E1,TSEQ1,REMOTE
642,TSEQ1-E1,TSEQ1,LOCAL
643,TSEQ1-E1,TSEQ1,REMOTE
644,TSEQ1-E1,TSEQ1,REMOTE
645,TSEQ1-E1,TSEQ1,REMOTE
646,TSEQ1-E1,TSEQ1,REMOTE
647,TSEQ1-E1,TSEQ1,REMOTE
648,TSEQ1-E1,TSEQ1,REMOTE
649,TSEQ1-E1,TSEQ1,REMOTE
650,TSEQ1-E1,TSEQ1,REMOTE
651,TSEQ1-E1,TSEQ1,REMOTE
652,TSEQ1-E1,TSEQ1,REMOTE
653,TSEQ1-E1,TSEQ1,REMOTE
654,TSEQ1-E1,TSEQ1,REMOTE
655,TSEQ1-E1,TSEQ1,REMOTE
656,TSEQ1-E1,TSEQ1,REMOTE
657,TSEQ1-E1,TSEQ1,REMOTE
658,TSEQ1-E1,TSEQ1,REMOTE
659,TSEQ1-E1,TSEQ1,REMOTE
660,TSEQ1-E1,TSEQ1,REMOTE
661,TSEQ1-E1,TSEQ1,REMOTE
662,TSEQ1-E1,TSEQ1,REMOTE
663,TSEQ1-E1,TSEQ1,REMOTE
664,TSEQ1-E1,TSEQ1,REMOTE
665,TSEQ1-E1,TSEQ1,REMOTE
666,TSEQ1-E1,TSEQ1,REMOTE
667,TSEQ1-E1,TSEQ1,REMOTE
668,TSEQ1-E1,TSEQ1,REMOTE
669,TSEQ1-E1,TSEQ1,REMOTE
670,TSEQ1-E1,TSEQ1,REMOTE
671,TSEQ1-E1,TSEQ1,REMOTE
672,TSEQ1-E1,TSEQ1,REMOTE
673,TSEQ1-E1,TSEQ1,REMOTE
674,TSEQ1-E1,TSEQ1,REMOTE
675,TSEQ1-E1,TSEQ1,REMOTE
676,TSEQ1-E1,TSEQ1,REMOTE
677,TSEQ1-E1,TSEQ1,REMOTE
678,TSEQ1-E1,TSEQ1,REMOTE
679,TSEQ1-E1,TSEQ1,REMOTE
680,TSEQ1-E1,TSEQ1,REMOTE
681,TSEQ1-E1,TSEQ1,REMOTE
682,TSEQ1-E1,TSEQ1,REMOTE
683,TSEQ1-E1,TSEQ1,REMOTE
684,TSEQ1-E1,TSEQ1,REMOTE
685,TSEQ1-E1,TSEQ1,REMOTE
686,TSEQ1-E1,TSEQ1,REMOTE
687,TSEQ1-E1,TSEQ1,REMOTE
688,TSEQ1-E1,TSEQ1,REMOTE
689,TSEQ1-E1,TSEQ1,REMOTE
690,TSEQ1-E1,TSEQ1,REMOTE
691,TSEQ1-E1,TSEQ1,REMOTE
692,TSEQ1-E1,TSEQ1,REMOTE
693,TSEQ1-E1,TSEQ1,REMOTE
694,TSEQ1-E1,TSEQ1,REMOTE
695,TSEQ1-E1,TSEQ1,REMOTE
696,TSEQ1-E1,TSEQ1,REMOTE
697,TSEQ1-E1,TSEQ1,REMOTE
698,TSEQ1-E1,TSEQ1,REMOTE
699,TSEQ1-E1,TSEQ1,REMOTE
700,TSEQ2-E1,TSEQ2,REMOTE
701,TSEQ2-E1,TSEQ2,REMOTE
702,TSEQ2-E1,TSEQ2,LOCAL
703,TSEQ2-E1,TSEQ2,REMOTE
704,TSEQ2-E1,TSEQ2,LOCAL
705,TSEQ2-E1,TSEQ2,REMOTE
706,TSEQ2-E1,TSEQ2,REMOTE
707,TSEQ2-E1,TSEQ2,REMOTE
708,TSEQ2-E1,TSEQ2,LOCAL
709,TSEQ2-E1,TSEQ2,REMOTE
710,TSEQ2-E1,TSEQ2,REMOTE
711,TSEQ2-E1,TSEQ2,LOCAL
712,TSEQ2-E1,TSEQ2,LOCAL
713,TSEQ2-E1,TSEQ2,REMOTE
714,TSEQ2-E1,TSEQ2,REMOTE
715,TSEQ2-E1,TSEQ2,REMOTE
716,TSEQ2-E1,TSEQ2,LOCAL
717,TSEQ2-E1,TSEQ2,REMOTE
718,TSEQ2-E1,TSEQ2,REMOTE
719,TSEQ2-E1,TSEQ2,REMOTE
720,TSEQ2-E1,TSEQ2,REMOTE
721,TSEQ2-E1,TSEQ2,LOCAL
722,TSEQ2-E1,TSEQ2,REMOTE
723,TSEQ2-E1,TSEQ2,REMOTE
724,TSEQ2-E1,TSEQ2,LOCAL
725,TSEQ2-E1,TSEQ2,LOCAL
726,TSEQ2-E1,TSEQ2,LOCAL
727,TSEQ2-E1,TSEQ2,REMOTE
728,TSEQ2-E1,TSEQ2,LOCAL
729,TSEQ2-E1,TSEQ2,LOCAL
730,TSEQ2-E1,TSEQ2,LOCAL
731,TSEQ2-E1,TSEQ2,LOCAL
732,TSEQ2-E1,TSEQ2,REMOTE
733,TSEQ2-E1,TSEQ2,REMOTE
734,TSEQ2-E1,TSEQ2,REMOTE
735,TSEQ2-E1,TSEQ2,REMOTE
736,TSEQ2-E1,TSEQ2,REMOTE
737,TSEQ2-E1,TSEQ2,REMOTE
738,TSEQ2-E1,TSEQ2,LOCAL
739,TSEQ2-E1,TSEQ2,REMOTE
740,TSEQ2-E1,TSEQ2,LOCAL
741,TSEQ2-E1,TSEQ2,LOCAL
742,TSEQ2-E1,TSEQ2,REMOTE
743,TSEQ2-E1,TSEQ2,LOCAL
744,TSEQ2-E1,TSEQ2,LOCAL
745,TSEQ2-E1,TSEQ2,REMOTE
746,TSEQ2-E1,TSEQ2,REMOTE
747,TSEQ2-E1,TSEQ2,LOCAL
748,TSEQ2-E1,TSEQ2,REMOTE
749,TSEQ2-E1,TSEQ2,LOCAL
750,TSEQ2-E1,TSEQ2,REMOTE
751,TSEQ2-E1,TSEQ2,REMOTE
752,TSEQ2-E1,TSEQ2,LOCAL
753,TSEQ2-E1,TSEQ2,REMOTE
754,TSEQ2-E1,TSEQ2,LOCAL
755,TSEQ2-E1,TSEQ2,REMOTE
756,TSEQ2-E1,TSEQ2,REMOTE
757,TSEQ2-E1,TSEQ2,LOCAL
758,TSEQ2-E1,TSEQ2,REMOTE
759,TSEQ2-E1,TSEQ2,LOCAL
760,TSEQ2-E1,TSEQ2,LOCAL
761,TSEQ2-E1,TSEQ2,REMOTE
762,TSEQ2-E1,TSEQ2,LOCAL
763,TSEQ2-E1,TSEQ2,LOCAL
764,TSEQ2-E1,TSEQ2,LOCAL
765,TSEQ2-E1,TSEQ2,REMOTE
766,TSEQ2-E1,TSEQ2,LOCAL
767,TSEQ2-E1,TSEQ2,LOCAL
768,TSEQ2-E1,TSEQ2,LOCAL
769,TSEQ2-E1,TSEQ2,REMOTE
770,TSEQ2-E1,TSEQ2,REMOTE
771,TSEQ2-E1,TSEQ2,REMOTE
772,TSEQ2-E1,TSEQ2,REMOTE
773,TSEQ2-E1,TSEQ2,REMOTE
774,TSEQ2-E1,TSEQ2,LOCAL
775,TSEQ2-E1,TSEQ2,REMOTE
776,TSEQ2-E1,TSEQ2,LOCAL
777,TSEQ2-E1,TSEQ2,REMOTE
778,TSEQ2-E1,TSEQ2,REMOTE
779,TSEQ2-E1,TSEQ2,LOCAL
780,TSEQ2-E1,TSEQ2,REMOTE
781,TSEQ2-E1,TSEQ2,LOCAL
782,TSEQ2-E1,TSEQ2,LOCAL
783,TSEQ2-E1,TSEQ2,LOCAL
784,TSEQ2-E1,TSEQ2,LOCAL
785,TSEQ2-E1,TSEQ2,REMOTE
786,TSEQ2-E1,TSEQ2,LOCAL
787,TSEQ2-E1,TSEQ2,LOCAL
788,TSEQ2-E1,TSEQ2,LOCAL
789,TSEQ2-E1,TSEQ2,LOCAL
790,TSEQ2-E1,TSEQ2,LOCAL
791,TSEQ2-E1,TSEQ2,LOCAL
792,TSEQ2-E1,TSEQ2,REMOTE
793,TSEQ2-E1,TSEQ2,LOCAL
794,TSEQ2-E1,TSEQ2,LOCAL
795,TSEQ2-E1,TSEQ2,LOCAL
796,TSEQ2-E1,TSEQ2,LOCAL
797,TSEQ2-E1,TSEQ2,REMOTE
798,TSEQ2-E1,TSEQ2,LOCAL
799,TSEQ2-E1,TSEQ2,REMOTE
800,TSEQ3-E1,TSEQ3,LOCAL
801,TSEQ3-E1,TSEQ3,REMOTE
802,TSEQ3-E1,TSEQ3,CLOUD
803,TSEQ3-E1,TSEQ3,LOCAL
804,TSEQ3-E1,TSEQ3,REMOTE
805,TSEQ3-E1,TSEQ3,CLOUD
806,TSEQ3-E1,TSEQ3,LOCAL
807,TSEQ3-E1,TSEQ3,REMOTE
808,TSEQ3-E1,TSEQ3,CLOUD
809,TSEQ3-E1,TSEQ3,LOCAL
810,TSEQ3-E1,TSEQ3,REMOTE
811,TSEQ3-E1,TSEQ3,CLOUD
812,TSEQ3-E1,TSEQ3,LOCAL
813,TSEQ3-E1,TSEQ3,REMOTE
814,TSEQ3-E1,TSEQ3,CLOUD
815,TSEQ3-E1,TSEQ3,LOCAL
816,TSEQ3-E1,TSEQ3,REMOTE
817,TSEQ3-E1,TSEQ3,CLOUD
818,TSEQ3-E1,TSEQ3,LOCAL
819,TSEQ3-E1,TSEQ3,REMOTE
820,TSEQ3-E1,TSEQ3,CLOUD
821,TSEQ3-E1,TSEQ3,LOCAL
822,TSEQ3-E1,TSEQ3,REMOTE
823,TSEQ3-E1,TSEQ3,CLOUD
824,TSEQ3-E1,TSEQ3,LOCAL
825,TSEQ3-E1,TSEQ3,REMOTE
826,TSEQ3-E1,TSEQ3,CLOUD
827,TSEQ3-E1,TSEQ3,LOCAL
828,TSEQ3-E1,TSEQ3,REMOTE
829,TSEQ3-E1,TSEQ3,CLOUD
830,TSEQ3-E1,TSEQ3,LOCAL
831,TSEQ3-E1,TSEQ3,REMOTE
832,TSEQ3-E1,TSEQ3,CLOUD
833,TSEQ3-E1,TSEQ3,LOCAL
834,TSEQ3-E1,TSEQ3,REMOTE
835,TSEQ3-E1,TSEQ3,CLOUD
836,TSEQ3-E1,TSEQ3,LOCAL
837,TSEQ3-E1,TSEQ3,REMOTE
838,TSEQ3-E1,TSEQ3,CLOUD
839,TSEQ3-E1,TSEQ3,LOCAL
840,TSEQ3-E1,TSEQ3,REMOTE
841,TSEQ3-E1,TSEQ3,CLOUD
842,TSEQ3-E1,TSEQ3,LOCAL
843,TSEQ3-E1,TSEQ3,REMOTE
844,TSEQ3-E1,TSEQ3,CLOUD
845,TSEQ3-E1,TSEQ3,LOCAL
846,TSEQ3-E1,TSEQ3,REMOTE
847,TSEQ3-E1,TSEQ3,CLOUD
848,TSEQ3-E1,TSEQ3,LOCAL
849,TSEQ3-E1,TSEQ3,REMOTE
850,TSEQ3-E1,TSEQ3,CLOUD
851,TSEQ3-E1,TSEQ3,LOCAL
852,TSEQ3-E1,TSEQ3,REMOTE
853,TSEQ3-E1,TSEQ3,CLOUD
854,TSEQ3-E1,TSEQ3,LOCAL
855,TSEQ3-E1,TSEQ3,REMOTE
856,TSEQ3-E1,TSEQ3,CLOUD
857,TSEQ3-E1,TSEQ3,LOCAL
858,TSEQ3-E1,TSEQ3,REMOTE
859,TSEQ3-E1,TSEQ3,CLOUD
860,TSEQ3-E1,TSEQ3,LOCAL
861,TSEQ3-E1,TSEQ3,REMOTE
862,TSEQ3-E1,TSEQ3,CLOUD
863,TSEQ3-E1,TSEQ3,LOCAL
864,TSEQ3-E1,TSEQ3,REMOTE
865,TSEQ3-E1,TSEQ3,CLOUD
866,TSEQ3-E1,TSEQ3,LOCAL
867,TSEQ3-E1,TSEQ3,REMOTE
868,TSEQ3-E1,TSEQ3,CLOUD
869,TSEQ3-E1,TSEQ3,LOCAL
870,TSEQ3-E1,TSEQ3,REMOTE
871,TSEQ3-E1,TSEQ3,CLOUD
872,TSEQ3-E1,TSEQ3,LOCAL
873,TSEQ3-E1,TSEQ3,REMOTE
874,TSEQ3-E1,TSEQ3,CLOUD
875,TSEQ3-E1,TSEQ3,LOCAL
876,TSEQ3-E1,TSEQ3,REMOTE
877,TSEQ3-E1,TSEQ3,CLOUD
878,TSEQ3-E1,TSEQ3,LOCAL
879,TSEQ3-E1,TSEQ3,REMOTE
880,TSEQ3-E1,TSEQ3,CLOUD
881,TSEQ3-E1,TSEQ3,LOCAL
882,TSEQ3-E1,TSEQ3,REMOTE
883,TSEQ3-E1,TSEQ3,CLOUD
884,TSEQ3-E1,TSEQ3,LOCAL
885,TSEQ3-E1,TSEQ3,REMOTE
886,TSEQ3-E1,TSEQ3,CLOUD
887,TSEQ3-E1,TSEQ3,LOCAL
888,TSEQ3-E1,TSEQ3,REMOTE
889,TSEQ3-E1,TSEQ3,CLOUD
890,TSEQ3-E1,TSEQ3,LOCAL
891,TSEQ3-E1,TSEQ3,REMOTE
892,TSEQ3-E1,TSEQ3,CLOUD
893,TSEQ3-E1,TSEQ3,LOCAL
894,TSEQ3-E1,TSEQ3,REMOTE
895,TSEQ3-E1,TSEQ3,CLOUD
896,TSEQ3-E1,TSEQ3,LOCAL
897,TSEQ3-E1,TSEQ3,REMOTE
898,TSEQ3-E1,TSEQ3,CLOUD
899,TSEQ3-E1,TSEQ3,LOCAL
900,TSEQ4-E1,TSEQ4,REMOTE
901,TSEQ4-E1,TSEQ4,LOCAL
902,TSEQ4-E1,TSEQ4,CLOUD
903,TSEQ4-E1,TSEQ4,REMOTE
904,TSEQ4-E1,TSEQ4,LOCAL
905,TSEQ4-E1,TSEQ4,CLOUD
906,TSEQ4-E1,TSEQ4,REMOTE
907,TSEQ4-E1,TSEQ4,LOCAL
908,TSEQ4-E1,TSEQ4,CLOUD
909,TSEQ4-E1,TSEQ4,REMOTE
910,TSEQ4-E1,TSEQ4,LOCAL
911,TSEQ4-E1,TSEQ4,CLOUD
912,TSEQ4-E1,TSEQ4,REMOTE
913,TSEQ4-E1,TSEQ4,LOCAL
914,TSEQ4-E1,TSEQ4,CLOUD
915,TSEQ4-E1,TSEQ4,REMOTE
916,TSEQ4-E1,TSEQ4,LOCAL
917,TSEQ4-E1,TSEQ4,CLOUD
918,TSEQ4-E1,TSEQ4,REMOTE
919,TSEQ4-E1,TSEQ4,LOCAL
920,TSEQ4-E1,TSEQ4,CLOUD
921,TSEQ4-E1,TSEQ4,REMOTE
922,TSEQ4-E1,TSEQ4,LOCAL
923,TSEQ4-E1,TSEQ4,CLOUD
924,TSEQ4-E1,TSEQ4,REMOTE
925,TSEQ4-E1,TSEQ4,LOCAL
926,TSEQ4-E1,TSEQ4,CLOUD
927,TSEQ4-E1,TSEQ4,REMOTE
928,TSEQ4-E1,TSEQ4,LOCAL
929,TSEQ4-E1,TSEQ4,CLOUD
930,TSEQ4-E1,TSEQ4,REMOTE
931,TSEQ4-E1,TSEQ4,LOCAL
932,TSEQ4-E1,TSEQ4,CLOUD
933,TSEQ4-E1,TSEQ4,REMOTE
934,TSEQ4-E1,TSEQ4,LOCAL
935,TSEQ4-E1,TSEQ4,CLOUD
936,TSEQ4-E1,TSEQ4,REMOTE
937,TSEQ4-E1,TSEQ4,LOCAL
938,TSEQ4-E1,TSEQ4,CLOUD
939,TSEQ4-E1,TSEQ4,REMOTE
940,TSEQ4-E1,TSEQ4,LOCAL
941,TSEQ4-E1,TSEQ4,CLOUD
942,TSEQ4-E1,TSEQ4,REMOTE
943,TSEQ4-E1,TSEQ4,LOCAL
944,TSEQ4-E1,TSEQ4,CLOUD
945,TSEQ4-E1,TSEQ4,REMOTE
946,TSEQ4-E1,TSEQ4,LOCAL
947,TSEQ4-E1,TSEQ4,CLOUD
948,TSEQ4-E1,TSEQ4,REMOTE
949,TSEQ4-E1,TSEQ4,LOCAL
950,TSEQ4-E1,TSEQ4,CLOUD
951,TSEQ4-E1,TSEQ4,REMOTE
952,TSEQ4-E1,TSEQ4,LOCAL
953,TSEQ4-E1,TSEQ4,CLOUD
954,TSEQ4-E1,TSEQ4,REMOTE
955,TSEQ4-E1,TSEQ4,LOCAL
956,TSEQ4-E1,TSEQ4,CLOUD
957,TSEQ4-E1,TSEQ4,REMOTE
958,TSEQ4-E1,TSEQ4,LOCAL
959,TSEQ4-E1,TSEQ4,CLOUD
960,TSEQ4-E1,TSEQ4,REMOTE
961,TSEQ4-E1,TSEQ4,LOCAL
962,TSEQ4-E1,TSEQ4,CLOUD
963,TSEQ4-E1,TSEQ4,REMOTE
964,TSEQ4-E1,TSEQ4,LOCAL
965,TSEQ4-E1,TSEQ4,CLOUD
966,TSEQ4-E1,TSEQ4,REMOTE
967,TSEQ4-E1,TSEQ4,LOCAL
968,TSEQ4-E1,TSEQ4,CLOUD
969,TSEQ4-E1,TSEQ4,REMOTE
970,TSEQ4-E1,TSEQ4,LOCAL
971,TSEQ4-E1,TSEQ4,CLOUD
972,TSEQ4-E1,TSEQ4,REMOTE
973,TSEQ4-E1,TSEQ4,LOCAL
974,TSEQ4-E1,TSEQ4,CLOUD
975,TSEQ4-E1,TSEQ4,REMOTE
976,TSEQ4-E1,TSEQ4,LOCAL
977,TSEQ4-E1,TSEQ4,CLOUD
978,TSEQ4-E1,TSEQ4,REMOTE
979,TSEQ4-E1,TSEQ4,LOCAL
980,TSEQ4-E1,TSEQ4,CLOUD
981,TSEQ4-E1,TSEQ4,REMOTE
982,TSEQ4-E1,TSEQ4,LOCAL
983,TSEQ4-E1,TSEQ4,CLOUD
984,TSEQ4-E1,TSEQ4,REMOTE
985,TSEQ4-E1,TSEQ4,LOCAL
986,TSEQ4-E1,TSEQ4,CLOUD
987,TSEQ4-E1,TSEQ4,REMOTE
988,TSEQ4-E1,TSEQ4,LOCAL
989,TSEQ4-E1,TSEQ4,CLOUD
990,TSEQ4-E1,TSEQ4,REMOTE
991,TSEQ4-E1,TSEQ4,LOCAL
992,TSEQ4-E1,TSEQ4,CLOUD
993,TSEQ4-E1,TSEQ4,REMOTE
994,TSEQ4-E1,TSEQ4,LOCAL
995,TSEQ4-E1,TSEQ4,CLOUD
996,TSEQ4-E1,TSEQ4,REMOTE
997,TSEQ4-E1,TSEQ4,LOCAL
998,TSEQ4-E1,TSEQ4,CLOUD
999,TSEQ4-E1,TSEQ4,REMOTE
1000,TSEQ0-E2,TSEQ0,LOCAL
1001,TSEQ0-E2,TSEQ0,LOCAL
1002,TSEQ0-E2,TSEQ0,LOCAL
1003,TSEQ0-E2,TSEQ0,LOCAL
1004,TSEQ0-E2,TSEQ0,LOCAL
1005,TSEQ0-E2,TSEQ0,LOCAL
1006,TSEQ0-E2,TSEQ0,LOCAL
1007,TSEQ0-E2,TSEQ0,LOCAL
1008,TSEQ0-E2,TSEQ0,LOCAL
1009,TSEQ0-E2,TSEQ0,LOCAL
1010,TSEQ0-E2,TSEQ0,LOCAL
1011,TSEQ0-E2,TSEQ0,LOCAL
1012,TSEQ0-E2,TSEQ0,LOCAL
1013,TSEQ0-E2,TSEQ0,LOCAL
1014,TSEQ0-E2,TSEQ0,LOCAL
1015,TSEQ0-E2,TSEQ0,LOCAL
1016,TSEQ0-E2,TSEQ0,LOCAL
1017,TSEQ0-E2,TSEQ0,LOCAL
1018,TSEQ0-E2,TSEQ0,LOCAL
1019,TSEQ0-E2,TSEQ0,LOCAL
1020,TSEQ0-E2,TSEQ0,LOCAL
1021,TSEQ0-E2,TSEQ0,LOCAL
1022,TSEQ0-E2,TSEQ0,LOCAL
1023,TSEQ0-E2,TSEQ0,LOCAL
1024,TSEQ0-E2,TSEQ0,LOCAL
1025,TSEQ0-E2,TSEQ0,LOCAL
1026,TSEQ0-E2,TSEQ0,LOCAL
1027,TSEQ0-E2,TSEQ0,LOCAL
1028,TSEQ0-E2,TSEQ0,LOCAL
1029,TSEQ0-E2,TSEQ0,LOCAL
1030,TSEQ0-E2,TSEQ0,LOCAL
1031,TSEQ0-E2,TSEQ0,LOCAL
1032,TSEQ0-E2,TSEQ0,LOCAL
1033,TSEQ0-E2,TSEQ0,LOCAL
1034,TSEQ0-E2,TSEQ0,LOCAL
1035,TSEQ0-E2,TSEQ0,LOCAL
1036,TSEQ0-E2,TSEQ0,LOCAL
1037,TSEQ0-E2,TSEQ0,LOCAL
1038,TSEQ0-E2,TSEQ0,LOCAL
1039,TSEQ0-E2,TSEQ0,LOCAL
1040,TSEQ0-E2,TSEQ0,LOCAL
1041,TSEQ0-E2,TSEQ0,LOCAL
1042,TSEQ0-E2,TSEQ0,LOCAL
1043,TSEQ0-E2,TSEQ0,LOCAL
1044,TSEQ0-E2,TSEQ0,LOCAL
1045,TSEQ0-E2,TSEQ0,LOCAL
1046,TSEQ0-E2,TSEQ0,LOCAL
1047,TSEQ0-E2,TSEQ0,LOCAL
1048,TSEQ0-E2,TSEQ0,LOCAL
1049,TSEQ0-E2,TSEQ0,LOCAL
1050,TSEQ0-E2,TSEQ0,LOCAL
1051,TSEQ0-E2,TSEQ0,LOCAL
1052,TSEQ0-E2,TSEQ0,LOCAL
1053,TSEQ0-E2,TSEQ0,LOCAL
1054,TSEQ0-E2,TSEQ0,LOCAL
1055,TSEQ0-E2,TSEQ0,LOCAL
1056,TSEQ0-E2,TSEQ0,LOCAL
1057,TSEQ0-E2,TSEQ0,LOCAL
1058,TSEQ0-E2,TSEQ0,LOCAL
1059,TSEQ0-E2,TSEQ0,LOCAL
1060,TSEQ0-E2,TSEQ0,LOCAL
1061,TSEQ0-E2,TSEQ0,LOCAL
1062,TSEQ0-E2,TSEQ0,LOCAL
1063,TSEQ0-E2,TSEQ0,LOCAL
1064,TSEQ0-E2,TSEQ0,LOCAL
1065,TSEQ0-E2,TSEQ0,LOCAL
1066,TSEQ0-E2,TSEQ0,LOCAL
1067,TSEQ0-E2,TSEQ0,LOCAL
1068,TSEQ0-E2,TSEQ0,LOCAL
1069,TSEQ0-E2,TSEQ0,LOCAL
1070,TSEQ0-E2,TSEQ0,LOCAL
1071,TSEQ0-E2,TSEQ0,LOCAL
1072,TSEQ0-E2,TSEQ0,LOCAL
1073,TSEQ0-E2,TSEQ0,LOCAL
1074,TSEQ0-E2,TSEQ0,LOCAL
1075,TSEQ0-E2,TSEQ0,LOCAL
1076,TSEQ0-E2,TSEQ0,LOCAL
1077,TSEQ0-E2,TSEQ0,LOCAL
1078,TSEQ0-E2,TSEQ0,LOCAL
1079,TSEQ0-E2,TSEQ0,LOCAL
1080,TSEQ0-E2,TSEQ0,LOCAL
1081,TSEQ0-E2,TSEQ0,LOCAL
1082,TSEQ0-E2,TSEQ0,LOCAL
1083,TSEQ0-E2,TSEQ0,LOCAL
1084,TSEQ0-E2,TSEQ0,LOCAL
1085,TSEQ0-E2,TSEQ0,LOCAL
1086,TSEQ0-E2,TSEQ0,LOCAL
1087,TSEQ0-E2,TSEQ0,LOCAL
1088,TSEQ0-E2,TSEQ0,LOCAL
1089,TSEQ0-E2,TSEQ0,LOCAL
1090,TSEQ0-E2,TSEQ0,LOCAL
1091,TSEQ0-E2,TSEQ0,LOCAL
1092,TSEQ0-E2,TSEQ0,LOCAL
1093,TSEQ0-E2,TSEQ0,LOCAL
1094,TSEQ0-E2,TSEQ0,LOCAL
1095,TSEQ0-E2,TSEQ0,LOCAL
1096,TSEQ0-E2,TSEQ0,LOCAL
1097,TSEQ0-E2,TSEQ0,LOCAL
1098,TSEQ0-E2,TSEQ0,LOCAL
1099,TSEQ0-E2,TSEQ0,LOCAL
1100,TSEQ1-E2,TSEQ1,REMOTE
1101,TSEQ1-E2,TSEQ1,REMOTE
1102,TSEQ1-E2,TSEQ1,REMOTE
1103,TSEQ1-E2,TSEQ1,REMOTE
1104,TSEQ1-E2,TSEQ1,REMOTE
1105,TSEQ1-E2,TSEQ1,REMOTE
1106,TSEQ1-E2,TSEQ1,REMOTE
1107,TSEQ1-E2,TSEQ1,REMOTE
1108,TSEQ1-E2,TSEQ1,REMOTE
1109,TSEQ1-E2,TSEQ1,LOCAL
1110,TSEQ1-E2,TSEQ1,REMOTE
1111,TSEQ1-E2,TSEQ1,REMOTE
1112,TSEQ1-E2,TSEQ1,REMOTE
1113,TSEQ1-E2,TSEQ1,REMOTE
1114,TSEQ1-E2,TSEQ1,REMOTE
1115,TSEQ1-E2,TSEQ1,REMOTE
1116,TSEQ1-E2,TSEQ1,REMOTE
1117,TSEQ1-E2,TSEQ1,REMOTE
1118,TSEQ1-E2,TSEQ1,REMOTE
1119,TSEQ1-E2,TSEQ1,REMOTE
1120,TSEQ1-E2,TSEQ1,REMOTE
1121,TSEQ1-E2,TSEQ1,REMOTE
1122,TSEQ1-E2,TSEQ1,REMOTE
1123,TSEQ1-E2,TSEQ1,REMOTE
1124,TSEQ1-E2,TSEQ1,REMOTE
1125,TSEQ1-E2,TSEQ1,REMOTE
1126,TSEQ1-E2,TSEQ1,REMOTE
1127,TSEQ1-E2,TSEQ1,REMOTE
1128,TSEQ1-E2,TSEQ1,REMOTE
1129,TSEQ1-E2,TSEQ1,REMOTE
1130,TSEQ1-E2,TSEQ1,REMOTE
1131,TSEQ1-E2,TSEQ1,REMOTE
1132,TSEQ1-E2,TSEQ1,REMOTE
1133,TSEQ1-E2,TSEQ1,REMOTE
1134,TSEQ1-E2,TSEQ1,REMOTE
1135,TSEQ1-E2,TSEQ1,REMOTE
1136,TSEQ1-E2,TSEQ1,REMOTE
1137,TSEQ1-E2,TSEQ1,REMOTE
1138,TSEQ1-E2,TSEQ1,REMOTE
1139,TSEQ1-E2,TSEQ1,REMOTE
1140,TSEQ1-E2,TSEQ1,REMOTE
1141,TSEQ1-E2,TSEQ1,REMOTE
1142,TSEQ1-E2,TSEQ1,REMOTE
1143,TSEQ1-E2,TSEQ1,REMOTE
1144,TSEQ1-E2,TSEQ1,REMOTE
1145,TSEQ1-E2,TSEQ1,REMOTE
1146,TSEQ1-E2,TSEQ1,REMOTE
1147,TSEQ1-E2,TSEQ1,REMOTE
1148,TSEQ1-E2,TSEQ1,REMOTE
1149,TSEQ1-E2,TSEQ1,REMOTE
1150,TSEQ1-E2,TSEQ1,REMOTE
1151,TSEQ1-E2,TSEQ1,REMOTE
1152,TSEQ1-E2,TSEQ1,REMOTE
1153,TSEQ1-E2,TSEQ1,REMOTE
1154,TSEQ1-E2,TSEQ1,REMOTE
1155,TSEQ1-E2,TSEQ1,REMOTE
1156,TSEQ1-E2,TSEQ1,REMOTE
1157,TSEQ1-E2,TSEQ1,REMOTE
1158,TSEQ1-E2,TSEQ1,REMOTE
1159,TSEQ1-E2,TSEQ1,REMOTE
1160,TSEQ1-E2,TSEQ1,REMOTE
1161,TSEQ1-E2,TSEQ1,REMOTE
1162,TSEQ1-E2,TSEQ1,REMOTE
1163,TSEQ1-E2,TSEQ1,REMOTE
1164,TSEQ1-E2,TSEQ1,REMOTE
1165,TSEQ1-E2,TSEQ1,REMOTE
1166,TSEQ1-E2,TSEQ1,REMOTE
1167,TSEQ1-E2,TSEQ1,REMOTE
1168,TSEQ1-E2,TSEQ1,REMOTE
1169,TSEQ1-E2,TSEQ1,REMOTE
1170,TSEQ1-E2,TSEQ1,REMOTE
1171,TSEQ1-E2,TSEQ1,REMOTE
1172,TSEQ1-E2,TSEQ1,REMOTE
1173,TSEQ1-E2,TSEQ1,REMOTE
1174,TSEQ1-E2,TSEQ1,REMOTE
1175,TSEQ1-E2,TSEQ1,REMOTE
1176,TSEQ1-E2,TSEQ1,REMOTE
1177,TSEQ1-E2,TSEQ1,REMOTE
1178,TSEQ1-E2,TSEQ1,REMOTE
1179,TSEQ1-E2,TSEQ1,REMOTE
1180,TSEQ1-E2,TSEQ1,REMOTE
1181,TSEQ1-E2,TSEQ1,REMOTE
1182,TSEQ1-E2,TSEQ1,REMOTE
1183,TSEQ1-E2,TSEQ1,REMOTE
1184,TSEQ1-E2,TSEQ1,REMOTE
1185,TSEQ1-E2,TSEQ1,REMOTE
1186,TSEQ1-E2,TSEQ1,REMOTE
1187,TSEQ1-E2,TSEQ1,REMOTE
1188,TSEQ1-E2,TSEQ1,REMOTE
1189,TSEQ1-E2,TSEQ1,REMOTE
1190,TSEQ1-E2,TSEQ1,REMOTE
1191,TSEQ1-E2,TSEQ1,REMOTE
1192,TSEQ1-E2,TSEQ1,REMOTE
1193,TSEQ1-E2,TSEQ1,REMOTE
1194,TSEQ1-E2,TSEQ1,REMOTE
1195,TSEQ1-E2,TSEQ1,REMOTE
1196,TSEQ1-E2,TSEQ1,REMOTE
1197,TSEQ1-E2,TSEQ1,REMOTE
1198,TSEQ1-E2,TSEQ1,REMOTE
1199,TSEQ1-E2,TSEQ1,REMOTE
1200,TSEQ2-E2,TSEQ2,LOCAL
1201,TSEQ2-E2,TSEQ2,LOCAL
1202,TSEQ2-E2,TSEQ2,LOCAL
1203,TSEQ2-E2,TSEQ2,LOCAL
1204,TSEQ2-E2,TSEQ2,LOCAL
1205,TSEQ2-E2,TSEQ2,REMOTE
1206,TSEQ2-E2,TSEQ2,LOCAL
1207,TSEQ2-E2,TSEQ2,REMOTE
1208,TSEQ2-E2,TSEQ2,LOCAL
1209,TSEQ2-E2,TSEQ2,REMOTE
1210,TSEQ2-E2,TSEQ2,REMOTE
1211,TSEQ2-E2,TSEQ2,LOCAL
1212,TSEQ2-E2,TSEQ2,REMOTE
1213,TSEQ2-E2,TSEQ2,REMOTE
1214,TSEQ2-E2,TSEQ2,LOCAL
1215,TSEQ2-E2,TSEQ2,LOCAL
1216,TSEQ2-E2,TSEQ2,LOCAL
1217,TSEQ2-E2,TSEQ2,REMOTE
1218,TSEQ2-E2,TSEQ2,LOCAL
1219,TSEQ2-E2,TSEQ2,LOCAL
1220,TSEQ2-E2,TSEQ2,REMOTE
1221,TSEQ2-E2,TSEQ2,LOCAL
1222,TSEQ2-E2,TSEQ2,REMOTE
1223,TSEQ2-E2,TSEQ2,LOCAL
1224,TSEQ2-E2,TSEQ2,LOCAL
1225,TSEQ2-E2,TSEQ2,REMOTE
1226,TSEQ2-E2,TSEQ2,LOCAL
1227,TSEQ2-E2,TSEQ2,REMOTE
1228,TSEQ2-E2,TSEQ2,REMOTE
1229,TSEQ2-E2,TSEQ2,LOCAL
1230,TSEQ2-E2,TSEQ2,REMOTE
1231,TSEQ2-E2,TSEQ2,REMOTE
1232,TSEQ2-E2,TSEQ2,REMOTE
1233,TSEQ2-E2,TSEQ2,LOCAL
1234,TSEQ2-E2,TSEQ2,LOCAL
1235,TSEQ2-E2,TSEQ2,LOCAL
1236,TSEQ2-E2,TSEQ2,REMOTE
1237,TSEQ2-E2,TSEQ2,REMOTE
1238,TSEQ2-E2,TSEQ2,REMOTE
1239,TSEQ2-E2,TSEQ2,LOCAL
1240,TSEQ2-E2,TSEQ2,LOCAL
1241,TSEQ2-E2,TSEQ2,REMOTE
1242,TSEQ2-E2,TSEQ2,REMOTE
1243,TSEQ2-E2,TSEQ2,REMOTE
1244,TSEQ2-E2,TSEQ2,REMOTE
1245,TSEQ2-E2,TSEQ2,LOCAL
1246,TSEQ2-E2,TSEQ2,REMOTE
1247,TSEQ2-E2,TSEQ2,REMOTE
1248,TSEQ2-E2,TSEQ2,REMOTE
1249,TSEQ2-E2,TSEQ2,REMOTE
1250,TSEQ2-E2,TSEQ2,LOCAL
1251,TSEQ2-E2,TSEQ2,REMOTE
1252,TSEQ2-E2,TSEQ2,LOCAL
1253,TSEQ2-E2,TSEQ2,LOCAL
1254,TSEQ2-E2,TSEQ2,LOCAL
1255,TSEQ2-E2,TSEQ2,REMOTE
1256,TSEQ2-E2,TSEQ2,REMOTE
1257,TSEQ2-E2,TSEQ2,REMOTE
1258,TSEQ2-E2,TSEQ2,REMOTE
1259,TSEQ2-E2,TSEQ2,REMOTE
1260,TSEQ2-E2,TSEQ2,REMOTE
1261,TSEQ2-E2,TSEQ2,REMOTE
1262,TSEQ2-E2,TSEQ2,LOCAL
1263,TSEQ2-E2,TSEQ2,LOCAL
1264,TSEQ2-E2,TSEQ2,LOCAL
1265,TSEQ2-E2,TSEQ2,LOCAL
1266,TSEQ2-E2,TSEQ2,LOCAL
1267,TSEQ2-E2,TSEQ2,REMOTE
1268,TSEQ2-E2,TSEQ2,LOCAL
1269,TSEQ2-E2,TSEQ2,REMOTE
1270,TSEQ2-E2,TSEQ2,REMOTE
1271,TSEQ2-E2,TSEQ2,LOCAL
1272,TSEQ2-E2,TSEQ2,LOCAL
1273,TSEQ2-E2,TSEQ2,REMOTE
1274,TSEQ2-E2,TSEQ2,REMOTE
1275,TSEQ2-E2,TSEQ2,REMOTE
1276,TSEQ2-E2,TSEQ2,LOCAL
1277,TSEQ2-E2,TSEQ2,LOCAL
1278,TSEQ2-E2,TSEQ2,REMOTE
1279,TSEQ2-E2,TSEQ2,LOCAL
1280,TSEQ2-E2,TSEQ2,LOCAL
1281,TSEQ2-E2,TSEQ2,REMOTE
1282,TSEQ2-E2,TSEQ2,LOCAL
1283,TSEQ2-E2,TSEQ2,LOCAL
1284,TSEQ2-E2,TSEQ2,LOCAL
1285,TSEQ2-E2,TSEQ2,REMOTE
1286,TSEQ2-E2,TSEQ2,LOCAL
1287,TSEQ2-E2,TSEQ2,REMOTE
1288,TSEQ2-E2,TSEQ2,REMOTE
1289,TSEQ2-E2,TSEQ2,LOCAL
1290,TSEQ2-E2,TSEQ2,LOCAL
1291,TSEQ2-E2,TSEQ2,REMOTE
1292,TSEQ2-E2,TSEQ2,REMOTE
1293,TSEQ2-E2,TSEQ2,REMOTE
1294,TSEQ2-E2,TSEQ2,REMOTE
1295,TSEQ2-E2,TSEQ2,LOCAL
1296,TSEQ2-E2,TSEQ2,LOCAL
1297,TSEQ2-E2,TSEQ2,LOCAL
1298,TSEQ2-E2,TSEQ2,REMOTE
1299,TSEQ2-E2,TSEQ2,LOCAL
1300,TSEQ3-E2,TSEQ3,LOCAL
1301,TSEQ3-E2,TSEQ3,REMOTE
1302,TSEQ3-E2,TSEQ3,CLOUD
1303,TSEQ3-E2,TSEQ3,LOCAL
1304,TSEQ3-E2,TSEQ3,REMOTE
1305,TSEQ3-E2,TSEQ3,CLOUD
1306,TSEQ3-E2,TSEQ3,LOCAL
1307,TSEQ3-E2,TSEQ3,REMOTE
1308,TSEQ3-E2,TSEQ3,CLOUD
1309,TSEQ3-E2,TSEQ3,LOCAL
1310,TSEQ3-E2,TSEQ3,REMOTE
1311,TSEQ3-E2,TSEQ3,CLOUD
1312,TSEQ3-E2,TSEQ3,LOCAL
1313,TSEQ3-E2,TSEQ3,REMOTE
1314,TSEQ3-E2,TSEQ3,CLOUD
1315,TSEQ3-E2,TSEQ3,LOCAL
1316,TSEQ3-E2,TSEQ3,REMOTE
1317,TSEQ3-E2,TSEQ3,CLOUD
1318,TSEQ3-E2,TSEQ3,LOCAL
1319,TSEQ3-E2,TSEQ3,REMOTE
1320,TSEQ3-E2,TSEQ3,CLOUD
1321,TSEQ3-E2,TSEQ3,LOCAL
1322,TSEQ3-E2,TSEQ3,REMOTE
1323,TSEQ3-E2,TSEQ3,CLOUD
1324,TSEQ3-E2,TSEQ3,LOCAL
1325,TSEQ3-E2,TSEQ3,REMOTE
1326,TSEQ3-E2,TSEQ3,CLOUD
1327,TSEQ3-E2,TSEQ3,LOCAL
1328,TSEQ3-E2,TSEQ3,REMOTE
1329,TSEQ3-E2,TSEQ3,CLOUD
1330,TSEQ3-E2,TSEQ3,LOCAL
1331,TSEQ3-E2,TSEQ3,REMOTE
1332,TSEQ3-E2,TSEQ3,CLOUD
1333,TSEQ3-E2,TSEQ3,LOCAL
1334,TSEQ3-E2,TSEQ3,REMOTE
1335,TSEQ3-E2,TSEQ3,CLOUD
1336,TSEQ3-E2,TSEQ3,LOCAL
1337,TSEQ3-E2,TSEQ3,REMOTE
1338,TSEQ3-E2,TSEQ3,CLOUD
1339,TSEQ3-E2,TSEQ3,LOCAL
1340,TSEQ3-E2,TSEQ3,REMOTE
1341,TSEQ3-E2,TSEQ3,CLOUD
1342,TSEQ3-E2,TSEQ3,LOCAL
1343,TSEQ3-E2,TSEQ3,REMOTE
1344,TSEQ3-E2,TSEQ3,CLOUD
1345,TSEQ3-E2,TSEQ3,LOCAL
1346,TSEQ3-E2,TSEQ3,REMOTE
1347,TSEQ3-E2,TSEQ3,CLOUD
1348,TSEQ3-E2,TSEQ3,LOCAL
1349,TSEQ3-E2,TSEQ3,REMOTE
1350,TSEQ3-E2,TSEQ3,CLOUD
1351,TSEQ3-E2,TSEQ3,LOCAL
1352,TSEQ3-E2,TSEQ3,REMOTE
1353,TSEQ3-E2,TSEQ3,CLOUD
1354,TSEQ3-E2,TSEQ3,LOCAL
1355,TSEQ3-E2,TSEQ3,REMOTE
1356,TSEQ3-E2,TSEQ3,CLOUD
1357,TSEQ3-E2,TSEQ3,LOCAL
1358,TSEQ3-E2,TSEQ3,REMOTE
1359,TSEQ3-E2,TSEQ3,CLOUD
1360,TSEQ3-E2,TSEQ3,LOCAL
1361,TSEQ3-E2,TSEQ3,REMOTE
1362,TSEQ3-E2,TSEQ3,CLOUD
1363,TSEQ3-E2,TSEQ3,LOCAL
1364,TSEQ3-E2,TSEQ3,REMOTE
1365,TSEQ3-E2,TSEQ3,CLOUD
1366,TSEQ3-E2,TSEQ3,LOCAL
1367,TSEQ3-E2,TSEQ3,REMOTE
1368,TSEQ3-E2,TSEQ3,CLOUD
1369,TSEQ3-E2,TSEQ3,LOCAL
1370,TSEQ3-E2,TSEQ3,REMOTE
1371,TSEQ3-E2,TSEQ3,CLOUD
1372,TSEQ3-E2,TSEQ3,LOCAL
1373,TSEQ3-E2,TSEQ3,REMOTE
1374,TSEQ3-E2,TSEQ3,CLOUD
1375,TSEQ3-E2,TSEQ3,LOCAL
1376,TSEQ3-E2,TSEQ3,REMOTE
1377,TSEQ3-E2,TSEQ3,CLOUD
1378,TSEQ3-E2,TSEQ3,LOCAL
1379,TSEQ3-E2,TSEQ3,REMOTE
1380,TSEQ3-E2,TSEQ3,CLOUD
1381,TSEQ3-E2,TSEQ3,LOCAL
1382,TSEQ3-E2,TSEQ3,REMOTE
1383,TSEQ3-E2,TSEQ3,CLOUD
1384,TSEQ3-E2,TSEQ3,LOCAL
1385,TSEQ3-E2,TSEQ3,REMOTE
1386,TSEQ3-E2,TSEQ3,CLOUD
1387,TSEQ3-E2,TSEQ3,LOCAL
1388,TSEQ3-E2,TSEQ3,REMOTE
1389,TSEQ3-E2,TSEQ3,CLOUD
1390,TSEQ3-E2,TSEQ3,LOCAL
1391,TSEQ3-E2,TSEQ3,REMOTE
1392,TSEQ3-E2,TSEQ3,CLOUD
1393,TSEQ3-E2,TSEQ3,LOCAL
1394,TSEQ3-E2,TSEQ3,REMOTE
1395,TSEQ3-E2,TSEQ3,CLOUD
1396,TSEQ3-E2,TSEQ3,LOCAL
1397,TSEQ3-E2,TSEQ3,REMOTE
1398,TSEQ3-E2,TSEQ3,CLOUD
1399,TSEQ3-E2,TSEQ3,LOCAL
1400,TSEQ4-E2,TSEQ4,REMOTE
1401,TSEQ4-E2,TSEQ4,LOCAL
1402,TSEQ4-E2,TSEQ4,CLOUD
1403,TSEQ4-E2,TSEQ4,REMOTE
1404,TSEQ4-E2,TSEQ4,LOCAL
1405,TSEQ4-E2,TSEQ4,CLOUD
1406,TSEQ4-E2,TSEQ4,REMOTE
1407,TSEQ4-E2,TSEQ4,LOCAL
1408,TSEQ4-E2,TSEQ4,CLOUD
1409,TSEQ4-E2,TSEQ4,REMOTE
1410,TSEQ4-E2,TSEQ4,LOCAL
1411,TSEQ4-E2,TSEQ4,CLOUD
1412,TSEQ4-E2,TSEQ4,REMOTE
1413,TSEQ4-E2,TSEQ4,LOCAL
1414,TSEQ4-E2,TSEQ4,CLOUD
1415,TSEQ4-E2,TSEQ4,REMOTE
1416,TSEQ4-E2,TSEQ4,LOCAL
1417,TSEQ4-E2,TSEQ4,CLOUD
1418,TSEQ4-E2,TSEQ4,REMOTE
1419,TSEQ4-E2,TSEQ4,LOCAL
1420,TSEQ4-E2,TSEQ4,CLOUD
1421,TSEQ4-E2,TSEQ4,REMOTE
1422,TSEQ4-E2,TSEQ4,LOCAL
1423,TSEQ4-E2,TSEQ4,CLOUD
1424,TSEQ4-E2,TSEQ4,REMOTE
1425,TSEQ4-E2,TSEQ4,LOCAL
1426,TSEQ4-E2,TSEQ4,CLOUD
1427,TSEQ4-E2,TSEQ4,REMOTE
1428,TSEQ4-E2,TSEQ4,LOCAL
1429,TSEQ4-E2,TSEQ4,CLOUD
1430,TSEQ4-E2,TSEQ4,REMOTE
1431,TSEQ4-E2,TSEQ4,LOCAL
1432,TSEQ4-E2,TSEQ4,CLOUD
1433,TSEQ4-E2,TSEQ4,REMOTE
1434,TSEQ4-E2,TSEQ4,LOCAL
1435,TSEQ4-E2,TSEQ4,CLOUD
1436,TSEQ4-E2,TSEQ4,REMOTE
1437,TSEQ4-E2,TSEQ4,LOCAL
1438,TSEQ4-E2,TSEQ4,CLOUD
1439,TSEQ4-E2,TSEQ4,REMOTE
1440,TSEQ4-E2,TSEQ4,LOCAL
1441,TSEQ4-E2,TSEQ4,CLOUD
1442,TSEQ4-E2,TSEQ4,REMOTE
1443,TSEQ4-E2,TSEQ4,LOCAL
1444,TSEQ4-E2,TSEQ4,CLOUD
1445,TSEQ4-E2,TSEQ4,REMOTE
1446,TSEQ4-E2,TSEQ4,LOCAL
1447,TSEQ4-E2,TSEQ4,CLOUD
1448,TSEQ4-E2,TSEQ4,REMOTE
1449,TSEQ4-E2,TSEQ4,LOCAL
1450,TSEQ4-E2,TSEQ4,CLOUD
1451,TSEQ4-E2,TSEQ4,REMOTE
1452,TSEQ4-E2,TSEQ4,LOCAL
1453,TSEQ4-E2,TSEQ4,CLOUD
1454,TSEQ4-E2,TSEQ4,REMOTE
1455,TSEQ4-E2,TSEQ4,LOCAL
1456,TSEQ4-E2,TSEQ4,CLOUD
1457,TSEQ4-E2,TSEQ4,REMOTE
1458,TSEQ4-E2,TSEQ4,LOCAL
1459,TSEQ4-E2,TSEQ4,CLOUD
1460,TSEQ4-E2,TSEQ4,REMOTE
1461,TSEQ4-E2,TSEQ4,LOCAL
1462,TSEQ4-E2,TSEQ4,CLOUD
1463,TSEQ4-E2,TSEQ4,REMOTE
1464,TSEQ4-E2,TSEQ4,LOCAL
1465,TSEQ4-E2,TSEQ4,CLOUD
1466,TSEQ4-E2,TSEQ4,REMOTE
1467,TSEQ4-E2,TSEQ4,LOCAL
1468,TSEQ4-E2,TSEQ4,CLOUD
1469,TSEQ4-E2,TSEQ4,REMOTE
1470,TSEQ4-E2,TSEQ4,LOCAL
1471,TSEQ4-E2,TSEQ4,CLOUD
1472,TSEQ4-E2,TSEQ4,REMOTE
1473,TSEQ4-E2,TSEQ4,LOCAL
1474,TSEQ4-E2,TSEQ4,CLOUD
1475,TSEQ4-E2,TSEQ4,REMOTE
1476,TSEQ4-E2,TSEQ4,LOCAL
1477,TSEQ4-E2,TSEQ4,CLOUD
1478,TSEQ4-E2,TSEQ4,REMOTE
1479,TSEQ4-E2,TSEQ4,LOCAL
1480,TSEQ4-E2,TSEQ4,CLOUD
1481,TSEQ4-E2,TSEQ4,REMOTE
1482,TSEQ4-E2,TSEQ4,LOCAL
1483,TSEQ4-E2,TSEQ4,CLOUD
1484,TSEQ4-E2,TSEQ4,REMOTE
1485,TSEQ4-E2,TSEQ4,LOCAL
1486,TSEQ4-E2,TSEQ4,CLOUD
1487,TSEQ4-E2,TSEQ4,REMOTE
1488,TSEQ4-E2,TSEQ4,LOCAL
1489,TSEQ4-E2,TSEQ4,CLOUD
1490,TSEQ4-E2,TSEQ4,REMOTE
1491,TSEQ4-E2,TSEQ4,LOCAL
1492,TSEQ4-E2,TSEQ4,CLOUD
1493,TSEQ4-E2,TSEQ4,REMOTE
1494,TSEQ4-E2,TSEQ4,LOCAL
1495,TSEQ4-E2,TSEQ4,CLOUD
1496,TSEQ4-E2,TSEQ4,REMOTE
1497,TSEQ4-E2,TSEQ4,LOCAL
1498,TSEQ4-E2,TSEQ4,CLOUD
1499,TSEQ4-E2,TSEQ4,REMOTE
1500,TSEQ0-E3,TSEQ0,LOCAL
1501,TSEQ0-E3,TSEQ0,LOCAL
1502,TSEQ0-E3,TSEQ0,LOCAL
1503,TSEQ0-E3,TSEQ0,LOCAL
1504,TSEQ0-E3,TSEQ0,LOCAL
1505,TSEQ0-E3,TSEQ0,LOCAL
1506,TSEQ0-E3,TSEQ0,LOCAL
1507,TSEQ0-E3,TSEQ0,LOCAL
1508,TSEQ0-E3,TSEQ0,LOCAL
1509,TSEQ0-E3,TSEQ0,LOCAL
1510,TSEQ0-E3,TSEQ0,LOCAL
1511,TSEQ0-E3,TSEQ0,LOCAL
1512,TSEQ0-E3,TSEQ0,LOCAL
1513,TSEQ0-E3,TSEQ0,LOCAL
1514,TSEQ0-E3,TSEQ0,LOCAL
1515,TSEQ0-E3,TSEQ0,LOCAL
1516,TSEQ0-E3,TSEQ0,LOCAL
1517,TSEQ0-E3,TSEQ0,LOCAL
1518,TSEQ0-E3,TSEQ0,LOCAL
1519,TSEQ0-E3,TSEQ0,LOCAL
1520,TSEQ0-E3,TSEQ0,LOCAL
1521,TSEQ0-E3,TSEQ0,LOCAL
1522,TSEQ0-E3,TSEQ0,LOCAL
1523,TSEQ0-E3,TSEQ0,LOCAL
1524,TSEQ0-E3,TSEQ0,LOCAL
1525,TSEQ0-E3,TSEQ0,LOCAL
1526,TSEQ0-E3,TSEQ0,LOCAL
1527,TSEQ0-E3,TSEQ0,LOCAL
1528,TSEQ0-E3,TSEQ0,LOCAL
1529,TSEQ0-E3,TSEQ0,LOCAL
1530,TSEQ0-E3,TSEQ0,LOCAL
1531,TSEQ0-E3,TSEQ0,LOCAL
1532,TSEQ0-E3,TSEQ0,LOCAL
1533,TSEQ0-E3,TSEQ0,LOCAL
1534,TSEQ0-E3,TSEQ0,LOCAL
1535,TSEQ0-E3,TSEQ0,LOCAL
1536,TSEQ0-E3,TSEQ0,LOCAL
1537,TSEQ0-E3,TSEQ0,LOCAL
1538,TSEQ0-E3,TSEQ0,LOCAL
1539,TSEQ0-E3,TSEQ0,LOCAL
1540,TSEQ0-E3,TSEQ0,LOCAL
1541,TSEQ0-E3,TSEQ0,LOCAL
1542,TSEQ0-E3,TSEQ0,LOCAL
1543,TSEQ0-E3,TSEQ0,LOCAL
1544,TSEQ0-E3,TSEQ0,LOCAL
1545,TSEQ0-E3,TSEQ0,LOCAL
1546,TSEQ0-E3,TSEQ0,LOCAL
1547,TSEQ0-E3,TSEQ0,LOCAL
1548,TSEQ0-E3,TSEQ0,LOCAL
1549,TSEQ0-E3,TSEQ0,LOCAL
1550,TSEQ0-E3,TSEQ0,LOCAL
1551,TSEQ0-E3,TSEQ0,LOCAL
1552,TSEQ0-E3,TSEQ0,LOCAL
1553,TSEQ0-E3,TSEQ0,LOCAL
1554,TSEQ0-E3,TSEQ0,LOCAL
1555,TSEQ0-E3,TSEQ0,LOCAL
1556,TSEQ0-E3,TSEQ0,LOCAL
1557,TSEQ0-E3,TSEQ0,LOCAL
1558,TSEQ0-E3,TSEQ0,LOCAL
1559,TSEQ0-E3,TSEQ0,LOCAL
1560,TSEQ0-E3,TSEQ0,LOCAL
1561,TSEQ0-E3,TSEQ0,LOCAL
1562,TSEQ0-E3,TSEQ0,LOCAL
1563,TSEQ0-E3,TSEQ0,LOCAL
1564,TSEQ0-E3,TSEQ0,LOCAL
1565,TSEQ0-E3,TSEQ0,LOCAL
1566,TSEQ0-E3,TSEQ0,LOCAL
1567,TSEQ0-E3,TSEQ0,LOCAL
1568,TSEQ0-E3,TSEQ0,LOCAL
1569,TSEQ0-E3,TSEQ0,LOCAL
1570,TSEQ0-E3,TSEQ0,LOCAL
1571,TSEQ0-E3,TSEQ0,LOCAL
1572,TSEQ0-E3,TSEQ0,LOCAL
1573,TSEQ0-E3,TSEQ0,LOCAL
1574,TSEQ0-E3,TSEQ0,LOCAL
1575,TSEQ0-E3,TSEQ0,LOCAL
1576,TSEQ0-E3,TSEQ0,LOCAL
1577,TSEQ0-E3,TSEQ0,LOCAL
1578,TSEQ0-E3,TSEQ0,LOCAL
1579,TSEQ0-E3,TSEQ0,LOCAL
1580,TSEQ0-E3,TSEQ0,LOCAL
1581,TSEQ0-E3,TSEQ0,LOCAL
1582,TSEQ0-E3,TSEQ0,LOCAL
1583,TSEQ0-E3,TSEQ0,LOCAL
1584,TSEQ0-E3,TSEQ0,LOCAL
1585,TSEQ0-E3,TSEQ0,LOCAL
1586,TSEQ0-E3,TSEQ0,LOCAL
1587,TSEQ0-E3,TSEQ0,LOCAL
1588,TSEQ0-E3,TSEQ0,LOCAL
1589,TSEQ0-E3,TSEQ0,LOCAL
1590,TSEQ0-E3,TSEQ0,LOCAL
1591,TSEQ0-E3,TSEQ0,LOCAL
1592,TSEQ0-E3,TSEQ0,LOCAL
1593,TSEQ0-E3,TSEQ0,LOCAL
1594,TSEQ0-E3,TSEQ0,LOCAL
1595,TSEQ0-E3,TSEQ0,LOCAL
1596,TSEQ0-E3,TSEQ0,LOCAL
1597,TSEQ0-E3,TSEQ0,LOCAL
1598,TSEQ0-E3,TSEQ0,LOCAL
1599,TSEQ0-E3,TSEQ0,LOCAL
1600,TSEQ1-E3,TSEQ1,REMOTE
1601,TSEQ1-E3,TSEQ1,REMOTE
1602,TSEQ1-E3,TSEQ1,REMOTE
1603,TSEQ1-E3,TSEQ1,REMOTE
1604,TSEQ1-E3,TSEQ1,REMOTE
1605,TSEQ1-E3,TSEQ1,REMOTE
1606,TSEQ1-E3,TSEQ1,REMOTE
1607,TSEQ1-E3,TSEQ1,REMOTE
1608,TSEQ1-E3,TSEQ1,REMOTE
1609,TSEQ1-E3,TSEQ1,REMOTE
1610,TSEQ1-E3,TSEQ1,REMOTE
1611,TSEQ1-E3,TSEQ1,REMOTE
1612,TSEQ1-E3,TSEQ1,REMOTE
1613,TSEQ1-E3,TSEQ1,REMOTE
1614,TSEQ1-E3,TSEQ1,REMOTE
1615,TSEQ1-E3,TSEQ1,REMOTE
1616,TSEQ1-E3,TSEQ1,REMOTE
1617,TSEQ1-E3,TSEQ1,REMOTE
1618,TSEQ1-E3,TSEQ1,REMOTE
1619,TSEQ1-E3,TSEQ1,REMOTE
1620,TSEQ1-E3,TSEQ1,REMOTE
1621,TSEQ1-E3,TSEQ1,REMOTE
1622,TSEQ1-E3,TSEQ1,REMOTE
1623,TSEQ1-E3,TSEQ1,REMOTE
1624,TSEQ1-E3,TSEQ1,REMOTE
1625,TSEQ1-E3,TSEQ1,REMOTE
1626,TSEQ1-E3,TSEQ1,REMOTE
1627,TSEQ1-E3,TSEQ1,REMOTE
1628,TSEQ1-E3,TSEQ1,REMOTE
1629,TSEQ1-E3,TSEQ1,REMOTE
1630,TSEQ1-E3,TSEQ1,REMOTE
1631,TSEQ1-E3,TSEQ1,REMOTE
1632,TSEQ1-E3,TSEQ1,REMOTE
1633,TSEQ1-E3,TSEQ1,REMOTE
1634,TSEQ1-E3,TSEQ1,REMOTE
1635,TSEQ1-E3,TSEQ1,REMOTE
1636,TSEQ1-E3,TSEQ1,REMOTE
1637,TSEQ1-E3,TSEQ1,REMOTE
1638,TSEQ1-E3,TSEQ1,REMOTE
1639,TSEQ1-E3,TSEQ1,REMOTE
1640,TSEQ1-E3,TSEQ1,REMOTE
1641,TSEQ1-E3,TSEQ1,REMOTE
1642,TSEQ1-E3,TSEQ1,REMOTE
1643,TSEQ1-E3,TSEQ1,REMOTE
1644,TSEQ1-E3,TSEQ1,REMOTE
1645,TSEQ1-E3,TSEQ1,REMOTE
1646,TSEQ1-E3,TSEQ1,REMOTE
1647,TSEQ1-E3,TSEQ1,REMOTE
1648,TSEQ1-E3,TSEQ1,REMOTE
1649,TSEQ1-E3,TSEQ1,REMOTE
1650,TSEQ1-E3,TSEQ1,REMOTE
1651,TSEQ1-E3,TSEQ1,REMOTE
1652,TSEQ1-E3,TSEQ1,REMOTE
1653,TSEQ1-E3,TSEQ1,REMOTE
1654,TSEQ1-E3,TSEQ1,REMOTE
1655,TSEQ1-E3,TSEQ1,REMOTE
1656,TSEQ1-E3,TSEQ1,REMOTE
1657,TSEQ1-E3,TSEQ1,REMOTE
1658,TSEQ1-E3,TSEQ1,REMOTE
1659,TSEQ1-E3,TSEQ1,REMOTE
1660,TSEQ1-E3,TSEQ1,REMOTE
1661,TSEQ1-E3,TSEQ1,REMOTE
1662,TSEQ1-E3,TSEQ1,REMOTE
1663,TSEQ1-E3,TSEQ1,REMOTE
1664,TSEQ1-E3,TSEQ1,REMOTE
1665,TSEQ1-E3,TSEQ1,LOCAL
1666,TSEQ1-E3,TSEQ1,REMOTE
1667,TSEQ1-E3,TSEQ1,REMOTE
1668,TSEQ1-E3,TSEQ1,REMOTE
1669,TSEQ1-E3,TSEQ1,REMOTE
1670,TSEQ1-E3,TSEQ1,REMOTE
1671,TSEQ1-E3,TSEQ1,REMOTE
1672,TSEQ1-E3,TSEQ1,REMOTE
1673,TSEQ1-E3,TSEQ1,REMOTE
1674,TSEQ1-E3,TSEQ1,REMOTE
1675,TSEQ1-E3,TSEQ1,REMOTE
1676,TSEQ1-E3,TSEQ1,REMOTE
1677,TSEQ1-E3,TSEQ1,REMOTE
1678,TSEQ1-E3,TSEQ1,REMOTE
1679,TSEQ1-E3,TSEQ1,REMOTE
1680,TSEQ1-E3,TSEQ1,REMOTE
1681,TSEQ1-E3,TSEQ1,REMOTE
1682,TSEQ1-E3,TSEQ1,REMOTE
1683,TSEQ1-E3,TSEQ1,REMOTE
1684,TSEQ1-E3,TSEQ1,REMOTE
1685,TSEQ1-E3,TSEQ1,REMOTE
1686,TSEQ1-E3,TSEQ1,REMOTE
1687,TSEQ1-E3,TSEQ1,REMOTE
1688,TSEQ1-E3,TSEQ1,REMOTE
1689,TSEQ1-E3,TSEQ1,REMOTE
1690,TSEQ1-E3,TSEQ1,REMOTE
1691,TSEQ1-E3,TSEQ1,REMOTE
1692,TSEQ1-E3,TSEQ1,REMOTE
1693,TSEQ1-E3,TSEQ1,REMOTE
1694,TSEQ1-E3,TSEQ1,REMOTE
1695,TSEQ1-E3,TSEQ1,REMOTE
1696,TSEQ1-E3,TSEQ1,REMOTE
1697,TSEQ1-E3,TSEQ1,REMOTE
1698,TSEQ1-E3,TSEQ1,REMOTE
1699,TSEQ1-E3,TSEQ1,REMOTE
1700,TSEQ2-E3,TSEQ2,REMOTE
1701,TSEQ2-E3,TSEQ2,REMOTE
1702,TSEQ2-E3,TSEQ2,LOCAL
1703,TSEQ2-E3,TSEQ2,LOCAL
1704,TSEQ2-E3,TSEQ2,LOCAL
1705,TSEQ2-E3,TSEQ2,REMOTE
1706,TSEQ2-E3,TSEQ2,LOCAL
1707,TSEQ2-E3,TSEQ2,REMOTE
1708,TSEQ2-E3,TSEQ2,LOCAL
1709,TSEQ2-E3,TSEQ2,LOCAL
1710,TSEQ2-E3,TSEQ2,LOCAL
1711,TSEQ2-E3,TSEQ2,LOCAL
1712,TSEQ2-E3,TSEQ2,REMOTE
1713,TSEQ2-E3,TSEQ2,REMOTE
1714,TSEQ2-E3,TSEQ2,REMOTE
1715,TSEQ2-E3,TSEQ2,REMOTE
1716,TSEQ2-E3,TSEQ2,REMOTE
1717,TSEQ2-E3,TSEQ2,LOCAL
1718,TSEQ2-E3,TSEQ2,LOCAL
1719,TSEQ2-E3,TSEQ2,REMOTE
1720,TSEQ2-E3,TSEQ2,LOCAL
1721,TSEQ2-E3,TSEQ2,REMOTE
1722,TSEQ2-E3,TSEQ2,LOCAL
1723,TSEQ2-E3,TSEQ2,REMOTE
1724,TSEQ2-E3,TSEQ2,LOCAL
1725,TSEQ2-E3,TSEQ2,LOCAL
1726,TSEQ2-E3,TSEQ2,REMOTE
1727,TSEQ2-E3,TSEQ2,LOCAL
1728,TSEQ2-E3,TSEQ2,LOCAL
1729,TSEQ2-E3,TSEQ2,REMOTE
1730,TSEQ2-E3,TSEQ2,LOCAL
1731,TSEQ2-E3,TSEQ2,REMOTE
1732,TSEQ2-E3,TSEQ2,REMOTE
1733,TSEQ2-E3,TSEQ2,LOCAL
1734,TSEQ2-E3,TSEQ2,REMOTE
1735,TSEQ2-E3,TSEQ2,LOCAL
1736,TSEQ2-E3,TSEQ2,REMOTE
1737,TSEQ2-E3,TSEQ2,REMOTE
1738,TSEQ2-E3,TSEQ2,LOCAL
1739,TSEQ2-E3,TSEQ2,REMOTE
1740,TSEQ2-E3,TSEQ2,LOCAL
1741,TSEQ2-E3,TSEQ2,LOCAL
1742,TSEQ2-E3,TSEQ2,REMOTE
1743,TSEQ2-E3,TSEQ2,LOCAL
1744,TSEQ2-E3,TSEQ2,LOCAL
1745,TSEQ2-E3,TSEQ2,LOCAL
1746,TSEQ2-E3,TSEQ2,REMOTE
1747,TSEQ2-E3,TSEQ2,LOCAL
1748,TSEQ2-E3,TSEQ2,LOCAL
1749,TSEQ2-E3,TSEQ2,LOCAL
1750,TSEQ2-E3,TSEQ2,LOCAL
1751,TSEQ2-E3,TSEQ2,REMOTE
1752,TSEQ2-E3,TSEQ2,LOCAL
1753,TSEQ2-E3,TSEQ2,LOCAL
1754,TSEQ2-E3,TSEQ2,LOCAL
1755,TSEQ2-E3,TSEQ2,REMOTE
1756,TSEQ2-E3,TSEQ2,REMOTE
1757,TSEQ2-E3,TSEQ2,REMOTE
1758,TSEQ2-E3,TSEQ2,REMOTE
1759,TSEQ2-E3,TSEQ2,LOCAL
1760,TSEQ2-E3,TSEQ2,REMOTE
1761,TSEQ2-E3,TSEQ2,REMOTE
1762,TSEQ2-E3,TSEQ2,REMOTE
1763,TSEQ2-E3,TSEQ2,LOCAL
1764,TSEQ2-E3,TSEQ2,REMOTE
1765,TSEQ2-E3,TSEQ2,REMOTE
1766,TSEQ2-E3,TSEQ2,REMOTE
1767,TSEQ2-E3,TSEQ2,LOCAL
1768,TSEQ2-E3,TSEQ2,REMOTE
1769,TSEQ2-E3,TSEQ2,LOCAL
1770,TSEQ2-E3,TSEQ2,REMOTE
1771,TSEQ2-E3,TSEQ2,REMOTE
1772,TSEQ2-E3,TSEQ2,REMOTE
1773,TSEQ2-E3,TSEQ2,REMOTE
1774,TSEQ2-E3,TSEQ2,LOCAL
1775,TSEQ2-E3,TSEQ2,REMOTE
1776,TSEQ2-E3,TSEQ2,REMOTE
1777,TSEQ2-E3,TSEQ2,LOCAL
1778,TSEQ2-E3,TSEQ2,REMOTE
1779,TSEQ2-E3,TSEQ2,LOCAL
1780,TSEQ2-E3,TSEQ2,LOCAL
1781,TSEQ2-E3,TSEQ2,LOCAL
1782,TSEQ2-E3,TSEQ2,REMOTE
1783,TSEQ2-E3,TSEQ2,LOCAL
1784,TSEQ2-E3,TSEQ2,LOCAL
1785,TSEQ2-E3,TSEQ2,LOCAL
1786,TSEQ2-E3,TSEQ2,LOCAL
1787,TSEQ2-E3,TSEQ2,REMOTE
1788,TSEQ2-E3,TSEQ2,LOCAL
1789,TSEQ2-E3,TSEQ2,REMOTE
1790,TSEQ2-E3,TSEQ2,REMOTE
1791,TSEQ2-E3,TSEQ2,LOCAL
1792,TSEQ2-E3,TSEQ2,REMOTE
1793,TSEQ2-E3,TSEQ2,REMOTE
1794,TSEQ2-E3,TSEQ2,LOCAL
1795,TSEQ2-E3,TSEQ2,REMOTE
1796,TSEQ2-E3,TSEQ2,LOCAL
1797,TSEQ2-E3,TSEQ2,REMOTE
1798,TSEQ2-E3,TSEQ2,REMOTE
1799,TSEQ2-E3,TSEQ2,LOCAL
1800,TSEQ3-E3,TSEQ3,LOCAL
1801,TSEQ3-E3,TSEQ3,REMOTE
1802,TSEQ3-E3,TSEQ3,CLOUD
1803,TSEQ3-E3,TSEQ3,LOCAL
1804,TSEQ3-E3,TSEQ3,REMOTE
1805,TSEQ3-E3,TSEQ3,CLOUD
1806,TSEQ3-E3,TSEQ3,LOCAL
1807,TSEQ3-E3,TSEQ3,REMOTE
1808,TSEQ3-E3,TSEQ3,CLOUD
1809,TSEQ3-E3,TSEQ3,LOCAL
1810,TSEQ3-E3,TSEQ3,REMOTE
1811,TSEQ3-E3,TSEQ3,CLOUD
1812,TSEQ3-E3,TSEQ3,LOCAL
1813,TSEQ3-E3,TSEQ3,REMOTE
1814,TSEQ3-E3,TSEQ3,CLOUD
1815,TSEQ3-E3,TSEQ3,LOCAL
1816,TSEQ3-E3,TSEQ3,REMOTE
1817,TSEQ3-E3,TSEQ3,CLOUD
1818,TSEQ3-E3,TSEQ3,LOCAL
1819,TSEQ3-E3,TSEQ3,REMOTE
1820,TSEQ3-E3,TSEQ3,CLOUD
1821,TSEQ3-E3,TSEQ3,LOCAL
1822,TSEQ3-E3,TSEQ3,REMOTE
1823,TSEQ3-E3,TSEQ3,CLOUD
1824,TSEQ3-E3,TSEQ3,LOCAL
1825,TSEQ3-E3,TSEQ3,REMOTE
1826,TSEQ3-E3,TSEQ3,CLOUD
1827,TSEQ3-E3,TSEQ3,LOCAL
1828,TSEQ3-E3,TSEQ3,REMOTE
1829,TSEQ3-E3,TSEQ3,CLOUD
1830,TSEQ3-E3,TSEQ3,LOCAL
1831,TSEQ3-E3,TSEQ3,REMOTE
1832,TSEQ3-E3,TSEQ3,CLOUD
1833,TSEQ3-E3,TSEQ3,LOCAL
1834,TSEQ3-E3,TSEQ3,REMOTE
1835,TSEQ3-E3,TSEQ3,CLOUD
1836,TSEQ3-E3,TSEQ3,LOCAL
1837,TSEQ3-E3,TSEQ3,REMOTE
1838,TSEQ3-E3,TSEQ3,CLOUD
1839,TSEQ3-E3,TSEQ3,LOCAL
1840,TSEQ3-E3,TSEQ3,REMOTE
1841,TSEQ3-E3,TSEQ3,CLOUD
1842,TSEQ3-E3,TSEQ3,LOCAL
1843,TSEQ3-E3,TSEQ3,REMOTE
1844,TSEQ3-E3,TSEQ3,CLOUD
1845,TSEQ3-E3,TSEQ3,LOCAL
1846,TSEQ3-E3,TSEQ3,REMOTE
1847,TSEQ3-E3,TSEQ3,CLOUD
1848,TSEQ3-E3,TSEQ3,LOCAL
1849,TSEQ3-E3,TSEQ3,REMOTE
1850,TSEQ3-E3,TSEQ3,CLOUD
1851,TSEQ3-E3,TSEQ3,LOCAL
1852,TSEQ3-E3,TSEQ3,REMOTE
1853,TSEQ3-E3,TSEQ3,CLOUD
1854,TSEQ3-E3,TSEQ3,LOCAL
1855,TSEQ3-E3,TSEQ3,REMOTE
1856,TSEQ3-E3,TSEQ3,CLOUD
1857,TSEQ3-E3,TSEQ3,LOCAL
1858,TSEQ3-E3,TSEQ3,REMOTE
1859,TSEQ3-E3,TSEQ3,CLOUD
1860,TSEQ3-E3,TSEQ3,LOCAL
1861,TSEQ3-E3,TSEQ3,REMOTE
1862,TSEQ3-E3,TSEQ3,CLOUD
1863,TSEQ3-E3,TSEQ3,LOCAL
1864,TSEQ3-E3,TSEQ3,REMOTE
1865,TSEQ3-E3,TSEQ3,CLOUD
1866,TSEQ3-E3,TSEQ3,LOCAL
1867,TSEQ3-E3,TSEQ3,REMOTE
1868,TSEQ3-E3,TSEQ3,CLOUD
1869,TSEQ3-E3,TSEQ3,LOCAL
1870,TSEQ3-E3,TSEQ3,REMOTE
1871,TSEQ3-E3,TSEQ3,CLOUD
1872,TSEQ3-E3,TSEQ3,LOCAL
1873,TSEQ3-E3,TSEQ3,REMOTE
1874,TSEQ3-E3,TSEQ3,CLOUD
1875,TSEQ3-E3,TSEQ3,LOCAL
1876,TSEQ3-E3,TSEQ3,REMOTE
1877,TSEQ3-E3,TSEQ3,CLOUD
1878,TSEQ3-E3,TSEQ3,LOCAL
1879,TSEQ3-E3,TSEQ3,REMOTE
1880,TSEQ3-E3,TSEQ3,CLOUD
1881,TSEQ3-E3,TSEQ3,LOCAL
1882,TSEQ3-E3,TSEQ3,REMOTE
1883,TSEQ3-E3,TSEQ3,CLOUD
1884,TSEQ3-E3,TSEQ3,LOCAL
1885,TSEQ3-E3,TSEQ3,REMOTE
1886,TSEQ3-E3,TSEQ3,CLOUD
1887,TSEQ3-E3,TSEQ3,LOCAL
1888,TSEQ3-E3,TSEQ3,REMOTE
1889,TSEQ3-E3,TSEQ3,CLOUD
1890,TSEQ3-E3,TSEQ3,LOCAL
1891,TSEQ3-E3,TSEQ3,REMOTE
1892,TSEQ3-E3,TSEQ3,CLOUD
1893,TSEQ3-E3,TSEQ3,LOCAL
1894,TSEQ3-E3,TSEQ3,REMOTE
1895,TSEQ3-E3,TSEQ3,CLOUD
1896,TSEQ3-E3,TSEQ3,LOCAL
1897,TSEQ3-E3,TSEQ3,REMOTE
1898,TSEQ3-E3,TSEQ3,CLOUD
1899,TSEQ3-E3,TSEQ3,LOCAL
1900,TSEQ4-E3,TSEQ4,REMOTE
1901,TSEQ4-E3,TSEQ4,LOCAL
1902,TSEQ4-E3,TSEQ4,CLOUD
1903,TSEQ4-E3,TSEQ4,REMOTE
1904,TSEQ4-E3,TSEQ4,LOCAL
1905,TSEQ4-E3,TSEQ4,CLOUD
1906,TSEQ4-E3,TSEQ4,REMOTE
1907,TSEQ4-E3,TSEQ4,LOCAL
1908,TSEQ4-E3,TSEQ4,CLOUD
1909,TSEQ4-E3,TSEQ4,REMOTE
1910,TSEQ4-E3,TSEQ4,LOCAL
1911,TSEQ4-E3,TSEQ4,CLOUD
1912,TSEQ4-E3,TSEQ4,REMOTE
1913,TSEQ4-E3,TSEQ4,LOCAL
1914,TSEQ4-E3,TSEQ4,CLOUD
1915,TSEQ4-E3,TSEQ4,REMOTE
1916,TSEQ4-E3,TSEQ4,LOCAL
1917,TSEQ4-E3,TSEQ4,CLOUD
1918,TSEQ4-E3,TSEQ4,REMOTE
1919,TSEQ4-E3,TSEQ4,LOCAL
1920,TSEQ4-E3,TSEQ4,CLOUD
1921,TSEQ4-E3,TSEQ4,REMOTE
1922,TSEQ4-E3,TSEQ4,LOCAL
1923,TSEQ4-E3,TSEQ4,CLOUD
1924,TSEQ4-E3,TSEQ4,REMOTE
1925,TSEQ4-E3,TSEQ4,LOCAL
1926,TSEQ4-E3,TSEQ4,CLOUD
1927,TSEQ4-E3,TSEQ4,REMOTE
1928,TSEQ4-E3,TSEQ4,LOCAL
1929,TSEQ4-E3,TSEQ4,CLOUD
1930,TSEQ4-E3,TSEQ4,REMOTE
1931,TSEQ4-E3,TSEQ4,LOCAL
1932,TSEQ4-E3,TSEQ4,CLOUD
1933,TSEQ4-E3,TSEQ4,REMOTE
1934,TSEQ4-E3,TSEQ4,LOCAL
1935,TSEQ4-E3,TSEQ4,CLOUD
1936,TSEQ4-E3,TSEQ4,REMOTE
1937,TSEQ4-E3,TSEQ4,LOCAL
1938,TSEQ4-E3,TSEQ4,CLOUD
1939,TSEQ4-E3,TSEQ4,REMOTE
1940,TSEQ4-E3,TSEQ4,LOCAL
1941,TSEQ4-E3,TSEQ4,CLOUD
1942,TSEQ4-E3,TSEQ4,REMOTE
1943,TSEQ4-E3,TSEQ4,LOCAL
1944,TSEQ4-E3,TSEQ4,CLOUD
1945,TSEQ4-E3,TSEQ4,REMOTE
1946,TSEQ4-E3,TSEQ4,LOCAL
1947,TSEQ4-E3,TSEQ4,CLOUD
1948,TSEQ4-E3,TSEQ4,REMOTE
1949,TSEQ4-E3,TSEQ4,LOCAL
1950,TSEQ4-E3,TSEQ4,CLOUD
1951,TSEQ4-E3,TSEQ4,REMOTE
1952,TSEQ4-E3,TSEQ4,LOCAL
1953,TSEQ4-E3,TSEQ4,CLOUD
1954,TSEQ4-E3,TSEQ4,REMOTE
1955,TSEQ4-E3,TSEQ4,LOCAL
1956,TSEQ4-E3,TSEQ4,CLOUD
1957,TSEQ4-E3,TSEQ4,REMOTE
1958,TSEQ4-E3,TSEQ4,LOCAL
1959,TSEQ4-E3,TSEQ4,CLOUD
1960,TSEQ4-E3,TSEQ4,REMOTE
1961,TSEQ4-E3,TSEQ4,LOCAL
1962,TSEQ4-E3,TSEQ4,CLOUD
1963,TSEQ4-E3,TSEQ4,REMOTE
1964,TSEQ4-E3,TSEQ4,LOCAL
1965,TSEQ4-E3,TSEQ4,CLOUD
1966,TSEQ4-E3,TSEQ4,REMOTE
1967,TSEQ4-E3,TSEQ4,LOCAL
1968,TSEQ4-E3,TSEQ4,CLOUD
1969,TSEQ4-E3,TSEQ4,REMOTE
1970,TSEQ4-E3,TSEQ4,LOCAL
1971,TSEQ4-E3,TSEQ4,CLOUD
1972,TSEQ4-E3,TSEQ4,REMOTE
1973,TSEQ4-E3,TSEQ4,LOCAL
1974,TSEQ4-E3,TSEQ4,CLOUD
1975,TSEQ4-E3,TSEQ4,REMOTE
1976,TSEQ4-E3,TSEQ4,LOCAL
1977,TSEQ4-E3,TSEQ4,CLOUD
1978,TSEQ4-E3,TSEQ4,REMOTE
1979,TSEQ4-E3,TSEQ4,LOCAL
1980,TSEQ4-E3,TSEQ4,CLOUD
1981,TSEQ4-E3,TSEQ4,REMOTE
1982,TSEQ4-E3,TSEQ4,LOCAL
1983,TSEQ4-E3,TSEQ4,CLOUD
1984,TSEQ4-E3,TSEQ4,REMOTE
1985,TSEQ4-E3,TSEQ4,LOCAL
1986,TSEQ4-E3,TSEQ4,CLOUD
1987,TSEQ4-E3,TSEQ4,REMOTE
1988,TSEQ4-E3,TSEQ4,LOCAL
1989,TSEQ4-E3,TSEQ4,CLOUD
1990,TSEQ4-E3,TSEQ4,REMOTE
1991,TSEQ4-E3,TSEQ4,LOCAL
1992,TSEQ4-E3,TSEQ4,CLOUD
1993,TSEQ4-E3,TSEQ4,REMOTE
1994,TSEQ4-E3,TSEQ4,LOCAL
1995,TSEQ4-E3,TSEQ4,CLOUD
1996,TSEQ4-E3,TSEQ4,REMOTE
1997,TSEQ4-E3,TSEQ4,LOCAL
1998,TSEQ4-E3,TSEQ4,CLOUD
1999,TSEQ4-E3,TSEQ4,REMOTE
2000,TSEQ0-E4,TSEQ0,LOCAL
2001,TSEQ0-E4,TSEQ0,LOCAL
2002,TSEQ0-E4,TSEQ0,LOCAL
2003,TSEQ0-E4,TSEQ0,LOCAL
2004,TSEQ0-E4,TSEQ0,LOCAL
2005,TSEQ0-E4,TSEQ0,LOCAL
2006,TSEQ0-E4,TSEQ0,LOCAL
2007,TSEQ0-E4,TSEQ0,LOCAL
2008,TSEQ0-E4,TSEQ0,LOCAL
2009,TSEQ0-E4,TSEQ0,LOCAL
2010,TSEQ0-E4,TSEQ0,LOCAL
2011,TSEQ0-E4,TSEQ0,LOCAL
2012,TSEQ0-E4,TSEQ0,LOCAL
2013,TSEQ0-E4,TSEQ0,LOCAL
2014,TSEQ0-E4,TSEQ0,LOCAL
2015,TSEQ0-E4,TSEQ0,LOCAL
2016,TSEQ0-E4,TSEQ0,LOCAL
2017,TSEQ0-E4,TSEQ0,LOCAL
2018,TSEQ0-E4,TSEQ0,LOCAL
2019,TSEQ0-E4,TSEQ0,LOCAL
2020,TSEQ0-E4,TSEQ0,LOCAL
2021,TSEQ0-E4,TSEQ0,LOCAL
2022,TSEQ0-E4,TSEQ0,LOCAL
2023,TSEQ0-E4,TSEQ0,LOCAL
2024,TSEQ0-E4,TSEQ0,LOCAL
2025,TSEQ0-E4,TSEQ0,LOCAL
2026,TSEQ0-E4,TSEQ0,LOCAL
2027,TSEQ0-E4,TSEQ0,LOCAL
2028,TSEQ0-E4,TSEQ0,LOCAL
2029,TSEQ0-E4,TSEQ0,LOCAL
2030,TSEQ0-E4,TSEQ0,LOCAL
2031,TSEQ0-E4,TSEQ0,LOCAL
2032,TSEQ0-E4,TSEQ0,LOCAL
2033,TSEQ0-E4,TSEQ0,LOCAL
2034,TSEQ0-E4,TSEQ0,LOCAL
2035,TSEQ0-E4,TSEQ0,LOCAL
2036,TSEQ0-E4,TSEQ0,LOCAL
2037,TSEQ0-E4,TSEQ0,LOCAL
2038,TSEQ0-E4,TSEQ0,LOCAL
2039,TSEQ0-E4,TSEQ0,LOCAL
2040,TSEQ0-E4,TSEQ0,LOCAL
2041,TSEQ0-E4,TSEQ0,LOCAL
2042,TSEQ0-E4,TSEQ0,LOCAL
2043,TSEQ0-E4,TSEQ0,LOCAL
2044,TSEQ0-E4,TSEQ0,LOCAL
2045,TSEQ0-E4,TSEQ0,LOCAL
2046,TSEQ0-E4,TSEQ0,LOCAL
2047,TSEQ0-E4,TSEQ0,LOCAL
2048,TSEQ0-E4,TSEQ0,LOCAL
2049,TSEQ0-E4,TSEQ0,LOCAL
2050,TSEQ0-E4,TSEQ0,LOCAL
2051,TSEQ0-E4,TSEQ0,LOCAL
2052,TSEQ0-E4,TSEQ0,LOCAL
2053,TSEQ0-E4,TSEQ0,LOCAL
2054,TSEQ0-E4,TSEQ0,LOCAL
2055,TSEQ0-E4,TSEQ0,LOCAL
2056,TSEQ0-E4,TSEQ0,LOCAL
2057,TSEQ0-E4,TSEQ0,LOCAL
2058,TSEQ0-E4,TSEQ0,LOCAL
2059,TSEQ0-E4,TSEQ0,LOCAL
2060,TSEQ0-E4,TSEQ0,LOCAL
2061,TSEQ0-E4,TSEQ0,LOCAL
2062,TSEQ0-E4,TSEQ0,LOCAL
2063,TSEQ0-E4,TSEQ0,LOCAL
2064,TSEQ0-E4,TSEQ0,LOCAL
2065,TSEQ0-E4,TSEQ0,LOCAL
2066,TSEQ0-E4,TSEQ0,LOCAL
2067,TSEQ0-E4,TSEQ0,LOCAL
2068,TSEQ0-E4,TSEQ0,LOCAL
2069,TSEQ0-E4,TSEQ0,LOCAL
2070,TSEQ0-E4,TSEQ0,LOCAL
2071,TSEQ0-E4,TSEQ0,LOCAL
2072,TSEQ0-E4,TSEQ0,LOCAL
2073,TSEQ0-E4,TSEQ0,LOCAL
2074,TSEQ0-E4,TSEQ0,LOCAL
2075,TSEQ0-E4,TSEQ0,LOCAL
2076,TSEQ0-E4,TSEQ0,LOCAL
2077,TSEQ0-E4,TSEQ0,LOCAL
2078,TSEQ0-E4,TSEQ0,LOCAL
2079,TSEQ0-E4,TSEQ0,LOCAL
2080,TSEQ0-E4,TSEQ0,LOCAL
2081,TSEQ0-E4,TSEQ0,LOCAL
2082,TSEQ0-E4,TSEQ0,LOCAL
2083,TSEQ0-E4,TSEQ0,LOCAL
2084,TSEQ0-E4,TSEQ0,LOCAL
2085,TSEQ0-E4,TSEQ0,LOCAL
2086,TSEQ0-E4,TSEQ0,LOCAL
2087,TSEQ0-E4,TSEQ0,LOCAL
2088,TSEQ0-E4,TSEQ0,LOCAL
2089,TSEQ0-E4,TSEQ0,LOCAL
2090,TSEQ0-E4,TSEQ0,LOCAL
2091,TSEQ0-E4,TSEQ0,LOCAL
2092,TSEQ0-E4,TSEQ0,LOCAL
2093,TSEQ0-E4,TSEQ0,LOCAL
2094,TSEQ0-E4,TSEQ0,LOCAL
2095,TSEQ0-E4,TSEQ0,LOCAL
2096,TSEQ0-E4,TSEQ0,LOCAL
2097,TSEQ0-E4,TSEQ0,LOCAL
2098,TSEQ0-E4,TSEQ0,LOCAL
2099,TSEQ0-E4,TSEQ0,LOCAL
2100,TSEQ1-E4,TSEQ1,REMOTE
2101,TSEQ1-E4,TSEQ1,LOCAL
2102,TSEQ1-E4,TSEQ1,REMOTE
2103,TSEQ1-E4,TSEQ1,REMOTE
2104,TSEQ1-E4,TSEQ1,REMOTE
2105,TSEQ1-E4,TSEQ1,REMOTE
2106,TSEQ1-E4,TSEQ1,REMOTE
2107,TSEQ1-E4,TSEQ1,REMOTE
2108,TSEQ1-E4,TSEQ1,REMOTE
2109,TSEQ1-E4,TSEQ1,REMOTE
2110,TSEQ1-E4,TSEQ1,REMOTE
2111,TSEQ1-E4,TSEQ1,REMOTE
2112,TSEQ1-E4,TSEQ1,REMOTE
2113,TSEQ1-E4,TSEQ1,REMOTE
2114,TSEQ1-E4,TSEQ1,REMOTE
2115,TSEQ1-E4,TSEQ1,REMOTE
2116,TSEQ1-E4,TSEQ1,REMOTE
2117,TSEQ1-E4,TSEQ1,REMOTE
2118,TSEQ1-E4,TSEQ1,REMOTE
2119,TSEQ1-E4,TSEQ1,REMOTE
2120,TSEQ1-E4,TSEQ1,REMOTE
2121,TSEQ1-E4,TSEQ1,REMOTE
2122,TSEQ1-E4,TSEQ1,REMOTE
2123,TSEQ1-E4,TSEQ1,REMOTE
2124,TSEQ1-E4,TSEQ1,REMOTE
2125,TSEQ1-E4,TSEQ1,REMOTE
2126,TSEQ1-E4,TSEQ1,REMOTE
2127,TSEQ1-E4,TSEQ1,REMOTE
2128,TSEQ1-E4,TSEQ1,REMOTE
2129,TSEQ1-E4,TSEQ1,REMOTE
2130,TSEQ1-E4,TSEQ1,REMOTE
2131,TSEQ1-E4,TSEQ1,REMOTE
2132,TSEQ1-E4,TSEQ1,REMOTE
2133,TSEQ1-E4,TSEQ1,REMOTE
2134,TSEQ1-E4,TSEQ1,REMOTE
2135,TSEQ1-E4,TSEQ1,REMOTE
2136,TSEQ1-E4,TSEQ1,REMOTE
2137,TSEQ1-E4,TSEQ1,REMOTE
2138,TSEQ1-E4,TSEQ1,REMOTE
2139,TSEQ1-E4,TSEQ1,REMOTE
2140,TSEQ1-E4,TSEQ1,REMOTE
2141,TSEQ1-E4,TSEQ1,REMOTE
2142,TSEQ1-E4,TSEQ1,REMOTE
2143,TSEQ1-E4,TSEQ1,REMOTE
2144,TSEQ1-E4,TSEQ1,REMOTE
2145,TSEQ1-E4,TSEQ1,REMOTE
2146,TSEQ1-E4,TSEQ1,REMOTE
2147,TSEQ1-E4,TSEQ1,REMOTE
2148,TSEQ1-E4,TSEQ1,REMOTE
2149,TSEQ1-E4,TSEQ1,REMOTE
2150,TSEQ1-E4,TSEQ1,REMOTE
2151,TSEQ1-E4,TSEQ1,REMOTE
2152,TSEQ1-E4,TSEQ1,REMOTE
2153,TSEQ1-E4,TSEQ1,REMOTE
2154,TSEQ1-E4,TSEQ1,REMOTE
2155,TSEQ1-E4,TSEQ1,REMOTE
2156,TSEQ1-E4,TSEQ1,REMOTE
2157,TSEQ1-E4,TSEQ1,REMOTE
2158,TSEQ1-E4,TSEQ1,REMOTE
2159,TSEQ1-E4,TSEQ1,REMOTE
2160,TSEQ1-E4,TSEQ1,REMOTE
2161,TSEQ1-E4,TSEQ1,REMOTE
2162,TSEQ1-E4,TSEQ1,REMOTE
2163,TSEQ1-E4,TSEQ1,REMOTE
2164,TSEQ1-E4,TSEQ1,REMOTE
2165,TSEQ1-E4,TSEQ1,REMOTE
2166,TSEQ1-E4,TSEQ1,REMOTE
2167,TSEQ1-E4,TSEQ1,REMOTE
2168,TSEQ1-E4,TSEQ1,REMOTE
2169,TSEQ1-E4,TSEQ1,REMOTE
2170,TSEQ1-E4,TSEQ1,REMOTE
2171,TSEQ1-E4,TSEQ1,REMOTE
2172,TSEQ1-E4,TSEQ1,REMOTE
2173,TSEQ1-E4,TSEQ1,REMOTE
2174,TSEQ1-E4,TSEQ1,REMOTE
2175,TSEQ1-E4,TSEQ1,REMOTE
2176,TSEQ1-E4,TSEQ1,REMOTE
2177,TSEQ1-E4,TSEQ1,REMOTE
2178,TSEQ1-E4,TSEQ1,REMOTE
2179,TSEQ1-E4,TSEQ1,REMOTE
2180,TSEQ1-E4,TSEQ1,REMOTE
2181,TSEQ1-E4,TSEQ1,REMOTE
2182,TSEQ1-E4,TSEQ1,REMOTE
2183,TSEQ1-E4,TSEQ1,REMOTE
2184,TSEQ1-E4,TSEQ1,REMOTE
2185,TSEQ1-E4,TSEQ1,REMOTE
2186,TSEQ1-E4,TSEQ1,REMOTE
2187,TSEQ1-E4,TSEQ1,REMOTE
2188,TSEQ1-E4,TSEQ1,REMOTE
2189,TSEQ1-E4,TSEQ1,REMOTE
2190,TSEQ1-E4,TSEQ1,REMOTE
2191,TSEQ1-E4,TSEQ1,REMOTE
2192,TSEQ1-E4,TSEQ1,REMOTE
2193,TSEQ1-E4,TSEQ1,REMOTE
2194,TSEQ1-E4,TSEQ1,REMOTE
2195,TSEQ1-E4,TSEQ1,REMOTE
2196,TSEQ1-E4,TSEQ1,REMOTE
2197,TSEQ1-E4,TSEQ1,REMOTE
2198,TSEQ1-E4,TSEQ1,REMOTE
2199,TSEQ1-E4,TSEQ1,REMOTE
2200,TSEQ2-E4,TSEQ2,LOCAL
2201,TSEQ2-E4,TSEQ2,LOCAL
2202,TSEQ2-E4,TSEQ2,LOCAL
2203,TSEQ2-E4,TSEQ2,REMOTE
2204,TSEQ2-E4,TSEQ2,REMOTE
2205,TSEQ2-E4,TSEQ2,LOCAL
2206,TSEQ2-E4,TSEQ2,LOCAL
2207,TSEQ2-E4,TSEQ2,REMOTE
2208,TSEQ2-E4,TSEQ2,LOCAL
2209,TSEQ2-E4,TSEQ2,LOCAL
2210,TSEQ2-E4,TSEQ2,REMOTE
2211,TSEQ2-E4,TSEQ2,LOCAL
2212,TSEQ2-E4,TSEQ2,REMOTE
2213,TSEQ2-E4,TSEQ2,LOCAL
2214,TSEQ2-E4,TSEQ2,REMOTE
2215,TSEQ2-E4,TSEQ2,REMOTE
2216,TSEQ2-E4,TSEQ2,LOCAL
2217,TSEQ2-E4,TSEQ2,REMOTE
2218,TSEQ2-E4,TSEQ2,LOCAL
2219,TSEQ2-E4,TSEQ2,REMOTE
2220,TSEQ2-E4,TSEQ2,LOCAL
2221,TSEQ2-E4,TSEQ2,LOCAL
2222,TSEQ2-E4,TSEQ2,LOCAL
2223,TSEQ2-E4,TSEQ2,REMOTE
2224,TSEQ2-E4,TSEQ2,REMOTE
2225,TSEQ2-E4,TSEQ2,REMOTE
2226,TSEQ2-E4,TSEQ2,LOCAL
2227,TSEQ2-E4,TSEQ2,REMOTE
2228,TSEQ2-E4,TSEQ2,LOCAL
2229,TSEQ2-E4,TSEQ2,LOCAL
2230,TSEQ2-E4,TSEQ2,REMOTE
2231,TSEQ2-E4,TSEQ2,REMOTE
2232,TSEQ2-E4,TSEQ2,LOCAL
2233,TSEQ2-E4,TSEQ2,LOCAL
2234,TSEQ2-E4,TSEQ2,LOCAL
2235,TSEQ2-E4,TSEQ2,LOCAL
2236,TSEQ2-E4,TSEQ2,REMOTE
2237,TSEQ2-E4,TSEQ2,REMOTE
2238,TSEQ2-E4,TSEQ2,REMOTE
2239,TSEQ2-E4,TSEQ2,REMOTE
2240,TSEQ2-E4,TSEQ2,REMOTE
2241,TSEQ2-E4,TSEQ2,REMOTE
2242,TSEQ2-E4,TSEQ2,REMOTE
2243,TSEQ2-E4,TSEQ2,REMOTE
2244,TSEQ2-E4,TSEQ2,REMOTE
2245,TSEQ2-E4,TSEQ2,REMOTE
2246,TSEQ2-E4,TSEQ2,REMOTE
2247,TSEQ2-E4,TSEQ2,LOCAL
2248,TSEQ2-E4,TSEQ2,REMOTE
2249,TSEQ2-E4,TSEQ2,REMOTE
2250,TSEQ2-E4,TSEQ2,REMOTE
2251,TSEQ2-E4,TSEQ2,LOCAL
2252,TSEQ2-E4,TSEQ2,REMOTE
2253,TSEQ2-E4,TSEQ2,REMOTE
2254,TSEQ2-E4,TSEQ2,LOCAL
2255,TSEQ2-E4,TSEQ2,LOCAL
2256,TSEQ2-E4,TSEQ2,REMOTE
2257,TSEQ2-E4,TSEQ2,LOCAL
2258,TSEQ2-E4,TSEQ2,LOCAL
2259,TSEQ2-E4,TSEQ2,LOCAL
2260,TSEQ2-E4,TSEQ2,LOCAL
2261,TSEQ2-E4,TSEQ2,REMOTE
2262,TSEQ2-E4,TSEQ2,LOCAL
2263,TSEQ2-E4,TSEQ2,LOCAL
2264,TSEQ2-E4,TSEQ2,REMOTE
2265,TSEQ2-E4,TSEQ2,LOCAL
2266,TSEQ2-E4,TSEQ2,REMOTE
2267,TSEQ2-E4,TSEQ2,REMOTE
2268,TSEQ2-E4,TSEQ2,REMOTE
2269,TSEQ2-E4,TSEQ2,REMOTE
2270,TSEQ2-E4,TSEQ2,LOCAL
2271,TSEQ2-E4,TSEQ2,LOCAL
2272,TSEQ2-E4,TSEQ2,LOCAL
2273,TSEQ2-E4,TSEQ2,LOCAL
2274,TSEQ2-E4,TSEQ2,LOCAL
2275,TSEQ2-E4,TSEQ2,REMOTE
2276,TSEQ2-E4,TSEQ2,LOCAL
2277,TSEQ2-E4,TSEQ2,LOCAL
2278,TSEQ2-E4,TSEQ2,REMOTE
2279,TSEQ2-E4,TSEQ2,LOCAL
2280,TSEQ2-E4,TSEQ2,REMOTE
2281,TSEQ2-E4,TSEQ2,REMOTE
2282,TSEQ2-E4,TSEQ2,LOCAL
2283,TSEQ2-E4,TSEQ2,REMOTE
2284,TSEQ2-E4,TSEQ2,LOCAL
2285,TSEQ2-E4,TSEQ2,REMOTE
2286,TSEQ2-E4,TSEQ2,LOCAL
2287,TSEQ2-E4,TSEQ2,LOCAL
2288,TSEQ2-E4,TSEQ2,LOCAL
2289,TSEQ2-E4,TSEQ2,LOCAL
2290,TSEQ2-E4,TSEQ2,REMOTE
2291,TSEQ2-E4,TSEQ2,REMOTE
2292,TSEQ2-E4,TSEQ2,REMOTE
2293,TSEQ2-E4,TSEQ2,REMOTE
2294,TSEQ2-E4,TSEQ2,REMOTE
2295,TSEQ2-E4,TSEQ2,LOCAL
2296,TSEQ2-E4,TSEQ2,LOCAL
2297,TSEQ2-E4,TSEQ2,REMOTE
2298,TSEQ2-E4,TSEQ2,LOCAL
2299,TSEQ2-E4,TSEQ2,LOCAL
2300,TSEQ3-E4,TSEQ3,LOCAL
2301,TSEQ3-E4,TSEQ3,REMOTE
2302,TSEQ3-E4,TSEQ3,CLOUD
2303,TSEQ3-E4,TSEQ3,LOCAL
2304,TSEQ3-E4,TSEQ3,REMOTE
2305,TSEQ3-E4,TSEQ3,CLOUD
2306,TSEQ3-E4,TSEQ3,LOCAL
2307,TSEQ3-E4,TSEQ3,REMOTE
2308,TSEQ3-E4,TSEQ3,CLOUD
2309,TSEQ3-E4,TSEQ3,LOCAL
2310,TSEQ3-E4,TSEQ3,REMOTE
2311,TSEQ3-E4,TSEQ3,CLOUD
2312,TSEQ3-E4,TSEQ3,LOCAL
2313,TSEQ3-E4,TSEQ3,REMOTE
2314,TSEQ3-E4,TSEQ3,CLOUD
2315,TSEQ3-E4,TSEQ3,LOCAL
2316,TSEQ3-E4,TSEQ3,REMOTE
2317,TSEQ3-E4,TSEQ3,CLOUD
2318,TSEQ3-E4,TSEQ3,LOCAL
2319,TSEQ3-E4,TSEQ3,REMOTE
2320,TSEQ3-E4,TSEQ3,CLOUD
2321,TSEQ3-E4,TSEQ3,LOCAL
2322,TSEQ3-E4,TSEQ3,REMOTE
2323,TSEQ3-E4,TSEQ3,CLOUD
2324,TSEQ3-E4,TSEQ3,LOCAL
2325,TSEQ3-E4,TSEQ3,REMOTE
2326,TSEQ3-E4,TSEQ3,CLOUD
2327,TSEQ3-E4,TSEQ3,LOCAL
2328,TSEQ3-E4,TSEQ3,REMOTE
2329,TSEQ3-E4,TSEQ3,CLOUD
2330,TSEQ3-E4,TSEQ3,LOCAL
2331,TSEQ3-E4,TSEQ3,REMOTE
2332,TSEQ3-E4,TSEQ3,CLOUD
2333,TSEQ3-E4,TSEQ3,LOCAL
2334,TSEQ3-E4,TSEQ3,REMOTE
2335,TSEQ3-E4,TSEQ3,CLOUD
2336,TSEQ3-E4,TSEQ3,LOCAL
2337,TSEQ3-E4,TSEQ3,REMOTE
2338,TSEQ3-E4,TSEQ3,CLOUD
2339,TSEQ3-E4,TSEQ3,LOCAL
2340,TSEQ3-E4,TSEQ3,REMOTE
2341,TSEQ3-E4,TSEQ3,CLOUD
2342,TSEQ3-E4,TSEQ3,LOCAL
2343,TSEQ3-E4,TSEQ3,REMOTE
2344,TSEQ3-E4,TSEQ3,CLOUD
2345,TSEQ3-E4,TSEQ3,LOCAL
2346,TSEQ3-E4,TSEQ3,REMOTE
2347,TSEQ3-E4,TSEQ3,CLOUD
2348,TSEQ3-E4,TSEQ3,LOCAL
2349,TSEQ3-E4,TSEQ3,REMOTE
2350,TSEQ3-E4,TSEQ3,CLOUD
2351,TSEQ3-E4,TSEQ3,LOCAL
2352,TSEQ3-E4,TSEQ3,REMOTE
2353,TSEQ3-E4,TSEQ3,CLOUD
2354,TSEQ3-E4,TSEQ3,LOCAL
2355,TSEQ3-E4,TSEQ3,REMOTE
2356,TSEQ3-E4,TSEQ3,CLOUD
2357,TSEQ3-E4,TSEQ3,LOCAL
2358,TSEQ3-E4,TSEQ3,REMOTE
2359,TSEQ3-E4,TSEQ3,CLOUD
2360,TSEQ3-E4,TSEQ3,LOCAL
2361,TSEQ3-E4,TSEQ3,REMOTE
2362,TSEQ3-E4,TSEQ3,CLOUD
2363,TSEQ3-E4,TSEQ3,LOCAL
2364,TSEQ3-E4,TSEQ3,REMOTE
2365,TSEQ3-E4,TSEQ3,CLOUD
2366,TSEQ3-E4,TSEQ3,LOCAL
2367,TSEQ3-E4,TSEQ3,REMOTE
2368,TSEQ3-E4,TSEQ3,CLOUD
2369,TSEQ3-E4,TSEQ3,LOCAL
2370,TSEQ3-E4,TSEQ3,REMOTE
2371,TSEQ3-E4,TSEQ3,CLOUD
2372,TSEQ3-E4,TSEQ3,LOCAL
2373,TSEQ3-E4,TSEQ3,REMOTE
2374,TSEQ3-E4,TSEQ3,CLOUD
2375,TSEQ3-E4,TSEQ3,LOCAL
2376,TSEQ3-E4,TSEQ3,REMOTE
2377,TSEQ3-E4,TSEQ3,CLOUD
2378,TSEQ3-E4,TSEQ3,LOCAL
2379,TSEQ3-E4,TSEQ3,REMOTE
2380,TSEQ3-E4,TSEQ3,CLOUD
2381,TSEQ3-E4,TSEQ3,LOCAL
2382,TSEQ3-E4,TSEQ3,REMOTE
2383,TSEQ3-E4,TSEQ3,CLOUD
2384,TSEQ3-E4,TSEQ3,LOCAL
2385,TSEQ3-E4,TSEQ3,REMOTE
2386,TSEQ3-E4,TSEQ3,CLOUD
2387,TSEQ3-E4,TSEQ3,LOCAL
2388,TSEQ3-E4,TSEQ3,REMOTE
2389,TSEQ3-E4,TSEQ3,CLOUD
2390,TSEQ3-E4,TSEQ3,LOCAL
2391,TSEQ3-E4,TSEQ3,REMOTE
2392,TSEQ3-E4,TSEQ3,CLOUD
2393,TSEQ3-E4,TSEQ3,LOCAL
2394,TSEQ3-E4,TSEQ3,REMOTE
2395,TSEQ3-E4,TSEQ3,CLOUD
2396,TSEQ3-E4,TSEQ3,LOCAL
2397,TSEQ3-E4,TSEQ3,REMOTE
2398,TSEQ3-E4,TSEQ3,CLOUD
2399,TSEQ3-E4,TSEQ3,LOCAL
2400,TSEQ4-E4,TSEQ4,REMOTE
2401,TSEQ4-E4,TSEQ4,LOCAL
2402,TSEQ4-E4,TSEQ4,CLOUD
2403,TSEQ4-E4,TSEQ4,REMOTE
2404,TSEQ4-E4,TSEQ4,LOCAL
2405,TSEQ4-E4,TSEQ4,CLOUD
2406,TSEQ4-E4,TSEQ4,REMOTE
2407,TSEQ4-E4,TSEQ4,LOCAL
2408,TSEQ4-E4,TSEQ4,CLOUD
2409,TSEQ4-E4,TSEQ4,REMOTE
2410,TSEQ4-E4,TSEQ4,LOCAL
2411,TSEQ4-E4,TSEQ4,CLOUD
2412,TSEQ4-E4,TSEQ4,REMOTE
2413,TSEQ4-E4,TSEQ4,LOCAL
2414,TSEQ4-E4,TSEQ4,CLOUD
2415,TSEQ4-E4,TSEQ4,REMOTE
2416,TSEQ4-E4,TSEQ4,LOCAL
2417,TSEQ4-E4,TSEQ4,CLOUD
2418,TSEQ4-E4,TSEQ4,REMOTE
2419,TSEQ4-E4,TSEQ4,LOCAL
2420,TSEQ4-E4,TSEQ4,CLOUD
2421,TSEQ4-E4,TSEQ4,REMOTE
2422,TSEQ4-E4,TSEQ4,LOCAL
2423,TSEQ4-E4,TSEQ4,CLOUD
2424,TSEQ4-E4,TSEQ4,REMOTE
2425,TSEQ4-E4,TSEQ4,LOCAL
2426,TSEQ4-E4,TSEQ4,CLOUD
2427,TSEQ4-E4,TSEQ4,REMOTE
2428,TSEQ4-E4,TSEQ4,LOCAL
2429,TSEQ4-E4,TSEQ4,CLOUD
2430,TSEQ4-E4,TSEQ4,REMOTE
2431,TSEQ4-E4,TSEQ4,LOCAL
2432,TSEQ4-E4,TSEQ4,CLOUD
2433,TSEQ4-E4,TSEQ4,REMOTE
2434,TSEQ4-E4,TSEQ4,LOCAL
2435,TSEQ4-E4,TSEQ4,CLOUD
2436,TSEQ4-E4,TSEQ4,REMOTE
2437,TSEQ4-E4,TSEQ4,LOCAL
2438,TSEQ4-E4,TSEQ4,CLOUD
2439,TSEQ4-E4,TSEQ4,REMOTE
2440,TSEQ4-E4,TSEQ4,LOCAL
2441,TSEQ4-E4,TSEQ4,CLOUD
2442,TSEQ4-E4,TSEQ4,REMOTE
2443,TSEQ4-E4,TSEQ4,LOCAL
2444,TSEQ4-E4,TSEQ4,CLOUD
2445,TSEQ4-E4,TSEQ4,REMOTE
2446,TSEQ4-E4,TSEQ4,LOCAL
2447,TSEQ4-E4,TSEQ4,CLOUD
2448,TSEQ4-E4,TSEQ4,REMOTE
2449,TSEQ4-E4,TSEQ4,LOCAL
2450,TSEQ4-E4,TSEQ4,CLOUD
2451,TSEQ4-E4,TSEQ4,REMOTE
2452,TSEQ4-E4,TSEQ4,LOCAL
2453,TSEQ4-E4,TSEQ4,CLOUD
2454,TSEQ4-E4,TSEQ4,REMOTE
2455,TSEQ4-E4,TSEQ4,LOCAL
2456,TSEQ4-E4,TSEQ4,CLOUD
2457,TSEQ4-E4,TSEQ4,REMOTE
2458,TSEQ4-E4,TSEQ4,LOCAL
2459,TSEQ4-E4,TSEQ4,CLOUD
2460,TSEQ4-E4,TSEQ4,REMOTE
2461,TSEQ4-E4,TSEQ4,LOCAL
2462,TSEQ4-E4,TSEQ4,CLOUD
2463,TSEQ4-E4,TSEQ4,REMOTE
2464,TSEQ4-E4,TSEQ4,LOCAL
2465,TSEQ4-E4,TSEQ4,CLOUD
2466,TSEQ4-E4,TSEQ4,REMOTE
2467,TSEQ4-E4,TSEQ4,LOCAL
2468,TSEQ4-E4,TSEQ4,CLOUD
2469,TSEQ4-E4,TSEQ4,REMOTE
2470,TSEQ4-E4,TSEQ4,LOCAL
2471,TSEQ4-E4,TSEQ4,CLOUD
2472,TSEQ4-E4,TSEQ4,REMOTE
2473,TSEQ4-E4,TSEQ4,LOCAL
2474,TSEQ4-E4,TSEQ4,CLOUD
2475,TSEQ4-E4,TSEQ4,REMOTE
2476,TSEQ4-E4,TSEQ4,LOCAL
2477,TSEQ4-E4,TSEQ4,CLOUD
2478,TSEQ4-E4,TSEQ4,REMOTE
2479,TSEQ4-E4,TSEQ4,LOCAL
2480,TSEQ4-E4,TSEQ4,CLOUD
2481,TSEQ4-E4,TSEQ4,REMOTE
2482,TSEQ4-E4,TSEQ4,LOCAL
2483,TSEQ4-E4,TSEQ4,CLOUD
2484,TSEQ4-E4,TSEQ4,REMOTE
2485,TSEQ4-E4,TSEQ4,LOCAL
2486,TSEQ4-E4,TSEQ4,CLOUD
2487,TSEQ4-E4,TSEQ4,REMOTE
2488,TSEQ4-E4,TSEQ4,LOCAL
2489,TSEQ4-E4,TSEQ4,CLOUD
2490,TSEQ4-E4,TSEQ4,REMOTE
2491,TSEQ4-E4,TSEQ4,LOCAL
2492,TSEQ4-E4,TSEQ4,CLOUD
2493,TSEQ4-E4,TSEQ4,REMOTE
2494,TSEQ4-E4,TSEQ4,LOCAL
2495,TSEQ4-E4,TSEQ4,CLOUD
2496,TSEQ4-E4,TSEQ4,REMOTE
2497,TSEQ4-E4,TSEQ4,LOCAL
2498,TSEQ4-E4,TSEQ4,CLOUD
2499,TSEQ4-E4,TSEQ4,REMOTE
2500,TSEQ0-E5,TSEQ0,LOCAL
2501,TSEQ0-E5,TSEQ0,LOCAL
2502,TSEQ0-E5,TSEQ0,LOCAL
2503,TSEQ0-E5,TSEQ0,LOCAL
2504,TSEQ0-E5,TSEQ0,LOCAL
2505,TSEQ0-E5,TSEQ0,LOCAL
2506,TSEQ0-E5,TSEQ0,LOCAL
2507,TSEQ0-E5,TSEQ0,LOCAL
2508,TSEQ0-E5,TSEQ0,LOCAL
2509,TSEQ0-E5,TSEQ0,LOCAL
2510,TSEQ0-E5,TSEQ0,LOCAL
2511,TSEQ0-E5,TSEQ0,LOCAL
2512,TSEQ0-E5,TSEQ0,LOCAL
2513,TSEQ0-E5,TSEQ0,LOCAL
2514,TSEQ0-E5,TSEQ0,LOCAL
2515,TSEQ0-E5,TSEQ0,LOCAL
2516,TSEQ0-E5,TSEQ0,LOCAL
2517,TSEQ0-E5,TSEQ0,LOCAL
2518,TSEQ0-E5,TSEQ0,LOCAL
2519,TSEQ0-E5,TSEQ0,LOCAL
2520,TSEQ0-E5,TSEQ0,LOCAL
2521,TSEQ0-E5,TSEQ0,LOCAL
2522,TSEQ0-E5,TSEQ0,LOCAL
2523,TSEQ0-E5,TSEQ0,LOCAL
2524,TSEQ0-E5,TSEQ0,LOCAL
2525,TSEQ0-E5,TSEQ0,LOCAL
2526,TSEQ0-E5,TSEQ0,LOCAL
2527,TSEQ0-E5,TSEQ0,LOCAL
2528,TSEQ0-E5,TSEQ0,LOCAL
2529,TSEQ0-E5,TSEQ0,LOCAL
2530,TSEQ0-E5,TSEQ0,LOCAL
2531,TSEQ0-E5,TSEQ0,LOCAL
2532,TSEQ0-E5,TSEQ0,LOCAL
2533,TSEQ0-E5,TSEQ0,LOCAL
2534,TSEQ0-E5,TSEQ0,LOCAL
2535,TSEQ0-E5,TSEQ0,LOCAL
2536,TSEQ0-E5,TSEQ0,LOCAL
2537,TSEQ0-E5,TSEQ0,LOCAL
2538,TSEQ0-E5,TSEQ0,LOCAL
2539,TSEQ0-E5,TSEQ0,LOCAL
2540,TSEQ0-E5,TSEQ0,LOCAL
2541,TSEQ0-E5,TSEQ0,LOCAL
2542,TSEQ0-E5,TSEQ0,LOCAL
2543,TSEQ0-E5,TSEQ0,LOCAL
2544,TSEQ0-E5,TSEQ0,LOCAL
2545,TSEQ0-E5,TSEQ0,LOCAL
2546,TSEQ0-E5,TSEQ0,LOCAL
2547,TSEQ0-E5,TSEQ0,LOCAL
2548,TSEQ0-E5,TSEQ0,LOCAL
2549,TSEQ0-E5,TSEQ0,LOCAL
2550,TSEQ0-E5,TSEQ0,LOCAL
2551,TSEQ0-E5,TSEQ0,LOCAL
2552,TSEQ0-E5,TSEQ0,LOCAL
2553,TSEQ0-E5,TSEQ0,LOCAL
2554,TSEQ0-E5,TSEQ0,LOCAL
2555,TSEQ0-E5,TSEQ0,LOCAL
2556,TSEQ0-E5,TSEQ0,LOCAL
2557,TSEQ0-E5,TSEQ0,LOCAL
2558,TSEQ0-E5,TSEQ0,LOCAL
2559,TSEQ0-E5,TSEQ0,LOCAL
2560,TSEQ0-E5,TSEQ0,LOCAL
2561,TSEQ0-E5,TSEQ0,LOCAL
2562,TSEQ0-E5,TSEQ0,LOCAL
2563,TSEQ0-E5,TSEQ0,LOCAL
2564,TSEQ0-E5,TSEQ0,LOCAL
2565,TSEQ0-E5,TSEQ0,LOCAL
2566,TSEQ0-E5,TSEQ0,LOCAL
2567,TSEQ0-E5,TSEQ0,LOCAL
2568,TSEQ0-E5,TSEQ0,LOCAL
2569,TSEQ0-E5,TSEQ0,LOCAL
2570,TSEQ0-E5,TSEQ0,LOCAL
2571,TSEQ0-E5,TSEQ0,LOCAL
2572,TSEQ0-E5,TSEQ0,LOCAL
2573,TSEQ0-E5,TSEQ0,LOCAL
2574,TSEQ0-E5,TSEQ0,LOCAL
2575,TSEQ0-E5,TSEQ0,LOCAL
2576,TSEQ0-E5,TSEQ0,LOCAL
2577,TSEQ0-E5,TSEQ0,LOCAL
2578,TSEQ0-E5,TSEQ0,LOCAL
2579,TSEQ0-E5,TSEQ0,LOCAL
2580,TSEQ0-E5,TSEQ0,LOCAL
2581,TSEQ0-E5,TSEQ0,LOCAL
2582,TSEQ0-E5,TSEQ0,LOCAL
2583,TSEQ0-E5,TSEQ0,LOCAL
2584,TSEQ0-E5,TSEQ0,LOCAL
2585,TSEQ0-E5,TSEQ0,LOCAL
2586,TSEQ0-E5,TSEQ0,LOCAL
2587,TSEQ0-E5,TSEQ0,LOCAL
2588,TSEQ0-E5,TSEQ0,LOCAL
2589,TSEQ0-E5,TSEQ0,LOCAL
2590,TSEQ0-E5,TSEQ0,LOCAL
2591,TSEQ0-E5,TSEQ0,LOCAL
2592,TSEQ0-E5,TSEQ0,LOCAL
2593,TSEQ0-E5,TSEQ0,LOCAL
2594,TSEQ0-E5,TSEQ0,LOCAL
2595,TSEQ0-E5,TSEQ0,LOCAL
2596,TSEQ0-E5,TSEQ0,LOCAL
2597,TSEQ0-E5,TSEQ0,LOCAL
2598,TSEQ0-E5,TSEQ0,LOCAL
2599,TSEQ0-E5,TSEQ0,LOCAL
2600,TSEQ1-E5,TSEQ1,REMOTE
2601,TSEQ1-E5,TSEQ1,REMOTE
2602,TSEQ1-E5,TSEQ1,REMOTE
2603,TSEQ1-E5,TSEQ1,REMOTE
2604,TSEQ1-E5,TSEQ1,REMOTE
2605,TSEQ1-E5,TSEQ1,REMOTE
2606,TSEQ1-E5,TSEQ1,LOCAL
2607,TSEQ1-E5,TSEQ1,REMOTE
2608,TSEQ1-E5,TSEQ1,REMOTE
2609,TSEQ1-E5,TSEQ1,REMOTE
2610,TSEQ1-E5,TSEQ1,REMOTE
2611,TSEQ1-E5,TSEQ1,REMOTE
2612,TSEQ1-E5,TSEQ1,REMOTE
2613,TSEQ1-E5,TSEQ1,REMOTE
2614,TSEQ1-E5,TSEQ1,REMOTE
2615,TSEQ1-E5,TSEQ1,REMOTE
2616,TSEQ1-E5,TSEQ1,REMOTE
2617,TSEQ1-E5,TSEQ1,REMOTE
2618,TSEQ1-E5,TSEQ1,REMOTE
2619,TSEQ1-E5,TSEQ1,REMOTE
2620,TSEQ1-E5,TSEQ1,REMOTE
2621,TSEQ1-E5,TSEQ1,REMOTE
2622,TSEQ1-E5,TSEQ1,REMOTE
2623,TSEQ1-E5,TSEQ1,REMOTE
2624,TSEQ1-E5,TSEQ1,REMOTE
2625,TSEQ1-E5,TSEQ1,REMOTE
2626,TSEQ1-E5,TSEQ1,REMOTE
2627,TSEQ1-E5,TSEQ1,REMOTE
2628,TSEQ1-E5,TSEQ1,REMOTE
2629,TSEQ1-E5,TSEQ1,REMOTE
2630,TSEQ1-E5,TSEQ1,REMOTE
2631,TSEQ1-E5,TSEQ1,REMOTE
2632,TSEQ1-E5,TSEQ1,REMOTE
2633,TSEQ1-E5,TSEQ1,REMOTE
2634,TSEQ1-E5,TSEQ1,REMOTE
2635,TSEQ1-E5,TSEQ1,REMOTE
2636,TSEQ1-E5,TSEQ1,REMOTE
2637,TSEQ1-E5,TSEQ1,REMOTE
2638,TSEQ1-E5,TSEQ1,REMOTE
2639,TSEQ1-E5,TSEQ1,REMOTE
2640,TSEQ1-E5,TSEQ1,REMOTE
2641,TSEQ1-E5,TSEQ1,REMOTE
2642,TSEQ1-E5,TSEQ1,REMOTE
2643,TSEQ1-E5,TSEQ1,REMOTE
2644,TSEQ1-E5,TSEQ1,REMOTE
2645,TSEQ1-E5,TSEQ1,REMOTE
2646,TSEQ1-E5,TSEQ1,REMOTE
2647,TSEQ1-E5,TSEQ1,REMOTE
2648,TSEQ1-E5,TSEQ1,REMOTE
2649,TSEQ1-E5,TSEQ1,REMOTE
2650,TSEQ1-E5,TSEQ1,REMOTE
2651,TSEQ1-E5,TSEQ1,REMOTE
2652,TSEQ1-E5,TSEQ1,REMOTE
2653,TSEQ1-E5,TSEQ1,REMOTE
2654,TSEQ1-E5,TSEQ1,REMOTE
2655,TSEQ1-E5,TSEQ1,REMOTE
2656,TSEQ1-E5,TSEQ1,REMOTE
2657,TSEQ1-E5,TSEQ1,REMOTE
2658,TSEQ1-E5,TSEQ1,REMOTE
2659,TSEQ1-E5,TSEQ1,REMOTE
2660,TSEQ1-E5,TSEQ1,REMOTE
2661,TSEQ1-E5,TSEQ1,REMOTE
2662,TSEQ1-E5,TSEQ1,REMOTE
2663,TSEQ1-E5,TSEQ1,REMOTE
2664,TSEQ1-E5,TSEQ1,REMOTE
2665,TSEQ1-E5,TSEQ1,REMOTE
2666,TSEQ1-E5,TSEQ1,REMOTE
2667,TSEQ1-E5,TSEQ1,REMOTE
2668,TSEQ1-E5,TSEQ1,REMOTE
2669,TSEQ1-E5,TSEQ1,REMOTE
2670,TSEQ1-E5,TSEQ1,REMOTE
2671,TSEQ1-E5,TSEQ1,REMOTE
2672,TSEQ1-E5,TSEQ1,REMOTE
2673,TSEQ1-E5,TSEQ1,REMOTE
2674,TSEQ1-E5,TSEQ1,REMOTE
2675,TSEQ1-E5,TSEQ1,REMOTE
2676,TSEQ1-E5,TSEQ1,REMOTE
2677,TSEQ1-E5,TSEQ1,REMOTE
2678,TSEQ1-E5,TSEQ1,REMOTE
2679,TSEQ1-E5,TSEQ1,REMOTE
2680,TSEQ1-E5,TSEQ1,REMOTE
2681,TSEQ1-E5,TSEQ1,REMOTE
2682,TSEQ1-E5,TSEQ1,REMOTE
2683,TSEQ1-E5,TSEQ1,REMOTE
2684,TSEQ1-E5,TSEQ1,REMOTE
2685,TSEQ1-E5,TSEQ1,REMOTE
2686,TSEQ1-E5,TSEQ1,REMOTE
2687,TSEQ1-E5,TSEQ1,REMOTE
2688,TSEQ1-E5,TSEQ1,REMOTE
2689,TSEQ1-E5,TSEQ1,REMOTE
2690,TSEQ1-E5,TSEQ1,REMOTE
2691,TSEQ1-E5,TSEQ1,REMOTE
2692,TSEQ1-E5,TSEQ1,REMOTE
2693,TSEQ1-E5,TSEQ1,REMOTE
2694,TSEQ1-E5,TSEQ1,REMOTE
2695,TSEQ1-E5,TSEQ1,REMOTE
2696,TSEQ1-E5,TSEQ1,REMOTE
2697,TSEQ1-E5,TSEQ1,REMOTE
2698,TSEQ1-E5,TSEQ1,REMOTE
2699,TSEQ1-E5,TSEQ1,REMOTE
2700,TSEQ2-E5,TSEQ2,REMOTE
2701,TSEQ2-E5,TSEQ2,REMOTE
2702,TSEQ2-E5,TSEQ2,LOCAL
2703,TSEQ2-E5,TSEQ2,REMOTE
2704,TSEQ2-E5,TSEQ2,LOCAL
2705,TSEQ2-E5,TSEQ2,LOCAL
2706,TSEQ2-E5,TSEQ2,REMOTE
2707,TSEQ2-E5,TSEQ2,REMOTE
2708,TSEQ2-E5,TSEQ2,LOCAL
2709,TSEQ2-E5,TSEQ2,REMOTE
2710,TSEQ2-E5,TSEQ2,REMOTE
2711,TSEQ2-E5,TSEQ2,LOCAL
2712,TSEQ2-E5,TSEQ2,REMOTE
2713,TSEQ2-E5,TSEQ2,LOCAL
2714,TSEQ2-E5,TSEQ2,LOCAL
2715,TSEQ2-E5,TSEQ2,LOCAL
2716,TSEQ2-E5,TSEQ2,REMOTE
2717,TSEQ2-E5,TSEQ2,LOCAL
2718,TSEQ2-E5,TSEQ2,REMOTE
2719,TSEQ2-E5,TSEQ2,LOCAL
2720,TSEQ2-E5,TSEQ2,REMOTE
2721,TSEQ2-E5,TSEQ2,LOCAL
2722,TSEQ2-E5,TSEQ2,REMOTE
2723,TSEQ2-E5,TSEQ2,LOCAL
2724,TSEQ2-E5,TSEQ2,LOCAL
2725,TSEQ2-E5,TSEQ2,LOCAL
2726,TSEQ2-E5,TSEQ2,REMOTE
2727,TSEQ2-E5,TSEQ2,LOCAL
2728,TSEQ2-E5,TSEQ2,LOCAL
2729,TSEQ2-E5,TSEQ2,LOCAL
2730,TSEQ2-E5,TSEQ2,LOCAL
2731,TSEQ2-E5,TSEQ2,LOCAL
2732,TSEQ2-E5,TSEQ2,REMOTE
2733,TSEQ2-E5,TSEQ2,REMOTE
2734,TSEQ2-E5,TSEQ2,REMOTE
2735,TSEQ2-E5,TSEQ2,REMOTE
2736,TSEQ2-E5,TSEQ2,LOCAL
2737,TSEQ2-E5,TSEQ2,LOCAL
2738,TSEQ2-E5,TSEQ2,LOCAL
2739,TSEQ2-E5,TSEQ2,REMOTE
2740,TSEQ2-E5,TSEQ2,REMOTE
2741,TSEQ2-E5,TSEQ2,REMOTE
2742,TSEQ2-E5,TSEQ2,LOCAL
2743,TSEQ2-E5,TSEQ2,REMOTE
2744,TSEQ2-E5,TSEQ2,LOCAL
2745,TSEQ2-E5,TSEQ2,LOCAL
2746,TSEQ2-E5,TSEQ2,REMOTE
2747,TSEQ2-E5,TSEQ2,REMOTE
2748,TSEQ2-E5,TSEQ2,REMOTE
2749,TSEQ2-E5,TSEQ2,REMOTE
2750,TSEQ2-E5,TSEQ2,REMOTE
2751,TSEQ2-E5,TSEQ2,LOCAL
2752,TSEQ2-E5,TSEQ2,LOCAL
2753,TSEQ2-E5,TSEQ2,LOCAL
2754,TSEQ2-E5,TSEQ2,REMOTE
2755,TSEQ2-E5,TSEQ2,REMOTE
2756,TSEQ2-E5,TSEQ2,REMOTE
2757,TSEQ2-E5,TSEQ2,REMOTE
2758,TSEQ2-E5,TSEQ2,LOCAL
2759,TSEQ2-E5,TSEQ2,LOCAL
2760,TSEQ2-E5,TSEQ2,LOCAL
2761,TSEQ2-E5,TSEQ2,LOCAL
2762,TSEQ2-E5,TSEQ2,LOCAL
2763,TSEQ2-E5,TSEQ2,REMOTE
2764,TSEQ2-E5,TSEQ2,REMOTE
2765,TSEQ2-E5,TSEQ2,LOCAL
2766,TSEQ2-E5,TSEQ2,REMOTE
2767,TSEQ2-E5,TSEQ2,REMOTE
2768,TSEQ2-E5,TSEQ2,REMOTE
2769,TSEQ2-E5,TSEQ2,LOCAL
2770,TSEQ2-E5,TSEQ2,REMOTE
2771,TSEQ2-E5,TSEQ2,LOCAL
2772,TSEQ2-E5,TSEQ2,REMOTE
2773,TSEQ2-E5,TSEQ2,LOCAL
2774,TSEQ2-E5,TSEQ2,LOCAL
2775,TSEQ2-E5,TSEQ2,REMOTE
2776,TSEQ2-E5,TSEQ2,LOCAL
2777,TSEQ2-E5,TSEQ2,LOCAL
2778,TSEQ2-E5,TSEQ2,LOCAL
2779,TSEQ2-E5,TSEQ2,REMOTE
2780,TSEQ2-E5,TSEQ2,REMOTE
2781,TSEQ2-E5,TSEQ2,REMOTE
2782,TSEQ2-E5,TSEQ2,REMOTE
2783,TSEQ2-E5,TSEQ2,REMOTE
2784,TSEQ2-E5,TSEQ2,LOCAL
2785,TSEQ2-E5,TSEQ2,LOCAL
2786,TSEQ2-E5,TSEQ2,REMOTE
2787,TSEQ2-E5,TSEQ2,LOCAL
2788,TSEQ2-E5,TSEQ2,REMOTE
2789,TSEQ2-E5,TSEQ2,LOCAL
2790,TSEQ2-E5,TSEQ2,REMOTE
2791,TSEQ2-E5,TSEQ2,REMOTE
2792,TSEQ2-E5,TSEQ2,LOCAL
2793,TSEQ2-E5,TSEQ2,LOCAL
2794,TSEQ2-E5,TSEQ2,LOCAL
2795,TSEQ2-E5,TSEQ2,LOCAL
2796,TSEQ2-E5,TSEQ2,REMOTE
2797,TSEQ2-E5,TSEQ2,REMOTE
2798,TSEQ2-E5,TSEQ2,LOCAL
2799,TSEQ2-E5,TSEQ2,REMOTE
2800,TSEQ3-E5,TSEQ3,LOCAL
2801,TSEQ3-E5,TSEQ3,REMOTE
2802,TSEQ3-E5,TSEQ3,CLOUD
2803,TSEQ3-E5,TSEQ3,LOCAL
2804,TSEQ3-E5,TSEQ3,REMOTE
2805,TSEQ3-E5,TSEQ3,CLOUD
2806,TSEQ3-E5,TSEQ3,LOCAL
2807,TSEQ3-E5,TSEQ3,REMOTE
2808,TSEQ3-E5,TSEQ3,CLOUD
2809,TSEQ3-E5,TSEQ3,LOCAL
2810,TSEQ3-E5,TSEQ3,REMOTE
2811,TSEQ3-E5,TSEQ3,CLOUD
2812,TSEQ3-E5,TSEQ3,LOCAL
2813,TSEQ3-E5,TSEQ3,REMOTE
2814,TSEQ3-E5,TSEQ3,CLOUD
2815,TSEQ3-E5,TSEQ3,LOCAL
2816,TSEQ3-E5,TSEQ3,REMOTE
2817,TSEQ3-E5,TSEQ3,CLOUD
2818,TSEQ3-E5,TSEQ3,LOCAL
2819,TSEQ3-E5,TSEQ3,REMOTE
2820,TSEQ3-E5,TSEQ3,CLOUD
2821,TSEQ3-E5,TSEQ3,LOCAL
2822,TSEQ3-E5,TSEQ3,REMOTE
2823,TSEQ3-E5,TSEQ3,CLOUD
2824,TSEQ3-E5,TSEQ3,LOCAL
2825,TSEQ3-E5,TSEQ3,REMOTE
2826,TSEQ3-E5,TSEQ3,CLOUD
2827,TSEQ3-E5,TSEQ3,LOCAL
2828,TSEQ3-E5,TSEQ3,REMOTE
2829,TSEQ3-E5,TSEQ3,CLOUD
2830,TSEQ3-E5,TSEQ3,LOCAL
2831,TSEQ3-E5,TSEQ3,REMOTE
2832,TSEQ3-E5,TSEQ3,CLOUD
2833,TSEQ3-E5,TSEQ3,LOCAL
2834,TSEQ3-E5,TSEQ3,REMOTE
2835,TSEQ3-E5,TSEQ3,CLOUD
2836,TSEQ3-E5,TSEQ3,LOCAL
2837,TSEQ3-E5,TSEQ3,REMOTE
2838,TSEQ3-E5,TSEQ3,CLOUD
2839,TSEQ3-E5,TSEQ3,LOCAL
2840,TSEQ3-E5,TSEQ3,REMOTE
2841,TSEQ3-E5,TSEQ3,CLOUD
2842,TSEQ3-E5,TSEQ3,LOCAL
2843,TSEQ3-E5,TSEQ3,REMOTE
2844,TSEQ3-E5,TSEQ3,CLOUD
2845,TSEQ3-E5,TSEQ3,LOCAL
2846,TSEQ3-E5,TSEQ3,REMOTE
2847,TSEQ3-E5,TSEQ3,CLOUD
2848,TSEQ3-E5,TSEQ3,LOCAL
2849,TSEQ3-E5,TSEQ3,REMOTE
2850,TSEQ3-E5,TSEQ3,CLOUD
2851,TSEQ3-E5,TSEQ3,LOCAL
2852,TSEQ3-E5,TSEQ3,REMOTE
2853,TSEQ3-E5,TSEQ3,CLOUD
2854,TSEQ3-E5,TSEQ3,LOCAL
2855,TSEQ3-E5,TSEQ3,REMOTE
2856,TSEQ3-E5,TSEQ3,CLOUD
2857,TSEQ3-E5,TSEQ3,LOCAL
2858,TSEQ3-E5,TSEQ3,REMOTE
2859,TSEQ3-E5,TSEQ3,CLOUD
2860,TSEQ3-E5,TSEQ3,LOCAL
2861,TSEQ3-E5,TSEQ3,REMOTE
2862,TSEQ3-E5,TSEQ3,CLOUD
2863,TSEQ3-E5,TSEQ3,LOCAL
2864,TSEQ3-E5,TSEQ3,REMOTE
2865,TSEQ3-E5,TSEQ3,CLOUD
2866,TSEQ3-E5,TSEQ3,LOCAL
2867,TSEQ3-E5,TSEQ3,REMOTE
2868,TSEQ3-E5,TSEQ3,CLOUD
2869,TSEQ3-E5,TSEQ3,LOCAL
2870,TSEQ3-E5,TSEQ3,REMOTE
2871,TSEQ3-E5,TSEQ3,CLOUD
2872,TSEQ3-E5,TSEQ3,LOCAL
2873,TSEQ3-E5,TSEQ3,REMOTE
2874,TSEQ3-E5,TSEQ3,CLOUD
2875,TSEQ3-E5,TSEQ3,LOCAL
2876,TSEQ3-E5,TSEQ3,REMOTE
2877,TSEQ3-E5,TSEQ3,CLOUD
2878,TSEQ3-E5,TSEQ3,LOCAL
2879,TSEQ3-E5,TSEQ3,REMOTE
2880,TSEQ3-E5,TSEQ3,CLOUD
2881,TSEQ3-E5,TSEQ3,LOCAL
2882,TSEQ3-E5,TSEQ3,REMOTE
2883,TSEQ3-E5,TSEQ3,CLOUD
2884,TSEQ3-E5,TSEQ3,LOCAL
2885,TSEQ3-E5,TSEQ3,REMOTE
2886,TSEQ3-E5,TSEQ3,CLOUD
2887,TSEQ3-E5,TSEQ3,LOCAL
2888,TSEQ3-E5,TSEQ3,REMOTE
2889,TSEQ3-E5,TSEQ3,CLOUD
2890,TSEQ3-E5,TSEQ3,LOCAL
2891,TSEQ3-E5,TSEQ3,REMOTE
2892,TSEQ3-E5,TSEQ3,CLOUD
2893,TSEQ3-E5,TSEQ3,LOCAL
2894,TSEQ3-E5,TSEQ3,REMOTE
2895,TSEQ3-E5,TSEQ3,CLOUD
2896,TSEQ3-E5,TSEQ3,LOCAL
2897,TSEQ3-E5,TSEQ3,REMOTE
2898,TSEQ3-E5,TSEQ3,CLOUD
2899,TSEQ3-E5,TSEQ3,LOCAL
2900,TSEQ4-E5,TSEQ4,REMOTE
2901,TSEQ4-E5,TSEQ4,LOCAL
2902,TSEQ4-E5,TSEQ4,CLOUD
2903,TSEQ4-E5,TSEQ4,REMOTE
2904,TSEQ4-E5,TSEQ4,LOCAL
2905,TSEQ4-E5,TSEQ4,CLOUD
2906,TSEQ4-E5,TSEQ4,REMOTE
2907,TSEQ4-E5,TSEQ4,LOCAL
2908,TSEQ4-E5,TSEQ4,CLOUD
2909,TSEQ4-E5,TSEQ4,REMOTE
2910,TSEQ4-E5,TSEQ4,LOCAL
2911,TSEQ4-E5,TSEQ4,CLOUD
2912,TSEQ4-E5,TSEQ4,REMOTE
2913,TSEQ4-E5,TSEQ4,LOCAL
2914,TSEQ4-E5,TSEQ4,CLOUD
2915,TSEQ4-E5,TSEQ4,REMOTE
2916,TSEQ4-E5,TSEQ4,LOCAL
2917,TSEQ4-E5,TSEQ4,CLOUD
2918,TSEQ4-E5,TSEQ4,REMOTE
2919,TSEQ4-E5,TSEQ4,LOCAL
2920,TSEQ4-E5,TSEQ4,CLOUD
2921,TSEQ4-E5,TSEQ4,REMOTE
2922,TSEQ4-E5,TSEQ4,LOCAL
2923,TSEQ4-E5,TSEQ4,CLOUD
2924,TSEQ4-E5,TSEQ4,REMOTE
2925,TSEQ4-E5,TSEQ4,LOCAL
2926,TSEQ4-E5,TSEQ4,CLOUD
2927,TSEQ4-E5,TSEQ4,REMOTE
2928,TSEQ4-E5,TSEQ4,LOCAL
2929,TSEQ4-E5,TSEQ4,CLOUD
2930,TSEQ4-E5,TSEQ4,REMOTE
2931,TSEQ4-E5,TSEQ4,LOCAL
2932,TSEQ4-E5,TSEQ4,CLOUD
2933,TSEQ4-E5,TSEQ4,REMOTE
2934,TSEQ4-E5,TSEQ4,LOCAL
2935,TSEQ4-E5,TSEQ4,CLOUD
2936,TSEQ4-E5,TSEQ4,REMOTE
2937,TSEQ4-E5,TSEQ4,LOCAL
2938,TSEQ4-E5,TSEQ4,CLOUD
2939,TSEQ4-E5,TSEQ4,REMOTE
2940,TSEQ4-E5,TSEQ4,LOCAL
2941,TSEQ4-E5,TSEQ4,CLOUD
2942,TSEQ4-E5,TSEQ4,REMOTE
2943,TSEQ4-E5,TSEQ4,LOCAL
2944,TSEQ4-E5,TSEQ4,CLOUD
2945,TSEQ4-E5,TSEQ4,REMOTE
2946,TSEQ4-E5,TSEQ4,LOCAL
2947,TSEQ4-E5,TSEQ4,CLOUD
2948,TSEQ4-E5,TSEQ4,REMOTE
2949,TSEQ4-E5,TSEQ4,LOCAL
2950,TSEQ4-E5,TSEQ4,CLOUD
2951,TSEQ4-E5,TSEQ4,REMOTE
2952,TSEQ4-E5,TSEQ4,LOCAL
2953,TSEQ4-E5,TSEQ4,CLOUD
2954,TSEQ4-E5,TSEQ4,REMOTE
2955,TSEQ4-E5,TSEQ4,LOCAL
2956,TSEQ4-E5,TSEQ4,CLOUD
2957,TSEQ4-E5,TSEQ4,REMOTE
2958,TSEQ4-E5,TSEQ4,LOCAL
2959,TSEQ4-E5,TSEQ4,CLOUD
2960,TSEQ4-E5,TSEQ4,REMOTE
2961,TSEQ4-E5,TSEQ4,LOCAL
2962,TSEQ4-E5,TSEQ4,CLOUD
2963,TSEQ4-E5,TSEQ4,REMOTE
2964,TSEQ4-E5,TSEQ4,LOCAL
2965,TSEQ4-E5,TSEQ4,CLOUD
2966,TSEQ4-E5,TSEQ4,REMOTE
2967,TSEQ4-E5,TSEQ4,LOCAL
2968,TSEQ4-E5,TSEQ4,CLOUD
2969,TSEQ4-E5,TSEQ4,REMOTE
2970,TSEQ4-E5,TSEQ4,LOCAL
2971,TSEQ4-E5,TSEQ4,CLOUD
2972,TSEQ4-E5,TSEQ4,REMOTE
2973,TSEQ4-E5,TSEQ4,LOCAL
2974,TSEQ4-E5,TSEQ4,CLOUD
2975,TSEQ4-E5,TSEQ4,REMOTE
2976,TSEQ4-E5,TSEQ4,LOCAL
2977,TSEQ4-E5,TSEQ4,CLOUD
2978,TSEQ4-E5,TSEQ4,REMOTE
2979,TSEQ4-E5,TSEQ4,LOCAL
2980,TSEQ4-E5,TSEQ4,CLOUD
2981,TSEQ4-E5,TSEQ4,REMOTE
2982,TSEQ4-E5,TSEQ4,LOCAL
2983,TSEQ4-E5,TSEQ4,CLOUD
2984,TSEQ4-E5,TSEQ4,REMOTE
2985,TSEQ4-E5,TSEQ4,LOCAL
2986,TSEQ4-E5,TSEQ4,CLOUD
2987,TSEQ4-E5,TSEQ4,REMOTE
2988,TSEQ4-E5,TSEQ4,LOCAL
2989,TSEQ4-E5,TSEQ4,CLOUD
2990,TSEQ4-E5,TSEQ4,REMOTE
2991,TSEQ4-E5,TSEQ4,LOCAL
2992,TSEQ4-E5,TSEQ4,CLOUD
2993,TSEQ4-E5,TSEQ4,REMOTE
2994,TSEQ4-E5,TSEQ4,LOCAL
2995,TSEQ4-E5,TSEQ4,CLOUD
2996,TSEQ4-E5,TSEQ4,REMOTE
2997,TSEQ4-E5,TSEQ4,LOCAL
2998,TSEQ4-E5,TSEQ4,CLOUD
2999,TSEQ4-E5,TSEQ4,REMOTE
3000,TSEQ0-E6,TSEQ0,LOCAL
3001,TSEQ0-E6,TSEQ0,LOCAL
3002,TSEQ0-E6,TSEQ0,LOCAL
3003,TSEQ0-E6,TSEQ0,LOCAL
3004,TSEQ0-E6,TSEQ0,LOCAL
3005,TSEQ0-E6,TSEQ0,LOCAL
3006,TSEQ0-E6,TSEQ0,LOCAL
3007,TSEQ0-E6,TSEQ0,LOCAL
3008,TSEQ0-E6,TSEQ0,LOCAL
3009,TSEQ0-E6,TSEQ0,LOCAL
3010,TSEQ0-E6,TSEQ0,LOCAL
3011,TSEQ0-E6,TSEQ0,LOCAL
3012,TSEQ0-E6,TSEQ0,LOCAL
3013,TSEQ0-E6,TSEQ0,LOCAL
3014,TSEQ0-E6,TSEQ0,LOCAL
3015,TSEQ0-E6,TSEQ0,LOCAL
3016,TSEQ0-E6,TSEQ0,LOCAL
3017,TSEQ0-E6,TSEQ0,LOCAL
3018,TSEQ0-E6,TSEQ0,LOCAL
3019,TSEQ0-E6,TSEQ0,LOCAL
3020,TSEQ0-E6,TSEQ0,LOCAL
3021,TSEQ0-E6,TSEQ0,LOCAL
3022,TSEQ0-E6,TSEQ0,LOCAL
3023,TSEQ0-E6,TSEQ0,LOCAL
3024,TSEQ0-E6,TSEQ0,LOCAL
3025,TSEQ0-E6,TSEQ0,LOCAL
3026,TSEQ0-E6,TSEQ0,LOCAL
3027,TSEQ0-E6,TSEQ0,LOCAL
3028,TSEQ0-E6,TSEQ0,LOCAL
3029,TSEQ0-E6,TSEQ0,LOCAL
3030,TSEQ0-E6,TSEQ0,LOCAL
3031,TSEQ0-E6,TSEQ0,LOCAL
3032,TSEQ0-E6,TSEQ0,LOCAL
3033,TSEQ0-E6,TSEQ0,LOCAL
3034,TSEQ0-E6,TSEQ0,LOCAL
3035,TSEQ0-E6,TSEQ0,LOCAL
3036,TSEQ0-E6,TSEQ0,LOCAL
3037,TSEQ0-E6,TSEQ0,LOCAL
3038,TSEQ0-E6,TSEQ0,LOCAL
3039,TSEQ0-E6,TSEQ0,LOCAL
3040,TSEQ0-E6,TSEQ0,LOCAL
3041,TSEQ0-E6,TSEQ0,LOCAL
3042,TSEQ0-E6,TSEQ0,LOCAL
3043,TSEQ0-E6,TSEQ0,LOCAL
3044,TSEQ0-E6,TSEQ0,LOCAL
3045,TSEQ0-E6,TSEQ0,LOCAL
3046,TSEQ0-E6,TSEQ0,LOCAL
3047,TSEQ0-E6,TSEQ0,LOCAL
3048,TSEQ0-E6,TSEQ0,LOCAL
3049,TSEQ0-E6,TSEQ0,LOCAL
3050,TSEQ0-E6,TSEQ0,LOCAL
3051,TSEQ0-E6,TSEQ0,LOCAL
3052,TSEQ0-E6,TSEQ0,LOCAL
3053,TSEQ0-E6,TSEQ0,LOCAL
3054,TSEQ0-E6,TSEQ0,LOCAL
3055,TSEQ0-E6,TSEQ0,LOCAL
3056,TSEQ0-E6,TSEQ0,LOCAL
3057,TSEQ0-E6,TSEQ0,LOCAL
3058,TSEQ0-E6,TSEQ0,LOCAL
3059,TSEQ0-E6,TSEQ0,LOCAL
3060,TSEQ0-E6,TSEQ0,LOCAL
3061,TSEQ0-E6,TSEQ0,LOCAL
3062,TSEQ0-E6,TSEQ0,LOCAL
3063,TSEQ0-E6,TSEQ0,LOCAL
3064,TSEQ0-E6,TSEQ0,LOCAL
3065,TSEQ0-E6,TSEQ0,LOCAL
3066,TSEQ0-E6,TSEQ0,LOCAL
3067,TSEQ0-E6,TSEQ0,LOCAL
3068,TSEQ0-E6,TSEQ0,LOCAL
3069,TSEQ0-E6,TSEQ0,LOCAL
3070,TSEQ0-E6,TSEQ0,LOCAL
3071,TSEQ0-E6,TSEQ0,LOCAL
3072,TSEQ0-E6,TSEQ0,LOCAL
3073,TSEQ0-E6,TSEQ0,LOCAL
3074,TSEQ0-E6,TSEQ0,LOCAL
3075,TSEQ0-E6,TSEQ0,LOCAL
3076,TSEQ0-E6,TSEQ0,LOCAL
3077,TSEQ0-E6,TSEQ0,LOCAL
3078,TSEQ0-E6,TSEQ0,LOCAL
3079,TSEQ0-E6,TSEQ0,LOCAL
3080,TSEQ0-E6,TSEQ0,LOCAL
3081,TSEQ0-E6,TSEQ0,LOCAL
3082,TSEQ0-E6,TSEQ0,LOCAL
3083,TSEQ0-E6,TSEQ0,LOCAL
3084,TSEQ0-E6,TSEQ0,LOCAL
3085,TSEQ0-E6,TSEQ0,LOCAL
3086,TSEQ0-E6,TSEQ0,LOCAL
3087,TSEQ0-E6,TSEQ0,LOCAL
3088,TSEQ0-E6,TSEQ0,LOCAL
3089,TSEQ0-E6,TSEQ0,LOCAL
3090,TSEQ0-E6,TSEQ0,LOCAL
3091,TSEQ0-E6,TSEQ0,LOCAL
3092,TSEQ0-E6,TSEQ0,LOCAL
3093,TSEQ0-E6,TSEQ0,LOCAL
3094,TSEQ0-E6,TSEQ0,LOCAL
3095,TSEQ0-E6,TSEQ0,LOCAL
3096,TSEQ0-E6,TSEQ0,LOCAL
3097,TSEQ0-E6,TSEQ0,LOCAL
3098,TSEQ0-E6,TSEQ0,LOCAL
3099,TSEQ0-E6,TSEQ0,LOCAL
3100,TSEQ1-E6,TSEQ1,REMOTE
3101,TSEQ1-E6,TSEQ1,REMOTE
3102,TSEQ1-E6,TSEQ1,REMOTE
3103,TSEQ1-E6,TSEQ1,REMOTE
3104,TSEQ1-E6,TSEQ1,REMOTE
3105,TSEQ1-E6,TSEQ1,REMOTE
3106,TSEQ1-E6,TSEQ1,REMOTE
3107,TSEQ1-E6,TSEQ1,REMOTE
3108,TSEQ1-E6,TSEQ1,REMOTE
3109,TSEQ1-E6,TSEQ1,REMOTE
3110,TSEQ1-E6,TSEQ1,REMOTE
3111,TSEQ1-E6,TSEQ1,REMOTE
3112,TSEQ1-E6,TSEQ1,REMOTE
3113,TSEQ1-E6,TSEQ1,REMOTE
3114,TSEQ1-E6,TSEQ1,REMOTE
3115,TSEQ1-E6,TSEQ1,REMOTE
3116,TSEQ1-E6,TSEQ1,REMOTE
3117,TSEQ1-E6,TSEQ1,REMOTE
3118,TSEQ1-E6,TSEQ1,REMOTE
3119,TSEQ1-E6,TSEQ1,REMOTE
3120,TSEQ1-E6,TSEQ1,REMOTE
3121,TSEQ1-E6,TSEQ1,REMOTE
3122,TSEQ1-E6,TSEQ1,REMOTE
3123,TSEQ1-E6,TSEQ1,REMOTE
3124,TSEQ1-E6,TSEQ1,REMOTE
3125,TSEQ1-E6,TSEQ1,REMOTE
3126,TSEQ1-E6,TSEQ1,REMOTE
3127,TSEQ1-E6,TSEQ1,REMOTE
3128,TSEQ1-E6,TSEQ1,REMOTE
3129,TSEQ1-E6,TSEQ1,REMOTE
3130,TSEQ1-E6,TSEQ1,REMOTE
3131,TSEQ1-E6,TSEQ1,REMOTE
3132,TSEQ1-E6,TSEQ1,REMOTE
3133,TSEQ1-E6,TSEQ1,REMOTE
3134,TSEQ1-E6,TSEQ1,REMOTE
3135,TSEQ1-E6,TSEQ1,REMOTE
3136,TSEQ1-E6,TSEQ1,REMOTE
3137,TSEQ1-E6,TSEQ1,REMOTE
3138,TSEQ1-E6,TSEQ1,REMOTE
3139,TSEQ1-E6,TSEQ1,REMOTE
3140,TSEQ1-E6,TSEQ1,REMOTE
3141,TSEQ1-E6,TSEQ1,REMOTE
3142,TSEQ1-E6,TSEQ1,REMOTE
3143,TSEQ1-E6,TSEQ1,REMOTE
3144,TSEQ1-E6,TSEQ1,REMOTE
3145,TSEQ1-E6,TSEQ1,LOCAL
3146,TSEQ1-E6,TSEQ1,REMOTE
3147,TSEQ1-E6,TSEQ1,REMOTE
3148,TSEQ1-E6,TSEQ1,REMOTE
3149,TSEQ1-E6,TSEQ1,REMOTE
3150,TSEQ1-E6,TSEQ1,REMOTE
3151,TSEQ1-E6,TSEQ1,REMOTE
3152,TSEQ1-E6,TSEQ1,REMOTE
3153,TSEQ1-E6,TSEQ1,REMOTE
3154,TSEQ1-E6,TSEQ1,REMOTE
3155,TSEQ1-E6,TSEQ1,REMOTE
3156,TSEQ1-E6,TSEQ1,REMOTE
3157,TSEQ1-E6,TSEQ1,REMOTE
3158,TSEQ1-E6,TSEQ1,REMOTE
3159,TSEQ1-E6,TSEQ1,REMOTE
3160,TSEQ1-E6,TSEQ1,REMOTE
3161,TSEQ1-E6,TSEQ1,REMOTE
3162,TSEQ1-E6,TSEQ1,REMOTE
3163,TSEQ1-E6,TSEQ1,REMOTE
3164,TSEQ1-E6,TSEQ1,REMOTE
3165,TSEQ1-E6,TSEQ1,REMOTE
3166,TSEQ1-E6,TSEQ1,REMOTE
3167,TSEQ1-E6,TSEQ1,REMOTE
3168,TSEQ1-E6,TSEQ1,REMOTE
3169,TSEQ1-E6,TSEQ1,REMOTE
3170,TSEQ1-E6,TSEQ1,REMOTE
3171,TSEQ1-E6,TSEQ1,REMOTE
3172,TSEQ1-E6,TSEQ1,REMOTE
3173,TSEQ1-E6,TSEQ1,REMOTE
3174,TSEQ1-E6,TSEQ1,REMOTE
3175,TSEQ1-E6,TSEQ1,REMOTE
3176,TSEQ1-E6,TSEQ1,REMOTE
3177,TSEQ1-E6,TSEQ1,REMOTE
3178,TSEQ1-E6,TSEQ1,REMOTE
3179,TSEQ1-E6,TSEQ1,REMOTE
3180,TSEQ1-E6,TSEQ1,REMOTE
3181,TSEQ1-E6,TSEQ1,REMOTE
3182,TSEQ1-E6,TSEQ1,REMOTE
3183,TSEQ1-E6,TSEQ1,REMOTE
3184,TSEQ1-E6,TSEQ1,REMOTE
3185,TSEQ1-E6,TSEQ1,REMOTE
3186,TSEQ1-E6,TSEQ1,REMOTE
3187,TSEQ1-E6,TSEQ1,REMOTE
3188,TSEQ1-E6,TSEQ1,REMOTE
3189,TSEQ1-E6,TSEQ1,REMOTE
3190,TSEQ1-E6,TSEQ1,REMOTE
3191,TSEQ1-E6,TSEQ1,REMOTE
3192,TSEQ1-E6,TSEQ1,REMOTE
3193,TSEQ1-E6,TSEQ1,REMOTE
3194,TSEQ1-E6,TSEQ1,REMOTE
3195,TSEQ1-E6,TSEQ1,REMOTE
3196,TSEQ1-E6,TSEQ1,REMOTE
3197,TSEQ1-E6,TSEQ1,REMOTE
3198,TSEQ1-E6,TSEQ1,REMOTE
3199,TSEQ1-E6,TSEQ1,REMOTE
3200,TSEQ2-E6,TSEQ2,REMOTE
3201,TSEQ2-E6,TSEQ2,REMOTE
3202,TSEQ2-E6,TSEQ2,REMOTE
3203,TSEQ2-E6,TSEQ2,REMOTE
3204,TSEQ2-E6,TSEQ2,REMOTE
3205,TSEQ2-E6,TSEQ2,REMOTE
3206,TSEQ2-E6,TSEQ2,REMOTE
3207,TSEQ2-E6,TSEQ2,LOCAL
3208,TSEQ2-E6,TSEQ2,REMOTE
3209,TSEQ2-E6,TSEQ2,LOCAL
3210,TSEQ2-E6,TSEQ2,LOCAL
3211,TSEQ2-E6,TSEQ2,LOCAL
3212,TSEQ2-E6,TSEQ2,REMOTE
3213,TSEQ2-E6,TSEQ2,REMOTE
3214,TSEQ2-E6,TSEQ2,LOCAL
3215,TSEQ2-E6,TSEQ2,LOCAL
3216,TSEQ2-E6,TSEQ2,LOCAL
3217,TSEQ2-E6,TSEQ2,LOCAL
3218,TSEQ2-E6,TSEQ2,LOCAL
3219,TSEQ2-E6,TSEQ2,REMOTE
3220,TSEQ2-E6,TSEQ2,LOCAL
3221,TSEQ2-E6,TSEQ2,REMOTE
3222,TSEQ2-E6,TSEQ2,REMOTE
3223,TSEQ2-E6,TSEQ2,LOCAL
3224,TSEQ2-E6,TSEQ2,LOCAL
3225,TSEQ2-E6,TSEQ2,LOCAL
3226,TSEQ2-E6,TSEQ2,REMOTE
3227,TSEQ2-E6,TSEQ2,REMOTE
3228,TSEQ2-E6,TSEQ2,REMOTE
3229,TSEQ2-E6,TSEQ2,LOCAL
3230,TSEQ2-E6,TSEQ2,REMOTE
3231,TSEQ2-E6,TSEQ2,LOCAL
3232,TSEQ2-E6,TSEQ2,REMOTE
3233,TSEQ2-E6,TSEQ2,LOCAL
3234,TSEQ2-E6,TSEQ2,REMOTE
3235,TSEQ2-E6,TSEQ2,LOCAL
3236,TSEQ2-E6,TSEQ2,REMOTE
3237,TSEQ2-E6,TSEQ2,LOCAL
3238,TSEQ2-E6,TSEQ2,LOCAL
3239,TSEQ2-E6,TSEQ2,LOCAL
3240,TSEQ2-E6,TSEQ2,REMOTE
3241,TSEQ2-E6,TSEQ2,LOCAL
3242,TSEQ2-E6,TSEQ2,LOCAL
3243,TSEQ2-E6,TSEQ2,LOCAL
3244,TSEQ2-E6,TSEQ2,LOCAL
3245,TSEQ2-E6,TSEQ2,LOCAL
3246,TSEQ2-E6,TSEQ2,REMOTE
3247,TSEQ2-E6,TSEQ2,REMOTE
3248,TSEQ2-E6,TSEQ2,LOCAL
3249,TSEQ2-E6,TSEQ2,LOCAL
3250,TSEQ2-E6,TSEQ2,LOCAL
3251,TSEQ2-E6,TSEQ2,LOCAL
3252,TSEQ2-E6,TSEQ2,LOCAL
3253,TSEQ2-E6,TSEQ2,REMOTE
3254,TSEQ2-E6,TSEQ2,REMOTE
3255,TSEQ2-E6,TSEQ2,LOCAL
3256,TSEQ2-E6,TSEQ2,LOCAL
3257,TSEQ2-E6,TSEQ2,REMOTE
3258,TSEQ2-E6,TSEQ2,REMOTE
3259,TSEQ2-E6,TSEQ2,LOCAL
3260,TSEQ2-E6,TSEQ2,REMOTE
3261,TSEQ2-E6,TSEQ2,REMOTE
3262,TSEQ2-E6,TSEQ2,LOCAL
3263,TSEQ2-E6,TSEQ2,REMOTE
3264,TSEQ2-E6,TSEQ2,REMOTE
3265,TSEQ2-E6,TSEQ2,REMOTE
3266,TSEQ2-E6,TSEQ2,REMOTE
3267,TSEQ2-E6,TSEQ2,REMOTE
3268,TSEQ2-E6,TSEQ2,LOCAL
3269,TSEQ2-E6,TSEQ2,LOCAL
3270,TSEQ2-E6,TSEQ2,LOCAL
3271,TSEQ2-E6,TSEQ2,REMOTE
3272,TSEQ2-E6,TSEQ2,REMOTE
3273,TSEQ2-E6,TSEQ2,REMOTE
3274,TSEQ2-E6,TSEQ2,REMOTE
3275,TSEQ2-E6,TSEQ2,REMOTE
3276,TSEQ2-E6,TSEQ2,REMOTE
3277,TSEQ2-E6,TSEQ2,REMOTE
3278,TSEQ2-E6,TSEQ2,REMOTE
3279,TSEQ2-E6,TSEQ2,LOCAL
3280,TSEQ2-E6,TSEQ2,REMOTE
3281,TSEQ2-E6,TSEQ2,LOCAL
3282,TSEQ2-E6,TSEQ2,REMOTE
3283,TSEQ2-E6,TSEQ2,REMOTE
3284,TSEQ2-E6,TSEQ2,LOCAL
3285,TSEQ2-E6,TSEQ2,LOCAL
3286,TSEQ2-E6,TSEQ2,LOCAL
3287,TSEQ2-E6,TSEQ2,LOCAL
3288,TSEQ2-E6,TSEQ2,LOCAL
3289,TSEQ2-E6,TSEQ2,LOCAL
3290,TSEQ2-E6,TSEQ2,REMOTE
3291,TSEQ2-E6,TSEQ2,REMOTE
3292,TSEQ2-E6,TSEQ2,LOCAL
3293,TSEQ2-E6,TSEQ2,LOCAL
3294,TSEQ2-E6,TSEQ2,LOCAL
3295,TSEQ2-E6,TSEQ2,REMOTE
3296,TSEQ2-E6,TSEQ2,REMOTE
3297,TSEQ2-E6,TSEQ2,LOCAL
3298,TSEQ2-E6,TSEQ2,REMOTE
3299,TSEQ2-E6,TSEQ2,LOCAL
3300,TSEQ3-E6,TSEQ3,LOCAL
3301,TSEQ3-E6,TSEQ3,REMOTE
3302,TSEQ3-E6,TSEQ3,CLOUD
3303,TSEQ3-E6,TSEQ3,LOCAL
3304,TSEQ3-E6,TSEQ3,REMOTE
3305,TSEQ3-E6,TSEQ3,CLOUD
3306,TSEQ3-E6,TSEQ3,LOCAL
3307,TSEQ3-E6,TSEQ3,REMOTE
3308,TSEQ3-E6,TSEQ3,CLOUD
3309,TSEQ3-E6,TSEQ3,LOCAL
3310,TSEQ3-E6,TSEQ3,REMOTE
3311,TSEQ3-E6,TSEQ3,CLOUD
3312,TSEQ3-E6,TSEQ3,LOCAL
3313,TSEQ3-E6,TSEQ3,REMOTE
3314,TSEQ3-E6,TSEQ3,CLOUD
3315,TSEQ3-E6,TSEQ3,LOCAL
3316,TSEQ3-E6,TSEQ3,REMOTE
3317,TSEQ3-E6,TSEQ3,CLOUD
3318,TSEQ3-E6,TSEQ3,LOCAL
3319,TSEQ3-E6,TSEQ3,REMOTE
3320,TSEQ3-E6,TSEQ3,CLOUD
3321,TSEQ3-E6,TSEQ3,LOCAL
3322,TSEQ3-E6,TSEQ3,REMOTE
3323,TSEQ3-E6,TSEQ3,CLOUD
3324,TSEQ3-E6,TSEQ3,LOCAL
3325,TSEQ3-E6,TSEQ3,REMOTE
3326,TSEQ3-E6,TSEQ3,CLOUD
3327,TSEQ3-E6,TSEQ3,LOCAL
3328,TSEQ3-E6,TSEQ3,REMOTE
3329,TSEQ3-E6,TSEQ3,CLOUD
3330,TSEQ3-E6,TSEQ3,LOCAL
3331,TSEQ3-E6,TSEQ3,REMOTE
3332,TSEQ3-E6,TSEQ3,CLOUD
3333,TSEQ3-E6,TSEQ3,LOCAL
3334,TSEQ3-E6,TSEQ3,REMOTE
3335,TSEQ3-E6,TSEQ3,CLOUD
3336,TSEQ3-E6,TSEQ3,LOCAL
3337,TSEQ3-E6,TSEQ3,REMOTE
3338,TSEQ3-E6,TSEQ3,CLOUD
3339,TSEQ3-E6,TSEQ3,LOCAL
3340,TSEQ3-E6,TSEQ3,REMOTE
3341,TSEQ3-E6,TSEQ3,CLOUD
3342,TSEQ3-E6,TSEQ3,LOCAL
3343,TSEQ3-E6,TSEQ3,REMOTE
3344,TSEQ3-E6,TSEQ3,CLOUD
3345,TSEQ3-E6,TSEQ3,LOCAL
3346,TSEQ3-E6,TSEQ3,REMOTE
3347,TSEQ3-E6,TSEQ3,CLOUD
3348,TSEQ3-E6,TSEQ3,LOCAL
3349,TSEQ3-E6,TSEQ3,REMOTE
3350,TSEQ3-E6,TSEQ3,CLOUD
3351,TSEQ3-E6,TSEQ3,LOCAL
3352,TSEQ3-E6,TSEQ3,REMOTE
3353,TSEQ3-E6,TSEQ3,CLOUD
3354,TSEQ3-E6,TSEQ3,LOCAL
3355,TSEQ3-E6,TSEQ3,REMOTE
3356,TSEQ3-E6,TSEQ3,CLOUD
3357,TSEQ3-E6,TSEQ3,LOCAL
3358,TSEQ3-E6,TSEQ3,REMOTE
3359,TSEQ3-E6,TSEQ3,CLOUD
3360,TSEQ3-E6,TSEQ3,LOCAL
3361,TSEQ3-E6,TSEQ3,REMOTE
3362,TSEQ3-E6,TSEQ3,CLOUD
3363,TSEQ3-E6,TSEQ3,LOCAL
3364,TSEQ3-E6,TSEQ3,REMOTE
3365,TSEQ3-E6,TSEQ3,CLOUD
3366,TSEQ3-E6,TSEQ3,LOCAL
3367,TSEQ3-E6,TSEQ3,REMOTE
3368,TSEQ3-E6,TSEQ3,CLOUD
3369,TSEQ3-E6,TSEQ3,LOCAL
3370,TSEQ3-E6,TSEQ3,REMOTE
3371,TSEQ3-E6,TSEQ3,CLOUD
3372,TSEQ3-E6,TSEQ3,LOCAL
3373,TSEQ3-E6,TSEQ3,REMOTE
3374,TSEQ3-E6,TSEQ3,CLOUD
3375,TSEQ3-E6,TSEQ3,LOCAL
3376,TSEQ3-E6,TSEQ3,REMOTE
3377,TSEQ3-E6,TSEQ3,CLOUD
3378,TSEQ3-E6,TSEQ3,LOCAL
3379,TSEQ3-E6,TSEQ3,REMOTE
3380,TSEQ3-E6,TSEQ3,CLOUD
3381,TSEQ3-E6,TSEQ3,LOCAL
3382,TSEQ3-E6,TSEQ3,REMOTE
3383,TSEQ3-E6,TSEQ3,CLOUD
3384,TSEQ3-E6,TSEQ3,LOCAL
3385,TSEQ3-E6,TSEQ3,REMOTE
3386,TSEQ3-E6,TSEQ3,CLOUD
3387,TSEQ3-E6,TSEQ3,LOCAL
3388,TSEQ3-E6,TSEQ3,REMOTE
3389,TSEQ3-E6,TSEQ3,CLOUD
3390,TSEQ3-E6,TSEQ3,LOCAL
3391,TSEQ3-E6,TSEQ3,REMOTE
3392,TSEQ3-E6,TSEQ3,CLOUD
3393,TSEQ3-E6,TSEQ3,LOCAL
3394,TSEQ3-E6,TSEQ3,REMOTE
3395,TSEQ3-E6,TSEQ3,CLOUD
3396,TSEQ3-E6,TSEQ3,LOCAL
3397,TSEQ3-E6,TSEQ3,REMOTE
3398,TSEQ3-E6,TSEQ3,CLOUD
3399,TSEQ3-E6,TSEQ3,LOCAL
3400,TSEQ4-E6,TSEQ4,REMOTE
3401,TSEQ4-E6,TSEQ4,LOCAL
3402,TSEQ4-E6,TSEQ4,CLOUD
3403,TSEQ4-E6,TSEQ4,REMOTE
3404,TSEQ4-E6,TSEQ4,LOCAL
3405,TSEQ4-E6,TSEQ4,CLOUD
3406,TSEQ4-E6,TSEQ4,REMOTE
3407,TSEQ4-E6,TSEQ4,LOCAL
3408,TSEQ4-E6,TSEQ4,CLOUD
3409,TSEQ4-E6,TSEQ4,REMOTE
3410,TSEQ4-E6,TSEQ4,LOCAL
3411,TSEQ4-E6,TSEQ4,CLOUD
3412,TSEQ4-E6,TSEQ4,REMOTE
3413,TSEQ4-E6,TSEQ4,LOCAL
3414,TSEQ4-E6,TSEQ4,CLOUD
3415,TSEQ4-E6,TSEQ4,REMOTE
3416,TSEQ4-E6,TSEQ4,LOCAL
3417,TSEQ4-E6,TSEQ4,CLOUD
3418,TSEQ4-E6,TSEQ4,REMOTE
3419,TSEQ4-E6,TSEQ4,LOCAL
3420,TSEQ4-E6,TSEQ4,CLOUD
3421,TSEQ4-E6,TSEQ4,REMOTE
3422,TSEQ4-E6,TSEQ4,LOCAL
3423,TSEQ4-E6,TSEQ4,CLOUD
3424,TSEQ4-E6,TSEQ4,REMOTE
3425,TSEQ4-E6,TSEQ4,LOCAL
3426,TSEQ4-E6,TSEQ4,CLOUD
3427,TSEQ4-E6,TSEQ4,REMOTE
3428,TSEQ4-E6,TSEQ4,LOCAL
3429,TSEQ4-E6,TSEQ4,CLOUD
3430,TSEQ4-E6,TSEQ4,REMOTE
3431,TSEQ4-E6,TSEQ4,LOCAL
3432,TSEQ4-E6,TSEQ4,CLOUD
3433,TSEQ4-E6,TSEQ4,REMOTE
3434,TSEQ4-E6,TSEQ4,LOCAL
3435,TSEQ4-E6,TSEQ4,CLOUD
3436,TSEQ4-E6,TSEQ4,REMOTE
3437,TSEQ4-E6,TSEQ4,LOCAL
3438,TSEQ4-E6,TSEQ4,CLOUD
3439,TSEQ4-E6,TSEQ4,REMOTE
3440,TSEQ4-E6,TSEQ4,LOCAL
3441,TSEQ4-E6,TSEQ4,CLOUD
3442,TSEQ4-E6,TSEQ4,REMOTE
3443,TSEQ4-E6,TSEQ4,LOCAL
3444,TSEQ4-E6,TSEQ4,CLOUD
3445,TSEQ4-E6,TSEQ4,REMOTE
3446,TSEQ4-E6,TSEQ4,LOCAL
3447,TSEQ4-E6,TSEQ4,CLOUD
3448,TSEQ4-E6,TSEQ4,REMOTE
3449,TSEQ4-E6,TSEQ4,LOCAL
3450,TSEQ4-E6,TSEQ4,CLOUD
3451,TSEQ4-E6,TSEQ4,REMOTE
3452,TSEQ4-E6,TSEQ4,LOCAL
3453,TSEQ4-E6,TSEQ4,CLOUD
3454,TSEQ4-E6,TSEQ4,REMOTE
3455,TSEQ4-E6,TSEQ4,LOCAL
3456,TSEQ4-E6,TSEQ4,CLOUD
3457,TSEQ4-E6,TSEQ4,REMOTE
3458,TSEQ4-E6,TSEQ4,LOCAL
3459,TSEQ4-E6,TSEQ4,CLOUD
3460,TSEQ4-E6,TSEQ4,REMOTE
3461,TSEQ4-E6,TSEQ4,LOCAL
3462,TSEQ4-E6,TSEQ4,CLOUD
3463,TSEQ4-E6,TSEQ4,REMOTE
3464,TSEQ4-E6,TSEQ4,LOCAL
3465,TSEQ4-E6,TSEQ4,CLOUD
3466,TSEQ4-E6,TSEQ4,REMOTE
3467,TSEQ4-E6,TSEQ4,LOCAL
3468,TSEQ4-E6,TSEQ4,CLOUD
3469,TSEQ4-E6,TSEQ4,REMOTE
3470,TSEQ4-E6,TSEQ4,LOCAL
3471,TSEQ4-E6,TSEQ4,CLOUD
3472,TSEQ4-E6,TSEQ4,REMOTE
3473,TSEQ4-E6,TSEQ4,LOCAL
3474,TSEQ4-E6,TSEQ4,CLOUD
3475,TSEQ4-E6,TSEQ4,REMOTE
3476,TSEQ4-E6,TSEQ4,LOCAL
3477,TSEQ4-E6,TSEQ4,CLOUD
3478,TSEQ4-E6,TSEQ4,REMOTE
3479,TSEQ4-E6,TSEQ4,LOCAL
3480,TSEQ4-E6,TSEQ4,CLOUD
3481,TSEQ4-E6,TSEQ4,REMOTE
3482,TSEQ4-E6,TSEQ4,LOCAL
3483,TSEQ4-E6,TSEQ4,CLOUD
3484,TSEQ4-E6,TSEQ4,REMOTE
3485,TSEQ4-E6,TSEQ4,LOCAL
3486,TSEQ4-E6,TSEQ4,CLOUD
3487,TSEQ4-E6,TSEQ4,REMOTE
3488,TSEQ4-E6,TSEQ4,LOCAL
3489,TSEQ4-E6,TSEQ4,CLOUD
3490,TSEQ4-E6,TSEQ4,REMOTE
3491,TSEQ4-E6,TSEQ4,LOCAL
3492,TSEQ4-E6,TSEQ4,CLOUD
3493,TSEQ4-E6,TSEQ4,REMOTE
3494,TSEQ4-E6,TSEQ4,LOCAL
3495,TSEQ4-E6,TSEQ4,CLOUD
3496,TSEQ4-E6,TSEQ4,REMOTE
3497,TSEQ4-E6,TSEQ4,LOCAL
3498,TSEQ4-E6,TSEQ4,CLOUD
3499,TSEQ4-E6,TSEQ4,REMOTE
3500,TSEQ0-E7,TSEQ0,LOCAL
3501,TSEQ0-E7,TSEQ0,LOCAL
3502,TSEQ0-E7,TSEQ0,LOCAL
3503,TSEQ0-E7,TSEQ0,LOCAL
3504,TSEQ0-E7,TSEQ0,LOCAL
3505,TSEQ0-E7,TSEQ0,LOCAL
3506,TSEQ0-E7,TSEQ0,LOCAL
3507,TSEQ0-E7,TSEQ0,LOCAL
3508,TSEQ0-E7,TSEQ0,LOCAL
3509,TSEQ0-E7,TSEQ0,LOCAL
3510,TSEQ0-E7,TSEQ0,LOCAL
3511,TSEQ0-E7,TSEQ0,LOCAL
3512,TSEQ0-E7,TSEQ0,LOCAL
3513,TSEQ0-E7,TSEQ0,LOCAL
3514,TSEQ0-E7,TSEQ0,LOCAL
3515,TSEQ0-E7,TSEQ0,LOCAL
3516,TSEQ0-E7,TSEQ0,LOCAL
3517,TSEQ0-E7,TSEQ0,LOCAL
3518,TSEQ0-E7,TSEQ0,LOCAL
3519,TSEQ0-E7,TSEQ0,LOCAL
3520,TSEQ0-E7,TSEQ0,LOCAL
3521,TSEQ0-E7,TSEQ0,LOCAL
3522,TSEQ0-E7,TSEQ0,LOCAL
3523,TSEQ0-E7,TSEQ0,LOCAL
3524,TSEQ0-E7,TSEQ0,LOCAL
3525,TSEQ0-E7,TSEQ0,LOCAL
3526,TSEQ0-E7,TSEQ0,LOCAL
3527,TSEQ0-E7,TSEQ0,LOCAL
3528,TSEQ0-E7,TSEQ0,LOCAL
3529,TSEQ0-E7,TSEQ0,LOCAL
3530,TSEQ0-E7,TSEQ0,LOCAL
3531,TSEQ0-E7,TSEQ0,LOCAL
3532,TSEQ0-E7,TSEQ0,LOCAL
3533,TSEQ0-E7,TSEQ0,LOCAL
3534,TSEQ0-E7,TSEQ0,LOCAL
3535,TSEQ0-E7,TSEQ0,LOCAL
3536,TSEQ0-E7,TSEQ0,LOCAL
3537,TSEQ0-E7,TSEQ0,LOCAL
3538,TSEQ0-E7,TSEQ0,LOCAL
3539,TSEQ0-E7,TSEQ0,LOCAL
3540,TSEQ0-E7,TSEQ0,LOCAL
3541,TSEQ0-E7,TSEQ0,LOCAL
3542,TSEQ0-E7,TSEQ0,LOCAL
3543,TSEQ0-E7,TSEQ0,LOCAL
3544,TSEQ0-E7,TSEQ0,LOCAL
3545,TSEQ0-E7,TSEQ0,LOCAL
3546,TSEQ0-E7,TSEQ0,LOCAL
3547,TSEQ0-E7,TSEQ0,LOCAL
3548,TSEQ0-E7,TSEQ0,LOCAL
3549,TSEQ0-E7,TSEQ0,LOCAL
3550,TSEQ0-E7,TSEQ0,LOCAL
3551,TSEQ0-E7,TSEQ0,LOCAL
3552,TSEQ0-E7,TSEQ0,LOCAL
3553,TSEQ0-E7,TSEQ0,LOCAL
3554,TSEQ0-E7,TSEQ0,LOCAL
3555,TSEQ0-E7,TSEQ0,LOCAL
3556,TSEQ0-E7,TSEQ0,LOCAL
3557,TSEQ0-E7,TSEQ0,LOCAL
3558,TSEQ0-E7,TSEQ0,LOCAL
3559,TSEQ0-E7,TSEQ0,LOCAL
3560,TSEQ0-E7,TSEQ0,LOCAL
3561,TSEQ0-E7,TSEQ0,LOCAL
3562,TSEQ0-E7,TSEQ0,LOCAL
3563,TSEQ0-E7,TSEQ0,LOCAL
3564,TSEQ0-E7,TSEQ0,LOCAL
3565,TSEQ0-E7,TSEQ0,LOCAL
3566,TSEQ0-E7,TSEQ0,LOCAL
3567,TSEQ0-E7,TSEQ0,LOCAL
3568,TSEQ0-E7,TSEQ0,LOCAL
3569,TSEQ0-E7,TSEQ0,LOCAL
3570,TSEQ0-E7,TSEQ0,LOCAL
3571,TSEQ0-E7,TSEQ0,LOCAL
3572,TSEQ0-E7,TSEQ0,LOCAL
3573,TSEQ0-E7,TSEQ0,LOCAL
3574,TSEQ0-E7,TSEQ0,LOCAL
3575,TSEQ0-E7,TSEQ0,LOCAL
3576,TSEQ0-E7,TSEQ0,LOCAL
3577,TSEQ0-E7,TSEQ0,LOCAL
3578,TSEQ0-E7,TSEQ0,LOCAL
3579,TSEQ0-E7,TSEQ0,LOCAL
3580,TSEQ0-E7,TSEQ0,LOCAL
3581,TSEQ0-E7,TSEQ0,LOCAL
3582,TSEQ0-E7,TSEQ0,LOCAL
3583,TSEQ0-E7,TSEQ0,LOCAL
3584,TSEQ0-E7,TSEQ0,LOCAL
3585,TSEQ0-E7,TSEQ0,LOCAL
3586,TSEQ0-E7,TSEQ0,LOCAL
3587,TSEQ0-E7,TSEQ0,LOCAL
3588,TSEQ0-E7,TSEQ0,LOCAL
3589,TSEQ0-E7,TSEQ0,LOCAL
3590,TSEQ0-E7,TSEQ0,LOCAL
3591,TSEQ0-E7,TSEQ0,LOCAL
3592,TSEQ0-E7,TSEQ0,LOCAL
3593,TSEQ0-E7,TSEQ0,LOCAL
3594,TSEQ0-E7,TSEQ0,LOCAL
3595,TSEQ0-E7,TSEQ0,LOCAL
3596,TSEQ0-E7,TSEQ0,LOCAL
3597,TSEQ0-E7,TSEQ0,LOCAL
3598,TSEQ0-E7,TSEQ0,LOCAL
3599,TSEQ0-E7,TSEQ0,LOCAL
3600,TSEQ1-E7,TSEQ1,REMOTE
3601,TSEQ1-E7,TSEQ1,REMOTE
3602,TSEQ1-E7,TSEQ1,REMOTE
3603,TSEQ1-E7,TSEQ1,REMOTE
3604,TSEQ1-E7,TSEQ1,REMOTE
3605,TSEQ1-E7,TSEQ1,REMOTE
3606,TSEQ1-E7,TSEQ1,REMOTE
3607,TSEQ1-E7,TSEQ1,REMOTE
3608,TSEQ1-E7,TSEQ1,REMOTE
3609,TSEQ1-E7,TSEQ1,REMOTE
3610,TSEQ1-E7,TSEQ1,REMOTE
3611,TSEQ1-E7,TSEQ1,REMOTE
3612,TSEQ1-E7,TSEQ1,REMOTE
3613,TSEQ1-E7,TSEQ1,REMOTE
3614,TSEQ1-E7,TSEQ1,REMOTE
3615,TSEQ1-E7,TSEQ1,REMOTE
3616,TSEQ1-E7,TSEQ1,REMOTE
3617,TSEQ1-E7,TSEQ1,REMOTE
3618,TSEQ1-E7,TSEQ1,REMOTE
3619,TSEQ1-E7,TSEQ1,REMOTE
3620,TSEQ1-E7,TSEQ1,REMOTE
3621,TSEQ1-E7,TSEQ1,REMOTE
3622,TSEQ1-E7,TSEQ1,REMOTE
3623,TSEQ1-E7,TSEQ1,REMOTE
3624,TSEQ1-E7,TSEQ1,REMOTE
3625,TSEQ1-E7,TSEQ1,REMOTE
3626,TSEQ1-E7,TSEQ1,REMOTE
3627,TSEQ1-E7,TSEQ1,REMOTE
3628,TSEQ1-E7,TSEQ1,REMOTE
3629,TSEQ1-E7,TSEQ1,REMOTE
3630,TSEQ1-E7,TSEQ1,REMOTE
3631,TSEQ1-E7,TSEQ1,REMOTE
3632,TSEQ1-E7,TSEQ1,REMOTE
3633,TSEQ1-E7,TSEQ1,REMOTE
3634,TSEQ1-E7,TSEQ1,REMOTE
3635,TSEQ1-E7,TSEQ1,REMOTE
3636,TSEQ1-E7,TSEQ1,REMOTE
3637,TSEQ1-E7,TSEQ1,REMOTE
3638,TSEQ1-E7,TSEQ1,REMOTE
3639,TSEQ1-E7,TSEQ1,REMOTE
3640,TSEQ1-E7,TSEQ1,REMOTE
3641,TSEQ1-E7,TSEQ1,REMOTE
3642,TSEQ1-E7,TSEQ1,REMOTE
3643,TSEQ1-E7,TSEQ1,REMOTE
3644,TSEQ1-E7,TSEQ1,REMOTE
3645,TSEQ1-E7,TSEQ1,REMOTE
3646,TSEQ1-E7,TSEQ1,REMOTE
3647,TSEQ1-E7,TSEQ1,REMOTE
3648,TSEQ1-E7,TSEQ1,REMOTE
3649,TSEQ1-E7,TSEQ1,REMOTE
3650,TSEQ1-E7,TSEQ1,REMOTE
3651,TSEQ1-E7,TSEQ1,REMOTE
3652,TSEQ1-E7,TSEQ1,REMOTE
3653,TSEQ1-E7,TSEQ1,REMOTE
3654,TSEQ1-E7,TSEQ1,REMOTE
3655,TSEQ1-E7,TSEQ1,REMOTE
3656,TSEQ1-E7,TSEQ1,REMOTE
3657,TSEQ1-E7,TSEQ1,REMOTE
3658,TSEQ1-E7,TSEQ1,REMOTE
3659,TSEQ1-E7,TSEQ1,REMOTE
3660,TSEQ1-E7,TSEQ1,REMOTE
3661,TSEQ1-E7,TSEQ1,REMOTE
3662,TSEQ1-E7,TSEQ1,REMOTE
3663,TSEQ1-E7,TSEQ1,REMOTE
3664,TSEQ1-E7,TSEQ1,REMOTE
3665,TSEQ1-E7,TSEQ1,REMOTE
3666,TSEQ1-E7,TSEQ1,REMOTE
3667,TSEQ1-E7,TSEQ1,REMOTE
3668,TSEQ1-E7,TSEQ1,REMOTE
3669,TSEQ1-E7,TSEQ1,REMOTE
3670,TSEQ1-E7,TSEQ1,REMOTE
3671,TSEQ1-E7,TSEQ1,REMOTE
3672,TSEQ1-E7,TSEQ1,REMOTE
3673,TSEQ1-E7,TSEQ1,REMOTE
3674,TSEQ1-E7,TSEQ1,REMOTE
3675,TSEQ1-E7,TSEQ1,REMOTE
3676,TSEQ1-E7,TSEQ1,REMOTE
3677,TSEQ1-E7,TSEQ1,REMOTE
3678,TSEQ1-E7,TSEQ1,REMOTE
3679,TSEQ1-E7,TSEQ1,REMOTE
3680,TSEQ1-E7,TSEQ1,REMOTE
3681,TSEQ1-E7,TSEQ1,REMOTE
3682,TSEQ1-E7,TSEQ1,REMOTE
3683,TSEQ1-E7,TSEQ1,REMOTE
3684,TSEQ1-E7,TSEQ1,REMOTE
3685,TSEQ1-E7,TSEQ1,REMOTE
3686,TSEQ1-E7,TSEQ1,REMOTE
3687,TSEQ1-E7,TSEQ1,LOCAL
3688,TSEQ1-E7,TSEQ1,REMOTE
3689,TSEQ1-E7,TSEQ1,REMOTE
3690,TSEQ1-E7,TSEQ1,REMOTE
3691,TSEQ1-E7,TSEQ1,REMOTE
3692,TSEQ1-E7,TSEQ1,REMOTE
3693,TSEQ1-E7,TSEQ1,REMOTE
3694,TSEQ1-E7,TSEQ1,REMOTE
3695,TSEQ1-E7,TSEQ1,REMOTE
3696,TSEQ1-E7,TSEQ1,REMOTE
3697,TSEQ1-E7,TSEQ1,REMOTE
3698,TSEQ1-E7,TSEQ1,REMOTE
3699,TSEQ1-E7,TSEQ1,REMOTE
3700,TSEQ2-E7,TSEQ2,LOCAL
3701,TSEQ2-E7,TSEQ2,REMOTE
3702,TSEQ2-E7,TSEQ2,LOCAL
3703,TSEQ2-E7,TSEQ2,REMOTE
3704,TSEQ2-E7,TSEQ2,REMOTE
3705,TSEQ2-E7,TSEQ2,REMOTE
3706,TSEQ2-E7,TSEQ2,REMOTE
3707,TSEQ2-E7,TSEQ2,REMOTE
3708,TSEQ2-E7,TSEQ2,REMOTE
3709,TSEQ2-E7,TSEQ2,LOCAL
3710,TSEQ2-E7,TSEQ2,LOCAL
3711,TSEQ2-E7,TSEQ2,LOCAL
3712,TSEQ2-E7,TSEQ2,LOCAL
3713,TSEQ2-E7,TSEQ2,LOCAL
3714,TSEQ2-E7,TSEQ2,REMOTE
3715,TSEQ2-E7,TSEQ2,REMOTE
3716,TSEQ2-E7,TSEQ2,LOCAL
3717,TSEQ2-E7,TSEQ2,LOCAL
3718,TSEQ2-E7,TSEQ2,LOCAL
3719,TSEQ2-E7,TSEQ2,LOCAL
3720,TSEQ2-E7,TSEQ2,REMOTE
3721,TSEQ2-E7,TSEQ2,LOCAL
3722,TSEQ2-E7,TSEQ2,LOCAL
3723,TSEQ2-E7,TSEQ2,LOCAL
3724,TSEQ2-E7,TSEQ2,LOCAL
3725,TSEQ2-E7,TSEQ2,REMOTE
3726,TSEQ2-E7,TSEQ2,REMOTE
3727,TSEQ2-E7,TSEQ2,REMOTE
3728,TSEQ2-E7,TSEQ2,LOCAL
3729,TSEQ2-E7,TSEQ2,REMOTE
3730,TSEQ2-E7,TSEQ2,LOCAL
3731,TSEQ2-E7,TSEQ2,REMOTE
3732,TSEQ2-E7,TSEQ2,REMOTE
3733,TSEQ2-E7,TSEQ2,REMOTE
3734,TSEQ2-E7,TSEQ2,LOCAL
3735,TSEQ2-E7,TSEQ2,REMOTE
3736,TSEQ2-E7,TSEQ2,REMOTE
3737,TSEQ2-E7,TSEQ2,LOCAL
3738,TSEQ2-E7,TSEQ2,LOCAL
3739,TSEQ2-E7,TSEQ2,REMOTE
3740,TSEQ2-E7,TSEQ2,LOCAL
3741,TSEQ2-E7,TSEQ2,LOCAL
3742,TSEQ2-E7,TSEQ2,REMOTE
3743,TSEQ2-E7,TSEQ2,REMOTE
3744,TSEQ2-E7,TSEQ2,REMOTE
3745,TSEQ2-E7,TSEQ2,LOCAL
3746,TSEQ2-E7,TSEQ2,REMOTE
3747,TSEQ2-E7,TSEQ2,REMOTE
3748,TSEQ2-E7,TSEQ2,REMOTE
3749,TSEQ2-E7,TSEQ2,REMOTE
3750,TSEQ2-E7,TSEQ2,LOCAL
3751,TSEQ2-E7,TSEQ2,REMOTE
3752,TSEQ2-E7,TSEQ2,LOCAL
3753,TSEQ2-E7,TSEQ2,LOCAL
3754,TSEQ2-E7,TSEQ2,REMOTE
3755,TSEQ2-E7,TSEQ2,REMOTE
3756,TSEQ2-E7,TSEQ2,REMOTE
3757,TSEQ2-E7,TSEQ2,LOCAL
3758,TSEQ2-E7,TSEQ2,REMOTE
3759,TSEQ2-E7,TSEQ2,LOCAL
3760,TSEQ2-E7,TSEQ2,LOCAL
3761,TSEQ2-E7,TSEQ2,LOCAL
3762,TSEQ2-E7,TSEQ2,LOCAL
3763,TSEQ2-E7,TSEQ2,REMOTE
3764,TSEQ2-E7,TSEQ2,REMOTE
3765,TSEQ2-E7,TSEQ2,REMOTE
3766,TSEQ2-E7,TSEQ2,LOCAL
3767,TSEQ2-E7,TSEQ2,REMOTE
3768,TSEQ2-E7,TSEQ2,REMOTE
3769,TSEQ2-E7,TSEQ2,LOCAL
3770,TSEQ2-E7,TSEQ2,LOCAL
3771,TSEQ2-E7,TSEQ2,REMOTE
3772,TSEQ2-E7,TSEQ2,LOCAL
3773,TSEQ2-E7,TSEQ2,REMOTE
3774,TSEQ2-E7,TSEQ2,LOCAL
3775,TSEQ2-E7,TSEQ2,REMOTE
3776,TSEQ2-E7,TSEQ2,LOCAL
3777,TSEQ2-E7,TSEQ2,LOCAL
3778,TSEQ2-E7,TSEQ2,LOCAL
3779,TSEQ2-E7,TSEQ2,REMOTE
3780,TSEQ2-E7,TSEQ2,REMOTE
3781,TSEQ2-E7,TSEQ2,REMOTE
3782,TSEQ2-E7,TSEQ2,LOCAL
3783,TSEQ2-E7,TSEQ2,REMOTE
3784,TSEQ2-E7,TSEQ2,LOCAL
3785,TSEQ2-E7,TSEQ2,LOCAL
3786,TSEQ2-E7,TSEQ2,LOCAL
3787,TSEQ2-E7,TSEQ2,LOCAL
3788,TSEQ2-E7,TSEQ2,REMOTE
3789,TSEQ2-E7,TSEQ2,LOCAL
3790,TSEQ2-E7,TSEQ2,REMOTE
3791,TSEQ2-E7,TSEQ2,REMOTE
3792,TSEQ2-E7,TSEQ2,REMOTE
3793,TSEQ2-E7,TSEQ2,REMOTE
3794,TSEQ2-E7,TSEQ2,REMOTE
3795,TSEQ2-E7,TSEQ2,LOCAL
3796,TSEQ2-E7,TSEQ2,LOCAL
3797,TSEQ2-E7,TSEQ2,LOCAL
3798,TSEQ2-E7,TSEQ2,LOCAL
3799,TSEQ2-E7,TSEQ2,LOCAL
3800,TSEQ3-E7,TSEQ3,LOCAL
3801,TSEQ3-E7,TSEQ3,REMOTE
3802,TSEQ3-E7,TSEQ3,CLOUD
3803,TSEQ3-E7,TSEQ3,LOCAL
3804,TSEQ3-E7,TSEQ3,REMOTE
3805,TSEQ3-E7,TSEQ3,CLOUD
3806,TSEQ3-E7,TSEQ3,LOCAL
3807,TSEQ3-E7,TSEQ3,REMOTE
3808,TSEQ3-E7,TSEQ3,CLOUD
3809,TSEQ3-E7,TSEQ3,LOCAL
3810,TSEQ3-E7,TSEQ3,REMOTE
3811,TSEQ3-E7,TSEQ3,CLOUD
3812,TSEQ3-E7,TSEQ3,LOCAL
3813,TSEQ3-E7,TSEQ3,REMOTE
3814,TSEQ3-E7,TSEQ3,CLOUD
3815,TSEQ3-E7,TSEQ3,LOCAL
3816,TSEQ3-E7,TSEQ3,REMOTE
3817,TSEQ3-E7,TSEQ3,CLOUD
3818,TSEQ3-E7,TSEQ3,LOCAL
3819,TSEQ3-E7,TSEQ3,REMOTE
3820,TSEQ3-E7,TSEQ3,CLOUD
3821,TSEQ3-E7,TSEQ3,LOCAL
3822,TSEQ3-E7,TSEQ3,REMOTE
3823,TSEQ3-E7,TSEQ3,CLOUD
3824,TSEQ3-E7,TSEQ3,LOCAL
3825,TSEQ3-E7,TSEQ3,REMOTE
3826,TSEQ3-E7,TSEQ3,CLOUD
3827,TSEQ3-E7,TSEQ3,LOCAL
3828,TSEQ3-E7,TSEQ3,REMOTE
3829,TSEQ3-E7,TSEQ3,CLOUD
3830,TSEQ3-E7,TSEQ3,LOCAL
3831,TSEQ3-E7,TSEQ3,REMOTE
3832,TSEQ3-E7,TSEQ3,CLOUD
3833,TSEQ3-E7,TSEQ3,LOCAL
3834,TSEQ3-E7,TSEQ3,REMOTE
3835,TSEQ3-E7,TSEQ3,CLOUD
3836,TSEQ3-E7,TSEQ3,LOCAL
3837,TSEQ3-E7,TSEQ3,REMOTE
3838,TSEQ3-E7,TSEQ3,CLOUD
3839,TSEQ3-E7,TSEQ3,LOCAL
3840,TSEQ3-E7,TSEQ3,REMOTE
3841,TSEQ3-E7,TSEQ3,CLOUD
3842,TSEQ3-E7,TSEQ3,LOCAL
3843,TSEQ3-E7,TSEQ3,REMOTE
3844,TSEQ3-E7,TSEQ3,CLOUD
3845,TSEQ3-E7,TSEQ3,LOCAL
3846,TSEQ3-E7,TSEQ3,REMOTE
3847,TSEQ3-E7,TSEQ3,CLOUD
3848,TSEQ3-E7,TSEQ3,LOCAL
3849,TSEQ3-E7,TSEQ3,REMOTE
3850,TSEQ3-E7,TSEQ3,CLOUD
3851,TSEQ3-E7,TSEQ3,LOCAL
3852,TSEQ3-E7,TSEQ3,REMOTE
3853,TSEQ3-E7,TSEQ3,CLOUD
3854,TSEQ3-E7,TSEQ3,LOCAL
3855,TSEQ3-E7,TSEQ3,REMOTE
3856,TSEQ3-E7,TSEQ3,CLOUD
3857,TSEQ3-E7,TSEQ3,LOCAL
3858,TSEQ3-E7,TSEQ3,REMOTE
3859,TSEQ3-E7,TSEQ3,CLOUD
3860,TSEQ3-E7,TSEQ3,LOCAL
3861,TSEQ3-E7,TSEQ3,REMOTE
3862,TSEQ3-E7,TSEQ3,CLOUD
3863,TSEQ3-E7,TSEQ3,LOCAL
3864,TSEQ3-E7,TSEQ3,REMOTE
3865,TSEQ3-E7,TSEQ3,CLOUD
3866,TSEQ3-E7,TSEQ3,LOCAL
3867,TSEQ3-E7,TSEQ3,REMOTE
3868,TSEQ3-E7,TSEQ3,CLOUD
3869,TSEQ3-E7,TSEQ3,LOCAL
3870,TSEQ3-E7,TSEQ3,REMOTE
3871,TSEQ3-E7,TSEQ3,CLOUD
3872,TSEQ3-E7,TSEQ3,LOCAL
3873,TSEQ3-E7,TSEQ3,REMOTE
3874,TSEQ3-E7,TSEQ3,CLOUD
3875,TSEQ3-E7,TSEQ3,LOCAL
3876,TSEQ3-E7,TSEQ3,REMOTE
3877,TSEQ3-E7,TSEQ3,CLOUD
3878,TSEQ3-E7,TSEQ3,LOCAL
3879,TSEQ3-E7,TSEQ3,REMOTE
3880,TSEQ3-E7,TSEQ3,CLOUD
3881,TSEQ3-E7,TSEQ3,LOCAL
3882,TSEQ3-E7,TSEQ3,REMOTE
3883,TSEQ3-E7,TSEQ3,CLOUD
3884,TSEQ3-E7,TSEQ3,LOCAL
3885,TSEQ3-E7,TSEQ3,REMOTE
3886,TSEQ3-E7,TSEQ3,CLOUD
3887,TSEQ3-E7,TSEQ3,LOCAL
3888,TSEQ3-E7,TSEQ3,REMOTE
3889,TSEQ3-E7,TSEQ3,CLOUD
3890,TSEQ3-E7,TSEQ3,LOCAL
3891,TSEQ3-E7,TSEQ3,REMOTE
3892,TSEQ3-E7,TSEQ3,CLOUD
3893,TSEQ3-E7,TSEQ3,LOCAL
3894,TSEQ3-E7,TSEQ3,REMOTE
3895,TSEQ3-E7,TSEQ3,CLOUD
3896,TSEQ3-E7,TSEQ3,LOCAL
3897,TSEQ3-E7,TSEQ3,REMOTE
3898,TSEQ3-E7,TSEQ3,CLOUD
3899,TSEQ3-E7,TSEQ3,LOCAL
3900,TSEQ4-E7,TSEQ4,REMOTE
3901,TSEQ4-E7,TSEQ4,LOCAL
3902,TSEQ4-E7,TSEQ4,CLOUD
3903,TSEQ4-E7,TSEQ4,REMOTE
3904,TSEQ4-E7,TSEQ4,LOCAL
3905,TSEQ4-E7,TSEQ4,CLOUD
3906,TSEQ4-E7,TSEQ4,REMOTE
3907,TSEQ4-E7,TSEQ4,LOCAL
3908,TSEQ4-E7,TSEQ4,CLOUD
3909,TSEQ4-E7,TSEQ4,REMOTE
3910,TSEQ4-E7,TSEQ4,LOCAL
3911,TSEQ4-E7,TSEQ4,CLOUD
3912,TSEQ4-E7,TSEQ4,REMOTE
3913,TSEQ4-E7,TSEQ4,LOCAL
3914,TSEQ4-E7,TSEQ4,CLOUD
3915,TSEQ4-E7,TSEQ4,REMOTE
3916,TSEQ4-E7,TSEQ4,LOCAL
3917,TSEQ4-E7,TSEQ4,CLOUD
3918,TSEQ4-E7,TSEQ4,REMOTE
3919,TSEQ4-E7,TSEQ4,LOCAL
3920,TSEQ4-E7,TSEQ4,CLOUD
3921,TSEQ4-E7,TSEQ4,REMOTE
3922,TSEQ4-E7,TSEQ4,LOCAL
3923,TSEQ4-E7,TSEQ4,CLOUD
3924,TSEQ4-E7,TSEQ4,REMOTE
3925,TSEQ4-E7,TSEQ4,LOCAL
3926,TSEQ4-E7,TSEQ4,CLOUD
3927,TSEQ4-E7,TSEQ4,REMOTE
3928,TSEQ4-E7,TSEQ4,LOCAL
3929,TSEQ4-E7,TSEQ4,CLOUD
3930,TSEQ4-E7,TSEQ4,REMOTE
3931,TSEQ4-E7,TSEQ4,LOCAL
3932,TSEQ4-E7,TSEQ4,CLOUD
3933,TSEQ4-E7,TSEQ4,REMOTE
3934,TSEQ4-E7,TSEQ4,LOCAL
3935,TSEQ4-E7,TSEQ4,CLOUD
3936,TSEQ4-E7,TSEQ4,REMOTE
3937,TSEQ4-E7,TSEQ4,LOCAL
3938,TSEQ4-E7,TSEQ4,CLOUD
3939,TSEQ4-E7,TSEQ4,REMOTE
3940,TSEQ4-E7,TSEQ4,LOCAL
3941,TSEQ4-E7,TSEQ4,CLOUD
3942,TSEQ4-E7,TSEQ4,REMOTE
3943,TSEQ4-E7,TSEQ4,LOCAL
3944,TSEQ4-E7,TSEQ4,CLOUD
3945,TSEQ4-E7,TSEQ4,REMOTE
3946,TSEQ4-E7,TSEQ4,LOCAL
3947,TSEQ4-E7,TSEQ4,CLOUD
3948,TSEQ4-E7,TSEQ4,REMOTE
3949,TSEQ4-E7,TSEQ4,LOCAL
3950,TSEQ4-E7,TSEQ4,CLOUD
3951,TSEQ4-E7,TSEQ4,REMOTE
3952,TSEQ4-E7,TSEQ4,LOCAL
3953,TSEQ4-E7,TSEQ4,CLOUD
3954,TSEQ4-E7,TSEQ4,REMOTE
3955,TSEQ4-E7,TSEQ4,LOCAL
3956,TSEQ4-E7,TSEQ4,CLOUD
3957,TSEQ4-E7,TSEQ4,REMOTE
3958,TSEQ4-E7,TSEQ4,LOCAL
3959,TSEQ4-E7,TSEQ4,CLOUD
3960,TSEQ4-E7,TSEQ4,REMOTE
3961,TSEQ4-E7,TSEQ4,LOCAL
3962,TSEQ4-E7,TSEQ4,CLOUD
3963,TSEQ4-E7,TSEQ4,REMOTE
3964,TSEQ4-E7,TSEQ4,LOCAL
3965,TSEQ4-E7,TSEQ4,CLOUD
3966,TSEQ4-E7,TSEQ4,REMOTE
3967,TSEQ4-E7,TSEQ4,LOCAL
3968,TSEQ4-E7,TSEQ4,CLOUD
3969,TSEQ4-E7,TSEQ4,REMOTE
3970,TSEQ4-E7,TSEQ4,LOCAL
3971,TSEQ4-E7,TSEQ4,CLOUD
3972,TSEQ4-E7,TSEQ4,REMOTE
3973,TSEQ4-E7,TSEQ4,LOCAL
3974,TSEQ4-E7,TSEQ4,CLOUD
3975,TSEQ4-E7,TSEQ4,REMOTE
3976,TSEQ4-E7,TSEQ4,LOCAL
3977,TSEQ4-E7,TSEQ4,CLOUD
3978,TSEQ4-E7,TSEQ4,REMOTE
3979,TSEQ4-E7,TSEQ4,LOCAL
3980,TSEQ4-E7,TSEQ4,CLOUD
3981,TSEQ4-E7,TSEQ4,REMOTE
3982,TSEQ4-E7,TSEQ4,LOCAL
3983,TSEQ4-E7,TSEQ4,CLOUD
3984,TSEQ4-E7,TSEQ4,REMOTE
3985,TSEQ4-E7,TSEQ4,LOCAL
3986,TSEQ4-E7,TSEQ4,CLOUD
3987,TSEQ4-E7,TSEQ4,REMOTE
3988,TSEQ4-E7,TSEQ4,LOCAL
3989,TSEQ4-E7,TSEQ4,CLOUD
3990,TSEQ4-E7,TSEQ4,REMOTE
3991,TSEQ4-E7,TSEQ4,LOCAL
3992,TSEQ4-E7,TSEQ4,CLOUD
3993,TSEQ4-E7,TSEQ4,REMOTE
3994,TSEQ4-E7,TSEQ4,LOCAL
3995,TSEQ4-E7,TSEQ4,CLOUD
3996,TSEQ4-E7,TSEQ4,REMOTE
3997,TSEQ4-E7,TSEQ4,LOCAL
3998,TSEQ4-E7,TSEQ4,CLOUD
3999,TSEQ4-E7,TSEQ4,REMOTE
4000,TSEQ0-E8,TSEQ0,LOCAL
4001,TSEQ0-E8,TSEQ0,LOCAL
4002,TSEQ0-E8,TSEQ0,LOCAL
4003,TSEQ0-E8,TSEQ0,LOCAL
4004,TSEQ0-E8,TSEQ0,LOCAL
4005,TSEQ0-E8,TSEQ0,LOCAL
4006,TSEQ0-E8,TSEQ0,LOCAL
4007,TSEQ0-E8,TSEQ0,LOCAL
4008,TSEQ0-E8,TSEQ0,LOCAL
4009,TSEQ0-E8,TSEQ0,LOCAL
4010,TSEQ0-E8,TSEQ0,LOCAL
4011,TSEQ0-E8,TSEQ0,LOCAL
4012,TSEQ0-E8,TSEQ0,LOCAL
4013,TSEQ0-E8,TSEQ0,LOCAL
4014,TSEQ0-E8,TSEQ0,LOCAL
4015,TSEQ0-E8,TSEQ0,LOCAL
4016,TSEQ0-E8,TSEQ0,LOCAL
4017,TSEQ0-E8,TSEQ0,LOCAL
4018,TSEQ0-E8,TSEQ0,LOCAL
4019,TSEQ0-E8,TSEQ0,LOCAL
4020,TSEQ0-E8,TSEQ0,LOCAL
4021,TSEQ0-E8,TSEQ0,LOCAL
4022,TSEQ0-E8,TSEQ0,LOCAL
4023,TSEQ0-E8,TSEQ0,LOCAL
4024,TSEQ0-E8,TSEQ0,LOCAL
4025,TSEQ0-E8,TSEQ0,LOCAL
4026,TSEQ0-E8,TSEQ0,LOCAL
4027,TSEQ0-E8,TSEQ0,LOCAL
4028,TSEQ0-E8,TSEQ0,LOCAL
4029,TSEQ0-E8,TSEQ0,LOCAL
4030,TSEQ0-E8,TSEQ0,LOCAL
4031,TSEQ0-E8,TSEQ0,LOCAL
4032,TSEQ0-E8,TSEQ0,LOCAL
4033,TSEQ0-E8,TSEQ0,LOCAL
4034,TSEQ0-E8,TSEQ0,LOCAL
4035,TSEQ0-E8,TSEQ0,LOCAL
4036,TSEQ0-E8,TSEQ0,LOCAL
4037,TSEQ0-E8,TSEQ0,LOCAL
4038,TSEQ0-E8,TSEQ0,LOCAL
4039,TSEQ0-E8,TSEQ0,LOCAL
4040,TSEQ0-E8,TSEQ0,LOCAL
4041,TSEQ0-E8,TSEQ0,LOCAL
4042,TSEQ0-E8,TSEQ0,LOCAL
4043,TSEQ0-E8,TSEQ0,LOCAL
4044,TSEQ0-E8,TSEQ0,LOCAL
4045,TSEQ0-E8,TSEQ0,LOCAL
4046,TSEQ0-E8,TSEQ0,LOCAL
4047,TSEQ0-E8,TSEQ0,LOCAL
4048,TSEQ0-E8,TSEQ0,LOCAL
4049,TSEQ0-E8,TSEQ0,LOCAL
4050,TSEQ0-E8,TSEQ0,LOCAL
4051,TSEQ0-E8,TSEQ0,LOCAL
4052,TSEQ0-E8,TSEQ0,LOCAL
4053,TSEQ0-E8,TSEQ0,LOCAL
4054,TSEQ0-E8,TSEQ0,LOCAL
4055,TSEQ0-E8,TSEQ0,LOCAL
4056,TSEQ0-E8,TSEQ0,LOCAL
4057,TSEQ0-E8,TSEQ0,LOCAL
4058,TSEQ0-E8,TSEQ0,LOCAL
4059,TSEQ0-E8,TSEQ0,LOCAL
4060,TSEQ0-E8,TSEQ0,LOCAL
4061,TSEQ0-E8,TSEQ0,LOCAL
4062,TSEQ0-E8,TSEQ0,LOCAL
4063,TSEQ0-E8,TSEQ0,LOCAL
4064,TSEQ0-E8,TSEQ0,LOCAL
4065,TSEQ0-E8,TSEQ0,LOCAL
4066,TSEQ0-E8,TSEQ0,LOCAL
4067,TSEQ0-E8,TSEQ0,LOCAL
4068,TSEQ0-E8,TSEQ0,LOCAL
4069,TSEQ0-E8,TSEQ0,LOCAL
4070,TSEQ0-E8,TSEQ0,LOCAL
4071,TSEQ0-E8,TSEQ0,LOCAL
4072,TSEQ0-E8,TSEQ0,LOCAL
4073,TSEQ0-E8,TSEQ0,LOCAL
4074,TSEQ0-E8,TSEQ0,LOCAL
4075,TSEQ0-E8,TSEQ0,LOCAL
4076,TSEQ0-E8,TSEQ0,LOCAL
4077,TSEQ0-E8,TSEQ0,LOCAL
4078,TSEQ0-E8,TSEQ0,LOCAL
4079,TSEQ0-E8,TSEQ0,LOCAL
4080,TSEQ0-E8,TSEQ0,LOCAL
4081,TSEQ0-E8,TSEQ0,LOCAL
4082,TSEQ0-E8,TSEQ0,LOCAL
4083,TSEQ0-E8,TSEQ0,LOCAL
4084,TSEQ0-E8,TSEQ0,LOCAL
4085,TSEQ0-E8,TSEQ0,LOCAL
4086,TSEQ0-E8,TSEQ0,LOCAL
4087,TSEQ0-E8,TSEQ0,LOCAL
4088,TSEQ0-E8,TSEQ0,LOCAL
4089,TSEQ0-E8,TSEQ0,LOCAL
4090,TSEQ0-E8,TSEQ0,LOCAL
4091,TSEQ0-E8,TSEQ0,LOCAL
4092,TSEQ0-E8,TSEQ0,LOCAL
4093,TSEQ0-E8,TSEQ0,LOCAL
4094,TSEQ0-E8,TSEQ0,LOCAL
4095,TSEQ0-E8,TSEQ0,LOCAL
4096,TSEQ0-E8,TSEQ0,LOCAL
4097,TSEQ0-E8,TSEQ0,LOCAL
4098,TSEQ0-E8,TSEQ0,LOCAL
4099,TSEQ0-E8,TSEQ0,LOCAL
4100,TSEQ1-E8,TSEQ1,REMOTE
4101,TSEQ1-E8,TSEQ1,REMOTE
4102,TSEQ1-E8,TSEQ1,REMOTE
4103,TSEQ1-E8,TSEQ1,REMOTE
4104,TSEQ1-E8,TSEQ1,REMOTE
4105,TSEQ1-E8,TSEQ1,REMOTE
4106,TSEQ1-E8,TSEQ1,REMOTE
4107,TSEQ1-E8,TSEQ1,REMOTE
4108,TSEQ1-E8,TSEQ1,REMOTE
4109,TSEQ1-E8,TSEQ1,REMOTE
4110,TSEQ1-E8,TSEQ1,REMOTE
4111,TSEQ1-E8,TSEQ1,REMOTE
4112,TSEQ1-E8,TSEQ1,REMOTE
4113,TSEQ1-E8,TSEQ1,REMOTE
4114,TSEQ1-E8,TSEQ1,REMOTE
4115,TSEQ1-E8,TSEQ1,REMOTE
4116,TSEQ1-E8,TSEQ1,REMOTE
4117,TSEQ1-E8,TSEQ1,REMOTE
4118,TSEQ1-E8,TSEQ1,REMOTE
4119,TSEQ1-E8,TSEQ1,REMOTE
4120,TSEQ1-E8,TSEQ1,REMOTE
4121,TSEQ1-E8,TSEQ1,REMOTE
4122,TSEQ1-E8,TSEQ1,REMOTE
4123,TSEQ1-E8,TSEQ1,REMOTE
4124,TSEQ1-E8,TSEQ1,REMOTE
4125,TSEQ1-E8,TSEQ1,REMOTE
4126,TSEQ1-E8,TSEQ1,REMOTE
4127,TSEQ1-E8,TSEQ1,REMOTE
4128,TSEQ1-E8,TSEQ1,REMOTE
4129,TSEQ1-E8,TSEQ1,REMOTE
4130,TSEQ1-E8,TSEQ1,REMOTE
4131,TSEQ1-E8,TSEQ1,REMOTE
4132,TSEQ1-E8,TSEQ1,REMOTE
4133,TSEQ1-E8,TSEQ1,REMOTE
4134,TSEQ1-E8,TSEQ1,REMOTE
4135,TSEQ1-E8,TSEQ1,REMOTE
4136,TSEQ1-E8,TSEQ1,REMOTE
4137,TSEQ1-E8,TSEQ1,REMOTE
4138,TSEQ1-E8,TSEQ1,REMOTE
4139,TSEQ1-E8,TSEQ1,REMOTE
4140,TSEQ1-E8,TSEQ1,REMOTE
4141,TSEQ1-E8,TSEQ1,REMOTE
4142,TSEQ1-E8,TSEQ1,REMOTE
4143,TSEQ1-E8,TSEQ1,REMOTE
4144,TSEQ1-E8,TSEQ1,REMOTE
4145,TSEQ1-E8,TSEQ1,REMOTE
4146,TSEQ1-E8,TSEQ1,REMOTE
4147,TSEQ1-E8,TSEQ1,REMOTE
4148,TSEQ1-E8,TSEQ1,REMOTE
4149,TSEQ1-E8,TSEQ1,REMOTE
4150,TSEQ1-E8,TSEQ1,REMOTE
4151,TSEQ1-E8,TSEQ1,REMOTE
4152,TSEQ1-E8,TSEQ1,REMOTE
4153,TSEQ1-E8,TSEQ1,REMOTE
4154,TSEQ1-E8,TSEQ1,REMOTE
4155,TSEQ1-E8,TSEQ1,REMOTE
4156,TSEQ1-E8,TSEQ1,REMOTE
4157,TSEQ1-E8,TSEQ1,REMOTE
4158,TSEQ1-E8,TSEQ1,REMOTE
4159,TSEQ1-E8,TSEQ1,REMOTE
4160,TSEQ1-E8,TSEQ1,REMOTE
4161,TSEQ1-E8,TSEQ1,REMOTE
4162,TSEQ1-E8,TSEQ1,REMOTE
4163,TSEQ1-E8,TSEQ1,REMOTE
4164,TSEQ1-E8,TSEQ1,REMOTE
4165,TSEQ1-E8,TSEQ1,REMOTE
4166,TSEQ1-E8,TSEQ1,REMOTE
4167,TSEQ1-E8,TSEQ1,REMOTE
4168,TSEQ1-E8,TSEQ1,REMOTE
4169,TSEQ1-E8,TSEQ1,REMOTE
4170,TSEQ1-E8,TSEQ1,REMOTE
4171,TSEQ1-E8,TSEQ1,REMOTE
4172,TSEQ1-E8,TSEQ1,REMOTE
4173,TSEQ1-E8,TSEQ1,REMOTE
4174,TSEQ1-E8,TSEQ1,REMOTE
4175,TSEQ1-E8,TSEQ1,REMOTE
4176,TSEQ1-E8,TSEQ1,REMOTE
4177,TSEQ1-E8,TSEQ1,REMOTE
4178,TSEQ1-E8,TSEQ1,REMOTE
4179,TSEQ1-E8,TSEQ1,REMOTE
4180,TSEQ1-E8,TSEQ1,REMOTE
4181,TSEQ1-E8,TSEQ1,REMOTE
4182,TSEQ1-E8,TSEQ1,REMOTE
4183,TSEQ1-E8,TSEQ1,REMOTE
4184,TSEQ1-E8,TSEQ1,REMOTE
4185,TSEQ1-E8,TSEQ1,REMOTE
4186,TSEQ1-E8,TSEQ1,REMOTE
4187,TSEQ1-E8,TSEQ1,REMOTE
4188,TSEQ1-E8,TSEQ1,REMOTE
4189,TSEQ1-E8,TSEQ1,LOCAL
4190,TSEQ1-E8,TSEQ1,REMOTE
4191,TSEQ1-E8,TSEQ1,REMOTE
4192,TSEQ1-E8,TSEQ1,REMOTE
4193,TSEQ1-E8,TSEQ1,REMOTE
4194,TSEQ1-E8,TSEQ1,REMOTE
4195,TSEQ1-E8,TSEQ1,REMOTE
4196,TSEQ1-E8,TSEQ1,REMOTE
4197,TSEQ1-E8,TSEQ1,REMOTE
4198,TSEQ1-E8,TSEQ1,REMOTE
4199,TSEQ1-E8,TSEQ1,REMOTE
4200,TSEQ2-E8,TSEQ2,LOCAL
4201,TSEQ2-E8,TSEQ2,LOCAL
4202,TSEQ2-E8,TSEQ2,LOCAL
4203,TSEQ2-E8,TSEQ2,LOCAL
4204,TSEQ2-E8,TSEQ2,REMOTE
4205,TSEQ2-E8,TSEQ2,LOCAL
4206,TSEQ2-E8,TSEQ2,REMOTE
4207,TSEQ2-E8,TSEQ2,LOCAL
4208,TSEQ2-E8,TSEQ2,LOCAL
4209,TSEQ2-E8,TSEQ2,LOCAL
4210,TSEQ2-E8,TSEQ2,LOCAL
4211,TSEQ2-E8,TSEQ2,REMOTE
4212,TSEQ2-E8,TSEQ2,REMOTE
4213,TSEQ2-E8,TSEQ2,LOCAL
4214,TSEQ2-E8,TSEQ2,REMOTE
4215,TSEQ2-E8,TSEQ2,LOCAL
4216,TSEQ2-E8,TSEQ2,LOCAL
4217,TSEQ2-E8,TSEQ2,REMOTE
4218,TSEQ2-E8,TSEQ2,REMOTE
4219,TSEQ2-E8,TSEQ2,REMOTE
4220,TSEQ2-E8,TSEQ2,LOCAL
4221,TSEQ2-E8,TSEQ2,LOCAL
4222,TSEQ2-E8,TSEQ2,REMOTE
4223,TSEQ2-E8,TSEQ2,LOCAL
4224,TSEQ2-E8,TSEQ2,REMOTE
4225,TSEQ2-E8,TSEQ2,REMOTE
4226,TSEQ2-E8,TSEQ2,REMOTE
4227,TSEQ2-E8,TSEQ2,REMOTE
4228,TSEQ2-E8,TSEQ2,REMOTE
4229,TSEQ2-E8,TSEQ2,REMOTE
4230,TSEQ2-E8,TSEQ2,REMOTE
4231,TSEQ2-E8,TSEQ2,LOCAL
4232,TSEQ2-E8,TSEQ2,REMOTE
4233,TSEQ2-E8,TSEQ2,LOCAL
4234,TSEQ2-E8,TSEQ2,REMOTE
4235,TSEQ2-E8,TSEQ2,LOCAL
4236,TSEQ2-E8,TSEQ2,LOCAL
4237,TSEQ2-E8,TSEQ2,LOCAL
4238,TSEQ2-E8,TSEQ2,LOCAL
4239,TSEQ2-E8,TSEQ2,LOCAL
4240,TSEQ2-E8,TSEQ2,LOCAL
4241,TSEQ2-E8,TSEQ2,LOCAL
4242,TSEQ2-E8,TSEQ2,REMOTE
4243,TSEQ2-E8,TSEQ2,LOCAL
4244,TSEQ2-E8,TSEQ2,REMOTE
4245,TSEQ2-E8,TSEQ2,LOCAL
4246,TSEQ2-E8,TSEQ2,REMOTE
4247,TSEQ2-E8,TSEQ2,LOCAL
4248,TSEQ2-E8,TSEQ2,REMOTE
4249,TSEQ2-E8,TSEQ2,REMOTE
4250,TSEQ2-E8,TSEQ2,REMOTE
4251,TSEQ2-E8,TSEQ2,LOCAL
4252,TSEQ2-E8,TSEQ2,LOCAL
4253,TSEQ2-E8,TSEQ2,REMOTE
4254,TSEQ2-E8,TSEQ2,LOCAL
4255,TSEQ2-E8,TSEQ2,LOCAL
4256,TSEQ2-E8,TSEQ2,REMOTE
4257,TSEQ2-E8,TSEQ2,REMOTE
4258,TSEQ2-E8,TSEQ2,REMOTE
4259,TSEQ2-E8,TSEQ2,REMOTE
4260,TSEQ2-E8,TSEQ2,LOCAL
4261,TSEQ2-E8,TSEQ2,REMOTE
4262,TSEQ2-E8,TSEQ2,LOCAL
4263,TSEQ2-E8,TSEQ2,LOCAL
4264,TSEQ2-E8,TSEQ2,LOCAL
4265,TSEQ2-E8,TSEQ2,LOCAL
4266,TSEQ2-E8,TSEQ2,LOCAL
4267,TSEQ2-E8,TSEQ2,REMOTE
4268,TSEQ2-E8,TSEQ2,REMOTE
4269,TSEQ2-E8,TSEQ2,REMOTE
4270,TSEQ2-E8,TSEQ2,REMOTE
4271,TSEQ2-E8,TSEQ2,REMOTE
4272,TSEQ2-E8,TSEQ2,REMOTE
4273,TSEQ2-E8,TSEQ2,REMOTE
4274,TSEQ2-E8,TSEQ2,REMOTE
4275,TSEQ2-E8,TSEQ2,LOCAL
4276,TSEQ2-E8,TSEQ2,REMOTE
4277,TSEQ2-E8,TSEQ2,LOCAL
4278,TSEQ2-E8,TSEQ2,REMOTE
4279,TSEQ2-E8,TSEQ2,LOCAL
4280,TSEQ2-E8,TSEQ2,REMOTE
4281,TSEQ2-E8,TSEQ2,LOCAL
4282,TSEQ2-E8,TSEQ2,LOCAL
4283,TSEQ2-E8,TSEQ2,REMOTE
4284,TSEQ2-E8,TSEQ2,REMOTE
4285,TSEQ2-E8,TSEQ2,REMOTE
4286,TSEQ2-E8,TSEQ2,LOCAL
4287,TSEQ2-E8,TSEQ2,REMOTE
4288,TSEQ2-E8,TSEQ2,LOCAL
4289,TSEQ2-E8,TSEQ2,LOCAL
4290,TSEQ2-E8,TSEQ2,LOCAL
4291,TSEQ2-E8,TSEQ2,LOCAL
4292,TSEQ2-E8,TSEQ2,REMOTE
4293,TSEQ2-E8,TSEQ2,LOCAL
4294,TSEQ2-E8,TSEQ2,REMOTE
4295,TSEQ2-E8,TSEQ2,REMOTE
4296,TSEQ2-E8,TSEQ2,REMOTE
4297,TSEQ2-E8,TSEQ2,REMOTE
4298,TSEQ2-E8,TSEQ2,LOCAL
4299,TSEQ2-E8,TSEQ2,LOCAL
4300,TSEQ3-E8,TSEQ3,LOCAL
4301,TSEQ3-E8,TSEQ3,REMOTE
4302,TSEQ3-E8,TSEQ3,CLOUD
4303,TSEQ3-E8,TSEQ3,LOCAL
4304,TSEQ3-E8,TSEQ3,REMOTE
4305,TSEQ3-E8,TSEQ3,CLOUD
4306,TSEQ3-E8,TSEQ3,LOCAL
4307,TSEQ3-E8,TSEQ3,REMOTE
4308,TSEQ3-E8,TSEQ3,CLOUD
4309,TSEQ3-E8,TSEQ3,LOCAL
4310,TSEQ3-E8,TSEQ3,REMOTE
4311,TSEQ3-E8,TSEQ3,CLOUD
4312,TSEQ3-E8,TSEQ3,LOCAL
4313,TSEQ3-E8,TSEQ3,REMOTE
4314,TSEQ3-E8,TSEQ3,CLOUD
4315,TSEQ3-E8,TSEQ3,LOCAL
4316,TSEQ3-E8,TSEQ3,REMOTE
4317,TSEQ3-E8,TSEQ3,CLOUD
4318,TSEQ3-E8,TSEQ3,LOCAL
4319,TSEQ3-E8,TSEQ3,REMOTE
4320,TSEQ3-E8,TSEQ3,CLOUD
4321,TSEQ3-E8,TSEQ3,LOCAL
4322,TSEQ3-E8,TSEQ3,REMOTE
4323,TSEQ3-E8,TSEQ3,CLOUD
4324,TSEQ3-E8,TSEQ3,LOCAL
4325,TSEQ3-E8,TSEQ3,REMOTE
4326,TSEQ3-E8,TSEQ3,CLOUD
4327,TSEQ3-E8,TSEQ3,LOCAL
4328,TSEQ3-E8,TSEQ3,REMOTE
4329,TSEQ3-E8,TSEQ3,CLOUD
4330,TSEQ3-E8,TSEQ3,LOCAL
4331,TSEQ3-E8,TSEQ3,REMOTE
4332,TSEQ3-E8,TSEQ3,CLOUD
4333,TSEQ3-E8,TSEQ3,LOCAL
4334,TSEQ3-E8,TSEQ3,REMOTE
4335,TSEQ3-E8,TSEQ3,CLOUD
4336,TSEQ3-E8,TSEQ3,LOCAL
4337,TSEQ3-E8,TSEQ3,REMOTE
4338,TSEQ3-E8,TSEQ3,CLOUD
4339,TSEQ3-E8,TSEQ3,LOCAL
4340,TSEQ3-E8,TSEQ3,REMOTE
4341,TSEQ3-E8,TSEQ3,CLOUD
4342,TSEQ3-E8,TSEQ3,LOCAL
4343,TSEQ3-E8,TSEQ3,REMOTE
4344,TSEQ3-E8,TSEQ3,CLOUD
4345,TSEQ3-E8,TSEQ3,LOCAL
4346,TSEQ3-E8,TSEQ3,REMOTE
4347,TSEQ3-E8,TSEQ3,CLOUD
4348,TSEQ3-E8,TSEQ3,LOCAL
4349,TSEQ3-E8,TSEQ3,REMOTE
4350,TSEQ3-E8,TSEQ3,CLOUD
4351,TSEQ3-E8,TSEQ3,LOCAL
4352,TSEQ3-E8,TSEQ3,REMOTE
4353,TSEQ3-E8,TSEQ3,CLOUD
4354,TSEQ3-E8,TSEQ3,LOCAL
4355,TSEQ3-E8,TSEQ3,REMOTE
4356,TSEQ3-E8,TSEQ3,CLOUD
4357,TSEQ3-E8,TSEQ3,LOCAL
4358,TSEQ3-E8,TSEQ3,REMOTE
4359,TSEQ3-E8,TSEQ3,CLOUD
4360,TSEQ3-E8,TSEQ3,LOCAL
4361,TSEQ3-E8,TSEQ3,REMOTE
4362,TSEQ3-E8,TSEQ3,CLOUD
4363,TSEQ3-E8,TSEQ3,LOCAL
4364,TSEQ3-E8,TSEQ3,REMOTE
4365,TSEQ3-E8,TSEQ3,CLOUD
4366,TSEQ3-E8,TSEQ3,LOCAL
4367,TSEQ3-E8,TSEQ3,REMOTE
4368,TSEQ3-E8,TSEQ3,CLOUD
4369,TSEQ3-E8,TSEQ3,LOCAL
4370,TSEQ3-E8,TSEQ3,REMOTE
4371,TSEQ3-E8,TSEQ3,CLOUD
4372,TSEQ3-E8,TSEQ3,LOCAL
4373,TSEQ3-E8,TSEQ3,REMOTE
4374,TSEQ3-E8,TSEQ3,CLOUD
4375,TSEQ3-E8,TSEQ3,LOCAL
4376,TSEQ3-E8,TSEQ3,REMOTE
4377,TSEQ3-E8,TSEQ3,CLOUD
4378,TSEQ3-E8,TSEQ3,LOCAL
4379,TSEQ3-E8,TSEQ3,REMOTE
4380,TSEQ3-E8,TSEQ3,CLOUD
4381,TSEQ3-E8,TSEQ3,LOCAL
4382,TSEQ3-E8,TSEQ3,REMOTE
4383,TSEQ3-E8,TSEQ3,CLOUD
4384,TSEQ3-E8,TSEQ3,LOCAL
4385,TSEQ3-E8,TSEQ3,REMOTE
4386,TSEQ3-E8,TSEQ3,CLOUD
4387,TSEQ3-E8,TSEQ3,LOCAL
4388,TSEQ3-E8,TSEQ3,REMOTE
4389,TSEQ3-E8,TSEQ3,CLOUD
4390,TSEQ3-E8,TSEQ3,LOCAL
4391,TSEQ3-E8,TSEQ3,REMOTE
4392,TSEQ3-E8,TSEQ3,CLOUD
4393,TSEQ3-E8,TSEQ3,LOCAL
4394,TSEQ3-E8,TSEQ3,REMOTE
4395,TSEQ3-E8,TSEQ3,CLOUD
4396,TSEQ3-E8,TSEQ3,LOCAL
4397,TSEQ3-E8,TSEQ3,REMOTE
4398,TSEQ3-E8,TSEQ3,CLOUD
4399,TSEQ3-E8,TSEQ3,LOCAL
4400,TSEQ4-E8,TSEQ4,REMOTE
4401,TSEQ4-E8,TSEQ4,LOCAL
4402,TSEQ4-E8,TSEQ4,CLOUD
4403,TSEQ4-E8,TSEQ4,REMOTE
4404,TSEQ4-E8,TSEQ4,LOCAL
4405,TSEQ4-E8,TSEQ4,CLOUD
4406,TSEQ4-E8,TSEQ4,REMOTE
4407,TSEQ4-E8,TSEQ4,LOCAL
4408,TSEQ4-E8,TSEQ4,CLOUD
4409,TSEQ4-E8,TSEQ4,REMOTE
4410,TSEQ4-E8,TSEQ4,LOCAL
4411,TSEQ4-E8,TSEQ4,CLOUD
4412,TSEQ4-E8,TSEQ4,REMOTE
4413,TSEQ4-E8,TSEQ4,LOCAL
4414,TSEQ4-E8,TSEQ4,CLOUD
4415,TSEQ4-E8,TSEQ4,REMOTE
4416,TSEQ4-E8,TSEQ4,LOCAL
4417,TSEQ4-E8,TSEQ4,CLOUD
4418,TSEQ4-E8,TSEQ4,REMOTE
4419,TSEQ4-E8,TSEQ4,LOCAL
4420,TSEQ4-E8,TSEQ4,CLOUD
4421,TSEQ4-E8,TSEQ4,REMOTE
4422,TSEQ4-E8,TSEQ4,LOCAL
4423,TSEQ4-E8,TSEQ4,CLOUD
4424,TSEQ4-E8,TSEQ4,REMOTE
4425,TSEQ4-E8,TSEQ4,LOCAL
4426,TSEQ4-E8,TSEQ4,CLOUD
4427,TSEQ4-E8,TSEQ4,REMOTE
4428,TSEQ4-E8,TSEQ4,LOCAL
4429,TSEQ4-E8,TSEQ4,CLOUD
4430,TSEQ4-E8,TSEQ4,REMOTE
4431,TSEQ4-E8,TSEQ4,LOCAL
4432,TSEQ4-E8,TSEQ4,CLOUD
4433,TSEQ4-E8,TSEQ4,REMOTE
4434,TSEQ4-E8,TSEQ4,LOCAL
4435,TSEQ4-E8,TSEQ4,CLOUD
4436,TSEQ4-E8,TSEQ4,REMOTE
4437,TSEQ4-E8,TSEQ4,LOCAL
4438,TSEQ4-E8,TSEQ4,CLOUD
4439,TSEQ4-E8,TSEQ4,REMOTE
4440,TSEQ4-E8,TSEQ4,LOCAL
4441,TSEQ4-E8,TSEQ4,CLOUD
4442,TSEQ4-E8,TSEQ4,REMOTE
4443,TSEQ4-E8,TSEQ4,LOCAL
4444,TSEQ4-E8,TSEQ4,CLOUD
4445,TSEQ4-E8,TSEQ4,REMOTE
4446,TSEQ4-E8,TSEQ4,LOCAL
4447,TSEQ4-E8,TSEQ4,CLOUD
4448,TSEQ4-E8,TSEQ4,REMOTE
4449,TSEQ4-E8,TSEQ4,LOCAL
4450,TSEQ4-E8,TSEQ4,CLOUD
4451,TSEQ4-E8,TSEQ4,REMOTE
4452,TSEQ4-E8,TSEQ4,LOCAL
4453,TSEQ4-E8,TSEQ4,CLOUD
4454,TSEQ4-E8,TSEQ4,REMOTE
4455,TSEQ4-E8,TSEQ4,LOCAL
4456,TSEQ4-E8,TSEQ4,CLOUD
4457,TSEQ4-E8,TSEQ4,REMOTE
4458,TSEQ4-E8,TSEQ4,LOCAL
4459,TSEQ4-E8,TSEQ4,CLOUD
4460,TSEQ4-E8,TSEQ4,REMOTE
4461,TSEQ4-E8,TSEQ4,LOCAL
4462,TSEQ4-E8,TSEQ4,CLOUD
4463,TSEQ4-E8,TSEQ4,REMOTE
4464,TSEQ4-E8,TSEQ4,LOCAL
4465,TSEQ4-E8,TSEQ4,CLOUD
4466,TSEQ4-E8,TSEQ4,REMOTE
4467,TSEQ4-E8,TSEQ4,LOCAL
4468,TSEQ4-E8,TSEQ4,CLOUD
4469,TSEQ4-E8,TSEQ4,REMOTE
4470,TSEQ4-E8,TSEQ4,LOCAL
4471,TSEQ4-E8,TSEQ4,CLOUD
4472,TSEQ4-E8,TSEQ4,REMOTE
4473,TSEQ4-E8,TSEQ4,LOCAL
4474,TSEQ4-E8,TSEQ4,CLOUD
4475,TSEQ4-E8,TSEQ4,REMOTE
4476,TSEQ4-E8,TSEQ4,LOCAL
4477,TSEQ4-E8,TSEQ4,CLOUD
4478,TSEQ4-E8,TSEQ4,REMOTE
4479,TSEQ4-E8,TSEQ4,LOCAL
4480,TSEQ4-E8,TSEQ4,CLOUD
4481,TSEQ4-E8,TSEQ4,REMOTE
4482,TSEQ4-E8,TSEQ4,LOCAL
4483,TSEQ4-E8,TSEQ4,CLOUD
4484,TSEQ4-E8,TSEQ4,REMOTE
4485,TSEQ4-E8,TSEQ4,LOCAL
4486,TSEQ4-E8,TSEQ4,CLOUD
4487,TSEQ4-E8,TSEQ4,REMOTE
4488,TSEQ4-E8,TSEQ4,LOCAL
4489,TSEQ4-E8,TSEQ4,CLOUD
4490,TSEQ4-E8,TSEQ4,REMOTE
4491,TSEQ4-E8,TSEQ4,LOCAL
4492,TSEQ4-E8,TSEQ4,CLOUD
4493,TSEQ4-E8,TSEQ4,REMOTE
4494,TSEQ4-E8,TSEQ4,LOCAL
4495,TSEQ4-E8,TSEQ4,CLOUD
4496,TSEQ4-E8,TSEQ4,REMOTE
4497,TSEQ4-E8,TSEQ4,LOCAL
4498,TSEQ4-E8,TSEQ4,CLOUD
4499,TSEQ4-E8,TSEQ4,REMOTE
4500,TSEQ0-E9,TSEQ0,LOCAL
4501,TSEQ0-E9,TSEQ0,LOCAL
4502,TSEQ0-E9,TSEQ0,LOCAL
4503,TSEQ0-E9,TSEQ0,LOCAL
4504,TSEQ0-E9,TSEQ0,LOCAL
4505,TSEQ0-E9,TSEQ0,LOCAL
4506,TSEQ0-E9,TSEQ0,LOCAL
4507,TSEQ0-E9,TSEQ0,LOCAL
4508,TSEQ0-E9,TSEQ0,LOCAL
4509,TSEQ0-E9,TSEQ0,LOCAL
4510,TSEQ0-E9,TSEQ0,LOCAL
4511,TSEQ0-E9,TSEQ0,LOCAL
4512,TSEQ0-E9,TSEQ0,LOCAL
4513,TSEQ0-E9,TSEQ0,LOCAL
4514,TSEQ0-E9,TSEQ0,LOCAL
4515,TSEQ0-E9,TSEQ0,LOCAL
4516,TSEQ0-E9,TSEQ0,LOCAL
4517,TSEQ0-E9,TSEQ0,LOCAL
4518,TSEQ0-E9,TSEQ0,LOCAL
4519,TSEQ0-E9,TSEQ0,LOCAL
4520,TSEQ0-E9,TSEQ0,LOCAL
4521,TSEQ0-E9,TSEQ0,LOCAL
4522,TSEQ0-E9,TSEQ0,LOCAL
4523,TSEQ0-E9,TSEQ0,LOCAL
4524,TSEQ0-E9,TSEQ0,LOCAL
4525,TSEQ0-E9,TSEQ0,LOCAL
4526,TSEQ0-E9,TSEQ0,LOCAL
4527,TSEQ0-E9,TSEQ0,LOCAL
4528,TSEQ0-E9,TSEQ0,LOCAL
4529,TSEQ0-E9,TSEQ0,LOCAL
4530,TSEQ0-E9,TSEQ0,LOCAL
4531,TSEQ0-E9,TSEQ0,LOCAL
4532,TSEQ0-E9,TSEQ0,LOCAL
4533,TSEQ0-E9,TSEQ0,LOCAL
4534,TSEQ0-E9,TSEQ0,LOCAL
4535,TSEQ0-E9,TSEQ0,LOCAL
4536,TSEQ0-E9,TSEQ0,LOCAL
4537,TSEQ0-E9,TSEQ0,LOCAL
4538,TSEQ0-E9,TSEQ0,LOCAL
4539,TSEQ0-E9,TSEQ0,LOCAL
4540,TSEQ0-E9,TSEQ0,LOCAL
4541,TSEQ0-E9,TSEQ0,LOCAL
4542,TSEQ0-E9,TSEQ0,LOCAL
4543,TSEQ0-E9,TSEQ0,LOCAL
4544,TSEQ0-E9,TSEQ0,LOCAL
4545,TSEQ0-E9,TSEQ0,LOCAL
4546,TSEQ0-E9,TSEQ0,LOCAL
4547,TSEQ0-E9,TSEQ0,LOCAL
4548,TSEQ0-E9,TSEQ0,LOCAL
4549,TSEQ0-E9,TSEQ0,LOCAL
4550,TSEQ0-E9,TSEQ0,LOCAL
4551,TSEQ0-E9,TSEQ0,LOCAL
4552,TSEQ0-E9,TSEQ0,LOCAL
4553,TSEQ0-E9,TSEQ0,LOCAL
4554,TSEQ0-E9,TSEQ0,LOCAL
4555,TSEQ0-E9,TSEQ0,LOCAL
4556,TSEQ0-E9,TSEQ0,LOCAL
4557,TSEQ0-E9,TSEQ0,LOCAL
4558,TSEQ0-E9,TSEQ0,LOCAL
4559,TSEQ0-E9,TSEQ0,LOCAL
4560,TSEQ0-E9,TSEQ0,LOCAL
4561,TSEQ0-E9,TSEQ0,LOCAL
4562,TSEQ0-E9,TSEQ0,LOCAL
4563,TSEQ0-E9,TSEQ0,LOCAL
4564,TSEQ0-E9,TSEQ0,LOCAL
4565,TSEQ0-E9,TSEQ0,LOCAL
4566,TSEQ0-E9,TSEQ0,LOCAL
4567,TSEQ0-E9,TSEQ0,LOCAL
4568,TSEQ0-E9,TSEQ0,LOCAL
4569,TSEQ0-E9,TSEQ0,LOCAL
4570,TSEQ0-E9,TSEQ0,LOCAL
4571,TSEQ0-E9,TSEQ0,LOCAL
4572,TSEQ0-E9,TSEQ0,LOCAL
4573,TSEQ0-E9,TSEQ0,LOCAL
4574,TSEQ0-E9,TSEQ0,LOCAL
4575,TSEQ0-E9,TSEQ0,LOCAL
4576,TSEQ0-E9,TSEQ0,LOCAL
4577,TSEQ0-E9,TSEQ0,LOCAL
4578,TSEQ0-E9,TSEQ0,LOCAL
4579,TSEQ0-E9,TSEQ0,LOCAL
4580,TSEQ0-E9,TSEQ0,LOCAL
4581,TSEQ0-E9,TSEQ0,LOCAL
4582,TSEQ0-E9,TSEQ0,LOCAL
4583,TSEQ0-E9,TSEQ0,LOCAL
4584,TSEQ0-E9,TSEQ0,LOCAL
4585,TSEQ0-E9,TSEQ0,LOCAL
4586,TSEQ0-E9,TSEQ0,LOCAL
4587,TSEQ0-E9,TSEQ0,LOCAL
4588,TSEQ0-E9,TSEQ0,LOCAL
4589,TSEQ0-E9,TSEQ0,LOCAL
4590,TSEQ0-E9,TSEQ0,LOCAL
4591,TSEQ0-E9,TSEQ0,LOCAL
4592,TSEQ0-E9,TSEQ0,LOCAL
4593,TSEQ0-E9,TSEQ0,LOCAL
4594,TSEQ0-E9,TSEQ0,LOCAL
4595,TSEQ0-E9,TSEQ0,LOCAL
4596,TSEQ0-E9,TSEQ0,LOCAL
4597,TSEQ0-E9,TSEQ0,LOCAL
4598,TSEQ0-E9,TSEQ0,LOCAL
4599,TSEQ0-E9,TSEQ0,LOCAL
4600,TSEQ1-E9,TSEQ1,REMOTE
4601,TSEQ1-E9,TSEQ1,REMOTE
4602,TSEQ1-E9,TSEQ1,REMOTE
4603,TSEQ1-E9,TSEQ1,REMOTE
4604,TSEQ1-E9,TSEQ1,REMOTE
4605,TSEQ1-E9,TSEQ1,REMOTE
4606,TSEQ1-E9,TSEQ1,REMOTE
4607,TSEQ1-E9,TSEQ1,REMOTE
4608,TSEQ1-E9,TSEQ1,LOCAL
4609,TSEQ1-E9,TSEQ1,REMOTE
4610,TSEQ1-E9,TSEQ1,REMOTE
4611,TSEQ1-E9,TSEQ1,REMOTE
4612,TSEQ1-E9,TSEQ1,REMOTE
4613,TSEQ1-E9,TSEQ1,REMOTE
4614,TSEQ1-E9,TSEQ1,REMOTE
4615,TSEQ1-E9,TSEQ1,REMOTE
4616,TSEQ1-E9,TSEQ1,REMOTE
4617,TSEQ1-E9,TSEQ1,REMOTE
4618,TSEQ1-E9,TSEQ1,REMOTE
4619,TSEQ1-E9,TSEQ1,REMOTE
4620,TSEQ1-E9,TSEQ1,REMOTE
4621,TSEQ1-E9,TSEQ1,REMOTE
4622,TSEQ1-E9,TSEQ1,REMOTE
4623,TSEQ1-E9,TSEQ1,REMOTE
4624,TSEQ1-E9,TSEQ1,REMOTE
4625,TSEQ1-E9,TSEQ1,REMOTE
4626,TSEQ1-E9,TSEQ1,REMOTE
4627,TSEQ1-E9,TSEQ1,REMOTE
4628,TSEQ1-E9,TSEQ1,REMOTE
4629,TSEQ1-E9,TSEQ1,REMOTE
4630,TSEQ1-E9,TSEQ1,REMOTE
4631,TSEQ1-E9,TSEQ1,REMOTE
4632,TSEQ1-E9,TSEQ1,REMOTE
4633,TSEQ1-E9,TSEQ1,REMOTE
4634,TSEQ1-E9,TSEQ1,REMOTE
4635,TSEQ1-E9,TSEQ1,REMOTE
4636,TSEQ1-E9,TSEQ1,REMOTE
4637,TSEQ1-E9,TSEQ1,REMOTE
4638,TSEQ1-E9,TSEQ1,REMOTE
4639,TSEQ1-E9,TSEQ1,REMOTE
4640,TSEQ1-E9,TSEQ1,REMOTE
4641,TSEQ1-E9,TSEQ1,REMOTE
4642,TSEQ1-E9,TSEQ1,REMOTE
4643,TSEQ1-E9,TSEQ1,REMOTE
4644,TSEQ1-E9,TSEQ1,REMOTE
4645,TSEQ1-E9,TSEQ1,REMOTE
4646,TSEQ1-E9,TSEQ1,REMOTE
4647,TSEQ1-E9,TSEQ1,REMOTE
4648,TSEQ1-E9,TSEQ1,REMOTE
4649,TSEQ1-E9,TSEQ1,REMOTE
4650,TSEQ1-E9,TSEQ1,REMOTE
4651,TSEQ1-E9,TSEQ1,REMOTE
4652,TSEQ1-E9,TSEQ1,REMOTE
4653,TSEQ1-E9,TSEQ1,REMOTE
4654,TSEQ1-E9,TSEQ1,REMOTE
4655,TSEQ1-E9,TSEQ1,REMOTE
4656,TSEQ1-E9,TSEQ1,REMOTE
4657,TSEQ1-E9,TSEQ1,REMOTE
4658,TSEQ1-E9,TSEQ1,REMOTE
4659,TSEQ1-E9,TSEQ1,REMOTE
4660,TSEQ1-E9,TSEQ1,REMOTE
4661,TSEQ1-E9,TSEQ1,REMOTE
4662,TSEQ1-E9,TSEQ1,REMOTE
4663,TSEQ1-E9,TSEQ1,REMOTE
4664,TSEQ1-E9,TSEQ1,REMOTE
4665,TSEQ1-E9,TSEQ1,REMOTE
4666,TSEQ1-E9,TSEQ1,REMOTE
4667,TSEQ1-E9,TSEQ1,REMOTE
4668,TSEQ1-E9,TSEQ1,REMOTE
4669,TSEQ1-E9,TSEQ1,REMOTE
4670,TSEQ1-E9,TSEQ1,REMOTE
4671,TSEQ1-E9,TSEQ1,REMOTE
4672,TSEQ1-E9,TSEQ1,REMOTE
4673,TSEQ1-E9,TSEQ1,REMOTE
4674,TSEQ1-E9,TSEQ1,REMOTE
4675,TSEQ1-E9,TSEQ1,REMOTE
4676,TSEQ1-E9,TSEQ1,REMOTE
4677,TSEQ1-E9,TSEQ1,REMOTE
4678,TSEQ1-E9,TSEQ1,REMOTE
4679,TSEQ1-E9,TSEQ1,REMOTE
4680,TSEQ1-E9,TSEQ1,REMOTE
4681,TSEQ1-E9,TSEQ1,REMOTE
4682,TSEQ1-E9,TSEQ1,REMOTE
4683,TSEQ1-E9,TSEQ1,REMOTE
4684,TSEQ1-E9,TSEQ1,REMOTE
4685,TSEQ1-E9,TSEQ1,REMOTE
4686,TSEQ1-E9,TSEQ1,REMOTE
4687,TSEQ1-E9,TSEQ1,REMOTE
4688,TSEQ1-E9,TSEQ1,REMOTE
4689,TSEQ1-E9,TSEQ1,REMOTE
4690,TSEQ1-E9,TSEQ1,REMOTE
4691,TSEQ1-E9,TSEQ1,REMOTE
4692,TSEQ1-E9,TSEQ1,REMOTE
4693,TSEQ1-E9,TSEQ1,REMOTE
4694,TSEQ1-E9,TSEQ1,REMOTE
4695,TSEQ1-E9,TSEQ1,REMOTE
4696,TSEQ1-E9,TSEQ1,REMOTE
4697,TSEQ1-E9,TSEQ1,REMOTE
4698,TSEQ1-E9,TSEQ1,REMOTE
4699,TSEQ1-E9,TSEQ1,REMOTE
4700,TSEQ2-E9,TSEQ2,LOCAL
4701,TSEQ2-E9,TSEQ2,REMOTE
4702,TSEQ2-E9,TSEQ2,REMOTE
4703,TSEQ2-E9,TSEQ2,LOCAL
4704,TSEQ2-E9,TSEQ2,LOCAL
4705,TSEQ2-E9,TSEQ2,LOCAL
4706,TSEQ2-E9,TSEQ2,REMOTE
4707,TSEQ2-E9,TSEQ2,LOCAL
4708,TSEQ2-E9,TSEQ2,LOCAL
4709,TSEQ2-E9,TSEQ2,REMOTE
4710,TSEQ2-E9,TSEQ2,LOCAL
4711,TSEQ2-E9,TSEQ2,LOCAL
4712,TSEQ2-E9,TSEQ2,LOCAL
4713,TSEQ2-E9,TSEQ2,REMOTE
4714,TSEQ2-E9,TSEQ2,LOCAL
4715,TSEQ2-E9,TSEQ2,LOCAL
4716,TSEQ2-E9,TSEQ2,LOCAL
4717,TSEQ2-E9,TSEQ2,LOCAL
4718,TSEQ2-E9,TSEQ2,REMOTE
4719,TSEQ2-E9,TSEQ2,REMOTE
4720,TSEQ2-E9,TSEQ2,REMOTE
4721,TSEQ2-E9,TSEQ2,LOCAL
4722,TSEQ2-E9,TSEQ2,LOCAL
4723,TSEQ2-E9,TSEQ2,REMOTE
4724,TSEQ2-E9,TSEQ2,LOCAL
4725,TSEQ2-E9,TSEQ2,LOCAL
4726,TSEQ2-E9,TSEQ2,LOCAL
4727,TSEQ2-E9,TSEQ2,REMOTE
4728,TSEQ2-E9,TSEQ2,LOCAL
4729,TSEQ2-E9,TSEQ2,LOCAL
4730,TSEQ2-E9,TSEQ2,REMOTE
4731,TSEQ2-E9,TSEQ2,REMOTE
4732,TSEQ2-E9,TSEQ2,LOCAL
4733,TSEQ2-E9,TSEQ2,LOCAL
4734,TSEQ2-E9,TSEQ2,LOCAL
4735,TSEQ2-E9,TSEQ2,REMOTE
4736,TSEQ2-E9,TSEQ2,REMOTE
4737,TSEQ2-E9,TSEQ2,LOCAL
4738,TSEQ2-E9,TSEQ2,REMOTE
4739,TSEQ2-E9,TSEQ2,LOCAL
4740,TSEQ2-E9,TSEQ2,LOCAL
4741,TSEQ2-E9,TSEQ2,REMOTE
4742,TSEQ2-E9,TSEQ2,REMOTE
4743,TSEQ2-E9,TSEQ2,REMOTE
4744,TSEQ2-E9,TSEQ2,LOCAL
4745,TSEQ2-E9,TSEQ2,LOCAL
4746,TSEQ2-E9,TSEQ2,REMOTE
4747,TSEQ2-E9,TSEQ2,REMOTE
4748,TSEQ2-E9,TSEQ2,REMOTE
4749,TSEQ2-E9,TSEQ2,REMOTE
4750,TSEQ2-E9,TSEQ2,REMOTE
4751,TSEQ2-E9,TSEQ2,LOCAL
4752,TSEQ2-E9,TSEQ2,REMOTE
4753,TSEQ2-E9,TSEQ2,LOCAL
4754,TSEQ2-E9,TSEQ2,REMOTE
4755,TSEQ2-E9,TSEQ2,LOCAL
4756,TSEQ2-E9,TSEQ2,LOCAL
4757,TSEQ2-E9,TSEQ2,REMOTE
4758,TSEQ2-E9,TSEQ2,REMOTE
4759,TSEQ2-E9,TSEQ2,REMOTE
4760,TSEQ2-E9,TSEQ2,LOCAL
4761,TSEQ2-E9,TSEQ2,REMOTE
4762,TSEQ2-E9,TSEQ2,REMOTE
4763,TSEQ2-E9,TSEQ2,REMOTE
4764,TSEQ2-E9,TSEQ2,LOCAL
4765,TSEQ2-E9,TSEQ2,LOCAL
4766,TSEQ2-E9,TSEQ2,LOCAL
4767,TSEQ2-E9,TSEQ2,REMOTE
4768,TSEQ2-E9,TSEQ2,REMOTE
4769,TSEQ2-E9,TSEQ2,REMOTE
4770,TSEQ2-E9,TSEQ2,REMOTE
4771,TSEQ2-E9,TSEQ2,LOCAL
4772,TSEQ2-E9,TSEQ2,REMOTE
4773,TSEQ2-E9,TSEQ2,REMOTE
4774,TSEQ2-E9,TSEQ2,LOCAL
4775,TSEQ2-E9,TSEQ2,LOCAL
4776,TSEQ2-E9,TSEQ2,LOCAL
4777,TSEQ2-E9,TSEQ2,LOCAL
4778,TSEQ2-E9,TSEQ2,LOCAL
4779,TSEQ2-E9,TSEQ2,LOCAL
4780,TSEQ2-E9,TSEQ2,REMOTE
4781,TSEQ2-E9,TSEQ2,REMOTE
4782,TSEQ2-E9,TSEQ2,LOCAL
4783,TSEQ2-E9,TSEQ2,REMOTE
4784,TSEQ2-E9,TSEQ2,LOCAL
4785,TSEQ2-E9,TSEQ2,LOCAL
4786,TSEQ2-E9,TSEQ2,REMOTE
4787,TSEQ2-E9,TSEQ2,REMOTE
4788,TSEQ2-E9,TSEQ2,LOCAL
4789,TSEQ2-E9,TSEQ2,REMOTE
4790,TSEQ2-E9,TSEQ2,LOCAL
4791,TSEQ2-E9,TSEQ2,REMOTE
4792,TSEQ2-E9,TSEQ2,REMOTE
4793,TSEQ2-E9,TSEQ2,REMOTE
4794,TSEQ2-E9,TSEQ2,REMOTE
4795,TSEQ2-E9,TSEQ2,REMOTE
4796,TSEQ2-E9,TSEQ2,LOCAL
4797,TSEQ2-E9,TSEQ2,REMOTE
4798,TSEQ2-E9,TSEQ2,REMOTE
4799,TSEQ2-E9,TSEQ2,LOCAL
4800,TSEQ3-E9,TSEQ3,LOCAL
4801,TSEQ3-E9,TSEQ3,REMOTE
4802,TSEQ3-E9,TSEQ3,CLOUD
4803,TSEQ3-E9,TSEQ3,LOCAL
4804,TSEQ3-E9,TSEQ3,REMOTE
4805,TSEQ3-E9,TSEQ3,CLOUD
4806,TSEQ3-E9,TSEQ3,LOCAL
4807,TSEQ3-E9,TSEQ3,REMOTE
4808,TSEQ3-E9,TSEQ3,CLOUD
4809,TSEQ3-E9,TSEQ3,LOCAL
4810,TSEQ3-E9,TSEQ3,REMOTE
4811,TSEQ3-E9,TSEQ3,CLOUD
4812,TSEQ3-E9,TSEQ3,LOCAL
4813,TSEQ3-E9,TSEQ3,REMOTE
4814,TSEQ3-E9,TSEQ3,CLOUD
4815,TSEQ3-E9,TSEQ3,LOCAL
4816,TSEQ3-E9,TSEQ3,REMOTE
4817,TSEQ3-E9,TSEQ3,CLOUD
4818,TSEQ3-E9,TSEQ3,LOCAL
4819,TSEQ3-E9,TSEQ3,REMOTE
4820,TSEQ3-E9,TSEQ3,CLOUD
4821,TSEQ3-E9,TSEQ3,LOCAL
4822,TSEQ3-E9,TSEQ3,REMOTE
4823,TSEQ3-E9,TSEQ3,CLOUD
4824,TSEQ3-E9,TSEQ3,LOCAL
4825,TSEQ3-E9,TSEQ3,REMOTE
4826,TSEQ3-E9,TSEQ3,CLOUD
4827,TSEQ3-E9,TSEQ3,LOCAL
4828,TSEQ3-E9,TSEQ3,REMOTE
4829,TSEQ3-E9,TSEQ3,CLOUD
4830,TSEQ3-E9,TSEQ3,LOCAL
4831,TSEQ3-E9,TSEQ3,REMOTE
4832,TSEQ3-E9,TSEQ3,CLOUD
4833,TSEQ3-E9,TSEQ3,LOCAL
4834,TSEQ3-E9,TSEQ3,REMOTE
4835,TSEQ3-E9,TSEQ3,CLOUD
4836,TSEQ3-E9,TSEQ3,LOCAL
4837,TSEQ3-E9,TSEQ3,REMOTE
4838,TSEQ3-E9,TSEQ3,CLOUD
4839,TSEQ3-E9,TSEQ3,LOCAL
4840,TSEQ3-E9,TSEQ3,REMOTE
4841,TSEQ3-E9,TSEQ3,CLOUD
4842,TSEQ3-E9,TSEQ3,LOCAL
4843,TSEQ3-E9,TSEQ3,REMOTE
4844,TSEQ3-E9,TSEQ3,CLOUD
4845,TSEQ3-E9,TSEQ3,LOCAL
4846,TSEQ3-E9,TSEQ3,REMOTE
4847,TSEQ3-E9,TSEQ3,CLOUD
4848,TSEQ3-E9,TSEQ3,LOCAL
4849,TSEQ3-E9,TSEQ3,REMOTE
4850,TSEQ3-E9,TSEQ3,CLOUD
4851,TSEQ3-E9,TSEQ3,LOCAL
4852,TSEQ3-E9,TSEQ3,REMOTE
4853,TSEQ3-E9,TSEQ3,CLOUD
4854,TSEQ3-E9,TSEQ3,LOCAL
4855,TSEQ3-E9,TSEQ3,REMOTE
4856,TSEQ3-E9,TSEQ3,CLOUD
4857,TSEQ3-E9,TSEQ3,LOCAL
4858,TSEQ3-E9,TSEQ3,REMOTE
4859,TSEQ3-E9,TSEQ3,CLOUD
4860,TSEQ3-E9,TSEQ3,LOCAL
4861,TSEQ3-E9,TSEQ3,REMOTE
4862,TSEQ3-E9,TSEQ3,CLOUD
4863,TSEQ3-E9,TSEQ3,LOCAL
4864,TSEQ3-E9,TSEQ3,REMOTE
4865,TSEQ3-E9,TSEQ3,CLOUD
4866,TSEQ3-E9,TSEQ3,LOCAL
4867,TSEQ3-E9,TSEQ3,REMOTE
4868,TSEQ3-E9,TSEQ3,CLOUD
4869,TSEQ3-E9,TSEQ3,LOCAL
4870,TSEQ3-E9,TSEQ3,REMOTE
4871,TSEQ3-E9,TSEQ3,CLOUD
4872,TSEQ3-E9,TSEQ3,LOCAL
4873,TSEQ3-E9,TSEQ3,REMOTE
4874,TSEQ3-E9,TSEQ3,CLOUD
4875,TSEQ3-E9,TSEQ3,LOCAL
4876,TSEQ3-E9,TSEQ3,REMOTE
4877,TSEQ3-E9,TSEQ3,CLOUD
4878,TSEQ3-E9,TSEQ3,LOCAL
4879,TSEQ3-E9,TSEQ3,REMOTE
4880,TSEQ3-E9,TSEQ3,CLOUD
4881,TSEQ3-E9,TSEQ3,LOCAL
4882,TSEQ3-E9,TSEQ3,REMOTE
4883,TSEQ3-E9,TSEQ3,CLOUD
4884,TSEQ3-E9,TSEQ3,LOCAL
4885,TSEQ3-E9,TSEQ3,REMOTE
4886,TSEQ3-E9,TSEQ3,CLOUD
4887,TSEQ3-E9,TSEQ3,LOCAL
4888,TSEQ3-E9,TSEQ3,REMOTE
4889,TSEQ3-E9,TSEQ3,CLOUD
4890,TSEQ3-E9,TSEQ3,LOCAL
4891,TSEQ3-E9,TSEQ3,REMOTE
4892,TSEQ3-E9,TSEQ3,CLOUD
4893,TSEQ3-E9,TSEQ3,LOCAL
4894,TSEQ3-E9,TSEQ3,REMOTE
4895,TSEQ3-E9,TSEQ3,CLOUD
4896,TSEQ3-E9,TSEQ3,LOCAL
4897,TSEQ3-E9,TSEQ3,REMOTE
4898,TSEQ3-E9,TSEQ3,CLOUD
4899,TSEQ3-E9,TSEQ3,LOCAL
4900,TSEQ4-E9,TSEQ4,REMOTE
4901,TSEQ4-E9,TSEQ4,LOCAL
4902,TSEQ4-E9,TSEQ4,CLOUD
4903,TSEQ4-E9,TSEQ4,REMOTE
4904,TSEQ4-E9,TSEQ4,LOCAL
4905,TSEQ4-E9,TSEQ4,CLOUD
4906,TSEQ4-E9,TSEQ4,REMOTE
4907,TSEQ4-E9,TSEQ4,LOCAL
4908,TSEQ4-E9,TSEQ4,CLOUD
4909,TSEQ4-E9,TSEQ4,REMOTE
4910,TSEQ4-E9,TSEQ4,LOCAL
4911,TSEQ4-E9,TSEQ4,CLOUD
4912,TSEQ4-E9,TSEQ4,REMOTE
4913,TSEQ4-E9,TSEQ4,LOCAL
4914,TSEQ4-E9,TSEQ4,CLOUD
4915,TSEQ4-E9,TSEQ4,REMOTE
4916,TSEQ4-E9,TSEQ4,LOCAL
4917,TSEQ4-E9,TSEQ4,CLOUD
4918,TSEQ4-E9,TSEQ4,REMOTE
4919,TSEQ4-E9,TSEQ4,LOCAL
4920,TSEQ4-E9,TSEQ4,CLOUD
4921,TSEQ4-E9,TSEQ4,REMOTE
4922,TSEQ4-E9,TSEQ4,LOCAL
4923,TSEQ4-E9,TSEQ4,CLOUD
4924,TSEQ4-E9,TSEQ4,REMOTE
4925,TSEQ4-E9,TSEQ4,LOCAL
4926,TSEQ4-E9,TSEQ4,CLOUD
4927,TSEQ4-E9,TSEQ4,REMOTE
4928,TSEQ4-E9,TSEQ4,LOCAL
4929,TSEQ4-E9,TSEQ4,CLOUD
4930,TSEQ4-E9,TSEQ4,REMOTE
4931,TSEQ4-E9,TSEQ4,LOCAL
4932,TSEQ4-E9,TSEQ4,CLOUD
4933,TSEQ4-E9,TSEQ4,REMOTE
4934,TSEQ4-E9,TSEQ4,LOCAL
4935,TSEQ4-E9,TSEQ4,CLOUD
4936,TSEQ4-E9,TSEQ4,REMOTE
4937,TSEQ4-E9,TSEQ4,LOCAL
4938,TSEQ4-E9,TSEQ4,CLOUD
4939,TSEQ4-E9,TSEQ4,REMOTE
4940,TSEQ4-E9,TSEQ4,LOCAL
4941,TSEQ4-E9,TSEQ4,CLOUD
4942,TSEQ4-E9,TSEQ4,REMOTE
4943,TSEQ4-E9,TSEQ4,LOCAL
4944,TSEQ4-E9,TSEQ4,CLOUD
4945,TSEQ4-E9,TSEQ4,REMOTE
4946,TSEQ4-E9,TSEQ4,LOCAL
4947,TSEQ4-E9,TSEQ4,CLOUD
4948,TSEQ4-E9,TSEQ4,REMOTE
4949,TSEQ4-E9,TSEQ4,LOCAL
4950,TSEQ4-E9,TSEQ4,CLOUD
4951,TSEQ4-E9,TSEQ4,REMOTE
4952,TSEQ4-E9,TSEQ4,LOCAL
4953,TSEQ4-E9,TSEQ4,CLOUD
4954,TSEQ4-E9,TSEQ4,REMOTE
4955,TSEQ4-E9,TSEQ4,LOCAL
4956,TSEQ4-E9,TSEQ4,CLOUD
4957,TSEQ4-E9,TSEQ4,REMOTE
4958,TSEQ4-E9,TSEQ4,LOCAL
4959,TSEQ4-E9,TSEQ4,CLOUD
4960,TSEQ4-E9,TSEQ4,REMOTE
4961,TSEQ4-E9,TSEQ4,LOCAL
4962,TSEQ4-E9,TSEQ4,CLOUD
4963,TSEQ4-E9,TSEQ4,REMOTE
4964,TSEQ4-E9,TSEQ4,LOCAL
4965,TSEQ4-E9,TSEQ4,CLOUD
4966,TSEQ4-E9,TSEQ4,REMOTE
4967,TSEQ4-E9,TSEQ4,LOCAL
4968,TSEQ4-E9,TSEQ4,CLOUD
4969,TSEQ4-E9,TSEQ4,REMOTE
4970,TSEQ4-E9,TSEQ4,LOCAL
4971,TSEQ4-E9,TSEQ4,CLOUD
4972,TSEQ4-E9,TSEQ4,REMOTE
4973,TSEQ4-E9,TSEQ4,LOCAL
4974,TSEQ4-E9,TSEQ4,CLOUD
4975,TSEQ4-E9,TSEQ4,REMOTE
4976,TSEQ4-E9,TSEQ4,LOCAL
4977,TSEQ4-E9,TSEQ4,CLOUD
4978,TSEQ4-E9,TSEQ4,REMOTE
4979,TSEQ4-E9,TSEQ4,LOCAL
4980,TSEQ4-E9,TSEQ4,CLOUD
4981,TSEQ4-E9,TSEQ4,REMOTE
4982,TSEQ4-E9,TSEQ4,LOCAL
4983,TSEQ4-E9,TSEQ4,CLOUD
4984,TSEQ4-E9,TSEQ4,REMOTE
4985,TSEQ4-E9,TSEQ4,LOCAL
4986,TSEQ4-E9,TSEQ4,CLOUD
4987,TSEQ4-E9,TSEQ4,REMOTE
4988,TSEQ4-E9,TSEQ4,LOCAL
4989,TSEQ4-E9,TSEQ4,CLOUD
4990,TSEQ4-E9,TSEQ4,REMOTE
4991,TSEQ4-E9,TSEQ4,LOCAL
4992,TSEQ4-E9,TSEQ4,CLOUD
4993,TSEQ4-E9,TSEQ4,REMOTE
4994,TSEQ4-E9,TSEQ4,LOCAL
4995,TSEQ4-E9,TSEQ4,CLOUD
4996,TSEQ4-E9,TSEQ4,REMOTE
4997,TSEQ4-E9,TSEQ4,LOCAL
4998,TSEQ4-E9,TSEQ4,CLOUD
4999,TSEQ4-E9,TSEQ4,REMOTE
