seed,episode_id,variant,matches_original,authorized,effect_count,attempts
0,0,ORIGINAL-MEDIATOR,True,True,1,1
0,0,PER-SERVICE-ORAM,True,True,1,1
0,0,UNIFIED-OBLIVIOUS,True,True,1,1
0,0,FIXED-CANONICAL,True,True,1,1
0,0,TRUSTED-LOCAL,True,True,1,1
0,1,ORIGINAL-MEDIATOR,True,True,1,1
0,1,PER-SERVICE-ORAM,True,True,1,1
0,1,UNIFIED-OBLIVIOUS,True,True,1,1
0,1,FIXED-CANONICAL,True,True,1,1
0,1,TRUSTED-LOCAL,True,True,1,1
0,2,ORIGINAL-MEDIATOR,True,False,0,1
0,2,PER-SERVICE-ORAM,True,False,0,1
0,2,UNIFIED-OBLIVIOUS,True,False,0,1
0,2,FIXED-CANONICAL,True,False,0,1
0,2,TRUSTED-LOCAL,True,False,0,1
0,3,ORIGINAL-MEDIATOR,True,True,1,1
0,3,PER-SERVICE-ORAM,True,True,1,1
0,3,UNIFIED-OBLIVIOUS,True,True,1,1
0,3,FIXED-CANONICAL,True,True,1,1
0,3,TRUSTED-LOCAL,True,True,1,1
0,4,ORIGINAL-MEDIATOR,True,True,1,1
0,4,PER-SERVICE-ORAM,True,True,1,1
0,4,UNIFIED-OBLIVIOUS,True,True,1,1
0,4,FIXED-CANONICAL,True,True,1,1
0,4,TRUSTED-LOCAL,True,True,1,1
0,5,ORIGINAL-MEDIATOR,True,False,0,1
0,5,PER-SERVICE-ORAM,True,False,0,1
0,5,UNIFIED-OBLIVIOUS,True,False,0,1
0,5,FIXED-CANONICAL,True,False,0,1
0,5,TRUSTED-LOCAL,True,False,0,1
0,6,ORIGINAL-MEDIATOR,True,True,1,1
0,6,PER-SERVICE-ORAM,True,True,1,1
0,6,UNIFIED-OBLIVIOUS,True,True,1,1
0,6,FIXED-CANONICAL,True,True,1,1
0,6,TRUSTED-LOCAL,True,True,1,1
0,7,ORIGINAL-MEDIATOR,True,False,0,1
0,7,PER-SERVICE-ORAM,True,False,0,1
0,7,UNIFIED-OBLIVIOUS,True,False,0,1
0,7,FIXED-CANONICAL,True,False,0,1
0,7,TRUSTED-LOCAL,True,False,0,1
0,8,ORIGINAL-MEDIATOR,True,False,0,2
0,8,PER-SERVICE-ORAM,True,False,0,2
0,8,UNIFIED-OBLIVIOUS,True,False,0,2
0,8,FIXED-CANONICAL,True,False,0,2
0,8,TRUSTED-LOCAL,True,False,0,2
0,9,ORIGINAL-MEDIATOR,True,False,0,2
0,9,PER-SERVICE-ORAM,True,False,0,2
0,9,UNIFIED-OBLIVIOUS,True,False,0,2
0,9,FIXED-CANONICAL,True,False,0,2
0,9,TRUSTED-LOCAL,True,False,0,2
0,10,ORIGINAL-MEDIATOR,True,True,1,1
0,10,PER-SERVICE-ORAM,True,True,1,1
0,10,UNIFIED-OBLIVIOUS,True,True,1,1
0,10,FIXED-CANONICAL,True,True,1,1
0,10,TRUSTED-LOCAL,True,True,1,1
0,11,ORIGINAL-MEDIATOR,True,False,0,2
0,11,PER-SERVICE-ORAM,True,False,0,2
0,11,UNIFIED-OBLIVIOUS,True,False,0,2
0,11,FIXED-CANONICAL,True,False,0,2
0,11,TRUSTED-LOCAL,True,False,0,2
0,12,ORIGINAL-MEDIATOR,True,True,1,1
0,12,PER-SERVICE-ORAM,True,True,1,1
0,12,UNIFIED-OBLIVIOUS,True,True,1,1
0,12,FIXED-CANONICAL,True,True,1,1
0,12,TRUSTED-LOCAL,True,True,1,1
0,13,ORIGINAL-MEDIATOR,True,False,0,1
0,13,PER-SERVICE-ORAM,True,False,0,1
0,13,UNIFIED-OBLIVIOUS,True,False,0,1
0,13,FIXED-CANONICAL,True,False,0,1
0,13,TRUSTED-LOCAL,True,False,0,1
0,14,ORIGINAL-MEDIATOR,True,False,0,1
0,14,PER-SERVICE-ORAM,True,False,0,1
0,14,UNIFIED-OBLIVIOUS,True,False,0,1
0,14,FIXED-CANONICAL,True,False,0,1
0,14,TRUSTED-LOCAL,True,False,0,1
0,15,ORIGINAL-MEDIATOR,True,False,0,1
0,15,PER-SERVICE-ORAM,True,False,0,1
0,15,UNIFIED-OBLIVIOUS,True,False,0,1
0,15,FIXED-CANONICAL,True,False,0,1
0,15,TRUSTED-LOCAL,True,False,0,1
0,16,ORIGINAL-MEDIATOR,True,False,0,2
0,16,PER-SERVICE-ORAM,True,False,0,2
0,16,UNIFIED-OBLIVIOUS,True,False,0,2
0,16,FIXED-CANONICAL,True,False,0,2
0,16,TRUSTED-LOCAL,True,False,0,2
0,17,ORIGINAL-MEDIATOR,True,True,1,2
0,17,PER-SERVICE-ORAM,True,True,1,2
0,17,UNIFIED-OBLIVIOUS,True,True,1,2
0,17,FIXED-CANONICAL,True,True,1,2
0,17,TRUSTED-LOCAL,True,True,1,2
0,18,ORIGINAL-MEDIATOR,True,False,0,1
0,18,PER-SERVICE-ORAM,True,False,0,1
0,18,UNIFIED-OBLIVIOUS,True,False,0,1
0,18,FIXED-CANONICAL,True,False,0,1
0,18,TRUSTED-LOCAL,True,False,0,1
0,19,ORIGINAL-MEDIATOR,True,True,1,2
0,19,PER-SERVICE-ORAM,True,True,1,2
0,19,UNIFIED-OBLIVIOUS,True,True,1,2
0,19,FIXED-CANONICAL,True,True,1,2
0,19,TRUSTED-LOCAL,True,True,1,2
0,20,ORIGINAL-MEDIATOR,True,False,0,1
0,20,PER-SERVICE-ORAM,True,False,0,1
0,20,UNIFIED-OBLIVIOUS,True,False,0,1
0,20,FIXED-CANONICAL,True,False,0,1
0,20,TRUSTED-LOCAL,True,False,0,1
0,21,ORIGINAL-MEDIATOR,True,False,0,1
0,21,PER-SERVICE-ORAM,True,False,0,1
0,21,UNIFIED-OBLIVIOUS,True,False,0,1
0,21,FIXED-CANONICAL,True,False,0,1
0,21,TRUSTED-LOCAL,True,False,0,1
0,22,ORIGINAL-MEDIATOR,True,True,1,2
0,22,PER-SERVICE-ORAM,True,True,1,2
0,22,UNIFIED-OBLIVIOUS,True,True,1,2
0,22,FIXED-CANONICAL,True,True,1,2
0,22,TRUSTED-LOCAL,True,True,1,2
0,23,ORIGINAL-MEDIATOR,True,True,1,2
0,23,PER-SERVICE-ORAM,True,True,1,2
0,23,UNIFIED-OBLIVIOUS,True,True,1,2
0,23,FIXED-CANONICAL,True,True,1,2
0,23,TRUSTED-LOCAL,True,True,1,2
0,24,ORIGINAL-MEDIATOR,True,False,0,1
0,24,PER-SERVICE-ORAM,True,False,0,1
0,24,UNIFIED-OBLIVIOUS,True,False,0,1
0,24,FIXED-CANONICAL,True,False,0,1
0,24,TRUSTED-LOCAL,True,False,0,1
0,25,ORIGINAL-MEDIATOR,True,True,1,2
0,25,PER-SERVICE-ORAM,True,True,1,2
0,25,UNIFIED-OBLIVIOUS,True,True,1,2
0,25,FIXED-CANONICAL,True,True,1,2
0,25,TRUSTED-LOCAL,True,True,1,2
0,26,ORIGINAL-MEDIATOR,True,True,1,2
0,26,PER-SERVICE-ORAM,True,True,1,2
0,26,UNIFIED-OBLIVIOUS,True,True,1,2
0,26,FIXED-CANONICAL,True,True,1,2
0,26,TRUSTED-LOCAL,True,True,1,2
0,27,ORIGINAL-MEDIATOR,True,False,0,2
0,27,PER-SERVICE-ORAM,True,False,0,2
0,27,UNIFIED-OBLIVIOUS,True,False,0,2
0,27,FIXED-CANONICAL,True,False,0,2
0,27,TRUSTED-LOCAL,True,False,0,2
0,28,ORIGINAL-MEDIATOR,True,False,0,1
0,28,PER-SERVICE-ORAM,True,False,0,1
0,28,UNIFIED-OBLIVIOUS,True,False,0,1
0,28,FIXED-CANONICAL,True,False,0,1
0,28,TRUSTED-LOCAL,True,False,0,1
0,29,ORIGINAL-MEDIATOR,True,True,1,2
0,29,PER-SERVICE-ORAM,True,True,1,2
0,29,UNIFIED-OBLIVIOUS,True,True,1,2
0,29,FIXED-CANONICAL,True,True,1,2
0,29,TRUSTED-LOCAL,True,True,1,2
0,30,ORIGINAL-MEDIATOR,True,False,0,1
0,30,PER-SERVICE-ORAM,True,False,0,1
0,30,UNIFIED-OBLIVIOUS,True,False,0,1
0,30,FIXED-CANONICAL,True,False,0,1
0,30,TRUSTED-LOCAL,True,False,0,1
0,31,ORIGINAL-MEDIATOR,True,True,1,1
0,31,PER-SERVICE-ORAM,True,True,1,1
0,31,UNIFIED-OBLIVIOUS,True,True,1,1
0,31,FIXED-CANONICAL,True,True,1,1
0,31,TRUSTED-LOCAL,True,True,1,1
0,32,ORIGINAL-MEDIATOR,True,True,1,2
0,32,PER-SERVICE-ORAM,True,True,1,2
0,32,UNIFIED-OBLIVIOUS,True,True,1,2
0,32,FIXED-CANONICAL,True,True,1,2
0,32,TRUSTED-LOCAL,True,True,1,2
0,33,ORIGINAL-MEDIATOR,True,False,0,2
0,33,PER-SERVICE-ORAM,True,False,0,2
0,33,UNIFIED-OBLIVIOUS,True,False,0,2
0,33,FIXED-CANONICAL,True,False,0,2
0,33,TRUSTED-LOCAL,True,False,0,2
0,34,ORIGINAL-MEDIATOR,True,True,1,2
0,34,PER-SERVICE-ORAM,True,True,1,2
0,34,UNIFIED-OBLIVIOUS,True,True,1,2
0,34,FIXED-CANONICAL,True,True,1,2
0,34,TRUSTED-LOCAL,True,True,1,2
0,35,ORIGINAL-MEDIATOR,True,True,1,1
0,35,PER-SERVICE-ORAM,True,True,1,1
0,35,UNIFIED-OBLIVIOUS,True,True,1,1
0,35,FIXED-CANONICAL,True,True,1,1
0,35,TRUSTED-LOCAL,True,True,1,1
0,36,ORIGINAL-MEDIATOR,True,False,0,1
0,36,PER-SERVICE-ORAM,True,False,0,1
0,36,UNIFIED-OBLIVIOUS,True,False,0,1
0,36,FIXED-CANONICAL,True,False,0,1
0,36,TRUSTED-LOCAL,True,False,0,1
0,37,ORIGINAL-MEDIATOR,True,False,0,2
0,37,PER-SERVICE-ORAM,True,False,0,2
0,37,UNIFIED-OBLIVIOUS,True,False,0,2
0,37,FIXED-CANONICAL,True,False,0,2
0,37,TRUSTED-LOCAL,True,False,0,2
0,38,ORIGINAL-MEDIATOR,True,True,1,1
0,38,PER-SERVICE-ORAM,True,True,1,1
0,38,UNIFIED-OBLIVIOUS,True,True,1,1
0,38,FIXED-CANONICAL,True,True,1,1
0,38,TRUSTED-LOCAL,True,True,1,1
0,39,ORIGINAL-MEDIATOR,True,False,0,2
0,39,PER-SERVICE-ORAM,True,False,0,2
0,39,UNIFIED-OBLIVIOUS,True,False,0,2
0,39,FIXED-CANONICAL,True,False,0,2
0,39,TRUSTED-LOCAL,True,False,0,2
0,40,ORIGINAL-MEDIATOR,True,True,1,1
0,40,PER-SERVICE-ORAM,True,True,1,1
0,40,UNIFIED-OBLIVIOUS,True,True,1,1
0,40,FIXED-CANONICAL,True,True,1,1
0,40,TRUSTED-LOCAL,True,True,1,1
0,41,ORIGINAL-MEDIATOR,True,True,1,1
0,41,PER-SERVICE-ORAM,True,True,1,1
0,41,UNIFIED-OBLIVIOUS,True,True,1,1
0,41,FIXED-CANONICAL,True,True,1,1
0,41,TRUSTED-LOCAL,True,True,1,1
0,42,ORIGINAL-MEDIATOR,True,True,1,1
0,42,PER-SERVICE-ORAM,True,True,1,1
0,42,UNIFIED-OBLIVIOUS,True,True,1,1
0,42,FIXED-CANONICAL,True,True,1,1
0,42,TRUSTED-LOCAL,True,True,1,1
0,43,ORIGINAL-MEDIATOR,True,True,1,2
0,43,PER-SERVICE-ORAM,True,True,1,2
0,43,UNIFIED-OBLIVIOUS,True,True,1,2
0,43,FIXED-CANONICAL,True,True,1,2
0,43,TRUSTED-LOCAL,True,True,1,2
0,44,ORIGINAL-MEDIATOR,True,True,1,1
0,44,PER-SERVICE-ORAM,True,True,1,1
0,44,UNIFIED-OBLIVIOUS,True,True,1,1
0,44,FIXED-CANONICAL,True,True,1,1
0,44,TRUSTED-LOCAL,True,True,1,1
0,45,ORIGINAL-MEDIATOR,True,False,0,1
0,45,PER-SERVICE-ORAM,True,False,0,1
0,45,UNIFIED-OBLIVIOUS,True,False,0,1
0,45,FIXED-CANONICAL,True,False,0,1
0,45,TRUSTED-LOCAL,True,False,0,1
0,46,ORIGINAL-MEDIATOR,True,True,1,1
0,46,PER-SERVICE-ORAM,True,True,1,1
0,46,UNIFIED-OBLIVIOUS,True,True,1,1
0,46,FIXED-CANONICAL,True,True,1,1
0,46,TRUSTED-LOCAL,True,True,1,1
0,47,ORIGINAL-MEDIATOR,True,True,1,2
0,47,PER-SERVICE-ORAM,True,True,1,2
0,47,UNIFIED-OBLIVIOUS,True,True,1,2
0,47,FIXED-CANONICAL,True,True,1,2
0,47,TRUSTED-LOCAL,True,True,1,2
0,48,ORIGINAL-MEDIATOR,True,True,1,1
0,48,PER-SERVICE-ORAM,True,True,1,1
0,48,UNIFIED-OBLIVIOUS,True,True,1,1
0,48,FIXED-CANONICAL,True,True,1,1
0,48,TRUSTED-LOCAL,True,True,1,1
0,49,ORIGINAL-MEDIATOR,True,False,0,2
0,49,PER-SERVICE-ORAM,True,False,0,2
0,49,UNIFIED-OBLIVIOUS,True,False,0,2
0,49,FIXED-CANONICAL,True,False,0,2
0,49,TRUSTED-LOCAL,True,False,0,2
0,50,ORIGINAL-MEDIATOR,True,True,1,1
0,50,PER-SERVICE-ORAM,True,True,1,1
0,50,UNIFIED-OBLIVIOUS,True,True,1,1
0,50,FIXED-CANONICAL,True,True,1,1
0,50,TRUSTED-LOCAL,True,True,1,1
0,51,ORIGINAL-MEDIATOR,True,False,0,1
0,51,PER-SERVICE-ORAM,True,False,0,1
0,51,UNIFIED-OBLIVIOUS,True,False,0,1
0,51,FIXED-CANONICAL,True,False,0,1
0,51,TRUSTED-LOCAL,True,False,0,1
0,52,ORIGINAL-MEDIATOR,True,True,1,2
0,52,PER-SERVICE-ORAM,True,True,1,2
0,52,UNIFIED-OBLIVIOUS,True,True,1,2
0,52,FIXED-CANONICAL,True,True,1,2
0,52,TRUSTED-LOCAL,True,True,1,2
0,53,ORIGINAL-MEDIATOR,True,False,0,1
0,53,PER-SERVICE-ORAM,True,False,0,1
0,53,UNIFIED-OBLIVIOUS,True,False,0,1
0,53,FIXED-CANONICAL,True,False,0,1
0,53,TRUSTED-LOCAL,True,False,0,1
0,54,ORIGINAL-MEDIATOR,True,True,1,1
0,54,PER-SERVICE-ORAM,True,True,1,1
0,54,UNIFIED-OBLIVIOUS,True,True,1,1
0,54,FIXED-CANONICAL,True,True,1,1
0,54,TRUSTED-LOCAL,True,True,1,1
0,55,ORIGINAL-MEDIATOR,True,True,1,2
0,55,PER-SERVICE-ORAM,True,True,1,2
0,55,UNIFIED-OBLIVIOUS,True,True,1,2
0,55,FIXED-CANONICAL,True,True,1,2
0,55,TRUSTED-LOCAL,True,True,1,2
0,56,ORIGINAL-MEDIATOR,True,True,1,1
0,56,PER-SERVICE-ORAM,True,True,1,1
0,56,UNIFIED-OBLIVIOUS,True,True,1,1
0,56,FIXED-CANONICAL,True,True,1,1
0,56,TRUSTED-LOCAL,True,True,1,1
0,57,ORIGINAL-MEDIATOR,True,True,1,1
0,57,PER-SERVICE-ORAM,True,True,1,1
0,57,UNIFIED-OBLIVIOUS,True,True,1,1
0,57,FIXED-CANONICAL,True,True,1,1
0,57,TRUSTED-LOCAL,True,True,1,1
0,58,ORIGINAL-MEDIATOR,True,True,1,1
0,58,PER-SERVICE-ORAM,True,True,1,1
0,58,UNIFIED-OBLIVIOUS,True,True,1,1
0,58,FIXED-CANONICAL,True,True,1,1
0,58,TRUSTED-LOCAL,True,True,1,1
0,59,ORIGINAL-MEDIATOR,True,False,0,1
0,59,PER-SERVICE-ORAM,True,False,0,1
0,59,UNIFIED-OBLIVIOUS,True,False,0,1
0,59,FIXED-CANONICAL,True,False,0,1
0,59,TRUSTED-LOCAL,True,False,0,1
0,60,ORIGINAL-MEDIATOR,True,True,1,2
0,60,PER-SERVICE-ORAM,True,True,1,2
0,60,UNIFIED-OBLIVIOUS,True,True,1,2
0,60,FIXED-CANONICAL,True,True,1,2
0,60,TRUSTED-LOCAL,True,True,1,2
0,61,ORIGINAL-MEDIATOR,True,True,1,2
0,61,PER-SERVICE-ORAM,True,True,1,2
0,61,UNIFIED-OBLIVIOUS,True,True,1,2
0,61,FIXED-CANONICAL,True,True,1,2
0,61,TRUSTED-LOCAL,True,True,1,2
0,62,ORIGINAL-MEDIATOR,True,True,1,2
0,62,PER-SERVICE-ORAM,True,True,1,2
0,62,UNIFIED-OBLIVIOUS,True,True,1,2
0,62,FIXED-CANONICAL,True,True,1,2
0,62,TRUSTED-LOCAL,True,True,1,2
0,63,ORIGINAL-MEDIATOR,True,True,1,2
0,63,PER-SERVICE-ORAM,True,True,1,2
0,63,UNIFIED-OBLIVIOUS,True,True,1,2
0,63,FIXED-CANONICAL,True,True,1,2
0,63,TRUSTED-LOCAL,True,True,1,2
0,64,ORIGINAL-MEDIATOR,True,True,1,2
0,64,PER-SERVICE-ORAM,True,True,1,2
0,64,UNIFIED-OBLIVIOUS,True,True,1,2
0,64,FIXED-CANONICAL,True,True,1,2
0,64,TRUSTED-LOCAL,True,True,1,2
0,65,ORIGINAL-MEDIATOR,True,False,0,1
0,65,PER-SERVICE-ORAM,True,False,0,1
0,65,UNIFIED-OBLIVIOUS,True,False,0,1
0,65,FIXED-CANONICAL,True,False,0,1
0,65,TRUSTED-LOCAL,True,False,0,1
0,66,ORIGINAL-MEDIATOR,True,False,0,1
0,66,PER-SERVICE-ORAM,True,False,0,1
0,66,UNIFIED-OBLIVIOUS,True,False,0,1
0,66,FIXED-CANONICAL,True,False,0,1
0,66,TRUSTED-LOCAL,True,False,0,1
0,67,ORIGINAL-MEDIATOR,True,False,0,2
0,67,PER-SERVICE-ORAM,True,False,0,2
0,67,UNIFIED-OBLIVIOUS,True,False,0,2
0,67,FIXED-CANONICAL,True,False,0,2
0,67,TRUSTED-LOCAL,True,False,0,2
0,68,ORIGINAL-MEDIATOR,True,True,1,1
0,68,PER-SERVICE-ORAM,True,True,1,1
0,68,UNIFIED-OBLIVIOUS,True,True,1,1
0,68,FIXED-CANONICAL,True,True,1,1
0,68,TRUSTED-LOCAL,True,True,1,1
0,69,ORIGINAL-MEDIATOR,True,True,1,1
0,69,PER-SERVICE-ORAM,True,True,1,1
0,69,UNIFIED-OBLIVIOUS,True,True,1,1
0,69,FIXED-CANONICAL,True,True,1,1
0,69,TRUSTED-LOCAL,True,True,1,1
0,70,ORIGINAL-MEDIATOR,True,True,1,2
0,70,PER-SERVICE-ORAM,True,True,1,2
0,70,UNIFIED-OBLIVIOUS,True,True,1,2
0,70,FIXED-CANONICAL,True,True,1,2
0,70,TRUSTED-LOCAL,True,True,1,2
0,71,ORIGINAL-MEDIATOR,True,False,0,1
0,71,PER-SERVICE-ORAM,True,False,0,1
0,71,UNIFIED-OBLIVIOUS,True,False,0,1
0,71,FIXED-CANONICAL,True,False,0,1
0,71,TRUSTED-LOCAL,True,False,0,1
0,72,ORIGINAL-MEDIATOR,True,True,1,1
0,72,PER-SERVICE-ORAM,True,True,1,1
0,72,UNIFIED-OBLIVIOUS,True,True,1,1
0,72,FIXED-CANONICAL,True,True,1,1
0,72,TRUSTED-LOCAL,True,True,1,1
0,73,ORIGINAL-MEDIATOR,True,False,0,2
0,73,PER-SERVICE-ORAM,True,False,0,2
0,73,UNIFIED-OBLIVIOUS,True,False,0,2
0,73,FIXED-CANONICAL,True,False,0,2
0,73,TRUSTED-LOCAL,True,False,0,2
0,74,ORIGINAL-MEDIATOR,True,True,1,1
0,74,PER-SERVICE-ORAM,True,True,1,1
0,74,UNIFIED-OBLIVIOUS,True,True,1,1
0,74,FIXED-CANONICAL,True,True,1,1
0,74,TRUSTED-LOCAL,True,True,1,1
0,75,ORIGINAL-MEDIATOR,True,True,1,1
0,75,PER-SERVICE-ORAM,True,True,1,1
0,75,UNIFIED-OBLIVIOUS,True,True,1,1
0,75,FIXED-CANONICAL,True,True,1,1
0,75,TRUSTED-LOCAL,True,True,1,1
0,76,ORIGINAL-MEDIATOR,True,False,0,1
0,76,PER-SERVICE-ORAM,True,False,0,1
0,76,UNIFIED-OBLIVIOUS,True,False,0,1
0,76,FIXED-CANONICAL,True,False,0,1
0,76,TRUSTED-LOCAL,True,False,0,1
0,77,ORIGINAL-MEDIATOR,True,True,1,1
0,77,PER-SERVICE-ORAM,True,True,1,1
0,77,UNIFIED-OBLIVIOUS,True,True,1,1
0,77,FIXED-CANONICAL,True,True,1,1
0,77,TRUSTED-LOCAL,True,True,1,1
0,78,ORIGINAL-MEDIATOR,True,False,0,2
0,78,PER-SERVICE-ORAM,True,False,0,2
0,78,UNIFIED-OBLIVIOUS,True,False,0,2
0,78,FIXED-CANONICAL,True,False,0,2
0,78,TRUSTED-LOCAL,True,False,0,2
0,79,ORIGINAL-MEDIATOR,True,False,0,1
0,79,PER-SERVICE-ORAM,True,False,0,1
0,79,UNIFIED-OBLIVIOUS,True,False,0,1
0,79,FIXED-CANONICAL,True,False,0,1
0,79,TRUSTED-LOCAL,True,False,0,1
0,80,ORIGINAL-MEDIATOR,True,True,1,1
0,80,PER-SERVICE-ORAM,True,True,1,1
0,80,UNIFIED-OBLIVIOUS,True,True,1,1
0,80,FIXED-CANONICAL,True,True,1,1
0,80,TRUSTED-LOCAL,True,True,1,1
0,81,ORIGINAL-MEDIATOR,True,True,1,1
0,81,PER-SERVICE-ORAM,True,True,1,1
0,81,UNIFIED-OBLIVIOUS,True,True,1,1
0,81,FIXED-CANONICAL,True,True,1,1
0,81,TRUSTED-LOCAL,True,True,1,1
0,82,ORIGINAL-MEDIATOR,True,True,1,1
0,82,PER-SERVICE-ORAM,True,True,1,1
0,82,UNIFIED-OBLIVIOUS,True,True,1,1
0,82,FIXED-CANONICAL,True,True,1,1
0,82,TRUSTED-LOCAL,True,True,1,1
0,83,ORIGINAL-MEDIATOR,True,False,0,2
0,83,PER-SERVICE-ORAM,True,False,0,2
0,83,UNIFIED-OBLIVIOUS,True,False,0,2
0,83,FIXED-CANONICAL,True,False,0,2
0,83,TRUSTED-LOCAL,True,False,0,2
0,84,ORIGINAL-MEDIATOR,True,True,1,1
0,84,PER-SERVICE-ORAM,True,True,1,1
0,84,UNIFIED-OBLIVIOUS,True,True,1,1
0,84,FIXED-CANONICAL,True,True,1,1
0,84,TRUSTED-LOCAL,True,True,1,1
0,85,ORIGINAL-MEDIATOR,True,True,1,1
0,85,PER-SERVICE-ORAM,True,True,1,1
0,85,UNIFIED-OBLIVIOUS,True,True,1,1
0,85,FIXED-CANONICAL,True,True,1,1
0,85,TRUSTED-LOCAL,True,True,1,1
0,86,ORIGINAL-MEDIATOR,True,True,1,1
0,86,PER-SERVICE-ORAM,True,True,1,1
0,86,UNIFIED-OBLIVIOUS,True,True,1,1
0,86,FIXED-CANONICAL,True,True,1,1
0,86,TRUSTED-LOCAL,True,True,1,1
0,87,ORIGINAL-MEDIATOR,True,False,0,1
0,87,PER-SERVICE-ORAM,True,False,0,1
0,87,UNIFIED-OBLIVIOUS,True,False,0,1
0,87,FIXED-CANONICAL,True,False,0,1
0,87,TRUSTED-LOCAL,True,False,0,1
0,88,ORIGINAL-MEDIATOR,True,False,0,1
0,88,PER-SERVICE-ORAM,True,False,0,1
0,88,UNIFIED-OBLIVIOUS,True,False,0,1
0,88,FIXED-CANONICAL,True,False,0,1
0,88,TRUSTED-LOCAL,True,False,0,1
0,89,ORIGINAL-MEDIATOR,True,True,1,1
0,89,PER-SERVICE-ORAM,True,True,1,1
0,89,UNIFIED-OBLIVIOUS,True,True,1,1
0,89,FIXED-CANONICAL,True,True,1,1
0,89,TRUSTED-LOCAL,True,True,1,1
0,90,ORIGINAL-MEDIATOR,True,False,0,1
0,90,PER-SERVICE-ORAM,True,False,0,1
0,90,UNIFIED-OBLIVIOUS,True,False,0,1
0,90,FIXED-CANONICAL,True,False,0,1
0,90,TRUSTED-LOCAL,True,False,0,1
0,91,ORIGINAL-MEDIATOR,True,True,1,2
0,91,PER-SERVICE-ORAM,True,True,1,2
0,91,UNIFIED-OBLIVIOUS,True,True,1,2
0,91,FIXED-CANONICAL,True,True,1,2
0,91,TRUSTED-LOCAL,True,True,1,2
0,92,ORIGINAL-MEDIATOR,True,False,0,1
0,92,PER-SERVICE-ORAM,True,False,0,1
0,92,UNIFIED-OBLIVIOUS,True,False,0,1
0,92,FIXED-CANONICAL,True,False,0,1
0,92,TRUSTED-LOCAL,True,False,0,1
0,93,ORIGINAL-MEDIATOR,True,True,1,2
0,93,PER-SERVICE-ORAM,True,True,1,2
0,93,UNIFIED-OBLIVIOUS,True,True,1,2
0,93,FIXED-CANONICAL,True,True,1,2
0,93,TRUSTED-LOCAL,True,True,1,2
0,94,ORIGINAL-MEDIATOR,True,True,1,2
0,94,PER-SERVICE-ORAM,True,True,1,2
0,94,UNIFIED-OBLIVIOUS,True,True,1,2
0,94,FIXED-CANONICAL,True,True,1,2
0,94,TRUSTED-LOCAL,True,True,1,2
0,95,ORIGINAL-MEDIATOR,True,True,1,1
0,95,PER-SERVICE-ORAM,True,True,1,1
0,95,UNIFIED-OBLIVIOUS,True,True,1,1
0,95,FIXED-CANONICAL,True,True,1,1
0,95,TRUSTED-LOCAL,True,True,1,1
0,96,ORIGINAL-MEDIATOR,True,True,1,1
0,96,PER-SERVICE-ORAM,True,True,1,1
0,96,UNIFIED-OBLIVIOUS,True,True,1,1
0,96,FIXED-CANONICAL,True,True,1,1
0,96,TRUSTED-LOCAL,True,True,1,1
0,97,ORIGINAL-MEDIATOR,True,True,1,1
0,97,PER-SERVICE-ORAM,True,True,1,1
0,97,UNIFIED-OBLIVIOUS,True,True,1,1
0,97,FIXED-CANONICAL,True,True,1,1
0,97,TRUSTED-LOCAL,True,True,1,1
0,98,ORIGINAL-MEDIATOR,True,False,0,1
0,98,PER-SERVICE-ORAM,True,False,0,1
0,98,UNIFIED-OBLIVIOUS,True,False,0,1
0,98,FIXED-CANONICAL,True,False,0,1
0,98,TRUSTED-LOCAL,True,False,0,1
0,99,ORIGINAL-MEDIATOR,True,True,1,1
0,99,PER-SERVICE-ORAM,True,True,1,1
0,99,UNIFIED-OBLIVIOUS,True,True,1,1
0,99,FIXED-CANONICAL,True,True,1,1
0,99,TRUSTED-LOCAL,True,True,1,1
0,100,ORIGINAL-MEDIATOR,True,True,1,1
0,100,PER-SERVICE-ORAM,True,True,1,1
0,100,UNIFIED-OBLIVIOUS,True,True,1,1
0,100,FIXED-CANONICAL,True,True,1,1
0,100,TRUSTED-LOCAL,True,True,1,1
0,101,ORIGINAL-MEDIATOR,True,True,1,1
0,101,PER-SERVICE-ORAM,True,True,1,1
0,101,UNIFIED-OBLIVIOUS,True,True,1,1
0,101,FIXED-CANONICAL,True,True,1,1
0,101,TRUSTED-LOCAL,True,True,1,1
0,102,ORIGINAL-MEDIATOR,True,False,0,1
0,102,PER-SERVICE-ORAM,True,False,0,1
0,102,UNIFIED-OBLIVIOUS,True,False,0,1
0,102,FIXED-CANONICAL,True,False,0,1
0,102,TRUSTED-LOCAL,True,False,0,1
0,103,ORIGINAL-MEDIATOR,True,True,1,1
0,103,PER-SERVICE-ORAM,True,True,1,1
0,103,UNIFIED-OBLIVIOUS,True,True,1,1
0,103,FIXED-CANONICAL,True,True,1,1
0,103,TRUSTED-LOCAL,True,True,1,1
0,104,ORIGINAL-MEDIATOR,True,False,0,2
0,104,PER-SERVICE-ORAM,True,False,0,2
0,104,UNIFIED-OBLIVIOUS,True,False,0,2
0,104,FIXED-CANONICAL,True,False,0,2
0,104,TRUSTED-LOCAL,True,False,0,2
0,105,ORIGINAL-MEDIATOR,True,False,0,1
0,105,PER-SERVICE-ORAM,True,False,0,1
0,105,UNIFIED-OBLIVIOUS,True,False,0,1
0,105,FIXED-CANONICAL,True,False,0,1
0,105,TRUSTED-LOCAL,True,False,0,1
0,106,ORIGINAL-MEDIATOR,True,True,1,2
0,106,PER-SERVICE-ORAM,True,True,1,2
0,106,UNIFIED-OBLIVIOUS,True,True,1,2
0,106,FIXED-CANONICAL,True,True,1,2
0,106,TRUSTED-LOCAL,True,True,1,2
0,107,ORIGINAL-MEDIATOR,True,True,1,1
0,107,PER-SERVICE-ORAM,True,True,1,1
0,107,UNIFIED-OBLIVIOUS,True,True,1,1
0,107,FIXED-CANONICAL,True,True,1,1
0,107,TRUSTED-LOCAL,True,True,1,1
0,108,ORIGINAL-MEDIATOR,True,False,0,2
0,108,PER-SERVICE-ORAM,True,False,0,2
0,108,UNIFIED-OBLIVIOUS,True,False,0,2
0,108,FIXED-CANONICAL,True,False,0,2
0,108,TRUSTED-LOCAL,True,False,0,2
0,109,ORIGINAL-MEDIATOR,True,True,1,1
0,109,PER-SERVICE-ORAM,True,True,1,1
0,109,UNIFIED-OBLIVIOUS,True,True,1,1
0,109,FIXED-CANONICAL,True,True,1,1
0,109,TRUSTED-LOCAL,True,True,1,1
0,110,ORIGINAL-MEDIATOR,True,True,1,2
0,110,PER-SERVICE-ORAM,True,True,1,2
0,110,UNIFIED-OBLIVIOUS,True,True,1,2
0,110,FIXED-CANONICAL,True,True,1,2
0,110,TRUSTED-LOCAL,True,True,1,2
0,111,ORIGINAL-MEDIATOR,True,True,1,2
0,111,PER-SERVICE-ORAM,True,True,1,2
0,111,UNIFIED-OBLIVIOUS,True,True,1,2
0,111,FIXED-CANONICAL,True,True,1,2
0,111,TRUSTED-LOCAL,True,True,1,2
0,112,ORIGINAL-MEDIATOR,True,False,0,2
0,112,PER-SERVICE-ORAM,True,False,0,2
0,112,UNIFIED-OBLIVIOUS,True,False,0,2
0,112,FIXED-CANONICAL,True,False,0,2
0,112,TRUSTED-LOCAL,True,False,0,2
0,113,ORIGINAL-MEDIATOR,True,True,1,2
0,113,PER-SERVICE-ORAM,True,True,1,2
0,113,UNIFIED-OBLIVIOUS,True,True,1,2
0,113,FIXED-CANONICAL,True,True,1,2
0,113,TRUSTED-LOCAL,True,True,1,2
0,114,ORIGINAL-MEDIATOR,True,True,1,2
0,114,PER-SERVICE-ORAM,True,True,1,2
0,114,UNIFIED-OBLIVIOUS,True,True,1,2
0,114,FIXED-CANONICAL,True,True,1,2
0,114,TRUSTED-LOCAL,True,True,1,2
0,115,ORIGINAL-MEDIATOR,True,True,1,2
0,115,PER-SERVICE-ORAM,True,True,1,2
0,115,UNIFIED-OBLIVIOUS,True,True,1,2
0,115,FIXED-CANONICAL,True,True,1,2
0,115,TRUSTED-LOCAL,True,True,1,2
0,116,ORIGINAL-MEDIATOR,True,False,0,1
0,116,PER-SERVICE-ORAM,True,False,0,1
0,116,UNIFIED-OBLIVIOUS,True,False,0,1
0,116,FIXED-CANONICAL,True,False,0,1
0,116,TRUSTED-LOCAL,True,False,0,1
0,117,ORIGINAL-MEDIATOR,True,False,0,1
0,117,PER-SERVICE-ORAM,True,False,0,1
0,117,UNIFIED-OBLIVIOUS,True,False,0,1
0,117,FIXED-CANONICAL,True,False,0,1
0,117,TRUSTED-LOCAL,True,False,0,1
0,118,ORIGINAL-MEDIATOR,True,False,0,2
0,118,PER-SERVICE-ORAM,True,False,0,2
0,118,UNIFIED-OBLIVIOUS,True,False,0,2
0,118,FIXED-CANONICAL,True,False,0,2
0,118,TRUSTED-LOCAL,True,False,0,2
0,119,ORIGINAL-MEDIATOR,True,False,0,1
0,119,PER-SERVICE-ORAM,True,False,0,1
0,119,UNIFIED-OBLIVIOUS,True,False,0,1
0,119,FIXED-CANONICAL,True,False,0,1
0,119,TRUSTED-LOCAL,True,False,0,1
0,120,ORIGINAL-MEDIATOR,True,True,1,1
0,120,PER-SERVICE-ORAM,True,True,1,1
0,120,UNIFIED-OBLIVIOUS,True,True,1,1
0,120,FIXED-CANONICAL,True,True,1,1
0,120,TRUSTED-LOCAL,True,True,1,1
0,121,ORIGINAL-MEDIATOR,True,True,1,1
0,121,PER-SERVICE-ORAM,True,True,1,1
0,121,UNIFIED-OBLIVIOUS,True,True,1,1
0,121,FIXED-CANONICAL,True,True,1,1
0,121,TRUSTED-LOCAL,True,True,1,1
0,122,ORIGINAL-MEDIATOR,True,True,1,1
0,122,PER-SERVICE-ORAM,True,True,1,1
0,122,UNIFIED-OBLIVIOUS,True,True,1,1
0,122,FIXED-CANONICAL,True,True,1,1
0,122,TRUSTED-LOCAL,True,True,1,1
0,123,ORIGINAL-MEDIATOR,True,False,0,1
0,123,PER-SERVICE-ORAM,True,False,0,1
0,123,UNIFIED-OBLIVIOUS,True,False,0,1
0,123,FIXED-CANONICAL,True,False,0,1
0,123,TRUSTED-LOCAL,True,False,0,1
0,124,ORIGINAL-MEDIATOR,True,True,1,2
0,124,PER-SERVICE-ORAM,True,True,1,2
0,124,UNIFIED-OBLIVIOUS,True,True,1,2
0,124,FIXED-CANONICAL,True,True,1,2
0,124,TRUSTED-LOCAL,True,True,1,2
0,125,ORIGINAL-MEDIATOR,True,True,1,1
0,125,PER-SERVICE-ORAM,True,True,1,1
0,125,UNIFIED-OBLIVIOUS,True,True,1,1
0,125,FIXED-CANONICAL,True,True,1,1
0,125,TRUSTED-LOCAL,True,True,1,1
0,126,ORIGINAL-MEDIATOR,True,True,1,2
0,126,PER-SERVICE-ORAM,True,True,1,2
0,126,UNIFIED-OBLIVIOUS,True,True,1,2
0,126,FIXED-CANONICAL,True,True,1,2
0,126,TRUSTED-LOCAL,True,True,1,2
0,127,ORIGINAL-MEDIATOR,True,True,1,1
0,127,PER-SERVICE-ORAM,True,True,1,1
0,127,UNIFIED-OBLIVIOUS,True,True,1,1
0,127,FIXED-CANONICAL,True,True,1,1
0,127,TRUSTED-LOCAL,True,True,1,1
0,128,ORIGINAL-MEDIATOR,True,False,0,1
0,128,PER-SERVICE-ORAM,True,False,0,1
0,128,UNIFIED-OBLIVIOUS,True,False,0,1
0,128,FIXED-CANONICAL,True,False,0,1
0,128,TRUSTED-LOCAL,True,False,0,1
0,129,ORIGINAL-MEDIATOR,True,False,0,1
0,129,PER-SERVICE-ORAM,True,False,0,1
0,129,UNIFIED-OBLIVIOUS,True,False,0,1
0,129,FIXED-CANONICAL,True,False,0,1
0,129,TRUSTED-LOCAL,True,False,0,1
0,130,ORIGINAL-MEDIATOR,True,True,1,2
0,130,PER-SERVICE-ORAM,True,True,1,2
0,130,UNIFIED-OBLIVIOUS,True,True,1,2
0,130,FIXED-CANONICAL,True,True,1,2
0,130,TRUSTED-LOCAL,True,True,1,2
0,131,ORIGINAL-MEDIATOR,True,True,1,1
0,131,PER-SERVICE-ORAM,True,True,1,1
0,131,UNIFIED-OBLIVIOUS,True,True,1,1
0,131,FIXED-CANONICAL,True,True,1,1
0,131,TRUSTED-LOCAL,True,True,1,1
0,132,ORIGINAL-MEDIATOR,True,False,0,1
0,132,PER-SERVICE-ORAM,True,False,0,1
0,132,UNIFIED-OBLIVIOUS,True,False,0,1
0,132,FIXED-CANONICAL,True,False,0,1
0,132,TRUSTED-LOCAL,True,False,0,1
0,133,ORIGINAL-MEDIATOR,True,False,0,2
0,133,PER-SERVICE-ORAM,True,False,0,2
0,133,UNIFIED-OBLIVIOUS,True,False,0,2
0,133,FIXED-CANONICAL,True,False,0,2
0,133,TRUSTED-LOCAL,True,False,0,2
0,134,ORIGINAL-MEDIATOR,True,True,1,1
0,134,PER-SERVICE-ORAM,True,True,1,1
0,134,UNIFIED-OBLIVIOUS,True,True,1,1
0,134,FIXED-CANONICAL,True,True,1,1
0,134,TRUSTED-LOCAL,True,True,1,1
0,135,ORIGINAL-MEDIATOR,True,False,0,1
0,135,PER-SERVICE-ORAM,True,False,0,1
0,135,UNIFIED-OBLIVIOUS,True,False,0,1
0,135,FIXED-CANONICAL,True,False,0,1
0,135,TRUSTED-LOCAL,True,False,0,1
0,136,ORIGINAL-MEDIATOR,True,False,0,2
0,136,PER-SERVICE-ORAM,True,False,0,2
0,136,UNIFIED-OBLIVIOUS,True,False,0,2
0,136,FIXED-CANONICAL,True,False,0,2
0,136,TRUSTED-LOCAL,True,False,0,2
0,137,ORIGINAL-MEDIATOR,True,True,1,1
0,137,PER-SERVICE-ORAM,True,True,1,1
0,137,UNIFIED-OBLIVIOUS,True,True,1,1
0,137,FIXED-CANONICAL,True,True,1,1
0,137,TRUSTED-LOCAL,True,True,1,1
0,138,ORIGINAL-MEDIATOR,True,True,1,1
0,138,PER-SERVICE-ORAM,True,True,1,1
0,138,UNIFIED-OBLIVIOUS,True,True,1,1
0,138,FIXED-CANONICAL,True,True,1,1
0,138,TRUSTED-LOCAL,True,True,1,1
0,139,ORIGINAL-MEDIATOR,True,False,0,1
0,139,PER-SERVICE-ORAM,True,False,0,1
0,139,UNIFIED-OBLIVIOUS,True,False,0,1
0,139,FIXED-CANONICAL,True,False,0,1
0,139,TRUSTED-LOCAL,True,False,0,1
0,140,ORIGINAL-MEDIATOR,True,True,1,2
0,140,PER-SERVICE-ORAM,True,True,1,2
0,140,UNIFIED-OBLIVIOUS,True,True,1,2
0,140,FIXED-CANONICAL,True,True,1,2
0,140,TRUSTED-LOCAL,True,True,1,2
0,141,ORIGINAL-MEDIATOR,True,False,0,1
0,141,PER-SERVICE-ORAM,True,False,0,1
0,141,UNIFIED-OBLIVIOUS,True,False,0,1
0,141,FIXED-CANONICAL,True,False,0,1
0,141,TRUSTED-LOCAL,True,False,0,1
0,142,ORIGINAL-MEDIATOR,True,True,1,1
0,142,PER-SERVICE-ORAM,True,True,1,1
0,142,UNIFIED-OBLIVIOUS,True,True,1,1
0,142,FIXED-CANONICAL,True,True,1,1
0,142,TRUSTED-LOCAL,True,True,1,1
0,143,ORIGINAL-MEDIATOR,True,False,0,1
0,143,PER-SERVICE-ORAM,True,False,0,1
0,143,UNIFIED-OBLIVIOUS,True,False,0,1
0,143,FIXED-CANONICAL,True,False,0,1
0,143,TRUSTED-LOCAL,True,False,0,1
0,144,ORIGINAL-MEDIATOR,True,True,1,2
0,144,PER-SERVICE-ORAM,True,True,1,2
0,144,UNIFIED-OBLIVIOUS,True,True,1,2
0,144,FIXED-CANONICAL,True,True,1,2
0,144,TRUSTED-LOCAL,True,True,1,2
0,145,ORIGINAL-MEDIATOR,True,True,1,1
0,145,PER-SERVICE-ORAM,True,True,1,1
0,145,UNIFIED-OBLIVIOUS,True,True,1,1
0,145,FIXED-CANONICAL,True,True,1,1
0,145,TRUSTED-LOCAL,True,True,1,1
0,146,ORIGINAL-MEDIATOR,True,True,1,1
0,146,PER-SERVICE-ORAM,True,True,1,1
0,146,UNIFIED-OBLIVIOUS,True,True,1,1
0,146,FIXED-CANONICAL,True,True,1,1
0,146,TRUSTED-LOCAL,True,True,1,1
0,147,ORIGINAL-MEDIATOR,True,False,0,2
0,147,PER-SERVICE-ORAM,True,False,0,2
0,147,UNIFIED-OBLIVIOUS,True,False,0,2
0,147,FIXED-CANONICAL,True,False,0,2
0,147,TRUSTED-LOCAL,True,False,0,2
0,148,ORIGINAL-MEDIATOR,True,False,0,1
0,148,PER-SERVICE-ORAM,True,False,0,1
0,148,UNIFIED-OBLIVIOUS,True,False,0,1
0,148,FIXED-CANONICAL,True,False,0,1
0,148,TRUSTED-LOCAL,True,False,0,1
0,149,ORIGINAL-MEDIATOR,True,False,0,2
0,149,PER-SERVICE-ORAM,True,False,0,2
0,149,UNIFIED-OBLIVIOUS,True,False,0,2
0,149,FIXED-CANONICAL,True,False,0,2
0,149,TRUSTED-LOCAL,True,False,0,2
0,150,ORIGINAL-MEDIATOR,True,False,0,1
0,150,PER-SERVICE-ORAM,True,False,0,1
0,150,UNIFIED-OBLIVIOUS,True,False,0,1
0,150,FIXED-CANONICAL,True,False,0,1
0,150,TRUSTED-LOCAL,True,False,0,1
0,151,ORIGINAL-MEDIATOR,True,False,0,1
0,151,PER-SERVICE-ORAM,True,False,0,1
0,151,UNIFIED-OBLIVIOUS,True,False,0,1
0,151,FIXED-CANONICAL,True,False,0,1
0,151,TRUSTED-LOCAL,True,False,0,1
0,152,ORIGINAL-MEDIATOR,True,True,1,2
0,152,PER-SERVICE-ORAM,True,True,1,2
0,152,UNIFIED-OBLIVIOUS,True,True,1,2
0,152,FIXED-CANONICAL,True,True,1,2
0,152,TRUSTED-LOCAL,True,True,1,2
0,153,ORIGINAL-MEDIATOR,True,True,1,1
0,153,PER-SERVICE-ORAM,True,True,1,1
0,153,UNIFIED-OBLIVIOUS,True,True,1,1
0,153,FIXED-CANONICAL,True,True,1,1
0,153,TRUSTED-LOCAL,True,True,1,1
0,154,ORIGINAL-MEDIATOR,True,True,1,1
0,154,PER-SERVICE-ORAM,True,True,1,1
0,154,UNIFIED-OBLIVIOUS,True,True,1,1
0,154,FIXED-CANONICAL,True,True,1,1
0,154,TRUSTED-LOCAL,True,True,1,1
0,155,ORIGINAL-MEDIATOR,True,False,0,2
0,155,PER-SERVICE-ORAM,True,False,0,2
0,155,UNIFIED-OBLIVIOUS,True,False,0,2
0,155,FIXED-CANONICAL,True,False,0,2
0,155,TRUSTED-LOCAL,True,False,0,2
0,156,ORIGINAL-MEDIATOR,True,True,1,2
0,156,PER-SERVICE-ORAM,True,True,1,2
0,156,UNIFIED-OBLIVIOUS,True,True,1,2
0,156,FIXED-CANONICAL,True,True,1,2
0,156,TRUSTED-LOCAL,True,True,1,2
0,157,ORIGINAL-MEDIATOR,True,True,1,2
0,157,PER-SERVICE-ORAM,True,True,1,2
0,157,UNIFIED-OBLIVIOUS,True,True,1,2
0,157,FIXED-CANONICAL,True,True,1,2
0,157,TRUSTED-LOCAL,True,True,1,2
0,158,ORIGINAL-MEDIATOR,True,True,1,2
0,158,PER-SERVICE-ORAM,True,True,1,2
0,158,UNIFIED-OBLIVIOUS,True,True,1,2
0,158,FIXED-CANONICAL,True,True,1,2
0,158,TRUSTED-LOCAL,True,True,1,2
0,159,ORIGINAL-MEDIATOR,True,True,1,1
0,159,PER-SERVICE-ORAM,True,True,1,1
0,159,UNIFIED-OBLIVIOUS,True,True,1,1
0,159,FIXED-CANONICAL,True,True,1,1
0,159,TRUSTED-LOCAL,True,True,1,1
0,160,ORIGINAL-MEDIATOR,True,True,1,2
0,160,PER-SERVICE-ORAM,True,True,1,2
0,160,UNIFIED-OBLIVIOUS,True,True,1,2
0,160,FIXED-CANONICAL,True,True,1,2
0,160,TRUSTED-LOCAL,True,True,1,2
0,161,ORIGINAL-MEDIATOR,True,True,1,1
0,161,PER-SERVICE-ORAM,True,True,1,1
0,161,UNIFIED-OBLIVIOUS,True,True,1,1
0,161,FIXED-CANONICAL,True,True,1,1
0,161,TRUSTED-LOCAL,True,True,1,1
0,162,ORIGINAL-MEDIATOR,True,False,0,1
0,162,PER-SERVICE-ORAM,True,False,0,1
0,162,UNIFIED-OBLIVIOUS,True,False,0,1
0,162,FIXED-CANONICAL,True,False,0,1
0,162,TRUSTED-LOCAL,True,False,0,1
0,163,ORIGINAL-MEDIATOR,True,True,1,1
0,163,PER-SERVICE-ORAM,True,True,1,1
0,163,UNIFIED-OBLIVIOUS,True,True,1,1
0,163,FIXED-CANONICAL,True,True,1,1
0,163,TRUSTED-LOCAL,True,True,1,1
0,164,ORIGINAL-MEDIATOR,True,True,1,2
0,164,PER-SERVICE-ORAM,True,True,1,2
0,164,UNIFIED-OBLIVIOUS,True,True,1,2
0,164,FIXED-CANONICAL,True,True,1,2
0,164,TRUSTED-LOCAL,True,True,1,2
0,165,ORIGINAL-MEDIATOR,True,True,1,1
0,165,PER-SERVICE-ORAM,True,True,1,1
0,165,UNIFIED-OBLIVIOUS,True,True,1,1
0,165,FIXED-CANONICAL,True,True,1,1
0,165,TRUSTED-LOCAL,True,True,1,1
0,166,ORIGINAL-MEDIATOR,True,False,0,2
0,166,PER-SERVICE-ORAM,True,False,0,2
0,166,UNIFIED-OBLIVIOUS,True,False,0,2
0,166,FIXED-CANONICAL,True,False,0,2
0,166,TRUSTED-LOCAL,True,False,0,2
0,167,ORIGINAL-MEDIATOR,True,True,1,1
0,167,PER-SERVICE-ORAM,True,True,1,1
0,167,UNIFIED-OBLIVIOUS,True,True,1,1
0,167,FIXED-CANONICAL,True,True,1,1
0,167,TRUSTED-LOCAL,True,True,1,1
0,168,ORIGINAL-MEDIATOR,True,True,1,1
0,168,PER-SERVICE-ORAM,True,True,1,1
0,168,UNIFIED-OBLIVIOUS,True,True,1,1
0,168,FIXED-CANONICAL,True,True,1,1
0,168,TRUSTED-LOCAL,True,True,1,1
0,169,ORIGINAL-MEDIATOR,True,False,0,1
0,169,PER-SERVICE-ORAM,True,False,0,1
0,169,UNIFIED-OBLIVIOUS,True,False,0,1
0,169,FIXED-CANONICAL,True,False,0,1
0,169,TRUSTED-LOCAL,True,False,0,1
0,170,ORIGINAL-MEDIATOR,True,False,0,1
0,170,PER-SERVICE-ORAM,True,False,0,1
0,170,UNIFIED-OBLIVIOUS,True,False,0,1
0,170,FIXED-CANONICAL,True,False,0,1
0,170,TRUSTED-LOCAL,True,False,0,1
0,171,ORIGINAL-MEDIATOR,True,True,1,2
0,171,PER-SERVICE-ORAM,True,True,1,2
0,171,UNIFIED-OBLIVIOUS,True,True,1,2
0,171,FIXED-CANONICAL,True,True,1,2
0,171,TRUSTED-LOCAL,True,True,1,2
0,172,ORIGINAL-MEDIATOR,True,True,1,1
0,172,PER-SERVICE-ORAM,True,True,1,1
0,172,UNIFIED-OBLIVIOUS,True,True,1,1
0,172,FIXED-CANONICAL,True,True,1,1
0,172,TRUSTED-LOCAL,True,True,1,1
0,173,ORIGINAL-MEDIATOR,True,True,1,1
0,173,PER-SERVICE-ORAM,True,True,1,1
0,173,UNIFIED-OBLIVIOUS,True,True,1,1
0,173,FIXED-CANONICAL,True,True,1,1
0,173,TRUSTED-LOCAL,True,True,1,1
0,174,ORIGINAL-MEDIATOR,True,False,0,1
0,174,PER-SERVICE-ORAM,True,False,0,1
0,174,UNIFIED-OBLIVIOUS,True,False,0,1
0,174,FIXED-CANONICAL,True,False,0,1
0,174,TRUSTED-LOCAL,True,False,0,1
0,175,ORIGINAL-MEDIATOR,True,False,0,1
0,175,PER-SERVICE-ORAM,True,False,0,1
0,175,UNIFIED-OBLIVIOUS,True,False,0,1
0,175,FIXED-CANONICAL,True,False,0,1
0,175,TRUSTED-LOCAL,True,False,0,1
0,176,ORIGINAL-MEDIATOR,True,True,1,1
0,176,PER-SERVICE-ORAM,True,True,1,1
0,176,UNIFIED-OBLIVIOUS,True,True,1,1
0,176,FIXED-CANONICAL,True,True,1,1
0,176,TRUSTED-LOCAL,True,True,1,1
0,177,ORIGINAL-MEDIATOR,True,False,0,1
0,177,PER-SERVICE-ORAM,True,False,0,1
0,177,UNIFIED-OBLIVIOUS,True,False,0,1
0,177,FIXED-CANONICAL,True,False,0,1
0,177,TRUSTED-LOCAL,True,False,0,1
0,178,ORIGINAL-MEDIATOR,True,True,1,2
0,178,PER-SERVICE-ORAM,True,True,1,2
0,178,UNIFIED-OBLIVIOUS,True,True,1,2
0,178,FIXED-CANONICAL,True,True,1,2
0,178,TRUSTED-LOCAL,True,True,1,2
0,179,ORIGINAL-MEDIATOR,True,True,1,1
0,179,PER-SERVICE-ORAM,True,True,1,1
0,179,UNIFIED-OBLIVIOUS,True,True,1,1
0,179,FIXED-CANONICAL,True,True,1,1
0,179,TRUSTED-LOCAL,True,True,1,1
0,180,ORIGINAL-MEDIATOR,True,True,1,2
0,180,PER-SERVICE-ORAM,True,True,1,2
0,180,UNIFIED-OBLIVIOUS,True,True,1,2
0,180,FIXED-CANONICAL,True,True,1,2
0,180,TRUSTED-LOCAL,True,True,1,2
0,181,ORIGINAL-MEDIATOR,True,False,0,1
0,181,PER-SERVICE-ORAM,True,False,0,1
0,181,UNIFIED-OBLIVIOUS,True,False,0,1
0,181,FIXED-CANONICAL,True,False,0,1
0,181,TRUSTED-LOCAL,True,False,0,1
0,182,ORIGINAL-MEDIATOR,True,True,1,1
0,182,PER-SERVICE-ORAM,True,True,1,1
0,182,UNIFIED-OBLIVIOUS,True,True,1,1
0,182,FIXED-CANONICAL,True,True,1,1
0,182,TRUSTED-LOCAL,True,True,1,1
0,183,ORIGINAL-MEDIATOR,True,True,1,1
0,183,PER-SERVICE-ORAM,True,True,1,1
0,183,UNIFIED-OBLIVIOUS,True,True,1,1
0,183,FIXED-CANONICAL,True,True,1,1
0,183,TRUSTED-LOCAL,True,True,1,1
0,184,ORIGINAL-MEDIATOR,True,True,1,2
0,184,PER-SERVICE-ORAM,True,True,1,2
0,184,UNIFIED-OBLIVIOUS,True,True,1,2
0,184,FIXED-CANONICAL,True,True,1,2
0,184,TRUSTED-LOCAL,True,True,1,2
0,185,ORIGINAL-MEDIATOR,True,False,0,1
0,185,PER-SERVICE-ORAM,True,False,0,1
0,185,UNIFIED-OBLIVIOUS,True,False,0,1
0,185,FIXED-CANONICAL,True,False,0,1
0,185,TRUSTED-LOCAL,True,False,0,1
0,186,ORIGINAL-MEDIATOR,True,True,1,2
0,186,PER-SERVICE-ORAM,True,True,1,2
0,186,UNIFIED-OBLIVIOUS,True,True,1,2
0,186,FIXED-CANONICAL,True,True,1,2
0,186,TRUSTED-LOCAL,True,True,1,2
0,187,ORIGINAL-MEDIATOR,True,True,1,2
0,187,PER-SERVICE-ORAM,True,True,1,2
0,187,UNIFIED-OBLIVIOUS,True,True,1,2
0,187,FIXED-CANONICAL,True,True,1,2
0,187,TRUSTED-LOCAL,True,True,1,2
0,188,ORIGINAL-MEDIATOR,True,True,1,1
0,188,PER-SERVICE-ORAM,True,True,1,1
0,188,UNIFIED-OBLIVIOUS,True,True,1,1
0,188,FIXED-CANONICAL,True,True,1,1
0,188,TRUSTED-LOCAL,True,True,1,1
0,189,ORIGINAL-MEDIATOR,True,True,1,1
0,189,PER-SERVICE-ORAM,True,True,1,1
0,189,UNIFIED-OBLIVIOUS,True,True,1,1
0,189,FIXED-CANONICAL,True,True,1,1
0,189,TRUSTED-LOCAL,True,True,1,1
0,190,ORIGINAL-MEDIATOR,True,True,1,1
0,190,PER-SERVICE-ORAM,True,True,1,1
0,190,UNIFIED-OBLIVIOUS,True,True,1,1
0,190,FIXED-CANONICAL,True,True,1,1
0,190,TRUSTED-LOCAL,True,True,1,1
0,191,ORIGINAL-MEDIATOR,True,True,1,2
0,191,PER-SERVICE-ORAM,True,True,1,2
0,191,UNIFIED-OBLIVIOUS,True,True,1,2
0,191,FIXED-CANONICAL,True,True,1,2
0,191,TRUSTED-LOCAL,True,True,1,2
0,192,ORIGINAL-MEDIATOR,True,True,1,1
0,192,PER-SERVICE-ORAM,True,True,1,1
0,192,UNIFIED-OBLIVIOUS,True,True,1,1
0,192,FIXED-CANONICAL,True,True,1,1
0,192,TRUSTED-LOCAL,True,True,1,1
0,193,ORIGINAL-MEDIATOR,True,True,1,2
0,193,PER-SERVICE-ORAM,True,True,1,2
0,193,UNIFIED-OBLIVIOUS,True,True,1,2
0,193,FIXED-CANONICAL,True,True,1,2
0,193,TRUSTED-LOCAL,True,True,1,2
0,194,ORIGINAL-MEDIATOR,True,True,1,1
0,194,PER-SERVICE-ORAM,True,True,1,1
0,194,UNIFIED-OBLIVIOUS,True,True,1,1
0,194,FIXED-CANONICAL,True,True,1,1
0,194,TRUSTED-LOCAL,True,True,1,1
0,195,ORIGINAL-MEDIATOR,True,True,1,1
0,195,PER-SERVICE-ORAM,True,True,1,1
0,195,UNIFIED-OBLIVIOUS,True,True,1,1
0,195,FIXED-CANONICAL,True,True,1,1
0,195,TRUSTED-LOCAL,True,True,1,1
0,196,ORIGINAL-MEDIATOR,True,False,0,2
0,196,PER-SERVICE-ORAM,True,False,0,2
0,196,UNIFIED-OBLIVIOUS,True,False,0,2
0,196,FIXED-CANONICAL,True,False,0,2
0,196,TRUSTED-LOCAL,True,False,0,2
0,197,ORIGINAL-MEDIATOR,True,False,0,1
0,197,PER-SERVICE-ORAM,True,False,0,1
0,197,UNIFIED-OBLIVIOUS,True,False,0,1
0,197,FIXED-CANONICAL,True,False,0,1
0,197,TRUSTED-LOCAL,True,False,0,1
0,198,ORIGINAL-MEDIATOR,True,False,0,2
0,198,PER-SERVICE-ORAM,True,False,0,2
0,198,UNIFIED-OBLIVIOUS,True,False,0,2
0,198,FIXED-CANONICAL,True,False,0,2
0,198,TRUSTED-LOCAL,True,False,0,2
0,199,ORIGINAL-MEDIATOR,True,False,0,1
0,199,PER-SERVICE-ORAM,True,False,0,1
0,199,UNIFIED-OBLIVIOUS,True,False,0,1
0,199,FIXED-CANONICAL,True,False,0,1
0,199,TRUSTED-LOCAL,True,False,0,1
0,200,ORIGINAL-MEDIATOR,True,True,1,2
0,200,PER-SERVICE-ORAM,True,True,1,2
0,200,UNIFIED-OBLIVIOUS,True,True,1,2
0,200,FIXED-CANONICAL,True,True,1,2
0,200,TRUSTED-LOCAL,True,True,1,2
0,201,ORIGINAL-MEDIATOR,True,True,1,1
0,201,PER-SERVICE-ORAM,True,True,1,1
0,201,UNIFIED-OBLIVIOUS,True,True,1,1
0,201,FIXED-CANONICAL,True,True,1,1
0,201,TRUSTED-LOCAL,True,True,1,1
0,202,ORIGINAL-MEDIATOR,True,False,0,1
0,202,PER-SERVICE-ORAM,True,False,0,1
0,202,UNIFIED-OBLIVIOUS,True,False,0,1
0,202,FIXED-CANONICAL,True,False,0,1
0,202,TRUSTED-LOCAL,True,False,0,1
0,203,ORIGINAL-MEDIATOR,True,True,1,2
0,203,PER-SERVICE-ORAM,True,True,1,2
0,203,UNIFIED-OBLIVIOUS,True,True,1,2
0,203,FIXED-CANONICAL,True,True,1,2
0,203,TRUSTED-LOCAL,True,True,1,2
0,204,ORIGINAL-MEDIATOR,True,False,0,1
0,204,PER-SERVICE-ORAM,True,False,0,1
0,204,UNIFIED-OBLIVIOUS,True,False,0,1
0,204,FIXED-CANONICAL,True,False,0,1
0,204,TRUSTED-LOCAL,True,False,0,1
0,205,ORIGINAL-MEDIATOR,True,True,1,1
0,205,PER-SERVICE-ORAM,True,True,1,1
0,205,UNIFIED-OBLIVIOUS,True,True,1,1
0,205,FIXED-CANONICAL,True,True,1,1
0,205,TRUSTED-LOCAL,True,True,1,1
0,206,ORIGINAL-MEDIATOR,True,True,1,2
0,206,PER-SERVICE-ORAM,True,True,1,2
0,206,UNIFIED-OBLIVIOUS,True,True,1,2
0,206,FIXED-CANONICAL,True,True,1,2
0,206,TRUSTED-LOCAL,True,True,1,2
0,207,ORIGINAL-MEDIATOR,True,False,0,1
0,207,PER-SERVICE-ORAM,True,False,0,1
0,207,UNIFIED-OBLIVIOUS,True,False,0,1
0,207,FIXED-CANONICAL,True,False,0,1
0,207,TRUSTED-LOCAL,True,False,0,1
0,208,ORIGINAL-MEDIATOR,True,False,0,1
0,208,PER-SERVICE-ORAM,True,False,0,1
0,208,UNIFIED-OBLIVIOUS,True,False,0,1
0,208,FIXED-CANONICAL,True,False,0,1
0,208,TRUSTED-LOCAL,True,False,0,1
0,209,ORIGINAL-MEDIATOR,True,True,1,1
0,209,PER-SERVICE-ORAM,True,True,1,1
0,209,UNIFIED-OBLIVIOUS,True,True,1,1
0,209,FIXED-CANONICAL,True,True,1,1
0,209,TRUSTED-LOCAL,True,True,1,1
0,210,ORIGINAL-MEDIATOR,True,True,1,1
0,210,PER-SERVICE-ORAM,True,True,1,1
0,210,UNIFIED-OBLIVIOUS,True,True,1,1
0,210,FIXED-CANONICAL,True,True,1,1
0,210,TRUSTED-LOCAL,True,True,1,1
0,211,ORIGINAL-MEDIATOR,True,False,0,1
0,211,PER-SERVICE-ORAM,True,False,0,1
0,211,UNIFIED-OBLIVIOUS,True,False,0,1
0,211,FIXED-CANONICAL,True,False,0,1
0,211,TRUSTED-LOCAL,True,False,0,1
0,212,ORIGINAL-MEDIATOR,True,True,1,1
0,212,PER-SERVICE-ORAM,True,True,1,1
0,212,UNIFIED-OBLIVIOUS,True,True,1,1
0,212,FIXED-CANONICAL,True,True,1,1
0,212,TRUSTED-LOCAL,True,True,1,1
0,213,ORIGINAL-MEDIATOR,True,True,1,1
0,213,PER-SERVICE-ORAM,True,True,1,1
0,213,UNIFIED-OBLIVIOUS,True,True,1,1
0,213,FIXED-CANONICAL,True,True,1,1
0,213,TRUSTED-LOCAL,True,True,1,1
0,214,ORIGINAL-MEDIATOR,True,True,1,1
0,214,PER-SERVICE-ORAM,True,True,1,1
0,214,UNIFIED-OBLIVIOUS,True,True,1,1
0,214,FIXED-CANONICAL,True,True,1,1
0,214,TRUSTED-LOCAL,True,True,1,1
0,215,ORIGINAL-MEDIATOR,True,True,1,1
0,215,PER-SERVICE-ORAM,True,True,1,1
0,215,UNIFIED-OBLIVIOUS,True,True,1,1
0,215,FIXED-CANONICAL,True,True,1,1
0,215,TRUSTED-LOCAL,True,True,1,1
0,216,ORIGINAL-MEDIATOR,True,True,1,2
0,216,PER-SERVICE-ORAM,True,True,1,2
0,216,UNIFIED-OBLIVIOUS,True,True,1,2
0,216,FIXED-CANONICAL,True,True,1,2
0,216,TRUSTED-LOCAL,True,True,1,2
0,217,ORIGINAL-MEDIATOR,True,True,1,2
0,217,PER-SERVICE-ORAM,True,True,1,2
0,217,UNIFIED-OBLIVIOUS,True,True,1,2
0,217,FIXED-CANONICAL,True,True,1,2
0,217,TRUSTED-LOCAL,True,True,1,2
0,218,ORIGINAL-MEDIATOR,True,False,0,1
0,218,PER-SERVICE-ORAM,True,False,0,1
0,218,UNIFIED-OBLIVIOUS,True,False,0,1
0,218,FIXED-CANONICAL,True,False,0,1
0,218,TRUSTED-LOCAL,True,False,0,1
0,219,ORIGINAL-MEDIATOR,True,False,0,2
0,219,PER-SERVICE-ORAM,True,False,0,2
0,219,UNIFIED-OBLIVIOUS,True,False,0,2
0,219,FIXED-CANONICAL,True,False,0,2
0,219,TRUSTED-LOCAL,True,False,0,2
0,220,ORIGINAL-MEDIATOR,True,False,0,1
0,220,PER-SERVICE-ORAM,True,False,0,1
0,220,UNIFIED-OBLIVIOUS,True,False,0,1
0,220,FIXED-CANONICAL,True,False,0,1
0,220,TRUSTED-LOCAL,True,False,0,1
0,221,ORIGINAL-MEDIATOR,True,True,1,1
0,221,PER-SERVICE-ORAM,True,True,1,1
0,221,UNIFIED-OBLIVIOUS,True,True,1,1
0,221,FIXED-CANONICAL,True,True,1,1
0,221,TRUSTED-LOCAL,True,True,1,1
0,222,ORIGINAL-MEDIATOR,True,False,0,1
0,222,PER-SERVICE-ORAM,True,False,0,1
0,222,UNIFIED-OBLIVIOUS,True,False,0,1
0,222,FIXED-CANONICAL,True,False,0,1
0,222,TRUSTED-LOCAL,True,False,0,1
0,223,ORIGINAL-MEDIATOR,True,True,1,1
0,223,PER-SERVICE-ORAM,True,True,1,1
0,223,UNIFIED-OBLIVIOUS,True,True,1,1
0,223,FIXED-CANONICAL,True,True,1,1
0,223,TRUSTED-LOCAL,True,True,1,1
0,224,ORIGINAL-MEDIATOR,True,False,0,1
0,224,PER-SERVICE-ORAM,True,False,0,1
0,224,UNIFIED-OBLIVIOUS,True,False,0,1
0,224,FIXED-CANONICAL,True,False,0,1
0,224,TRUSTED-LOCAL,True,False,0,1
0,225,ORIGINAL-MEDIATOR,True,True,1,2
0,225,PER-SERVICE-ORAM,True,True,1,2
0,225,UNIFIED-OBLIVIOUS,True,True,1,2
0,225,FIXED-CANONICAL,True,True,1,2
0,225,TRUSTED-LOCAL,True,True,1,2
0,226,ORIGINAL-MEDIATOR,True,True,1,1
0,226,PER-SERVICE-ORAM,True,True,1,1
0,226,UNIFIED-OBLIVIOUS,True,True,1,1
0,226,FIXED-CANONICAL,True,True,1,1
0,226,TRUSTED-LOCAL,True,True,1,1
0,227,ORIGINAL-MEDIATOR,True,True,1,1
0,227,PER-SERVICE-ORAM,True,True,1,1
0,227,UNIFIED-OBLIVIOUS,True,True,1,1
0,227,FIXED-CANONICAL,True,True,1,1
0,227,TRUSTED-LOCAL,True,True,1,1
0,228,ORIGINAL-MEDIATOR,True,False,0,1
0,228,PER-SERVICE-ORAM,True,False,0,1
0,228,UNIFIED-OBLIVIOUS,True,False,0,1
0,228,FIXED-CANONICAL,True,False,0,1
0,228,TRUSTED-LOCAL,True,False,0,1
0,229,ORIGINAL-MEDIATOR,True,True,1,2
0,229,PER-SERVICE-ORAM,True,True,1,2
0,229,UNIFIED-OBLIVIOUS,True,True,1,2
0,229,FIXED-CANONICAL,True,True,1,2
0,229,TRUSTED-LOCAL,True,True,1,2
0,230,ORIGINAL-MEDIATOR,True,False,0,2
0,230,PER-SERVICE-ORAM,True,False,0,2
0,230,UNIFIED-OBLIVIOUS,True,False,0,2
0,230,FIXED-CANONICAL,True,False,0,2
0,230,TRUSTED-LOCAL,True,False,0,2
0,231,ORIGINAL-MEDIATOR,True,False,0,1
0,231,PER-SERVICE-ORAM,True,False,0,1
0,231,UNIFIED-OBLIVIOUS,True,False,0,1
0,231,FIXED-CANONICAL,True,False,0,1
0,231,TRUSTED-LOCAL,True,False,0,1
0,232,ORIGINAL-MEDIATOR,True,True,1,2
0,232,PER-SERVICE-ORAM,True,True,1,2
0,232,UNIFIED-OBLIVIOUS,True,True,1,2
0,232,FIXED-CANONICAL,True,True,1,2
0,232,TRUSTED-LOCAL,True,True,1,2
0,233,ORIGINAL-MEDIATOR,True,True,1,1
0,233,PER-SERVICE-ORAM,True,True,1,1
0,233,UNIFIED-OBLIVIOUS,True,True,1,1
0,233,FIXED-CANONICAL,True,True,1,1
0,233,TRUSTED-LOCAL,True,True,1,1
0,234,ORIGINAL-MEDIATOR,True,False,0,1
0,234,PER-SERVICE-ORAM,True,False,0,1
0,234,UNIFIED-OBLIVIOUS,True,False,0,1
0,234,FIXED-CANONICAL,True,False,0,1
0,234,TRUSTED-LOCAL,True,False,0,1
0,235,ORIGINAL-MEDIATOR,True,False,0,1
0,235,PER-SERVICE-ORAM,True,False,0,1
0,235,UNIFIED-OBLIVIOUS,True,False,0,1
0,235,FIXED-CANONICAL,True,False,0,1
0,235,TRUSTED-LOCAL,True,False,0,1
0,236,ORIGINAL-MEDIATOR,True,False,0,2
0,236,PER-SERVICE-ORAM,True,False,0,2
0,236,UNIFIED-OBLIVIOUS,True,False,0,2
0,236,FIXED-CANONICAL,True,False,0,2
0,236,TRUSTED-LOCAL,True,False,0,2
0,237,ORIGINAL-MEDIATOR,True,False,0,1
0,237,PER-SERVICE-ORAM,True,False,0,1
0,237,UNIFIED-OBLIVIOUS,True,False,0,1
0,237,FIXED-CANONICAL,True,False,0,1
0,237,TRUSTED-LOCAL,True,False,0,1
0,238,ORIGINAL-MEDIATOR,True,True,1,1
0,238,PER-SERVICE-ORAM,True,True,1,1
0,238,UNIFIED-OBLIVIOUS,True,True,1,1
0,238,FIXED-CANONICAL,True,True,1,1
0,238,TRUSTED-LOCAL,True,True,1,1
0,239,ORIGINAL-MEDIATOR,True,True,1,2
0,239,PER-SERVICE-ORAM,True,True,1,2
0,239,UNIFIED-OBLIVIOUS,True,True,1,2
0,239,FIXED-CANONICAL,True,True,1,2
0,239,TRUSTED-LOCAL,True,True,1,2
0,240,ORIGINAL-MEDIATOR,True,True,1,1
0,240,PER-SERVICE-ORAM,True,True,1,1
0,240,UNIFIED-OBLIVIOUS,True,True,1,1
0,240,FIXED-CANONICAL,True,True,1,1
0,240,TRUSTED-LOCAL,True,True,1,1
0,241,ORIGINAL-MEDIATOR,True,False,0,1
0,241,PER-SERVICE-ORAM,True,False,0,1
0,241,UNIFIED-OBLIVIOUS,True,False,0,1
0,241,FIXED-CANONICAL,True,False,0,1
0,241,TRUSTED-LOCAL,True,False,0,1
0,242,ORIGINAL-MEDIATOR,True,True,1,1
0,242,PER-SERVICE-ORAM,True,True,1,1
0,242,UNIFIED-OBLIVIOUS,True,True,1,1
0,242,FIXED-CANONICAL,True,True,1,1
0,242,TRUSTED-LOCAL,True,True,1,1
0,243,ORIGINAL-MEDIATOR,True,True,1,2
0,243,PER-SERVICE-ORAM,True,True,1,2
0,243,UNIFIED-OBLIVIOUS,True,True,1,2
0,243,FIXED-CANONICAL,True,True,1,2
0,243,TRUSTED-LOCAL,True,True,1,2
0,244,ORIGINAL-MEDIATOR,True,True,1,1
0,244,PER-SERVICE-ORAM,True,True,1,1
0,244,UNIFIED-OBLIVIOUS,True,True,1,1
0,244,FIXED-CANONICAL,True,True,1,1
0,244,TRUSTED-LOCAL,True,True,1,1
0,245,ORIGINAL-MEDIATOR,True,True,1,1
0,245,PER-SERVICE-ORAM,True,True,1,1
0,245,UNIFIED-OBLIVIOUS,True,True,1,1
0,245,FIXED-CANONICAL,True,True,1,1
0,245,TRUSTED-LOCAL,True,True,1,1
0,246,ORIGINAL-MEDIATOR,True,True,1,1
0,246,PER-SERVICE-ORAM,True,True,1,1
0,246,UNIFIED-OBLIVIOUS,True,True,1,1
0,246,FIXED-CANONICAL,True,True,1,1
0,246,TRUSTED-LOCAL,True,True,1,1
0,247,ORIGINAL-MEDIATOR,True,True,1,1
0,247,PER-SERVICE-ORAM,True,True,1,1
0,247,UNIFIED-OBLIVIOUS,True,True,1,1
0,247,FIXED-CANONICAL,True,True,1,1
0,247,TRUSTED-LOCAL,True,True,1,1
0,248,ORIGINAL-MEDIATOR,True,True,1,1
0,248,PER-SERVICE-ORAM,True,True,1,1
0,248,UNIFIED-OBLIVIOUS,True,True,1,1
0,248,FIXED-CANONICAL,True,True,1,1
0,248,TRUSTED-LOCAL,True,True,1,1
0,249,ORIGINAL-MEDIATOR,True,True,1,1
0,249,PER-SERVICE-ORAM,True,True,1,1
0,249,UNIFIED-OBLIVIOUS,True,True,1,1
0,249,FIXED-CANONICAL,True,True,1,1
0,249,TRUSTED-LOCAL,True,True,1,1
0,250,ORIGINAL-MEDIATOR,True,True,1,1
0,250,PER-SERVICE-ORAM,True,True,1,1
0,250,UNIFIED-OBLIVIOUS,True,True,1,1
0,250,FIXED-CANONICAL,True,True,1,1
0,250,TRUSTED-LOCAL,True,True,1,1
0,251,ORIGINAL-MEDIATOR,True,True,1,1
0,251,PER-SERVICE-ORAM,True,True,1,1
0,251,UNIFIED-OBLIVIOUS,True,True,1,1
0,251,FIXED-CANONICAL,True,True,1,1
0,251,TRUSTED-LOCAL,True,True,1,1
0,252,ORIGINAL-MEDIATOR,True,False,0,2
0,252,PER-SERVICE-ORAM,True,False,0,2
0,252,UNIFIED-OBLIVIOUS,True,False,0,2
0,252,FIXED-CANONICAL,True,False,0,2
0,252,TRUSTED-LOCAL,True,False,0,2
0,253,ORIGINAL-MEDIATOR,True,True,1,1
0,253,PER-SERVICE-ORAM,True,True,1,1
0,253,UNIFIED-OBLIVIOUS,True,True,1,1
0,253,FIXED-CANONICAL,True,True,1,1
0,253,TRUSTED-LOCAL,True,True,1,1
0,254,ORIGINAL-MEDIATOR,True,True,1,1
0,254,PER-SERVICE-ORAM,True,True,1,1
0,254,UNIFIED-OBLIVIOUS,True,True,1,1
0,254,FIXED-CANONICAL,True,True,1,1
0,254,TRUSTED-LOCAL,True,True,1,1
0,255,ORIGINAL-MEDIATOR,True,True,1,1
0,255,PER-SERVICE-ORAM,True,True,1,1
0,255,UNIFIED-OBLIVIOUS,True,True,1,1
0,255,FIXED-CANONICAL,True,True,1,1
0,255,TRUSTED-LOCAL,True,True,1,1
0,256,ORIGINAL-MEDIATOR,True,True,1,1
0,256,PER-SERVICE-ORAM,True,True,1,1
0,256,UNIFIED-OBLIVIOUS,True,True,1,1
0,256,FIXED-CANONICAL,True,True,1,1
0,256,TRUSTED-LOCAL,True,True,1,1
0,257,ORIGINAL-MEDIATOR,True,False,0,1
0,257,PER-SERVICE-ORAM,True,False,0,1
0,257,UNIFIED-OBLIVIOUS,True,False,0,1
0,257,FIXED-CANONICAL,True,False,0,1
0,257,TRUSTED-LOCAL,True,False,0,1
0,258,ORIGINAL-MEDIATOR,True,True,1,2
0,258,PER-SERVICE-ORAM,True,True,1,2
0,258,UNIFIED-OBLIVIOUS,True,True,1,2
0,258,FIXED-CANONICAL,True,True,1,2
0,258,TRUSTED-LOCAL,True,True,1,2
0,259,ORIGINAL-MEDIATOR,True,True,1,2
0,259,PER-SERVICE-ORAM,True,True,1,2
0,259,UNIFIED-OBLIVIOUS,True,True,1,2
0,259,FIXED-CANONICAL,True,True,1,2
0,259,TRUSTED-LOCAL,True,True,1,2
0,260,ORIGINAL-MEDIATOR,True,True,1,2
0,260,PER-SERVICE-ORAM,True,True,1,2
0,260,UNIFIED-OBLIVIOUS,True,True,1,2
0,260,FIXED-CANONICAL,True,True,1,2
0,260,TRUSTED-LOCAL,True,True,1,2
0,261,ORIGINAL-MEDIATOR,True,True,1,1
0,261,PER-SERVICE-ORAM,True,True,1,1
0,261,UNIFIED-OBLIVIOUS,True,True,1,1
0,261,FIXED-CANONICAL,True,True,1,1
0,261,TRUSTED-LOCAL,True,True,1,1
0,262,ORIGINAL-MEDIATOR,True,True,1,1
0,262,PER-SERVICE-ORAM,True,True,1,1
0,262,UNIFIED-OBLIVIOUS,True,True,1,1
0,262,FIXED-CANONICAL,True,True,1,1
0,262,TRUSTED-LOCAL,True,True,1,1
0,263,ORIGINAL-MEDIATOR,True,True,1,1
0,263,PER-SERVICE-ORAM,True,True,1,1
0,263,UNIFIED-OBLIVIOUS,True,True,1,1
0,263,FIXED-CANONICAL,True,True,1,1
0,263,TRUSTED-LOCAL,True,True,1,1
0,264,ORIGINAL-MEDIATOR,True,False,0,1
0,264,PER-SERVICE-ORAM,True,False,0,1
0,264,UNIFIED-OBLIVIOUS,True,False,0,1
0,264,FIXED-CANONICAL,True,False,0,1
0,264,TRUSTED-LOCAL,True,False,0,1
0,265,ORIGINAL-MEDIATOR,True,True,1,1
0,265,PER-SERVICE-ORAM,True,True,1,1
0,265,UNIFIED-OBLIVIOUS,True,True,1,1
0,265,FIXED-CANONICAL,True,True,1,1
0,265,TRUSTED-LOCAL,True,True,1,1
0,266,ORIGINAL-MEDIATOR,True,True,1,1
0,266,PER-SERVICE-ORAM,True,True,1,1
0,266,UNIFIED-OBLIVIOUS,True,True,1,1
0,266,FIXED-CANONICAL,True,True,1,1
0,266,TRUSTED-LOCAL,True,True,1,1
0,267,ORIGINAL-MEDIATOR,True,True,1,2
0,267,PER-SERVICE-ORAM,True,True,1,2
0,267,UNIFIED-OBLIVIOUS,True,True,1,2
0,267,FIXED-CANONICAL,True,True,1,2
0,267,TRUSTED-LOCAL,True,True,1,2
0,268,ORIGINAL-MEDIATOR,True,True,1,1
0,268,PER-SERVICE-ORAM,True,True,1,1
0,268,UNIFIED-OBLIVIOUS,True,True,1,1
0,268,FIXED-CANONICAL,True,True,1,1
0,268,TRUSTED-LOCAL,True,True,1,1
0,269,ORIGINAL-MEDIATOR,True,False,0,1
0,269,PER-SERVICE-ORAM,True,False,0,1
0,269,UNIFIED-OBLIVIOUS,True,False,0,1
0,269,FIXED-CANONICAL,True,False,0,1
0,269,TRUSTED-LOCAL,True,False,0,1
0,270,ORIGINAL-MEDIATOR,True,False,0,2
0,270,PER-SERVICE-ORAM,True,False,0,2
0,270,UNIFIED-OBLIVIOUS,True,False,0,2
0,270,FIXED-CANONICAL,True,False,0,2
0,270,TRUSTED-LOCAL,True,False,0,2
0,271,ORIGINAL-MEDIATOR,True,True,1,1
0,271,PER-SERVICE-ORAM,True,True,1,1
0,271,UNIFIED-OBLIVIOUS,True,True,1,1
0,271,FIXED-CANONICAL,True,True,1,1
0,271,TRUSTED-LOCAL,True,True,1,1
0,272,ORIGINAL-MEDIATOR,True,True,1,1
0,272,PER-SERVICE-ORAM,True,True,1,1
0,272,UNIFIED-OBLIVIOUS,True,True,1,1
0,272,FIXED-CANONICAL,True,True,1,1
0,272,TRUSTED-LOCAL,True,True,1,1
0,273,ORIGINAL-MEDIATOR,True,True,1,1
0,273,PER-SERVICE-ORAM,True,True,1,1
0,273,UNIFIED-OBLIVIOUS,True,True,1,1
0,273,FIXED-CANONICAL,True,True,1,1
0,273,TRUSTED-LOCAL,True,True,1,1
0,274,ORIGINAL-MEDIATOR,True,True,1,1
0,274,PER-SERVICE-ORAM,True,True,1,1
0,274,UNIFIED-OBLIVIOUS,True,True,1,1
0,274,FIXED-CANONICAL,True,True,1,1
0,274,TRUSTED-LOCAL,True,True,1,1
0,275,ORIGINAL-MEDIATOR,True,True,1,1
0,275,PER-SERVICE-ORAM,True,True,1,1
0,275,UNIFIED-OBLIVIOUS,True,True,1,1
0,275,FIXED-CANONICAL,True,True,1,1
0,275,TRUSTED-LOCAL,True,True,1,1
0,276,ORIGINAL-MEDIATOR,True,True,1,1
0,276,PER-SERVICE-ORAM,True,True,1,1
0,276,UNIFIED-OBLIVIOUS,True,True,1,1
0,276,FIXED-CANONICAL,True,True,1,1
0,276,TRUSTED-LOCAL,True,True,1,1
0,277,ORIGINAL-MEDIATOR,True,False,0,2
0,277,PER-SERVICE-ORAM,True,False,0,2
0,277,UNIFIED-OBLIVIOUS,True,False,0,2
0,277,FIXED-CANONICAL,True,False,0,2
0,277,TRUSTED-LOCAL,True,False,0,2
0,278,ORIGINAL-MEDIATOR,True,True,1,1
0,278,PER-SERVICE-ORAM,True,True,1,1
0,278,UNIFIED-OBLIVIOUS,True,True,1,1
0,278,FIXED-CANONICAL,True,True,1,1
0,278,TRUSTED-LOCAL,True,True,1,1
0,279,ORIGINAL-MEDIATOR,True,False,0,1
0,279,PER-SERVICE-ORAM,True,False,0,1
0,279,UNIFIED-OBLIVIOUS,True,False,0,1
0,279,FIXED-CANONICAL,True,False,0,1
0,279,TRUSTED-LOCAL,True,False,0,1
0,280,ORIGINAL-MEDIATOR,True,False,0,2
0,280,PER-SERVICE-ORAM,True,False,0,2
0,280,UNIFIED-OBLIVIOUS,True,False,0,2
0,280,FIXED-CANONICAL,True,False,0,2
0,280,TRUSTED-LOCAL,True,False,0,2
0,281,ORIGINAL-MEDIATOR,True,True,1,2
0,281,PER-SERVICE-ORAM,True,True,1,2
0,281,UNIFIED-OBLIVIOUS,True,True,1,2
0,281,FIXED-CANONICAL,True,True,1,2
0,281,TRUSTED-LOCAL,True,True,1,2
0,282,ORIGINAL-MEDIATOR,True,True,1,1
0,282,PER-SERVICE-ORAM,True,True,1,1
0,282,UNIFIED-OBLIVIOUS,True,True,1,1
0,282,FIXED-CANONICAL,True,True,1,1
0,282,TRUSTED-LOCAL,True,True,1,1
0,283,ORIGINAL-MEDIATOR,True,True,1,1
0,283,PER-SERVICE-ORAM,True,True,1,1
0,283,UNIFIED-OBLIVIOUS,True,True,1,1
0,283,FIXED-CANONICAL,True,True,1,1
0,283,TRUSTED-LOCAL,True,True,1,1
0,284,ORIGINAL-MEDIATOR,True,False,0,2
0,284,PER-SERVICE-ORAM,True,False,0,2
0,284,UNIFIED-OBLIVIOUS,True,False,0,2
0,284,FIXED-CANONICAL,True,False,0,2
0,284,TRUSTED-LOCAL,True,False,0,2
0,285,ORIGINAL-MEDIATOR,True,True,1,2
0,285,PER-SERVICE-ORAM,True,True,1,2
0,285,UNIFIED-OBLIVIOUS,True,True,1,2
0,285,FIXED-CANONICAL,True,True,1,2
0,285,TRUSTED-LOCAL,True,True,1,2
0,286,ORIGINAL-MEDIATOR,True,False,0,2
0,286,PER-SERVICE-ORAM,True,False,0,2
0,286,UNIFIED-OBLIVIOUS,True,False,0,2
0,286,FIXED-CANONICAL,True,False,0,2
0,286,TRUSTED-LOCAL,True,False,0,2
0,287,ORIGINAL-MEDIATOR,True,False,0,1
0,287,PER-SERVICE-ORAM,True,False,0,1
0,287,UNIFIED-OBLIVIOUS,True,False,0,1
0,287,FIXED-CANONICAL,True,False,0,1
0,287,TRUSTED-LOCAL,True,False,0,1
0,288,ORIGINAL-MEDIATOR,True,True,1,2
0,288,PER-SERVICE-ORAM,True,True,1,2
0,288,UNIFIED-OBLIVIOUS,True,True,1,2
0,288,FIXED-CANONICAL,True,True,1,2
0,288,TRUSTED-LOCAL,True,True,1,2
0,289,ORIGINAL-MEDIATOR,True,True,1,2
0,289,PER-SERVICE-ORAM,True,True,1,2
0,289,UNIFIED-OBLIVIOUS,True,True,1,2
0,289,FIXED-CANONICAL,True,True,1,2
0,289,TRUSTED-LOCAL,True,True,1,2
0,290,ORIGINAL-MEDIATOR,True,True,1,2
0,290,PER-SERVICE-ORAM,True,True,1,2
0,290,UNIFIED-OBLIVIOUS,True,True,1,2
0,290,FIXED-CANONICAL,True,True,1,2
0,290,TRUSTED-LOCAL,True,True,1,2
0,291,ORIGINAL-MEDIATOR,True,True,1,2
0,291,PER-SERVICE-ORAM,True,True,1,2
0,291,UNIFIED-OBLIVIOUS,True,True,1,2
0,291,FIXED-CANONICAL,True,True,1,2
0,291,TRUSTED-LOCAL,True,True,1,2
0,292,ORIGINAL-MEDIATOR,True,True,1,1
0,292,PER-SERVICE-ORAM,True,True,1,1
0,292,UNIFIED-OBLIVIOUS,True,True,1,1
0,292,FIXED-CANONICAL,True,True,1,1
0,292,TRUSTED-LOCAL,True,True,1,1
0,293,ORIGINAL-MEDIATOR,True,True,1,1
0,293,PER-SERVICE-ORAM,True,True,1,1
0,293,UNIFIED-OBLIVIOUS,True,True,1,1
0,293,FIXED-CANONICAL,True,True,1,1
0,293,TRUSTED-LOCAL,True,True,1,1
0,294,ORIGINAL-MEDIATOR,True,True,1,1
0,294,PER-SERVICE-ORAM,True,True,1,1
0,294,UNIFIED-OBLIVIOUS,True,True,1,1
0,294,FIXED-CANONICAL,True,True,1,1
0,294,TRUSTED-LOCAL,True,True,1,1
0,295,ORIGINAL-MEDIATOR,True,False,0,1
0,295,PER-SERVICE-ORAM,True,False,0,1
0,295,UNIFIED-OBLIVIOUS,True,False,0,1
0,295,FIXED-CANONICAL,True,False,0,1
0,295,TRUSTED-LOCAL,True,False,0,1
0,296,ORIGINAL-MEDIATOR,True,True,1,1
0,296,PER-SERVICE-ORAM,True,True,1,1
0,296,UNIFIED-OBLIVIOUS,True,True,1,1
0,296,FIXED-CANONICAL,True,True,1,1
0,296,TRUSTED-LOCAL,True,True,1,1
0,297,ORIGINAL-MEDIATOR,True,True,1,1
0,297,PER-SERVICE-ORAM,True,True,1,1
0,297,UNIFIED-OBLIVIOUS,True,True,1,1
0,297,FIXED-CANONICAL,True,True,1,1
0,297,TRUSTED-LOCAL,True,True,1,1
0,298,ORIGINAL-MEDIATOR,True,True,1,1
0,298,PER-SERVICE-ORAM,True,True,1,1
0,298,UNIFIED-OBLIVIOUS,True,True,1,1
0,298,FIXED-CANONICAL,True,True,1,1
0,298,TRUSTED-LOCAL,True,True,1,1
0,299,ORIGINAL-MEDIATOR,True,True,1,1
0,299,PER-SERVICE-ORAM,True,True,1,1
0,299,UNIFIED-OBLIVIOUS,True,True,1,1
0,299,FIXED-CANONICAL,True,True,1,1
0,299,TRUSTED-LOCAL,True,True,1,1
0,300,ORIGINAL-MEDIATOR,True,True,1,1
0,300,PER-SERVICE-ORAM,True,True,1,1
0,300,UNIFIED-OBLIVIOUS,True,True,1,1
0,300,FIXED-CANONICAL,True,True,1,1
0,300,TRUSTED-LOCAL,True,True,1,1
0,301,ORIGINAL-MEDIATOR,True,True,1,2
0,301,PER-SERVICE-ORAM,True,True,1,2
0,301,UNIFIED-OBLIVIOUS,True,True,1,2
0,301,FIXED-CANONICAL,True,True,1,2
0,301,TRUSTED-LOCAL,True,True,1,2
0,302,ORIGINAL-MEDIATOR,True,True,1,1
0,302,PER-SERVICE-ORAM,True,True,1,1
0,302,UNIFIED-OBLIVIOUS,True,True,1,1
0,302,FIXED-CANONICAL,True,True,1,1
0,302,TRUSTED-LOCAL,True,True,1,1
0,303,ORIGINAL-MEDIATOR,True,False,0,1
0,303,PER-SERVICE-ORAM,True,False,0,1
0,303,UNIFIED-OBLIVIOUS,True,False,0,1
0,303,FIXED-CANONICAL,True,False,0,1
0,303,TRUSTED-LOCAL,True,False,0,1
0,304,ORIGINAL-MEDIATOR,True,False,0,1
0,304,PER-SERVICE-ORAM,True,False,0,1
0,304,UNIFIED-OBLIVIOUS,True,False,0,1
0,304,FIXED-CANONICAL,True,False,0,1
0,304,TRUSTED-LOCAL,True,False,0,1
0,305,ORIGINAL-MEDIATOR,True,True,1,1
0,305,PER-SERVICE-ORAM,True,True,1,1
0,305,UNIFIED-OBLIVIOUS,True,True,1,1
0,305,FIXED-CANONICAL,True,True,1,1
0,305,TRUSTED-LOCAL,True,True,1,1
0,306,ORIGINAL-MEDIATOR,True,False,0,1
0,306,PER-SERVICE-ORAM,True,False,0,1
0,306,UNIFIED-OBLIVIOUS,True,False,0,1
0,306,FIXED-CANONICAL,True,False,0,1
0,306,TRUSTED-LOCAL,True,False,0,1
0,307,ORIGINAL-MEDIATOR,True,False,0,1
0,307,PER-SERVICE-ORAM,True,False,0,1
0,307,UNIFIED-OBLIVIOUS,True,False,0,1
0,307,FIXED-CANONICAL,True,False,0,1
0,307,TRUSTED-LOCAL,True,False,0,1
0,308,ORIGINAL-MEDIATOR,True,False,0,1
0,308,PER-SERVICE-ORAM,True,False,0,1
0,308,UNIFIED-OBLIVIOUS,True,False,0,1
0,308,FIXED-CANONICAL,True,False,0,1
0,308,TRUSTED-LOCAL,True,False,0,1
0,309,ORIGINAL-MEDIATOR,True,True,1,2
0,309,PER-SERVICE-ORAM,True,True,1,2
0,309,UNIFIED-OBLIVIOUS,True,True,1,2
0,309,FIXED-CANONICAL,True,True,1,2
0,309,TRUSTED-LOCAL,True,True,1,2
0,310,ORIGINAL-MEDIATOR,True,False,0,1
0,310,PER-SERVICE-ORAM,True,False,0,1
0,310,UNIFIED-OBLIVIOUS,True,False,0,1
0,310,FIXED-CANONICAL,True,False,0,1
0,310,TRUSTED-LOCAL,True,False,0,1
0,311,ORIGINAL-MEDIATOR,True,True,1,1
0,311,PER-SERVICE-ORAM,True,True,1,1
0,311,UNIFIED-OBLIVIOUS,True,True,1,1
0,311,FIXED-CANONICAL,True,True,1,1
0,311,TRUSTED-LOCAL,True,True,1,1
0,312,ORIGINAL-MEDIATOR,True,True,1,1
0,312,PER-SERVICE-ORAM,True,True,1,1
0,312,UNIFIED-OBLIVIOUS,True,True,1,1
0,312,FIXED-CANONICAL,True,True,1,1
0,312,TRUSTED-LOCAL,True,True,1,1
0,313,ORIGINAL-MEDIATOR,True,True,1,2
0,313,PER-SERVICE-ORAM,True,True,1,2
0,313,UNIFIED-OBLIVIOUS,True,True,1,2
0,313,FIXED-CANONICAL,True,True,1,2
0,313,TRUSTED-LOCAL,True,True,1,2
0,314,ORIGINAL-MEDIATOR,True,True,1,1
0,314,PER-SERVICE-ORAM,True,True,1,1
0,314,UNIFIED-OBLIVIOUS,True,True,1,1
0,314,FIXED-CANONICAL,True,True,1,1
0,314,TRUSTED-LOCAL,True,True,1,1
0,315,ORIGINAL-MEDIATOR,True,True,1,2
0,315,PER-SERVICE-ORAM,True,True,1,2
0,315,UNIFIED-OBLIVIOUS,True,True,1,2
0,315,FIXED-CANONICAL,True,True,1,2
0,315,TRUSTED-LOCAL,True,True,1,2
0,316,ORIGINAL-MEDIATOR,True,True,1,2
0,316,PER-SERVICE-ORAM,True,True,1,2
0,316,UNIFIED-OBLIVIOUS,True,True,1,2
0,316,FIXED-CANONICAL,True,True,1,2
0,316,TRUSTED-LOCAL,True,True,1,2
0,317,ORIGINAL-MEDIATOR,True,False,0,1
0,317,PER-SERVICE-ORAM,True,False,0,1
0,317,UNIFIED-OBLIVIOUS,True,False,0,1
0,317,FIXED-CANONICAL,True,False,0,1
0,317,TRUSTED-LOCAL,True,False,0,1
0,318,ORIGINAL-MEDIATOR,True,False,0,1
0,318,PER-SERVICE-ORAM,True,False,0,1
0,318,UNIFIED-OBLIVIOUS,True,False,0,1
0,318,FIXED-CANONICAL,True,False,0,1
0,318,TRUSTED-LOCAL,True,False,0,1
0,319,ORIGINAL-MEDIATOR,True,True,1,1
0,319,PER-SERVICE-ORAM,True,True,1,1
0,319,UNIFIED-OBLIVIOUS,True,True,1,1
0,319,FIXED-CANONICAL,True,True,1,1
0,319,TRUSTED-LOCAL,True,True,1,1
1,0,ORIGINAL-MEDIATOR,True,True,1,2
1,0,PER-SERVICE-ORAM,True,True,1,2
1,0,UNIFIED-OBLIVIOUS,True,True,1,2
1,0,FIXED-CANONICAL,True,True,1,2
1,0,TRUSTED-LOCAL,True,True,1,2
1,1,ORIGINAL-MEDIATOR,True,False,0,1
1,1,PER-SERVICE-ORAM,True,False,0,1
1,1,UNIFIED-OBLIVIOUS,True,False,0,1
1,1,FIXED-CANONICAL,True,False,0,1
1,1,TRUSTED-LOCAL,True,False,0,1
1,2,ORIGINAL-MEDIATOR,True,True,1,1
1,2,PER-SERVICE-ORAM,True,True,1,1
1,2,UNIFIED-OBLIVIOUS,True,True,1,1
1,2,FIXED-CANONICAL,True,True,1,1
1,2,TRUSTED-LOCAL,True,True,1,1
1,3,ORIGINAL-MEDIATOR,True,True,1,1
1,3,PER-SERVICE-ORAM,True,True,1,1
1,3,UNIFIED-OBLIVIOUS,True,True,1,1
1,3,FIXED-CANONICAL,True,True,1,1
1,3,TRUSTED-LOCAL,True,True,1,1
1,4,ORIGINAL-MEDIATOR,True,False,0,1
1,4,PER-SERVICE-ORAM,True,False,0,1
1,4,UNIFIED-OBLIVIOUS,True,False,0,1
1,4,FIXED-CANONICAL,True,False,0,1
1,4,TRUSTED-LOCAL,True,False,0,1
1,5,ORIGINAL-MEDIATOR,True,True,1,2
1,5,PER-SERVICE-ORAM,True,True,1,2
1,5,UNIFIED-OBLIVIOUS,True,True,1,2
1,5,FIXED-CANONICAL,True,True,1,2
1,5,TRUSTED-LOCAL,True,True,1,2
1,6,ORIGINAL-MEDIATOR,True,True,1,1
1,6,PER-SERVICE-ORAM,True,True,1,1
1,6,UNIFIED-OBLIVIOUS,True,True,1,1
1,6,FIXED-CANONICAL,True,True,1,1
1,6,TRUSTED-LOCAL,True,True,1,1
1,7,ORIGINAL-MEDIATOR,True,False,0,2
1,7,PER-SERVICE-ORAM,True,False,0,2
1,7,UNIFIED-OBLIVIOUS,True,False,0,2
1,7,FIXED-CANONICAL,True,False,0,2
1,7,TRUSTED-LOCAL,True,False,0,2
1,8,ORIGINAL-MEDIATOR,True,False,0,1
1,8,PER-SERVICE-ORAM,True,False,0,1
1,8,UNIFIED-OBLIVIOUS,True,False,0,1
1,8,FIXED-CANONICAL,True,False,0,1
1,8,TRUSTED-LOCAL,True,False,0,1
1,9,ORIGINAL-MEDIATOR,True,True,1,2
1,9,PER-SERVICE-ORAM,True,True,1,2
1,9,UNIFIED-OBLIVIOUS,True,True,1,2
1,9,FIXED-CANONICAL,True,True,1,2
1,9,TRUSTED-LOCAL,True,True,1,2
1,10,ORIGINAL-MEDIATOR,True,True,1,2
1,10,PER-SERVICE-ORAM,True,True,1,2
1,10,UNIFIED-OBLIVIOUS,True,True,1,2
1,10,FIXED-CANONICAL,True,True,1,2
1,10,TRUSTED-LOCAL,True,True,1,2
1,11,ORIGINAL-MEDIATOR,True,True,1,2
1,11,PER-SERVICE-ORAM,True,True,1,2
1,11,UNIFIED-OBLIVIOUS,True,True,1,2
1,11,FIXED-CANONICAL,True,True,1,2
1,11,TRUSTED-LOCAL,True,True,1,2
1,12,ORIGINAL-MEDIATOR,True,True,1,2
1,12,PER-SERVICE-ORAM,True,True,1,2
1,12,UNIFIED-OBLIVIOUS,True,True,1,2
1,12,FIXED-CANONICAL,True,True,1,2
1,12,TRUSTED-LOCAL,True,True,1,2
1,13,ORIGINAL-MEDIATOR,True,True,1,1
1,13,PER-SERVICE-ORAM,True,True,1,1
1,13,UNIFIED-OBLIVIOUS,True,True,1,1
1,13,FIXED-CANONICAL,True,True,1,1
1,13,TRUSTED-LOCAL,True,True,1,1
1,14,ORIGINAL-MEDIATOR,True,False,0,1
1,14,PER-SERVICE-ORAM,True,False,0,1
1,14,UNIFIED-OBLIVIOUS,True,False,0,1
1,14,FIXED-CANONICAL,True,False,0,1
1,14,TRUSTED-LOCAL,True,False,0,1
1,15,ORIGINAL-MEDIATOR,True,True,1,2
1,15,PER-SERVICE-ORAM,True,True,1,2
1,15,UNIFIED-OBLIVIOUS,True,True,1,2
1,15,FIXED-CANONICAL,True,True,1,2
1,15,TRUSTED-LOCAL,True,True,1,2
1,16,ORIGINAL-MEDIATOR,True,True,1,2
1,16,PER-SERVICE-ORAM,True,True,1,2
1,16,UNIFIED-OBLIVIOUS,True,True,1,2
1,16,FIXED-CANONICAL,True,True,1,2
1,16,TRUSTED-LOCAL,True,True,1,2
1,17,ORIGINAL-MEDIATOR,True,False,0,1
1,17,PER-SERVICE-ORAM,True,False,0,1
1,17,UNIFIED-OBLIVIOUS,True,False,0,1
1,17,FIXED-CANONICAL,True,False,0,1
1,17,TRUSTED-LOCAL,True,False,0,1
1,18,ORIGINAL-MEDIATOR,True,True,1,1
1,18,PER-SERVICE-ORAM,True,True,1,1
1,18,UNIFIED-OBLIVIOUS,True,True,1,1
1,18,FIXED-CANONICAL,True,True,1,1
1,18,TRUSTED-LOCAL,True,True,1,1
1,19,ORIGINAL-MEDIATOR,True,True,1,1
1,19,PER-SERVICE-ORAM,True,True,1,1
1,19,UNIFIED-OBLIVIOUS,True,True,1,1
1,19,FIXED-CANONICAL,True,True,1,1
1,19,TRUSTED-LOCAL,True,True,1,1
1,20,ORIGINAL-MEDIATOR,True,True,1,2
1,20,PER-SERVICE-ORAM,True,True,1,2
1,20,UNIFIED-OBLIVIOUS,True,True,1,2
1,20,FIXED-CANONICAL,True,True,1,2
1,20,TRUSTED-LOCAL,True,True,1,2
1,21,ORIGINAL-MEDIATOR,True,True,1,1
1,21,PER-SERVICE-ORAM,True,True,1,1
1,21,UNIFIED-OBLIVIOUS,True,True,1,1
1,21,FIXED-CANONICAL,True,True,1,1
1,21,TRUSTED-LOCAL,True,True,1,1
1,22,ORIGINAL-MEDIATOR,True,True,1,2
1,22,PER-SERVICE-ORAM,True,True,1,2
1,22,UNIFIED-OBLIVIOUS,True,True,1,2
1,22,FIXED-CANONICAL,True,True,1,2
1,22,TRUSTED-LOCAL,True,True,1,2
1,23,ORIGINAL-MEDIATOR,True,True,1,1
1,23,PER-SERVICE-ORAM,True,True,1,1
1,23,UNIFIED-OBLIVIOUS,True,True,1,1
1,23,FIXED-CANONICAL,True,True,1,1
1,23,TRUSTED-LOCAL,True,True,1,1
1,24,ORIGINAL-MEDIATOR,True,True,1,2
1,24,PER-SERVICE-ORAM,True,True,1,2
1,24,UNIFIED-OBLIVIOUS,True,True,1,2
1,24,FIXED-CANONICAL,True,True,1,2
1,24,TRUSTED-LOCAL,True,True,1,2
1,25,ORIGINAL-MEDIATOR,True,True,1,2
1,25,PER-SERVICE-ORAM,True,True,1,2
1,25,UNIFIED-OBLIVIOUS,True,True,1,2
1,25,FIXED-CANONICAL,True,True,1,2
1,25,TRUSTED-LOCAL,True,True,1,2
1,26,ORIGINAL-MEDIATOR,True,True,1,1
1,26,PER-SERVICE-ORAM,True,True,1,1
1,26,UNIFIED-OBLIVIOUS,True,True,1,1
1,26,FIXED-CANONICAL,True,True,1,1
1,26,TRUSTED-LOCAL,True,True,1,1
1,27,ORIGINAL-MEDIATOR,True,False,0,1
1,27,PER-SERVICE-ORAM,True,False,0,1
1,27,UNIFIED-OBLIVIOUS,True,False,0,1
1,27,FIXED-CANONICAL,True,False,0,1
1,27,TRUSTED-LOCAL,True,False,0,1
1,28,ORIGINAL-MEDIATOR,True,False,0,1
1,28,PER-SERVICE-ORAM,True,False,0,1
1,28,UNIFIED-OBLIVIOUS,True,False,0,1
1,28,FIXED-CANONICAL,True,False,0,1
1,28,TRUSTED-LOCAL,True,False,0,1
1,29,ORIGINAL-MEDIATOR,True,True,1,1
1,29,PER-SERVICE-ORAM,True,True,1,1
1,29,UNIFIED-OBLIVIOUS,True,True,1,1
1,29,FIXED-CANONICAL,True,True,1,1
1,29,TRUSTED-LOCAL,True,True,1,1
1,30,ORIGINAL-MEDIATOR,True,True,1,1
1,30,PER-SERVICE-ORAM,True,True,1,1
1,30,UNIFIED-OBLIVIOUS,True,True,1,1
1,30,FIXED-CANONICAL,True,True,1,1
1,30,TRUSTED-LOCAL,True,True,1,1
1,31,ORIGINAL-MEDIATOR,True,False,0,1
1,31,PER-SERVICE-ORAM,True,False,0,1
1,31,UNIFIED-OBLIVIOUS,True,False,0,1
1,31,FIXED-CANONICAL,True,False,0,1
1,31,TRUSTED-LOCAL,True,False,0,1
1,32,ORIGINAL-MEDIATOR,True,False,0,1
1,32,PER-SERVICE-ORAM,True,False,0,1
1,32,UNIFIED-OBLIVIOUS,True,False,0,1
1,32,FIXED-CANONICAL,True,False,0,1
1,32,TRUSTED-LOCAL,True,False,0,1
1,33,ORIGINAL-MEDIATOR,True,True,1,1
1,33,PER-SERVICE-ORAM,True,True,1,1
1,33,UNIFIED-OBLIVIOUS,True,True,1,1
1,33,FIXED-CANONICAL,True,True,1,1
1,33,TRUSTED-LOCAL,True,True,1,1
1,34,ORIGINAL-MEDIATOR,True,True,1,1
1,34,PER-SERVICE-ORAM,True,True,1,1
1,34,UNIFIED-OBLIVIOUS,True,True,1,1
1,34,FIXED-CANONICAL,True,True,1,1
1,34,TRUSTED-LOCAL,True,True,1,1
1,35,ORIGINAL-MEDIATOR,True,False,0,1
1,35,PER-SERVICE-ORAM,True,False,0,1
1,35,UNIFIED-OBLIVIOUS,True,False,0,1
1,35,FIXED-CANONICAL,True,False,0,1
1,35,TRUSTED-LOCAL,True,False,0,1
1,36,ORIGINAL-MEDIATOR,True,False,0,1
1,36,PER-SERVICE-ORAM,True,False,0,1
1,36,UNIFIED-OBLIVIOUS,True,False,0,1
1,36,FIXED-CANONICAL,True,False,0,1
1,36,TRUSTED-LOCAL,True,False,0,1
1,37,ORIGINAL-MEDIATOR,True,True,1,1
1,37,PER-SERVICE-ORAM,True,True,1,1
1,37,UNIFIED-OBLIVIOUS,True,True,1,1
1,37,FIXED-CANONICAL,True,True,1,1
1,37,TRUSTED-LOCAL,True,True,1,1
1,38,ORIGINAL-MEDIATOR,True,True,1,2
1,38,PER-SERVICE-ORAM,True,True,1,2
1,38,UNIFIED-OBLIVIOUS,True,True,1,2
1,38,FIXED-CANONICAL,True,True,1,2
1,38,TRUSTED-LOCAL,True,True,1,2
1,39,ORIGINAL-MEDIATOR,True,True,1,1
1,39,PER-SERVICE-ORAM,True,True,1,1
1,39,UNIFIED-OBLIVIOUS,True,True,1,1
1,39,FIXED-CANONICAL,True,True,1,1
1,39,TRUSTED-LOCAL,True,True,1,1
1,40,ORIGINAL-MEDIATOR,True,True,1,1
1,40,PER-SERVICE-ORAM,True,True,1,1
1,40,UNIFIED-OBLIVIOUS,True,True,1,1
1,40,FIXED-CANONICAL,True,True,1,1
1,40,TRUSTED-LOCAL,True,True,1,1
1,41,ORIGINAL-MEDIATOR,True,False,0,1
1,41,PER-SERVICE-ORAM,True,False,0,1
1,41,UNIFIED-OBLIVIOUS,True,False,0,1
1,41,FIXED-CANONICAL,True,False,0,1
1,41,TRUSTED-LOCAL,True,False,0,1
1,42,ORIGINAL-MEDIATOR,True,True,1,1
1,42,PER-SERVICE-ORAM,True,True,1,1
1,42,UNIFIED-OBLIVIOUS,True,True,1,1
1,42,FIXED-CANONICAL,True,True,1,1
1,42,TRUSTED-LOCAL,True,True,1,1
1,43,ORIGINAL-MEDIATOR,True,True,1,2
1,43,PER-SERVICE-ORAM,True,True,1,2
1,43,UNIFIED-OBLIVIOUS,True,True,1,2
1,43,FIXED-CANONICAL,True,True,1,2
1,43,TRUSTED-LOCAL,True,True,1,2
1,44,ORIGINAL-MEDIATOR,True,True,1,1
1,44,PER-SERVICE-ORAM,True,True,1,1
1,44,UNIFIED-OBLIVIOUS,True,True,1,1
1,44,FIXED-CANONICAL,True,True,1,1
1,44,TRUSTED-LOCAL,True,True,1,1
1,45,ORIGINAL-MEDIATOR,True,True,1,1
1,45,PER-SERVICE-ORAM,True,True,1,1
1,45,UNIFIED-OBLIVIOUS,True,True,1,1
1,45,FIXED-CANONICAL,True,True,1,1
1,45,TRUSTED-LOCAL,True,True,1,1
1,46,ORIGINAL-MEDIATOR,True,False,0,2
1,46,PER-SERVICE-ORAM,True,False,0,2
1,46,UNIFIED-OBLIVIOUS,True,False,0,2
1,46,FIXED-CANONICAL,True,False,0,2
1,46,TRUSTED-LOCAL,True,False,0,2
1,47,ORIGINAL-MEDIATOR,True,True,1,2
1,47,PER-SERVICE-ORAM,True,True,1,2
1,47,UNIFIED-OBLIVIOUS,True,True,1,2
1,47,FIXED-CANONICAL,True,True,1,2
1,47,TRUSTED-LOCAL,True,True,1,2
1,48,ORIGINAL-MEDIATOR,True,False,0,2
1,48,PER-SERVICE-ORAM,True,False,0,2
1,48,UNIFIED-OBLIVIOUS,True,False,0,2
1,48,FIXED-CANONICAL,True,False,0,2
1,48,TRUSTED-LOCAL,True,False,0,2
1,49,ORIGINAL-MEDIATOR,True,True,1,1
1,49,PER-SERVICE-ORAM,True,True,1,1
1,49,UNIFIED-OBLIVIOUS,True,True,1,1
1,49,FIXED-CANONICAL,True,True,1,1
1,49,TRUSTED-LOCAL,True,True,1,1
1,50,ORIGINAL-MEDIATOR,True,False,0,1
1,50,PER-SERVICE-ORAM,True,False,0,1
1,50,UNIFIED-OBLIVIOUS,True,False,0,1
1,50,FIXED-CANONICAL,True,False,0,1
1,50,TRUSTED-LOCAL,True,False,0,1
1,51,ORIGINAL-MEDIATOR,True,True,1,1
1,51,PER-SERVICE-ORAM,True,True,1,1
1,51,UNIFIED-OBLIVIOUS,True,True,1,1
1,51,FIXED-CANONICAL,True,True,1,1
1,51,TRUSTED-LOCAL,True,True,1,1
1,52,ORIGINAL-MEDIATOR,True,True,1,1
1,52,PER-SERVICE-ORAM,True,True,1,1
1,52,UNIFIED-OBLIVIOUS,True,True,1,1
1,52,FIXED-CANONICAL,True,True,1,1
1,52,TRUSTED-LOCAL,True,True,1,1
1,53,ORIGINAL-MEDIATOR,True,True,1,1
1,53,PER-SERVICE-ORAM,True,True,1,1
1,53,UNIFIED-OBLIVIOUS,True,True,1,1
1,53,FIXED-CANONICAL,True,True,1,1
1,53,TRUSTED-LOCAL,True,True,1,1
1,54,ORIGINAL-MEDIATOR,True,False,0,1
1,54,PER-SERVICE-ORAM,True,False,0,1
1,54,UNIFIED-OBLIVIOUS,True,False,0,1
1,54,FIXED-CANONICAL,True,False,0,1
1,54,TRUSTED-LOCAL,True,False,0,1
1,55,ORIGINAL-MEDIATOR,True,True,1,1
1,55,PER-SERVICE-ORAM,True,True,1,1
1,55,UNIFIED-OBLIVIOUS,True,True,1,1
1,55,FIXED-CANONICAL,True,True,1,1
1,55,TRUSTED-LOCAL,True,True,1,1
1,56,ORIGINAL-MEDIATOR,True,True,1,1
1,56,PER-SERVICE-ORAM,True,True,1,1
1,56,UNIFIED-OBLIVIOUS,True,True,1,1
1,56,FIXED-CANONICAL,True,True,1,1
1,56,TRUSTED-LOCAL,True,True,1,1
1,57,ORIGINAL-MEDIATOR,True,False,0,1
1,57,PER-SERVICE-ORAM,True,False,0,1
1,57,UNIFIED-OBLIVIOUS,True,False,0,1
1,57,FIXED-CANONICAL,True,False,0,1
1,57,TRUSTED-LOCAL,True,False,0,1
1,58,ORIGINAL-MEDIATOR,True,True,1,1
1,58,PER-SERVICE-ORAM,True,True,1,1
1,58,UNIFIED-OBLIVIOUS,True,True,1,1
1,58,FIXED-CANONICAL,True,True,1,1
1,58,TRUSTED-LOCAL,True,True,1,1
1,59,ORIGINAL-MEDIATOR,True,True,1,2
1,59,PER-SERVICE-ORAM,True,True,1,2
1,59,UNIFIED-OBLIVIOUS,True,True,1,2
1,59,FIXED-CANONICAL,True,True,1,2
1,59,TRUSTED-LOCAL,True,True,1,2
1,60,ORIGINAL-MEDIATOR,True,True,1,1
1,60,PER-SERVICE-ORAM,True,True,1,1
1,60,UNIFIED-OBLIVIOUS,True,True,1,1
1,60,FIXED-CANONICAL,True,True,1,1
1,60,TRUSTED-LOCAL,True,True,1,1
1,61,ORIGINAL-MEDIATOR,True,False,0,1
1,61,PER-SERVICE-ORAM,True,False,0,1
1,61,UNIFIED-OBLIVIOUS,True,False,0,1
1,61,FIXED-CANONICAL,True,False,0,1
1,61,TRUSTED-LOCAL,True,False,0,1
1,62,ORIGINAL-MEDIATOR,True,True,1,2
1,62,PER-SERVICE-ORAM,True,True,1,2
1,62,UNIFIED-OBLIVIOUS,True,True,1,2
1,62,FIXED-CANONICAL,True,True,1,2
1,62,TRUSTED-LOCAL,True,True,1,2
1,63,ORIGINAL-MEDIATOR,True,False,0,1
1,63,PER-SERVICE-ORAM,True,False,0,1
1,63,UNIFIED-OBLIVIOUS,True,False,0,1
1,63,FIXED-CANONICAL,True,False,0,1
1,63,TRUSTED-LOCAL,True,False,0,1
1,64,ORIGINAL-MEDIATOR,True,True,1,1
1,64,PER-SERVICE-ORAM,True,True,1,1
1,64,UNIFIED-OBLIVIOUS,True,True,1,1
1,64,FIXED-CANONICAL,True,True,1,1
1,64,TRUSTED-LOCAL,True,True,1,1
1,65,ORIGINAL-MEDIATOR,True,True,1,1
1,65,PER-SERVICE-ORAM,True,True,1,1
1,65,UNIFIED-OBLIVIOUS,True,True,1,1
1,65,FIXED-CANONICAL,True,True,1,1
1,65,TRUSTED-LOCAL,True,True,1,1
1,66,ORIGINAL-MEDIATOR,True,True,1,1
1,66,PER-SERVICE-ORAM,True,True,1,1
1,66,UNIFIED-OBLIVIOUS,True,True,1,1
1,66,FIXED-CANONICAL,True,True,1,1
1,66,TRUSTED-LOCAL,True,True,1,1
1,67,ORIGINAL-MEDIATOR,True,False,0,1
1,67,PER-SERVICE-ORAM,True,False,0,1
1,67,UNIFIED-OBLIVIOUS,True,False,0,1
1,67,FIXED-CANONICAL,True,False,0,1
1,67,TRUSTED-LOCAL,True,False,0,1
1,68,ORIGINAL-MEDIATOR,True,True,1,1
1,68,PER-SERVICE-ORAM,True,True,1,1
1,68,UNIFIED-OBLIVIOUS,True,True,1,1
1,68,FIXED-CANONICAL,True,True,1,1
1,68,TRUSTED-LOCAL,True,True,1,1
1,69,ORIGINAL-MEDIATOR,True,False,0,2
1,69,PER-SERVICE-ORAM,True,False,0,2
1,69,UNIFIED-OBLIVIOUS,True,False,0,2
1,69,FIXED-CANONICAL,True,False,0,2
1,69,TRUSTED-LOCAL,True,False,0,2
1,70,ORIGINAL-MEDIATOR,True,True,1,1
1,70,PER-SERVICE-ORAM,True,True,1,1
1,70,UNIFIED-OBLIVIOUS,True,True,1,1
1,70,FIXED-CANONICAL,True,True,1,1
1,70,TRUSTED-LOCAL,True,True,1,1
1,71,ORIGINAL-MEDIATOR,True,False,0,1
1,71,PER-SERVICE-ORAM,True,False,0,1
1,71,UNIFIED-OBLIVIOUS,True,False,0,1
1,71,FIXED-CANONICAL,True,False,0,1
1,71,TRUSTED-LOCAL,True,False,0,1
1,72,ORIGINAL-MEDIATOR,True,True,1,1
1,72,PER-SERVICE-ORAM,True,True,1,1
1,72,UNIFIED-OBLIVIOUS,True,True,1,1
1,72,FIXED-CANONICAL,True,True,1,1
1,72,TRUSTED-LOCAL,True,True,1,1
1,73,ORIGINAL-MEDIATOR,True,True,1,1
1,73,PER-SERVICE-ORAM,True,True,1,1
1,73,UNIFIED-OBLIVIOUS,True,True,1,1
1,73,FIXED-CANONICAL,True,True,1,1
1,73,TRUSTED-LOCAL,True,True,1,1
1,74,ORIGINAL-MEDIATOR,True,True,1,1
1,74,PER-SERVICE-ORAM,True,True,1,1
1,74,UNIFIED-OBLIVIOUS,True,True,1,1
1,74,FIXED-CANONICAL,True,True,1,1
1,74,TRUSTED-LOCAL,True,True,1,1
1,75,ORIGINAL-MEDIATOR,True,False,0,1
1,75,PER-SERVICE-ORAM,True,False,0,1
1,75,UNIFIED-OBLIVIOUS,True,False,0,1
1,75,FIXED-CANONICAL,True,False,0,1
1,75,TRUSTED-LOCAL,True,False,0,1
1,76,ORIGINAL-MEDIATOR,True,False,0,2
1,76,PER-SERVICE-ORAM,True,False,0,2
1,76,UNIFIED-OBLIVIOUS,True,False,0,2
1,76,FIXED-CANONICAL,True,False,0,2
1,76,TRUSTED-LOCAL,True,False,0,2
1,77,ORIGINAL-MEDIATOR,True,False,0,1
1,77,PER-SERVICE-ORAM,True,False,0,1
1,77,UNIFIED-OBLIVIOUS,True,False,0,1
1,77,FIXED-CANONICAL,True,False,0,1
1,77,TRUSTED-LOCAL,True,False,0,1
1,78,ORIGINAL-MEDIATOR,True,True,1,2
1,78,PER-SERVICE-ORAM,True,True,1,2
1,78,UNIFIED-OBLIVIOUS,True,True,1,2
1,78,FIXED-CANONICAL,True,True,1,2
1,78,TRUSTED-LOCAL,True,True,1,2
1,79,ORIGINAL-MEDIATOR,True,False,0,1
1,79,PER-SERVICE-ORAM,True,False,0,1
1,79,UNIFIED-OBLIVIOUS,True,False,0,1
1,79,FIXED-CANONICAL,True,False,0,1
1,79,TRUSTED-LOCAL,True,False,0,1
1,80,ORIGINAL-MEDIATOR,True,True,1,2
1,80,PER-SERVICE-ORAM,True,True,1,2
1,80,UNIFIED-OBLIVIOUS,True,True,1,2
1,80,FIXED-CANONICAL,True,True,1,2
1,80,TRUSTED-LOCAL,True,True,1,2
1,81,ORIGINAL-MEDIATOR,True,True,1,2
1,81,PER-SERVICE-ORAM,True,True,1,2
1,81,UNIFIED-OBLIVIOUS,True,True,1,2
1,81,FIXED-CANONICAL,True,True,1,2
1,81,TRUSTED-LOCAL,True,True,1,2
1,82,ORIGINAL-MEDIATOR,True,True,1,1
1,82,PER-SERVICE-ORAM,True,True,1,1
1,82,UNIFIED-OBLIVIOUS,True,True,1,1
1,82,FIXED-CANONICAL,True,True,1,1
1,82,TRUSTED-LOCAL,True,True,1,1
1,83,ORIGINAL-MEDIATOR,True,True,1,2
1,83,PER-SERVICE-ORAM,True,True,1,2
1,83,UNIFIED-OBLIVIOUS,True,True,1,2
1,83,FIXED-CANONICAL,True,True,1,2
1,83,TRUSTED-LOCAL,True,True,1,2
1,84,ORIGINAL-MEDIATOR,True,True,1,1
1,84,PER-SERVICE-ORAM,True,True,1,1
1,84,UNIFIED-OBLIVIOUS,True,True,1,1
1,84,FIXED-CANONICAL,True,True,1,1
1,84,TRUSTED-LOCAL,True,True,1,1
1,85,ORIGINAL-MEDIATOR,True,False,0,1
1,85,PER-SERVICE-ORAM,True,False,0,1
1,85,UNIFIED-OBLIVIOUS,True,False,0,1
1,85,FIXED-CANONICAL,True,False,0,1
1,85,TRUSTED-LOCAL,True,False,0,1
1,86,ORIGINAL-MEDIATOR,True,False,0,1
1,86,PER-SERVICE-ORAM,True,False,0,1
1,86,UNIFIED-OBLIVIOUS,True,False,0,1
1,86,FIXED-CANONICAL,True,False,0,1
1,86,TRUSTED-LOCAL,True,False,0,1
1,87,ORIGINAL-MEDIATOR,True,True,1,1
1,87,PER-SERVICE-ORAM,True,True,1,1
1,87,UNIFIED-OBLIVIOUS,True,True,1,1
1,87,FIXED-CANONICAL,True,True,1,1
1,87,TRUSTED-LOCAL,True,True,1,1
1,88,ORIGINAL-MEDIATOR,True,True,1,1
1,88,PER-SERVICE-ORAM,True,True,1,1
1,88,UNIFIED-OBLIVIOUS,True,True,1,1
1,88,FIXED-CANONICAL,True,True,1,1
1,88,TRUSTED-LOCAL,True,True,1,1
1,89,ORIGINAL-MEDIATOR,True,True,1,1
1,89,PER-SERVICE-ORAM,True,True,1,1
1,89,UNIFIED-OBLIVIOUS,True,True,1,1
1,89,FIXED-CANONICAL,True,True,1,1
1,89,TRUSTED-LOCAL,True,True,1,1
1,90,ORIGINAL-MEDIATOR,True,False,0,1
1,90,PER-SERVICE-ORAM,True,False,0,1
1,90,UNIFIED-OBLIVIOUS,True,False,0,1
1,90,FIXED-CANONICAL,True,False,0,1
1,90,TRUSTED-LOCAL,True,False,0,1
1,91,ORIGINAL-MEDIATOR,True,False,0,2
1,91,PER-SERVICE-ORAM,True,False,0,2
1,91,UNIFIED-OBLIVIOUS,True,False,0,2
1,91,FIXED-CANONICAL,True,False,0,2
1,91,TRUSTED-LOCAL,True,False,0,2
1,92,ORIGINAL-MEDIATOR,True,True,1,2
1,92,PER-SERVICE-ORAM,True,True,1,2
1,92,UNIFIED-OBLIVIOUS,True,True,1,2
1,92,FIXED-CANONICAL,True,True,1,2
1,92,TRUSTED-LOCAL,True,True,1,2
1,93,ORIGINAL-MEDIATOR,True,False,0,1
1,93,PER-SERVICE-ORAM,True,False,0,1
1,93,UNIFIED-OBLIVIOUS,True,False,0,1
1,93,FIXED-CANONICAL,True,False,0,1
1,93,TRUSTED-LOCAL,True,False,0,1
1,94,ORIGINAL-MEDIATOR,True,False,0,1
1,94,PER-SERVICE-ORAM,True,False,0,1
1,94,UNIFIED-OBLIVIOUS,True,False,0,1
1,94,FIXED-CANONICAL,True,False,0,1
1,94,TRUSTED-LOCAL,True,False,0,1
1,95,ORIGINAL-MEDIATOR,True,True,1,1
1,95,PER-SERVICE-ORAM,True,True,1,1
1,95,UNIFIED-OBLIVIOUS,True,True,1,1
1,95,FIXED-CANONICAL,True,True,1,1
1,95,TRUSTED-LOCAL,True,True,1,1
1,96,ORIGINAL-MEDIATOR,True,False,0,1
1,96,PER-SERVICE-ORAM,True,False,0,1
1,96,UNIFIED-OBLIVIOUS,True,False,0,1
1,96,FIXED-CANONICAL,True,False,0,1
1,96,TRUSTED-LOCAL,True,False,0,1
1,97,ORIGINAL-MEDIATOR,True,True,1,1
1,97,PER-SERVICE-ORAM,True,True,1,1
1,97,UNIFIED-OBLIVIOUS,True,True,1,1
1,97,FIXED-CANONICAL,True,True,1,1
1,97,TRUSTED-LOCAL,True,True,1,1
1,98,ORIGINAL-MEDIATOR,True,True,1,1
1,98,PER-SERVICE-ORAM,True,True,1,1
1,98,UNIFIED-OBLIVIOUS,True,True,1,1
1,98,FIXED-CANONICAL,True,True,1,1
1,98,TRUSTED-LOCAL,True,True,1,1
1,99,ORIGINAL-MEDIATOR,True,True,1,1
1,99,PER-SERVICE-ORAM,True,True,1,1
1,99,UNIFIED-OBLIVIOUS,True,True,1,1
1,99,FIXED-CANONICAL,True,True,1,1
1,99,TRUSTED-LOCAL,True,True,1,1
1,100,ORIGINAL-MEDIATOR,True,False,0,2
1,100,PER-SERVICE-ORAM,True,False,0,2
1,100,UNIFIED-OBLIVIOUS,True,False,0,2
1,100,FIXED-CANONICAL,True,False,0,2
1,100,TRUSTED-LOCAL,True,False,0,2
1,101,ORIGINAL-MEDIATOR,True,True,1,1
1,101,PER-SERVICE-ORAM,True,True,1,1
1,101,UNIFIED-OBLIVIOUS,True,True,1,1
1,101,FIXED-CANONICAL,True,True,1,1
1,101,TRUSTED-LOCAL,True,True,1,1
1,102,ORIGINAL-MEDIATOR,True,True,1,1
1,102,PER-SERVICE-ORAM,True,True,1,1
1,102,UNIFIED-OBLIVIOUS,True,True,1,1
1,102,FIXED-CANONICAL,True,True,1,1
1,102,TRUSTED-LOCAL,True,True,1,1
1,103,ORIGINAL-MEDIATOR,True,True,1,2
1,103,PER-SERVICE-ORAM,True,True,1,2
1,103,UNIFIED-OBLIVIOUS,True,True,1,2
1,103,FIXED-CANONICAL,True,True,1,2
1,103,TRUSTED-LOCAL,True,True,1,2
1,104,ORIGINAL-MEDIATOR,True,True,1,2
1,104,PER-SERVICE-ORAM,True,True,1,2
1,104,UNIFIED-OBLIVIOUS,True,True,1,2
1,104,FIXED-CANONICAL,True,True,1,2
1,104,TRUSTED-LOCAL,True,True,1,2
1,105,ORIGINAL-MEDIATOR,True,True,1,2
1,105,PER-SERVICE-ORAM,True,True,1,2
1,105,UNIFIED-OBLIVIOUS,True,True,1,2
1,105,FIXED-CANONICAL,True,True,1,2
1,105,TRUSTED-LOCAL,True,True,1,2
1,106,ORIGINAL-MEDIATOR,True,True,1,1
1,106,PER-SERVICE-ORAM,True,True,1,1
1,106,UNIFIED-OBLIVIOUS,True,True,1,1
1,106,FIXED-CANONICAL,True,True,1,1
1,106,TRUSTED-LOCAL,True,True,1,1
1,107,ORIGINAL-MEDIATOR,True,True,1,1
1,107,PER-SERVICE-ORAM,True,True,1,1
1,107,UNIFIED-OBLIVIOUS,True,True,1,1
1,107,FIXED-CANONICAL,True,True,1,1
1,107,TRUSTED-LOCAL,True,True,1,1
1,108,ORIGINAL-MEDIATOR,True,False,0,1
1,108,PER-SERVICE-ORAM,True,False,0,1
1,108,UNIFIED-OBLIVIOUS,True,False,0,1
1,108,FIXED-CANONICAL,True,False,0,1
1,108,TRUSTED-LOCAL,True,False,0,1
1,109,ORIGINAL-MEDIATOR,True,True,1,2
1,109,PER-SERVICE-ORAM,True,True,1,2
1,109,UNIFIED-OBLIVIOUS,True,True,1,2
1,109,FIXED-CANONICAL,True,True,1,2
1,109,TRUSTED-LOCAL,True,True,1,2
1,110,ORIGINAL-MEDIATOR,True,False,0,1
1,110,PER-SERVICE-ORAM,True,False,0,1
1,110,UNIFIED-OBLIVIOUS,True,False,0,1
1,110,FIXED-CANONICAL,True,False,0,1
1,110,TRUSTED-LOCAL,True,False,0,1
1,111,ORIGINAL-MEDIATOR,True,True,1,2
1,111,PER-SERVICE-ORAM,True,True,1,2
1,111,UNIFIED-OBLIVIOUS,True,True,1,2
1,111,FIXED-CANONICAL,True,True,1,2
1,111,TRUSTED-LOCAL,True,True,1,2
1,112,ORIGINAL-MEDIATOR,True,True,1,1
1,112,PER-SERVICE-ORAM,True,True,1,1
1,112,UNIFIED-OBLIVIOUS,True,True,1,1
1,112,FIXED-CANONICAL,True,True,1,1
1,112,TRUSTED-LOCAL,True,True,1,1
1,113,ORIGINAL-MEDIATOR,True,False,0,1
1,113,PER-SERVICE-ORAM,True,False,0,1
1,113,UNIFIED-OBLIVIOUS,True,False,0,1
1,113,FIXED-CANONICAL,True,False,0,1
1,113,TRUSTED-LOCAL,True,False,0,1
1,114,ORIGINAL-MEDIATOR,True,True,1,1
1,114,PER-SERVICE-ORAM,True,True,1,1
1,114,UNIFIED-OBLIVIOUS,True,True,1,1
1,114,FIXED-CANONICAL,True,True,1,1
1,114,TRUSTED-LOCAL,True,True,1,1
1,115,ORIGINAL-MEDIATOR,True,True,1,2
1,115,PER-SERVICE-ORAM,True,True,1,2
1,115,UNIFIED-OBLIVIOUS,True,True,1,2
1,115,FIXED-CANONICAL,True,True,1,2
1,115,TRUSTED-LOCAL,True,True,1,2
1,116,ORIGINAL-MEDIATOR,True,True,1,2
1,116,PER-SERVICE-ORAM,True,True,1,2
1,116,UNIFIED-OBLIVIOUS,True,True,1,2
1,116,FIXED-CANONICAL,True,True,1,2
1,116,TRUSTED-LOCAL,True,True,1,2
1,117,ORIGINAL-MEDIATOR,True,True,1,1
1,117,PER-SERVICE-ORAM,True,True,1,1
1,117,UNIFIED-OBLIVIOUS,True,True,1,1
1,117,FIXED-CANONICAL,True,True,1,1
1,117,TRUSTED-LOCAL,True,True,1,1
1,118,ORIGINAL-MEDIATOR,True,True,1,1
1,118,PER-SERVICE-ORAM,True,True,1,1
1,118,UNIFIED-OBLIVIOUS,True,True,1,1
1,118,FIXED-CANONICAL,True,True,1,1
1,118,TRUSTED-LOCAL,True,True,1,1
1,119,ORIGINAL-MEDIATOR,True,False,0,1
1,119,PER-SERVICE-ORAM,True,False,0,1
1,119,UNIFIED-OBLIVIOUS,True,False,0,1
1,119,FIXED-CANONICAL,True,False,0,1
1,119,TRUSTED-LOCAL,True,False,0,1
1,120,ORIGINAL-MEDIATOR,True,True,1,2
1,120,PER-SERVICE-ORAM,True,True,1,2
1,120,UNIFIED-OBLIVIOUS,True,True,1,2
1,120,FIXED-CANONICAL,True,True,1,2
1,120,TRUSTED-LOCAL,True,True,1,2
1,121,ORIGINAL-MEDIATOR,True,True,1,1
1,121,PER-SERVICE-ORAM,True,True,1,1
1,121,UNIFIED-OBLIVIOUS,True,True,1,1
1,121,FIXED-CANONICAL,True,True,1,1
1,121,TRUSTED-LOCAL,True,True,1,1
1,122,ORIGINAL-MEDIATOR,True,True,1,1
1,122,PER-SERVICE-ORAM,True,True,1,1
1,122,UNIFIED-OBLIVIOUS,True,True,1,1
1,122,FIXED-CANONICAL,True,True,1,1
1,122,TRUSTED-LOCAL,True,True,1,1
1,123,ORIGINAL-MEDIATOR,True,True,1,1
1,123,PER-SERVICE-ORAM,True,True,1,1
1,123,UNIFIED-OBLIVIOUS,True,True,1,1
1,123,FIXED-CANONICAL,True,True,1,1
1,123,TRUSTED-LOCAL,True,True,1,1
1,124,ORIGINAL-MEDIATOR,True,True,1,1
1,124,PER-SERVICE-ORAM,True,True,1,1
1,124,UNIFIED-OBLIVIOUS,True,True,1,1
1,124,FIXED-CANONICAL,True,True,1,1
1,124,TRUSTED-LOCAL,True,True,1,1
1,125,ORIGINAL-MEDIATOR,True,True,1,2
1,125,PER-SERVICE-ORAM,True,True,1,2
1,125,UNIFIED-OBLIVIOUS,True,True,1,2
1,125,FIXED-CANONICAL,True,True,1,2
1,125,TRUSTED-LOCAL,True,True,1,2
1,126,ORIGINAL-MEDIATOR,True,True,1,2
1,126,PER-SERVICE-ORAM,True,True,1,2
1,126,UNIFIED-OBLIVIOUS,True,True,1,2
1,126,FIXED-CANONICAL,True,True,1,2
1,126,TRUSTED-LOCAL,True,True,1,2
1,127,ORIGINAL-MEDIATOR,True,True,1,1
1,127,PER-SERVICE-ORAM,True,True,1,1
1,127,UNIFIED-OBLIVIOUS,True,True,1,1
1,127,FIXED-CANONICAL,True,True,1,1
1,127,TRUSTED-LOCAL,True,True,1,1
1,128,ORIGINAL-MEDIATOR,True,False,0,1
1,128,PER-SERVICE-ORAM,True,False,0,1
1,128,UNIFIED-OBLIVIOUS,True,False,0,1
1,128,FIXED-CANONICAL,True,False,0,1
1,128,TRUSTED-LOCAL,True,False,0,1
1,129,ORIGINAL-MEDIATOR,True,True,1,2
1,129,PER-SERVICE-ORAM,True,True,1,2
1,129,UNIFIED-OBLIVIOUS,True,True,1,2
1,129,FIXED-CANONICAL,True,True,1,2
1,129,TRUSTED-LOCAL,True,True,1,2
1,130,ORIGINAL-MEDIATOR,True,True,1,2
1,130,PER-SERVICE-ORAM,True,True,1,2
1,130,UNIFIED-OBLIVIOUS,True,True,1,2
1,130,FIXED-CANONICAL,True,True,1,2
1,130,TRUSTED-LOCAL,True,True,1,2
1,131,ORIGINAL-MEDIATOR,True,True,1,2
1,131,PER-SERVICE-ORAM,True,True,1,2
1,131,UNIFIED-OBLIVIOUS,True,True,1,2
1,131,FIXED-CANONICAL,True,True,1,2
1,131,TRUSTED-LOCAL,True,True,1,2
1,132,ORIGINAL-MEDIATOR,True,True,1,1
1,132,PER-SERVICE-ORAM,True,True,1,1
1,132,UNIFIED-OBLIVIOUS,True,True,1,1
1,132,FIXED-CANONICAL,True,True,1,1
1,132,TRUSTED-LOCAL,True,True,1,1
1,133,ORIGINAL-MEDIATOR,True,False,0,2
1,133,PER-SERVICE-ORAM,True,False,0,2
1,133,UNIFIED-OBLIVIOUS,True,False,0,2
1,133,FIXED-CANONICAL,True,False,0,2
1,133,TRUSTED-LOCAL,True,False,0,2
1,134,ORIGINAL-MEDIATOR,True,False,0,1
1,134,PER-SERVICE-ORAM,True,False,0,1
1,134,UNIFIED-OBLIVIOUS,True,False,0,1
1,134,FIXED-CANONICAL,True,False,0,1
1,134,TRUSTED-LOCAL,True,False,0,1
1,135,ORIGINAL-MEDIATOR,True,False,0,1
1,135,PER-SERVICE-ORAM,True,False,0,1
1,135,UNIFIED-OBLIVIOUS,True,False,0,1
1,135,FIXED-CANONICAL,True,False,0,1
1,135,TRUSTED-LOCAL,True,False,0,1
1,136,ORIGINAL-MEDIATOR,True,True,1,1
1,136,PER-SERVICE-ORAM,True,True,1,1
1,136,UNIFIED-OBLIVIOUS,True,True,1,1
1,136,FIXED-CANONICAL,True,True,1,1
1,136,TRUSTED-LOCAL,True,True,1,1
1,137,ORIGINAL-MEDIATOR,True,False,0,1
1,137,PER-SERVICE-ORAM,True,False,0,1
1,137,UNIFIED-OBLIVIOUS,True,False,0,1
1,137,FIXED-CANONICAL,True,False,0,1
1,137,TRUSTED-LOCAL,True,False,0,1
1,138,ORIGINAL-MEDIATOR,True,True,1,1
1,138,PER-SERVICE-ORAM,True,True,1,1
1,138,UNIFIED-OBLIVIOUS,True,True,1,1
1,138,FIXED-CANONICAL,True,True,1,1
1,138,TRUSTED-LOCAL,True,True,1,1
1,139,ORIGINAL-MEDIATOR,True,True,1,1
1,139,PER-SERVICE-ORAM,True,True,1,1
1,139,UNIFIED-OBLIVIOUS,True,True,1,1
1,139,FIXED-CANONICAL,True,True,1,1
1,139,TRUSTED-LOCAL,True,True,1,1
1,140,ORIGINAL-MEDIATOR,True,True,1,1
1,140,PER-SERVICE-ORAM,True,True,1,1
1,140,UNIFIED-OBLIVIOUS,True,True,1,1
1,140,FIXED-CANONICAL,True,True,1,1
1,140,TRUSTED-LOCAL,True,True,1,1
1,141,ORIGINAL-MEDIATOR,True,True,1,1
1,141,PER-SERVICE-ORAM,True,True,1,1
1,141,UNIFIED-OBLIVIOUS,True,True,1,1
1,141,FIXED-CANONICAL,True,True,1,1
1,141,TRUSTED-LOCAL,True,True,1,1
1,142,ORIGINAL-MEDIATOR,True,True,1,1
1,142,PER-SERVICE-ORAM,True,True,1,1
1,142,UNIFIED-OBLIVIOUS,True,True,1,1
1,142,FIXED-CANONICAL,True,True,1,1
1,142,TRUSTED-LOCAL,True,True,1,1
1,143,ORIGINAL-MEDIATOR,True,False,0,1
1,143,PER-SERVICE-ORAM,True,False,0,1
1,143,UNIFIED-OBLIVIOUS,True,False,0,1
1,143,FIXED-CANONICAL,True,False,0,1
1,143,TRUSTED-LOCAL,True,False,0,1
1,144,ORIGINAL-MEDIATOR,True,False,0,1
1,144,PER-SERVICE-ORAM,True,False,0,1
1,144,UNIFIED-OBLIVIOUS,True,False,0,1
1,144,FIXED-CANONICAL,True,False,0,1
1,144,TRUSTED-LOCAL,True,False,0,1
1,145,ORIGINAL-MEDIATOR,True,True,1,2
1,145,PER-SERVICE-ORAM,True,True,1,2
1,145,UNIFIED-OBLIVIOUS,True,True,1,2
1,145,FIXED-CANONICAL,True,True,1,2
1,145,TRUSTED-LOCAL,True,True,1,2
1,146,ORIGINAL-MEDIATOR,True,False,0,1
1,146,PER-SERVICE-ORAM,True,False,0,1
1,146,UNIFIED-OBLIVIOUS,True,False,0,1
1,146,FIXED-CANONICAL,True,False,0,1
1,146,TRUSTED-LOCAL,True,False,0,1
1,147,ORIGINAL-MEDIATOR,True,False,0,2
1,147,PER-SERVICE-ORAM,True,False,0,2
1,147,UNIFIED-OBLIVIOUS,True,False,0,2
1,147,FIXED-CANONICAL,True,False,0,2
1,147,TRUSTED-LOCAL,True,False,0,2
1,148,ORIGINAL-MEDIATOR,True,True,1,2
1,148,PER-SERVICE-ORAM,True,True,1,2
1,148,UNIFIED-OBLIVIOUS,True,True,1,2
1,148,FIXED-CANONICAL,True,True,1,2
1,148,TRUSTED-LOCAL,True,True,1,2
1,149,ORIGINAL-MEDIATOR,True,False,0,1
1,149,PER-SERVICE-ORAM,True,False,0,1
1,149,UNIFIED-OBLIVIOUS,True,False,0,1
1,149,FIXED-CANONICAL,True,False,0,1
1,149,TRUSTED-LOCAL,True,False,0,1
1,150,ORIGINAL-MEDIATOR,True,True,1,1
1,150,PER-SERVICE-ORAM,True,True,1,1
1,150,UNIFIED-OBLIVIOUS,True,True,1,1
1,150,FIXED-CANONICAL,True,True,1,1
1,150,TRUSTED-LOCAL,True,True,1,1
1,151,ORIGINAL-MEDIATOR,True,False,0,1
1,151,PER-SERVICE-ORAM,True,False,0,1
1,151,UNIFIED-OBLIVIOUS,True,False,0,1
1,151,FIXED-CANONICAL,True,False,0,1
1,151,TRUSTED-LOCAL,True,False,0,1
1,152,ORIGINAL-MEDIATOR,True,False,0,1
1,152,PER-SERVICE-ORAM,True,False,0,1
1,152,UNIFIED-OBLIVIOUS,True,False,0,1
1,152,FIXED-CANONICAL,True,False,0,1
1,152,TRUSTED-LOCAL,True,False,0,1
1,153,ORIGINAL-MEDIATOR,True,True,1,2
1,153,PER-SERVICE-ORAM,True,True,1,2
1,153,UNIFIED-OBLIVIOUS,True,True,1,2
1,153,FIXED-CANONICAL,True,True,1,2
1,153,TRUSTED-LOCAL,True,True,1,2
1,154,ORIGINAL-MEDIATOR,True,True,1,2
1,154,PER-SERVICE-ORAM,True,True,1,2
1,154,UNIFIED-OBLIVIOUS,True,True,1,2
1,154,FIXED-CANONICAL,True,True,1,2
1,154,TRUSTED-LOCAL,True,True,1,2
1,155,ORIGINAL-MEDIATOR,True,True,1,2
1,155,PER-SERVICE-ORAM,True,True,1,2
1,155,UNIFIED-OBLIVIOUS,True,True,1,2
1,155,FIXED-CANONICAL,True,True,1,2
1,155,TRUSTED-LOCAL,True,True,1,2
1,156,ORIGINAL-MEDIATOR,True,False,0,2
1,156,PER-SERVICE-ORAM,True,False,0,2
1,156,UNIFIED-OBLIVIOUS,True,False,0,2
1,156,FIXED-CANONICAL,True,False,0,2
1,156,TRUSTED-LOCAL,True,False,0,2
1,157,ORIGINAL-MEDIATOR,True,True,1,1
1,157,PER-SERVICE-ORAM,True,True,1,1
1,157,UNIFIED-OBLIVIOUS,True,True,1,1
1,157,FIXED-CANONICAL,True,True,1,1
1,157,TRUSTED-LOCAL,True,True,1,1
1,158,ORIGINAL-MEDIATOR,True,True,1,2
1,158,PER-SERVICE-ORAM,True,True,1,2
1,158,UNIFIED-OBLIVIOUS,True,True,1,2
1,158,FIXED-CANONICAL,True,True,1,2
1,158,TRUSTED-LOCAL,True,True,1,2
1,159,ORIGINAL-MEDIATOR,True,True,1,1
1,159,PER-SERVICE-ORAM,True,True,1,1
1,159,UNIFIED-OBLIVIOUS,True,True,1,1
1,159,FIXED-CANONICAL,True,True,1,1
1,159,TRUSTED-LOCAL,True,True,1,1
1,160,ORIGINAL-MEDIATOR,True,False,0,1
1,160,PER-SERVICE-ORAM,True,False,0,1
1,160,UNIFIED-OBLIVIOUS,True,False,0,1
1,160,FIXED-CANONICAL,True,False,0,1
1,160,TRUSTED-LOCAL,True,False,0,1
1,161,ORIGINAL-MEDIATOR,True,True,1,1
1,161,PER-SERVICE-ORAM,True,True,1,1
1,161,UNIFIED-OBLIVIOUS,True,True,1,1
1,161,FIXED-CANONICAL,True,True,1,1
1,161,TRUSTED-LOCAL,True,True,1,1
1,162,ORIGINAL-MEDIATOR,True,True,1,1
1,162,PER-SERVICE-ORAM,True,True,1,1
1,162,UNIFIED-OBLIVIOUS,True,True,1,1
1,162,FIXED-CANONICAL,True,True,1,1
1,162,TRUSTED-LOCAL,True,True,1,1
1,163,ORIGINAL-MEDIATOR,True,True,1,1
1,163,PER-SERVICE-ORAM,True,True,1,1
1,163,UNIFIED-OBLIVIOUS,True,True,1,1
1,163,FIXED-CANONICAL,True,True,1,1
1,163,TRUSTED-LOCAL,True,True,1,1
1,164,ORIGINAL-MEDIATOR,True,True,1,1
1,164,PER-SERVICE-ORAM,True,True,1,1
1,164,UNIFIED-OBLIVIOUS,True,True,1,1
1,164,FIXED-CANONICAL,True,True,1,1
1,164,TRUSTED-LOCAL,True,True,1,1
1,165,ORIGINAL-MEDIATOR,True,True,1,2
1,165,PER-SERVICE-ORAM,True,True,1,2
1,165,UNIFIED-OBLIVIOUS,True,True,1,2
1,165,FIXED-CANONICAL,True,True,1,2
1,165,TRUSTED-LOCAL,True,True,1,2
1,166,ORIGINAL-MEDIATOR,True,False,0,1
1,166,PER-SERVICE-ORAM,True,False,0,1
1,166,UNIFIED-OBLIVIOUS,True,False,0,1
1,166,FIXED-CANONICAL,True,False,0,1
1,166,TRUSTED-LOCAL,True,False,0,1
1,167,ORIGINAL-MEDIATOR,True,True,1,2
1,167,PER-SERVICE-ORAM,True,True,1,2
1,167,UNIFIED-OBLIVIOUS,True,True,1,2
1,167,FIXED-CANONICAL,True,True,1,2
1,167,TRUSTED-LOCAL,True,True,1,2
1,168,ORIGINAL-MEDIATOR,True,True,1,1
1,168,PER-SERVICE-ORAM,True,True,1,1
1,168,UNIFIED-OBLIVIOUS,True,True,1,1
1,168,FIXED-CANONICAL,True,True,1,1
1,168,TRUSTED-LOCAL,True,True,1,1
1,169,ORIGINAL-MEDIATOR,True,True,1,2
1,169,PER-SERVICE-ORAM,True,True,1,2
1,169,UNIFIED-OBLIVIOUS,True,True,1,2
1,169,FIXED-CANONICAL,True,True,1,2
1,169,TRUSTED-LOCAL,True,True,1,2
1,170,ORIGINAL-MEDIATOR,True,False,0,1
1,170,PER-SERVICE-ORAM,True,False,0,1
1,170,UNIFIED-OBLIVIOUS,True,False,0,1
1,170,FIXED-CANONICAL,True,False,0,1
1,170,TRUSTED-LOCAL,True,False,0,1
1,171,ORIGINAL-MEDIATOR,True,False,0,1
1,171,PER-SERVICE-ORAM,True,False,0,1
1,171,UNIFIED-OBLIVIOUS,True,False,0,1
1,171,FIXED-CANONICAL,True,False,0,1
1,171,TRUSTED-LOCAL,True,False,0,1
1,172,ORIGINAL-MEDIATOR,True,True,1,2
1,172,PER-SERVICE-ORAM,True,True,1,2
1,172,UNIFIED-OBLIVIOUS,True,True,1,2
1,172,FIXED-CANONICAL,True,True,1,2
1,172,TRUSTED-LOCAL,True,True,1,2
1,173,ORIGINAL-MEDIATOR,True,True,1,2
1,173,PER-SERVICE-ORAM,True,True,1,2
1,173,UNIFIED-OBLIVIOUS,True,True,1,2
1,173,FIXED-CANONICAL,True,True,1,2
1,173,TRUSTED-LOCAL,True,True,1,2
1,174,ORIGINAL-MEDIATOR,True,True,1,2
1,174,PER-SERVICE-ORAM,True,True,1,2
1,174,UNIFIED-OBLIVIOUS,True,True,1,2
1,174,FIXED-CANONICAL,True,True,1,2
1,174,TRUSTED-LOCAL,True,True,1,2
1,175,ORIGINAL-MEDIATOR,True,True,1,1
1,175,PER-SERVICE-ORAM,True,True,1,1
1,175,UNIFIED-OBLIVIOUS,True,True,1,1
1,175,FIXED-CANONICAL,True,True,1,1
1,175,TRUSTED-LOCAL,True,True,1,1
1,176,ORIGINAL-MEDIATOR,True,True,1,2
1,176,PER-SERVICE-ORAM,True,True,1,2
1,176,UNIFIED-OBLIVIOUS,True,True,1,2
1,176,FIXED-CANONICAL,True,True,1,2
1,176,TRUSTED-LOCAL,True,True,1,2
1,177,ORIGINAL-MEDIATOR,True,True,1,2
1,177,PER-SERVICE-ORAM,True,True,1,2
1,177,UNIFIED-OBLIVIOUS,True,True,1,2
1,177,FIXED-CANONICAL,True,True,1,2
1,177,TRUSTED-LOCAL,True,True,1,2
1,178,ORIGINAL-MEDIATOR,True,False,0,1
1,178,PER-SERVICE-ORAM,True,False,0,1
1,178,UNIFIED-OBLIVIOUS,True,False,0,1
1,178,FIXED-CANONICAL,True,False,0,1
1,178,TRUSTED-LOCAL,True,False,0,1
1,179,ORIGINAL-MEDIATOR,True,True,1,1
1,179,PER-SERVICE-ORAM,True,True,1,1
1,179,UNIFIED-OBLIVIOUS,True,True,1,1
1,179,FIXED-CANONICAL,True,True,1,1
1,179,TRUSTED-LOCAL,True,True,1,1
1,180,ORIGINAL-MEDIATOR,True,True,1,1
1,180,PER-SERVICE-ORAM,True,True,1,1
1,180,UNIFIED-OBLIVIOUS,True,True,1,1
1,180,FIXED-CANONICAL,True,True,1,1
1,180,TRUSTED-LOCAL,True,True,1,1
1,181,ORIGINAL-MEDIATOR,True,True,1,2
1,181,PER-SERVICE-ORAM,True,True,1,2
1,181,UNIFIED-OBLIVIOUS,True,True,1,2
1,181,FIXED-CANONICAL,True,True,1,2
1,181,TRUSTED-LOCAL,True,True,1,2
1,182,ORIGINAL-MEDIATOR,True,False,0,1
1,182,PER-SERVICE-ORAM,True,False,0,1
1,182,UNIFIED-OBLIVIOUS,True,False,0,1
1,182,FIXED-CANONICAL,True,False,0,1
1,182,TRUSTED-LOCAL,True,False,0,1
1,183,ORIGINAL-MEDIATOR,True,True,1,1
1,183,PER-SERVICE-ORAM,True,True,1,1
1,183,UNIFIED-OBLIVIOUS,True,True,1,1
1,183,FIXED-CANONICAL,True,True,1,1
1,183,TRUSTED-LOCAL,True,True,1,1
1,184,ORIGINAL-MEDIATOR,True,True,1,2
1,184,PER-SERVICE-ORAM,True,True,1,2
1,184,UNIFIED-OBLIVIOUS,True,True,1,2
1,184,FIXED-CANONICAL,True,True,1,2
1,184,TRUSTED-LOCAL,True,True,1,2
1,185,ORIGINAL-MEDIATOR,True,False,0,1
1,185,PER-SERVICE-ORAM,True,False,0,1
1,185,UNIFIED-OBLIVIOUS,True,False,0,1
1,185,FIXED-CANONICAL,True,False,0,1
1,185,TRUSTED-LOCAL,True,False,0,1
1,186,ORIGINAL-MEDIATOR,True,True,1,1
1,186,PER-SERVICE-ORAM,True,True,1,1
1,186,UNIFIED-OBLIVIOUS,True,True,1,1
1,186,FIXED-CANONICAL,True,True,1,1
1,186,TRUSTED-LOCAL,True,True,1,1
1,187,ORIGINAL-MEDIATOR,True,True,1,2
1,187,PER-SERVICE-ORAM,True,True,1,2
1,187,UNIFIED-OBLIVIOUS,True,True,1,2
1,187,FIXED-CANONICAL,True,True,1,2
1,187,TRUSTED-LOCAL,True,True,1,2
1,188,ORIGINAL-MEDIATOR,True,False,0,1
1,188,PER-SERVICE-ORAM,True,False,0,1
1,188,UNIFIED-OBLIVIOUS,True,False,0,1
1,188,FIXED-CANONICAL,True,False,0,1
1,188,TRUSTED-LOCAL,True,False,0,1
1,189,ORIGINAL-MEDIATOR,True,True,1,1
1,189,PER-SERVICE-ORAM,True,True,1,1
1,189,UNIFIED-OBLIVIOUS,True,True,1,1
1,189,FIXED-CANONICAL,True,True,1,1
1,189,TRUSTED-LOCAL,True,True,1,1
1,190,ORIGINAL-MEDIATOR,True,False,0,2
1,190,PER-SERVICE-ORAM,True,False,0,2
1,190,UNIFIED-OBLIVIOUS,True,False,0,2
1,190,FIXED-CANONICAL,True,False,0,2
1,190,TRUSTED-LOCAL,True,False,0,2
1,191,ORIGINAL-MEDIATOR,True,True,1,1
1,191,PER-SERVICE-ORAM,True,True,1,1
1,191,UNIFIED-OBLIVIOUS,True,True,1,1
1,191,FIXED-CANONICAL,True,True,1,1
1,191,TRUSTED-LOCAL,True,True,1,1
1,192,ORIGINAL-MEDIATOR,True,False,0,1
1,192,PER-SERVICE-ORAM,True,False,0,1
1,192,UNIFIED-OBLIVIOUS,True,False,0,1
1,192,FIXED-CANONICAL,True,False,0,1
1,192,TRUSTED-LOCAL,True,False,0,1
1,193,ORIGINAL-MEDIATOR,True,False,0,1
1,193,PER-SERVICE-ORAM,True,False,0,1
1,193,UNIFIED-OBLIVIOUS,True,False,0,1
1,193,FIXED-CANONICAL,True,False,0,1
1,193,TRUSTED-LOCAL,True,False,0,1
1,194,ORIGINAL-MEDIATOR,True,True,1,1
1,194,PER-SERVICE-ORAM,True,True,1,1
1,194,UNIFIED-OBLIVIOUS,True,True,1,1
1,194,FIXED-CANONICAL,True,True,1,1
1,194,TRUSTED-LOCAL,True,True,1,1
1,195,ORIGINAL-MEDIATOR,True,True,1,1
1,195,PER-SERVICE-ORAM,True,True,1,1
1,195,UNIFIED-OBLIVIOUS,True,True,1,1
1,195,FIXED-CANONICAL,True,True,1,1
1,195,TRUSTED-LOCAL,True,True,1,1
1,196,ORIGINAL-MEDIATOR,True,True,1,1
1,196,PER-SERVICE-ORAM,True,True,1,1
1,196,UNIFIED-OBLIVIOUS,True,True,1,1
1,196,FIXED-CANONICAL,True,True,1,1
1,196,TRUSTED-LOCAL,True,True,1,1
1,197,ORIGINAL-MEDIATOR,True,False,0,1
1,197,PER-SERVICE-ORAM,True,False,0,1
1,197,UNIFIED-OBLIVIOUS,True,False,0,1
1,197,FIXED-CANONICAL,True,False,0,1
1,197,TRUSTED-LOCAL,True,False,0,1
1,198,ORIGINAL-MEDIATOR,True,True,1,2
1,198,PER-SERVICE-ORAM,True,True,1,2
1,198,UNIFIED-OBLIVIOUS,True,True,1,2
1,198,FIXED-CANONICAL,True,True,1,2
1,198,TRUSTED-LOCAL,True,True,1,2
1,199,ORIGINAL-MEDIATOR,True,False,0,1
1,199,PER-SERVICE-ORAM,True,False,0,1
1,199,UNIFIED-OBLIVIOUS,True,False,0,1
1,199,FIXED-CANONICAL,True,False,0,1
1,199,TRUSTED-LOCAL,True,False,0,1
1,200,ORIGINAL-MEDIATOR,True,False,0,2
1,200,PER-SERVICE-ORAM,True,False,0,2
1,200,UNIFIED-OBLIVIOUS,True,False,0,2
1,200,FIXED-CANONICAL,True,False,0,2
1,200,TRUSTED-LOCAL,True,False,0,2
1,201,ORIGINAL-MEDIATOR,True,False,0,2
1,201,PER-SERVICE-ORAM,True,False,0,2
1,201,UNIFIED-OBLIVIOUS,True,False,0,2
1,201,FIXED-CANONICAL,True,False,0,2
1,201,TRUSTED-LOCAL,True,False,0,2
1,202,ORIGINAL-MEDIATOR,True,True,1,2
1,202,PER-SERVICE-ORAM,True,True,1,2
1,202,UNIFIED-OBLIVIOUS,True,True,1,2
1,202,FIXED-CANONICAL,True,True,1,2
1,202,TRUSTED-LOCAL,True,True,1,2
1,203,ORIGINAL-MEDIATOR,True,True,1,1
1,203,PER-SERVICE-ORAM,True,True,1,1
1,203,UNIFIED-OBLIVIOUS,True,True,1,1
1,203,FIXED-CANONICAL,True,True,1,1
1,203,TRUSTED-LOCAL,True,True,1,1
1,204,ORIGINAL-MEDIATOR,True,False,0,1
1,204,PER-SERVICE-ORAM,True,False,0,1
1,204,UNIFIED-OBLIVIOUS,True,False,0,1
1,204,FIXED-CANONICAL,True,False,0,1
1,204,TRUSTED-LOCAL,True,False,0,1
1,205,ORIGINAL-MEDIATOR,True,True,1,1
1,205,PER-SERVICE-ORAM,True,True,1,1
1,205,UNIFIED-OBLIVIOUS,True,True,1,1
1,205,FIXED-CANONICAL,True,True,1,1
1,205,TRUSTED-LOCAL,True,True,1,1
1,206,ORIGINAL-MEDIATOR,True,False,0,1
1,206,PER-SERVICE-ORAM,True,False,0,1
1,206,UNIFIED-OBLIVIOUS,True,False,0,1
1,206,FIXED-CANONICAL,True,False,0,1
1,206,TRUSTED-LOCAL,True,False,0,1
1,207,ORIGINAL-MEDIATOR,True,False,0,1
1,207,PER-SERVICE-ORAM,True,False,0,1
1,207,UNIFIED-OBLIVIOUS,True,False,0,1
1,207,FIXED-CANONICAL,True,False,0,1
1,207,TRUSTED-LOCAL,True,False,0,1
1,208,ORIGINAL-MEDIATOR,True,False,0,1
1,208,PER-SERVICE-ORAM,True,False,0,1
1,208,UNIFIED-OBLIVIOUS,True,False,0,1
1,208,FIXED-CANONICAL,True,False,0,1
1,208,TRUSTED-LOCAL,True,False,0,1
1,209,ORIGINAL-MEDIATOR,True,False,0,1
1,209,PER-SERVICE-ORAM,True,False,0,1
1,209,UNIFIED-OBLIVIOUS,True,False,0,1
1,209,FIXED-CANONICAL,True,False,0,1
1,209,TRUSTED-LOCAL,True,False,0,1
1,210,ORIGINAL-MEDIATOR,True,True,1,1
1,210,PER-SERVICE-ORAM,True,True,1,1
1,210,UNIFIED-OBLIVIOUS,True,True,1,1
1,210,FIXED-CANONICAL,True,True,1,1
1,210,TRUSTED-LOCAL,True,True,1,1
1,211,ORIGINAL-MEDIATOR,True,True,1,1
1,211,PER-SERVICE-ORAM,True,True,1,1
1,211,UNIFIED-OBLIVIOUS,True,True,1,1
1,211,FIXED-CANONICAL,True,True,1,1
1,211,TRUSTED-LOCAL,True,True,1,1
1,212,ORIGINAL-MEDIATOR,True,True,1,1
1,212,PER-SERVICE-ORAM,True,True,1,1
1,212,UNIFIED-OBLIVIOUS,True,True,1,1
1,212,FIXED-CANONICAL,True,True,1,1
1,212,TRUSTED-LOCAL,True,True,1,1
1,213,ORIGINAL-MEDIATOR,True,True,1,1
1,213,PER-SERVICE-ORAM,True,True,1,1
1,213,UNIFIED-OBLIVIOUS,True,True,1,1
1,213,FIXED-CANONICAL,True,True,1,1
1,213,TRUSTED-LOCAL,True,True,1,1
1,214,ORIGINAL-MEDIATOR,True,True,1,2
1,214,PER-SERVICE-ORAM,True,True,1,2
1,214,UNIFIED-OBLIVIOUS,True,True,1,2
1,214,FIXED-CANONICAL,True,True,1,2
1,214,TRUSTED-LOCAL,True,True,1,2
1,215,ORIGINAL-MEDIATOR,True,True,1,1
1,215,PER-SERVICE-ORAM,True,True,1,1
1,215,UNIFIED-OBLIVIOUS,True,True,1,1
1,215,FIXED-CANONICAL,True,True,1,1
1,215,TRUSTED-LOCAL,True,True,1,1
1,216,ORIGINAL-MEDIATOR,True,True,1,1
1,216,PER-SERVICE-ORAM,True,True,1,1
1,216,UNIFIED-OBLIVIOUS,True,True,1,1
1,216,FIXED-CANONICAL,True,True,1,1
1,216,TRUSTED-LOCAL,True,True,1,1
1,217,ORIGINAL-MEDIATOR,True,False,0,1
1,217,PER-SERVICE-ORAM,True,False,0,1
1,217,UNIFIED-OBLIVIOUS,True,False,0,1
1,217,FIXED-CANONICAL,True,False,0,1
1,217,TRUSTED-LOCAL,True,False,0,1
1,218,ORIGINAL-MEDIATOR,True,True,1,2
1,218,PER-SERVICE-ORAM,True,True,1,2
1,218,UNIFIED-OBLIVIOUS,True,True,1,2
1,218,FIXED-CANONICAL,True,True,1,2
1,218,TRUSTED-LOCAL,True,True,1,2
1,219,ORIGINAL-MEDIATOR,True,True,1,2
1,219,PER-SERVICE-ORAM,True,True,1,2
1,219,UNIFIED-OBLIVIOUS,True,True,1,2
1,219,FIXED-CANONICAL,True,True,1,2
1,219,TRUSTED-LOCAL,True,True,1,2
1,220,ORIGINAL-MEDIATOR,True,False,0,1
1,220,PER-SERVICE-ORAM,True,False,0,1
1,220,UNIFIED-OBLIVIOUS,True,False,0,1
1,220,FIXED-CANONICAL,True,False,0,1
1,220,TRUSTED-LOCAL,True,False,0,1
1,221,ORIGINAL-MEDIATOR,True,True,1,1
1,221,PER-SERVICE-ORAM,True,True,1,1
1,221,UNIFIED-OBLIVIOUS,True,True,1,1
1,221,FIXED-CANONICAL,True,True,1,1
1,221,TRUSTED-LOCAL,True,True,1,1
1,222,ORIGINAL-MEDIATOR,True,False,0,1
1,222,PER-SERVICE-ORAM,True,False,0,1
1,222,UNIFIED-OBLIVIOUS,True,False,0,1
1,222,FIXED-CANONICAL,True,False,0,1
1,222,TRUSTED-LOCAL,True,False,0,1
1,223,ORIGINAL-MEDIATOR,True,True,1,1
1,223,PER-SERVICE-ORAM,True,True,1,1
1,223,UNIFIED-OBLIVIOUS,True,True,1,1
1,223,FIXED-CANONICAL,True,True,1,1
1,223,TRUSTED-LOCAL,True,True,1,1
1,224,ORIGINAL-MEDIATOR,True,False,0,2
1,224,PER-SERVICE-ORAM,True,False,0,2
1,224,UNIFIED-OBLIVIOUS,True,False,0,2
1,224,FIXED-CANONICAL,True,False,0,2
1,224,TRUSTED-LOCAL,True,False,0,2
1,225,ORIGINAL-MEDIATOR,True,False,0,1
1,225,PER-SERVICE-ORAM,True,False,0,1
1,225,UNIFIED-OBLIVIOUS,True,False,0,1
1,225,FIXED-CANONICAL,True,False,0,1
1,225,TRUSTED-LOCAL,True,False,0,1
1,226,ORIGINAL-MEDIATOR,True,True,1,2
1,226,PER-SERVICE-ORAM,True,True,1,2
1,226,UNIFIED-OBLIVIOUS,True,True,1,2
1,226,FIXED-CANONICAL,True,True,1,2
1,226,TRUSTED-LOCAL,True,True,1,2
1,227,ORIGINAL-MEDIATOR,True,True,1,1
1,227,PER-SERVICE-ORAM,True,True,1,1
1,227,UNIFIED-OBLIVIOUS,True,True,1,1
1,227,FIXED-CANONICAL,True,True,1,1
1,227,TRUSTED-LOCAL,True,True,1,1
1,228,ORIGINAL-MEDIATOR,True,True,1,1
1,228,PER-SERVICE-ORAM,True,True,1,1
1,228,UNIFIED-OBLIVIOUS,True,True,1,1
1,228,FIXED-CANONICAL,True,True,1,1
1,228,TRUSTED-LOCAL,True,True,1,1
1,229,ORIGINAL-MEDIATOR,True,True,1,1
1,229,PER-SERVICE-ORAM,True,True,1,1
1,229,UNIFIED-OBLIVIOUS,True,True,1,1
1,229,FIXED-CANONICAL,True,True,1,1
1,229,TRUSTED-LOCAL,True,True,1,1
1,230,ORIGINAL-MEDIATOR,True,True,1,1
1,230,PER-SERVICE-ORAM,True,True,1,1
1,230,UNIFIED-OBLIVIOUS,True,True,1,1
1,230,FIXED-CANONICAL,True,True,1,1
1,230,TRUSTED-LOCAL,True,True,1,1
1,231,ORIGINAL-MEDIATOR,True,False,0,2
1,231,PER-SERVICE-ORAM,True,False,0,2
1,231,UNIFIED-OBLIVIOUS,True,False,0,2
1,231,FIXED-CANONICAL,True,False,0,2
1,231,TRUSTED-LOCAL,True,False,0,2
1,232,ORIGINAL-MEDIATOR,True,True,1,2
1,232,PER-SERVICE-ORAM,True,True,1,2
1,232,UNIFIED-OBLIVIOUS,True,True,1,2
1,232,FIXED-CANONICAL,True,True,1,2
1,232,TRUSTED-LOCAL,True,True,1,2
1,233,ORIGINAL-MEDIATOR,True,True,1,2
1,233,PER-SERVICE-ORAM,True,True,1,2
1,233,UNIFIED-OBLIVIOUS,True,True,1,2
1,233,FIXED-CANONICAL,True,True,1,2
1,233,TRUSTED-LOCAL,True,True,1,2
1,234,ORIGINAL-MEDIATOR,True,True,1,2
1,234,PER-SERVICE-ORAM,True,True,1,2
1,234,UNIFIED-OBLIVIOUS,True,True,1,2
1,234,FIXED-CANONICAL,True,True,1,2
1,234,TRUSTED-LOCAL,True,True,1,2
1,235,ORIGINAL-MEDIATOR,True,False,0,1
1,235,PER-SERVICE-ORAM,True,False,0,1
1,235,UNIFIED-OBLIVIOUS,True,False,0,1
1,235,FIXED-CANONICAL,True,False,0,1
1,235,TRUSTED-LOCAL,True,False,0,1
1,236,ORIGINAL-MEDIATOR,True,False,0,2
1,236,PER-SERVICE-ORAM,True,False,0,2
1,236,UNIFIED-OBLIVIOUS,True,False,0,2
1,236,FIXED-CANONICAL,True,False,0,2
1,236,TRUSTED-LOCAL,True,False,0,2
1,237,ORIGINAL-MEDIATOR,True,True,1,1
1,237,PER-SERVICE-ORAM,True,True,1,1
1,237,UNIFIED-OBLIVIOUS,True,True,1,1
1,237,FIXED-CANONICAL,True,True,1,1
1,237,TRUSTED-LOCAL,True,True,1,1
1,238,ORIGINAL-MEDIATOR,True,True,1,2
1,238,PER-SERVICE-ORAM,True,True,1,2
1,238,UNIFIED-OBLIVIOUS,True,True,1,2
1,238,FIXED-CANONICAL,True,True,1,2
1,238,TRUSTED-LOCAL,True,True,1,2
1,239,ORIGINAL-MEDIATOR,True,False,0,1
1,239,PER-SERVICE-ORAM,True,False,0,1
1,239,UNIFIED-OBLIVIOUS,True,False,0,1
1,239,FIXED-CANONICAL,True,False,0,1
1,239,TRUSTED-LOCAL,True,False,0,1
1,240,ORIGINAL-MEDIATOR,True,True,1,1
1,240,PER-SERVICE-ORAM,True,True,1,1
1,240,UNIFIED-OBLIVIOUS,True,True,1,1
1,240,FIXED-CANONICAL,True,True,1,1
1,240,TRUSTED-LOCAL,True,True,1,1
1,241,ORIGINAL-MEDIATOR,True,False,0,2
1,241,PER-SERVICE-ORAM,True,False,0,2
1,241,UNIFIED-OBLIVIOUS,True,False,0,2
1,241,FIXED-CANONICAL,True,False,0,2
1,241,TRUSTED-LOCAL,True,False,0,2
1,242,ORIGINAL-MEDIATOR,True,True,1,2
1,242,PER-SERVICE-ORAM,True,True,1,2
1,242,UNIFIED-OBLIVIOUS,True,True,1,2
1,242,FIXED-CANONICAL,True,True,1,2
1,242,TRUSTED-LOCAL,True,True,1,2
1,243,ORIGINAL-MEDIATOR,True,False,0,2
1,243,PER-SERVICE-ORAM,True,False,0,2
1,243,UNIFIED-OBLIVIOUS,True,False,0,2
1,243,FIXED-CANONICAL,True,False,0,2
1,243,TRUSTED-LOCAL,True,False,0,2
1,244,ORIGINAL-MEDIATOR,True,True,1,2
1,244,PER-SERVICE-ORAM,True,True,1,2
1,244,UNIFIED-OBLIVIOUS,True,True,1,2
1,244,FIXED-CANONICAL,True,True,1,2
1,244,TRUSTED-LOCAL,True,True,1,2
1,245,ORIGINAL-MEDIATOR,True,False,0,2
1,245,PER-SERVICE-ORAM,True,False,0,2
1,245,UNIFIED-OBLIVIOUS,True,False,0,2
1,245,FIXED-CANONICAL,True,False,0,2
1,245,TRUSTED-LOCAL,True,False,0,2
1,246,ORIGINAL-MEDIATOR,True,True,1,2
1,246,PER-SERVICE-ORAM,True,True,1,2
1,246,UNIFIED-OBLIVIOUS,True,True,1,2
1,246,FIXED-CANONICAL,True,True,1,2
1,246,TRUSTED-LOCAL,True,True,1,2
1,247,ORIGINAL-MEDIATOR,True,True,1,2
1,247,PER-SERVICE-ORAM,True,True,1,2
1,247,UNIFIED-OBLIVIOUS,True,True,1,2
1,247,FIXED-CANONICAL,True,True,1,2
1,247,TRUSTED-LOCAL,True,True,1,2
1,248,ORIGINAL-MEDIATOR,True,False,0,1
1,248,PER-SERVICE-ORAM,True,False,0,1
1,248,UNIFIED-OBLIVIOUS,True,False,0,1
1,248,FIXED-CANONICAL,True,False,0,1
1,248,TRUSTED-LOCAL,True,False,0,1
1,249,ORIGINAL-MEDIATOR,True,False,0,1
1,249,PER-SERVICE-ORAM,True,False,0,1
1,249,UNIFIED-OBLIVIOUS,True,False,0,1
1,249,FIXED-CANONICAL,True,False,0,1
1,249,TRUSTED-LOCAL,True,False,0,1
1,250,ORIGINAL-MEDIATOR,True,True,1,2
1,250,PER-SERVICE-ORAM,True,True,1,2
1,250,UNIFIED-OBLIVIOUS,True,True,1,2
1,250,FIXED-CANONICAL,True,True,1,2
1,250,TRUSTED-LOCAL,True,True,1,2
1,251,ORIGINAL-MEDIATOR,True,True,1,1
1,251,PER-SERVICE-ORAM,True,True,1,1
1,251,UNIFIED-OBLIVIOUS,True,True,1,1
1,251,FIXED-CANONICAL,True,True,1,1
1,251,TRUSTED-LOCAL,True,True,1,1
1,252,ORIGINAL-MEDIATOR,True,False,0,2
1,252,PER-SERVICE-ORAM,True,False,0,2
1,252,UNIFIED-OBLIVIOUS,True,False,0,2
1,252,FIXED-CANONICAL,True,False,0,2
1,252,TRUSTED-LOCAL,True,False,0,2
1,253,ORIGINAL-MEDIATOR,True,True,1,1
1,253,PER-SERVICE-ORAM,True,True,1,1
1,253,UNIFIED-OBLIVIOUS,True,True,1,1
1,253,FIXED-CANONICAL,True,True,1,1
1,253,TRUSTED-LOCAL,True,True,1,1
1,254,ORIGINAL-MEDIATOR,True,True,1,1
1,254,PER-SERVICE-ORAM,True,True,1,1
1,254,UNIFIED-OBLIVIOUS,True,True,1,1
1,254,FIXED-CANONICAL,True,True,1,1
1,254,TRUSTED-LOCAL,True,True,1,1
1,255,ORIGINAL-MEDIATOR,True,True,1,1
1,255,PER-SERVICE-ORAM,True,True,1,1
1,255,UNIFIED-OBLIVIOUS,True,True,1,1
1,255,FIXED-CANONICAL,True,True,1,1
1,255,TRUSTED-LOCAL,True,True,1,1
1,256,ORIGINAL-MEDIATOR,True,True,1,2
1,256,PER-SERVICE-ORAM,True,True,1,2
1,256,UNIFIED-OBLIVIOUS,True,True,1,2
1,256,FIXED-CANONICAL,True,True,1,2
1,256,TRUSTED-LOCAL,True,True,1,2
1,257,ORIGINAL-MEDIATOR,True,True,1,1
1,257,PER-SERVICE-ORAM,True,True,1,1
1,257,UNIFIED-OBLIVIOUS,True,True,1,1
1,257,FIXED-CANONICAL,True,True,1,1
1,257,TRUSTED-LOCAL,True,True,1,1
1,258,ORIGINAL-MEDIATOR,True,True,1,2
1,258,PER-SERVICE-ORAM,True,True,1,2
1,258,UNIFIED-OBLIVIOUS,True,True,1,2
1,258,FIXED-CANONICAL,True,True,1,2
1,258,TRUSTED-LOCAL,True,True,1,2
1,259,ORIGINAL-MEDIATOR,True,True,1,2
1,259,PER-SERVICE-ORAM,True,True,1,2
1,259,UNIFIED-OBLIVIOUS,True,True,1,2
1,259,FIXED-CANONICAL,True,True,1,2
1,259,TRUSTED-LOCAL,True,True,1,2
1,260,ORIGINAL-MEDIATOR,True,True,1,1
1,260,PER-SERVICE-ORAM,True,True,1,1
1,260,UNIFIED-OBLIVIOUS,True,True,1,1
1,260,FIXED-CANONICAL,True,True,1,1
1,260,TRUSTED-LOCAL,True,True,1,1
1,261,ORIGINAL-MEDIATOR,True,False,0,2
1,261,PER-SERVICE-ORAM,True,False,0,2
1,261,UNIFIED-OBLIVIOUS,True,False,0,2
1,261,FIXED-CANONICAL,True,False,0,2
1,261,TRUSTED-LOCAL,True,False,0,2
1,262,ORIGINAL-MEDIATOR,True,True,1,1
1,262,PER-SERVICE-ORAM,True,True,1,1
1,262,UNIFIED-OBLIVIOUS,True,True,1,1
1,262,FIXED-CANONICAL,True,True,1,1
1,262,TRUSTED-LOCAL,True,True,1,1
1,263,ORIGINAL-MEDIATOR,True,False,0,2
1,263,PER-SERVICE-ORAM,True,False,0,2
1,263,UNIFIED-OBLIVIOUS,True,False,0,2
1,263,FIXED-CANONICAL,True,False,0,2
1,263,TRUSTED-LOCAL,True,False,0,2
1,264,ORIGINAL-MEDIATOR,True,False,0,2
1,264,PER-SERVICE-ORAM,True,False,0,2
1,264,UNIFIED-OBLIVIOUS,True,False,0,2
1,264,FIXED-CANONICAL,True,False,0,2
1,264,TRUSTED-LOCAL,True,False,0,2
1,265,ORIGINAL-MEDIATOR,True,False,0,1
1,265,PER-SERVICE-ORAM,True,False,0,1
1,265,UNIFIED-OBLIVIOUS,True,False,0,1
1,265,FIXED-CANONICAL,True,False,0,1
1,265,TRUSTED-LOCAL,True,False,0,1
1,266,ORIGINAL-MEDIATOR,True,True,1,2
1,266,PER-SERVICE-ORAM,True,True,1,2
1,266,UNIFIED-OBLIVIOUS,True,True,1,2
1,266,FIXED-CANONICAL,True,True,1,2
1,266,TRUSTED-LOCAL,True,True,1,2
1,267,ORIGINAL-MEDIATOR,True,True,1,1
1,267,PER-SERVICE-ORAM,True,True,1,1
1,267,UNIFIED-OBLIVIOUS,True,True,1,1
1,267,FIXED-CANONICAL,True,True,1,1
1,267,TRUSTED-LOCAL,True,True,1,1
1,268,ORIGINAL-MEDIATOR,True,True,1,1
1,268,PER-SERVICE-ORAM,True,True,1,1
1,268,UNIFIED-OBLIVIOUS,True,True,1,1
1,268,FIXED-CANONICAL,True,True,1,1
1,268,TRUSTED-LOCAL,True,True,1,1
1,269,ORIGINAL-MEDIATOR,True,False,0,2
1,269,PER-SERVICE-ORAM,True,False,0,2
1,269,UNIFIED-OBLIVIOUS,True,False,0,2
1,269,FIXED-CANONICAL,True,False,0,2
1,269,TRUSTED-LOCAL,True,False,0,2
1,270,ORIGINAL-MEDIATOR,True,True,1,2
1,270,PER-SERVICE-ORAM,True,True,1,2
1,270,UNIFIED-OBLIVIOUS,True,True,1,2
1,270,FIXED-CANONICAL,True,True,1,2
1,270,TRUSTED-LOCAL,True,True,1,2
1,271,ORIGINAL-MEDIATOR,True,True,1,1
1,271,PER-SERVICE-ORAM,True,True,1,1
1,271,UNIFIED-OBLIVIOUS,True,True,1,1
1,271,FIXED-CANONICAL,True,True,1,1
1,271,TRUSTED-LOCAL,True,True,1,1
1,272,ORIGINAL-MEDIATOR,True,True,1,1
1,272,PER-SERVICE-ORAM,True,True,1,1
1,272,UNIFIED-OBLIVIOUS,True,True,1,1
1,272,FIXED-CANONICAL,True,True,1,1
1,272,TRUSTED-LOCAL,True,True,1,1
1,273,ORIGINAL-MEDIATOR,True,False,0,2
1,273,PER-SERVICE-ORAM,True,False,0,2
1,273,UNIFIED-OBLIVIOUS,True,False,0,2
1,273,FIXED-CANONICAL,True,False,0,2
1,273,TRUSTED-LOCAL,True,False,0,2
1,274,ORIGINAL-MEDIATOR,True,True,1,1
1,274,PER-SERVICE-ORAM,True,True,1,1
1,274,UNIFIED-OBLIVIOUS,True,True,1,1
1,274,FIXED-CANONICAL,True,True,1,1
1,274,TRUSTED-LOCAL,True,True,1,1
1,275,ORIGINAL-MEDIATOR,True,True,1,1
1,275,PER-SERVICE-ORAM,True,True,1,1
1,275,UNIFIED-OBLIVIOUS,True,True,1,1
1,275,FIXED-CANONICAL,True,True,1,1
1,275,TRUSTED-LOCAL,True,True,1,1
1,276,ORIGINAL-MEDIATOR,True,False,0,2
1,276,PER-SERVICE-ORAM,True,False,0,2
1,276,UNIFIED-OBLIVIOUS,True,False,0,2
1,276,FIXED-CANONICAL,True,False,0,2
1,276,TRUSTED-LOCAL,True,False,0,2
1,277,ORIGINAL-MEDIATOR,True,True,1,2
1,277,PER-SERVICE-ORAM,True,True,1,2
1,277,UNIFIED-OBLIVIOUS,True,True,1,2
1,277,FIXED-CANONICAL,True,True,1,2
1,277,TRUSTED-LOCAL,True,True,1,2
1,278,ORIGINAL-MEDIATOR,True,False,0,2
1,278,PER-SERVICE-ORAM,True,False,0,2
1,278,UNIFIED-OBLIVIOUS,True,False,0,2
1,278,FIXED-CANONICAL,True,False,0,2
1,278,TRUSTED-LOCAL,True,False,0,2
1,279,ORIGINAL-MEDIATOR,True,False,0,1
1,279,PER-SERVICE-ORAM,True,False,0,1
1,279,UNIFIED-OBLIVIOUS,True,False,0,1
1,279,FIXED-CANONICAL,True,False,0,1
1,279,TRUSTED-LOCAL,True,False,0,1
1,280,ORIGINAL-MEDIATOR,True,False,0,1
1,280,PER-SERVICE-ORAM,True,False,0,1
1,280,UNIFIED-OBLIVIOUS,True,False,0,1
1,280,FIXED-CANONICAL,True,False,0,1
1,280,TRUSTED-LOCAL,True,False,0,1
1,281,ORIGINAL-MEDIATOR,True,True,1,2
1,281,PER-SERVICE-ORAM,True,True,1,2
1,281,UNIFIED-OBLIVIOUS,True,True,1,2
1,281,FIXED-CANONICAL,True,True,1,2
1,281,TRUSTED-LOCAL,True,True,1,2
1,282,ORIGINAL-MEDIATOR,True,True,1,1
1,282,PER-SERVICE-ORAM,True,True,1,1
1,282,UNIFIED-OBLIVIOUS,True,True,1,1
1,282,FIXED-CANONICAL,True,True,1,1
1,282,TRUSTED-LOCAL,True,True,1,1
1,283,ORIGINAL-MEDIATOR,True,True,1,2
1,283,PER-SERVICE-ORAM,True,True,1,2
1,283,UNIFIED-OBLIVIOUS,True,True,1,2
1,283,FIXED-CANONICAL,True,True,1,2
1,283,TRUSTED-LOCAL,True,True,1,2
1,284,ORIGINAL-MEDIATOR,True,False,0,2
1,284,PER-SERVICE-ORAM,True,False,0,2
1,284,UNIFIED-OBLIVIOUS,True,False,0,2
1,284,FIXED-CANONICAL,True,False,0,2
1,284,TRUSTED-LOCAL,True,False,0,2
1,285,ORIGINAL-MEDIATOR,True,True,1,1
1,285,PER-SERVICE-ORAM,True,True,1,1
1,285,UNIFIED-OBLIVIOUS,True,True,1,1
1,285,FIXED-CANONICAL,True,True,1,1
1,285,TRUSTED-LOCAL,True,True,1,1
1,286,ORIGINAL-MEDIATOR,True,False,0,1
1,286,PER-SERVICE-ORAM,True,False,0,1
1,286,UNIFIED-OBLIVIOUS,True,False,0,1
1,286,FIXED-CANONICAL,True,False,0,1
1,286,TRUSTED-LOCAL,True,False,0,1
1,287,ORIGINAL-MEDIATOR,True,True,1,1
1,287,PER-SERVICE-ORAM,True,True,1,1
1,287,UNIFIED-OBLIVIOUS,True,True,1,1
1,287,FIXED-CANONICAL,True,True,1,1
1,287,TRUSTED-LOCAL,True,True,1,1
1,288,ORIGINAL-MEDIATOR,True,False,0,1
1,288,PER-SERVICE-ORAM,True,False,0,1
1,288,UNIFIED-OBLIVIOUS,True,False,0,1
1,288,FIXED-CANONICAL,True,False,0,1
1,288,TRUSTED-LOCAL,True,False,0,1
1,289,ORIGINAL-MEDIATOR,True,True,1,1
1,289,PER-SERVICE-ORAM,True,True,1,1
1,289,UNIFIED-OBLIVIOUS,True,True,1,1
1,289,FIXED-CANONICAL,True,True,1,1
1,289,TRUSTED-LOCAL,True,True,1,1
1,290,ORIGINAL-MEDIATOR,True,False,0,2
1,290,PER-SERVICE-ORAM,True,False,0,2
1,290,UNIFIED-OBLIVIOUS,True,False,0,2
1,290,FIXED-CANONICAL,True,False,0,2
1,290,TRUSTED-LOCAL,True,False,0,2
1,291,ORIGINAL-MEDIATOR,True,True,1,1
1,291,PER-SERVICE-ORAM,True,True,1,1
1,291,UNIFIED-OBLIVIOUS,True,True,1,1
1,291,FIXED-CANONICAL,True,True,1,1
1,291,TRUSTED-LOCAL,True,True,1,1
1,292,ORIGINAL-MEDIATOR,True,False,0,2
1,292,PER-SERVICE-ORAM,True,False,0,2
1,292,UNIFIED-OBLIVIOUS,True,False,0,2
1,292,FIXED-CANONICAL,True,False,0,2
1,292,TRUSTED-LOCAL,True,False,0,2
1,293,ORIGINAL-MEDIATOR,True,False,0,1
1,293,PER-SERVICE-ORAM,True,False,0,1
1,293,UNIFIED-OBLIVIOUS,True,False,0,1
1,293,FIXED-CANONICAL,True,False,0,1
1,293,TRUSTED-LOCAL,True,False,0,1
1,294,ORIGINAL-MEDIATOR,True,False,0,1
1,294,PER-SERVICE-ORAM,True,False,0,1
1,294,UNIFIED-OBLIVIOUS,True,False,0,1
1,294,FIXED-CANONICAL,True,False,0,1
1,294,TRUSTED-LOCAL,True,False,0,1
1,295,ORIGINAL-MEDIATOR,True,True,1,1
1,295,PER-SERVICE-ORAM,True,True,1,1
1,295,UNIFIED-OBLIVIOUS,True,True,1,1
1,295,FIXED-CANONICAL,True,True,1,1
1,295,TRUSTED-LOCAL,True,True,1,1
1,296,ORIGINAL-MEDIATOR,True,True,1,2
1,296,PER-SERVICE-ORAM,True,True,1,2
1,296,UNIFIED-OBLIVIOUS,True,True,1,2
1,296,FIXED-CANONICAL,True,True,1,2
1,296,TRUSTED-LOCAL,True,True,1,2
1,297,ORIGINAL-MEDIATOR,True,True,1,1
1,297,PER-SERVICE-ORAM,True,True,1,1
1,297,UNIFIED-OBLIVIOUS,True,True,1,1
1,297,FIXED-CANONICAL,True,True,1,1
1,297,TRUSTED-LOCAL,True,True,1,1
1,298,ORIGINAL-MEDIATOR,True,True,1,2
1,298,PER-SERVICE-ORAM,True,True,1,2
1,298,UNIFIED-OBLIVIOUS,True,True,1,2
1,298,FIXED-CANONICAL,True,True,1,2
1,298,TRUSTED-LOCAL,True,True,1,2
1,299,ORIGINAL-MEDIATOR,True,False,0,1
1,299,PER-SERVICE-ORAM,True,False,0,1
1,299,UNIFIED-OBLIVIOUS,True,False,0,1
1,299,FIXED-CANONICAL,True,False,0,1
1,299,TRUSTED-LOCAL,True,False,0,1
1,300,ORIGINAL-MEDIATOR,True,True,1,2
1,300,PER-SERVICE-ORAM,True,True,1,2
1,300,UNIFIED-OBLIVIOUS,True,True,1,2
1,300,FIXED-CANONICAL,True,True,1,2
1,300,TRUSTED-LOCAL,True,True,1,2
1,301,ORIGINAL-MEDIATOR,True,True,1,1
1,301,PER-SERVICE-ORAM,True,True,1,1
1,301,UNIFIED-OBLIVIOUS,True,True,1,1
1,301,FIXED-CANONICAL,True,True,1,1
1,301,TRUSTED-LOCAL,True,True,1,1
1,302,ORIGINAL-MEDIATOR,True,False,0,1
1,302,PER-SERVICE-ORAM,True,False,0,1
1,302,UNIFIED-OBLIVIOUS,True,False,0,1
1,302,FIXED-CANONICAL,True,False,0,1
1,302,TRUSTED-LOCAL,True,False,0,1
1,303,ORIGINAL-MEDIATOR,True,False,0,1
1,303,PER-SERVICE-ORAM,True,False,0,1
1,303,UNIFIED-OBLIVIOUS,True,False,0,1
1,303,FIXED-CANONICAL,True,False,0,1
1,303,TRUSTED-LOCAL,True,False,0,1
1,304,ORIGINAL-MEDIATOR,True,True,1,1
1,304,PER-SERVICE-ORAM,True,True,1,1
1,304,UNIFIED-OBLIVIOUS,True,True,1,1
1,304,FIXED-CANONICAL,True,True,1,1
1,304,TRUSTED-LOCAL,True,True,1,1
1,305,ORIGINAL-MEDIATOR,True,False,0,1
1,305,PER-SERVICE-ORAM,True,False,0,1
1,305,UNIFIED-OBLIVIOUS,True,False,0,1
1,305,FIXED-CANONICAL,True,False,0,1
1,305,TRUSTED-LOCAL,True,False,0,1
1,306,ORIGINAL-MEDIATOR,True,False,0,1
1,306,PER-SERVICE-ORAM,True,False,0,1
1,306,UNIFIED-OBLIVIOUS,True,False,0,1
1,306,FIXED-CANONICAL,True,False,0,1
1,306,TRUSTED-LOCAL,True,False,0,1
1,307,ORIGINAL-MEDIATOR,True,True,1,1
1,307,PER-SERVICE-ORAM,True,True,1,1
1,307,UNIFIED-OBLIVIOUS,True,True,1,1
1,307,FIXED-CANONICAL,True,True,1,1
1,307,TRUSTED-LOCAL,True,True,1,1
1,308,ORIGINAL-MEDIATOR,True,True,1,1
1,308,PER-SERVICE-ORAM,True,True,1,1
1,308,UNIFIED-OBLIVIOUS,True,True,1,1
1,308,FIXED-CANONICAL,True,True,1,1
1,308,TRUSTED-LOCAL,True,True,1,1
1,309,ORIGINAL-MEDIATOR,True,False,0,1
1,309,PER-SERVICE-ORAM,True,False,0,1
1,309,UNIFIED-OBLIVIOUS,True,False,0,1
1,309,FIXED-CANONICAL,True,False,0,1
1,309,TRUSTED-LOCAL,True,False,0,1
1,310,ORIGINAL-MEDIATOR,True,True,1,1
1,310,PER-SERVICE-ORAM,True,True,1,1
1,310,UNIFIED-OBLIVIOUS,True,True,1,1
1,310,FIXED-CANONICAL,True,True,1,1
1,310,TRUSTED-LOCAL,True,True,1,1
1,311,ORIGINAL-MEDIATOR,True,False,0,1
1,311,PER-SERVICE-ORAM,True,False,0,1
1,311,UNIFIED-OBLIVIOUS,True,False,0,1
1,311,FIXED-CANONICAL,True,False,0,1
1,311,TRUSTED-LOCAL,True,False,0,1
1,312,ORIGINAL-MEDIATOR,True,True,1,2
1,312,PER-SERVICE-ORAM,True,True,1,2
1,312,UNIFIED-OBLIVIOUS,True,True,1,2
1,312,FIXED-CANONICAL,True,True,1,2
1,312,TRUSTED-LOCAL,True,True,1,2
1,313,ORIGINAL-MEDIATOR,True,True,1,1
1,313,PER-SERVICE-ORAM,True,True,1,1
1,313,UNIFIED-OBLIVIOUS,True,True,1,1
1,313,FIXED-CANONICAL,True,True,1,1
1,313,TRUSTED-LOCAL,True,True,1,1
1,314,ORIGINAL-MEDIATOR,True,False,0,1
1,314,PER-SERVICE-ORAM,True,False,0,1
1,314,UNIFIED-OBLIVIOUS,True,False,0,1
1,314,FIXED-CANONICAL,True,False,0,1
1,314,TRUSTED-LOCAL,True,False,0,1
1,315,ORIGINAL-MEDIATOR,True,False,0,1
1,315,PER-SERVICE-ORAM,True,False,0,1
1,315,UNIFIED-OBLIVIOUS,True,False,0,1
1,315,FIXED-CANONICAL,True,False,0,1
1,315,TRUSTED-LOCAL,True,False,0,1
1,316,ORIGINAL-MEDIATOR,True,False,0,2
1,316,PER-SERVICE-ORAM,True,False,0,2
1,316,UNIFIED-OBLIVIOUS,True,False,0,2
1,316,FIXED-CANONICAL,True,False,0,2
1,316,TRUSTED-LOCAL,True,False,0,2
1,317,ORIGINAL-MEDIATOR,True,False,0,2
1,317,PER-SERVICE-ORAM,True,False,0,2
1,317,UNIFIED-OBLIVIOUS,True,False,0,2
1,317,FIXED-CANONICAL,True,False,0,2
1,317,TRUSTED-LOCAL,True,False,0,2
1,318,ORIGINAL-MEDIATOR,True,False,0,2
1,318,PER-SERVICE-ORAM,True,False,0,2
1,318,UNIFIED-OBLIVIOUS,True,False,0,2
1,318,FIXED-CANONICAL,True,False,0,2
1,318,TRUSTED-LOCAL,True,False,0,2
1,319,ORIGINAL-MEDIATOR,True,True,1,2
1,319,PER-SERVICE-ORAM,True,True,1,2
1,319,UNIFIED-OBLIVIOUS,True,True,1,2
1,319,FIXED-CANONICAL,True,True,1,2
1,319,TRUSTED-LOCAL,True,True,1,2
2,0,ORIGINAL-MEDIATOR,True,True,1,1
2,0,PER-SERVICE-ORAM,True,True,1,1
2,0,UNIFIED-OBLIVIOUS,True,True,1,1
2,0,FIXED-CANONICAL,True,True,1,1
2,0,TRUSTED-LOCAL,True,True,1,1
2,1,ORIGINAL-MEDIATOR,True,True,1,1
2,1,PER-SERVICE-ORAM,True,True,1,1
2,1,UNIFIED-OBLIVIOUS,True,True,1,1
2,1,FIXED-CANONICAL,True,True,1,1
2,1,TRUSTED-LOCAL,True,True,1,1
2,2,ORIGINAL-MEDIATOR,True,True,1,2
2,2,PER-SERVICE-ORAM,True,True,1,2
2,2,UNIFIED-OBLIVIOUS,True,True,1,2
2,2,FIXED-CANONICAL,True,True,1,2
2,2,TRUSTED-LOCAL,True,True,1,2
2,3,ORIGINAL-MEDIATOR,True,True,1,1
2,3,PER-SERVICE-ORAM,True,True,1,1
2,3,UNIFIED-OBLIVIOUS,True,True,1,1
2,3,FIXED-CANONICAL,True,True,1,1
2,3,TRUSTED-LOCAL,True,True,1,1
2,4,ORIGINAL-MEDIATOR,True,False,0,1
2,4,PER-SERVICE-ORAM,True,False,0,1
2,4,UNIFIED-OBLIVIOUS,True,False,0,1
2,4,FIXED-CANONICAL,True,False,0,1
2,4,TRUSTED-LOCAL,True,False,0,1
2,5,ORIGINAL-MEDIATOR,True,True,1,1
2,5,PER-SERVICE-ORAM,True,True,1,1
2,5,UNIFIED-OBLIVIOUS,True,True,1,1
2,5,FIXED-CANONICAL,True,True,1,1
2,5,TRUSTED-LOCAL,True,True,1,1
2,6,ORIGINAL-MEDIATOR,True,True,1,2
2,6,PER-SERVICE-ORAM,True,True,1,2
2,6,UNIFIED-OBLIVIOUS,True,True,1,2
2,6,FIXED-CANONICAL,True,True,1,2
2,6,TRUSTED-LOCAL,True,True,1,2
2,7,ORIGINAL-MEDIATOR,True,True,1,2
2,7,PER-SERVICE-ORAM,True,True,1,2
2,7,UNIFIED-OBLIVIOUS,True,True,1,2
2,7,FIXED-CANONICAL,True,True,1,2
2,7,TRUSTED-LOCAL,True,True,1,2
2,8,ORIGINAL-MEDIATOR,True,False,0,1
2,8,PER-SERVICE-ORAM,True,False,0,1
2,8,UNIFIED-OBLIVIOUS,True,False,0,1
2,8,FIXED-CANONICAL,True,False,0,1
2,8,TRUSTED-LOCAL,True,False,0,1
2,9,ORIGINAL-MEDIATOR,True,True,1,1
2,9,PER-SERVICE-ORAM,True,True,1,1
2,9,UNIFIED-OBLIVIOUS,True,True,1,1
2,9,FIXED-CANONICAL,True,True,1,1
2,9,TRUSTED-LOCAL,True,True,1,1
2,10,ORIGINAL-MEDIATOR,True,False,0,2
2,10,PER-SERVICE-ORAM,True,False,0,2
2,10,UNIFIED-OBLIVIOUS,True,False,0,2
2,10,FIXED-CANONICAL,True,False,0,2
2,10,TRUSTED-LOCAL,True,False,0,2
2,11,ORIGINAL-MEDIATOR,True,True,1,1
2,11,PER-SERVICE-ORAM,True,True,1,1
2,11,UNIFIED-OBLIVIOUS,True,True,1,1
2,11,FIXED-CANONICAL,True,True,1,1
2,11,TRUSTED-LOCAL,True,True,1,1
2,12,ORIGINAL-MEDIATOR,True,True,1,2
2,12,PER-SERVICE-ORAM,True,True,1,2
2,12,UNIFIED-OBLIVIOUS,True,True,1,2
2,12,FIXED-CANONICAL,True,True,1,2
2,12,TRUSTED-LOCAL,True,True,1,2
2,13,ORIGINAL-MEDIATOR,True,False,0,2
2,13,PER-SERVICE-ORAM,True,False,0,2
2,13,UNIFIED-OBLIVIOUS,True,False,0,2
2,13,FIXED-CANONICAL,True,False,0,2
2,13,TRUSTED-LOCAL,True,False,0,2
2,14,ORIGINAL-MEDIATOR,True,False,0,1
2,14,PER-SERVICE-ORAM,True,False,0,1
2,14,UNIFIED-OBLIVIOUS,True,False,0,1
2,14,FIXED-CANONICAL,True,False,0,1
2,14,TRUSTED-LOCAL,True,False,0,1
2,15,ORIGINAL-MEDIATOR,True,False,0,1
2,15,PER-SERVICE-ORAM,True,False,0,1
2,15,UNIFIED-OBLIVIOUS,True,False,0,1
2,15,FIXED-CANONICAL,True,False,0,1
2,15,TRUSTED-LOCAL,True,False,0,1
2,16,ORIGINAL-MEDIATOR,True,True,1,1
2,16,PER-SERVICE-ORAM,True,True,1,1
2,16,UNIFIED-OBLIVIOUS,True,True,1,1
2,16,FIXED-CANONICAL,True,True,1,1
2,16,TRUSTED-LOCAL,True,True,1,1
2,17,ORIGINAL-MEDIATOR,True,False,0,2
2,17,PER-SERVICE-ORAM,True,False,0,2
2,17,UNIFIED-OBLIVIOUS,True,False,0,2
2,17,FIXED-CANONICAL,True,False,0,2
2,17,TRUSTED-LOCAL,True,False,0,2
2,18,ORIGINAL-MEDIATOR,True,False,0,2
2,18,PER-SERVICE-ORAM,True,False,0,2
2,18,UNIFIED-OBLIVIOUS,True,False,0,2
2,18,FIXED-CANONICAL,True,False,0,2
2,18,TRUSTED-LOCAL,True,False,0,2
2,19,ORIGINAL-MEDIATOR,True,True,1,2
2,19,PER-SERVICE-ORAM,True,True,1,2
2,19,UNIFIED-OBLIVIOUS,True,True,1,2
2,19,FIXED-CANONICAL,True,True,1,2
2,19,TRUSTED-LOCAL,True,True,1,2
2,20,ORIGINAL-MEDIATOR,True,False,0,2
2,20,PER-SERVICE-ORAM,True,False,0,2
2,20,UNIFIED-OBLIVIOUS,True,False,0,2
2,20,FIXED-CANONICAL,True,False,0,2
2,20,TRUSTED-LOCAL,True,False,0,2
2,21,ORIGINAL-MEDIATOR,True,True,1,2
2,21,PER-SERVICE-ORAM,True,True,1,2
2,21,UNIFIED-OBLIVIOUS,True,True,1,2
2,21,FIXED-CANONICAL,True,True,1,2
2,21,TRUSTED-LOCAL,True,True,1,2
2,22,ORIGINAL-MEDIATOR,True,True,1,1
2,22,PER-SERVICE-ORAM,True,True,1,1
2,22,UNIFIED-OBLIVIOUS,True,True,1,1
2,22,FIXED-CANONICAL,True,True,1,1
2,22,TRUSTED-LOCAL,True,True,1,1
2,23,ORIGINAL-MEDIATOR,True,True,1,2
2,23,PER-SERVICE-ORAM,True,True,1,2
2,23,UNIFIED-OBLIVIOUS,True,True,1,2
2,23,FIXED-CANONICAL,True,True,1,2
2,23,TRUSTED-LOCAL,True,True,1,2
2,24,ORIGINAL-MEDIATOR,True,True,1,2
2,24,PER-SERVICE-ORAM,True,True,1,2
2,24,UNIFIED-OBLIVIOUS,True,True,1,2
2,24,FIXED-CANONICAL,True,True,1,2
2,24,TRUSTED-LOCAL,True,True,1,2
2,25,ORIGINAL-MEDIATOR,True,False,0,1
2,25,PER-SERVICE-ORAM,True,False,0,1
2,25,UNIFIED-OBLIVIOUS,True,False,0,1
2,25,FIXED-CANONICAL,True,False,0,1
2,25,TRUSTED-LOCAL,True,False,0,1
2,26,ORIGINAL-MEDIATOR,True,False,0,2
2,26,PER-SERVICE-ORAM,True,False,0,2
2,26,UNIFIED-OBLIVIOUS,True,False,0,2
2,26,FIXED-CANONICAL,True,False,0,2
2,26,TRUSTED-LOCAL,True,False,0,2
2,27,ORIGINAL-MEDIATOR,True,True,1,1
2,27,PER-SERVICE-ORAM,True,True,1,1
2,27,UNIFIED-OBLIVIOUS,True,True,1,1
2,27,FIXED-CANONICAL,True,True,1,1
2,27,TRUSTED-LOCAL,True,True,1,1
2,28,ORIGINAL-MEDIATOR,True,False,0,1
2,28,PER-SERVICE-ORAM,True,False,0,1
2,28,UNIFIED-OBLIVIOUS,True,False,0,1
2,28,FIXED-CANONICAL,True,False,0,1
2,28,TRUSTED-LOCAL,True,False,0,1
2,29,ORIGINAL-MEDIATOR,True,False,0,1
2,29,PER-SERVICE-ORAM,True,False,0,1
2,29,UNIFIED-OBLIVIOUS,True,False,0,1
2,29,FIXED-CANONICAL,True,False,0,1
2,29,TRUSTED-LOCAL,True,False,0,1
2,30,ORIGINAL-MEDIATOR,True,True,1,2
2,30,PER-SERVICE-ORAM,True,True,1,2
2,30,UNIFIED-OBLIVIOUS,True,True,1,2
2,30,FIXED-CANONICAL,True,True,1,2
2,30,TRUSTED-LOCAL,True,True,1,2
2,31,ORIGINAL-MEDIATOR,True,True,1,2
2,31,PER-SERVICE-ORAM,True,True,1,2
2,31,UNIFIED-OBLIVIOUS,True,True,1,2
2,31,FIXED-CANONICAL,True,True,1,2
2,31,TRUSTED-LOCAL,True,True,1,2
2,32,ORIGINAL-MEDIATOR,True,False,0,1
2,32,PER-SERVICE-ORAM,True,False,0,1
2,32,UNIFIED-OBLIVIOUS,True,False,0,1
2,32,FIXED-CANONICAL,True,False,0,1
2,32,TRUSTED-LOCAL,True,False,0,1
2,33,ORIGINAL-MEDIATOR,True,True,1,2
2,33,PER-SERVICE-ORAM,True,True,1,2
2,33,UNIFIED-OBLIVIOUS,True,True,1,2
2,33,FIXED-CANONICAL,True,True,1,2
2,33,TRUSTED-LOCAL,True,True,1,2
2,34,ORIGINAL-MEDIATOR,True,False,0,2
2,34,PER-SERVICE-ORAM,True,False,0,2
2,34,UNIFIED-OBLIVIOUS,True,False,0,2
2,34,FIXED-CANONICAL,True,False,0,2
2,34,TRUSTED-LOCAL,True,False,0,2
2,35,ORIGINAL-MEDIATOR,True,True,1,2
2,35,PER-SERVICE-ORAM,True,True,1,2
2,35,UNIFIED-OBLIVIOUS,True,True,1,2
2,35,FIXED-CANONICAL,True,True,1,2
2,35,TRUSTED-LOCAL,True,True,1,2
2,36,ORIGINAL-MEDIATOR,True,True,1,2
2,36,PER-SERVICE-ORAM,True,True,1,2
2,36,UNIFIED-OBLIVIOUS,True,True,1,2
2,36,FIXED-CANONICAL,True,True,1,2
2,36,TRUSTED-LOCAL,True,True,1,2
2,37,ORIGINAL-MEDIATOR,True,True,1,1
2,37,PER-SERVICE-ORAM,True,True,1,1
2,37,UNIFIED-OBLIVIOUS,True,True,1,1
2,37,FIXED-CANONICAL,True,True,1,1
2,37,TRUSTED-LOCAL,True,True,1,1
2,38,ORIGINAL-MEDIATOR,True,False,0,1
2,38,PER-SERVICE-ORAM,True,False,0,1
2,38,UNIFIED-OBLIVIOUS,True,False,0,1
2,38,FIXED-CANONICAL,True,False,0,1
2,38,TRUSTED-LOCAL,True,False,0,1
2,39,ORIGINAL-MEDIATOR,True,False,0,2
2,39,PER-SERVICE-ORAM,True,False,0,2
2,39,UNIFIED-OBLIVIOUS,True,False,0,2
2,39,FIXED-CANONICAL,True,False,0,2
2,39,TRUSTED-LOCAL,True,False,0,2
2,40,ORIGINAL-MEDIATOR,True,False,0,1
2,40,PER-SERVICE-ORAM,True,False,0,1
2,40,UNIFIED-OBLIVIOUS,True,False,0,1
2,40,FIXED-CANONICAL,True,False,0,1
2,40,TRUSTED-LOCAL,True,False,0,1
2,41,ORIGINAL-MEDIATOR,True,False,0,2
2,41,PER-SERVICE-ORAM,True,False,0,2
2,41,UNIFIED-OBLIVIOUS,True,False,0,2
2,41,FIXED-CANONICAL,True,False,0,2
2,41,TRUSTED-LOCAL,True,False,0,2
2,42,ORIGINAL-MEDIATOR,True,True,1,1
2,42,PER-SERVICE-ORAM,True,True,1,1
2,42,UNIFIED-OBLIVIOUS,True,True,1,1
2,42,FIXED-CANONICAL,True,True,1,1
2,42,TRUSTED-LOCAL,True,True,1,1
2,43,ORIGINAL-MEDIATOR,True,True,1,2
2,43,PER-SERVICE-ORAM,True,True,1,2
2,43,UNIFIED-OBLIVIOUS,True,True,1,2
2,43,FIXED-CANONICAL,True,True,1,2
2,43,TRUSTED-LOCAL,True,True,1,2
2,44,ORIGINAL-MEDIATOR,True,True,1,1
2,44,PER-SERVICE-ORAM,True,True,1,1
2,44,UNIFIED-OBLIVIOUS,True,True,1,1
2,44,FIXED-CANONICAL,True,True,1,1
2,44,TRUSTED-LOCAL,True,True,1,1
2,45,ORIGINAL-MEDIATOR,True,True,1,1
2,45,PER-SERVICE-ORAM,True,True,1,1
2,45,UNIFIED-OBLIVIOUS,True,True,1,1
2,45,FIXED-CANONICAL,True,True,1,1
2,45,TRUSTED-LOCAL,True,True,1,1
2,46,ORIGINAL-MEDIATOR,True,True,1,1
2,46,PER-SERVICE-ORAM,True,True,1,1
2,46,UNIFIED-OBLIVIOUS,True,True,1,1
2,46,FIXED-CANONICAL,True,True,1,1
2,46,TRUSTED-LOCAL,True,True,1,1
2,47,ORIGINAL-MEDIATOR,True,False,0,1
2,47,PER-SERVICE-ORAM,True,False,0,1
2,47,UNIFIED-OBLIVIOUS,True,False,0,1
2,47,FIXED-CANONICAL,True,False,0,1
2,47,TRUSTED-LOCAL,True,False,0,1
2,48,ORIGINAL-MEDIATOR,True,False,0,1
2,48,PER-SERVICE-ORAM,True,False,0,1
2,48,UNIFIED-OBLIVIOUS,True,False,0,1
2,48,FIXED-CANONICAL,True,False,0,1
2,48,TRUSTED-LOCAL,True,False,0,1
2,49,ORIGINAL-MEDIATOR,True,True,1,2
2,49,PER-SERVICE-ORAM,True,True,1,2
2,49,UNIFIED-OBLIVIOUS,True,True,1,2
2,49,FIXED-CANONICAL,True,True,1,2
2,49,TRUSTED-LOCAL,True,True,1,2
2,50,ORIGINAL-MEDIATOR,True,False,0,1
2,50,PER-SERVICE-ORAM,True,False,0,1
2,50,UNIFIED-OBLIVIOUS,True,False,0,1
2,50,FIXED-CANONICAL,True,False,0,1
2,50,TRUSTED-LOCAL,True,False,0,1
2,51,ORIGINAL-MEDIATOR,True,False,0,1
2,51,PER-SERVICE-ORAM,True,False,0,1
2,51,UNIFIED-OBLIVIOUS,True,False,0,1
2,51,FIXED-CANONICAL,True,False,0,1
2,51,TRUSTED-LOCAL,True,False,0,1
2,52,ORIGINAL-MEDIATOR,True,True,1,1
2,52,PER-SERVICE-ORAM,True,True,1,1
2,52,UNIFIED-OBLIVIOUS,True,True,1,1
2,52,FIXED-CANONICAL,True,True,1,1
2,52,TRUSTED-LOCAL,True,True,1,1
2,53,ORIGINAL-MEDIATOR,True,False,0,1
2,53,PER-SERVICE-ORAM,True,False,0,1
2,53,UNIFIED-OBLIVIOUS,True,False,0,1
2,53,FIXED-CANONICAL,True,False,0,1
2,53,TRUSTED-LOCAL,True,False,0,1
2,54,ORIGINAL-MEDIATOR,True,True,1,1
2,54,PER-SERVICE-ORAM,True,True,1,1
2,54,UNIFIED-OBLIVIOUS,True,True,1,1
2,54,FIXED-CANONICAL,True,True,1,1
2,54,TRUSTED-LOCAL,True,True,1,1
2,55,ORIGINAL-MEDIATOR,True,True,1,2
2,55,PER-SERVICE-ORAM,True,True,1,2
2,55,UNIFIED-OBLIVIOUS,True,True,1,2
2,55,FIXED-CANONICAL,True,True,1,2
2,55,TRUSTED-LOCAL,True,True,1,2
2,56,ORIGINAL-MEDIATOR,True,False,0,2
2,56,PER-SERVICE-ORAM,True,False,0,2
2,56,UNIFIED-OBLIVIOUS,True,False,0,2
2,56,FIXED-CANONICAL,True,False,0,2
2,56,TRUSTED-LOCAL,True,False,0,2
2,57,ORIGINAL-MEDIATOR,True,False,0,1
2,57,PER-SERVICE-ORAM,True,False,0,1
2,57,UNIFIED-OBLIVIOUS,True,False,0,1
2,57,FIXED-CANONICAL,True,False,0,1
2,57,TRUSTED-LOCAL,True,False,0,1
2,58,ORIGINAL-MEDIATOR,True,False,0,1
2,58,PER-SERVICE-ORAM,True,False,0,1
2,58,UNIFIED-OBLIVIOUS,True,False,0,1
2,58,FIXED-CANONICAL,True,False,0,1
2,58,TRUSTED-LOCAL,True,False,0,1
2,59,ORIGINAL-MEDIATOR,True,False,0,2
2,59,PER-SERVICE-ORAM,True,False,0,2
2,59,UNIFIED-OBLIVIOUS,True,False,0,2
2,59,FIXED-CANONICAL,True,False,0,2
2,59,TRUSTED-LOCAL,True,False,0,2
2,60,ORIGINAL-MEDIATOR,True,True,1,2
2,60,PER-SERVICE-ORAM,True,True,1,2
2,60,UNIFIED-OBLIVIOUS,True,True,1,2
2,60,FIXED-CANONICAL,True,True,1,2
2,60,TRUSTED-LOCAL,True,True,1,2
2,61,ORIGINAL-MEDIATOR,True,True,1,2
2,61,PER-SERVICE-ORAM,True,True,1,2
2,61,UNIFIED-OBLIVIOUS,True,True,1,2
2,61,FIXED-CANONICAL,True,True,1,2
2,61,TRUSTED-LOCAL,True,True,1,2
2,62,ORIGINAL-MEDIATOR,True,True,1,1
2,62,PER-SERVICE-ORAM,True,True,1,1
2,62,UNIFIED-OBLIVIOUS,True,True,1,1
2,62,FIXED-CANONICAL,True,True,1,1
2,62,TRUSTED-LOCAL,True,True,1,1
2,63,ORIGINAL-MEDIATOR,True,False,0,1
2,63,PER-SERVICE-ORAM,True,False,0,1
2,63,UNIFIED-OBLIVIOUS,True,False,0,1
2,63,FIXED-CANONICAL,True,False,0,1
2,63,TRUSTED-LOCAL,True,False,0,1
2,64,ORIGINAL-MEDIATOR,True,False,0,1
2,64,PER-SERVICE-ORAM,True,False,0,1
2,64,UNIFIED-OBLIVIOUS,True,False,0,1
2,64,FIXED-CANONICAL,True,False,0,1
2,64,TRUSTED-LOCAL,True,False,0,1
2,65,ORIGINAL-MEDIATOR,True,True,1,2
2,65,PER-SERVICE-ORAM,True,True,1,2
2,65,UNIFIED-OBLIVIOUS,True,True,1,2
2,65,FIXED-CANONICAL,True,True,1,2
2,65,TRUSTED-LOCAL,True,True,1,2
2,66,ORIGINAL-MEDIATOR,True,False,0,1
2,66,PER-SERVICE-ORAM,True,False,0,1
2,66,UNIFIED-OBLIVIOUS,True,False,0,1
2,66,FIXED-CANONICAL,True,False,0,1
2,66,TRUSTED-LOCAL,True,False,0,1
2,67,ORIGINAL-MEDIATOR,True,True,1,1
2,67,PER-SERVICE-ORAM,True,True,1,1
2,67,UNIFIED-OBLIVIOUS,True,True,1,1
2,67,FIXED-CANONICAL,True,True,1,1
2,67,TRUSTED-LOCAL,True,True,1,1
2,68,ORIGINAL-MEDIATOR,True,False,0,1
2,68,PER-SERVICE-ORAM,True,False,0,1
2,68,UNIFIED-OBLIVIOUS,True,False,0,1
2,68,FIXED-CANONICAL,True,False,0,1
2,68,TRUSTED-LOCAL,True,False,0,1
2,69,ORIGINAL-MEDIATOR,True,True,1,2
2,69,PER-SERVICE-ORAM,True,True,1,2
2,69,UNIFIED-OBLIVIOUS,True,True,1,2
2,69,FIXED-CANONICAL,True,True,1,2
2,69,TRUSTED-LOCAL,True,True,1,2
2,70,ORIGINAL-MEDIATOR,True,True,1,2
2,70,PER-SERVICE-ORAM,True,True,1,2
2,70,UNIFIED-OBLIVIOUS,True,True,1,2
2,70,FIXED-CANONICAL,True,True,1,2
2,70,TRUSTED-LOCAL,True,True,1,2
2,71,ORIGINAL-MEDIATOR,True,True,1,1
2,71,PER-SERVICE-ORAM,True,True,1,1
2,71,UNIFIED-OBLIVIOUS,True,True,1,1
2,71,FIXED-CANONICAL,True,True,1,1
2,71,TRUSTED-LOCAL,True,True,1,1
2,72,ORIGINAL-MEDIATOR,True,True,1,1
2,72,PER-SERVICE-ORAM,True,True,1,1
2,72,UNIFIED-OBLIVIOUS,True,True,1,1
2,72,FIXED-CANONICAL,True,True,1,1
2,72,TRUSTED-LOCAL,True,True,1,1
2,73,ORIGINAL-MEDIATOR,True,False,0,1
2,73,PER-SERVICE-ORAM,True,False,0,1
2,73,UNIFIED-OBLIVIOUS,True,False,0,1
2,73,FIXED-CANONICAL,True,False,0,1
2,73,TRUSTED-LOCAL,True,False,0,1
2,74,ORIGINAL-MEDIATOR,True,True,1,2
2,74,PER-SERVICE-ORAM,True,True,1,2
2,74,UNIFIED-OBLIVIOUS,True,True,1,2
2,74,FIXED-CANONICAL,True,True,1,2
2,74,TRUSTED-LOCAL,True,True,1,2
2,75,ORIGINAL-MEDIATOR,True,False,0,1
2,75,PER-SERVICE-ORAM,True,False,0,1
2,75,UNIFIED-OBLIVIOUS,True,False,0,1
2,75,FIXED-CANONICAL,True,False,0,1
2,75,TRUSTED-LOCAL,True,False,0,1
2,76,ORIGINAL-MEDIATOR,True,True,1,2
2,76,PER-SERVICE-ORAM,True,True,1,2
2,76,UNIFIED-OBLIVIOUS,True,True,1,2
2,76,FIXED-CANONICAL,True,True,1,2
2,76,TRUSTED-LOCAL,True,True,1,2
2,77,ORIGINAL-MEDIATOR,True,True,1,2
2,77,PER-SERVICE-ORAM,True,True,1,2
2,77,UNIFIED-OBLIVIOUS,True,True,1,2
2,77,FIXED-CANONICAL,True,True,1,2
2,77,TRUSTED-LOCAL,True,True,1,2
2,78,ORIGINAL-MEDIATOR,True,True,1,2
2,78,PER-SERVICE-ORAM,True,True,1,2
2,78,UNIFIED-OBLIVIOUS,True,True,1,2
2,78,FIXED-CANONICAL,True,True,1,2
2,78,TRUSTED-LOCAL,True,True,1,2
2,79,ORIGINAL-MEDIATOR,True,False,0,1
2,79,PER-SERVICE-ORAM,True,False,0,1
2,79,UNIFIED-OBLIVIOUS,True,False,0,1
2,79,FIXED-CANONICAL,True,False,0,1
2,79,TRUSTED-LOCAL,True,False,0,1
2,80,ORIGINAL-MEDIATOR,True,True,1,1
2,80,PER-SERVICE-ORAM,True,True,1,1
2,80,UNIFIED-OBLIVIOUS,True,True,1,1
2,80,FIXED-CANONICAL,True,True,1,1
2,80,TRUSTED-LOCAL,True,True,1,1
2,81,ORIGINAL-MEDIATOR,True,True,1,2
2,81,PER-SERVICE-ORAM,True,True,1,2
2,81,UNIFIED-OBLIVIOUS,True,True,1,2
2,81,FIXED-CANONICAL,True,True,1,2
2,81,TRUSTED-LOCAL,True,True,1,2
2,82,ORIGINAL-MEDIATOR,True,False,0,1
2,82,PER-SERVICE-ORAM,True,False,0,1
2,82,UNIFIED-OBLIVIOUS,True,False,0,1
2,82,FIXED-CANONICAL,True,False,0,1
2,82,TRUSTED-LOCAL,True,False,0,1
2,83,ORIGINAL-MEDIATOR,True,True,1,2
2,83,PER-SERVICE-ORAM,True,True,1,2
2,83,UNIFIED-OBLIVIOUS,True,True,1,2
2,83,FIXED-CANONICAL,True,True,1,2
2,83,TRUSTED-LOCAL,True,True,1,2
2,84,ORIGINAL-MEDIATOR,True,True,1,1
2,84,PER-SERVICE-ORAM,True,True,1,1
2,84,UNIFIED-OBLIVIOUS,True,True,1,1
2,84,FIXED-CANONICAL,True,True,1,1
2,84,TRUSTED-LOCAL,True,True,1,1
2,85,ORIGINAL-MEDIATOR,True,False,0,1
2,85,PER-SERVICE-ORAM,True,False,0,1
2,85,UNIFIED-OBLIVIOUS,True,False,0,1
2,85,FIXED-CANONICAL,True,False,0,1
2,85,TRUSTED-LOCAL,True,False,0,1
2,86,ORIGINAL-MEDIATOR,True,True,1,2
2,86,PER-SERVICE-ORAM,True,True,1,2
2,86,UNIFIED-OBLIVIOUS,True,True,1,2
2,86,FIXED-CANONICAL,True,True,1,2
2,86,TRUSTED-LOCAL,True,True,1,2
2,87,ORIGINAL-MEDIATOR,True,True,1,2
2,87,PER-SERVICE-ORAM,True,True,1,2
2,87,UNIFIED-OBLIVIOUS,True,True,1,2
2,87,FIXED-CANONICAL,True,True,1,2
2,87,TRUSTED-LOCAL,True,True,1,2
2,88,ORIGINAL-MEDIATOR,True,True,1,2
2,88,PER-SERVICE-ORAM,True,True,1,2
2,88,UNIFIED-OBLIVIOUS,True,True,1,2
2,88,FIXED-CANONICAL,True,True,1,2
2,88,TRUSTED-LOCAL,True,True,1,2
2,89,ORIGINAL-MEDIATOR,True,True,1,1
2,89,PER-SERVICE-ORAM,True,True,1,1
2,89,UNIFIED-OBLIVIOUS,True,True,1,1
2,89,FIXED-CANONICAL,True,True,1,1
2,89,TRUSTED-LOCAL,True,True,1,1
2,90,ORIGINAL-MEDIATOR,True,True,1,1
2,90,PER-SERVICE-ORAM,True,True,1,1
2,90,UNIFIED-OBLIVIOUS,True,True,1,1
2,90,FIXED-CANONICAL,True,True,1,1
2,90,TRUSTED-LOCAL,True,True,1,1
2,91,ORIGINAL-MEDIATOR,True,False,0,1
2,91,PER-SERVICE-ORAM,True,False,0,1
2,91,UNIFIED-OBLIVIOUS,True,False,0,1
2,91,FIXED-CANONICAL,True,False,0,1
2,91,TRUSTED-LOCAL,True,False,0,1
2,92,ORIGINAL-MEDIATOR,True,False,0,2
2,92,PER-SERVICE-ORAM,True,False,0,2
2,92,UNIFIED-OBLIVIOUS,True,False,0,2
2,92,FIXED-CANONICAL,True,False,0,2
2,92,TRUSTED-LOCAL,True,False,0,2
2,93,ORIGINAL-MEDIATOR,True,False,0,1
2,93,PER-SERVICE-ORAM,True,False,0,1
2,93,UNIFIED-OBLIVIOUS,True,False,0,1
2,93,FIXED-CANONICAL,True,False,0,1
2,93,TRUSTED-LOCAL,True,False,0,1
2,94,ORIGINAL-MEDIATOR,True,True,1,1
2,94,PER-SERVICE-ORAM,True,True,1,1
2,94,UNIFIED-OBLIVIOUS,True,True,1,1
2,94,FIXED-CANONICAL,True,True,1,1
2,94,TRUSTED-LOCAL,True,True,1,1
2,95,ORIGINAL-MEDIATOR,True,True,1,1
2,95,PER-SERVICE-ORAM,True,True,1,1
2,95,UNIFIED-OBLIVIOUS,True,True,1,1
2,95,FIXED-CANONICAL,True,True,1,1
2,95,TRUSTED-LOCAL,True,True,1,1
2,96,ORIGINAL-MEDIATOR,True,True,1,2
2,96,PER-SERVICE-ORAM,True,True,1,2
2,96,UNIFIED-OBLIVIOUS,True,True,1,2
2,96,FIXED-CANONICAL,True,True,1,2
2,96,TRUSTED-LOCAL,True,True,1,2
2,97,ORIGINAL-MEDIATOR,True,False,0,1
2,97,PER-SERVICE-ORAM,True,False,0,1
2,97,UNIFIED-OBLIVIOUS,True,False,0,1
2,97,FIXED-CANONICAL,True,False,0,1
2,97,TRUSTED-LOCAL,True,False,0,1
2,98,ORIGINAL-MEDIATOR,True,True,1,1
2,98,PER-SERVICE-ORAM,True,True,1,1
2,98,UNIFIED-OBLIVIOUS,True,True,1,1
2,98,FIXED-CANONICAL,True,True,1,1
2,98,TRUSTED-LOCAL,True,True,1,1
2,99,ORIGINAL-MEDIATOR,True,False,0,1
2,99,PER-SERVICE-ORAM,True,False,0,1
2,99,UNIFIED-OBLIVIOUS,True,False,0,1
2,99,FIXED-CANONICAL,True,False,0,1
2,99,TRUSTED-LOCAL,True,False,0,1
2,100,ORIGINAL-MEDIATOR,True,False,0,1
2,100,PER-SERVICE-ORAM,True,False,0,1
2,100,UNIFIED-OBLIVIOUS,True,False,0,1
2,100,FIXED-CANONICAL,True,False,0,1
2,100,TRUSTED-LOCAL,True,False,0,1
2,101,ORIGINAL-MEDIATOR,True,True,1,2
2,101,PER-SERVICE-ORAM,True,True,1,2
2,101,UNIFIED-OBLIVIOUS,True,True,1,2
2,101,FIXED-CANONICAL,True,True,1,2
2,101,TRUSTED-LOCAL,True,True,1,2
2,102,ORIGINAL-MEDIATOR,True,True,1,1
2,102,PER-SERVICE-ORAM,True,True,1,1
2,102,UNIFIED-OBLIVIOUS,True,True,1,1
2,102,FIXED-CANONICAL,True,True,1,1
2,102,TRUSTED-LOCAL,True,True,1,1
2,103,ORIGINAL-MEDIATOR,True,True,1,2
2,103,PER-SERVICE-ORAM,True,True,1,2
2,103,UNIFIED-OBLIVIOUS,True,True,1,2
2,103,FIXED-CANONICAL,True,True,1,2
2,103,TRUSTED-LOCAL,True,True,1,2
2,104,ORIGINAL-MEDIATOR,True,True,1,1
2,104,PER-SERVICE-ORAM,True,True,1,1
2,104,UNIFIED-OBLIVIOUS,True,True,1,1
2,104,FIXED-CANONICAL,True,True,1,1
2,104,TRUSTED-LOCAL,True,True,1,1
2,105,ORIGINAL-MEDIATOR,True,True,1,1
2,105,PER-SERVICE-ORAM,True,True,1,1
2,105,UNIFIED-OBLIVIOUS,True,True,1,1
2,105,FIXED-CANONICAL,True,True,1,1
2,105,TRUSTED-LOCAL,True,True,1,1
2,106,ORIGINAL-MEDIATOR,True,False,0,1
2,106,PER-SERVICE-ORAM,True,False,0,1
2,106,UNIFIED-OBLIVIOUS,True,False,0,1
2,106,FIXED-CANONICAL,True,False,0,1
2,106,TRUSTED-LOCAL,True,False,0,1
2,107,ORIGINAL-MEDIATOR,True,True,1,1
2,107,PER-SERVICE-ORAM,True,True,1,1
2,107,UNIFIED-OBLIVIOUS,True,True,1,1
2,107,FIXED-CANONICAL,True,True,1,1
2,107,TRUSTED-LOCAL,True,True,1,1
2,108,ORIGINAL-MEDIATOR,True,False,0,1
2,108,PER-SERVICE-ORAM,True,False,0,1
2,108,UNIFIED-OBLIVIOUS,True,False,0,1
2,108,FIXED-CANONICAL,True,False,0,1
2,108,TRUSTED-LOCAL,True,False,0,1
2,109,ORIGINAL-MEDIATOR,True,False,0,1
2,109,PER-SERVICE-ORAM,True,False,0,1
2,109,UNIFIED-OBLIVIOUS,True,False,0,1
2,109,FIXED-CANONICAL,True,False,0,1
2,109,TRUSTED-LOCAL,True,False,0,1
2,110,ORIGINAL-MEDIATOR,True,True,1,1
2,110,PER-SERVICE-ORAM,True,True,1,1
2,110,UNIFIED-OBLIVIOUS,True,True,1,1
2,110,FIXED-CANONICAL,True,True,1,1
2,110,TRUSTED-LOCAL,True,True,1,1
2,111,ORIGINAL-MEDIATOR,True,True,1,2
2,111,PER-SERVICE-ORAM,True,True,1,2
2,111,UNIFIED-OBLIVIOUS,True,True,1,2
2,111,FIXED-CANONICAL,True,True,1,2
2,111,TRUSTED-LOCAL,True,True,1,2
2,112,ORIGINAL-MEDIATOR,True,True,1,2
2,112,PER-SERVICE-ORAM,True,True,1,2
2,112,UNIFIED-OBLIVIOUS,True,True,1,2
2,112,FIXED-CANONICAL,True,True,1,2
2,112,TRUSTED-LOCAL,True,True,1,2
2,113,ORIGINAL-MEDIATOR,True,True,1,1
2,113,PER-SERVICE-ORAM,True,True,1,1
2,113,UNIFIED-OBLIVIOUS,True,True,1,1
2,113,FIXED-CANONICAL,True,True,1,1
2,113,TRUSTED-LOCAL,True,True,1,1
2,114,ORIGINAL-MEDIATOR,True,True,1,1
2,114,PER-SERVICE-ORAM,True,True,1,1
2,114,UNIFIED-OBLIVIOUS,True,True,1,1
2,114,FIXED-CANONICAL,True,True,1,1
2,114,TRUSTED-LOCAL,True,True,1,1
2,115,ORIGINAL-MEDIATOR,True,False,0,2
2,115,PER-SERVICE-ORAM,True,False,0,2
2,115,UNIFIED-OBLIVIOUS,True,False,0,2
2,115,FIXED-CANONICAL,True,False,0,2
2,115,TRUSTED-LOCAL,True,False,0,2
2,116,ORIGINAL-MEDIATOR,True,True,1,1
2,116,PER-SERVICE-ORAM,True,True,1,1
2,116,UNIFIED-OBLIVIOUS,True,True,1,1
2,116,FIXED-CANONICAL,True,True,1,1
2,116,TRUSTED-LOCAL,True,True,1,1
2,117,ORIGINAL-MEDIATOR,True,True,1,1
2,117,PER-SERVICE-ORAM,True,True,1,1
2,117,UNIFIED-OBLIVIOUS,True,True,1,1
2,117,FIXED-CANONICAL,True,True,1,1
2,117,TRUSTED-LOCAL,True,True,1,1
2,118,ORIGINAL-MEDIATOR,True,True,1,2
2,118,PER-SERVICE-ORAM,True,True,1,2
2,118,UNIFIED-OBLIVIOUS,True,True,1,2
2,118,FIXED-CANONICAL,True,True,1,2
2,118,TRUSTED-LOCAL,True,True,1,2
2,119,ORIGINAL-MEDIATOR,True,True,1,1
2,119,PER-SERVICE-ORAM,True,True,1,1
2,119,UNIFIED-OBLIVIOUS,True,True,1,1
2,119,FIXED-CANONICAL,True,True,1,1
2,119,TRUSTED-LOCAL,True,True,1,1
2,120,ORIGINAL-MEDIATOR,True,False,0,1
2,120,PER-SERVICE-ORAM,True,False,0,1
2,120,UNIFIED-OBLIVIOUS,True,False,0,1
2,120,FIXED-CANONICAL,True,False,0,1
2,120,TRUSTED-LOCAL,True,False,0,1
2,121,ORIGINAL-MEDIATOR,True,False,0,2
2,121,PER-SERVICE-ORAM,True,False,0,2
2,121,UNIFIED-OBLIVIOUS,True,False,0,2
2,121,FIXED-CANONICAL,True,False,0,2
2,121,TRUSTED-LOCAL,True,False,0,2
2,122,ORIGINAL-MEDIATOR,True,True,1,2
2,122,PER-SERVICE-ORAM,True,True,1,2
2,122,UNIFIED-OBLIVIOUS,True,True,1,2
2,122,FIXED-CANONICAL,True,True,1,2
2,122,TRUSTED-LOCAL,True,True,1,2
2,123,ORIGINAL-MEDIATOR,True,False,0,1
2,123,PER-SERVICE-ORAM,True,False,0,1
2,123,UNIFIED-OBLIVIOUS,True,False,0,1
2,123,FIXED-CANONICAL,True,False,0,1
2,123,TRUSTED-LOCAL,True,False,0,1
2,124,ORIGINAL-MEDIATOR,True,False,0,1
2,124,PER-SERVICE-ORAM,True,False,0,1
2,124,UNIFIED-OBLIVIOUS,True,False,0,1
2,124,FIXED-CANONICAL,True,False,0,1
2,124,TRUSTED-LOCAL,True,False,0,1
2,125,ORIGINAL-MEDIATOR,True,False,0,1
2,125,PER-SERVICE-ORAM,True,False,0,1
2,125,UNIFIED-OBLIVIOUS,True,False,0,1
2,125,FIXED-CANONICAL,True,False,0,1
2,125,TRUSTED-LOCAL,True,False,0,1
2,126,ORIGINAL-MEDIATOR,True,False,0,1
2,126,PER-SERVICE-ORAM,True,False,0,1
2,126,UNIFIED-OBLIVIOUS,True,False,0,1
2,126,FIXED-CANONICAL,True,False,0,1
2,126,TRUSTED-LOCAL,True,False,0,1
2,127,ORIGINAL-MEDIATOR,True,True,1,1
2,127,PER-SERVICE-ORAM,True,True,1,1
2,127,UNIFIED-OBLIVIOUS,True,True,1,1
2,127,FIXED-CANONICAL,True,True,1,1
2,127,TRUSTED-LOCAL,True,True,1,1
2,128,ORIGINAL-MEDIATOR,True,False,0,1
2,128,PER-SERVICE-ORAM,True,False,0,1
2,128,UNIFIED-OBLIVIOUS,True,False,0,1
2,128,FIXED-CANONICAL,True,False,0,1
2,128,TRUSTED-LOCAL,True,False,0,1
2,129,ORIGINAL-MEDIATOR,True,True,1,1
2,129,PER-SERVICE-ORAM,True,True,1,1
2,129,UNIFIED-OBLIVIOUS,True,True,1,1
2,129,FIXED-CANONICAL,True,True,1,1
2,129,TRUSTED-LOCAL,True,True,1,1
2,130,ORIGINAL-MEDIATOR,True,True,1,2
2,130,PER-SERVICE-ORAM,True,True,1,2
2,130,UNIFIED-OBLIVIOUS,True,True,1,2
2,130,FIXED-CANONICAL,True,True,1,2
2,130,TRUSTED-LOCAL,True,True,1,2
2,131,ORIGINAL-MEDIATOR,True,True,1,2
2,131,PER-SERVICE-ORAM,True,True,1,2
2,131,UNIFIED-OBLIVIOUS,True,True,1,2
2,131,FIXED-CANONICAL,True,True,1,2
2,131,TRUSTED-LOCAL,True,True,1,2
2,132,ORIGINAL-MEDIATOR,True,True,1,2
2,132,PER-SERVICE-ORAM,True,True,1,2
2,132,UNIFIED-OBLIVIOUS,True,True,1,2
2,132,FIXED-CANONICAL,True,True,1,2
2,132,TRUSTED-LOCAL,True,True,1,2
2,133,ORIGINAL-MEDIATOR,True,False,0,1
2,133,PER-SERVICE-ORAM,True,False,0,1
2,133,UNIFIED-OBLIVIOUS,True,False,0,1
2,133,FIXED-CANONICAL,True,False,0,1
2,133,TRUSTED-LOCAL,True,False,0,1
2,134,ORIGINAL-MEDIATOR,True,False,0,2
2,134,PER-SERVICE-ORAM,True,False,0,2
2,134,UNIFIED-OBLIVIOUS,True,False,0,2
2,134,FIXED-CANONICAL,True,False,0,2
2,134,TRUSTED-LOCAL,True,False,0,2
2,135,ORIGINAL-MEDIATOR,True,True,1,1
2,135,PER-SERVICE-ORAM,True,True,1,1
2,135,UNIFIED-OBLIVIOUS,True,True,1,1
2,135,FIXED-CANONICAL,True,True,1,1
2,135,TRUSTED-LOCAL,True,True,1,1
2,136,ORIGINAL-MEDIATOR,True,False,0,1
2,136,PER-SERVICE-ORAM,True,False,0,1
2,136,UNIFIED-OBLIVIOUS,True,False,0,1
2,136,FIXED-CANONICAL,True,False,0,1
2,136,TRUSTED-LOCAL,True,False,0,1
2,137,ORIGINAL-MEDIATOR,True,False,0,1
2,137,PER-SERVICE-ORAM,True,False,0,1
2,137,UNIFIED-OBLIVIOUS,True,False,0,1
2,137,FIXED-CANONICAL,True,False,0,1
2,137,TRUSTED-LOCAL,True,False,0,1
2,138,ORIGINAL-MEDIATOR,True,False,0,1
2,138,PER-SERVICE-ORAM,True,False,0,1
2,138,UNIFIED-OBLIVIOUS,True,False,0,1
2,138,FIXED-CANONICAL,True,False,0,1
2,138,TRUSTED-LOCAL,True,False,0,1
2,139,ORIGINAL-MEDIATOR,True,True,1,2
2,139,PER-SERVICE-ORAM,True,True,1,2
2,139,UNIFIED-OBLIVIOUS,True,True,1,2
2,139,FIXED-CANONICAL,True,True,1,2
2,139,TRUSTED-LOCAL,True,True,1,2
2,140,ORIGINAL-MEDIATOR,True,False,0,2
2,140,PER-SERVICE-ORAM,True,False,0,2
2,140,UNIFIED-OBLIVIOUS,True,False,0,2
2,140,FIXED-CANONICAL,True,False,0,2
2,140,TRUSTED-LOCAL,True,False,0,2
2,141,ORIGINAL-MEDIATOR,True,False,0,1
2,141,PER-SERVICE-ORAM,True,False,0,1
2,141,UNIFIED-OBLIVIOUS,True,False,0,1
2,141,FIXED-CANONICAL,True,False,0,1
2,141,TRUSTED-LOCAL,True,False,0,1
2,142,ORIGINAL-MEDIATOR,True,True,1,1
2,142,PER-SERVICE-ORAM,True,True,1,1
2,142,UNIFIED-OBLIVIOUS,True,True,1,1
2,142,FIXED-CANONICAL,True,True,1,1
2,142,TRUSTED-LOCAL,True,True,1,1
2,143,ORIGINAL-MEDIATOR,True,False,0,1
2,143,PER-SERVICE-ORAM,True,False,0,1
2,143,UNIFIED-OBLIVIOUS,True,False,0,1
2,143,FIXED-CANONICAL,True,False,0,1
2,143,TRUSTED-LOCAL,True,False,0,1
2,144,ORIGINAL-MEDIATOR,True,True,1,1
2,144,PER-SERVICE-ORAM,True,True,1,1
2,144,UNIFIED-OBLIVIOUS,True,True,1,1
2,144,FIXED-CANONICAL,True,True,1,1
2,144,TRUSTED-LOCAL,True,True,1,1
2,145,ORIGINAL-MEDIATOR,True,True,1,1
2,145,PER-SERVICE-ORAM,True,True,1,1
2,145,UNIFIED-OBLIVIOUS,True,True,1,1
2,145,FIXED-CANONICAL,True,True,1,1
2,145,TRUSTED-LOCAL,True,True,1,1
2,146,ORIGINAL-MEDIATOR,True,True,1,2
2,146,PER-SERVICE-ORAM,True,True,1,2
2,146,UNIFIED-OBLIVIOUS,True,True,1,2
2,146,FIXED-CANONICAL,True,True,1,2
2,146,TRUSTED-LOCAL,True,True,1,2
2,147,ORIGINAL-MEDIATOR,True,True,1,2
2,147,PER-SERVICE-ORAM,True,True,1,2
2,147,UNIFIED-OBLIVIOUS,True,True,1,2
2,147,FIXED-CANONICAL,True,True,1,2
2,147,TRUSTED-LOCAL,True,True,1,2
2,148,ORIGINAL-MEDIATOR,True,True,1,1
2,148,PER-SERVICE-ORAM,True,True,1,1
2,148,UNIFIED-OBLIVIOUS,True,True,1,1
2,148,FIXED-CANONICAL,True,True,1,1
2,148,TRUSTED-LOCAL,True,True,1,1
2,149,ORIGINAL-MEDIATOR,True,False,0,1
2,149,PER-SERVICE-ORAM,True,False,0,1
2,149,UNIFIED-OBLIVIOUS,True,False,0,1
2,149,FIXED-CANONICAL,True,False,0,1
2,149,TRUSTED-LOCAL,True,False,0,1
2,150,ORIGINAL-MEDIATOR,True,False,0,1
2,150,PER-SERVICE-ORAM,True,False,0,1
2,150,UNIFIED-OBLIVIOUS,True,False,0,1
2,150,FIXED-CANONICAL,True,False,0,1
2,150,TRUSTED-LOCAL,True,False,0,1
2,151,ORIGINAL-MEDIATOR,True,False,0,1
2,151,PER-SERVICE-ORAM,True,False,0,1
2,151,UNIFIED-OBLIVIOUS,True,False,0,1
2,151,FIXED-CANONICAL,True,False,0,1
2,151,TRUSTED-LOCAL,True,False,0,1
2,152,ORIGINAL-MEDIATOR,True,True,1,1
2,152,PER-SERVICE-ORAM,True,True,1,1
2,152,UNIFIED-OBLIVIOUS,True,True,1,1
2,152,FIXED-CANONICAL,True,True,1,1
2,152,TRUSTED-LOCAL,True,True,1,1
2,153,ORIGINAL-MEDIATOR,True,True,1,2
2,153,PER-SERVICE-ORAM,True,True,1,2
2,153,UNIFIED-OBLIVIOUS,True,True,1,2
2,153,FIXED-CANONICAL,True,True,1,2
2,153,TRUSTED-LOCAL,True,True,1,2
2,154,ORIGINAL-MEDIATOR,True,True,1,1
2,154,PER-SERVICE-ORAM,True,True,1,1
2,154,UNIFIED-OBLIVIOUS,True,True,1,1
2,154,FIXED-CANONICAL,True,True,1,1
2,154,TRUSTED-LOCAL,True,True,1,1
2,155,ORIGINAL-MEDIATOR,True,False,0,1
2,155,PER-SERVICE-ORAM,True,False,0,1
2,155,UNIFIED-OBLIVIOUS,True,False,0,1
2,155,FIXED-CANONICAL,True,False,0,1
2,155,TRUSTED-LOCAL,True,False,0,1
2,156,ORIGINAL-MEDIATOR,True,True,1,1
2,156,PER-SERVICE-ORAM,True,True,1,1
2,156,UNIFIED-OBLIVIOUS,True,True,1,1
2,156,FIXED-CANONICAL,True,True,1,1
2,156,TRUSTED-LOCAL,True,True,1,1
2,157,ORIGINAL-MEDIATOR,True,True,1,2
2,157,PER-SERVICE-ORAM,True,True,1,2
2,157,UNIFIED-OBLIVIOUS,True,True,1,2
2,157,FIXED-CANONICAL,True,True,1,2
2,157,TRUSTED-LOCAL,True,True,1,2
2,158,ORIGINAL-MEDIATOR,True,True,1,1
2,158,PER-SERVICE-ORAM,True,True,1,1
2,158,UNIFIED-OBLIVIOUS,True,True,1,1
2,158,FIXED-CANONICAL,True,True,1,1
2,158,TRUSTED-LOCAL,True,True,1,1
2,159,ORIGINAL-MEDIATOR,True,True,1,1
2,159,PER-SERVICE-ORAM,True,True,1,1
2,159,UNIFIED-OBLIVIOUS,True,True,1,1
2,159,FIXED-CANONICAL,True,True,1,1
2,159,TRUSTED-LOCAL,True,True,1,1
2,160,ORIGINAL-MEDIATOR,True,True,1,1
2,160,PER-SERVICE-ORAM,True,True,1,1
2,160,UNIFIED-OBLIVIOUS,True,True,1,1
2,160,FIXED-CANONICAL,True,True,1,1
2,160,TRUSTED-LOCAL,True,True,1,1
2,161,ORIGINAL-MEDIATOR,True,True,1,1
2,161,PER-SERVICE-ORAM,True,True,1,1
2,161,UNIFIED-OBLIVIOUS,True,True,1,1
2,161,FIXED-CANONICAL,True,True,1,1
2,161,TRUSTED-LOCAL,True,True,1,1
2,162,ORIGINAL-MEDIATOR,True,True,1,2
2,162,PER-SERVICE-ORAM,True,True,1,2
2,162,UNIFIED-OBLIVIOUS,True,True,1,2
2,162,FIXED-CANONICAL,True,True,1,2
2,162,TRUSTED-LOCAL,True,True,1,2
2,163,ORIGINAL-MEDIATOR,True,True,1,1
2,163,PER-SERVICE-ORAM,True,True,1,1
2,163,UNIFIED-OBLIVIOUS,True,True,1,1
2,163,FIXED-CANONICAL,True,True,1,1
2,163,TRUSTED-LOCAL,True,True,1,1
2,164,ORIGINAL-MEDIATOR,True,False,0,1
2,164,PER-SERVICE-ORAM,True,False,0,1
2,164,UNIFIED-OBLIVIOUS,True,False,0,1
2,164,FIXED-CANONICAL,True,False,0,1
2,164,TRUSTED-LOCAL,True,False,0,1
2,165,ORIGINAL-MEDIATOR,True,True,1,1
2,165,PER-SERVICE-ORAM,True,True,1,1
2,165,UNIFIED-OBLIVIOUS,True,True,1,1
2,165,FIXED-CANONICAL,True,True,1,1
2,165,TRUSTED-LOCAL,True,True,1,1
2,166,ORIGINAL-MEDIATOR,True,True,1,1
2,166,PER-SERVICE-ORAM,True,True,1,1
2,166,UNIFIED-OBLIVIOUS,True,True,1,1
2,166,FIXED-CANONICAL,True,True,1,1
2,166,TRUSTED-LOCAL,True,True,1,1
2,167,ORIGINAL-MEDIATOR,True,True,1,1
2,167,PER-SERVICE-ORAM,True,True,1,1
2,167,UNIFIED-OBLIVIOUS,True,True,1,1
2,167,FIXED-CANONICAL,True,True,1,1
2,167,TRUSTED-LOCAL,True,True,1,1
2,168,ORIGINAL-MEDIATOR,True,False,0,1
2,168,PER-SERVICE-ORAM,True,False,0,1
2,168,UNIFIED-OBLIVIOUS,True,False,0,1
2,168,FIXED-CANONICAL,True,False,0,1
2,168,TRUSTED-LOCAL,True,False,0,1
2,169,ORIGINAL-MEDIATOR,True,True,1,1
2,169,PER-SERVICE-ORAM,True,True,1,1
2,169,UNIFIED-OBLIVIOUS,True,True,1,1
2,169,FIXED-CANONICAL,True,True,1,1
2,169,TRUSTED-LOCAL,True,True,1,1
2,170,ORIGINAL-MEDIATOR,True,True,1,2
2,170,PER-SERVICE-ORAM,True,True,1,2
2,170,UNIFIED-OBLIVIOUS,True,True,1,2
2,170,FIXED-CANONICAL,True,True,1,2
2,170,TRUSTED-LOCAL,True,True,1,2
2,171,ORIGINAL-MEDIATOR,True,True,1,1
2,171,PER-SERVICE-ORAM,True,True,1,1
2,171,UNIFIED-OBLIVIOUS,True,True,1,1
2,171,FIXED-CANONICAL,True,True,1,1
2,171,TRUSTED-LOCAL,True,True,1,1
2,172,ORIGINAL-MEDIATOR,True,False,0,1
2,172,PER-SERVICE-ORAM,True,False,0,1
2,172,UNIFIED-OBLIVIOUS,True,False,0,1
2,172,FIXED-CANONICAL,True,False,0,1
2,172,TRUSTED-LOCAL,True,False,0,1
2,173,ORIGINAL-MEDIATOR,True,True,1,1
2,173,PER-SERVICE-ORAM,True,True,1,1
2,173,UNIFIED-OBLIVIOUS,True,True,1,1
2,173,FIXED-CANONICAL,True,True,1,1
2,173,TRUSTED-LOCAL,True,True,1,1
2,174,ORIGINAL-MEDIATOR,True,False,0,1
2,174,PER-SERVICE-ORAM,True,False,0,1
2,174,UNIFIED-OBLIVIOUS,True,False,0,1
2,174,FIXED-CANONICAL,True,False,0,1
2,174,TRUSTED-LOCAL,True,False,0,1
2,175,ORIGINAL-MEDIATOR,True,True,1,2
2,175,PER-SERVICE-ORAM,True,True,1,2
2,175,UNIFIED-OBLIVIOUS,True,True,1,2
2,175,FIXED-CANONICAL,True,True,1,2
2,175,TRUSTED-LOCAL,True,True,1,2
2,176,ORIGINAL-MEDIATOR,True,True,1,2
2,176,PER-SERVICE-ORAM,True,True,1,2
2,176,UNIFIED-OBLIVIOUS,True,True,1,2
2,176,FIXED-CANONICAL,True,True,1,2
2,176,TRUSTED-LOCAL,True,True,1,2
2,177,ORIGINAL-MEDIATOR,True,True,1,1
2,177,PER-SERVICE-ORAM,True,True,1,1
2,177,UNIFIED-OBLIVIOUS,True,True,1,1
2,177,FIXED-CANONICAL,True,True,1,1
2,177,TRUSTED-LOCAL,True,True,1,1
2,178,ORIGINAL-MEDIATOR,True,False,0,2
2,178,PER-SERVICE-ORAM,True,False,0,2
2,178,UNIFIED-OBLIVIOUS,True,False,0,2
2,178,FIXED-CANONICAL,True,False,0,2
2,178,TRUSTED-LOCAL,True,False,0,2
2,179,ORIGINAL-MEDIATOR,True,True,1,1
2,179,PER-SERVICE-ORAM,True,True,1,1
2,179,UNIFIED-OBLIVIOUS,True,True,1,1
2,179,FIXED-CANONICAL,True,True,1,1
2,179,TRUSTED-LOCAL,True,True,1,1
2,180,ORIGINAL-MEDIATOR,True,True,1,1
2,180,PER-SERVICE-ORAM,True,True,1,1
2,180,UNIFIED-OBLIVIOUS,True,True,1,1
2,180,FIXED-CANONICAL,True,True,1,1
2,180,TRUSTED-LOCAL,True,True,1,1
2,181,ORIGINAL-MEDIATOR,True,True,1,1
2,181,PER-SERVICE-ORAM,True,True,1,1
2,181,UNIFIED-OBLIVIOUS,True,True,1,1
2,181,FIXED-CANONICAL,True,True,1,1
2,181,TRUSTED-LOCAL,True,True,1,1
2,182,ORIGINAL-MEDIATOR,True,True,1,1
2,182,PER-SERVICE-ORAM,True,True,1,1
2,182,UNIFIED-OBLIVIOUS,True,True,1,1
2,182,FIXED-CANONICAL,True,True,1,1
2,182,TRUSTED-LOCAL,True,True,1,1
2,183,ORIGINAL-MEDIATOR,True,True,1,2
2,183,PER-SERVICE-ORAM,True,True,1,2
2,183,UNIFIED-OBLIVIOUS,True,True,1,2
2,183,FIXED-CANONICAL,True,True,1,2
2,183,TRUSTED-LOCAL,True,True,1,2
2,184,ORIGINAL-MEDIATOR,True,True,1,1
2,184,PER-SERVICE-ORAM,True,True,1,1
2,184,UNIFIED-OBLIVIOUS,True,True,1,1
2,184,FIXED-CANONICAL,True,True,1,1
2,184,TRUSTED-LOCAL,True,True,1,1
2,185,ORIGINAL-MEDIATOR,True,False,0,1
2,185,PER-SERVICE-ORAM,True,False,0,1
2,185,UNIFIED-OBLIVIOUS,True,False,0,1
2,185,FIXED-CANONICAL,True,False,0,1
2,185,TRUSTED-LOCAL,True,False,0,1
2,186,ORIGINAL-MEDIATOR,True,True,1,2
2,186,PER-SERVICE-ORAM,True,True,1,2
2,186,UNIFIED-OBLIVIOUS,True,True,1,2
2,186,FIXED-CANONICAL,True,True,1,2
2,186,TRUSTED-LOCAL,True,True,1,2
2,187,ORIGINAL-MEDIATOR,True,True,1,2
2,187,PER-SERVICE-ORAM,True,True,1,2
2,187,UNIFIED-OBLIVIOUS,True,True,1,2
2,187,FIXED-CANONICAL,True,True,1,2
2,187,TRUSTED-LOCAL,True,True,1,2
2,188,ORIGINAL-MEDIATOR,True,True,1,1
2,188,PER-SERVICE-ORAM,True,True,1,1
2,188,UNIFIED-OBLIVIOUS,True,True,1,1
2,188,FIXED-CANONICAL,True,True,1,1
2,188,TRUSTED-LOCAL,True,True,1,1
2,189,ORIGINAL-MEDIATOR,True,False,0,2
2,189,PER-SERVICE-ORAM,True,False,0,2
2,189,UNIFIED-OBLIVIOUS,True,False,0,2
2,189,FIXED-CANONICAL,True,False,0,2
2,189,TRUSTED-LOCAL,True,False,0,2
2,190,ORIGINAL-MEDIATOR,True,True,1,1
2,190,PER-SERVICE-ORAM,True,True,1,1
2,190,UNIFIED-OBLIVIOUS,True,True,1,1
2,190,FIXED-CANONICAL,True,True,1,1
2,190,TRUSTED-LOCAL,True,True,1,1
2,191,ORIGINAL-MEDIATOR,True,True,1,2
2,191,PER-SERVICE-ORAM,True,True,1,2
2,191,UNIFIED-OBLIVIOUS,True,True,1,2
2,191,FIXED-CANONICAL,True,True,1,2
2,191,TRUSTED-LOCAL,True,True,1,2
2,192,ORIGINAL-MEDIATOR,True,False,0,2
2,192,PER-SERVICE-ORAM,True,False,0,2
2,192,UNIFIED-OBLIVIOUS,True,False,0,2
2,192,FIXED-CANONICAL,True,False,0,2
2,192,TRUSTED-LOCAL,True,False,0,2
2,193,ORIGINAL-MEDIATOR,True,True,1,2
2,193,PER-SERVICE-ORAM,True,True,1,2
2,193,UNIFIED-OBLIVIOUS,True,True,1,2
2,193,FIXED-CANONICAL,True,True,1,2
2,193,TRUSTED-LOCAL,True,True,1,2
2,194,ORIGINAL-MEDIATOR,True,True,1,2
2,194,PER-SERVICE-ORAM,True,True,1,2
2,194,UNIFIED-OBLIVIOUS,True,True,1,2
2,194,FIXED-CANONICAL,True,True,1,2
2,194,TRUSTED-LOCAL,True,True,1,2
2,195,ORIGINAL-MEDIATOR,True,True,1,1
2,195,PER-SERVICE-ORAM,True,True,1,1
2,195,UNIFIED-OBLIVIOUS,True,True,1,1
2,195,FIXED-CANONICAL,True,True,1,1
2,195,TRUSTED-LOCAL,True,True,1,1
2,196,ORIGINAL-MEDIATOR,True,True,1,1
2,196,PER-SERVICE-ORAM,True,True,1,1
2,196,UNIFIED-OBLIVIOUS,True,True,1,1
2,196,FIXED-CANONICAL,True,True,1,1
2,196,TRUSTED-LOCAL,True,True,1,1
2,197,ORIGINAL-MEDIATOR,True,True,1,1
2,197,PER-SERVICE-ORAM,True,True,1,1
2,197,UNIFIED-OBLIVIOUS,True,True,1,1
2,197,FIXED-CANONICAL,True,True,1,1
2,197,TRUSTED-LOCAL,True,True,1,1
2,198,ORIGINAL-MEDIATOR,True,False,0,1
2,198,PER-SERVICE-ORAM,True,False,0,1
2,198,UNIFIED-OBLIVIOUS,True,False,0,1
2,198,FIXED-CANONICAL,True,False,0,1
2,198,TRUSTED-LOCAL,True,False,0,1
2,199,ORIGINAL-MEDIATOR,True,True,1,1
2,199,PER-SERVICE-ORAM,True,True,1,1
2,199,UNIFIED-OBLIVIOUS,True,True,1,1
2,199,FIXED-CANONICAL,True,True,1,1
2,199,TRUSTED-LOCAL,True,True,1,1
2,200,ORIGINAL-MEDIATOR,True,False,0,1
2,200,PER-SERVICE-ORAM,True,False,0,1
2,200,UNIFIED-OBLIVIOUS,True,False,0,1
2,200,FIXED-CANONICAL,True,False,0,1
2,200,TRUSTED-LOCAL,True,False,0,1
2,201,ORIGINAL-MEDIATOR,True,True,1,2
2,201,PER-SERVICE-ORAM,True,True,1,2
2,201,UNIFIED-OBLIVIOUS,True,True,1,2
2,201,FIXED-CANONICAL,True,True,1,2
2,201,TRUSTED-LOCAL,True,True,1,2
2,202,ORIGINAL-MEDIATOR,True,False,0,1
2,202,PER-SERVICE-ORAM,True,False,0,1
2,202,UNIFIED-OBLIVIOUS,True,False,0,1
2,202,FIXED-CANONICAL,True,False,0,1
2,202,TRUSTED-LOCAL,True,False,0,1
2,203,ORIGINAL-MEDIATOR,True,False,0,2
2,203,PER-SERVICE-ORAM,True,False,0,2
2,203,UNIFIED-OBLIVIOUS,True,False,0,2
2,203,FIXED-CANONICAL,True,False,0,2
2,203,TRUSTED-LOCAL,True,False,0,2
2,204,ORIGINAL-MEDIATOR,True,False,0,2
2,204,PER-SERVICE-ORAM,True,False,0,2
2,204,UNIFIED-OBLIVIOUS,True,False,0,2
2,204,FIXED-CANONICAL,True,False,0,2
2,204,TRUSTED-LOCAL,True,False,0,2
2,205,ORIGINAL-MEDIATOR,True,False,0,1
2,205,PER-SERVICE-ORAM,True,False,0,1
2,205,UNIFIED-OBLIVIOUS,True,False,0,1
2,205,FIXED-CANONICAL,True,False,0,1
2,205,TRUSTED-LOCAL,True,False,0,1
2,206,ORIGINAL-MEDIATOR,True,True,1,1
2,206,PER-SERVICE-ORAM,True,True,1,1
2,206,UNIFIED-OBLIVIOUS,True,True,1,1
2,206,FIXED-CANONICAL,True,True,1,1
2,206,TRUSTED-LOCAL,True,True,1,1
2,207,ORIGINAL-MEDIATOR,True,True,1,2
2,207,PER-SERVICE-ORAM,True,True,1,2
2,207,UNIFIED-OBLIVIOUS,True,True,1,2
2,207,FIXED-CANONICAL,True,True,1,2
2,207,TRUSTED-LOCAL,True,True,1,2
2,208,ORIGINAL-MEDIATOR,True,False,0,2
2,208,PER-SERVICE-ORAM,True,False,0,2
2,208,UNIFIED-OBLIVIOUS,True,False,0,2
2,208,FIXED-CANONICAL,True,False,0,2
2,208,TRUSTED-LOCAL,True,False,0,2
2,209,ORIGINAL-MEDIATOR,True,True,1,2
2,209,PER-SERVICE-ORAM,True,True,1,2
2,209,UNIFIED-OBLIVIOUS,True,True,1,2
2,209,FIXED-CANONICAL,True,True,1,2
2,209,TRUSTED-LOCAL,True,True,1,2
2,210,ORIGINAL-MEDIATOR,True,True,1,1
2,210,PER-SERVICE-ORAM,True,True,1,1
2,210,UNIFIED-OBLIVIOUS,True,True,1,1
2,210,FIXED-CANONICAL,True,True,1,1
2,210,TRUSTED-LOCAL,True,True,1,1
2,211,ORIGINAL-MEDIATOR,True,True,1,2
2,211,PER-SERVICE-ORAM,True,True,1,2
2,211,UNIFIED-OBLIVIOUS,True,True,1,2
2,211,FIXED-CANONICAL,True,True,1,2
2,211,TRUSTED-LOCAL,True,True,1,2
2,212,ORIGINAL-MEDIATOR,True,False,0,1
2,212,PER-SERVICE-ORAM,True,False,0,1
2,212,UNIFIED-OBLIVIOUS,True,False,0,1
2,212,FIXED-CANONICAL,True,False,0,1
2,212,TRUSTED-LOCAL,True,False,0,1
2,213,ORIGINAL-MEDIATOR,True,False,0,2
2,213,PER-SERVICE-ORAM,True,False,0,2
2,213,UNIFIED-OBLIVIOUS,True,False,0,2
2,213,FIXED-CANONICAL,True,False,0,2
2,213,TRUSTED-LOCAL,True,False,0,2
2,214,ORIGINAL-MEDIATOR,True,False,0,1
2,214,PER-SERVICE-ORAM,True,False,0,1
2,214,UNIFIED-OBLIVIOUS,True,False,0,1
2,214,FIXED-CANONICAL,True,False,0,1
2,214,TRUSTED-LOCAL,True,False,0,1
2,215,ORIGINAL-MEDIATOR,True,True,1,2
2,215,PER-SERVICE-ORAM,True,True,1,2
2,215,UNIFIED-OBLIVIOUS,True,True,1,2
2,215,FIXED-CANONICAL,True,True,1,2
2,215,TRUSTED-LOCAL,True,True,1,2
2,216,ORIGINAL-MEDIATOR,True,False,0,1
2,216,PER-SERVICE-ORAM,True,False,0,1
2,216,UNIFIED-OBLIVIOUS,True,False,0,1
2,216,FIXED-CANONICAL,True,False,0,1
2,216,TRUSTED-LOCAL,True,False,0,1
2,217,ORIGINAL-MEDIATOR,True,True,1,1
2,217,PER-SERVICE-ORAM,True,True,1,1
2,217,UNIFIED-OBLIVIOUS,True,True,1,1
2,217,FIXED-CANONICAL,True,True,1,1
2,217,TRUSTED-LOCAL,True,True,1,1
2,218,ORIGINAL-MEDIATOR,True,False,0,2
2,218,PER-SERVICE-ORAM,True,False,0,2
2,218,UNIFIED-OBLIVIOUS,True,False,0,2
2,218,FIXED-CANONICAL,True,False,0,2
2,218,TRUSTED-LOCAL,True,False,0,2
2,219,ORIGINAL-MEDIATOR,True,False,0,1
2,219,PER-SERVICE-ORAM,True,False,0,1
2,219,UNIFIED-OBLIVIOUS,True,False,0,1
2,219,FIXED-CANONICAL,True,False,0,1
2,219,TRUSTED-LOCAL,True,False,0,1
2,220,ORIGINAL-MEDIATOR,True,False,0,1
2,220,PER-SERVICE-ORAM,True,False,0,1
2,220,UNIFIED-OBLIVIOUS,True,False,0,1
2,220,FIXED-CANONICAL,True,False,0,1
2,220,TRUSTED-LOCAL,True,False,0,1
2,221,ORIGINAL-MEDIATOR,True,True,1,2
2,221,PER-SERVICE-ORAM,True,True,1,2
2,221,UNIFIED-OBLIVIOUS,True,True,1,2
2,221,FIXED-CANONICAL,True,True,1,2
2,221,TRUSTED-LOCAL,True,True,1,2
2,222,ORIGINAL-MEDIATOR,True,True,1,1
2,222,PER-SERVICE-ORAM,True,True,1,1
2,222,UNIFIED-OBLIVIOUS,True,True,1,1
2,222,FIXED-CANONICAL,True,True,1,1
2,222,TRUSTED-LOCAL,True,True,1,1
2,223,ORIGINAL-MEDIATOR,True,False,0,1
2,223,PER-SERVICE-ORAM,True,False,0,1
2,223,UNIFIED-OBLIVIOUS,True,False,0,1
2,223,FIXED-CANONICAL,True,False,0,1
2,223,TRUSTED-LOCAL,True,False,0,1
2,224,ORIGINAL-MEDIATOR,True,True,1,1
2,224,PER-SERVICE-ORAM,True,True,1,1
2,224,UNIFIED-OBLIVIOUS,True,True,1,1
2,224,FIXED-CANONICAL,True,True,1,1
2,224,TRUSTED-LOCAL,True,True,1,1
2,225,ORIGINAL-MEDIATOR,True,True,1,2
2,225,PER-SERVICE-ORAM,True,True,1,2
2,225,UNIFIED-OBLIVIOUS,True,True,1,2
2,225,FIXED-CANONICAL,True,True,1,2
2,225,TRUSTED-LOCAL,True,True,1,2
2,226,ORIGINAL-MEDIATOR,True,True,1,1
2,226,PER-SERVICE-ORAM,True,True,1,1
2,226,UNIFIED-OBLIVIOUS,True,True,1,1
2,226,FIXED-CANONICAL,True,True,1,1
2,226,TRUSTED-LOCAL,True,True,1,1
2,227,ORIGINAL-MEDIATOR,True,False,0,1
2,227,PER-SERVICE-ORAM,True,False,0,1
2,227,UNIFIED-OBLIVIOUS,True,False,0,1
2,227,FIXED-CANONICAL,True,False,0,1
2,227,TRUSTED-LOCAL,True,False,0,1
2,228,ORIGINAL-MEDIATOR,True,False,0,1
2,228,PER-SERVICE-ORAM,True,False,0,1
2,228,UNIFIED-OBLIVIOUS,True,False,0,1
2,228,FIXED-CANONICAL,True,False,0,1
2,228,TRUSTED-LOCAL,True,False,0,1
2,229,ORIGINAL-MEDIATOR,True,True,1,1
2,229,PER-SERVICE-ORAM,True,True,1,1
2,229,UNIFIED-OBLIVIOUS,True,True,1,1
2,229,FIXED-CANONICAL,True,True,1,1
2,229,TRUSTED-LOCAL,True,True,1,1
2,230,ORIGINAL-MEDIATOR,True,True,1,1
2,230,PER-SERVICE-ORAM,True,True,1,1
2,230,UNIFIED-OBLIVIOUS,True,True,1,1
2,230,FIXED-CANONICAL,True,True,1,1
2,230,TRUSTED-LOCAL,True,True,1,1
2,231,ORIGINAL-MEDIATOR,True,True,1,2
2,231,PER-SERVICE-ORAM,True,True,1,2
2,231,UNIFIED-OBLIVIOUS,True,True,1,2
2,231,FIXED-CANONICAL,True,True,1,2
2,231,TRUSTED-LOCAL,True,True,1,2
2,232,ORIGINAL-MEDIATOR,True,False,0,1
2,232,PER-SERVICE-ORAM,True,False,0,1
2,232,UNIFIED-OBLIVIOUS,True,False,0,1
2,232,FIXED-CANONICAL,True,False,0,1
2,232,TRUSTED-LOCAL,True,False,0,1
2,233,ORIGINAL-MEDIATOR,True,True,1,2
2,233,PER-SERVICE-ORAM,True,True,1,2
2,233,UNIFIED-OBLIVIOUS,True,True,1,2
2,233,FIXED-CANONICAL,True,True,1,2
2,233,TRUSTED-LOCAL,True,True,1,2
2,234,ORIGINAL-MEDIATOR,True,True,1,1
2,234,PER-SERVICE-ORAM,True,True,1,1
2,234,UNIFIED-OBLIVIOUS,True,True,1,1
2,234,FIXED-CANONICAL,True,True,1,1
2,234,TRUSTED-LOCAL,True,True,1,1
2,235,ORIGINAL-MEDIATOR,True,True,1,1
2,235,PER-SERVICE-ORAM,True,True,1,1
2,235,UNIFIED-OBLIVIOUS,True,True,1,1
2,235,FIXED-CANONICAL,True,True,1,1
2,235,TRUSTED-LOCAL,True,True,1,1
2,236,ORIGINAL-MEDIATOR,True,False,0,1
2,236,PER-SERVICE-ORAM,True,False,0,1
2,236,UNIFIED-OBLIVIOUS,True,False,0,1
2,236,FIXED-CANONICAL,True,False,0,1
2,236,TRUSTED-LOCAL,True,False,0,1
2,237,ORIGINAL-MEDIATOR,True,True,1,1
2,237,PER-SERVICE-ORAM,True,True,1,1
2,237,UNIFIED-OBLIVIOUS,True,True,1,1
2,237,FIXED-CANONICAL,True,True,1,1
2,237,TRUSTED-LOCAL,True,True,1,1
2,238,ORIGINAL-MEDIATOR,True,True,1,2
2,238,PER-SERVICE-ORAM,True,True,1,2
2,238,UNIFIED-OBLIVIOUS,True,True,1,2
2,238,FIXED-CANONICAL,True,True,1,2
2,238,TRUSTED-LOCAL,True,True,1,2
2,239,ORIGINAL-MEDIATOR,True,True,1,1
2,239,PER-SERVICE-ORAM,True,True,1,1
2,239,UNIFIED-OBLIVIOUS,True,True,1,1
2,239,FIXED-CANONICAL,True,True,1,1
2,239,TRUSTED-LOCAL,True,True,1,1
2,240,ORIGINAL-MEDIATOR,True,False,0,1
2,240,PER-SERVICE-ORAM,True,False,0,1
2,240,UNIFIED-OBLIVIOUS,True,False,0,1
2,240,FIXED-CANONICAL,True,False,0,1
2,240,TRUSTED-LOCAL,True,False,0,1
2,241,ORIGINAL-MEDIATOR,True,True,1,1
2,241,PER-SERVICE-ORAM,True,True,1,1
2,241,UNIFIED-OBLIVIOUS,True,True,1,1
2,241,FIXED-CANONICAL,True,True,1,1
2,241,TRUSTED-LOCAL,True,True,1,1
2,242,ORIGINAL-MEDIATOR,True,True,1,1
2,242,PER-SERVICE-ORAM,True,True,1,1
2,242,UNIFIED-OBLIVIOUS,True,True,1,1
2,242,FIXED-CANONICAL,True,True,1,1
2,242,TRUSTED-LOCAL,True,True,1,1
2,243,ORIGINAL-MEDIATOR,True,False,0,1
2,243,PER-SERVICE-ORAM,True,False,0,1
2,243,UNIFIED-OBLIVIOUS,True,False,0,1
2,243,FIXED-CANONICAL,True,False,0,1
2,243,TRUSTED-LOCAL,True,False,0,1
2,244,ORIGINAL-MEDIATOR,True,True,1,2
2,244,PER-SERVICE-ORAM,True,True,1,2
2,244,UNIFIED-OBLIVIOUS,True,True,1,2
2,244,FIXED-CANONICAL,True,True,1,2
2,244,TRUSTED-LOCAL,True,True,1,2
2,245,ORIGINAL-MEDIATOR,True,True,1,2
2,245,PER-SERVICE-ORAM,True,True,1,2
2,245,UNIFIED-OBLIVIOUS,True,True,1,2
2,245,FIXED-CANONICAL,True,True,1,2
2,245,TRUSTED-LOCAL,True,True,1,2
2,246,ORIGINAL-MEDIATOR,True,True,1,1
2,246,PER-SERVICE-ORAM,True,True,1,1
2,246,UNIFIED-OBLIVIOUS,True,True,1,1
2,246,FIXED-CANONICAL,True,True,1,1
2,246,TRUSTED-LOCAL,True,True,1,1
2,247,ORIGINAL-MEDIATOR,True,True,1,1
2,247,PER-SERVICE-ORAM,True,True,1,1
2,247,UNIFIED-OBLIVIOUS,True,True,1,1
2,247,FIXED-CANONICAL,True,True,1,1
2,247,TRUSTED-LOCAL,True,True,1,1
2,248,ORIGINAL-MEDIATOR,True,True,1,2
2,248,PER-SERVICE-ORAM,True,True,1,2
2,248,UNIFIED-OBLIVIOUS,True,True,1,2
2,248,FIXED-CANONICAL,True,True,1,2
2,248,TRUSTED-LOCAL,True,True,1,2
2,249,ORIGINAL-MEDIATOR,True,False,0,1
2,249,PER-SERVICE-ORAM,True,False,0,1
2,249,UNIFIED-OBLIVIOUS,True,False,0,1
2,249,FIXED-CANONICAL,True,False,0,1
2,249,TRUSTED-LOCAL,True,False,0,1
2,250,ORIGINAL-MEDIATOR,True,True,1,1
2,250,PER-SERVICE-ORAM,True,True,1,1
2,250,UNIFIED-OBLIVIOUS,True,True,1,1
2,250,FIXED-CANONICAL,True,True,1,1
2,250,TRUSTED-LOCAL,True,True,1,1
2,251,ORIGINAL-MEDIATOR,True,True,1,1
2,251,PER-SERVICE-ORAM,True,True,1,1
2,251,UNIFIED-OBLIVIOUS,True,True,1,1
2,251,FIXED-CANONICAL,True,True,1,1
2,251,TRUSTED-LOCAL,True,True,1,1
2,252,ORIGINAL-MEDIATOR,True,True,1,1
2,252,PER-SERVICE-ORAM,True,True,1,1
2,252,UNIFIED-OBLIVIOUS,True,True,1,1
2,252,FIXED-CANONICAL,True,True,1,1
2,252,TRUSTED-LOCAL,True,True,1,1
2,253,ORIGINAL-MEDIATOR,True,False,0,1
2,253,PER-SERVICE-ORAM,True,False,0,1
2,253,UNIFIED-OBLIVIOUS,True,False,0,1
2,253,FIXED-CANONICAL,True,False,0,1
2,253,TRUSTED-LOCAL,True,False,0,1
2,254,ORIGINAL-MEDIATOR,True,True,1,1
2,254,PER-SERVICE-ORAM,True,True,1,1
2,254,UNIFIED-OBLIVIOUS,True,True,1,1
2,254,FIXED-CANONICAL,True,True,1,1
2,254,TRUSTED-LOCAL,True,True,1,1
2,255,ORIGINAL-MEDIATOR,True,True,1,1
2,255,PER-SERVICE-ORAM,True,True,1,1
2,255,UNIFIED-OBLIVIOUS,True,True,1,1
2,255,FIXED-CANONICAL,True,True,1,1
2,255,TRUSTED-LOCAL,True,True,1,1
2,256,ORIGINAL-MEDIATOR,True,True,1,1
2,256,PER-SERVICE-ORAM,True,True,1,1
2,256,UNIFIED-OBLIVIOUS,True,True,1,1
2,256,FIXED-CANONICAL,True,True,1,1
2,256,TRUSTED-LOCAL,True,True,1,1
2,257,ORIGINAL-MEDIATOR,True,False,0,1
2,257,PER-SERVICE-ORAM,True,False,0,1
2,257,UNIFIED-OBLIVIOUS,True,False,0,1
2,257,FIXED-CANONICAL,True,False,0,1
2,257,TRUSTED-LOCAL,True,False,0,1
2,258,ORIGINAL-MEDIATOR,True,False,0,1
2,258,PER-SERVICE-ORAM,True,False,0,1
2,258,UNIFIED-OBLIVIOUS,True,False,0,1
2,258,FIXED-CANONICAL,True,False,0,1
2,258,TRUSTED-LOCAL,True,False,0,1
2,259,ORIGINAL-MEDIATOR,True,True,1,1
2,259,PER-SERVICE-ORAM,True,True,1,1
2,259,UNIFIED-OBLIVIOUS,True,True,1,1
2,259,FIXED-CANONICAL,True,True,1,1
2,259,TRUSTED-LOCAL,True,True,1,1
2,260,ORIGINAL-MEDIATOR,True,False,0,1
2,260,PER-SERVICE-ORAM,True,False,0,1
2,260,UNIFIED-OBLIVIOUS,True,False,0,1
2,260,FIXED-CANONICAL,True,False,0,1
2,260,TRUSTED-LOCAL,True,False,0,1
2,261,ORIGINAL-MEDIATOR,True,False,0,1
2,261,PER-SERVICE-ORAM,True,False,0,1
2,261,UNIFIED-OBLIVIOUS,True,False,0,1
2,261,FIXED-CANONICAL,True,False,0,1
2,261,TRUSTED-LOCAL,True,False,0,1
2,262,ORIGINAL-MEDIATOR,True,True,1,2
2,262,PER-SERVICE-ORAM,True,True,1,2
2,262,UNIFIED-OBLIVIOUS,True,True,1,2
2,262,FIXED-CANONICAL,True,True,1,2
2,262,TRUSTED-LOCAL,True,True,1,2
2,263,ORIGINAL-MEDIATOR,True,False,0,1
2,263,PER-SERVICE-ORAM,True,False,0,1
2,263,UNIFIED-OBLIVIOUS,True,False,0,1
2,263,FIXED-CANONICAL,True,False,0,1
2,263,TRUSTED-LOCAL,True,False,0,1
2,264,ORIGINAL-MEDIATOR,True,False,0,1
2,264,PER-SERVICE-ORAM,True,False,0,1
2,264,UNIFIED-OBLIVIOUS,True,False,0,1
2,264,FIXED-CANONICAL,True,False,0,1
2,264,TRUSTED-LOCAL,True,False,0,1
2,265,ORIGINAL-MEDIATOR,True,True,1,1
2,265,PER-SERVICE-ORAM,True,True,1,1
2,265,UNIFIED-OBLIVIOUS,True,True,1,1
2,265,FIXED-CANONICAL,True,True,1,1
2,265,TRUSTED-LOCAL,True,True,1,1
2,266,ORIGINAL-MEDIATOR,True,True,1,1
2,266,PER-SERVICE-ORAM,True,True,1,1
2,266,UNIFIED-OBLIVIOUS,True,True,1,1
2,266,FIXED-CANONICAL,True,True,1,1
2,266,TRUSTED-LOCAL,True,True,1,1
2,267,ORIGINAL-MEDIATOR,True,False,0,1
2,267,PER-SERVICE-ORAM,True,False,0,1
2,267,UNIFIED-OBLIVIOUS,True,False,0,1
2,267,FIXED-CANONICAL,True,False,0,1
2,267,TRUSTED-LOCAL,True,False,0,1
2,268,ORIGINAL-MEDIATOR,True,True,1,1
2,268,PER-SERVICE-ORAM,True,True,1,1
2,268,UNIFIED-OBLIVIOUS,True,True,1,1
2,268,FIXED-CANONICAL,True,True,1,1
2,268,TRUSTED-LOCAL,True,True,1,1
2,269,ORIGINAL-MEDIATOR,True,True,1,2
2,269,PER-SERVICE-ORAM,True,True,1,2
2,269,UNIFIED-OBLIVIOUS,True,True,1,2
2,269,FIXED-CANONICAL,True,True,1,2
2,269,TRUSTED-LOCAL,True,True,1,2
2,270,ORIGINAL-MEDIATOR,True,True,1,1
2,270,PER-SERVICE-ORAM,True,True,1,1
2,270,UNIFIED-OBLIVIOUS,True,True,1,1
2,270,FIXED-CANONICAL,True,True,1,1
2,270,TRUSTED-LOCAL,True,True,1,1
2,271,ORIGINAL-MEDIATOR,True,False,0,1
2,271,PER-SERVICE-ORAM,True,False,0,1
2,271,UNIFIED-OBLIVIOUS,True,False,0,1
2,271,FIXED-CANONICAL,True,False,0,1
2,271,TRUSTED-LOCAL,True,False,0,1
2,272,ORIGINAL-MEDIATOR,True,True,1,1
2,272,PER-SERVICE-ORAM,True,True,1,1
2,272,UNIFIED-OBLIVIOUS,True,True,1,1
2,272,FIXED-CANONICAL,True,True,1,1
2,272,TRUSTED-LOCAL,True,True,1,1
2,273,ORIGINAL-MEDIATOR,True,False,0,2
2,273,PER-SERVICE-ORAM,True,False,0,2
2,273,UNIFIED-OBLIVIOUS,True,False,0,2
2,273,FIXED-CANONICAL,True,False,0,2
2,273,TRUSTED-LOCAL,True,False,0,2
2,274,ORIGINAL-MEDIATOR,True,True,1,1
2,274,PER-SERVICE-ORAM,True,True,1,1
2,274,UNIFIED-OBLIVIOUS,True,True,1,1
2,274,FIXED-CANONICAL,True,True,1,1
2,274,TRUSTED-LOCAL,True,True,1,1
2,275,ORIGINAL-MEDIATOR,True,False,0,1
2,275,PER-SERVICE-ORAM,True,False,0,1
2,275,UNIFIED-OBLIVIOUS,True,False,0,1
2,275,FIXED-CANONICAL,True,False,0,1
2,275,TRUSTED-LOCAL,True,False,0,1
2,276,ORIGINAL-MEDIATOR,True,True,1,1
2,276,PER-SERVICE-ORAM,True,True,1,1
2,276,UNIFIED-OBLIVIOUS,True,True,1,1
2,276,FIXED-CANONICAL,True,True,1,1
2,276,TRUSTED-LOCAL,True,True,1,1
2,277,ORIGINAL-MEDIATOR,True,True,1,1
2,277,PER-SERVICE-ORAM,True,True,1,1
2,277,UNIFIED-OBLIVIOUS,True,True,1,1
2,277,FIXED-CANONICAL,True,True,1,1
2,277,TRUSTED-LOCAL,True,True,1,1
2,278,ORIGINAL-MEDIATOR,True,False,0,1
2,278,PER-SERVICE-ORAM,True,False,0,1
2,278,UNIFIED-OBLIVIOUS,True,False,0,1
2,278,FIXED-CANONICAL,True,False,0,1
2,278,TRUSTED-LOCAL,True,False,0,1
2,279,ORIGINAL-MEDIATOR,True,True,1,2
2,279,PER-SERVICE-ORAM,True,True,1,2
2,279,UNIFIED-OBLIVIOUS,True,True,1,2
2,279,FIXED-CANONICAL,True,True,1,2
2,279,TRUSTED-LOCAL,True,True,1,2
2,280,ORIGINAL-MEDIATOR,True,False,0,1
2,280,PER-SERVICE-ORAM,True,False,0,1
2,280,UNIFIED-OBLIVIOUS,True,False,0,1
2,280,FIXED-CANONICAL,True,False,0,1
2,280,TRUSTED-LOCAL,True,False,0,1
2,281,ORIGINAL-MEDIATOR,True,True,1,1
2,281,PER-SERVICE-ORAM,True,True,1,1
2,281,UNIFIED-OBLIVIOUS,True,True,1,1
2,281,FIXED-CANONICAL,True,True,1,1
2,281,TRUSTED-LOCAL,True,True,1,1
2,282,ORIGINAL-MEDIATOR,True,False,0,1
2,282,PER-SERVICE-ORAM,True,False,0,1
2,282,UNIFIED-OBLIVIOUS,True,False,0,1
2,282,FIXED-CANONICAL,True,False,0,1
2,282,TRUSTED-LOCAL,True,False,0,1
2,283,ORIGINAL-MEDIATOR,True,False,0,1
2,283,PER-SERVICE-ORAM,True,False,0,1
2,283,UNIFIED-OBLIVIOUS,True,False,0,1
2,283,FIXED-CANONICAL,True,False,0,1
2,283,TRUSTED-LOCAL,True,False,0,1
2,284,ORIGINAL-MEDIATOR,True,False,0,1
2,284,PER-SERVICE-ORAM,True,False,0,1
2,284,UNIFIED-OBLIVIOUS,True,False,0,1
2,284,FIXED-CANONICAL,True,False,0,1
2,284,TRUSTED-LOCAL,True,False,0,1
2,285,ORIGINAL-MEDIATOR,True,True,1,1
2,285,PER-SERVICE-ORAM,True,True,1,1
2,285,UNIFIED-OBLIVIOUS,True,True,1,1
2,285,FIXED-CANONICAL,True,True,1,1
2,285,TRUSTED-LOCAL,True,True,1,1
2,286,ORIGINAL-MEDIATOR,True,True,1,1
2,286,PER-SERVICE-ORAM,True,True,1,1
2,286,UNIFIED-OBLIVIOUS,True,True,1,1
2,286,FIXED-CANONICAL,True,True,1,1
2,286,TRUSTED-LOCAL,True,True,1,1
2,287,ORIGINAL-MEDIATOR,True,True,1,1
2,287,PER-SERVICE-ORAM,True,True,1,1
2,287,UNIFIED-OBLIVIOUS,True,True,1,1
2,287,FIXED-CANONICAL,True,True,1,1
2,287,TRUSTED-LOCAL,True,True,1,1
2,288,ORIGINAL-MEDIATOR,True,True,1,2
2,288,PER-SERVICE-ORAM,True,True,1,2
2,288,UNIFIED-OBLIVIOUS,True,True,1,2
2,288,FIXED-CANONICAL,True,True,1,2
2,288,TRUSTED-LOCAL,True,True,1,2
2,289,ORIGINAL-MEDIATOR,True,False,0,1
2,289,PER-SERVICE-ORAM,True,False,0,1
2,289,UNIFIED-OBLIVIOUS,True,False,0,1
2,289,FIXED-CANONICAL,True,False,0,1
2,289,TRUSTED-LOCAL,True,False,0,1
2,290,ORIGINAL-MEDIATOR,True,True,1,2
2,290,PER-SERVICE-ORAM,True,True,1,2
2,290,UNIFIED-OBLIVIOUS,True,True,1,2
2,290,FIXED-CANONICAL,True,True,1,2
2,290,TRUSTED-LOCAL,True,True,1,2
2,291,ORIGINAL-MEDIATOR,True,False,0,2
2,291,PER-SERVICE-ORAM,True,False,0,2
2,291,UNIFIED-OBLIVIOUS,True,False,0,2
2,291,FIXED-CANONICAL,True,False,0,2
2,291,TRUSTED-LOCAL,True,False,0,2
2,292,ORIGINAL-MEDIATOR,True,True,1,1
2,292,PER-SERVICE-ORAM,True,True,1,1
2,292,UNIFIED-OBLIVIOUS,True,True,1,1
2,292,FIXED-CANONICAL,True,True,1,1
2,292,TRUSTED-LOCAL,True,True,1,1
2,293,ORIGINAL-MEDIATOR,True,False,0,1
2,293,PER-SERVICE-ORAM,True,False,0,1
2,293,UNIFIED-OBLIVIOUS,True,False,0,1
2,293,FIXED-CANONICAL,True,False,0,1
2,293,TRUSTED-LOCAL,True,False,0,1
2,294,ORIGINAL-MEDIATOR,True,False,0,1
2,294,PER-SERVICE-ORAM,True,False,0,1
2,294,UNIFIED-OBLIVIOUS,True,False,0,1
2,294,FIXED-CANONICAL,True,False,0,1
2,294,TRUSTED-LOCAL,True,False,0,1
2,295,ORIGINAL-MEDIATOR,True,False,0,1
2,295,PER-SERVICE-ORAM,True,False,0,1
2,295,UNIFIED-OBLIVIOUS,True,False,0,1
2,295,FIXED-CANONICAL,True,False,0,1
2,295,TRUSTED-LOCAL,True,False,0,1
2,296,ORIGINAL-MEDIATOR,True,False,0,1
2,296,PER-SERVICE-ORAM,True,False,0,1
2,296,UNIFIED-OBLIVIOUS,True,False,0,1
2,296,FIXED-CANONICAL,True,False,0,1
2,296,TRUSTED-LOCAL,True,False,0,1
2,297,ORIGINAL-MEDIATOR,True,True,1,1
2,297,PER-SERVICE-ORAM,True,True,1,1
2,297,UNIFIED-OBLIVIOUS,True,True,1,1
2,297,FIXED-CANONICAL,True,True,1,1
2,297,TRUSTED-LOCAL,True,True,1,1
2,298,ORIGINAL-MEDIATOR,True,True,1,2
2,298,PER-SERVICE-ORAM,True,True,1,2
2,298,UNIFIED-OBLIVIOUS,True,True,1,2
2,298,FIXED-CANONICAL,True,True,1,2
2,298,TRUSTED-LOCAL,True,True,1,2
2,299,ORIGINAL-MEDIATOR,True,False,0,1
2,299,PER-SERVICE-ORAM,True,False,0,1
2,299,UNIFIED-OBLIVIOUS,True,False,0,1
2,299,FIXED-CANONICAL,True,False,0,1
2,299,TRUSTED-LOCAL,True,False,0,1
2,300,ORIGINAL-MEDIATOR,True,True,1,1
2,300,PER-SERVICE-ORAM,True,True,1,1
2,300,UNIFIED-OBLIVIOUS,True,True,1,1
2,300,FIXED-CANONICAL,True,True,1,1
2,300,TRUSTED-LOCAL,True,True,1,1
2,301,ORIGINAL-MEDIATOR,True,False,0,1
2,301,PER-SERVICE-ORAM,True,False,0,1
2,301,UNIFIED-OBLIVIOUS,True,False,0,1
2,301,FIXED-CANONICAL,True,False,0,1
2,301,TRUSTED-LOCAL,True,False,0,1
2,302,ORIGINAL-MEDIATOR,True,False,0,1
2,302,PER-SERVICE-ORAM,True,False,0,1
2,302,UNIFIED-OBLIVIOUS,True,False,0,1
2,302,FIXED-CANONICAL,True,False,0,1
2,302,TRUSTED-LOCAL,True,False,0,1
2,303,ORIGINAL-MEDIATOR,True,True,1,1
2,303,PER-SERVICE-ORAM,True,True,1,1
2,303,UNIFIED-OBLIVIOUS,True,True,1,1
2,303,FIXED-CANONICAL,True,True,1,1
2,303,TRUSTED-LOCAL,True,True,1,1
2,304,ORIGINAL-MEDIATOR,True,True,1,2
2,304,PER-SERVICE-ORAM,True,True,1,2
2,304,UNIFIED-OBLIVIOUS,True,True,1,2
2,304,FIXED-CANONICAL,True,True,1,2
2,304,TRUSTED-LOCAL,True,True,1,2
2,305,ORIGINAL-MEDIATOR,True,True,1,1
2,305,PER-SERVICE-ORAM,True,True,1,1
2,305,UNIFIED-OBLIVIOUS,True,True,1,1
2,305,FIXED-CANONICAL,True,True,1,1
2,305,TRUSTED-LOCAL,True,True,1,1
2,306,ORIGINAL-MEDIATOR,True,True,1,1
2,306,PER-SERVICE-ORAM,True,True,1,1
2,306,UNIFIED-OBLIVIOUS,True,True,1,1
2,306,FIXED-CANONICAL,True,True,1,1
2,306,TRUSTED-LOCAL,True,True,1,1
2,307,ORIGINAL-MEDIATOR,True,True,1,2
2,307,PER-SERVICE-ORAM,True,True,1,2
2,307,UNIFIED-OBLIVIOUS,True,True,1,2
2,307,FIXED-CANONICAL,True,True,1,2
2,307,TRUSTED-LOCAL,True,True,1,2
2,308,ORIGINAL-MEDIATOR,True,True,1,1
2,308,PER-SERVICE-ORAM,True,True,1,1
2,308,UNIFIED-OBLIVIOUS,True,True,1,1
2,308,FIXED-CANONICAL,True,True,1,1
2,308,TRUSTED-LOCAL,True,True,1,1
2,309,ORIGINAL-MEDIATOR,True,False,0,1
2,309,PER-SERVICE-ORAM,True,False,0,1
2,309,UNIFIED-OBLIVIOUS,True,False,0,1
2,309,FIXED-CANONICAL,True,False,0,1
2,309,TRUSTED-LOCAL,True,False,0,1
2,310,ORIGINAL-MEDIATOR,True,False,0,1
2,310,PER-SERVICE-ORAM,True,False,0,1
2,310,UNIFIED-OBLIVIOUS,True,False,0,1
2,310,FIXED-CANONICAL,True,False,0,1
2,310,TRUSTED-LOCAL,True,False,0,1
2,311,ORIGINAL-MEDIATOR,True,False,0,2
2,311,PER-SERVICE-ORAM,True,False,0,2
2,311,UNIFIED-OBLIVIOUS,True,False,0,2
2,311,FIXED-CANONICAL,True,False,0,2
2,311,TRUSTED-LOCAL,True,False,0,2
2,312,ORIGINAL-MEDIATOR,True,True,1,1
2,312,PER-SERVICE-ORAM,True,True,1,1
2,312,UNIFIED-OBLIVIOUS,True,True,1,1
2,312,FIXED-CANONICAL,True,True,1,1
2,312,TRUSTED-LOCAL,True,True,1,1
2,313,ORIGINAL-MEDIATOR,True,False,0,2
2,313,PER-SERVICE-ORAM,True,False,0,2
2,313,UNIFIED-OBLIVIOUS,True,False,0,2
2,313,FIXED-CANONICAL,True,False,0,2
2,313,TRUSTED-LOCAL,True,False,0,2
2,314,ORIGINAL-MEDIATOR,True,False,0,1
2,314,PER-SERVICE-ORAM,True,False,0,1
2,314,UNIFIED-OBLIVIOUS,True,False,0,1
2,314,FIXED-CANONICAL,True,False,0,1
2,314,TRUSTED-LOCAL,True,False,0,1
2,315,ORIGINAL-MEDIATOR,True,True,1,1
2,315,PER-SERVICE-ORAM,True,True,1,1
2,315,UNIFIED-OBLIVIOUS,True,True,1,1
2,315,FIXED-CANONICAL,True,True,1,1
2,315,TRUSTED-LOCAL,True,True,1,1
2,316,ORIGINAL-MEDIATOR,True,False,0,2
2,316,PER-SERVICE-ORAM,True,False,0,2
2,316,UNIFIED-OBLIVIOUS,True,False,0,2
2,316,FIXED-CANONICAL,True,False,0,2
2,316,TRUSTED-LOCAL,True,False,0,2
2,317,ORIGINAL-MEDIATOR,True,True,1,1
2,317,PER-SERVICE-ORAM,True,True,1,1
2,317,UNIFIED-OBLIVIOUS,True,True,1,1
2,317,FIXED-CANONICAL,True,True,1,1
2,317,TRUSTED-LOCAL,True,True,1,1
2,318,ORIGINAL-MEDIATOR,True,False,0,1
2,318,PER-SERVICE-ORAM,True,False,0,1
2,318,UNIFIED-OBLIVIOUS,True,False,0,1
2,318,FIXED-CANONICAL,True,False,0,1
2,318,TRUSTED-LOCAL,True,False,0,1
2,319,ORIGINAL-MEDIATOR,True,True,1,2
2,319,PER-SERVICE-ORAM,True,True,1,2
2,319,UNIFIED-OBLIVIOUS,True,True,1,2
2,319,FIXED-CANONICAL,True,True,1,2
2,319,TRUSTED-LOCAL,True,True,1,2
