episode,round,index,class
M1-E05-1004,0,17,M1:REAL
M1-E05-1004,1,17,M1:REAL
M1-E05-1004,2,17,M1:REAL
M1-E05-1004,3,17,M1:REAL
M1-E05-1004,4,17,M1:REAL
M1-E05-1004,5,17,M1:REAL
M1-E05-1004,6,17,M1:REAL
M1-E05-1004,7,17,M1:REAL
M1-E05-1004,8,17,M1:REAL
M1-E05-1004,9,17,M1:REAL
M1-E05-1004,10,17,M1:REAL
M1-E05-1004,11,17,M1:REAL
M1-E05-1004,12,17,M1:REAL
M1-E05-1004,13,17,M1:REAL
M1-E05-1004,14,17,M1:REAL
M1-E05-1004,15,17,M1:REAL
M1-E05-1004,16,17,M1:REAL
M1-E05-1004,17,17,M1:REAL
M1-E05-1004,18,17,M1:REAL
M1-E05-1004,19,17,M1:REAL
M1-E05-1004,20,17,M1:REAL
M1-E05-1004,21,17,M1:REAL
M1-E05-1004,22,17,M1:REAL
M1-E05-1004,23,17,M1:REAL
M1-E05-1004,24,17,M1:REAL
M1-E05-1004,25,17,M1:REAL
M1-E05-1004,26,17,M1:REAL
M1-E05-1004,27,17,M1:REAL
M1-E05-1004,28,17,M1:REAL
M1-E05-1004,29,17,M1:REAL
M1-E05-1004,30,17,M1:REAL
M1-E05-1004,31,17,M1:REAL
M1-E05-1004,32,17,M1:REAL
M1-E05-1004,33,17,M1:REAL
M1-E05-1004,34,17,M1:REAL
M1-E05-1004,35,17,M1:REAL
M1-E05-1004,36,17,M1:REAL
M1-E05-1004,37,17,M1:REAL
M1-E05-1004,38,17,M1:REAL
M1-E05-1004,39,17,M1:REAL
M1-E05-1004,40,17,M1:REAL
M1-E05-1004,41,17,M1:REAL
M1-E05-1004,42,17,M1:REAL
M1-E05-1004,43,17,M1:REAL
M1-E05-1004,44,17,M1:REAL
M1-E05-1004,45,17,M1:REAL
M1-E05-1004,46,17,M1:REAL
M1-E05-1004,47,17,M1:REAL
M1-E05-1004,48,17,M1:REAL
M1-E05-1004,49,17,M1:REAL
M1-E05-1004,50,17,M1:REAL
M1-E05-1004,51,17,M1:REAL
M1-E05-1004,52,17,M1:REAL
M1-E05-1004,53,17,M1:REAL
M1-E05-1004,54,17,M1:REAL
M1-E05-1004,55,17,M1:REAL
M1-E05-1004,56,17,M1:REAL
M1-E05-1004,57,17,M1:REAL
M1-E05-1004,58,17,M1:REAL
M1-E05-1004,59,17,M1:REAL
M1-E05-1004,60,17,M1:REAL
M1-E05-1004,61,17,M1:REAL
M1-E05-1004,62,17,M1:REAL
M1-E05-1004,63,17,M1:REAL
M1-E05-1004,64,17,M1:REAL
M1-E05-1004,65,17,M1:REAL
M1-E05-1004,66,17,M1:REAL
M1-E05-1004,67,17,M1:REAL
M1-E05-1004,68,17,M1:REAL
M1-E05-1004,69,17,M1:REAL
M1-E05-1004,70,17,M1:REAL
M1-E05-1004,71,17,M1:REAL
M1-E05-1004,72,17,M1:REAL
M1-E05-1004,73,17,M1:REAL
M1-E05-1004,74,17,M1:REAL
M1-E05-1004,75,17,M1:REAL
M1-E05-1004,76,17,M1:REAL
M1-E05-1004,77,17,M1:REAL
M1-E05-1004,78,17,M1:REAL
M1-E05-1004,79,17,M1:REAL
M1-E05-1004,80,17,M1:REAL
M1-E05-1004,81,17,M1:REAL
M1-E05-1004,82,17,M1:REAL
M1-E05-1004,83,17,M1:REAL
M1-E05-1004,84,17,M1:REAL
M1-E05-1004,85,17,M1:REAL
M1-E05-1004,86,17,M1:REAL
M1-E05-1004,87,17,M1:REAL
M1-E05-1004,88,23,M1:REAL
M1-E05-1004,89,17,M1:REAL
M1-E05-1004,90,17,M1:REAL
M1-E05-1004,91,17,M1:REAL
M1-E05-1004,92,17,M1:REAL
M1-E05-1004,93,17,M1:REAL
M1-E05-1004,94,17,M1:REAL
M1-E05-1004,95,17,M1:REAL
M1-E05-1004,96,17,M1:REAL
M1-E05-1004,97,17,M1:REAL
M1-E05-1004,98,17,M1:REAL
M1-E05-1004,99,17,M1:REAL
PIR_REAL_1-E04-1004,0,1009,PIR_REAL_1:DUMMY
PIR_REAL_1-E04-1004,1,1029,PIR_REAL_1:DUMMY
PIR_REAL_1-E04-1004,2,1026,PIR_REAL_1:DUMMY
PIR_REAL_1-E04-1004,3,1011,PIR_REAL_1:DUMMY
PIR_REAL_1-E04-1004,4,1010,PIR_REAL_1:DUMMY
PIR_REAL_1-E04-1004,5,1034,PIR_REAL_1:DUMMY
PIR_REAL_1-E04-1004,6,1008,PIR_REAL_1:DUMMY
PIR_REAL_1-E04-1004,7,1005,PIR_REAL_1:DUMMY
PIR_REAL_1-E04-1004,8,1045,PIR_REAL_1:DUMMY
PIR_REAL_1-E04-1004,9,1026,PIR_REAL_1:DUMMY
PIR_REAL_1-E04-1004,10,1042,PIR_REAL_1:DUMMY
PIR_REAL_1-E04-1004,11,1011,PIR_REAL_1:DUMMY
PIR_REAL_1-E04-1004,12,1023,PIR_REAL_1:DUMMY
PIR_REAL_1-E04-1004,13,1031,PIR_REAL_1:DUMMY
PIR_REAL_1-E04-1004,14,1014,PIR_REAL_1:DUMMY
PIR_REAL_1-E04-1004,15,1034,PIR_REAL_1:DUMMY
PIR_REAL_1-E04-1004,16,1044,PIR_REAL_1:DUMMY
PIR_REAL_1-E04-1004,17,1002,PIR_REAL_1:DUMMY
PIR_REAL_1-E04-1004,18,1021,PIR_REAL_1:DUMMY
PIR_REAL_1-E04-1004,19,1012,PIR_REAL_1:DUMMY
PIR_REAL_1-E04-1004,20,1042,PIR_REAL_1:DUMMY
PIR_REAL_1-E04-1004,21,1059,PIR_REAL_1:DUMMY
PIR_REAL_1-E04-1004,22,17,PIR_REAL_1:REAL
PIR_REAL_1-E04-1004,23,1015,PIR_REAL_1:DUMMY
PIR_REAL_1-E04-1004,24,1029,PIR_REAL_1:DUMMY
PIR_REAL_1-E04-1004,25,1000,PIR_REAL_1:DUMMY
PIR_REAL_1-E04-1004,26,1012,PIR_REAL_1:DUMMY
PIR_REAL_1-E04-1004,27,1056,PIR_REAL_1:DUMMY
PIR_REAL_1-E04-1004,28,1058,PIR_REAL_1:DUMMY
PIR_REAL_1-E04-1004,29,1049,PIR_REAL_1:DUMMY
PIR_REAL_1-E04-1004,30,1031,PIR_REAL_1:DUMMY
PIR_REAL_1-E04-1004,31,1061,PIR_REAL_1:DUMMY
PIR_REAL_1-E04-1004,32,1024,PIR_REAL_1:DUMMY
PIR_REAL_1-E04-1004,33,1002,PIR_REAL_1:DUMMY
PIR_REAL_1-E04-1004,34,1040,PIR_REAL_1:DUMMY
PIR_REAL_1-E04-1004,35,1019,PIR_REAL_1:DUMMY
PIR_REAL_1-E04-1004,36,1057,PIR_REAL_1:DUMMY
PIR_REAL_1-E04-1004,37,1036,PIR_REAL_1:DUMMY
PIR_REAL_1-E04-1004,38,1018,PIR_REAL_1:DUMMY
PIR_REAL_1-E04-1004,39,1036,PIR_REAL_1:DUMMY
PIR_REAL_1-E04-1004,40,1005,PIR_REAL_1:DUMMY
PIR_REAL_1-E04-1004,41,1056,PIR_REAL_1:DUMMY
PIR_REAL_1-E04-1004,42,1015,PIR_REAL_1:DUMMY
PIR_REAL_1-E04-1004,43,1037,PIR_REAL_1:DUMMY
PIR_REAL_1-E04-1004,44,1027,PIR_REAL_1:DUMMY
PIR_REAL_1-E04-1004,45,1040,PIR_REAL_1:DUMMY
PIR_REAL_1-E04-1004,46,1014,PIR_REAL_1:DUMMY
PIR_REAL_1-E04-1004,47,1023,PIR_REAL_1:DUMMY
PIR_REAL_1-E04-1004,48,1063,PIR_REAL_1:DUMMY
PIR_REAL_1-E04-1004,49,1029,PIR_REAL_1:DUMMY
PIR_REAL_1-E04-1004,50,1017,PIR_REAL_1:DUMMY
PIR_REAL_1-E04-1004,51,1033,PIR_REAL_1:DUMMY
PIR_REAL_1-E04-1004,52,1035,PIR_REAL_1:DUMMY
PIR_REAL_1-E04-1004,53,1052,PIR_REAL_1:DUMMY
PIR_REAL_1-E04-1004,54,1017,PIR_REAL_1:DUMMY
PIR_REAL_1-E04-1004,55,1050,PIR_REAL_1:DUMMY
PIR_REAL_1-E04-1004,56,1007,PIR_REAL_1:DUMMY
PIR_REAL_1-E04-1004,57,1062,PIR_REAL_1:DUMMY
PIR_REAL_1-E04-1004,58,1007,PIR_REAL_1:DUMMY
PIR_REAL_1-E04-1004,59,1001,PIR_REAL_1:DUMMY
PIR_REAL_1-E04-1004,60,1030,PIR_REAL_1:DUMMY
PIR_REAL_1-E04-1004,61,1010,PIR_REAL_1:DUMMY
PIR_REAL_1-E04-1004,62,1062,PIR_REAL_1:DUMMY
PIR_REAL_1-E04-1004,63,1042,PIR_REAL_1:DUMMY
PIR_REAL_1-E04-1004,64,1062,PIR_REAL_1:DUMMY
PIR_REAL_1-E04-1004,65,1041,PIR_REAL_1:DUMMY
PIR_REAL_1-E04-1004,66,1027,PIR_REAL_1:DUMMY
PIR_REAL_1-E04-1004,67,1004,PIR_REAL_1:DUMMY
PIR_REAL_1-E04-1004,68,1045,PIR_REAL_1:DUMMY
PIR_REAL_1-E04-1004,69,1001,PIR_REAL_1:DUMMY
PIR_REAL_1-E04-1004,70,1042,PIR_REAL_1:DUMMY
PIR_REAL_1-E04-1004,71,1022,PIR_REAL_1:DUMMY
PIR_REAL_1-E04-1004,72,1029,PIR_REAL_1:DUMMY
PIR_REAL_1-E04-1004,73,1028,PIR_REAL_1:DUMMY
PIR_REAL_1-E04-1004,74,1053,PIR_REAL_1:DUMMY
PIR_REAL_1-E04-1004,75,1044,PIR_REAL_1:DUMMY
PIR_REAL_1-E04-1004,76,1027,PIR_REAL_1:DUMMY
PIR_REAL_1-E04-1004,77,1035,PIR_REAL_1:DUMMY
PIR_REAL_1-E04-1004,78,1032,PIR_REAL_1:DUMMY
PIR_REAL_1-E04-1004,79,1031,PIR_REAL_1:DUMMY
PIR_REAL_1-E04-1004,80,1021,PIR_REAL_1:DUMMY
PIR_REAL_1-E04-1004,81,1031,PIR_REAL_1:DUMMY
PIR_REAL_1-E04-1004,82,1014,PIR_REAL_1:DUMMY
PIR_REAL_1-E04-1004,83,1009,PIR_REAL_1:DUMMY
PIR_REAL_1-E04-1004,84,1010,PIR_REAL_1:DUMMY
PIR_REAL_1-E04-1004,85,1021,PIR_REAL_1:DUMMY
PIR_REAL_1-E04-1004,86,1057,PIR_REAL_1:DUMMY
PIR_REAL_1-E04-1004,87,1030,PIR_REAL_1:DUMMY
PIR_REAL_1-E04-1004,88,1044,PIR_REAL_1:DUMMY
PIR_REAL_1-E04-1004,89,1011,PIR_REAL_1:DUMMY
PIR_REAL_1-E04-1004,90,1014,PIR_REAL_1:DUMMY
PIR_REAL_1-E04-1004,91,1015,PIR_REAL_1:DUMMY
PIR_REAL_1-E04-1004,92,1056,PIR_REAL_1:DUMMY
PIR_REAL_1-E04-1004,93,1025,PIR_REAL_1:DUMMY
PIR_REAL_1-E04-1004,94,1016,PIR_REAL_1:DUMMY
PIR_REAL_1-E04-1004,95,1042,PIR_REAL_1:DUMMY
PIR_REAL_1-E04-1004,96,1025,PIR_REAL_1:DUMMY
PIR_REAL_1-E04-1004,97,1034,PIR_REAL_1:DUMMY
PIR_REAL_1-E04-1004,98,1017,PIR_REAL_1:DUMMY
PIR_REAL_1-E04-1004,99,1061,PIR_REAL_1:DUMMY
M2-E04-1004,0,23,M2:REAL
M2-E04-1004,1,23,M2:REAL
M2-E04-1004,2,23,M2:REAL
M2-E04-1004,3,23,M2:REAL
M2-E04-1004,4,17,M2:REAL
M2-E04-1004,5,17,M2:REAL
M2-E04-1004,6,23,M2:REAL
M2-E04-1004,7,23,M2:REAL
M2-E04-1004,8,17,M2:REAL
M2-E04-1004,9,23,M2:REAL
M2-E04-1004,10,17,M2:REAL
M2-E04-1004,11,23,M2:REAL
M2-E04-1004,12,17,M2:REAL
M2-E04-1004,13,17,M2:REAL
M2-E04-1004,14,17,M2:REAL
M2-E04-1004,15,17,M2:REAL
M2-E04-1004,16,17,M2:REAL
M2-E04-1004,17,17,M2:REAL
M2-E04-1004,18,23,M2:REAL
M2-E04-1004,19,23,M2:REAL
M2-E04-1004,20,23,M2:REAL
M2-E04-1004,21,23,M2:REAL
M2-E04-1004,22,23,M2:REAL
M2-E04-1004,23,17,M2:REAL
M2-E04-1004,24,17,M2:REAL
M2-E04-1004,25,23,M2:REAL
M2-E04-1004,26,17,M2:REAL
M2-E04-1004,27,17,M2:REAL
M2-E04-1004,28,17,M2:REAL
M2-E04-1004,29,23,M2:REAL
M2-E04-1004,30,23,M2:REAL
M2-E04-1004,31,23,M2:REAL
M2-E04-1004,32,23,M2:REAL
M2-E04-1004,33,23,M2:REAL
M2-E04-1004,34,17,M2:REAL
M2-E04-1004,35,23,M2:REAL
M2-E04-1004,36,17,M2:REAL
M2-E04-1004,37,17,M2:REAL
M2-E04-1004,38,17,M2:REAL
M2-E04-1004,39,17,M2:REAL
M2-E04-1004,40,17,M2:REAL
M2-E04-1004,41,23,M2:REAL
M2-E04-1004,42,17,M2:REAL
M2-E04-1004,43,17,M2:REAL
M2-E04-1004,44,23,M2:REAL
M2-E04-1004,45,17,M2:REAL
M2-E04-1004,46,23,M2:REAL
M2-E04-1004,47,17,M2:REAL
M2-E04-1004,48,23,M2:REAL
M2-E04-1004,49,23,M2:REAL
M2-E04-1004,50,23,M2:REAL
M2-E04-1004,51,17,M2:REAL
M2-E04-1004,52,23,M2:REAL
M2-E04-1004,53,23,M2:REAL
M2-E04-1004,54,23,M2:REAL
M2-E04-1004,55,17,M2:REAL
M2-E04-1004,56,17,M2:REAL
M2-E04-1004,57,23,M2:REAL
M2-E04-1004,58,17,M2:REAL
M2-E04-1004,59,23,M2:REAL
M2-E04-1004,60,17,M2:REAL
M2-E04-1004,61,23,M2:REAL
M2-E04-1004,62,17,M2:REAL
M2-E04-1004,63,23,M2:REAL
M2-E04-1004,64,17,M2:REAL
M2-E04-1004,65,17,M2:REAL
M2-E04-1004,66,17,M2:REAL
M2-E04-1004,67,17,M2:REAL
M2-E04-1004,68,23,M2:REAL
M2-E04-1004,69,17,M2:REAL
M2-E04-1004,70,17,M2:REAL
M2-E04-1004,71,17,M2:REAL
M2-E04-1004,72,23,M2:REAL
M2-E04-1004,73,17,M2:REAL
M2-E04-1004,74,17,M2:REAL
M2-E04-1004,75,17,M2:REAL
M2-E04-1004,76,23,M2:REAL
M2-E04-1004,77,23,M2:REAL
M2-E04-1004,78,17,M2:REAL
M2-E04-1004,79,23,M2:REAL
M2-E04-1004,80,23,M2:REAL
M2-E04-1004,81,23,M2:REAL
M2-E04-1004,82,23,M2:REAL
M2-E04-1004,83,17,M2:REAL
M2-E04-1004,84,17,M2:REAL
M2-E04-1004,85,23,M2:REAL
M2-E04-1004,86,17,M2:REAL
M2-E04-1004,87,23,M2:REAL
M2-E04-1004,88,23,M2:REAL
M2-E04-1004,89,17,M2:REAL
M2-E04-1004,90,17,M2:REAL
M2-E04-1004,91,17,M2:REAL
M2-E04-1004,92,23,M2:REAL
M2-E04-1004,93,17,M2:REAL
M2-E04-1004,94,23,M2:REAL
M2-E04-1004,95,23,M2:REAL
M2-E04-1004,96,23,M2:REAL
M2-E04-1004,97,17,M2:REAL
M2-E04-1004,98,23,M2:REAL
M2-E04-1004,99,23,M2:REAL
M5-E01-1004,0,10,M5:REAL
M5-E01-1004,1,12,M5:REAL
M5-E01-1004,2,10,M5:REAL
M5-E01-1004,3,12,M5:REAL
M5-E01-1004,4,10,M5:REAL
M5-E01-1004,5,12,M5:REAL
M5-E01-1004,6,10,M5:REAL
M5-E01-1004,7,12,M5:REAL
M5-E01-1004,8,10,M5:REAL
M5-E01-1004,9,12,M5:REAL
M5-E01-1004,10,10,M5:REAL
M5-E01-1004,11,12,M5:REAL
M5-E01-1004,12,10,M5:REAL
M5-E01-1004,13,12,M5:REAL
M5-E01-1004,14,10,M5:REAL
M5-E01-1004,15,12,M5:REAL
M5-E01-1004,16,10,M5:REAL
M5-E01-1004,17,12,M5:REAL
M5-E01-1004,18,10,M5:REAL
M5-E01-1004,19,12,M5:REAL
M5-E01-1004,20,10,M5:REAL
M5-E01-1004,21,12,M5:REAL
M5-E01-1004,22,10,M5:REAL
M5-E01-1004,23,12,M5:REAL
M5-E01-1004,24,10,M5:REAL
M5-E01-1004,25,12,M5:REAL
M5-E01-1004,26,10,M5:REAL
M5-E01-1004,27,12,M5:REAL
M5-E01-1004,28,10,M5:REAL
M5-E01-1004,29,12,M5:REAL
M5-E01-1004,30,10,M5:REAL
M5-E01-1004,31,12,M5:REAL
M5-E01-1004,32,10,M5:REAL
M5-E01-1004,33,12,M5:REAL
M5-E01-1004,34,10,M5:REAL
M5-E01-1004,35,12,M5:REAL
M5-E01-1004,36,10,M5:REAL
M5-E01-1004,37,12,M5:REAL
M5-E01-1004,38,10,M5:REAL
M5-E01-1004,39,12,M5:REAL
M5-E01-1004,40,10,M5:REAL
M5-E01-1004,41,12,M5:REAL
M5-E01-1004,42,10,M5:REAL
M5-E01-1004,43,12,M5:REAL
M5-E01-1004,44,10,M5:REAL
M5-E01-1004,45,12,M5:REAL
M5-E01-1004,46,10,M5:REAL
M5-E01-1004,47,12,M5:REAL
M5-E01-1004,48,10,M5:REAL
M5-E01-1004,49,12,M5:REAL
M5-E01-1004,50,10,M5:REAL
M5-E01-1004,51,12,M5:REAL
M5-E01-1004,52,10,M5:REAL
M5-E01-1004,53,12,M5:REAL
M5-E01-1004,54,10,M5:REAL
M5-E01-1004,55,12,M5:REAL
M5-E01-1004,56,10,M5:REAL
M5-E01-1004,57,12,M5:REAL
M5-E01-1004,58,10,M5:REAL
M5-E01-1004,59,12,M5:REAL
M5-E01-1004,60,10,M5:REAL
M5-E01-1004,61,12,M5:REAL
M5-E01-1004,62,10,M5:REAL
M5-E01-1004,63,12,M5:REAL
M5-E01-1004,64,10,M5:REAL
M5-E01-1004,65,12,M5:REAL
M5-E01-1004,66,10,M5:REAL
M5-E01-1004,67,12,M5:REAL
M5-E01-1004,68,10,M5:REAL
M5-E01-1004,69,12,M5:REAL
M5-E01-1004,70,10,M5:REAL
M5-E01-1004,71,12,M5:REAL
M5-E01-1004,72,10,M5:REAL
M5-E01-1004,73,12,M5:REAL
M5-E01-1004,74,10,M5:REAL
M5-E01-1004,75,12,M5:REAL
M5-E01-1004,76,10,M5:REAL
M5-E01-1004,77,12,M5:REAL
M5-E01-1004,78,10,M5:REAL
M5-E01-1004,79,12,M5:REAL
M5-E01-1004,80,10,M5:REAL
M5-E01-1004,81,12,M5:REAL
M5-E01-1004,82,10,M5:REAL
M5-E01-1004,83,12,M5:REAL
M5-E01-1004,84,10,M5:REAL
M5-E01-1004,85,12,M5:REAL
M5-E01-1004,86,10,M5:REAL
M5-E01-1004,87,12,M5:REAL
M5-E01-1004,88,10,M5:REAL
M5-E01-1004,89,12,M5:REAL
M5-E01-1004,90,10,M5:REAL
M5-E01-1004,91,12,M5:REAL
M5-E01-1004,92,10,M5:REAL
M5-E01-1004,93,12,M5:REAL
M5-E01-1004,94,10,M5:REAL
M5-E01-1004,95,12,M5:REAL
M5-E01-1004,96,10,M5:REAL
M5-E01-1004,97,12,M5:REAL
M5-E01-1004,98,10,M5:REAL
M5-E01-1004,99,12,M5:REAL
M3-E01-1004,0,103,M3:REAL
M3-E01-1004,1,108,M3:REAL
M3-E01-1004,2,108,M3:REAL
M3-E01-1004,3,106,M3:REAL
M3-E01-1004,4,108,M3:REAL
M3-E01-1004,5,103,M3:REAL
M3-E01-1004,6,106,M3:REAL
M3-E01-1004,7,101,M3:REAL
M3-E01-1004,8,105,M3:REAL
M3-E01-1004,9,103,M3:REAL
M3-E01-1004,10,105,M3:REAL
M3-E01-1004,11,108,M3:REAL
M3-E01-1004,12,107,M3:REAL
M3-E01-1004,13,105,M3:REAL
M3-E01-1004,14,104,M3:REAL
M3-E01-1004,15,109,M3:REAL
M3-E01-1004,16,105,M3:REAL
M3-E01-1004,17,104,M3:REAL
M3-E01-1004,18,104,M3:REAL
M3-E01-1004,19,109,M3:REAL
M3-E01-1004,20,107,M3:REAL
M3-E01-1004,21,109,M3:REAL
M3-E01-1004,22,100,M3:REAL
M3-E01-1004,23,107,M3:REAL
M3-E01-1004,24,109,M3:REAL
M3-E01-1004,25,101,M3:REAL
M3-E01-1004,26,100,M3:REAL
M3-E01-1004,27,105,M3:REAL
M3-E01-1004,28,106,M3:REAL
M3-E01-1004,29,108,M3:REAL
M3-E01-1004,30,108,M3:REAL
M3-E01-1004,31,102,M3:REAL
M3-E01-1004,32,102,M3:REAL
M3-E01-1004,33,102,M3:REAL
M3-E01-1004,34,101,M3:REAL
M3-E01-1004,35,107,M3:REAL
M3-E01-1004,36,102,M3:REAL
M3-E01-1004,37,102,M3:REAL
M3-E01-1004,38,106,M3:REAL
M3-E01-1004,39,104,M3:REAL
M3-E01-1004,40,109,M3:REAL
M3-E01-1004,41,108,M3:REAL
M3-E01-1004,42,101,M3:REAL
M3-E01-1004,43,103,M3:REAL
M3-E01-1004,44,102,M3:REAL
M3-E01-1004,45,106,M3:REAL
M3-E01-1004,46,103,M3:REAL
M3-E01-1004,47,105,M3:REAL
M3-E01-1004,48,107,M3:REAL
M3-E01-1004,49,100,M3:REAL
M3-E01-1004,50,108,M3:REAL
M3-E01-1004,51,106,M3:REAL
M3-E01-1004,52,103,M3:REAL
M3-E01-1004,53,109,M3:REAL
M3-E01-1004,54,102,M3:REAL
M3-E01-1004,55,108,M3:REAL
M3-E01-1004,56,108,M3:REAL
M3-E01-1004,57,101,M3:REAL
M3-E01-1004,58,102,M3:REAL
M3-E01-1004,59,107,M3:REAL
M3-E01-1004,60,102,M3:REAL
M3-E01-1004,61,102,M3:REAL
M3-E01-1004,62,107,M3:REAL
M3-E01-1004,63,109,M3:REAL
M3-E01-1004,64,104,M3:REAL
M3-E01-1004,65,100,M3:REAL
M3-E01-1004,66,106,M3:REAL
M3-E01-1004,67,100,M3:REAL
M3-E01-1004,68,105,M3:REAL
M3-E01-1004,69,101,M3:REAL
M3-E01-1004,70,108,M3:REAL
M3-E01-1004,71,106,M3:REAL
M3-E01-1004,72,107,M3:REAL
M3-E01-1004,73,103,M3:REAL
M3-E01-1004,74,104,M3:REAL
M3-E01-1004,75,107,M3:REAL
M3-E01-1004,76,102,M3:REAL
M3-E01-1004,77,101,M3:REAL
M3-E01-1004,78,103,M3:REAL
M3-E01-1004,79,102,M3:REAL
M3-E01-1004,80,103,M3:REAL
M3-E01-1004,81,100,M3:REAL
M3-E01-1004,82,104,M3:REAL
M3-E01-1004,83,100,M3:REAL
M3-E01-1004,84,101,M3:REAL
M3-E01-1004,85,107,M3:REAL
M3-E01-1004,86,106,M3:REAL
M3-E01-1004,87,104,M3:REAL
M3-E01-1004,88,108,M3:REAL
M3-E01-1004,89,109,M3:REAL
M3-E01-1004,90,104,M3:REAL
M3-E01-1004,91,104,M3:REAL
M3-E01-1004,92,109,M3:REAL
M3-E01-1004,93,103,M3:REAL
M3-E01-1004,94,104,M3:REAL
M3-E01-1004,95,102,M3:REAL
M3-E01-1004,96,100,M3:REAL
M3-E01-1004,97,108,M3:REAL
M3-E01-1004,98,104,M3:REAL
M3-E01-1004,99,107,M3:REAL
M2-E03-1004,0,17,M2:REAL
M2-E03-1004,1,23,M2:REAL
M2-E03-1004,2,23,M2:REAL
M2-E03-1004,3,17,M2:REAL
M2-E03-1004,4,17,M2:REAL
M2-E03-1004,5,23,M2:REAL
M2-E03-1004,6,23,M2:REAL
M2-E03-1004,7,17,M2:REAL
M2-E03-1004,8,23,M2:REAL
M2-E03-1004,9,23,M2:REAL
M2-E03-1004,10,17,M2:REAL
M2-E03-1004,11,17,M2:REAL
M2-E03-1004,12,23,M2:REAL
M2-E03-1004,13,17,M2:REAL
M2-E03-1004,14,17,M2:REAL
M2-E03-1004,15,17,M2:REAL
M2-E03-1004,16,23,M2:REAL
M2-E03-1004,17,23,M2:REAL
M2-E03-1004,18,17,M2:REAL
M2-E03-1004,19,17,M2:REAL
M2-E03-1004,20,17,M2:REAL
M2-E03-1004,21,17,M2:REAL
M2-E03-1004,22,17,M2:REAL
M2-E03-1004,23,17,M2:REAL
M2-E03-1004,24,17,M2:REAL
M2-E03-1004,25,17,M2:REAL
M2-E03-1004,26,17,M2:REAL
M2-E03-1004,27,17,M2:REAL
M2-E03-1004,28,23,M2:REAL
M2-E03-1004,29,23,M2:REAL
M2-E03-1004,30,23,M2:REAL
M2-E03-1004,31,23,M2:REAL
M2-E03-1004,32,17,M2:REAL
M2-E03-1004,33,17,M2:REAL
M2-E03-1004,34,23,M2:REAL
M2-E03-1004,35,17,M2:REAL
M2-E03-1004,36,23,M2:REAL
M2-E03-1004,37,17,M2:REAL
M2-E03-1004,38,23,M2:REAL
M2-E03-1004,39,23,M2:REAL
M2-E03-1004,40,23,M2:REAL
M2-E03-1004,41,17,M2:REAL
M2-E03-1004,42,23,M2:REAL
M2-E03-1004,43,23,M2:REAL
M2-E03-1004,44,23,M2:REAL
M2-E03-1004,45,23,M2:REAL
M2-E03-1004,46,17,M2:REAL
M2-E03-1004,47,17,M2:REAL
M2-E03-1004,48,17,M2:REAL
M2-E03-1004,49,17,M2:REAL
M2-E03-1004,50,23,M2:REAL
M2-E03-1004,51,17,M2:REAL
M2-E03-1004,52,17,M2:REAL
M2-E03-1004,53,17,M2:REAL
M2-E03-1004,54,23,M2:REAL
M2-E03-1004,55,17,M2:REAL
M2-E03-1004,56,23,M2:REAL
M2-E03-1004,57,17,M2:REAL
M2-E03-1004,58,23,M2:REAL
M2-E03-1004,59,23,M2:REAL
M2-E03-1004,60,23,M2:REAL
M2-E03-1004,61,23,M2:REAL
M2-E03-1004,62,17,M2:REAL
M2-E03-1004,63,17,M2:REAL
M2-E03-1004,64,23,M2:REAL
M2-E03-1004,65,17,M2:REAL
M2-E03-1004,66,23,M2:REAL
M2-E03-1004,67,17,M2:REAL
M2-E03-1004,68,23,M2:REAL
M2-E03-1004,69,17,M2:REAL
M2-E03-1004,70,17,M2:REAL
M2-E03-1004,71,17,M2:REAL
M2-E03-1004,72,17,M2:REAL
M2-E03-1004,73,23,M2:REAL
M2-E03-1004,74,23,M2:REAL
M2-E03-1004,75,17,M2:REAL
M2-E03-1004,76,23,M2:REAL
M2-E03-1004,77,17,M2:REAL
M2-E03-1004,78,23,M2:REAL
M2-E03-1004,79,23,M2:REAL
M2-E03-1004,80,17,M2:REAL
M2-E03-1004,81,23,M2:REAL
M2-E03-1004,82,17,M2:REAL
M2-E03-1004,83,23,M2:REAL
M2-E03-1004,84,23,M2:REAL
M2-E03-1004,85,23,M2:REAL
M2-E03-1004,86,23,M2:REAL
M2-E03-1004,87,17,M2:REAL
M2-E03-1004,88,17,M2:REAL
M2-E03-1004,89,23,M2:REAL
M2-E03-1004,90,17,M2:REAL
M2-E03-1004,91,23,M2:REAL
M2-E03-1004,92,17,M2:REAL
M2-E03-1004,93,23,M2:REAL
M2-E03-1004,94,23,M2:REAL
M2-E03-1004,95,17,M2:REAL
M2-E03-1004,96,23,M2:REAL
M2-E03-1004,97,23,M2:REAL
M2-E03-1004,98,23,M2:REAL
M2-E03-1004,99,23,M2:REAL
M1-E01-1004,0,17,M1:REAL
M1-E01-1004,1,17,M1:REAL
M1-E01-1004,2,17,M1:REAL
M1-E01-1004,3,17,M1:REAL
M1-E01-1004,4,17,M1:REAL
M1-E01-1004,5,17,M1:REAL
M1-E01-1004,6,17,M1:REAL
M1-E01-1004,7,17,M1:REAL
M1-E01-1004,8,17,M1:REAL
M1-E01-1004,9,17,M1:REAL
M1-E01-1004,10,17,M1:REAL
M1-E01-1004,11,17,M1:REAL
M1-E01-1004,12,17,M1:REAL
M1-E01-1004,13,23,M1:REAL
M1-E01-1004,14,17,M1:REAL
M1-E01-1004,15,17,M1:REAL
M1-E01-1004,16,17,M1:REAL
M1-E01-1004,17,17,M1:REAL
M1-E01-1004,18,17,M1:REAL
M1-E01-1004,19,17,M1:REAL
M1-E01-1004,20,17,M1:REAL
M1-E01-1004,21,17,M1:REAL
M1-E01-1004,22,17,M1:REAL
M1-E01-1004,23,17,M1:REAL
M1-E01-1004,24,17,M1:REAL
M1-E01-1004,25,17,M1:REAL
M1-E01-1004,26,17,M1:REAL
M1-E01-1004,27,17,M1:REAL
M1-E01-1004,28,17,M1:REAL
M1-E01-1004,29,17,M1:REAL
M1-E01-1004,30,17,M1:REAL
M1-E01-1004,31,17,M1:REAL
M1-E01-1004,32,17,M1:REAL
M1-E01-1004,33,17,M1:REAL
M1-E01-1004,34,17,M1:REAL
M1-E01-1004,35,17,M1:REAL
M1-E01-1004,36,17,M1:REAL
M1-E01-1004,37,17,M1:REAL
M1-E01-1004,38,17,M1:REAL
M1-E01-1004,39,17,M1:REAL
M1-E01-1004,40,17,M1:REAL
M1-E01-1004,41,17,M1:REAL
M1-E01-1004,42,17,M1:REAL
M1-E01-1004,43,17,M1:REAL
M1-E01-1004,44,17,M1:REAL
M1-E01-1004,45,17,M1:REAL
M1-E01-1004,46,17,M1:REAL
M1-E01-1004,47,17,M1:REAL
M1-E01-1004,48,17,M1:REAL
M1-E01-1004,49,17,M1:REAL
M1-E01-1004,50,17,M1:REAL
M1-E01-1004,51,17,M1:REAL
M1-E01-1004,52,17,M1:REAL
M1-E01-1004,53,17,M1:REAL
M1-E01-1004,54,17,M1:REAL
M1-E01-1004,55,17,M1:REAL
M1-E01-1004,56,17,M1:REAL
M1-E01-1004,57,17,M1:REAL
M1-E01-1004,58,17,M1:REAL
M1-E01-1004,59,17,M1:REAL
M1-E01-1004,60,17,M1:REAL
M1-E01-1004,61,17,M1:REAL
M1-E01-1004,62,17,M1:REAL
M1-E01-1004,63,17,M1:REAL
M1-E01-1004,64,17,M1:REAL
M1-E01-1004,65,17,M1:REAL
M1-E01-1004,66,17,M1:REAL
M1-E01-1004,67,17,M1:REAL
M1-E01-1004,68,17,M1:REAL
M1-E01-1004,69,17,M1:REAL
M1-E01-1004,70,17,M1:REAL
M1-E01-1004,71,17,M1:REAL
M1-E01-1004,72,17,M1:REAL
M1-E01-1004,73,17,M1:REAL
M1-E01-1004,74,17,M1:REAL
M1-E01-1004,75,17,M1:REAL
M1-E01-1004,76,17,M1:REAL
M1-E01-1004,77,17,M1:REAL
M1-E01-1004,78,17,M1:REAL
M1-E01-1004,79,17,M1:REAL
M1-E01-1004,80,17,M1:REAL
M1-E01-1004,81,17,M1:REAL
M1-E01-1004,82,17,M1:REAL
M1-E01-1004,83,17,M1:REAL
M1-E01-1004,84,17,M1:REAL
M1-E01-1004,85,17,M1:REAL
M1-E01-1004,86,17,M1:REAL
M1-E01-1004,87,17,M1:REAL
M1-E01-1004,88,17,M1:REAL
M1-E01-1004,89,17,M1:REAL
M1-E01-1004,90,17,M1:REAL
M1-E01-1004,91,17,M1:REAL
M1-E01-1004,92,17,M1:REAL
M1-E01-1004,93,17,M1:REAL
M1-E01-1004,94,17,M1:REAL
M1-E01-1004,95,17,M1:REAL
M1-E01-1004,96,17,M1:REAL
M1-E01-1004,97,17,M1:REAL
M1-E01-1004,98,17,M1:REAL
M1-E01-1004,99,17,M1:REAL
M4-E00-1004,0,10,M4:REAL
M4-E00-1004,1,11,M4:REAL
M4-E00-1004,2,10,M4:REAL
M4-E00-1004,3,11,M4:REAL
M4-E00-1004,4,10,M4:REAL
M4-E00-1004,5,11,M4:REAL
M4-E00-1004,6,10,M4:REAL
M4-E00-1004,7,11,M4:REAL
M4-E00-1004,8,10,M4:REAL
M4-E00-1004,9,11,M4:REAL
M4-E00-1004,10,10,M4:REAL
M4-E00-1004,11,11,M4:REAL
M4-E00-1004,12,10,M4:REAL
M4-E00-1004,13,11,M4:REAL
M4-E00-1004,14,10,M4:REAL
M4-E00-1004,15,11,M4:REAL
M4-E00-1004,16,10,M4:REAL
M4-E00-1004,17,11,M4:REAL
M4-E00-1004,18,10,M4:REAL
M4-E00-1004,19,11,M4:REAL
M4-E00-1004,20,10,M4:REAL
M4-E00-1004,21,11,M4:REAL
M4-E00-1004,22,10,M4:REAL
M4-E00-1004,23,11,M4:REAL
M4-E00-1004,24,10,M4:REAL
M4-E00-1004,25,11,M4:REAL
M4-E00-1004,26,10,M4:REAL
M4-E00-1004,27,11,M4:REAL
M4-E00-1004,28,10,M4:REAL
M4-E00-1004,29,11,M4:REAL
M4-E00-1004,30,10,M4:REAL
M4-E00-1004,31,11,M4:REAL
M4-E00-1004,32,10,M4:REAL
M4-E00-1004,33,11,M4:REAL
M4-E00-1004,34,10,M4:REAL
M4-E00-1004,35,11,M4:REAL
M4-E00-1004,36,10,M4:REAL
M4-E00-1004,37,11,M4:REAL
M4-E00-1004,38,10,M4:REAL
M4-E00-1004,39,11,M4:REAL
M4-E00-1004,40,10,M4:REAL
M4-E00-1004,41,11,M4:REAL
M4-E00-1004,42,10,M4:REAL
M4-E00-1004,43,11,M4:REAL
M4-E00-1004,44,10,M4:REAL
M4-E00-1004,45,11,M4:REAL
M4-E00-1004,46,10,M4:REAL
M4-E00-1004,47,11,M4:REAL
M4-E00-1004,48,10,M4:REAL
M4-E00-1004,49,11,M4:REAL
M4-E00-1004,50,10,M4:REAL
M4-E00-1004,51,11,M4:REAL
M4-E00-1004,52,10,M4:REAL
M4-E00-1004,53,11,M4:REAL
M4-E00-1004,54,10,M4:REAL
M4-E00-1004,55,11,M4:REAL
M4-E00-1004,56,10,M4:REAL
M4-E00-1004,57,11,M4:REAL
M4-E00-1004,58,10,M4:REAL
M4-E00-1004,59,11,M4:REAL
M4-E00-1004,60,10,M4:REAL
M4-E00-1004,61,11,M4:REAL
M4-E00-1004,62,10,M4:REAL
M4-E00-1004,63,11,M4:REAL
M4-E00-1004,64,10,M4:REAL
M4-E00-1004,65,11,M4:REAL
M4-E00-1004,66,10,M4:REAL
M4-E00-1004,67,11,M4:REAL
M4-E00-1004,68,10,M4:REAL
M4-E00-1004,69,11,M4:REAL
M4-E00-1004,70,10,M4:REAL
M4-E00-1004,71,11,M4:REAL
M4-E00-1004,72,10,M4:REAL
M4-E00-1004,73,11,M4:REAL
M4-E00-1004,74,10,M4:REAL
M4-E00-1004,75,11,M4:REAL
M4-E00-1004,76,10,M4:REAL
M4-E00-1004,77,11,M4:REAL
M4-E00-1004,78,10,M4:REAL
M4-E00-1004,79,11,M4:REAL
M4-E00-1004,80,10,M4:REAL
M4-E00-1004,81,11,M4:REAL
M4-E00-1004,82,10,M4:REAL
M4-E00-1004,83,11,M4:REAL
M4-E00-1004,84,10,M4:REAL
M4-E00-1004,85,11,M4:REAL
M4-E00-1004,86,10,M4:REAL
M4-E00-1004,87,11,M4:REAL
M4-E00-1004,88,10,M4:REAL
M4-E00-1004,89,11,M4:REAL
M4-E00-1004,90,10,M4:REAL
M4-E00-1004,91,11,M4:REAL
M4-E00-1004,92,10,M4:REAL
M4-E00-1004,93,11,M4:REAL
M4-E00-1004,94,10,M4:REAL
M4-E00-1004,95,11,M4:REAL
M4-E00-1004,96,10,M4:REAL
M4-E00-1004,97,11,M4:REAL
M4-E00-1004,98,10,M4:REAL
M4-E00-1004,99,11,M4:REAL
M5-E02-1004,0,10,M5:REAL
M5-E02-1004,1,12,M5:REAL
M5-E02-1004,2,10,M5:REAL
M5-E02-1004,3,12,M5:REAL
M5-E02-1004,4,10,M5:REAL
M5-E02-1004,5,12,M5:REAL
M5-E02-1004,6,10,M5:REAL
M5-E02-1004,7,12,M5:REAL
M5-E02-1004,8,10,M5:REAL
M5-E02-1004,9,12,M5:REAL
M5-E02-1004,10,10,M5:REAL
M5-E02-1004,11,12,M5:REAL
M5-E02-1004,12,10,M5:REAL
M5-E02-1004,13,12,M5:REAL
M5-E02-1004,14,10,M5:REAL
M5-E02-1004,15,12,M5:REAL
M5-E02-1004,16,10,M5:REAL
M5-E02-1004,17,12,M5:REAL
M5-E02-1004,18,10,M5:REAL
M5-E02-1004,19,12,M5:REAL
M5-E02-1004,20,10,M5:REAL
M5-E02-1004,21,12,M5:REAL
M5-E02-1004,22,10,M5:REAL
M5-E02-1004,23,12,M5:REAL
M5-E02-1004,24,10,M5:REAL
M5-E02-1004,25,12,M5:REAL
M5-E02-1004,26,10,M5:REAL
M5-E02-1004,27,12,M5:REAL
M5-E02-1004,28,10,M5:REAL
M5-E02-1004,29,12,M5:REAL
M5-E02-1004,30,10,M5:REAL
M5-E02-1004,31,12,M5:REAL
M5-E02-1004,32,10,M5:REAL
M5-E02-1004,33,12,M5:REAL
M5-E02-1004,34,10,M5:REAL
M5-E02-1004,35,12,M5:REAL
M5-E02-1004,36,10,M5:REAL
M5-E02-1004,37,12,M5:REAL
M5-E02-1004,38,10,M5:REAL
M5-E02-1004,39,12,M5:REAL
M5-E02-1004,40,10,M5:REAL
M5-E02-1004,41,12,M5:REAL
M5-E02-1004,42,10,M5:REAL
M5-E02-1004,43,12,M5:REAL
M5-E02-1004,44,10,M5:REAL
M5-E02-1004,45,12,M5:REAL
M5-E02-1004,46,10,M5:REAL
M5-E02-1004,47,12,M5:REAL
M5-E02-1004,48,10,M5:REAL
M5-E02-1004,49,12,M5:REAL
M5-E02-1004,50,10,M5:REAL
M5-E02-1004,51,12,M5:REAL
M5-E02-1004,52,10,M5:REAL
M5-E02-1004,53,12,M5:REAL
M5-E02-1004,54,10,M5:REAL
M5-E02-1004,55,12,M5:REAL
M5-E02-1004,56,10,M5:REAL
M5-E02-1004,57,12,M5:REAL
M5-E02-1004,58,10,M5:REAL
M5-E02-1004,59,12,M5:REAL
M5-E02-1004,60,10,M5:REAL
M5-E02-1004,61,12,M5:REAL
M5-E02-1004,62,10,M5:REAL
M5-E02-1004,63,12,M5:REAL
M5-E02-1004,64,10,M5:REAL
M5-E02-1004,65,12,M5:REAL
M5-E02-1004,66,10,M5:REAL
M5-E02-1004,67,12,M5:REAL
M5-E02-1004,68,10,M5:REAL
M5-E02-1004,69,12,M5:REAL
M5-E02-1004,70,10,M5:REAL
M5-E02-1004,71,12,M5:REAL
M5-E02-1004,72,10,M5:REAL
M5-E02-1004,73,12,M5:REAL
M5-E02-1004,74,10,M5:REAL
M5-E02-1004,75,12,M5:REAL
M5-E02-1004,76,10,M5:REAL
M5-E02-1004,77,12,M5:REAL
M5-E02-1004,78,10,M5:REAL
M5-E02-1004,79,12,M5:REAL
M5-E02-1004,80,10,M5:REAL
M5-E02-1004,81,12,M5:REAL
M5-E02-1004,82,10,M5:REAL
M5-E02-1004,83,12,M5:REAL
M5-E02-1004,84,10,M5:REAL
M5-E02-1004,85,12,M5:REAL
M5-E02-1004,86,10,M5:REAL
M5-E02-1004,87,12,M5:REAL
M5-E02-1004,88,10,M5:REAL
M5-E02-1004,89,12,M5:REAL
M5-E02-1004,90,10,M5:REAL
M5-E02-1004,91,12,M5:REAL
M5-E02-1004,92,10,M5:REAL
M5-E02-1004,93,12,M5:REAL
M5-E02-1004,94,10,M5:REAL
M5-E02-1004,95,12,M5:REAL
M5-E02-1004,96,10,M5:REAL
M5-E02-1004,97,12,M5:REAL
M5-E02-1004,98,10,M5:REAL
M5-E02-1004,99,12,M5:REAL
M2-E00-1004,0,17,M2:REAL
M2-E00-1004,1,17,M2:REAL
M2-E00-1004,2,17,M2:REAL
M2-E00-1004,3,23,M2:REAL
M2-E00-1004,4,17,M2:REAL
M2-E00-1004,5,23,M2:REAL
M2-E00-1004,6,23,M2:REAL
M2-E00-1004,7,17,M2:REAL
M2-E00-1004,8,17,M2:REAL
M2-E00-1004,9,23,M2:REAL
M2-E00-1004,10,23,M2:REAL
M2-E00-1004,11,23,M2:REAL
M2-E00-1004,12,23,M2:REAL
M2-E00-1004,13,23,M2:REAL
M2-E00-1004,14,17,M2:REAL
M2-E00-1004,15,23,M2:REAL
M2-E00-1004,16,17,M2:REAL
M2-E00-1004,17,17,M2:REAL
M2-E00-1004,18,23,M2:REAL
M2-E00-1004,19,23,M2:REAL
M2-E00-1004,20,23,M2:REAL
M2-E00-1004,21,23,M2:REAL
M2-E00-1004,22,23,M2:REAL
M2-E00-1004,23,23,M2:REAL
M2-E00-1004,24,23,M2:REAL
M2-E00-1004,25,17,M2:REAL
M2-E00-1004,26,17,M2:REAL
M2-E00-1004,27,17,M2:REAL
M2-E00-1004,28,17,M2:REAL
M2-E00-1004,29,17,M2:REAL
M2-E00-1004,30,17,M2:REAL
M2-E00-1004,31,23,M2:REAL
M2-E00-1004,32,23,M2:REAL
M2-E00-1004,33,17,M2:REAL
M2-E00-1004,34,17,M2:REAL
M2-E00-1004,35,17,M2:REAL
M2-E00-1004,36,17,M2:REAL
M2-E00-1004,37,17,M2:REAL
M2-E00-1004,38,23,M2:REAL
M2-E00-1004,39,17,M2:REAL
M2-E00-1004,40,23,M2:REAL
M2-E00-1004,41,23,M2:REAL
M2-E00-1004,42,23,M2:REAL
M2-E00-1004,43,23,M2:REAL
M2-E00-1004,44,23,M2:REAL
M2-E00-1004,45,17,M2:REAL
M2-E00-1004,46,23,M2:REAL
M2-E00-1004,47,17,M2:REAL
M2-E00-1004,48,23,M2:REAL
M2-E00-1004,49,17,M2:REAL
M2-E00-1004,50,23,M2:REAL
M2-E00-1004,51,23,M2:REAL
M2-E00-1004,52,23,M2:REAL
M2-E00-1004,53,17,M2:REAL
M2-E00-1004,54,23,M2:REAL
M2-E00-1004,55,23,M2:REAL
M2-E00-1004,56,17,M2:REAL
M2-E00-1004,57,23,M2:REAL
M2-E00-1004,58,23,M2:REAL
M2-E00-1004,59,17,M2:REAL
M2-E00-1004,60,23,M2:REAL
M2-E00-1004,61,17,M2:REAL
M2-E00-1004,62,23,M2:REAL
M2-E00-1004,63,17,M2:REAL
M2-E00-1004,64,17,M2:REAL
M2-E00-1004,65,17,M2:REAL
M2-E00-1004,66,17,M2:REAL
M2-E00-1004,67,23,M2:REAL
M2-E00-1004,68,17,M2:REAL
M2-E00-1004,69,17,M2:REAL
M2-E00-1004,70,23,M2:REAL
M2-E00-1004,71,23,M2:REAL
M2-E00-1004,72,23,M2:REAL
M2-E00-1004,73,17,M2:REAL
M2-E00-1004,74,23,M2:REAL
M2-E00-1004,75,17,M2:REAL
M2-E00-1004,76,23,M2:REAL
M2-E00-1004,77,17,M2:REAL
M2-E00-1004,78,23,M2:REAL
M2-E00-1004,79,17,M2:REAL
M2-E00-1004,80,23,M2:REAL
M2-E00-1004,81,17,M2:REAL
M2-E00-1004,82,17,M2:REAL
M2-E00-1004,83,17,M2:REAL
M2-E00-1004,84,17,M2:REAL
M2-E00-1004,85,17,M2:REAL
M2-E00-1004,86,23,M2:REAL
M2-E00-1004,87,17,M2:REAL
M2-E00-1004,88,17,M2:REAL
M2-E00-1004,89,23,M2:REAL
M2-E00-1004,90,17,M2:REAL
M2-E00-1004,91,23,M2:REAL
M2-E00-1004,92,17,M2:REAL
M2-E00-1004,93,23,M2:REAL
M2-E00-1004,94,17,M2:REAL
M2-E00-1004,95,17,M2:REAL
M2-E00-1004,96,17,M2:REAL
M2-E00-1004,97,23,M2:REAL
M2-E00-1004,98,23,M2:REAL
M2-E00-1004,99,23,M2:REAL
PIR_REAL_50-E05-1004,0,17,PIR_REAL_50:REAL
PIR_REAL_50-E05-1004,1,1006,PIR_REAL_50:DUMMY
PIR_REAL_50-E05-1004,2,1014,PIR_REAL_50:DUMMY
PIR_REAL_50-E05-1004,3,1049,PIR_REAL_50:DUMMY
PIR_REAL_50-E05-1004,4,1022,PIR_REAL_50:DUMMY
PIR_REAL_50-E05-1004,5,1014,PIR_REAL_50:DUMMY
PIR_REAL_50-E05-1004,6,1005,PIR_REAL_50:DUMMY
PIR_REAL_50-E05-1004,7,1033,PIR_REAL_50:DUMMY
PIR_REAL_50-E05-1004,8,17,PIR_REAL_50:REAL
PIR_REAL_50-E05-1004,9,1017,PIR_REAL_50:DUMMY
PIR_REAL_50-E05-1004,10,17,PIR_REAL_50:REAL
PIR_REAL_50-E05-1004,11,1037,PIR_REAL_50:DUMMY
PIR_REAL_50-E05-1004,12,17,PIR_REAL_50:REAL
PIR_REAL_50-E05-1004,13,1014,PIR_REAL_50:DUMMY
PIR_REAL_50-E05-1004,14,1000,PIR_REAL_50:DUMMY
PIR_REAL_50-E05-1004,15,17,PIR_REAL_50:REAL
PIR_REAL_50-E05-1004,16,1004,PIR_REAL_50:DUMMY
PIR_REAL_50-E05-1004,17,1028,PIR_REAL_50:DUMMY
PIR_REAL_50-E05-1004,18,1008,PIR_REAL_50:DUMMY
PIR_REAL_50-E05-1004,19,17,PIR_REAL_50:REAL
PIR_REAL_50-E05-1004,20,1037,PIR_REAL_50:DUMMY
PIR_REAL_50-E05-1004,21,1016,PIR_REAL_50:DUMMY
PIR_REAL_50-E05-1004,22,1001,PIR_REAL_50:DUMMY
PIR_REAL_50-E05-1004,23,1025,PIR_REAL_50:DUMMY
PIR_REAL_50-E05-1004,24,17,PIR_REAL_50:REAL
PIR_REAL_50-E05-1004,25,17,PIR_REAL_50:REAL
PIR_REAL_50-E05-1004,26,1037,PIR_REAL_50:DUMMY
PIR_REAL_50-E05-1004,27,1004,PIR_REAL_50:DUMMY
PIR_REAL_50-E05-1004,28,1005,PIR_REAL_50:DUMMY
PIR_REAL_50-E05-1004,29,17,PIR_REAL_50:REAL
PIR_REAL_50-E05-1004,30,17,PIR_REAL_50:REAL
PIR_REAL_50-E05-1004,31,17,PIR_REAL_50:REAL
PIR_REAL_50-E05-1004,32,1040,PIR_REAL_50:DUMMY
PIR_REAL_50-E05-1004,33,1034,PIR_REAL_50:DUMMY
PIR_REAL_50-E05-1004,34,17,PIR_REAL_50:REAL
PIR_REAL_50-E05-1004,35,17,PIR_REAL_50:REAL
PIR_REAL_50-E05-1004,36,1063,PIR_REAL_50:DUMMY
PIR_REAL_50-E05-1004,37,1014,PIR_REAL_50:DUMMY
PIR_REAL_50-E05-1004,38,17,PIR_REAL_50:REAL
PIR_REAL_50-E05-1004,39,17,PIR_REAL_50:REAL
PIR_REAL_50-E05-1004,40,17,PIR_REAL_50:REAL
PIR_REAL_50-E05-1004,41,1044,PIR_REAL_50:DUMMY
PIR_REAL_50-E05-1004,42,17,PIR_REAL_50:REAL
PIR_REAL_50-E05-1004,43,17,PIR_REAL_50:REAL
PIR_REAL_50-E05-1004,44,17,PIR_REAL_50:REAL
PIR_REAL_50-E05-1004,45,1023,PIR_REAL_50:DUMMY
PIR_REAL_50-E05-1004,46,1045,PIR_REAL_50:DUMMY
PIR_REAL_50-E05-1004,47,1014,PIR_REAL_50:DUMMY
PIR_REAL_50-E05-1004,48,17,PIR_REAL_50:REAL
PIR_REAL_50-E05-1004,49,17,PIR_REAL_50:REAL
PIR_REAL_50-E05-1004,50,17,PIR_REAL_50:REAL
PIR_REAL_50-E05-1004,51,1037,PIR_REAL_50:DUMMY
PIR_REAL_50-E05-1004,52,17,PIR_REAL_50:REAL
PIR_REAL_50-E05-1004,53,17,PIR_REAL_50:REAL
PIR_REAL_50-E05-1004,54,1033,PIR_REAL_50:DUMMY
PIR_REAL_50-E05-1004,55,17,PIR_REAL_50:REAL
PIR_REAL_50-E05-1004,56,17,PIR_REAL_50:REAL
PIR_REAL_50-E05-1004,57,1025,PIR_REAL_50:DUMMY
PIR_REAL_50-E05-1004,58,17,PIR_REAL_50:REAL
PIR_REAL_50-E05-1004,59,17,PIR_REAL_50:REAL
PIR_REAL_50-E05-1004,60,1037,PIR_REAL_50:DUMMY
PIR_REAL_50-E05-1004,61,1058,PIR_REAL_50:DUMMY
PIR_REAL_50-E05-1004,62,17,PIR_REAL_50:REAL
PIR_REAL_50-E05-1004,63,1005,PIR_REAL_50:DUMMY
PIR_REAL_50-E05-1004,64,1015,PIR_REAL_50:DUMMY
PIR_REAL_50-E05-1004,65,1005,PIR_REAL_50:DUMMY
PIR_REAL_50-E05-1004,66,1035,PIR_REAL_50:DUMMY
PIR_REAL_50-E05-1004,67,17,PIR_REAL_50:REAL
PIR_REAL_50-E05-1004,68,17,PIR_REAL_50:REAL
PIR_REAL_50-E05-1004,69,1015,PIR_REAL_50:DUMMY
PIR_REAL_50-E05-1004,70,1056,PIR_REAL_50:DUMMY
PIR_REAL_50-E05-1004,71,17,PIR_REAL_50:REAL
PIR_REAL_50-E05-1004,72,1017,PIR_REAL_50:DUMMY
PIR_REAL_50-E05-1004,73,1042,PIR_REAL_50:DUMMY
PIR_REAL_50-E05-1004,74,17,PIR_REAL_50:REAL
PIR_REAL_50-E05-1004,75,17,PIR_REAL_50:REAL
PIR_REAL_50-E05-1004,76,17,PIR_REAL_50:REAL
PIR_REAL_50-E05-1004,77,1035,PIR_REAL_50:DUMMY
PIR_REAL_50-E05-1004,78,17,PIR_REAL_50:REAL
PIR_REAL_50-E05-1004,79,17,PIR_REAL_50:REAL
PIR_REAL_50-E05-1004,80,1002,PIR_REAL_50:DUMMY
PIR_REAL_50-E05-1004,81,17,PIR_REAL_50:REAL
PIR_REAL_50-E05-1004,82,17,PIR_REAL_50:REAL
PIR_REAL_50-E05-1004,83,17,PIR_REAL_50:REAL
PIR_REAL_50-E05-1004,84,17,PIR_REAL_50:REAL
PIR_REAL_50-E05-1004,85,17,PIR_REAL_50:REAL
PIR_REAL_50-E05-1004,86,1034,PIR_REAL_50:DUMMY
PIR_REAL_50-E05-1004,87,1058,PIR_REAL_50:DUMMY
PIR_REAL_50-E05-1004,88,17,PIR_REAL_50:REAL
PIR_REAL_50-E05-1004,89,17,PIR_REAL_50:REAL
PIR_REAL_50-E05-1004,90,1052,PIR_REAL_50:DUMMY
PIR_REAL_50-E05-1004,91,1043,PIR_REAL_50:DUMMY
PIR_REAL_50-E05-1004,92,1050,PIR_REAL_50:DUMMY
PIR_REAL_50-E05-1004,93,17,PIR_REAL_50:REAL
PIR_REAL_50-E05-1004,94,1056,PIR_REAL_50:DUMMY
PIR_REAL_50-E05-1004,95,17,PIR_REAL_50:REAL
PIR_REAL_50-E05-1004,96,17,PIR_REAL_50:REAL
PIR_REAL_50-E05-1004,97,17,PIR_REAL_50:REAL
PIR_REAL_50-E05-1004,98,17,PIR_REAL_50:REAL
PIR_REAL_50-E05-1004,99,17,PIR_REAL_50:REAL
M2-E01-1004,0,23,M2:REAL
M2-E01-1004,1,17,M2:REAL
M2-E01-1004,2,23,M2:REAL
M2-E01-1004,3,17,M2:REAL
M2-E01-1004,4,23,M2:REAL
M2-E01-1004,5,23,M2:REAL
M2-E01-1004,6,17,M2:REAL
M2-E01-1004,7,23,M2:REAL
M2-E01-1004,8,23,M2:REAL
M2-E01-1004,9,23,M2:REAL
M2-E01-1004,10,23,M2:REAL
M2-E01-1004,11,17,M2:REAL
M2-E01-1004,12,23,M2:REAL
M2-E01-1004,13,17,M2:REAL
M2-E01-1004,14,23,M2:REAL
M2-E01-1004,15,23,M2:REAL
M2-E01-1004,16,23,M2:REAL
M2-E01-1004,17,23,M2:REAL
M2-E01-1004,18,17,M2:REAL
M2-E01-1004,19,23,M2:REAL
M2-E01-1004,20,23,M2:REAL
M2-E01-1004,21,23,M2:REAL
M2-E01-1004,22,23,M2:REAL
M2-E01-1004,23,17,M2:REAL
M2-E01-1004,24,17,M2:REAL
M2-E01-1004,25,17,M2:REAL
M2-E01-1004,26,17,M2:REAL
M2-E01-1004,27,17,M2:REAL
M2-E01-1004,28,23,M2:REAL
M2-E01-1004,29,17,M2:REAL
M2-E01-1004,30,17,M2:REAL
M2-E01-1004,31,23,M2:REAL
M2-E01-1004,32,23,M2:REAL
M2-E01-1004,33,17,M2:REAL
M2-E01-1004,34,23,M2:REAL
M2-E01-1004,35,17,M2:REAL
M2-E01-1004,36,23,M2:REAL
M2-E01-1004,37,17,M2:REAL
M2-E01-1004,38,23,M2:REAL
M2-E01-1004,39,23,M2:REAL
M2-E01-1004,40,23,M2:REAL
M2-E01-1004,41,17,M2:REAL
M2-E01-1004,42,17,M2:REAL
M2-E01-1004,43,23,M2:REAL
M2-E01-1004,44,17,M2:REAL
M2-E01-1004,45,23,M2:REAL
M2-E01-1004,46,17,M2:REAL
M2-E01-1004,47,17,M2:REAL
M2-E01-1004,48,17,M2:REAL
M2-E01-1004,49,23,M2:REAL
M2-E01-1004,50,17,M2:REAL
M2-E01-1004,51,17,M2:REAL
M2-E01-1004,52,23,M2:REAL
M2-E01-1004,53,23,M2:REAL
M2-E01-1004,54,17,M2:REAL
M2-E01-1004,55,17,M2:REAL
M2-E01-1004,56,23,M2:REAL
M2-E01-1004,57,17,M2:REAL
M2-E01-1004,58,23,M2:REAL
M2-E01-1004,59,23,M2:REAL
M2-E01-1004,60,23,M2:REAL
M2-E01-1004,61,17,M2:REAL
M2-E01-1004,62,23,M2:REAL
M2-E01-1004,63,17,M2:REAL
M2-E01-1004,64,17,M2:REAL
M2-E01-1004,65,23,M2:REAL
M2-E01-1004,66,17,M2:REAL
M2-E01-1004,67,17,M2:REAL
M2-E01-1004,68,23,M2:REAL
M2-E01-1004,69,23,M2:REAL
M2-E01-1004,70,17,M2:REAL
M2-E01-1004,71,23,M2:REAL
M2-E01-1004,72,17,M2:REAL
M2-E01-1004,73,17,M2:REAL
M2-E01-1004,74,23,M2:REAL
M2-E01-1004,75,17,M2:REAL
M2-E01-1004,76,17,M2:REAL
M2-E01-1004,77,23,M2:REAL
M2-E01-1004,78,23,M2:REAL
M2-E01-1004,79,23,M2:REAL
M2-E01-1004,80,17,M2:REAL
M2-E01-1004,81,17,M2:REAL
M2-E01-1004,82,23,M2:REAL
M2-E01-1004,83,17,M2:REAL
M2-E01-1004,84,17,M2:REAL
M2-E01-1004,85,23,M2:REAL
M2-E01-1004,86,17,M2:REAL
M2-E01-1004,87,17,M2:REAL
M2-E01-1004,88,17,M2:REAL
M2-E01-1004,89,17,M2:REAL
M2-E01-1004,90,17,M2:REAL
M2-E01-1004,91,23,M2:REAL
M2-E01-1004,92,23,M2:REAL
M2-E01-1004,93,17,M2:REAL
M2-E01-1004,94,23,M2:REAL
M2-E01-1004,95,23,M2:REAL
M2-E01-1004,96,17,M2:REAL
M2-E01-1004,97,17,M2:REAL
M2-E01-1004,98,23,M2:REAL
M2-E01-1004,99,17,M2:REAL
PIR_REAL_100-E02-1004,0,17,PIR_REAL_100:REAL
PIR_REAL_100-E02-1004,1,17,PIR_REAL_100:REAL
PIR_REAL_100-E02-1004,2,17,PIR_REAL_100:REAL
PIR_REAL_100-E02-1004,3,17,PIR_REAL_100:REAL
PIR_REAL_100-E02-1004,4,17,PIR_REAL_100:REAL
PIR_REAL_100-E02-1004,5,17,PIR_REAL_100:REAL
PIR_REAL_100-E02-1004,6,17,PIR_REAL_100:REAL
PIR_REAL_100-E02-1004,7,17,PIR_REAL_100:REAL
PIR_REAL_100-E02-1004,8,17,PIR_REAL_100:REAL
PIR_REAL_100-E02-1004,9,17,PIR_REAL_100:REAL
PIR_REAL_100-E02-1004,10,17,PIR_REAL_100:REAL
PIR_REAL_100-E02-1004,11,17,PIR_REAL_100:REAL
PIR_REAL_100-E02-1004,12,17,PIR_REAL_100:REAL
PIR_REAL_100-E02-1004,13,17,PIR_REAL_100:REAL
PIR_REAL_100-E02-1004,14,17,PIR_REAL_100:REAL
PIR_REAL_100-E02-1004,15,17,PIR_REAL_100:REAL
PIR_REAL_100-E02-1004,16,17,PIR_REAL_100:REAL
PIR_REAL_100-E02-1004,17,17,PIR_REAL_100:REAL
PIR_REAL_100-E02-1004,18,17,PIR_REAL_100:REAL
PIR_REAL_100-E02-1004,19,17,PIR_REAL_100:REAL
PIR_REAL_100-E02-1004,20,17,PIR_REAL_100:REAL
PIR_REAL_100-E02-1004,21,17,PIR_REAL_100:REAL
PIR_REAL_100-E02-1004,22,17,PIR_REAL_100:REAL
PIR_REAL_100-E02-1004,23,17,PIR_REAL_100:REAL
PIR_REAL_100-E02-1004,24,17,PIR_REAL_100:REAL
PIR_REAL_100-E02-1004,25,17,PIR_REAL_100:REAL
PIR_REAL_100-E02-1004,26,17,PIR_REAL_100:REAL
PIR_REAL_100-E02-1004,27,17,PIR_REAL_100:REAL
PIR_REAL_100-E02-1004,28,17,PIR_REAL_100:REAL
PIR_REAL_100-E02-1004,29,17,PIR_REAL_100:REAL
PIR_REAL_100-E02-1004,30,17,PIR_REAL_100:REAL
PIR_REAL_100-E02-1004,31,17,PIR_REAL_100:REAL
PIR_REAL_100-E02-1004,32,17,PIR_REAL_100:REAL
PIR_REAL_100-E02-1004,33,17,PIR_REAL_100:REAL
PIR_REAL_100-E02-1004,34,17,PIR_REAL_100:REAL
PIR_REAL_100-E02-1004,35,17,PIR_REAL_100:REAL
PIR_REAL_100-E02-1004,36,17,PIR_REAL_100:REAL
PIR_REAL_100-E02-1004,37,17,PIR_REAL_100:REAL
PIR_REAL_100-E02-1004,38,17,PIR_REAL_100:REAL
PIR_REAL_100-E02-1004,39,17,PIR_REAL_100:REAL
PIR_REAL_100-E02-1004,40,17,PIR_REAL_100:REAL
PIR_REAL_100-E02-1004,41,17,PIR_REAL_100:REAL
PIR_REAL_100-E02-1004,42,17,PIR_REAL_100:REAL
PIR_REAL_100-E02-1004,43,17,PIR_REAL_100:REAL
PIR_REAL_100-E02-1004,44,17,PIR_REAL_100:REAL
PIR_REAL_100-E02-1004,45,17,PIR_REAL_100:REAL
PIR_REAL_100-E02-1004,46,17,PIR_REAL_100:REAL
PIR_REAL_100-E02-1004,47,17,PIR_REAL_100:REAL
PIR_REAL_100-E02-1004,48,17,PIR_REAL_100:REAL
PIR_REAL_100-E02-1004,49,17,PIR_REAL_100:REAL
PIR_REAL_100-E02-1004,50,17,PIR_REAL_100:REAL
PIR_REAL_100-E02-1004,51,17,PIR_REAL_100:REAL
PIR_REAL_100-E02-1004,52,17,PIR_REAL_100:REAL
PIR_REAL_100-E02-1004,53,17,PIR_REAL_100:REAL
PIR_REAL_100-E02-1004,54,17,PIR_REAL_100:REAL
PIR_REAL_100-E02-1004,55,17,PIR_REAL_100:REAL
PIR_REAL_100-E02-1004,56,17,PIR_REAL_100:REAL
PIR_REAL_100-E02-1004,57,17,PIR_REAL_100:REAL
PIR_REAL_100-E02-1004,58,17,PIR_REAL_100:REAL
PIR_REAL_100-E02-1004,59,17,PIR_REAL_100:REAL
PIR_REAL_100-E02-1004,60,17,PIR_REAL_100:REAL
PIR_REAL_100-E02-1004,61,17,PIR_REAL_100:REAL
PIR_REAL_100-E02-1004,62,17,PIR_REAL_100:REAL
PIR_REAL_100-E02-1004,63,17,PIR_REAL_100:REAL
PIR_REAL_100-E02-1004,64,17,PIR_REAL_100:REAL
PIR_REAL_100-E02-1004,65,17,PIR_REAL_100:REAL
PIR_REAL_100-E02-1004,66,17,PIR_REAL_100:REAL
PIR_REAL_100-E02-1004,67,17,PIR_REAL_100:REAL
PIR_REAL_100-E02-1004,68,17,PIR_REAL_100:REAL
PIR_REAL_100-E02-1004,69,17,PIR_REAL_100:REAL
PIR_REAL_100-E02-1004,70,17,PIR_REAL_100:REAL
PIR_REAL_100-E02-1004,71,17,PIR_REAL_100:REAL
PIR_REAL_100-E02-1004,72,17,PIR_REAL_100:REAL
PIR_REAL_100-E02-1004,73,17,PIR_REAL_100:REAL
PIR_REAL_100-E02-1004,74,17,PIR_REAL_100:REAL
PIR_REAL_100-E02-1004,75,17,PIR_REAL_100:REAL
PIR_REAL_100-E02-1004,76,17,PIR_REAL_100:REAL
PIR_REAL_100-E02-1004,77,17,PIR_REAL_100:REAL
PIR_REAL_100-E02-1004,78,17,PIR_REAL_100:REAL
PIR_REAL_100-E02-1004,79,17,PIR_REAL_100:REAL
PIR_REAL_100-E02-1004,80,17,PIR_REAL_100:REAL
PIR_REAL_100-E02-1004,81,17,PIR_REAL_100:REAL
PIR_REAL_100-E02-1004,82,17,PIR_REAL_100:REAL
PIR_REAL_100-E02-1004,83,17,PIR_REAL_100:REAL
PIR_REAL_100-E02-1004,84,17,PIR_REAL_100:REAL
PIR_REAL_100-E02-1004,85,17,PIR_REAL_100:REAL
PIR_REAL_100-E02-1004,86,17,PIR_REAL_100:REAL
PIR_REAL_100-E02-1004,87,17,PIR_REAL_100:REAL
PIR_REAL_100-E02-1004,88,17,PIR_REAL_100:REAL
PIR_REAL_100-E02-1004,89,17,PIR_REAL_100:REAL
PIR_REAL_100-E02-1004,90,17,PIR_REAL_100:REAL
PIR_REAL_100-E02-1004,91,17,PIR_REAL_100:REAL
PIR_REAL_100-E02-1004,92,17,PIR_REAL_100:REAL
PIR_REAL_100-E02-1004,93,17,PIR_REAL_100:REAL
PIR_REAL_100-E02-1004,94,17,PIR_REAL_100:REAL
PIR_REAL_100-E02-1004,95,17,PIR_REAL_100:REAL
PIR_REAL_100-E02-1004,96,17,PIR_REAL_100:REAL
PIR_REAL_100-E02-1004,97,17,PIR_REAL_100:REAL
PIR_REAL_100-E02-1004,98,17,PIR_REAL_100:REAL
PIR_REAL_100-E02-1004,99,17,PIR_REAL_100:REAL
M1-E02-1004,0,17,M1:REAL
M1-E02-1004,1,17,M1:REAL
M1-E02-1004,2,17,M1:REAL
M1-E02-1004,3,17,M1:REAL
M1-E02-1004,4,17,M1:REAL
M1-E02-1004,5,17,M1:REAL
M1-E02-1004,6,17,M1:REAL
M1-E02-1004,7,17,M1:REAL
M1-E02-1004,8,17,M1:REAL
M1-E02-1004,9,17,M1:REAL
M1-E02-1004,10,17,M1:REAL
M1-E02-1004,11,17,M1:REAL
M1-E02-1004,12,17,M1:REAL
M1-E02-1004,13,17,M1:REAL
M1-E02-1004,14,17,M1:REAL
M1-E02-1004,15,17,M1:REAL
M1-E02-1004,16,17,M1:REAL
M1-E02-1004,17,17,M1:REAL
M1-E02-1004,18,17,M1:REAL
M1-E02-1004,19,17,M1:REAL
M1-E02-1004,20,17,M1:REAL
M1-E02-1004,21,17,M1:REAL
M1-E02-1004,22,17,M1:REAL
M1-E02-1004,23,17,M1:REAL
M1-E02-1004,24,17,M1:REAL
M1-E02-1004,25,17,M1:REAL
M1-E02-1004,26,17,M1:REAL
M1-E02-1004,27,17,M1:REAL
M1-E02-1004,28,17,M1:REAL
M1-E02-1004,29,17,M1:REAL
M1-E02-1004,30,17,M1:REAL
M1-E02-1004,31,17,M1:REAL
M1-E02-1004,32,17,M1:REAL
M1-E02-1004,33,17,M1:REAL
M1-E02-1004,34,17,M1:REAL
M1-E02-1004,35,17,M1:REAL
M1-E02-1004,36,17,M1:REAL
M1-E02-1004,37,17,M1:REAL
M1-E02-1004,38,17,M1:REAL
M1-E02-1004,39,17,M1:REAL
M1-E02-1004,40,17,M1:REAL
M1-E02-1004,41,17,M1:REAL
M1-E02-1004,42,17,M1:REAL
M1-E02-1004,43,17,M1:REAL
M1-E02-1004,44,17,M1:REAL
M1-E02-1004,45,17,M1:REAL
M1-E02-1004,46,17,M1:REAL
M1-E02-1004,47,17,M1:REAL
M1-E02-1004,48,17,M1:REAL
M1-E02-1004,49,17,M1:REAL
M1-E02-1004,50,17,M1:REAL
M1-E02-1004,51,17,M1:REAL
M1-E02-1004,52,17,M1:REAL
M1-E02-1004,53,17,M1:REAL
M1-E02-1004,54,17,M1:REAL
M1-E02-1004,55,17,M1:REAL
M1-E02-1004,56,17,M1:REAL
M1-E02-1004,57,17,M1:REAL
M1-E02-1004,58,17,M1:REAL
M1-E02-1004,59,17,M1:REAL
M1-E02-1004,60,17,M1:REAL
M1-E02-1004,61,17,M1:REAL
M1-E02-1004,62,17,M1:REAL
M1-E02-1004,63,17,M1:REAL
M1-E02-1004,64,17,M1:REAL
M1-E02-1004,65,17,M1:REAL
M1-E02-1004,66,17,M1:REAL
M1-E02-1004,67,17,M1:REAL
M1-E02-1004,68,17,M1:REAL
M1-E02-1004,69,17,M1:REAL
M1-E02-1004,70,17,M1:REAL
M1-E02-1004,71,17,M1:REAL
M1-E02-1004,72,17,M1:REAL
M1-E02-1004,73,17,M1:REAL
M1-E02-1004,74,17,M1:REAL
M1-E02-1004,75,17,M1:REAL
M1-E02-1004,76,17,M1:REAL
M1-E02-1004,77,17,M1:REAL
M1-E02-1004,78,17,M1:REAL
M1-E02-1004,79,17,M1:REAL
M1-E02-1004,80,17,M1:REAL
M1-E02-1004,81,17,M1:REAL
M1-E02-1004,82,17,M1:REAL
M1-E02-1004,83,17,M1:REAL
M1-E02-1004,84,17,M1:REAL
M1-E02-1004,85,17,M1:REAL
M1-E02-1004,86,17,M1:REAL
M1-E02-1004,87,17,M1:REAL
M1-E02-1004,88,17,M1:REAL
M1-E02-1004,89,17,M1:REAL
M1-E02-1004,90,17,M1:REAL
M1-E02-1004,91,17,M1:REAL
M1-E02-1004,92,23,M1:REAL
M1-E02-1004,93,17,M1:REAL
M1-E02-1004,94,17,M1:REAL
M1-E02-1004,95,17,M1:REAL
M1-E02-1004,96,17,M1:REAL
M1-E02-1004,97,17,M1:REAL
M1-E02-1004,98,17,M1:REAL
M1-E02-1004,99,17,M1:REAL
PIR_REAL_50-E01-1004,0,1025,PIR_REAL_50:DUMMY
PIR_REAL_50-E01-1004,1,1038,PIR_REAL_50:DUMMY
PIR_REAL_50-E01-1004,2,17,PIR_REAL_50:REAL
PIR_REAL_50-E01-1004,3,1014,PIR_REAL_50:DUMMY
PIR_REAL_50-E01-1004,4,1053,PIR_REAL_50:DUMMY
PIR_REAL_50-E01-1004,5,1060,PIR_REAL_50:DUMMY
PIR_REAL_50-E01-1004,6,1043,PIR_REAL_50:DUMMY
PIR_REAL_50-E01-1004,7,17,PIR_REAL_50:REAL
PIR_REAL_50-E01-1004,8,17,PIR_REAL_50:REAL
PIR_REAL_50-E01-1004,9,1005,PIR_REAL_50:DUMMY
PIR_REAL_50-E01-1004,10,17,PIR_REAL_50:REAL
PIR_REAL_50-E01-1004,11,17,PIR_REAL_50:REAL
PIR_REAL_50-E01-1004,12,1056,PIR_REAL_50:DUMMY
PIR_REAL_50-E01-1004,13,17,PIR_REAL_50:REAL
PIR_REAL_50-E01-1004,14,17,PIR_REAL_50:REAL
PIR_REAL_50-E01-1004,15,1046,PIR_REAL_50:DUMMY
PIR_REAL_50-E01-1004,16,1053,PIR_REAL_50:DUMMY
PIR_REAL_50-E01-1004,17,1047,PIR_REAL_50:DUMMY
PIR_REAL_50-E01-1004,18,1034,PIR_REAL_50:DUMMY
PIR_REAL_50-E01-1004,19,1052,PIR_REAL_50:DUMMY
PIR_REAL_50-E01-1004,20,1061,PIR_REAL_50:DUMMY
PIR_REAL_50-E01-1004,21,17,PIR_REAL_50:REAL
PIR_REAL_50-E01-1004,22,17,PIR_REAL_50:REAL
PIR_REAL_50-E01-1004,23,17,PIR_REAL_50:REAL
PIR_REAL_50-E01-1004,24,1025,PIR_REAL_50:DUMMY
PIR_REAL_50-E01-1004,25,1031,PIR_REAL_50:DUMMY
PIR_REAL_50-E01-1004,26,1044,PIR_REAL_50:DUMMY
PIR_REAL_50-E01-1004,27,17,PIR_REAL_50:REAL
PIR_REAL_50-E01-1004,28,1058,PIR_REAL_50:DUMMY
PIR_REAL_50-E01-1004,29,1034,PIR_REAL_50:DUMMY
PIR_REAL_50-E01-1004,30,17,PIR_REAL_50:REAL
PIR_REAL_50-E01-1004,31,17,PIR_REAL_50:REAL
PIR_REAL_50-E01-1004,32,1038,PIR_REAL_50:DUMMY
PIR_REAL_50-E01-1004,33,17,PIR_REAL_50:REAL
PIR_REAL_50-E01-1004,34,1033,PIR_REAL_50:DUMMY
PIR_REAL_50-E01-1004,35,1051,PIR_REAL_50:DUMMY
PIR_REAL_50-E01-1004,36,17,PIR_REAL_50:REAL
PIR_REAL_50-E01-1004,37,17,PIR_REAL_50:REAL
PIR_REAL_50-E01-1004,38,1038,PIR_REAL_50:DUMMY
PIR_REAL_50-E01-1004,39,17,PIR_REAL_50:REAL
PIR_REAL_50-E01-1004,40,17,PIR_REAL_50:REAL
PIR_REAL_50-E01-1004,41,17,PIR_REAL_50:REAL
PIR_REAL_50-E01-1004,42,1027,PIR_REAL_50:DUMMY
PIR_REAL_50-E01-1004,43,17,PIR_REAL_50:REAL
PIR_REAL_50-E01-1004,44,17,PIR_REAL_50:REAL
PIR_REAL_50-E01-1004,45,17,PIR_REAL_50:REAL
PIR_REAL_50-E01-1004,46,1029,PIR_REAL_50:DUMMY
PIR_REAL_50-E01-1004,47,1049,PIR_REAL_50:DUMMY
PIR_REAL_50-E01-1004,48,1059,PIR_REAL_50:DUMMY
PIR_REAL_50-E01-1004,49,17,PIR_REAL_50:REAL
PIR_REAL_50-E01-1004,50,17,PIR_REAL_50:REAL
PIR_REAL_50-E01-1004,51,17,PIR_REAL_50:REAL
PIR_REAL_50-E01-1004,52,17,PIR_REAL_50:REAL
PIR_REAL_50-E01-1004,53,1028,PIR_REAL_50:DUMMY
PIR_REAL_50-E01-1004,54,1038,PIR_REAL_50:DUMMY
PIR_REAL_50-E01-1004,55,17,PIR_REAL_50:REAL
PIR_REAL_50-E01-1004,56,17,PIR_REAL_50:REAL
PIR_REAL_50-E01-1004,57,17,PIR_REAL_50:REAL
PIR_REAL_50-E01-1004,58,17,PIR_REAL_50:REAL
PIR_REAL_50-E01-1004,59,17,PIR_REAL_50:REAL
PIR_REAL_50-E01-1004,60,1055,PIR_REAL_50:DUMMY
PIR_REAL_50-E01-1004,61,1003,PIR_REAL_50:DUMMY
PIR_REAL_50-E01-1004,62,17,PIR_REAL_50:REAL
PIR_REAL_50-E01-1004,63,1049,PIR_REAL_50:DUMMY
PIR_REAL_50-E01-1004,64,1037,PIR_REAL_50:DUMMY
PIR_REAL_50-E01-1004,65,17,PIR_REAL_50:REAL
PIR_REAL_50-E01-1004,66,1031,PIR_REAL_50:DUMMY
PIR_REAL_50-E01-1004,67,1056,PIR_REAL_50:DUMMY
PIR_REAL_50-E01-1004,68,17,PIR_REAL_50:REAL
PIR_REAL_50-E01-1004,69,17,PIR_REAL_50:REAL
PIR_REAL_50-E01-1004,70,1063,PIR_REAL_50:DUMMY
PIR_REAL_50-E01-1004,71,17,PIR_REAL_50:REAL
PIR_REAL_50-E01-1004,72,1051,PIR_REAL_50:DUMMY
PIR_REAL_50-E01-1004,73,17,PIR_REAL_50:REAL
PIR_REAL_50-E01-1004,74,1044,PIR_REAL_50:DUMMY
PIR_REAL_50-E01-1004,75,17,PIR_REAL_50:REAL
PIR_REAL_50-E01-1004,76,1063,PIR_REAL_50:DUMMY
PIR_REAL_50-E01-1004,77,17,PIR_REAL_50:REAL
PIR_REAL_50-E01-1004,78,1056,PIR_REAL_50:DUMMY
PIR_REAL_50-E01-1004,79,17,PIR_REAL_50:REAL
PIR_REAL_50-E01-1004,80,1019,PIR_REAL_50:DUMMY
PIR_REAL_50-E01-1004,81,17,PIR_REAL_50:REAL
PIR_REAL_50-E01-1004,82,17,PIR_REAL_50:REAL
PIR_REAL_50-E01-1004,83,1007,PIR_REAL_50:DUMMY
PIR_REAL_50-E01-1004,84,1005,PIR_REAL_50:DUMMY
PIR_REAL_50-E01-1004,85,1034,PIR_REAL_50:DUMMY
PIR_REAL_50-E01-1004,86,1021,PIR_REAL_50:DUMMY
PIR_REAL_50-E01-1004,87,17,PIR_REAL_50:REAL
PIR_REAL_50-E01-1004,88,1029,PIR_REAL_50:DUMMY
PIR_REAL_50-E01-1004,89,17,PIR_REAL_50:REAL
PIR_REAL_50-E01-1004,90,1062,PIR_REAL_50:DUMMY
PIR_REAL_50-E01-1004,91,1046,PIR_REAL_50:DUMMY
PIR_REAL_50-E01-1004,92,1012,PIR_REAL_50:DUMMY
PIR_REAL_50-E01-1004,93,17,PIR_REAL_50:REAL
PIR_REAL_50-E01-1004,94,17,PIR_REAL_50:REAL
PIR_REAL_50-E01-1004,95,17,PIR_REAL_50:REAL
PIR_REAL_50-E01-1004,96,17,PIR_REAL_50:REAL
PIR_REAL_50-E01-1004,97,1016,PIR_REAL_50:DUMMY
PIR_REAL_50-E01-1004,98,17,PIR_REAL_50:REAL
PIR_REAL_50-E01-1004,99,17,PIR_REAL_50:REAL
M3-E05-1004,0,109,M3:REAL
M3-E05-1004,1,100,M3:REAL
M3-E05-1004,2,109,M3:REAL
M3-E05-1004,3,104,M3:REAL
M3-E05-1004,4,103,M3:REAL
M3-E05-1004,5,105,M3:REAL
M3-E05-1004,6,104,M3:REAL
M3-E05-1004,7,105,M3:REAL
M3-E05-1004,8,100,M3:REAL
M3-E05-1004,9,107,M3:REAL
M3-E05-1004,10,109,M3:REAL
M3-E05-1004,11,105,M3:REAL
M3-E05-1004,12,102,M3:REAL
M3-E05-1004,13,109,M3:REAL
M3-E05-1004,14,105,M3:REAL
M3-E05-1004,15,105,M3:REAL
M3-E05-1004,16,100,M3:REAL
M3-E05-1004,17,105,M3:REAL
M3-E05-1004,18,107,M3:REAL
M3-E05-1004,19,101,M3:REAL
M3-E05-1004,20,104,M3:REAL
M3-E05-1004,21,100,M3:REAL
M3-E05-1004,22,109,M3:REAL
M3-E05-1004,23,105,M3:REAL
M3-E05-1004,24,106,M3:REAL
M3-E05-1004,25,101,M3:REAL
M3-E05-1004,26,106,M3:REAL
M3-E05-1004,27,109,M3:REAL
M3-E05-1004,28,109,M3:REAL
M3-E05-1004,29,109,M3:REAL
M3-E05-1004,30,106,M3:REAL
M3-E05-1004,31,103,M3:REAL
M3-E05-1004,32,104,M3:REAL
M3-E05-1004,33,101,M3:REAL
M3-E05-1004,34,100,M3:REAL
M3-E05-1004,35,102,M3:REAL
M3-E05-1004,36,104,M3:REAL
M3-E05-1004,37,103,M3:REAL
M3-E05-1004,38,104,M3:REAL
M3-E05-1004,39,100,M3:REAL
M3-E05-1004,40,103,M3:REAL
M3-E05-1004,41,108,M3:REAL
M3-E05-1004,42,106,M3:REAL
M3-E05-1004,43,106,M3:REAL
M3-E05-1004,44,105,M3:REAL
M3-E05-1004,45,106,M3:REAL
M3-E05-1004,46,108,M3:REAL
M3-E05-1004,47,100,M3:REAL
M3-E05-1004,48,101,M3:REAL
M3-E05-1004,49,107,M3:REAL
M3-E05-1004,50,104,M3:REAL
M3-E05-1004,51,102,M3:REAL
M3-E05-1004,52,104,M3:REAL
M3-E05-1004,53,102,M3:REAL
M3-E05-1004,54,100,M3:REAL
M3-E05-1004,55,105,M3:REAL
M3-E05-1004,56,102,M3:REAL
M3-E05-1004,57,106,M3:REAL
M3-E05-1004,58,109,M3:REAL
M3-E05-1004,59,101,M3:REAL
M3-E05-1004,60,102,M3:REAL
M3-E05-1004,61,107,M3:REAL
M3-E05-1004,62,102,M3:REAL
M3-E05-1004,63,109,M3:REAL
M3-E05-1004,64,101,M3:REAL
M3-E05-1004,65,102,M3:REAL
M3-E05-1004,66,109,M3:REAL
M3-E05-1004,67,103,M3:REAL
M3-E05-1004,68,102,M3:REAL
M3-E05-1004,69,109,M3:REAL
M3-E05-1004,70,105,M3:REAL
M3-E05-1004,71,105,M3:REAL
M3-E05-1004,72,100,M3:REAL
M3-E05-1004,73,108,M3:REAL
M3-E05-1004,74,100,M3:REAL
M3-E05-1004,75,106,M3:REAL
M3-E05-1004,76,108,M3:REAL
M3-E05-1004,77,105,M3:REAL
M3-E05-1004,78,102,M3:REAL
M3-E05-1004,79,104,M3:REAL
M3-E05-1004,80,104,M3:REAL
M3-E05-1004,81,101,M3:REAL
M3-E05-1004,82,103,M3:REAL
M3-E05-1004,83,107,M3:REAL
M3-E05-1004,84,102,M3:REAL
M3-E05-1004,85,107,M3:REAL
M3-E05-1004,86,102,M3:REAL
M3-E05-1004,87,103,M3:REAL
M3-E05-1004,88,106,M3:REAL
M3-E05-1004,89,101,M3:REAL
M3-E05-1004,90,105,M3:REAL
M3-E05-1004,91,100,M3:REAL
M3-E05-1004,92,100,M3:REAL
M3-E05-1004,93,102,M3:REAL
M3-E05-1004,94,101,M3:REAL
M3-E05-1004,95,109,M3:REAL
M3-E05-1004,96,105,M3:REAL
M3-E05-1004,97,109,M3:REAL
M3-E05-1004,98,103,M3:REAL
M3-E05-1004,99,101,M3:REAL
PIR_REAL_50-E03-1004,0,1058,PIR_REAL_50:DUMMY
PIR_REAL_50-E03-1004,1,17,PIR_REAL_50:REAL
PIR_REAL_50-E03-1004,2,17,PIR_REAL_50:REAL
PIR_REAL_50-E03-1004,3,1061,PIR_REAL_50:DUMMY
PIR_REAL_50-E03-1004,4,17,PIR_REAL_50:REAL
PIR_REAL_50-E03-1004,5,17,PIR_REAL_50:REAL
PIR_REAL_50-E03-1004,6,1040,PIR_REAL_50:DUMMY
PIR_REAL_50-E03-1004,7,17,PIR_REAL_50:REAL
PIR_REAL_50-E03-1004,8,17,PIR_REAL_50:REAL
PIR_REAL_50-E03-1004,9,17,PIR_REAL_50:REAL
PIR_REAL_50-E03-1004,10,1059,PIR_REAL_50:DUMMY
PIR_REAL_50-E03-1004,11,1037,PIR_REAL_50:DUMMY
PIR_REAL_50-E03-1004,12,1033,PIR_REAL_50:DUMMY
PIR_REAL_50-E03-1004,13,17,PIR_REAL_50:REAL
PIR_REAL_50-E03-1004,14,17,PIR_REAL_50:REAL
PIR_REAL_50-E03-1004,15,1005,PIR_REAL_50:DUMMY
PIR_REAL_50-E03-1004,16,1014,PIR_REAL_50:DUMMY
PIR_REAL_50-E03-1004,17,17,PIR_REAL_50:REAL
PIR_REAL_50-E03-1004,18,1035,PIR_REAL_50:DUMMY
PIR_REAL_50-E03-1004,19,1043,PIR_REAL_50:DUMMY
PIR_REAL_50-E03-1004,20,1040,PIR_REAL_50:DUMMY
PIR_REAL_50-E03-1004,21,17,PIR_REAL_50:REAL
PIR_REAL_50-E03-1004,22,1014,PIR_REAL_50:DUMMY
PIR_REAL_50-E03-1004,23,1032,PIR_REAL_50:DUMMY
PIR_REAL_50-E03-1004,24,1019,PIR_REAL_50:DUMMY
PIR_REAL_50-E03-1004,25,1012,PIR_REAL_50:DUMMY
PIR_REAL_50-E03-1004,26,17,PIR_REAL_50:REAL
PIR_REAL_50-E03-1004,27,17,PIR_REAL_50:REAL
PIR_REAL_50-E03-1004,28,17,PIR_REAL_50:REAL
PIR_REAL_50-E03-1004,29,17,PIR_REAL_50:REAL
PIR_REAL_50-E03-1004,30,1033,PIR_REAL_50:DUMMY
PIR_REAL_50-E03-1004,31,17,PIR_REAL_50:REAL
PIR_REAL_50-E03-1004,32,17,PIR_REAL_50:REAL
PIR_REAL_50-E03-1004,33,1036,PIR_REAL_50:DUMMY
PIR_REAL_50-E03-1004,34,17,PIR_REAL_50:REAL
PIR_REAL_50-E03-1004,35,1015,PIR_REAL_50:DUMMY
PIR_REAL_50-E03-1004,36,17,PIR_REAL_50:REAL
PIR_REAL_50-E03-1004,37,1019,PIR_REAL_50:DUMMY
PIR_REAL_50-E03-1004,38,17,PIR_REAL_50:REAL
PIR_REAL_50-E03-1004,39,17,PIR_REAL_50:REAL
PIR_REAL_50-E03-1004,40,17,PIR_REAL_50:REAL
PIR_REAL_50-E03-1004,41,1027,PIR_REAL_50:DUMMY
PIR_REAL_50-E03-1004,42,1061,PIR_REAL_50:DUMMY
PIR_REAL_50-E03-1004,43,1044,PIR_REAL_50:DUMMY
PIR_REAL_50-E03-1004,44,17,PIR_REAL_50:REAL
PIR_REAL_50-E03-1004,45,1036,PIR_REAL_50:DUMMY
PIR_REAL_50-E03-1004,46,1012,PIR_REAL_50:DUMMY
PIR_REAL_50-E03-1004,47,1004,PIR_REAL_50:DUMMY
PIR_REAL_50-E03-1004,48,17,PIR_REAL_50:REAL
PIR_REAL_50-E03-1004,49,17,PIR_REAL_50:REAL
PIR_REAL_50-E03-1004,50,17,PIR_REAL_50:REAL
PIR_REAL_50-E03-1004,51,17,PIR_REAL_50:REAL
PIR_REAL_50-E03-1004,52,1021,PIR_REAL_50:DUMMY
PIR_REAL_50-E03-1004,53,17,PIR_REAL_50:REAL
PIR_REAL_50-E03-1004,54,1000,PIR_REAL_50:DUMMY
PIR_REAL_50-E03-1004,55,17,PIR_REAL_50:REAL
PIR_REAL_50-E03-1004,56,1026,PIR_REAL_50:DUMMY
PIR_REAL_50-E03-1004,57,17,PIR_REAL_50:REAL
PIR_REAL_50-E03-1004,58,17,PIR_REAL_50:REAL
PIR_REAL_50-E03-1004,59,17,PIR_REAL_50:REAL
PIR_REAL_50-E03-1004,60,17,PIR_REAL_50:REAL
PIR_REAL_50-E03-1004,61,1012,PIR_REAL_50:DUMMY
PIR_REAL_50-E03-1004,62,17,PIR_REAL_50:REAL
PIR_REAL_50-E03-1004,63,1053,PIR_REAL_50:DUMMY
PIR_REAL_50-E03-1004,64,1013,PIR_REAL_50:DUMMY
PIR_REAL_50-E03-1004,65,1054,PIR_REAL_50:DUMMY
PIR_REAL_50-E03-1004,66,1041,PIR_REAL_50:DUMMY
PIR_REAL_50-E03-1004,67,1021,PIR_REAL_50:DUMMY
PIR_REAL_50-E03-1004,68,17,PIR_REAL_50:REAL
PIR_REAL_50-E03-1004,69,17,PIR_REAL_50:REAL
PIR_REAL_50-E03-1004,70,17,PIR_REAL_50:REAL
PIR_REAL_50-E03-1004,71,17,PIR_REAL_50:REAL
PIR_REAL_50-E03-1004,72,1022,PIR_REAL_50:DUMMY
PIR_REAL_50-E03-1004,73,17,PIR_REAL_50:REAL
PIR_REAL_50-E03-1004,74,17,PIR_REAL_50:REAL
PIR_REAL_50-E03-1004,75,1034,PIR_REAL_50:DUMMY
PIR_REAL_50-E03-1004,76,17,PIR_REAL_50:REAL
PIR_REAL_50-E03-1004,77,17,PIR_REAL_50:REAL
PIR_REAL_50-E03-1004,78,1033,PIR_REAL_50:DUMMY
PIR_REAL_50-E03-1004,79,17,PIR_REAL_50:REAL
PIR_REAL_50-E03-1004,80,1062,PIR_REAL_50:DUMMY
PIR_REAL_50-E03-1004,81,17,PIR_REAL_50:REAL
PIR_REAL_50-E03-1004,82,1003,PIR_REAL_50:DUMMY
PIR_REAL_50-E03-1004,83,1041,PIR_REAL_50:DUMMY
PIR_REAL_50-E03-1004,84,17,PIR_REAL_50:REAL
PIR_REAL_50-E03-1004,85,1044,PIR_REAL_50:DUMMY
PIR_REAL_50-E03-1004,86,17,PIR_REAL_50:REAL
PIR_REAL_50-E03-1004,87,1023,PIR_REAL_50:DUMMY
PIR_REAL_50-E03-1004,88,1052,PIR_REAL_50:DUMMY
PIR_REAL_50-E03-1004,89,1021,PIR_REAL_50:DUMMY
PIR_REAL_50-E03-1004,90,17,PIR_REAL_50:REAL
PIR_REAL_50-E03-1004,91,17,PIR_REAL_50:REAL
PIR_REAL_50-E03-1004,92,17,PIR_REAL_50:REAL
PIR_REAL_50-E03-1004,93,1048,PIR_REAL_50:DUMMY
PIR_REAL_50-E03-1004,94,17,PIR_REAL_50:REAL
PIR_REAL_50-E03-1004,95,1040,PIR_REAL_50:DUMMY
PIR_REAL_50-E03-1004,96,1061,PIR_REAL_50:DUMMY
PIR_REAL_50-E03-1004,97,1029,PIR_REAL_50:DUMMY
PIR_REAL_50-E03-1004,98,1044,PIR_REAL_50:DUMMY
PIR_REAL_50-E03-1004,99,1042,PIR_REAL_50:DUMMY
M7-E01-1004,0,23,M7:REAL
M7-E01-1004,1,17,M7:REAL
M7-E01-1004,2,17,M7:REAL
M7-E01-1004,3,23,M7:REAL
M7-E01-1004,4,17,M7:REAL
M7-E01-1004,5,17,M7:REAL
M7-E01-1004,6,23,M7:REAL
M7-E01-1004,7,17,M7:REAL
M7-E01-1004,8,17,M7:REAL
M7-E01-1004,9,23,M7:REAL
M7-E01-1004,10,17,M7:REAL
M7-E01-1004,11,17,M7:REAL
M7-E01-1004,12,23,M7:REAL
M7-E01-1004,13,17,M7:REAL
M7-E01-1004,14,17,M7:REAL
M7-E01-1004,15,23,M7:REAL
M7-E01-1004,16,17,M7:REAL
M7-E01-1004,17,17,M7:REAL
M7-E01-1004,18,23,M7:REAL
M7-E01-1004,19,17,M7:REAL
M7-E01-1004,20,17,M7:REAL
M7-E01-1004,21,23,M7:REAL
M7-E01-1004,22,17,M7:REAL
M7-E01-1004,23,17,M7:REAL
M7-E01-1004,24,23,M7:REAL
M7-E01-1004,25,17,M7:REAL
M7-E01-1004,26,17,M7:REAL
M7-E01-1004,27,23,M7:REAL
M7-E01-1004,28,17,M7:REAL
M7-E01-1004,29,17,M7:REAL
M7-E01-1004,30,23,M7:REAL
M7-E01-1004,31,17,M7:REAL
M7-E01-1004,32,17,M7:REAL
M7-E01-1004,33,23,M7:REAL
M7-E01-1004,34,17,M7:REAL
M7-E01-1004,35,17,M7:REAL
M7-E01-1004,36,23,M7:REAL
M7-E01-1004,37,17,M7:REAL
M7-E01-1004,38,17,M7:REAL
M7-E01-1004,39,23,M7:REAL
M7-E01-1004,40,17,M7:REAL
M7-E01-1004,41,17,M7:REAL
M7-E01-1004,42,23,M7:REAL
M7-E01-1004,43,17,M7:REAL
M7-E01-1004,44,17,M7:REAL
M7-E01-1004,45,23,M7:REAL
M7-E01-1004,46,17,M7:REAL
M7-E01-1004,47,17,M7:REAL
M7-E01-1004,48,23,M7:REAL
M7-E01-1004,49,17,M7:REAL
M7-E01-1004,50,17,M7:REAL
M7-E01-1004,51,23,M7:REAL
M7-E01-1004,52,17,M7:REAL
M7-E01-1004,53,17,M7:REAL
M7-E01-1004,54,23,M7:REAL
M7-E01-1004,55,17,M7:REAL
M7-E01-1004,56,17,M7:REAL
M7-E01-1004,57,23,M7:REAL
M7-E01-1004,58,17,M7:REAL
M7-E01-1004,59,17,M7:REAL
M7-E01-1004,60,23,M7:REAL
M7-E01-1004,61,17,M7:REAL
M7-E01-1004,62,17,M7:REAL
M7-E01-1004,63,23,M7:REAL
M7-E01-1004,64,17,M7:REAL
M7-E01-1004,65,17,M7:REAL
M7-E01-1004,66,23,M7:REAL
M7-E01-1004,67,17,M7:REAL
M7-E01-1004,68,17,M7:REAL
M7-E01-1004,69,23,M7:REAL
M7-E01-1004,70,17,M7:REAL
M7-E01-1004,71,17,M7:REAL
M7-E01-1004,72,23,M7:REAL
M7-E01-1004,73,17,M7:REAL
M7-E01-1004,74,17,M7:REAL
M7-E01-1004,75,23,M7:REAL
M7-E01-1004,76,17,M7:REAL
M7-E01-1004,77,17,M7:REAL
M7-E01-1004,78,23,M7:REAL
M7-E01-1004,79,17,M7:REAL
M7-E01-1004,80,17,M7:REAL
M7-E01-1004,81,23,M7:REAL
M7-E01-1004,82,17,M7:REAL
M7-E01-1004,83,17,M7:REAL
M7-E01-1004,84,23,M7:REAL
M7-E01-1004,85,17,M7:REAL
M7-E01-1004,86,17,M7:REAL
M7-E01-1004,87,23,M7:REAL
M7-E01-1004,88,17,M7:REAL
M7-E01-1004,89,17,M7:REAL
M7-E01-1004,90,23,M7:REAL
M7-E01-1004,91,17,M7:REAL
M7-E01-1004,92,17,M7:REAL
M7-E01-1004,93,23,M7:REAL
M7-E01-1004,94,17,M7:REAL
M7-E01-1004,95,17,M7:REAL
M7-E01-1004,96,23,M7:REAL
M7-E01-1004,97,17,M7:REAL
M7-E01-1004,98,17,M7:REAL
M7-E01-1004,99,23,M7:REAL
PIR_REAL_50-E02-1004,0,17,PIR_REAL_50:REAL
PIR_REAL_50-E02-1004,1,1032,PIR_REAL_50:DUMMY
PIR_REAL_50-E02-1004,2,17,PIR_REAL_50:REAL
PIR_REAL_50-E02-1004,3,17,PIR_REAL_50:REAL
PIR_REAL_50-E02-1004,4,1002,PIR_REAL_50:DUMMY
PIR_REAL_50-E02-1004,5,1023,PIR_REAL_50:DUMMY
PIR_REAL_50-E02-1004,6,17,PIR_REAL_50:REAL
PIR_REAL_50-E02-1004,7,1033,PIR_REAL_50:DUMMY
PIR_REAL_50-E02-1004,8,17,PIR_REAL_50:REAL
PIR_REAL_50-E02-1004,9,17,PIR_REAL_50:REAL
PIR_REAL_50-E02-1004,10,17,PIR_REAL_50:REAL
PIR_REAL_50-E02-1004,11,17,PIR_REAL_50:REAL
PIR_REAL_50-E02-1004,12,1045,PIR_REAL_50:DUMMY
PIR_REAL_50-E02-1004,13,1052,PIR_REAL_50:DUMMY
PIR_REAL_50-E02-1004,14,1008,PIR_REAL_50:DUMMY
PIR_REAL_50-E02-1004,15,1022,PIR_REAL_50:DUMMY
PIR_REAL_50-E02-1004,16,1038,PIR_REAL_50:DUMMY
PIR_REAL_50-E02-1004,17,1046,PIR_REAL_50:DUMMY
PIR_REAL_50-E02-1004,18,17,PIR_REAL_50:REAL
PIR_REAL_50-E02-1004,19,1045,PIR_REAL_50:DUMMY
PIR_REAL_50-E02-1004,20,1001,PIR_REAL_50:DUMMY
PIR_REAL_50-E02-1004,21,17,PIR_REAL_50:REAL
PIR_REAL_50-E02-1004,22,1052,PIR_REAL_50:DUMMY
PIR_REAL_50-E02-1004,23,1062,PIR_REAL_50:DUMMY
PIR_REAL_50-E02-1004,24,17,PIR_REAL_50:REAL
PIR_REAL_50-E02-1004,25,1034,PIR_REAL_50:DUMMY
PIR_REAL_50-E02-1004,26,17,PIR_REAL_50:REAL
PIR_REAL_50-E02-1004,27,1002,PIR_REAL_50:DUMMY
PIR_REAL_50-E02-1004,28,1001,PIR_REAL_50:DUMMY
PIR_REAL_50-E02-1004,29,1031,PIR_REAL_50:DUMMY
PIR_REAL_50-E02-1004,30,17,PIR_REAL_50:REAL
PIR_REAL_50-E02-1004,31,17,PIR_REAL_50:REAL
PIR_REAL_50-E02-1004,32,17,PIR_REAL_50:REAL
PIR_REAL_50-E02-1004,33,17,PIR_REAL_50:REAL
PIR_REAL_50-E02-1004,34,17,PIR_REAL_50:REAL
PIR_REAL_50-E02-1004,35,17,PIR_REAL_50:REAL
PIR_REAL_50-E02-1004,36,17,PIR_REAL_50:REAL
PIR_REAL_50-E02-1004,37,1028,PIR_REAL_50:DUMMY
PIR_REAL_50-E02-1004,38,17,PIR_REAL_50:REAL
PIR_REAL_50-E02-1004,39,17,PIR_REAL_50:REAL
PIR_REAL_50-E02-1004,40,1026,PIR_REAL_50:DUMMY
PIR_REAL_50-E02-1004,41,17,PIR_REAL_50:REAL
PIR_REAL_50-E02-1004,42,17,PIR_REAL_50:REAL
PIR_REAL_50-E02-1004,43,17,PIR_REAL_50:REAL
PIR_REAL_50-E02-1004,44,17,PIR_REAL_50:REAL
PIR_REAL_50-E02-1004,45,17,PIR_REAL_50:REAL
PIR_REAL_50-E02-1004,46,17,PIR_REAL_50:REAL
PIR_REAL_50-E02-1004,47,17,PIR_REAL_50:REAL
PIR_REAL_50-E02-1004,48,17,PIR_REAL_50:REAL
PIR_REAL_50-E02-1004,49,1026,PIR_REAL_50:DUMMY
PIR_REAL_50-E02-1004,50,1005,PIR_REAL_50:DUMMY
PIR_REAL_50-E02-1004,51,17,PIR_REAL_50:REAL
PIR_REAL_50-E02-1004,52,1056,PIR_REAL_50:DUMMY
PIR_REAL_50-E02-1004,53,1051,PIR_REAL_50:DUMMY
PIR_REAL_50-E02-1004,54,17,PIR_REAL_50:REAL
PIR_REAL_50-E02-1004,55,1051,PIR_REAL_50:DUMMY
PIR_REAL_50-E02-1004,56,17,PIR_REAL_50:REAL
PIR_REAL_50-E02-1004,57,1010,PIR_REAL_50:DUMMY
PIR_REAL_50-E02-1004,58,17,PIR_REAL_50:REAL
PIR_REAL_50-E02-1004,59,1017,PIR_REAL_50:DUMMY
PIR_REAL_50-E02-1004,60,17,PIR_REAL_50:REAL
PIR_REAL_50-E02-1004,61,17,PIR_REAL_50:REAL
PIR_REAL_50-E02-1004,62,1063,PIR_REAL_50:DUMMY
PIR_REAL_50-E02-1004,63,1029,PIR_REAL_50:DUMMY
PIR_REAL_50-E02-1004,64,1042,PIR_REAL_50:DUMMY
PIR_REAL_50-E02-1004,65,17,PIR_REAL_50:REAL
PIR_REAL_50-E02-1004,66,1023,PIR_REAL_50:DUMMY
PIR_REAL_50-E02-1004,67,17,PIR_REAL_50:REAL
PIR_REAL_50-E02-1004,68,1013,PIR_REAL_50:DUMMY
PIR_REAL_50-E02-1004,69,17,PIR_REAL_50:REAL
PIR_REAL_50-E02-1004,70,1004,PIR_REAL_50:DUMMY
PIR_REAL_50-E02-1004,71,17,PIR_REAL_50:REAL
PIR_REAL_50-E02-1004,72,17,PIR_REAL_50:REAL
PIR_REAL_50-E02-1004,73,1020,PIR_REAL_50:DUMMY
PIR_REAL_50-E02-1004,74,1046,PIR_REAL_50:DUMMY
PIR_REAL_50-E02-1004,75,17,PIR_REAL_50:REAL
PIR_REAL_50-E02-1004,76,17,PIR_REAL_50:REAL
PIR_REAL_50-E02-1004,77,1046,PIR_REAL_50:DUMMY
PIR_REAL_50-E02-1004,78,17,PIR_REAL_50:REAL
PIR_REAL_50-E02-1004,79,17,PIR_REAL_50:REAL
PIR_REAL_50-E02-1004,80,1034,PIR_REAL_50:DUMMY
PIR_REAL_50-E02-1004,81,17,PIR_REAL_50:REAL
PIR_REAL_50-E02-1004,82,1046,PIR_REAL_50:DUMMY
PIR_REAL_50-E02-1004,83,1032,PIR_REAL_50:DUMMY
PIR_REAL_50-E02-1004,84,1007,PIR_REAL_50:DUMMY
PIR_REAL_50-E02-1004,85,17,PIR_REAL_50:REAL
PIR_REAL_50-E02-1004,86,1023,PIR_REAL_50:DUMMY
PIR_REAL_50-E02-1004,87,1021,PIR_REAL_50:DUMMY
PIR_REAL_50-E02-1004,88,1011,PIR_REAL_50:DUMMY
PIR_REAL_50-E02-1004,89,1057,PIR_REAL_50:DUMMY
PIR_REAL_50-E02-1004,90,1039,PIR_REAL_50:DUMMY
PIR_REAL_50-E02-1004,91,1037,PIR_REAL_50:DUMMY
PIR_REAL_50-E02-1004,92,17,PIR_REAL_50:REAL
PIR_REAL_50-E02-1004,93,1002,PIR_REAL_50:DUMMY
PIR_REAL_50-E02-1004,94,1053,PIR_REAL_50:DUMMY
PIR_REAL_50-E02-1004,95,17,PIR_REAL_50:REAL
PIR_REAL_50-E02-1004,96,17,PIR_REAL_50:REAL
PIR_REAL_50-E02-1004,97,1052,PIR_REAL_50:DUMMY
PIR_REAL_50-E02-1004,98,1051,PIR_REAL_50:DUMMY
PIR_REAL_50-E02-1004,99,17,PIR_REAL_50:REAL
PIR_REAL_100-E00-1004,0,17,PIR_REAL_100:REAL
PIR_REAL_100-E00-1004,1,17,PIR_REAL_100:REAL
PIR_REAL_100-E00-1004,2,17,PIR_REAL_100:REAL
PIR_REAL_100-E00-1004,3,17,PIR_REAL_100:REAL
PIR_REAL_100-E00-1004,4,17,PIR_REAL_100:REAL
PIR_REAL_100-E00-1004,5,17,PIR_REAL_100:REAL
PIR_REAL_100-E00-1004,6,17,PIR_REAL_100:REAL
PIR_REAL_100-E00-1004,7,17,PIR_REAL_100:REAL
PIR_REAL_100-E00-1004,8,17,PIR_REAL_100:REAL
PIR_REAL_100-E00-1004,9,17,PIR_REAL_100:REAL
PIR_REAL_100-E00-1004,10,17,PIR_REAL_100:REAL
PIR_REAL_100-E00-1004,11,17,PIR_REAL_100:REAL
PIR_REAL_100-E00-1004,12,17,PIR_REAL_100:REAL
PIR_REAL_100-E00-1004,13,17,PIR_REAL_100:REAL
PIR_REAL_100-E00-1004,14,17,PIR_REAL_100:REAL
PIR_REAL_100-E00-1004,15,17,PIR_REAL_100:REAL
PIR_REAL_100-E00-1004,16,17,PIR_REAL_100:REAL
PIR_REAL_100-E00-1004,17,17,PIR_REAL_100:REAL
PIR_REAL_100-E00-1004,18,17,PIR_REAL_100:REAL
PIR_REAL_100-E00-1004,19,17,PIR_REAL_100:REAL
PIR_REAL_100-E00-1004,20,17,PIR_REAL_100:REAL
PIR_REAL_100-E00-1004,21,17,PIR_REAL_100:REAL
PIR_REAL_100-E00-1004,22,17,PIR_REAL_100:REAL
PIR_REAL_100-E00-1004,23,17,PIR_REAL_100:REAL
PIR_REAL_100-E00-1004,24,17,PIR_REAL_100:REAL
PIR_REAL_100-E00-1004,25,17,PIR_REAL_100:REAL
PIR_REAL_100-E00-1004,26,17,PIR_REAL_100:REAL
PIR_REAL_100-E00-1004,27,17,PIR_REAL_100:REAL
PIR_REAL_100-E00-1004,28,17,PIR_REAL_100:REAL
PIR_REAL_100-E00-1004,29,17,PIR_REAL_100:REAL
PIR_REAL_100-E00-1004,30,17,PIR_REAL_100:REAL
PIR_REAL_100-E00-1004,31,17,PIR_REAL_100:REAL
PIR_REAL_100-E00-1004,32,17,PIR_REAL_100:REAL
PIR_REAL_100-E00-1004,33,17,PIR_REAL_100:REAL
PIR_REAL_100-E00-1004,34,17,PIR_REAL_100:REAL
PIR_REAL_100-E00-1004,35,17,PIR_REAL_100:REAL
PIR_REAL_100-E00-1004,36,17,PIR_REAL_100:REAL
PIR_REAL_100-E00-1004,37,17,PIR_REAL_100:REAL
PIR_REAL_100-E00-1004,38,17,PIR_REAL_100:REAL
PIR_REAL_100-E00-1004,39,17,PIR_REAL_100:REAL
PIR_REAL_100-E00-1004,40,17,PIR_REAL_100:REAL
PIR_REAL_100-E00-1004,41,17,PIR_REAL_100:REAL
PIR_REAL_100-E00-1004,42,17,PIR_REAL_100:REAL
PIR_REAL_100-E00-1004,43,17,PIR_REAL_100:REAL
PIR_REAL_100-E00-1004,44,17,PIR_REAL_100:REAL
PIR_REAL_100-E00-1004,45,17,PIR_REAL_100:REAL
PIR_REAL_100-E00-1004,46,17,PIR_REAL_100:REAL
PIR_REAL_100-E00-1004,47,17,PIR_REAL_100:REAL
PIR_REAL_100-E00-1004,48,17,PIR_REAL_100:REAL
PIR_REAL_100-E00-1004,49,17,PIR_REAL_100:REAL
PIR_REAL_100-E00-1004,50,17,PIR_REAL_100:REAL
PIR_REAL_100-E00-1004,51,17,PIR_REAL_100:REAL
PIR_REAL_100-E00-1004,52,17,PIR_REAL_100:REAL
PIR_REAL_100-E00-1004,53,17,PIR_REAL_100:REAL
PIR_REAL_100-E00-1004,54,17,PIR_REAL_100:REAL
PIR_REAL_100-E00-1004,55,17,PIR_REAL_100:REAL
PIR_REAL_100-E00-1004,56,17,PIR_REAL_100:REAL
PIR_REAL_100-E00-1004,57,17,PIR_REAL_100:REAL
PIR_REAL_100-E00-1004,58,17,PIR_REAL_100:REAL
PIR_REAL_100-E00-1004,59,17,PIR_REAL_100:REAL
PIR_REAL_100-E00-1004,60,17,PIR_REAL_100:REAL
PIR_REAL_100-E00-1004,61,17,PIR_REAL_100:REAL
PIR_REAL_100-E00-1004,62,17,PIR_REAL_100:REAL
PIR_REAL_100-E00-1004,63,17,PIR_REAL_100:REAL
PIR_REAL_100-E00-1004,64,17,PIR_REAL_100:REAL
PIR_REAL_100-E00-1004,65,17,PIR_REAL_100:REAL
PIR_REAL_100-E00-1004,66,17,PIR_REAL_100:REAL
PIR_REAL_100-E00-1004,67,17,PIR_REAL_100:REAL
PIR_REAL_100-E00-1004,68,17,PIR_REAL_100:REAL
PIR_REAL_100-E00-1004,69,17,PIR_REAL_100:REAL
PIR_REAL_100-E00-1004,70,17,PIR_REAL_100:REAL
PIR_REAL_100-E00-1004,71,17,PIR_REAL_100:REAL
PIR_REAL_100-E00-1004,72,17,PIR_REAL_100:REAL
PIR_REAL_100-E00-1004,73,17,PIR_REAL_100:REAL
PIR_REAL_100-E00-1004,74,17,PIR_REAL_100:REAL
PIR_REAL_100-E00-1004,75,17,PIR_REAL_100:REAL
PIR_REAL_100-E00-1004,76,17,PIR_REAL_100:REAL
PIR_REAL_100-E00-1004,77,17,PIR_REAL_100:REAL
PIR_REAL_100-E00-1004,78,17,PIR_REAL_100:REAL
PIR_REAL_100-E00-1004,79,17,PIR_REAL_100:REAL
PIR_REAL_100-E00-1004,80,17,PIR_REAL_100:REAL
PIR_REAL_100-E00-1004,81,17,PIR_REAL_100:REAL
PIR_REAL_100-E00-1004,82,17,PIR_REAL_100:REAL
PIR_REAL_100-E00-1004,83,17,PIR_REAL_100:REAL
PIR_REAL_100-E00-1004,84,17,PIR_REAL_100:REAL
PIR_REAL_100-E00-1004,85,17,PIR_REAL_100:REAL
PIR_REAL_100-E00-1004,86,17,PIR_REAL_100:REAL
PIR_REAL_100-E00-1004,87,17,PIR_REAL_100:REAL
PIR_REAL_100-E00-1004,88,17,PIR_REAL_100:REAL
PIR_REAL_100-E00-1004,89,17,PIR_REAL_100:REAL
PIR_REAL_100-E00-1004,90,17,PIR_REAL_100:REAL
PIR_REAL_100-E00-1004,91,17,PIR_REAL_100:REAL
PIR_REAL_100-E00-1004,92,17,PIR_REAL_100:REAL
PIR_REAL_100-E00-1004,93,17,PIR_REAL_100:REAL
PIR_REAL_100-E00-1004,94,17,PIR_REAL_100:REAL
PIR_REAL_100-E00-1004,95,17,PIR_REAL_100:REAL
PIR_REAL_100-E00-1004,96,17,PIR_REAL_100:REAL
PIR_REAL_100-E00-1004,97,17,PIR_REAL_100:REAL
PIR_REAL_100-E00-1004,98,17,PIR_REAL_100:REAL
PIR_REAL_100-E00-1004,99,17,PIR_REAL_100:REAL
M0-E04-1004,0,17,M0:REAL
M0-E04-1004,1,17,M0:REAL
M0-E04-1004,2,17,M0:REAL
M0-E04-1004,3,17,M0:REAL
M0-E04-1004,4,17,M0:REAL
M0-E04-1004,5,17,M0:REAL
M0-E04-1004,6,17,M0:REAL
M0-E04-1004,7,17,M0:REAL
M0-E04-1004,8,17,M0:REAL
M0-E04-1004,9,17,M0:REAL
M0-E04-1004,10,17,M0:REAL
M0-E04-1004,11,17,M0:REAL
M0-E04-1004,12,17,M0:REAL
M0-E04-1004,13,17,M0:REAL
M0-E04-1004,14,17,M0:REAL
M0-E04-1004,15,17,M0:REAL
M0-E04-1004,16,17,M0:REAL
M0-E04-1004,17,17,M0:REAL
M0-E04-1004,18,17,M0:REAL
M0-E04-1004,19,17,M0:REAL
M0-E04-1004,20,17,M0:REAL
M0-E04-1004,21,17,M0:REAL
M0-E04-1004,22,17,M0:REAL
M0-E04-1004,23,17,M0:REAL
M0-E04-1004,24,17,M0:REAL
M0-E04-1004,25,17,M0:REAL
M0-E04-1004,26,17,M0:REAL
M0-E04-1004,27,17,M0:REAL
M0-E04-1004,28,17,M0:REAL
M0-E04-1004,29,17,M0:REAL
M0-E04-1004,30,17,M0:REAL
M0-E04-1004,31,17,M0:REAL
M0-E04-1004,32,17,M0:REAL
M0-E04-1004,33,17,M0:REAL
M0-E04-1004,34,17,M0:REAL
M0-E04-1004,35,17,M0:REAL
M0-E04-1004,36,17,M0:REAL
M0-E04-1004,37,17,M0:REAL
M0-E04-1004,38,17,M0:REAL
M0-E04-1004,39,17,M0:REAL
M0-E04-1004,40,17,M0:REAL
M0-E04-1004,41,17,M0:REAL
M0-E04-1004,42,17,M0:REAL
M0-E04-1004,43,17,M0:REAL
M0-E04-1004,44,17,M0:REAL
M0-E04-1004,45,17,M0:REAL
M0-E04-1004,46,17,M0:REAL
M0-E04-1004,47,17,M0:REAL
M0-E04-1004,48,17,M0:REAL
M0-E04-1004,49,17,M0:REAL
M0-E04-1004,50,17,M0:REAL
M0-E04-1004,51,17,M0:REAL
M0-E04-1004,52,17,M0:REAL
M0-E04-1004,53,17,M0:REAL
M0-E04-1004,54,17,M0:REAL
M0-E04-1004,55,17,M0:REAL
M0-E04-1004,56,17,M0:REAL
M0-E04-1004,57,17,M0:REAL
M0-E04-1004,58,17,M0:REAL
M0-E04-1004,59,17,M0:REAL
M0-E04-1004,60,17,M0:REAL
M0-E04-1004,61,17,M0:REAL
M0-E04-1004,62,17,M0:REAL
M0-E04-1004,63,17,M0:REAL
M0-E04-1004,64,17,M0:REAL
M0-E04-1004,65,17,M0:REAL
M0-E04-1004,66,17,M0:REAL
M0-E04-1004,67,17,M0:REAL
M0-E04-1004,68,17,M0:REAL
M0-E04-1004,69,17,M0:REAL
M0-E04-1004,70,17,M0:REAL
M0-E04-1004,71,17,M0:REAL
M0-E04-1004,72,17,M0:REAL
M0-E04-1004,73,17,M0:REAL
M0-E04-1004,74,17,M0:REAL
M0-E04-1004,75,17,M0:REAL
M0-E04-1004,76,17,M0:REAL
M0-E04-1004,77,17,M0:REAL
M0-E04-1004,78,17,M0:REAL
M0-E04-1004,79,17,M0:REAL
M0-E04-1004,80,17,M0:REAL
M0-E04-1004,81,17,M0:REAL
M0-E04-1004,82,17,M0:REAL
M0-E04-1004,83,17,M0:REAL
M0-E04-1004,84,17,M0:REAL
M0-E04-1004,85,17,M0:REAL
M0-E04-1004,86,17,M0:REAL
M0-E04-1004,87,17,M0:REAL
M0-E04-1004,88,17,M0:REAL
M0-E04-1004,89,17,M0:REAL
M0-E04-1004,90,17,M0:REAL
M0-E04-1004,91,17,M0:REAL
M0-E04-1004,92,17,M0:REAL
M0-E04-1004,93,17,M0:REAL
M0-E04-1004,94,17,M0:REAL
M0-E04-1004,95,17,M0:REAL
M0-E04-1004,96,17,M0:REAL
M0-E04-1004,97,17,M0:REAL
M0-E04-1004,98,17,M0:REAL
M0-E04-1004,99,17,M0:REAL
PIR_REAL_50-E00-1004,0,1054,PIR_REAL_50:DUMMY
PIR_REAL_50-E00-1004,1,17,PIR_REAL_50:REAL
PIR_REAL_50-E00-1004,2,1057,PIR_REAL_50:DUMMY
PIR_REAL_50-E00-1004,3,17,PIR_REAL_50:REAL
PIR_REAL_50-E00-1004,4,1038,PIR_REAL_50:DUMMY
PIR_REAL_50-E00-1004,5,17,PIR_REAL_50:REAL
PIR_REAL_50-E00-1004,6,1014,PIR_REAL_50:DUMMY
PIR_REAL_50-E00-1004,7,17,PIR_REAL_50:REAL
PIR_REAL_50-E00-1004,8,1020,PIR_REAL_50:DUMMY
PIR_REAL_50-E00-1004,9,1040,PIR_REAL_50:DUMMY
PIR_REAL_50-E00-1004,10,17,PIR_REAL_50:REAL
PIR_REAL_50-E00-1004,11,1055,PIR_REAL_50:DUMMY
PIR_REAL_50-E00-1004,12,17,PIR_REAL_50:REAL
PIR_REAL_50-E00-1004,13,17,PIR_REAL_50:REAL
PIR_REAL_50-E00-1004,14,17,PIR_REAL_50:REAL
PIR_REAL_50-E00-1004,15,1013,PIR_REAL_50:DUMMY
PIR_REAL_50-E00-1004,16,1001,PIR_REAL_50:DUMMY
PIR_REAL_50-E00-1004,17,1048,PIR_REAL_50:DUMMY
PIR_REAL_50-E00-1004,18,1013,PIR_REAL_50:DUMMY
PIR_REAL_50-E00-1004,19,17,PIR_REAL_50:REAL
PIR_REAL_50-E00-1004,20,17,PIR_REAL_50:REAL
PIR_REAL_50-E00-1004,21,1042,PIR_REAL_50:DUMMY
PIR_REAL_50-E00-1004,22,17,PIR_REAL_50:REAL
PIR_REAL_50-E00-1004,23,17,PIR_REAL_50:REAL
PIR_REAL_50-E00-1004,24,1057,PIR_REAL_50:DUMMY
PIR_REAL_50-E00-1004,25,17,PIR_REAL_50:REAL
PIR_REAL_50-E00-1004,26,1060,PIR_REAL_50:DUMMY
PIR_REAL_50-E00-1004,27,17,PIR_REAL_50:REAL
PIR_REAL_50-E00-1004,28,1016,PIR_REAL_50:DUMMY
PIR_REAL_50-E00-1004,29,17,PIR_REAL_50:REAL
PIR_REAL_50-E00-1004,30,1054,PIR_REAL_50:DUMMY
PIR_REAL_50-E00-1004,31,17,PIR_REAL_50:REAL
PIR_REAL_50-E00-1004,32,17,PIR_REAL_50:REAL
PIR_REAL_50-E00-1004,33,17,PIR_REAL_50:REAL
PIR_REAL_50-E00-1004,34,17,PIR_REAL_50:REAL
PIR_REAL_50-E00-1004,35,1059,PIR_REAL_50:DUMMY
PIR_REAL_50-E00-1004,36,17,PIR_REAL_50:REAL
PIR_REAL_50-E00-1004,37,1038,PIR_REAL_50:DUMMY
PIR_REAL_50-E00-1004,38,17,PIR_REAL_50:REAL
PIR_REAL_50-E00-1004,39,17,PIR_REAL_50:REAL
PIR_REAL_50-E00-1004,40,1032,PIR_REAL_50:DUMMY
PIR_REAL_50-E00-1004,41,17,PIR_REAL_50:REAL
PIR_REAL_50-E00-1004,42,1011,PIR_REAL_50:DUMMY
PIR_REAL_50-E00-1004,43,1052,PIR_REAL_50:DUMMY
PIR_REAL_50-E00-1004,44,1043,PIR_REAL_50:DUMMY
PIR_REAL_50-E00-1004,45,17,PIR_REAL_50:REAL
PIR_REAL_50-E00-1004,46,1015,PIR_REAL_50:DUMMY
PIR_REAL_50-E00-1004,47,17,PIR_REAL_50:REAL
PIR_REAL_50-E00-1004,48,17,PIR_REAL_50:REAL
PIR_REAL_50-E00-1004,49,17,PIR_REAL_50:REAL
PIR_REAL_50-E00-1004,50,1031,PIR_REAL_50:DUMMY
PIR_REAL_50-E00-1004,51,1018,PIR_REAL_50:DUMMY
PIR_REAL_50-E00-1004,52,17,PIR_REAL_50:REAL
PIR_REAL_50-E00-1004,53,1009,PIR_REAL_50:DUMMY
PIR_REAL_50-E00-1004,54,1041,PIR_REAL_50:DUMMY
PIR_REAL_50-E00-1004,55,17,PIR_REAL_50:REAL
PIR_REAL_50-E00-1004,56,1056,PIR_REAL_50:DUMMY
PIR_REAL_50-E00-1004,57,17,PIR_REAL_50:REAL
PIR_REAL_50-E00-1004,58,17,PIR_REAL_50:REAL
PIR_REAL_50-E00-1004,59,17,PIR_REAL_50:REAL
PIR_REAL_50-E00-1004,60,1032,PIR_REAL_50:DUMMY
PIR_REAL_50-E00-1004,61,1007,PIR_REAL_50:DUMMY
PIR_REAL_50-E00-1004,62,1026,PIR_REAL_50:DUMMY
PIR_REAL_50-E00-1004,63,1051,PIR_REAL_50:DUMMY
PIR_REAL_50-E00-1004,64,17,PIR_REAL_50:REAL
PIR_REAL_50-E00-1004,65,1017,PIR_REAL_50:DUMMY
PIR_REAL_50-E00-1004,66,1056,PIR_REAL_50:DUMMY
PIR_REAL_50-E00-1004,67,17,PIR_REAL_50:REAL
PIR_REAL_50-E00-1004,68,1000,PIR_REAL_50:DUMMY
PIR_REAL_50-E00-1004,69,17,PIR_REAL_50:REAL
PIR_REAL_50-E00-1004,70,1038,PIR_REAL_50:DUMMY
PIR_REAL_50-E00-1004,71,1001,PIR_REAL_50:DUMMY
PIR_REAL_50-E00-1004,72,1055,PIR_REAL_50:DUMMY
PIR_REAL_50-E00-1004,73,17,PIR_REAL_50:REAL
PIR_REAL_50-E00-1004,74,1033,PIR_REAL_50:DUMMY
PIR_REAL_50-E00-1004,75,17,PIR_REAL_50:REAL
PIR_REAL_50-E00-1004,76,1030,PIR_REAL_50:DUMMY
PIR_REAL_50-E00-1004,77,17,PIR_REAL_50:REAL
PIR_REAL_50-E00-1004,78,1028,PIR_REAL_50:DUMMY
PIR_REAL_50-E00-1004,79,1031,PIR_REAL_50:DUMMY
PIR_REAL_50-E00-1004,80,1010,PIR_REAL_50:DUMMY
PIR_REAL_50-E00-1004,81,1058,PIR_REAL_50:DUMMY
PIR_REAL_50-E00-1004,82,17,PIR_REAL_50:REAL
PIR_REAL_50-E00-1004,83,1060,PIR_REAL_50:DUMMY
PIR_REAL_50-E00-1004,84,1009,PIR_REAL_50:DUMMY
PIR_REAL_50-E00-1004,85,17,PIR_REAL_50:REAL
PIR_REAL_50-E00-1004,86,17,PIR_REAL_50:REAL
PIR_REAL_50-E00-1004,87,17,PIR_REAL_50:REAL
PIR_REAL_50-E00-1004,88,17,PIR_REAL_50:REAL
PIR_REAL_50-E00-1004,89,1038,PIR_REAL_50:DUMMY
PIR_REAL_50-E00-1004,90,17,PIR_REAL_50:REAL
PIR_REAL_50-E00-1004,91,1012,PIR_REAL_50:DUMMY
PIR_REAL_50-E00-1004,92,17,PIR_REAL_50:REAL
PIR_REAL_50-E00-1004,93,17,PIR_REAL_50:REAL
PIR_REAL_50-E00-1004,94,17,PIR_REAL_50:REAL
PIR_REAL_50-E00-1004,95,17,PIR_REAL_50:REAL
PIR_REAL_50-E00-1004,96,17,PIR_REAL_50:REAL
PIR_REAL_50-E00-1004,97,1001,PIR_REAL_50:DUMMY
PIR_REAL_50-E00-1004,98,17,PIR_REAL_50:REAL
PIR_REAL_50-E00-1004,99,1006,PIR_REAL_50:DUMMY
PIR_REAL_1-E00-1004,0,1038,PIR_REAL_1:DUMMY
PIR_REAL_1-E00-1004,1,1045,PIR_REAL_1:DUMMY
PIR_REAL_1-E00-1004,2,1051,PIR_REAL_1:DUMMY
PIR_REAL_1-E00-1004,3,1018,PIR_REAL_1:DUMMY
PIR_REAL_1-E00-1004,4,1026,PIR_REAL_1:DUMMY
PIR_REAL_1-E00-1004,5,1036,PIR_REAL_1:DUMMY
PIR_REAL_1-E00-1004,6,1033,PIR_REAL_1:DUMMY
PIR_REAL_1-E00-1004,7,1052,PIR_REAL_1:DUMMY
PIR_REAL_1-E00-1004,8,1057,PIR_REAL_1:DUMMY
PIR_REAL_1-E00-1004,9,1051,PIR_REAL_1:DUMMY
PIR_REAL_1-E00-1004,10,1049,PIR_REAL_1:DUMMY
PIR_REAL_1-E00-1004,11,1019,PIR_REAL_1:DUMMY
PIR_REAL_1-E00-1004,12,1022,PIR_REAL_1:DUMMY
PIR_REAL_1-E00-1004,13,1001,PIR_REAL_1:DUMMY
PIR_REAL_1-E00-1004,14,1057,PIR_REAL_1:DUMMY
PIR_REAL_1-E00-1004,15,1022,PIR_REAL_1:DUMMY
PIR_REAL_1-E00-1004,16,1058,PIR_REAL_1:DUMMY
PIR_REAL_1-E00-1004,17,1010,PIR_REAL_1:DUMMY
PIR_REAL_1-E00-1004,18,1002,PIR_REAL_1:DUMMY
PIR_REAL_1-E00-1004,19,1012,PIR_REAL_1:DUMMY
PIR_REAL_1-E00-1004,20,1032,PIR_REAL_1:DUMMY
PIR_REAL_1-E00-1004,21,1010,PIR_REAL_1:DUMMY
PIR_REAL_1-E00-1004,22,1043,PIR_REAL_1:DUMMY
PIR_REAL_1-E00-1004,23,1060,PIR_REAL_1:DUMMY
PIR_REAL_1-E00-1004,24,1053,PIR_REAL_1:DUMMY
PIR_REAL_1-E00-1004,25,1063,PIR_REAL_1:DUMMY
PIR_REAL_1-E00-1004,26,17,PIR_REAL_1:REAL
PIR_REAL_1-E00-1004,27,1000,PIR_REAL_1:DUMMY
PIR_REAL_1-E00-1004,28,1059,PIR_REAL_1:DUMMY
PIR_REAL_1-E00-1004,29,1019,PIR_REAL_1:DUMMY
PIR_REAL_1-E00-1004,30,1020,PIR_REAL_1:DUMMY
PIR_REAL_1-E00-1004,31,1063,PIR_REAL_1:DUMMY
PIR_REAL_1-E00-1004,32,1055,PIR_REAL_1:DUMMY
PIR_REAL_1-E00-1004,33,1017,PIR_REAL_1:DUMMY
PIR_REAL_1-E00-1004,34,1056,PIR_REAL_1:DUMMY
PIR_REAL_1-E00-1004,35,1001,PIR_REAL_1:DUMMY
PIR_REAL_1-E00-1004,36,1038,PIR_REAL_1:DUMMY
PIR_REAL_1-E00-1004,37,1050,PIR_REAL_1:DUMMY
PIR_REAL_1-E00-1004,38,1020,PIR_REAL_1:DUMMY
PIR_REAL_1-E00-1004,39,1017,PIR_REAL_1:DUMMY
PIR_REAL_1-E00-1004,40,1053,PIR_REAL_1:DUMMY
PIR_REAL_1-E00-1004,41,1039,PIR_REAL_1:DUMMY
PIR_REAL_1-E00-1004,42,1013,PIR_REAL_1:DUMMY
PIR_REAL_1-E00-1004,43,1021,PIR_REAL_1:DUMMY
PIR_REAL_1-E00-1004,44,1017,PIR_REAL_1:DUMMY
PIR_REAL_1-E00-1004,45,1040,PIR_REAL_1:DUMMY
PIR_REAL_1-E00-1004,46,1061,PIR_REAL_1:DUMMY
PIR_REAL_1-E00-1004,47,1039,PIR_REAL_1:DUMMY
PIR_REAL_1-E00-1004,48,1004,PIR_REAL_1:DUMMY
PIR_REAL_1-E00-1004,49,1052,PIR_REAL_1:DUMMY
PIR_REAL_1-E00-1004,50,1063,PIR_REAL_1:DUMMY
PIR_REAL_1-E00-1004,51,1011,PIR_REAL_1:DUMMY
PIR_REAL_1-E00-1004,52,1012,PIR_REAL_1:DUMMY
PIR_REAL_1-E00-1004,53,1059,PIR_REAL_1:DUMMY
PIR_REAL_1-E00-1004,54,1038,PIR_REAL_1:DUMMY
PIR_REAL_1-E00-1004,55,1040,PIR_REAL_1:DUMMY
PIR_REAL_1-E00-1004,56,1021,PIR_REAL_1:DUMMY
PIR_REAL_1-E00-1004,57,1016,PIR_REAL_1:DUMMY
PIR_REAL_1-E00-1004,58,1004,PIR_REAL_1:DUMMY
PIR_REAL_1-E00-1004,59,1047,PIR_REAL_1:DUMMY
PIR_REAL_1-E00-1004,60,1023,PIR_REAL_1:DUMMY
PIR_REAL_1-E00-1004,61,1013,PIR_REAL_1:DUMMY
PIR_REAL_1-E00-1004,62,1039,PIR_REAL_1:DUMMY
PIR_REAL_1-E00-1004,63,1061,PIR_REAL_1:DUMMY
PIR_REAL_1-E00-1004,64,1018,PIR_REAL_1:DUMMY
PIR_REAL_1-E00-1004,65,1004,PIR_REAL_1:DUMMY
PIR_REAL_1-E00-1004,66,1002,PIR_REAL_1:DUMMY
PIR_REAL_1-E00-1004,67,1007,PIR_REAL_1:DUMMY
PIR_REAL_1-E00-1004,68,1032,PIR_REAL_1:DUMMY
PIR_REAL_1-E00-1004,69,1035,PIR_REAL_1:DUMMY
PIR_REAL_1-E00-1004,70,1058,PIR_REAL_1:DUMMY
PIR_REAL_1-E00-1004,71,1037,PIR_REAL_1:DUMMY
PIR_REAL_1-E00-1004,72,1008,PIR_REAL_1:DUMMY
PIR_REAL_1-E00-1004,73,1045,PIR_REAL_1:DUMMY
PIR_REAL_1-E00-1004,74,1052,PIR_REAL_1:DUMMY
PIR_REAL_1-E00-1004,75,1006,PIR_REAL_1:DUMMY
PIR_REAL_1-E00-1004,76,1005,PIR_REAL_1:DUMMY
PIR_REAL_1-E00-1004,77,1060,PIR_REAL_1:DUMMY
PIR_REAL_1-E00-1004,78,1019,PIR_REAL_1:DUMMY
PIR_REAL_1-E00-1004,79,1027,PIR_REAL_1:DUMMY
PIR_REAL_1-E00-1004,80,1045,PIR_REAL_1:DUMMY
PIR_REAL_1-E00-1004,81,1055,PIR_REAL_1:DUMMY
PIR_REAL_1-E00-1004,82,1047,PIR_REAL_1:DUMMY
PIR_REAL_1-E00-1004,83,1061,PIR_REAL_1:DUMMY
PIR_REAL_1-E00-1004,84,1003,PIR_REAL_1:DUMMY
PIR_REAL_1-E00-1004,85,1023,PIR_REAL_1:DUMMY
PIR_REAL_1-E00-1004,86,1025,PIR_REAL_1:DUMMY
PIR_REAL_1-E00-1004,87,1006,PIR_REAL_1:DUMMY
PIR_REAL_1-E00-1004,88,1008,PIR_REAL_1:DUMMY
PIR_REAL_1-E00-1004,89,1018,PIR_REAL_1:DUMMY
PIR_REAL_1-E00-1004,90,1034,PIR_REAL_1:DUMMY
PIR_REAL_1-E00-1004,91,1006,PIR_REAL_1:DUMMY
PIR_REAL_1-E00-1004,92,1018,PIR_REAL_1:DUMMY
PIR_REAL_1-E00-1004,93,1032,PIR_REAL_1:DUMMY
PIR_REAL_1-E00-1004,94,1059,PIR_REAL_1:DUMMY
PIR_REAL_1-E00-1004,95,1003,PIR_REAL_1:DUMMY
PIR_REAL_1-E00-1004,96,1006,PIR_REAL_1:DUMMY
PIR_REAL_1-E00-1004,97,1005,PIR_REAL_1:DUMMY
PIR_REAL_1-E00-1004,98,1021,PIR_REAL_1:DUMMY
PIR_REAL_1-E00-1004,99,1033,PIR_REAL_1:DUMMY
M0-E03-1004,0,17,M0:REAL
M0-E03-1004,1,17,M0:REAL
M0-E03-1004,2,17,M0:REAL
M0-E03-1004,3,17,M0:REAL
M0-E03-1004,4,17,M0:REAL
M0-E03-1004,5,17,M0:REAL
M0-E03-1004,6,17,M0:REAL
M0-E03-1004,7,17,M0:REAL
M0-E03-1004,8,17,M0:REAL
M0-E03-1004,9,17,M0:REAL
M0-E03-1004,10,17,M0:REAL
M0-E03-1004,11,17,M0:REAL
M0-E03-1004,12,17,M0:REAL
M0-E03-1004,13,17,M0:REAL
M0-E03-1004,14,17,M0:REAL
M0-E03-1004,15,17,M0:REAL
M0-E03-1004,16,17,M0:REAL
M0-E03-1004,17,17,M0:REAL
M0-E03-1004,18,17,M0:REAL
M0-E03-1004,19,17,M0:REAL
M0-E03-1004,20,17,M0:REAL
M0-E03-1004,21,17,M0:REAL
M0-E03-1004,22,17,M0:REAL
M0-E03-1004,23,17,M0:REAL
M0-E03-1004,24,17,M0:REAL
M0-E03-1004,25,17,M0:REAL
M0-E03-1004,26,17,M0:REAL
M0-E03-1004,27,17,M0:REAL
M0-E03-1004,28,17,M0:REAL
M0-E03-1004,29,17,M0:REAL
M0-E03-1004,30,17,M0:REAL
M0-E03-1004,31,17,M0:REAL
M0-E03-1004,32,17,M0:REAL
M0-E03-1004,33,17,M0:REAL
M0-E03-1004,34,17,M0:REAL
M0-E03-1004,35,17,M0:REAL
M0-E03-1004,36,17,M0:REAL
M0-E03-1004,37,17,M0:REAL
M0-E03-1004,38,17,M0:REAL
M0-E03-1004,39,17,M0:REAL
M0-E03-1004,40,17,M0:REAL
M0-E03-1004,41,17,M0:REAL
M0-E03-1004,42,17,M0:REAL
M0-E03-1004,43,17,M0:REAL
M0-E03-1004,44,17,M0:REAL
M0-E03-1004,45,17,M0:REAL
M0-E03-1004,46,17,M0:REAL
M0-E03-1004,47,17,M0:REAL
M0-E03-1004,48,17,M0:REAL
M0-E03-1004,49,17,M0:REAL
M0-E03-1004,50,17,M0:REAL
M0-E03-1004,51,17,M0:REAL
M0-E03-1004,52,17,M0:REAL
M0-E03-1004,53,17,M0:REAL
M0-E03-1004,54,17,M0:REAL
M0-E03-1004,55,17,M0:REAL
M0-E03-1004,56,17,M0:REAL
M0-E03-1004,57,17,M0:REAL
M0-E03-1004,58,17,M0:REAL
M0-E03-1004,59,17,M0:REAL
M0-E03-1004,60,17,M0:REAL
M0-E03-1004,61,17,M0:REAL
M0-E03-1004,62,17,M0:REAL
M0-E03-1004,63,17,M0:REAL
M0-E03-1004,64,17,M0:REAL
M0-E03-1004,65,17,M0:REAL
M0-E03-1004,66,17,M0:REAL
M0-E03-1004,67,17,M0:REAL
M0-E03-1004,68,17,M0:REAL
M0-E03-1004,69,17,M0:REAL
M0-E03-1004,70,17,M0:REAL
M0-E03-1004,71,17,M0:REAL
M0-E03-1004,72,17,M0:REAL
M0-E03-1004,73,17,M0:REAL
M0-E03-1004,74,17,M0:REAL
M0-E03-1004,75,17,M0:REAL
M0-E03-1004,76,17,M0:REAL
M0-E03-1004,77,17,M0:REAL
M0-E03-1004,78,17,M0:REAL
M0-E03-1004,79,17,M0:REAL
M0-E03-1004,80,17,M0:REAL
M0-E03-1004,81,17,M0:REAL
M0-E03-1004,82,17,M0:REAL
M0-E03-1004,83,17,M0:REAL
M0-E03-1004,84,17,M0:REAL
M0-E03-1004,85,17,M0:REAL
M0-E03-1004,86,17,M0:REAL
M0-E03-1004,87,17,M0:REAL
M0-E03-1004,88,17,M0:REAL
M0-E03-1004,89,17,M0:REAL
M0-E03-1004,90,17,M0:REAL
M0-E03-1004,91,17,M0:REAL
M0-E03-1004,92,17,M0:REAL
M0-E03-1004,93,17,M0:REAL
M0-E03-1004,94,17,M0:REAL
M0-E03-1004,95,17,M0:REAL
M0-E03-1004,96,17,M0:REAL
M0-E03-1004,97,17,M0:REAL
M0-E03-1004,98,17,M0:REAL
M0-E03-1004,99,17,M0:REAL
M4-E02-1004,0,10,M4:REAL
M4-E02-1004,1,11,M4:REAL
M4-E02-1004,2,10,M4:REAL
M4-E02-1004,3,11,M4:REAL
M4-E02-1004,4,10,M4:REAL
M4-E02-1004,5,11,M4:REAL
M4-E02-1004,6,10,M4:REAL
M4-E02-1004,7,11,M4:REAL
M4-E02-1004,8,10,M4:REAL
M4-E02-1004,9,11,M4:REAL
M4-E02-1004,10,10,M4:REAL
M4-E02-1004,11,11,M4:REAL
M4-E02-1004,12,10,M4:REAL
M4-E02-1004,13,11,M4:REAL
M4-E02-1004,14,10,M4:REAL
M4-E02-1004,15,11,M4:REAL
M4-E02-1004,16,10,M4:REAL
M4-E02-1004,17,11,M4:REAL
M4-E02-1004,18,10,M4:REAL
M4-E02-1004,19,11,M4:REAL
M4-E02-1004,20,10,M4:REAL
M4-E02-1004,21,11,M4:REAL
M4-E02-1004,22,10,M4:REAL
M4-E02-1004,23,11,M4:REAL
M4-E02-1004,24,10,M4:REAL
M4-E02-1004,25,11,M4:REAL
M4-E02-1004,26,10,M4:REAL
M4-E02-1004,27,11,M4:REAL
M4-E02-1004,28,10,M4:REAL
M4-E02-1004,29,11,M4:REAL
M4-E02-1004,30,10,M4:REAL
M4-E02-1004,31,11,M4:REAL
M4-E02-1004,32,10,M4:REAL
M4-E02-1004,33,11,M4:REAL
M4-E02-1004,34,10,M4:REAL
M4-E02-1004,35,11,M4:REAL
M4-E02-1004,36,10,M4:REAL
M4-E02-1004,37,11,M4:REAL
M4-E02-1004,38,10,M4:REAL
M4-E02-1004,39,11,M4:REAL
M4-E02-1004,40,10,M4:REAL
M4-E02-1004,41,11,M4:REAL
M4-E02-1004,42,10,M4:REAL
M4-E02-1004,43,11,M4:REAL
M4-E02-1004,44,10,M4:REAL
M4-E02-1004,45,11,M4:REAL
M4-E02-1004,46,10,M4:REAL
M4-E02-1004,47,11,M4:REAL
M4-E02-1004,48,10,M4:REAL
M4-E02-1004,49,11,M4:REAL
M4-E02-1004,50,10,M4:REAL
M4-E02-1004,51,11,M4:REAL
M4-E02-1004,52,10,M4:REAL
M4-E02-1004,53,11,M4:REAL
M4-E02-1004,54,10,M4:REAL
M4-E02-1004,55,11,M4:REAL
M4-E02-1004,56,10,M4:REAL
M4-E02-1004,57,11,M4:REAL
M4-E02-1004,58,10,M4:REAL
M4-E02-1004,59,11,M4:REAL
M4-E02-1004,60,10,M4:REAL
M4-E02-1004,61,11,M4:REAL
M4-E02-1004,62,10,M4:REAL
M4-E02-1004,63,11,M4:REAL
M4-E02-1004,64,10,M4:REAL
M4-E02-1004,65,11,M4:REAL
M4-E02-1004,66,10,M4:REAL
M4-E02-1004,67,11,M4:REAL
M4-E02-1004,68,10,M4:REAL
M4-E02-1004,69,11,M4:REAL
M4-E02-1004,70,10,M4:REAL
M4-E02-1004,71,11,M4:REAL
M4-E02-1004,72,10,M4:REAL
M4-E02-1004,73,11,M4:REAL
M4-E02-1004,74,10,M4:REAL
M4-E02-1004,75,11,M4:REAL
M4-E02-1004,76,10,M4:REAL
M4-E02-1004,77,11,M4:REAL
M4-E02-1004,78,10,M4:REAL
M4-E02-1004,79,11,M4:REAL
M4-E02-1004,80,10,M4:REAL
M4-E02-1004,81,11,M4:REAL
M4-E02-1004,82,10,M4:REAL
M4-E02-1004,83,11,M4:REAL
M4-E02-1004,84,10,M4:REAL
M4-E02-1004,85,11,M4:REAL
M4-E02-1004,86,10,M4:REAL
M4-E02-1004,87,11,M4:REAL
M4-E02-1004,88,10,M4:REAL
M4-E02-1004,89,11,M4:REAL
M4-E02-1004,90,10,M4:REAL
M4-E02-1004,91,11,M4:REAL
M4-E02-1004,92,10,M4:REAL
M4-E02-1004,93,11,M4:REAL
M4-E02-1004,94,10,M4:REAL
M4-E02-1004,95,11,M4:REAL
M4-E02-1004,96,10,M4:REAL
M4-E02-1004,97,11,M4:REAL
M4-E02-1004,98,10,M4:REAL
M4-E02-1004,99,11,M4:REAL
M5-E00-1004,0,10,M5:REAL
M5-E00-1004,1,12,M5:REAL
M5-E00-1004,2,10,M5:REAL
M5-E00-1004,3,12,M5:REAL
M5-E00-1004,4,10,M5:REAL
M5-E00-1004,5,12,M5:REAL
M5-E00-1004,6,10,M5:REAL
M5-E00-1004,7,12,M5:REAL
M5-E00-1004,8,10,M5:REAL
M5-E00-1004,9,12,M5:REAL
M5-E00-1004,10,10,M5:REAL
M5-E00-1004,11,12,M5:REAL
M5-E00-1004,12,10,M5:REAL
M5-E00-1004,13,12,M5:REAL
M5-E00-1004,14,10,M5:REAL
M5-E00-1004,15,12,M5:REAL
M5-E00-1004,16,10,M5:REAL
M5-E00-1004,17,12,M5:REAL
M5-E00-1004,18,10,M5:REAL
M5-E00-1004,19,12,M5:REAL
M5-E00-1004,20,10,M5:REAL
M5-E00-1004,21,12,M5:REAL
M5-E00-1004,22,10,M5:REAL
M5-E00-1004,23,12,M5:REAL
M5-E00-1004,24,10,M5:REAL
M5-E00-1004,25,12,M5:REAL
M5-E00-1004,26,10,M5:REAL
M5-E00-1004,27,12,M5:REAL
M5-E00-1004,28,10,M5:REAL
M5-E00-1004,29,12,M5:REAL
M5-E00-1004,30,10,M5:REAL
M5-E00-1004,31,12,M5:REAL
M5-E00-1004,32,10,M5:REAL
M5-E00-1004,33,12,M5:REAL
M5-E00-1004,34,10,M5:REAL
M5-E00-1004,35,12,M5:REAL
M5-E00-1004,36,10,M5:REAL
M5-E00-1004,37,12,M5:REAL
M5-E00-1004,38,10,M5:REAL
M5-E00-1004,39,12,M5:REAL
M5-E00-1004,40,10,M5:REAL
M5-E00-1004,41,12,M5:REAL
M5-E00-1004,42,10,M5:REAL
M5-E00-1004,43,12,M5:REAL
M5-E00-1004,44,10,M5:REAL
M5-E00-1004,45,12,M5:REAL
M5-E00-1004,46,10,M5:REAL
M5-E00-1004,47,12,M5:REAL
M5-E00-1004,48,10,M5:REAL
M5-E00-1004,49,12,M5:REAL
M5-E00-1004,50,10,M5:REAL
M5-E00-1004,51,12,M5:REAL
M5-E00-1004,52,10,M5:REAL
M5-E00-1004,53,12,M5:REAL
M5-E00-1004,54,10,M5:REAL
M5-E00-1004,55,12,M5:REAL
M5-E00-1004,56,10,M5:REAL
M5-E00-1004,57,12,M5:REAL
M5-E00-1004,58,10,M5:REAL
M5-E00-1004,59,12,M5:REAL
M5-E00-1004,60,10,M5:REAL
M5-E00-1004,61,12,M5:REAL
M5-E00-1004,62,10,M5:REAL
M5-E00-1004,63,12,M5:REAL
M5-E00-1004,64,10,M5:REAL
M5-E00-1004,65,12,M5:REAL
M5-E00-1004,66,10,M5:REAL
M5-E00-1004,67,12,M5:REAL
M5-E00-1004,68,10,M5:REAL
M5-E00-1004,69,12,M5:REAL
M5-E00-1004,70,10,M5:REAL
M5-E00-1004,71,12,M5:REAL
M5-E00-1004,72,10,M5:REAL
M5-E00-1004,73,12,M5:REAL
M5-E00-1004,74,10,M5:REAL
M5-E00-1004,75,12,M5:REAL
M5-E00-1004,76,10,M5:REAL
M5-E00-1004,77,12,M5:REAL
M5-E00-1004,78,10,M5:REAL
M5-E00-1004,79,12,M5:REAL
M5-E00-1004,80,10,M5:REAL
M5-E00-1004,81,12,M5:REAL
M5-E00-1004,82,10,M5:REAL
M5-E00-1004,83,12,M5:REAL
M5-E00-1004,84,10,M5:REAL
M5-E00-1004,85,12,M5:REAL
M5-E00-1004,86,10,M5:REAL
M5-E00-1004,87,12,M5:REAL
M5-E00-1004,88,10,M5:REAL
M5-E00-1004,89,12,M5:REAL
M5-E00-1004,90,10,M5:REAL
M5-E00-1004,91,12,M5:REAL
M5-E00-1004,92,10,M5:REAL
M5-E00-1004,93,12,M5:REAL
M5-E00-1004,94,10,M5:REAL
M5-E00-1004,95,12,M5:REAL
M5-E00-1004,96,10,M5:REAL
M5-E00-1004,97,12,M5:REAL
M5-E00-1004,98,10,M5:REAL
M5-E00-1004,99,12,M5:REAL
M3-E03-1004,0,104,M3:REAL
M3-E03-1004,1,107,M3:REAL
M3-E03-1004,2,101,M3:REAL
M3-E03-1004,3,109,M3:REAL
M3-E03-1004,4,102,M3:REAL
M3-E03-1004,5,105,M3:REAL
M3-E03-1004,6,102,M3:REAL
M3-E03-1004,7,107,M3:REAL
M3-E03-1004,8,104,M3:REAL
M3-E03-1004,9,108,M3:REAL
M3-E03-1004,10,105,M3:REAL
M3-E03-1004,11,108,M3:REAL
M3-E03-1004,12,101,M3:REAL
M3-E03-1004,13,105,M3:REAL
M3-E03-1004,14,101,M3:REAL
M3-E03-1004,15,101,M3:REAL
M3-E03-1004,16,100,M3:REAL
M3-E03-1004,17,104,M3:REAL
M3-E03-1004,18,101,M3:REAL
M3-E03-1004,19,105,M3:REAL
M3-E03-1004,20,105,M3:REAL
M3-E03-1004,21,107,M3:REAL
M3-E03-1004,22,106,M3:REAL
M3-E03-1004,23,108,M3:REAL
M3-E03-1004,24,104,M3:REAL
M3-E03-1004,25,104,M3:REAL
M3-E03-1004,26,100,M3:REAL
M3-E03-1004,27,105,M3:REAL
M3-E03-1004,28,101,M3:REAL
M3-E03-1004,29,101,M3:REAL
M3-E03-1004,30,109,M3:REAL
M3-E03-1004,31,103,M3:REAL
M3-E03-1004,32,100,M3:REAL
M3-E03-1004,33,102,M3:REAL
M3-E03-1004,34,107,M3:REAL
M3-E03-1004,35,104,M3:REAL
M3-E03-1004,36,104,M3:REAL
M3-E03-1004,37,107,M3:REAL
M3-E03-1004,38,106,M3:REAL
M3-E03-1004,39,109,M3:REAL
M3-E03-1004,40,101,M3:REAL
M3-E03-1004,41,105,M3:REAL
M3-E03-1004,42,100,M3:REAL
M3-E03-1004,43,103,M3:REAL
M3-E03-1004,44,100,M3:REAL
M3-E03-1004,45,102,M3:REAL
M3-E03-1004,46,108,M3:REAL
M3-E03-1004,47,102,M3:REAL
M3-E03-1004,48,103,M3:REAL
M3-E03-1004,49,109,M3:REAL
M3-E03-1004,50,104,M3:REAL
M3-E03-1004,51,100,M3:REAL
M3-E03-1004,52,105,M3:REAL
M3-E03-1004,53,109,M3:REAL
M3-E03-1004,54,101,M3:REAL
M3-E03-1004,55,107,M3:REAL
M3-E03-1004,56,101,M3:REAL
M3-E03-1004,57,107,M3:REAL
M3-E03-1004,58,106,M3:REAL
M3-E03-1004,59,105,M3:REAL
M3-E03-1004,60,101,M3:REAL
M3-E03-1004,61,104,M3:REAL
M3-E03-1004,62,100,M3:REAL
M3-E03-1004,63,100,M3:REAL
M3-E03-1004,64,101,M3:REAL
M3-E03-1004,65,104,M3:REAL
M3-E03-1004,66,101,M3:REAL
M3-E03-1004,67,107,M3:REAL
M3-E03-1004,68,104,M3:REAL
M3-E03-1004,69,105,M3:REAL
M3-E03-1004,70,102,M3:REAL
M3-E03-1004,71,105,M3:REAL
M3-E03-1004,72,105,M3:REAL
M3-E03-1004,73,109,M3:REAL
M3-E03-1004,74,101,M3:REAL
M3-E03-1004,75,104,M3:REAL
M3-E03-1004,76,102,M3:REAL
M3-E03-1004,77,108,M3:REAL
M3-E03-1004,78,100,M3:REAL
M3-E03-1004,79,102,M3:REAL
M3-E03-1004,80,105,M3:REAL
M3-E03-1004,81,101,M3:REAL
M3-E03-1004,82,108,M3:REAL
M3-E03-1004,83,104,M3:REAL
M3-E03-1004,84,108,M3:REAL
M3-E03-1004,85,101,M3:REAL
M3-E03-1004,86,106,M3:REAL
M3-E03-1004,87,101,M3:REAL
M3-E03-1004,88,106,M3:REAL
M3-E03-1004,89,101,M3:REAL
M3-E03-1004,90,100,M3:REAL
M3-E03-1004,91,103,M3:REAL
M3-E03-1004,92,101,M3:REAL
M3-E03-1004,93,100,M3:REAL
M3-E03-1004,94,105,M3:REAL
M3-E03-1004,95,103,M3:REAL
M3-E03-1004,96,106,M3:REAL
M3-E03-1004,97,105,M3:REAL
M3-E03-1004,98,102,M3:REAL
M3-E03-1004,99,105,M3:REAL
PIR_REAL_100-E04-1004,0,17,PIR_REAL_100:REAL
PIR_REAL_100-E04-1004,1,17,PIR_REAL_100:REAL
PIR_REAL_100-E04-1004,2,17,PIR_REAL_100:REAL
PIR_REAL_100-E04-1004,3,17,PIR_REAL_100:REAL
PIR_REAL_100-E04-1004,4,17,PIR_REAL_100:REAL
PIR_REAL_100-E04-1004,5,17,PIR_REAL_100:REAL
PIR_REAL_100-E04-1004,6,17,PIR_REAL_100:REAL
PIR_REAL_100-E04-1004,7,17,PIR_REAL_100:REAL
PIR_REAL_100-E04-1004,8,17,PIR_REAL_100:REAL
PIR_REAL_100-E04-1004,9,17,PIR_REAL_100:REAL
PIR_REAL_100-E04-1004,10,17,PIR_REAL_100:REAL
PIR_REAL_100-E04-1004,11,17,PIR_REAL_100:REAL
PIR_REAL_100-E04-1004,12,17,PIR_REAL_100:REAL
PIR_REAL_100-E04-1004,13,17,PIR_REAL_100:REAL
PIR_REAL_100-E04-1004,14,17,PIR_REAL_100:REAL
PIR_REAL_100-E04-1004,15,17,PIR_REAL_100:REAL
PIR_REAL_100-E04-1004,16,17,PIR_REAL_100:REAL
PIR_REAL_100-E04-1004,17,17,PIR_REAL_100:REAL
PIR_REAL_100-E04-1004,18,17,PIR_REAL_100:REAL
PIR_REAL_100-E04-1004,19,17,PIR_REAL_100:REAL
PIR_REAL_100-E04-1004,20,17,PIR_REAL_100:REAL
PIR_REAL_100-E04-1004,21,17,PIR_REAL_100:REAL
PIR_REAL_100-E04-1004,22,17,PIR_REAL_100:REAL
PIR_REAL_100-E04-1004,23,17,PIR_REAL_100:REAL
PIR_REAL_100-E04-1004,24,17,PIR_REAL_100:REAL
PIR_REAL_100-E04-1004,25,17,PIR_REAL_100:REAL
PIR_REAL_100-E04-1004,26,17,PIR_REAL_100:REAL
PIR_REAL_100-E04-1004,27,17,PIR_REAL_100:REAL
PIR_REAL_100-E04-1004,28,17,PIR_REAL_100:REAL
PIR_REAL_100-E04-1004,29,17,PIR_REAL_100:REAL
PIR_REAL_100-E04-1004,30,17,PIR_REAL_100:REAL
PIR_REAL_100-E04-1004,31,17,PIR_REAL_100:REAL
PIR_REAL_100-E04-1004,32,17,PIR_REAL_100:REAL
PIR_REAL_100-E04-1004,33,17,PIR_REAL_100:REAL
PIR_REAL_100-E04-1004,34,17,PIR_REAL_100:REAL
PIR_REAL_100-E04-1004,35,17,PIR_REAL_100:REAL
PIR_REAL_100-E04-1004,36,17,PIR_REAL_100:REAL
PIR_REAL_100-E04-1004,37,17,PIR_REAL_100:REAL
PIR_REAL_100-E04-1004,38,17,PIR_REAL_100:REAL
PIR_REAL_100-E04-1004,39,17,PIR_REAL_100:REAL
PIR_REAL_100-E04-1004,40,17,PIR_REAL_100:REAL
PIR_REAL_100-E04-1004,41,17,PIR_REAL_100:REAL
PIR_REAL_100-E04-1004,42,17,PIR_REAL_100:REAL
PIR_REAL_100-E04-1004,43,17,PIR_REAL_100:REAL
PIR_REAL_100-E04-1004,44,17,PIR_REAL_100:REAL
PIR_REAL_100-E04-1004,45,17,PIR_REAL_100:REAL
PIR_REAL_100-E04-1004,46,17,PIR_REAL_100:REAL
PIR_REAL_100-E04-1004,47,17,PIR_REAL_100:REAL
PIR_REAL_100-E04-1004,48,17,PIR_REAL_100:REAL
PIR_REAL_100-E04-1004,49,17,PIR_REAL_100:REAL
PIR_REAL_100-E04-1004,50,17,PIR_REAL_100:REAL
PIR_REAL_100-E04-1004,51,17,PIR_REAL_100:REAL
PIR_REAL_100-E04-1004,52,17,PIR_REAL_100:REAL
PIR_REAL_100-E04-1004,53,17,PIR_REAL_100:REAL
PIR_REAL_100-E04-1004,54,17,PIR_REAL_100:REAL
PIR_REAL_100-E04-1004,55,17,PIR_REAL_100:REAL
PIR_REAL_100-E04-1004,56,17,PIR_REAL_100:REAL
PIR_REAL_100-E04-1004,57,17,PIR_REAL_100:REAL
PIR_REAL_100-E04-1004,58,17,PIR_REAL_100:REAL
PIR_REAL_100-E04-1004,59,17,PIR_REAL_100:REAL
PIR_REAL_100-E04-1004,60,17,PIR_REAL_100:REAL
PIR_REAL_100-E04-1004,61,17,PIR_REAL_100:REAL
PIR_REAL_100-E04-1004,62,17,PIR_REAL_100:REAL
PIR_REAL_100-E04-1004,63,17,PIR_REAL_100:REAL
PIR_REAL_100-E04-1004,64,17,PIR_REAL_100:REAL
PIR_REAL_100-E04-1004,65,17,PIR_REAL_100:REAL
PIR_REAL_100-E04-1004,66,17,PIR_REAL_100:REAL
PIR_REAL_100-E04-1004,67,17,PIR_REAL_100:REAL
PIR_REAL_100-E04-1004,68,17,PIR_REAL_100:REAL
PIR_REAL_100-E04-1004,69,17,PIR_REAL_100:REAL
PIR_REAL_100-E04-1004,70,17,PIR_REAL_100:REAL
PIR_REAL_100-E04-1004,71,17,PIR_REAL_100:REAL
PIR_REAL_100-E04-1004,72,17,PIR_REAL_100:REAL
PIR_REAL_100-E04-1004,73,17,PIR_REAL_100:REAL
PIR_REAL_100-E04-1004,74,17,PIR_REAL_100:REAL
PIR_REAL_100-E04-1004,75,17,PIR_REAL_100:REAL
PIR_REAL_100-E04-1004,76,17,PIR_REAL_100:REAL
PIR_REAL_100-E04-1004,77,17,PIR_REAL_100:REAL
PIR_REAL_100-E04-1004,78,17,PIR_REAL_100:REAL
PIR_REAL_100-E04-1004,79,17,PIR_REAL_100:REAL
PIR_REAL_100-E04-1004,80,17,PIR_REAL_100:REAL
PIR_REAL_100-E04-1004,81,17,PIR_REAL_100:REAL
PIR_REAL_100-E04-1004,82,17,PIR_REAL_100:REAL
PIR_REAL_100-E04-1004,83,17,PIR_REAL_100:REAL
PIR_REAL_100-E04-1004,84,17,PIR_REAL_100:REAL
PIR_REAL_100-E04-1004,85,17,PIR_REAL_100:REAL
PIR_REAL_100-E04-1004,86,17,PIR_REAL_100:REAL
PIR_REAL_100-E04-1004,87,17,PIR_REAL_100:REAL
PIR_REAL_100-E04-1004,88,17,PIR_REAL_100:REAL
PIR_REAL_100-E04-1004,89,17,PIR_REAL_100:REAL
PIR_REAL_100-E04-1004,90,17,PIR_REAL_100:REAL
PIR_REAL_100-E04-1004,91,17,PIR_REAL_100:REAL
PIR_REAL_100-E04-1004,92,17,PIR_REAL_100:REAL
PIR_REAL_100-E04-1004,93,17,PIR_REAL_100:REAL
PIR_REAL_100-E04-1004,94,17,PIR_REAL_100:REAL
PIR_REAL_100-E04-1004,95,17,PIR_REAL_100:REAL
PIR_REAL_100-E04-1004,96,17,PIR_REAL_100:REAL
PIR_REAL_100-E04-1004,97,17,PIR_REAL_100:REAL
PIR_REAL_100-E04-1004,98,17,PIR_REAL_100:REAL
PIR_REAL_100-E04-1004,99,17,PIR_REAL_100:REAL
M3-E04-1004,0,102,M3:REAL
M3-E04-1004,1,104,M3:REAL
M3-E04-1004,2,106,M3:REAL
M3-E04-1004,3,107,M3:REAL
M3-E04-1004,4,107,M3:REAL
M3-E04-1004,5,105,M3:REAL
M3-E04-1004,6,105,M3:REAL
M3-E04-1004,7,109,M3:REAL
M3-E04-1004,8,104,M3:REAL
M3-E04-1004,9,100,M3:REAL
M3-E04-1004,10,101,M3:REAL
M3-E04-1004,11,101,M3:REAL
M3-E04-1004,12,109,M3:REAL
M3-E04-1004,13,109,M3:REAL
M3-E04-1004,14,100,M3:REAL
M3-E04-1004,15,104,M3:REAL
M3-E04-1004,16,102,M3:REAL
M3-E04-1004,17,105,M3:REAL
M3-E04-1004,18,108,M3:REAL
M3-E04-1004,19,101,M3:REAL
M3-E04-1004,20,105,M3:REAL
M3-E04-1004,21,104,M3:REAL
M3-E04-1004,22,103,M3:REAL
M3-E04-1004,23,100,M3:REAL
M3-E04-1004,24,104,M3:REAL
M3-E04-1004,25,102,M3:REAL
M3-E04-1004,26,102,M3:REAL
M3-E04-1004,27,107,M3:REAL
M3-E04-1004,28,102,M3:REAL
M3-E04-1004,29,101,M3:REAL
M3-E04-1004,30,106,M3:REAL
M3-E04-1004,31,106,M3:REAL
M3-E04-1004,32,105,M3:REAL
M3-E04-1004,33,101,M3:REAL
M3-E04-1004,34,105,M3:REAL
M3-E04-1004,35,106,M3:REAL
M3-E04-1004,36,102,M3:REAL
M3-E04-1004,37,109,M3:REAL
M3-E04-1004,38,108,M3:REAL
M3-E04-1004,39,107,M3:REAL
M3-E04-1004,40,107,M3:REAL
M3-E04-1004,41,103,M3:REAL
M3-E04-1004,42,101,M3:REAL
M3-E04-1004,43,109,M3:REAL
M3-E04-1004,44,100,M3:REAL
M3-E04-1004,45,104,M3:REAL
M3-E04-1004,46,107,M3:REAL
M3-E04-1004,47,108,M3:REAL
M3-E04-1004,48,103,M3:REAL
M3-E04-1004,49,104,M3:REAL
M3-E04-1004,50,102,M3:REAL
M3-E04-1004,51,103,M3:REAL
M3-E04-1004,52,105,M3:REAL
M3-E04-1004,53,103,M3:REAL
M3-E04-1004,54,104,M3:REAL
M3-E04-1004,55,105,M3:REAL
M3-E04-1004,56,101,M3:REAL
M3-E04-1004,57,107,M3:REAL
M3-E04-1004,58,101,M3:REAL
M3-E04-1004,59,105,M3:REAL
M3-E04-1004,60,109,M3:REAL
M3-E04-1004,61,108,M3:REAL
M3-E04-1004,62,108,M3:REAL
M3-E04-1004,63,109,M3:REAL
M3-E04-1004,64,104,M3:REAL
M3-E04-1004,65,109,M3:REAL
M3-E04-1004,66,100,M3:REAL
M3-E04-1004,67,103,M3:REAL
M3-E04-1004,68,107,M3:REAL
M3-E04-1004,69,107,M3:REAL
M3-E04-1004,70,102,M3:REAL
M3-E04-1004,71,106,M3:REAL
M3-E04-1004,72,106,M3:REAL
M3-E04-1004,73,103,M3:REAL
M3-E04-1004,74,101,M3:REAL
M3-E04-1004,75,102,M3:REAL
M3-E04-1004,76,109,M3:REAL
M3-E04-1004,77,100,M3:REAL
M3-E04-1004,78,104,M3:REAL
M3-E04-1004,79,106,M3:REAL
M3-E04-1004,80,105,M3:REAL
M3-E04-1004,81,102,M3:REAL
M3-E04-1004,82,103,M3:REAL
M3-E04-1004,83,105,M3:REAL
M3-E04-1004,84,106,M3:REAL
M3-E04-1004,85,103,M3:REAL
M3-E04-1004,86,104,M3:REAL
M3-E04-1004,87,100,M3:REAL
M3-E04-1004,88,109,M3:REAL
M3-E04-1004,89,108,M3:REAL
M3-E04-1004,90,106,M3:REAL
M3-E04-1004,91,107,M3:REAL
M3-E04-1004,92,107,M3:REAL
M3-E04-1004,93,106,M3:REAL
M3-E04-1004,94,107,M3:REAL
M3-E04-1004,95,109,M3:REAL
M3-E04-1004,96,105,M3:REAL
M3-E04-1004,97,107,M3:REAL
M3-E04-1004,98,100,M3:REAL
M3-E04-1004,99,101,M3:REAL
M4-E03-1004,0,10,M4:REAL
M4-E03-1004,1,11,M4:REAL
M4-E03-1004,2,10,M4:REAL
M4-E03-1004,3,11,M4:REAL
M4-E03-1004,4,10,M4:REAL
M4-E03-1004,5,11,M4:REAL
M4-E03-1004,6,10,M4:REAL
M4-E03-1004,7,11,M4:REAL
M4-E03-1004,8,10,M4:REAL
M4-E03-1004,9,11,M4:REAL
M4-E03-1004,10,10,M4:REAL
M4-E03-1004,11,11,M4:REAL
M4-E03-1004,12,10,M4:REAL
M4-E03-1004,13,11,M4:REAL
M4-E03-1004,14,10,M4:REAL
M4-E03-1004,15,11,M4:REAL
M4-E03-1004,16,10,M4:REAL
M4-E03-1004,17,11,M4:REAL
M4-E03-1004,18,10,M4:REAL
M4-E03-1004,19,11,M4:REAL
M4-E03-1004,20,10,M4:REAL
M4-E03-1004,21,11,M4:REAL
M4-E03-1004,22,10,M4:REAL
M4-E03-1004,23,11,M4:REAL
M4-E03-1004,24,10,M4:REAL
M4-E03-1004,25,11,M4:REAL
M4-E03-1004,26,10,M4:REAL
M4-E03-1004,27,11,M4:REAL
M4-E03-1004,28,10,M4:REAL
M4-E03-1004,29,11,M4:REAL
M4-E03-1004,30,10,M4:REAL
M4-E03-1004,31,11,M4:REAL
M4-E03-1004,32,10,M4:REAL
M4-E03-1004,33,11,M4:REAL
M4-E03-1004,34,10,M4:REAL
M4-E03-1004,35,11,M4:REAL
M4-E03-1004,36,10,M4:REAL
M4-E03-1004,37,11,M4:REAL
M4-E03-1004,38,10,M4:REAL
M4-E03-1004,39,11,M4:REAL
M4-E03-1004,40,10,M4:REAL
M4-E03-1004,41,11,M4:REAL
M4-E03-1004,42,10,M4:REAL
M4-E03-1004,43,11,M4:REAL
M4-E03-1004,44,10,M4:REAL
M4-E03-1004,45,11,M4:REAL
M4-E03-1004,46,10,M4:REAL
M4-E03-1004,47,11,M4:REAL
M4-E03-1004,48,10,M4:REAL
M4-E03-1004,49,11,M4:REAL
M4-E03-1004,50,10,M4:REAL
M4-E03-1004,51,11,M4:REAL
M4-E03-1004,52,10,M4:REAL
M4-E03-1004,53,11,M4:REAL
M4-E03-1004,54,10,M4:REAL
M4-E03-1004,55,11,M4:REAL
M4-E03-1004,56,10,M4:REAL
M4-E03-1004,57,11,M4:REAL
M4-E03-1004,58,10,M4:REAL
M4-E03-1004,59,11,M4:REAL
M4-E03-1004,60,10,M4:REAL
M4-E03-1004,61,11,M4:REAL
M4-E03-1004,62,10,M4:REAL
M4-E03-1004,63,11,M4:REAL
M4-E03-1004,64,10,M4:REAL
M4-E03-1004,65,11,M4:REAL
M4-E03-1004,66,10,M4:REAL
M4-E03-1004,67,11,M4:REAL
M4-E03-1004,68,10,M4:REAL
M4-E03-1004,69,11,M4:REAL
M4-E03-1004,70,10,M4:REAL
M4-E03-1004,71,11,M4:REAL
M4-E03-1004,72,10,M4:REAL
M4-E03-1004,73,11,M4:REAL
M4-E03-1004,74,10,M4:REAL
M4-E03-1004,75,11,M4:REAL
M4-E03-1004,76,10,M4:REAL
M4-E03-1004,77,11,M4:REAL
M4-E03-1004,78,10,M4:REAL
M4-E03-1004,79,11,M4:REAL
M4-E03-1004,80,10,M4:REAL
M4-E03-1004,81,11,M4:REAL
M4-E03-1004,82,10,M4:REAL
M4-E03-1004,83,11,M4:REAL
M4-E03-1004,84,10,M4:REAL
M4-E03-1004,85,11,M4:REAL
M4-E03-1004,86,10,M4:REAL
M4-E03-1004,87,11,M4:REAL
M4-E03-1004,88,10,M4:REAL
M4-E03-1004,89,11,M4:REAL
M4-E03-1004,90,10,M4:REAL
M4-E03-1004,91,11,M4:REAL
M4-E03-1004,92,10,M4:REAL
M4-E03-1004,93,11,M4:REAL
M4-E03-1004,94,10,M4:REAL
M4-E03-1004,95,11,M4:REAL
M4-E03-1004,96,10,M4:REAL
M4-E03-1004,97,11,M4:REAL
M4-E03-1004,98,10,M4:REAL
M4-E03-1004,99,11,M4:REAL
M0-E01-1004,0,17,M0:REAL
M0-E01-1004,1,17,M0:REAL
M0-E01-1004,2,17,M0:REAL
M0-E01-1004,3,17,M0:REAL
M0-E01-1004,4,17,M0:REAL
M0-E01-1004,5,17,M0:REAL
M0-E01-1004,6,17,M0:REAL
M0-E01-1004,7,17,M0:REAL
M0-E01-1004,8,17,M0:REAL
M0-E01-1004,9,17,M0:REAL
M0-E01-1004,10,17,M0:REAL
M0-E01-1004,11,17,M0:REAL
M0-E01-1004,12,17,M0:REAL
M0-E01-1004,13,17,M0:REAL
M0-E01-1004,14,17,M0:REAL
M0-E01-1004,15,17,M0:REAL
M0-E01-1004,16,17,M0:REAL
M0-E01-1004,17,17,M0:REAL
M0-E01-1004,18,17,M0:REAL
M0-E01-1004,19,17,M0:REAL
M0-E01-1004,20,17,M0:REAL
M0-E01-1004,21,17,M0:REAL
M0-E01-1004,22,17,M0:REAL
M0-E01-1004,23,17,M0:REAL
M0-E01-1004,24,17,M0:REAL
M0-E01-1004,25,17,M0:REAL
M0-E01-1004,26,17,M0:REAL
M0-E01-1004,27,17,M0:REAL
M0-E01-1004,28,17,M0:REAL
M0-E01-1004,29,17,M0:REAL
M0-E01-1004,30,17,M0:REAL
M0-E01-1004,31,17,M0:REAL
M0-E01-1004,32,17,M0:REAL
M0-E01-1004,33,17,M0:REAL
M0-E01-1004,34,17,M0:REAL
M0-E01-1004,35,17,M0:REAL
M0-E01-1004,36,17,M0:REAL
M0-E01-1004,37,17,M0:REAL
M0-E01-1004,38,17,M0:REAL
M0-E01-1004,39,17,M0:REAL
M0-E01-1004,40,17,M0:REAL
M0-E01-1004,41,17,M0:REAL
M0-E01-1004,42,17,M0:REAL
M0-E01-1004,43,17,M0:REAL
M0-E01-1004,44,17,M0:REAL
M0-E01-1004,45,17,M0:REAL
M0-E01-1004,46,17,M0:REAL
M0-E01-1004,47,17,M0:REAL
M0-E01-1004,48,17,M0:REAL
M0-E01-1004,49,17,M0:REAL
M0-E01-1004,50,17,M0:REAL
M0-E01-1004,51,17,M0:REAL
M0-E01-1004,52,17,M0:REAL
M0-E01-1004,53,17,M0:REAL
M0-E01-1004,54,17,M0:REAL
M0-E01-1004,55,17,M0:REAL
M0-E01-1004,56,17,M0:REAL
M0-E01-1004,57,17,M0:REAL
M0-E01-1004,58,17,M0:REAL
M0-E01-1004,59,17,M0:REAL
M0-E01-1004,60,17,M0:REAL
M0-E01-1004,61,17,M0:REAL
M0-E01-1004,62,17,M0:REAL
M0-E01-1004,63,17,M0:REAL
M0-E01-1004,64,17,M0:REAL
M0-E01-1004,65,17,M0:REAL
M0-E01-1004,66,17,M0:REAL
M0-E01-1004,67,17,M0:REAL
M0-E01-1004,68,17,M0:REAL
M0-E01-1004,69,17,M0:REAL
M0-E01-1004,70,17,M0:REAL
M0-E01-1004,71,17,M0:REAL
M0-E01-1004,72,17,M0:REAL
M0-E01-1004,73,17,M0:REAL
M0-E01-1004,74,17,M0:REAL
M0-E01-1004,75,17,M0:REAL
M0-E01-1004,76,17,M0:REAL
M0-E01-1004,77,17,M0:REAL
M0-E01-1004,78,17,M0:REAL
M0-E01-1004,79,17,M0:REAL
M0-E01-1004,80,17,M0:REAL
M0-E01-1004,81,17,M0:REAL
M0-E01-1004,82,17,M0:REAL
M0-E01-1004,83,17,M0:REAL
M0-E01-1004,84,17,M0:REAL
M0-E01-1004,85,17,M0:REAL
M0-E01-1004,86,17,M0:REAL
M0-E01-1004,87,17,M0:REAL
M0-E01-1004,88,17,M0:REAL
M0-E01-1004,89,17,M0:REAL
M0-E01-1004,90,17,M0:REAL
M0-E01-1004,91,17,M0:REAL
M0-E01-1004,92,17,M0:REAL
M0-E01-1004,93,17,M0:REAL
M0-E01-1004,94,17,M0:REAL
M0-E01-1004,95,17,M0:REAL
M0-E01-1004,96,17,M0:REAL
M0-E01-1004,97,17,M0:REAL
M0-E01-1004,98,17,M0:REAL
M0-E01-1004,99,17,M0:REAL
M0-E05-1004,0,17,M0:REAL
M0-E05-1004,1,17,M0:REAL
M0-E05-1004,2,17,M0:REAL
M0-E05-1004,3,17,M0:REAL
M0-E05-1004,4,17,M0:REAL
M0-E05-1004,5,17,M0:REAL
M0-E05-1004,6,17,M0:REAL
M0-E05-1004,7,17,M0:REAL
M0-E05-1004,8,17,M0:REAL
M0-E05-1004,9,17,M0:REAL
M0-E05-1004,10,17,M0:REAL
M0-E05-1004,11,17,M0:REAL
M0-E05-1004,12,17,M0:REAL
M0-E05-1004,13,17,M0:REAL
M0-E05-1004,14,17,M0:REAL
M0-E05-1004,15,17,M0:REAL
M0-E05-1004,16,17,M0:REAL
M0-E05-1004,17,17,M0:REAL
M0-E05-1004,18,17,M0:REAL
M0-E05-1004,19,17,M0:REAL
M0-E05-1004,20,17,M0:REAL
M0-E05-1004,21,17,M0:REAL
M0-E05-1004,22,17,M0:REAL
M0-E05-1004,23,17,M0:REAL
M0-E05-1004,24,17,M0:REAL
M0-E05-1004,25,17,M0:REAL
M0-E05-1004,26,17,M0:REAL
M0-E05-1004,27,17,M0:REAL
M0-E05-1004,28,17,M0:REAL
M0-E05-1004,29,17,M0:REAL
M0-E05-1004,30,17,M0:REAL
M0-E05-1004,31,17,M0:REAL
M0-E05-1004,32,17,M0:REAL
M0-E05-1004,33,17,M0:REAL
M0-E05-1004,34,17,M0:REAL
M0-E05-1004,35,17,M0:REAL
M0-E05-1004,36,17,M0:REAL
M0-E05-1004,37,17,M0:REAL
M0-E05-1004,38,17,M0:REAL
M0-E05-1004,39,17,M0:REAL
M0-E05-1004,40,17,M0:REAL
M0-E05-1004,41,17,M0:REAL
M0-E05-1004,42,17,M0:REAL
M0-E05-1004,43,17,M0:REAL
M0-E05-1004,44,17,M0:REAL
M0-E05-1004,45,17,M0:REAL
M0-E05-1004,46,17,M0:REAL
M0-E05-1004,47,17,M0:REAL
M0-E05-1004,48,17,M0:REAL
M0-E05-1004,49,17,M0:REAL
M0-E05-1004,50,17,M0:REAL
M0-E05-1004,51,17,M0:REAL
M0-E05-1004,52,17,M0:REAL
M0-E05-1004,53,17,M0:REAL
M0-E05-1004,54,17,M0:REAL
M0-E05-1004,55,17,M0:REAL
M0-E05-1004,56,17,M0:REAL
M0-E05-1004,57,17,M0:REAL
M0-E05-1004,58,17,M0:REAL
M0-E05-1004,59,17,M0:REAL
M0-E05-1004,60,17,M0:REAL
M0-E05-1004,61,17,M0:REAL
M0-E05-1004,62,17,M0:REAL
M0-E05-1004,63,17,M0:REAL
M0-E05-1004,64,17,M0:REAL
M0-E05-1004,65,17,M0:REAL
M0-E05-1004,66,17,M0:REAL
M0-E05-1004,67,17,M0:REAL
M0-E05-1004,68,17,M0:REAL
M0-E05-1004,69,17,M0:REAL
M0-E05-1004,70,17,M0:REAL
M0-E05-1004,71,17,M0:REAL
M0-E05-1004,72,17,M0:REAL
M0-E05-1004,73,17,M0:REAL
M0-E05-1004,74,17,M0:REAL
M0-E05-1004,75,17,M0:REAL
M0-E05-1004,76,17,M0:REAL
M0-E05-1004,77,17,M0:REAL
M0-E05-1004,78,17,M0:REAL
M0-E05-1004,79,17,M0:REAL
M0-E05-1004,80,17,M0:REAL
M0-E05-1004,81,17,M0:REAL
M0-E05-1004,82,17,M0:REAL
M0-E05-1004,83,17,M0:REAL
M0-E05-1004,84,17,M0:REAL
M0-E05-1004,85,17,M0:REAL
M0-E05-1004,86,17,M0:REAL
M0-E05-1004,87,17,M0:REAL
M0-E05-1004,88,17,M0:REAL
M0-E05-1004,89,17,M0:REAL
M0-E05-1004,90,17,M0:REAL
M0-E05-1004,91,17,M0:REAL
M0-E05-1004,92,17,M0:REAL
M0-E05-1004,93,17,M0:REAL
M0-E05-1004,94,17,M0:REAL
M0-E05-1004,95,17,M0:REAL
M0-E05-1004,96,17,M0:REAL
M0-E05-1004,97,17,M0:REAL
M0-E05-1004,98,17,M0:REAL
M0-E05-1004,99,17,M0:REAL
M5-E03-1004,0,10,M5:REAL
M5-E03-1004,1,12,M5:REAL
M5-E03-1004,2,10,M5:REAL
M5-E03-1004,3,12,M5:REAL
M5-E03-1004,4,10,M5:REAL
M5-E03-1004,5,12,M5:REAL
M5-E03-1004,6,10,M5:REAL
M5-E03-1004,7,12,M5:REAL
M5-E03-1004,8,10,M5:REAL
M5-E03-1004,9,12,M5:REAL
M5-E03-1004,10,10,M5:REAL
M5-E03-1004,11,12,M5:REAL
M5-E03-1004,12,10,M5:REAL
M5-E03-1004,13,12,M5:REAL
M5-E03-1004,14,10,M5:REAL
M5-E03-1004,15,12,M5:REAL
M5-E03-1004,16,10,M5:REAL
M5-E03-1004,17,12,M5:REAL
M5-E03-1004,18,10,M5:REAL
M5-E03-1004,19,12,M5:REAL
M5-E03-1004,20,10,M5:REAL
M5-E03-1004,21,12,M5:REAL
M5-E03-1004,22,10,M5:REAL
M5-E03-1004,23,12,M5:REAL
M5-E03-1004,24,10,M5:REAL
M5-E03-1004,25,12,M5:REAL
M5-E03-1004,26,10,M5:REAL
M5-E03-1004,27,12,M5:REAL
M5-E03-1004,28,10,M5:REAL
M5-E03-1004,29,12,M5:REAL
M5-E03-1004,30,10,M5:REAL
M5-E03-1004,31,12,M5:REAL
M5-E03-1004,32,10,M5:REAL
M5-E03-1004,33,12,M5:REAL
M5-E03-1004,34,10,M5:REAL
M5-E03-1004,35,12,M5:REAL
M5-E03-1004,36,10,M5:REAL
M5-E03-1004,37,12,M5:REAL
M5-E03-1004,38,10,M5:REAL
M5-E03-1004,39,12,M5:REAL
M5-E03-1004,40,10,M5:REAL
M5-E03-1004,41,12,M5:REAL
M5-E03-1004,42,10,M5:REAL
M5-E03-1004,43,12,M5:REAL
M5-E03-1004,44,10,M5:REAL
M5-E03-1004,45,12,M5:REAL
M5-E03-1004,46,10,M5:REAL
M5-E03-1004,47,12,M5:REAL
M5-E03-1004,48,10,M5:REAL
M5-E03-1004,49,12,M5:REAL
M5-E03-1004,50,10,M5:REAL
M5-E03-1004,51,12,M5:REAL
M5-E03-1004,52,10,M5:REAL
M5-E03-1004,53,12,M5:REAL
M5-E03-1004,54,10,M5:REAL
M5-E03-1004,55,12,M5:REAL
M5-E03-1004,56,10,M5:REAL
M5-E03-1004,57,12,M5:REAL
M5-E03-1004,58,10,M5:REAL
M5-E03-1004,59,12,M5:REAL
M5-E03-1004,60,10,M5:REAL
M5-E03-1004,61,12,M5:REAL
M5-E03-1004,62,10,M5:REAL
M5-E03-1004,63,12,M5:REAL
M5-E03-1004,64,10,M5:REAL
M5-E03-1004,65,12,M5:REAL
M5-E03-1004,66,10,M5:REAL
M5-E03-1004,67,12,M5:REAL
M5-E03-1004,68,10,M5:REAL
M5-E03-1004,69,12,M5:REAL
M5-E03-1004,70,10,M5:REAL
M5-E03-1004,71,12,M5:REAL
M5-E03-1004,72,10,M5:REAL
M5-E03-1004,73,12,M5:REAL
M5-E03-1004,74,10,M5:REAL
M5-E03-1004,75,12,M5:REAL
M5-E03-1004,76,10,M5:REAL
M5-E03-1004,77,12,M5:REAL
M5-E03-1004,78,10,M5:REAL
M5-E03-1004,79,12,M5:REAL
M5-E03-1004,80,10,M5:REAL
M5-E03-1004,81,12,M5:REAL
M5-E03-1004,82,10,M5:REAL
M5-E03-1004,83,12,M5:REAL
M5-E03-1004,84,10,M5:REAL
M5-E03-1004,85,12,M5:REAL
M5-E03-1004,86,10,M5:REAL
M5-E03-1004,87,12,M5:REAL
M5-E03-1004,88,10,M5:REAL
M5-E03-1004,89,12,M5:REAL
M5-E03-1004,90,10,M5:REAL
M5-E03-1004,91,12,M5:REAL
M5-E03-1004,92,10,M5:REAL
M5-E03-1004,93,12,M5:REAL
M5-E03-1004,94,10,M5:REAL
M5-E03-1004,95,12,M5:REAL
M5-E03-1004,96,10,M5:REAL
M5-E03-1004,97,12,M5:REAL
M5-E03-1004,98,10,M5:REAL
M5-E03-1004,99,12,M5:REAL
M0-E00-1004,0,17,M0:REAL
M0-E00-1004,1,17,M0:REAL
M0-E00-1004,2,17,M0:REAL
M0-E00-1004,3,17,M0:REAL
M0-E00-1004,4,17,M0:REAL
M0-E00-1004,5,17,M0:REAL
M0-E00-1004,6,17,M0:REAL
M0-E00-1004,7,17,M0:REAL
M0-E00-1004,8,17,M0:REAL
M0-E00-1004,9,17,M0:REAL
M0-E00-1004,10,17,M0:REAL
M0-E00-1004,11,17,M0:REAL
M0-E00-1004,12,17,M0:REAL
M0-E00-1004,13,17,M0:REAL
M0-E00-1004,14,17,M0:REAL
M0-E00-1004,15,17,M0:REAL
M0-E00-1004,16,17,M0:REAL
M0-E00-1004,17,17,M0:REAL
M0-E00-1004,18,17,M0:REAL
M0-E00-1004,19,17,M0:REAL
M0-E00-1004,20,17,M0:REAL
M0-E00-1004,21,17,M0:REAL
M0-E00-1004,22,17,M0:REAL
M0-E00-1004,23,17,M0:REAL
M0-E00-1004,24,17,M0:REAL
M0-E00-1004,25,17,M0:REAL
M0-E00-1004,26,17,M0:REAL
M0-E00-1004,27,17,M0:REAL
M0-E00-1004,28,17,M0:REAL
M0-E00-1004,29,17,M0:REAL
M0-E00-1004,30,17,M0:REAL
M0-E00-1004,31,17,M0:REAL
M0-E00-1004,32,17,M0:REAL
M0-E00-1004,33,17,M0:REAL
M0-E00-1004,34,17,M0:REAL
M0-E00-1004,35,17,M0:REAL
M0-E00-1004,36,17,M0:REAL
M0-E00-1004,37,17,M0:REAL
M0-E00-1004,38,17,M0:REAL
M0-E00-1004,39,17,M0:REAL
M0-E00-1004,40,17,M0:REAL
M0-E00-1004,41,17,M0:REAL
M0-E00-1004,42,17,M0:REAL
M0-E00-1004,43,17,M0:REAL
M0-E00-1004,44,17,M0:REAL
M0-E00-1004,45,17,M0:REAL
M0-E00-1004,46,17,M0:REAL
M0-E00-1004,47,17,M0:REAL
M0-E00-1004,48,17,M0:REAL
M0-E00-1004,49,17,M0:REAL
M0-E00-1004,50,17,M0:REAL
M0-E00-1004,51,17,M0:REAL
M0-E00-1004,52,17,M0:REAL
M0-E00-1004,53,17,M0:REAL
M0-E00-1004,54,17,M0:REAL
M0-E00-1004,55,17,M0:REAL
M0-E00-1004,56,17,M0:REAL
M0-E00-1004,57,17,M0:REAL
M0-E00-1004,58,17,M0:REAL
M0-E00-1004,59,17,M0:REAL
M0-E00-1004,60,17,M0:REAL
M0-E00-1004,61,17,M0:REAL
M0-E00-1004,62,17,M0:REAL
M0-E00-1004,63,17,M0:REAL
M0-E00-1004,64,17,M0:REAL
M0-E00-1004,65,17,M0:REAL
M0-E00-1004,66,17,M0:REAL
M0-E00-1004,67,17,M0:REAL
M0-E00-1004,68,17,M0:REAL
M0-E00-1004,69,17,M0:REAL
M0-E00-1004,70,17,M0:REAL
M0-E00-1004,71,17,M0:REAL
M0-E00-1004,72,17,M0:REAL
M0-E00-1004,73,17,M0:REAL
M0-E00-1004,74,17,M0:REAL
M0-E00-1004,75,17,M0:REAL
M0-E00-1004,76,17,M0:REAL
M0-E00-1004,77,17,M0:REAL
M0-E00-1004,78,17,M0:REAL
M0-E00-1004,79,17,M0:REAL
M0-E00-1004,80,17,M0:REAL
M0-E00-1004,81,17,M0:REAL
M0-E00-1004,82,17,M0:REAL
M0-E00-1004,83,17,M0:REAL
M0-E00-1004,84,17,M0:REAL
M0-E00-1004,85,17,M0:REAL
M0-E00-1004,86,17,M0:REAL
M0-E00-1004,87,17,M0:REAL
M0-E00-1004,88,17,M0:REAL
M0-E00-1004,89,17,M0:REAL
M0-E00-1004,90,17,M0:REAL
M0-E00-1004,91,17,M0:REAL
M0-E00-1004,92,17,M0:REAL
M0-E00-1004,93,17,M0:REAL
M0-E00-1004,94,17,M0:REAL
M0-E00-1004,95,17,M0:REAL
M0-E00-1004,96,17,M0:REAL
M0-E00-1004,97,17,M0:REAL
M0-E00-1004,98,17,M0:REAL
M0-E00-1004,99,17,M0:REAL
M1-E03-1004,0,17,M1:REAL
M1-E03-1004,1,17,M1:REAL
M1-E03-1004,2,17,M1:REAL
M1-E03-1004,3,17,M1:REAL
M1-E03-1004,4,17,M1:REAL
M1-E03-1004,5,17,M1:REAL
M1-E03-1004,6,17,M1:REAL
M1-E03-1004,7,17,M1:REAL
M1-E03-1004,8,17,M1:REAL
M1-E03-1004,9,17,M1:REAL
M1-E03-1004,10,17,M1:REAL
M1-E03-1004,11,17,M1:REAL
M1-E03-1004,12,17,M1:REAL
M1-E03-1004,13,17,M1:REAL
M1-E03-1004,14,17,M1:REAL
M1-E03-1004,15,17,M1:REAL
M1-E03-1004,16,17,M1:REAL
M1-E03-1004,17,17,M1:REAL
M1-E03-1004,18,17,M1:REAL
M1-E03-1004,19,17,M1:REAL
M1-E03-1004,20,17,M1:REAL
M1-E03-1004,21,17,M1:REAL
M1-E03-1004,22,17,M1:REAL
M1-E03-1004,23,17,M1:REAL
M1-E03-1004,24,17,M1:REAL
M1-E03-1004,25,17,M1:REAL
M1-E03-1004,26,17,M1:REAL
M1-E03-1004,27,17,M1:REAL
M1-E03-1004,28,17,M1:REAL
M1-E03-1004,29,17,M1:REAL
M1-E03-1004,30,17,M1:REAL
M1-E03-1004,31,17,M1:REAL
M1-E03-1004,32,17,M1:REAL
M1-E03-1004,33,17,M1:REAL
M1-E03-1004,34,17,M1:REAL
M1-E03-1004,35,17,M1:REAL
M1-E03-1004,36,17,M1:REAL
M1-E03-1004,37,17,M1:REAL
M1-E03-1004,38,17,M1:REAL
M1-E03-1004,39,17,M1:REAL
M1-E03-1004,40,17,M1:REAL
M1-E03-1004,41,17,M1:REAL
M1-E03-1004,42,17,M1:REAL
M1-E03-1004,43,17,M1:REAL
M1-E03-1004,44,17,M1:REAL
M1-E03-1004,45,17,M1:REAL
M1-E03-1004,46,17,M1:REAL
M1-E03-1004,47,17,M1:REAL
M1-E03-1004,48,17,M1:REAL
M1-E03-1004,49,17,M1:REAL
M1-E03-1004,50,17,M1:REAL
M1-E03-1004,51,17,M1:REAL
M1-E03-1004,52,17,M1:REAL
M1-E03-1004,53,17,M1:REAL
M1-E03-1004,54,17,M1:REAL
M1-E03-1004,55,17,M1:REAL
M1-E03-1004,56,17,M1:REAL
M1-E03-1004,57,17,M1:REAL
M1-E03-1004,58,17,M1:REAL
M1-E03-1004,59,17,M1:REAL
M1-E03-1004,60,17,M1:REAL
M1-E03-1004,61,17,M1:REAL
M1-E03-1004,62,17,M1:REAL
M1-E03-1004,63,17,M1:REAL
M1-E03-1004,64,17,M1:REAL
M1-E03-1004,65,17,M1:REAL
M1-E03-1004,66,17,M1:REAL
M1-E03-1004,67,17,M1:REAL
M1-E03-1004,68,17,M1:REAL
M1-E03-1004,69,17,M1:REAL
M1-E03-1004,70,17,M1:REAL
M1-E03-1004,71,17,M1:REAL
M1-E03-1004,72,17,M1:REAL
M1-E03-1004,73,17,M1:REAL
M1-E03-1004,74,17,M1:REAL
M1-E03-1004,75,17,M1:REAL
M1-E03-1004,76,17,M1:REAL
M1-E03-1004,77,17,M1:REAL
M1-E03-1004,78,23,M1:REAL
M1-E03-1004,79,17,M1:REAL
M1-E03-1004,80,17,M1:REAL
M1-E03-1004,81,17,M1:REAL
M1-E03-1004,82,17,M1:REAL
M1-E03-1004,83,17,M1:REAL
M1-E03-1004,84,17,M1:REAL
M1-E03-1004,85,17,M1:REAL
M1-E03-1004,86,17,M1:REAL
M1-E03-1004,87,17,M1:REAL
M1-E03-1004,88,17,M1:REAL
M1-E03-1004,89,17,M1:REAL
M1-E03-1004,90,17,M1:REAL
M1-E03-1004,91,17,M1:REAL
M1-E03-1004,92,17,M1:REAL
M1-E03-1004,93,17,M1:REAL
M1-E03-1004,94,17,M1:REAL
M1-E03-1004,95,17,M1:REAL
M1-E03-1004,96,17,M1:REAL
M1-E03-1004,97,17,M1:REAL
M1-E03-1004,98,17,M1:REAL
M1-E03-1004,99,17,M1:REAL
PIR_REAL_100-E05-1004,0,17,PIR_REAL_100:REAL
PIR_REAL_100-E05-1004,1,17,PIR_REAL_100:REAL
PIR_REAL_100-E05-1004,2,17,PIR_REAL_100:REAL
PIR_REAL_100-E05-1004,3,17,PIR_REAL_100:REAL
PIR_REAL_100-E05-1004,4,17,PIR_REAL_100:REAL
PIR_REAL_100-E05-1004,5,17,PIR_REAL_100:REAL
PIR_REAL_100-E05-1004,6,17,PIR_REAL_100:REAL
PIR_REAL_100-E05-1004,7,17,PIR_REAL_100:REAL
PIR_REAL_100-E05-1004,8,17,PIR_REAL_100:REAL
PIR_REAL_100-E05-1004,9,17,PIR_REAL_100:REAL
PIR_REAL_100-E05-1004,10,17,PIR_REAL_100:REAL
PIR_REAL_100-E05-1004,11,17,PIR_REAL_100:REAL
PIR_REAL_100-E05-1004,12,17,PIR_REAL_100:REAL
PIR_REAL_100-E05-1004,13,17,PIR_REAL_100:REAL
PIR_REAL_100-E05-1004,14,17,PIR_REAL_100:REAL
PIR_REAL_100-E05-1004,15,17,PIR_REAL_100:REAL
PIR_REAL_100-E05-1004,16,17,PIR_REAL_100:REAL
PIR_REAL_100-E05-1004,17,17,PIR_REAL_100:REAL
PIR_REAL_100-E05-1004,18,17,PIR_REAL_100:REAL
PIR_REAL_100-E05-1004,19,17,PIR_REAL_100:REAL
PIR_REAL_100-E05-1004,20,17,PIR_REAL_100:REAL
PIR_REAL_100-E05-1004,21,17,PIR_REAL_100:REAL
PIR_REAL_100-E05-1004,22,17,PIR_REAL_100:REAL
PIR_REAL_100-E05-1004,23,17,PIR_REAL_100:REAL
PIR_REAL_100-E05-1004,24,17,PIR_REAL_100:REAL
PIR_REAL_100-E05-1004,25,17,PIR_REAL_100:REAL
PIR_REAL_100-E05-1004,26,17,PIR_REAL_100:REAL
PIR_REAL_100-E05-1004,27,17,PIR_REAL_100:REAL
PIR_REAL_100-E05-1004,28,17,PIR_REAL_100:REAL
PIR_REAL_100-E05-1004,29,17,PIR_REAL_100:REAL
PIR_REAL_100-E05-1004,30,17,PIR_REAL_100:REAL
PIR_REAL_100-E05-1004,31,17,PIR_REAL_100:REAL
PIR_REAL_100-E05-1004,32,17,PIR_REAL_100:REAL
PIR_REAL_100-E05-1004,33,17,PIR_REAL_100:REAL
PIR_REAL_100-E05-1004,34,17,PIR_REAL_100:REAL
PIR_REAL_100-E05-1004,35,17,PIR_REAL_100:REAL
PIR_REAL_100-E05-1004,36,17,PIR_REAL_100:REAL
PIR_REAL_100-E05-1004,37,17,PIR_REAL_100:REAL
PIR_REAL_100-E05-1004,38,17,PIR_REAL_100:REAL
PIR_REAL_100-E05-1004,39,17,PIR_REAL_100:REAL
PIR_REAL_100-E05-1004,40,17,PIR_REAL_100:REAL
PIR_REAL_100-E05-1004,41,17,PIR_REAL_100:REAL
PIR_REAL_100-E05-1004,42,17,PIR_REAL_100:REAL
PIR_REAL_100-E05-1004,43,17,PIR_REAL_100:REAL
PIR_REAL_100-E05-1004,44,17,PIR_REAL_100:REAL
PIR_REAL_100-E05-1004,45,17,PIR_REAL_100:REAL
PIR_REAL_100-E05-1004,46,17,PIR_REAL_100:REAL
PIR_REAL_100-E05-1004,47,17,PIR_REAL_100:REAL
PIR_REAL_100-E05-1004,48,17,PIR_REAL_100:REAL
PIR_REAL_100-E05-1004,49,17,PIR_REAL_100:REAL
PIR_REAL_100-E05-1004,50,17,PIR_REAL_100:REAL
PIR_REAL_100-E05-1004,51,17,PIR_REAL_100:REAL
PIR_REAL_100-E05-1004,52,17,PIR_REAL_100:REAL
PIR_REAL_100-E05-1004,53,17,PIR_REAL_100:REAL
PIR_REAL_100-E05-1004,54,17,PIR_REAL_100:REAL
PIR_REAL_100-E05-1004,55,17,PIR_REAL_100:REAL
PIR_REAL_100-E05-1004,56,17,PIR_REAL_100:REAL
PIR_REAL_100-E05-1004,57,17,PIR_REAL_100:REAL
PIR_REAL_100-E05-1004,58,17,PIR_REAL_100:REAL
PIR_REAL_100-E05-1004,59,17,PIR_REAL_100:REAL
PIR_REAL_100-E05-1004,60,17,PIR_REAL_100:REAL
PIR_REAL_100-E05-1004,61,17,PIR_REAL_100:REAL
PIR_REAL_100-E05-1004,62,17,PIR_REAL_100:REAL
PIR_REAL_100-E05-1004,63,17,PIR_REAL_100:REAL
PIR_REAL_100-E05-1004,64,17,PIR_REAL_100:REAL
PIR_REAL_100-E05-1004,65,17,PIR_REAL_100:REAL
PIR_REAL_100-E05-1004,66,17,PIR_REAL_100:REAL
PIR_REAL_100-E05-1004,67,17,PIR_REAL_100:REAL
PIR_REAL_100-E05-1004,68,17,PIR_REAL_100:REAL
PIR_REAL_100-E05-1004,69,17,PIR_REAL_100:REAL
PIR_REAL_100-E05-1004,70,17,PIR_REAL_100:REAL
PIR_REAL_100-E05-1004,71,17,PIR_REAL_100:REAL
PIR_REAL_100-E05-1004,72,17,PIR_REAL_100:REAL
PIR_REAL_100-E05-1004,73,17,PIR_REAL_100:REAL
PIR_REAL_100-E05-1004,74,17,PIR_REAL_100:REAL
PIR_REAL_100-E05-1004,75,17,PIR_REAL_100:REAL
PIR_REAL_100-E05-1004,76,17,PIR_REAL_100:REAL
PIR_REAL_100-E05-1004,77,17,PIR_REAL_100:REAL
PIR_REAL_100-E05-1004,78,17,PIR_REAL_100:REAL
PIR_REAL_100-E05-1004,79,17,PIR_REAL_100:REAL
PIR_REAL_100-E05-1004,80,17,PIR_REAL_100:REAL
PIR_REAL_100-E05-1004,81,17,PIR_REAL_100:REAL
PIR_REAL_100-E05-1004,82,17,PIR_REAL_100:REAL
PIR_REAL_100-E05-1004,83,17,PIR_REAL_100:REAL
PIR_REAL_100-E05-1004,84,17,PIR_REAL_100:REAL
PIR_REAL_100-E05-1004,85,17,PIR_REAL_100:REAL
PIR_REAL_100-E05-1004,86,17,PIR_REAL_100:REAL
PIR_REAL_100-E05-1004,87,17,PIR_REAL_100:REAL
PIR_REAL_100-E05-1004,88,17,PIR_REAL_100:REAL
PIR_REAL_100-E05-1004,89,17,PIR_REAL_100:REAL
PIR_REAL_100-E05-1004,90,17,PIR_REAL_100:REAL
PIR_REAL_100-E05-1004,91,17,PIR_REAL_100:REAL
PIR_REAL_100-E05-1004,92,17,PIR_REAL_100:REAL
PIR_REAL_100-E05-1004,93,17,PIR_REAL_100:REAL
PIR_REAL_100-E05-1004,94,17,PIR_REAL_100:REAL
PIR_REAL_100-E05-1004,95,17,PIR_REAL_100:REAL
PIR_REAL_100-E05-1004,96,17,PIR_REAL_100:REAL
PIR_REAL_100-E05-1004,97,17,PIR_REAL_100:REAL
PIR_REAL_100-E05-1004,98,17,PIR_REAL_100:REAL
PIR_REAL_100-E05-1004,99,17,PIR_REAL_100:REAL
M5-E04-1004,0,10,M5:REAL
M5-E04-1004,1,12,M5:REAL
M5-E04-1004,2,10,M5:REAL
M5-E04-1004,3,12,M5:REAL
M5-E04-1004,4,10,M5:REAL
M5-E04-1004,5,12,M5:REAL
M5-E04-1004,6,10,M5:REAL
M5-E04-1004,7,12,M5:REAL
M5-E04-1004,8,10,M5:REAL
M5-E04-1004,9,12,M5:REAL
M5-E04-1004,10,10,M5:REAL
M5-E04-1004,11,12,M5:REAL
M5-E04-1004,12,10,M5:REAL
M5-E04-1004,13,12,M5:REAL
M5-E04-1004,14,10,M5:REAL
M5-E04-1004,15,12,M5:REAL
M5-E04-1004,16,10,M5:REAL
M5-E04-1004,17,12,M5:REAL
M5-E04-1004,18,10,M5:REAL
M5-E04-1004,19,12,M5:REAL
M5-E04-1004,20,10,M5:REAL
M5-E04-1004,21,12,M5:REAL
M5-E04-1004,22,10,M5:REAL
M5-E04-1004,23,12,M5:REAL
M5-E04-1004,24,10,M5:REAL
M5-E04-1004,25,12,M5:REAL
M5-E04-1004,26,10,M5:REAL
M5-E04-1004,27,12,M5:REAL
M5-E04-1004,28,10,M5:REAL
M5-E04-1004,29,12,M5:REAL
M5-E04-1004,30,10,M5:REAL
M5-E04-1004,31,12,M5:REAL
M5-E04-1004,32,10,M5:REAL
M5-E04-1004,33,12,M5:REAL
M5-E04-1004,34,10,M5:REAL
M5-E04-1004,35,12,M5:REAL
M5-E04-1004,36,10,M5:REAL
M5-E04-1004,37,12,M5:REAL
M5-E04-1004,38,10,M5:REAL
M5-E04-1004,39,12,M5:REAL
M5-E04-1004,40,10,M5:REAL
M5-E04-1004,41,12,M5:REAL
M5-E04-1004,42,10,M5:REAL
M5-E04-1004,43,12,M5:REAL
M5-E04-1004,44,10,M5:REAL
M5-E04-1004,45,12,M5:REAL
M5-E04-1004,46,10,M5:REAL
M5-E04-1004,47,12,M5:REAL
M5-E04-1004,48,10,M5:REAL
M5-E04-1004,49,12,M5:REAL
M5-E04-1004,50,10,M5:REAL
M5-E04-1004,51,12,M5:REAL
M5-E04-1004,52,10,M5:REAL
M5-E04-1004,53,12,M5:REAL
M5-E04-1004,54,10,M5:REAL
M5-E04-1004,55,12,M5:REAL
M5-E04-1004,56,10,M5:REAL
M5-E04-1004,57,12,M5:REAL
M5-E04-1004,58,10,M5:REAL
M5-E04-1004,59,12,M5:REAL
M5-E04-1004,60,10,M5:REAL
M5-E04-1004,61,12,M5:REAL
M5-E04-1004,62,10,M5:REAL
M5-E04-1004,63,12,M5:REAL
M5-E04-1004,64,10,M5:REAL
M5-E04-1004,65,12,M5:REAL
M5-E04-1004,66,10,M5:REAL
M5-E04-1004,67,12,M5:REAL
M5-E04-1004,68,10,M5:REAL
M5-E04-1004,69,12,M5:REAL
M5-E04-1004,70,10,M5:REAL
M5-E04-1004,71,12,M5:REAL
M5-E04-1004,72,10,M5:REAL
M5-E04-1004,73,12,M5:REAL
M5-E04-1004,74,10,M5:REAL
M5-E04-1004,75,12,M5:REAL
M5-E04-1004,76,10,M5:REAL
M5-E04-1004,77,12,M5:REAL
M5-E04-1004,78,10,M5:REAL
M5-E04-1004,79,12,M5:REAL
M5-E04-1004,80,10,M5:REAL
M5-E04-1004,81,12,M5:REAL
M5-E04-1004,82,10,M5:REAL
M5-E04-1004,83,12,M5:REAL
M5-E04-1004,84,10,M5:REAL
M5-E04-1004,85,12,M5:REAL
M5-E04-1004,86,10,M5:REAL
M5-E04-1004,87,12,M5:REAL
M5-E04-1004,88,10,M5:REAL
M5-E04-1004,89,12,M5:REAL
M5-E04-1004,90,10,M5:REAL
M5-E04-1004,91,12,M5:REAL
M5-E04-1004,92,10,M5:REAL
M5-E04-1004,93,12,M5:REAL
M5-E04-1004,94,10,M5:REAL
M5-E04-1004,95,12,M5:REAL
M5-E04-1004,96,10,M5:REAL
M5-E04-1004,97,12,M5:REAL
M5-E04-1004,98,10,M5:REAL
M5-E04-1004,99,12,M5:REAL
M4-E01-1004,0,10,M4:REAL
M4-E01-1004,1,11,M4:REAL
M4-E01-1004,2,10,M4:REAL
M4-E01-1004,3,11,M4:REAL
M4-E01-1004,4,10,M4:REAL
M4-E01-1004,5,11,M4:REAL
M4-E01-1004,6,10,M4:REAL
M4-E01-1004,7,11,M4:REAL
M4-E01-1004,8,10,M4:REAL
M4-E01-1004,9,11,M4:REAL
M4-E01-1004,10,10,M4:REAL
M4-E01-1004,11,11,M4:REAL
M4-E01-1004,12,10,M4:REAL
M4-E01-1004,13,11,M4:REAL
M4-E01-1004,14,10,M4:REAL
M4-E01-1004,15,11,M4:REAL
M4-E01-1004,16,10,M4:REAL
M4-E01-1004,17,11,M4:REAL
M4-E01-1004,18,10,M4:REAL
M4-E01-1004,19,11,M4:REAL
M4-E01-1004,20,10,M4:REAL
M4-E01-1004,21,11,M4:REAL
M4-E01-1004,22,10,M4:REAL
M4-E01-1004,23,11,M4:REAL
M4-E01-1004,24,10,M4:REAL
M4-E01-1004,25,11,M4:REAL
M4-E01-1004,26,10,M4:REAL
M4-E01-1004,27,11,M4:REAL
M4-E01-1004,28,10,M4:REAL
M4-E01-1004,29,11,M4:REAL
M4-E01-1004,30,10,M4:REAL
M4-E01-1004,31,11,M4:REAL
M4-E01-1004,32,10,M4:REAL
M4-E01-1004,33,11,M4:REAL
M4-E01-1004,34,10,M4:REAL
M4-E01-1004,35,11,M4:REAL
M4-E01-1004,36,10,M4:REAL
M4-E01-1004,37,11,M4:REAL
M4-E01-1004,38,10,M4:REAL
M4-E01-1004,39,11,M4:REAL
M4-E01-1004,40,10,M4:REAL
M4-E01-1004,41,11,M4:REAL
M4-E01-1004,42,10,M4:REAL
M4-E01-1004,43,11,M4:REAL
M4-E01-1004,44,10,M4:REAL
M4-E01-1004,45,11,M4:REAL
M4-E01-1004,46,10,M4:REAL
M4-E01-1004,47,11,M4:REAL
M4-E01-1004,48,10,M4:REAL
M4-E01-1004,49,11,M4:REAL
M4-E01-1004,50,10,M4:REAL
M4-E01-1004,51,11,M4:REAL
M4-E01-1004,52,10,M4:REAL
M4-E01-1004,53,11,M4:REAL
M4-E01-1004,54,10,M4:REAL
M4-E01-1004,55,11,M4:REAL
M4-E01-1004,56,10,M4:REAL
M4-E01-1004,57,11,M4:REAL
M4-E01-1004,58,10,M4:REAL
M4-E01-1004,59,11,M4:REAL
M4-E01-1004,60,10,M4:REAL
M4-E01-1004,61,11,M4:REAL
M4-E01-1004,62,10,M4:REAL
M4-E01-1004,63,11,M4:REAL
M4-E01-1004,64,10,M4:REAL
M4-E01-1004,65,11,M4:REAL
M4-E01-1004,66,10,M4:REAL
M4-E01-1004,67,11,M4:REAL
M4-E01-1004,68,10,M4:REAL
M4-E01-1004,69,11,M4:REAL
M4-E01-1004,70,10,M4:REAL
M4-E01-1004,71,11,M4:REAL
M4-E01-1004,72,10,M4:REAL
M4-E01-1004,73,11,M4:REAL
M4-E01-1004,74,10,M4:REAL
M4-E01-1004,75,11,M4:REAL
M4-E01-1004,76,10,M4:REAL
M4-E01-1004,77,11,M4:REAL
M4-E01-1004,78,10,M4:REAL
M4-E01-1004,79,11,M4:REAL
M4-E01-1004,80,10,M4:REAL
M4-E01-1004,81,11,M4:REAL
M4-E01-1004,82,10,M4:REAL
M4-E01-1004,83,11,M4:REAL
M4-E01-1004,84,10,M4:REAL
M4-E01-1004,85,11,M4:REAL
M4-E01-1004,86,10,M4:REAL
M4-E01-1004,87,11,M4:REAL
M4-E01-1004,88,10,M4:REAL
M4-E01-1004,89,11,M4:REAL
M4-E01-1004,90,10,M4:REAL
M4-E01-1004,91,11,M4:REAL
M4-E01-1004,92,10,M4:REAL
M4-E01-1004,93,11,M4:REAL
M4-E01-1004,94,10,M4:REAL
M4-E01-1004,95,11,M4:REAL
M4-E01-1004,96,10,M4:REAL
M4-E01-1004,97,11,M4:REAL
M4-E01-1004,98,10,M4:REAL
M4-E01-1004,99,11,M4:REAL
M7-E03-1004,0,23,M7:REAL
M7-E03-1004,1,17,M7:REAL
M7-E03-1004,2,17,M7:REAL
M7-E03-1004,3,23,M7:REAL
M7-E03-1004,4,17,M7:REAL
M7-E03-1004,5,17,M7:REAL
M7-E03-1004,6,23,M7:REAL
M7-E03-1004,7,17,M7:REAL
M7-E03-1004,8,17,M7:REAL
M7-E03-1004,9,23,M7:REAL
M7-E03-1004,10,17,M7:REAL
M7-E03-1004,11,17,M7:REAL
M7-E03-1004,12,23,M7:REAL
M7-E03-1004,13,17,M7:REAL
M7-E03-1004,14,17,M7:REAL
M7-E03-1004,15,23,M7:REAL
M7-E03-1004,16,17,M7:REAL
M7-E03-1004,17,17,M7:REAL
M7-E03-1004,18,23,M7:REAL
M7-E03-1004,19,17,M7:REAL
M7-E03-1004,20,17,M7:REAL
M7-E03-1004,21,23,M7:REAL
M7-E03-1004,22,17,M7:REAL
M7-E03-1004,23,17,M7:REAL
M7-E03-1004,24,23,M7:REAL
M7-E03-1004,25,17,M7:REAL
M7-E03-1004,26,17,M7:REAL
M7-E03-1004,27,23,M7:REAL
M7-E03-1004,28,17,M7:REAL
M7-E03-1004,29,17,M7:REAL
M7-E03-1004,30,23,M7:REAL
M7-E03-1004,31,17,M7:REAL
M7-E03-1004,32,17,M7:REAL
M7-E03-1004,33,23,M7:REAL
M7-E03-1004,34,17,M7:REAL
M7-E03-1004,35,17,M7:REAL
M7-E03-1004,36,23,M7:REAL
M7-E03-1004,37,17,M7:REAL
M7-E03-1004,38,17,M7:REAL
M7-E03-1004,39,23,M7:REAL
M7-E03-1004,40,17,M7:REAL
M7-E03-1004,41,17,M7:REAL
M7-E03-1004,42,23,M7:REAL
M7-E03-1004,43,17,M7:REAL
M7-E03-1004,44,17,M7:REAL
M7-E03-1004,45,23,M7:REAL
M7-E03-1004,46,17,M7:REAL
M7-E03-1004,47,17,M7:REAL
M7-E03-1004,48,23,M7:REAL
M7-E03-1004,49,17,M7:REAL
M7-E03-1004,50,17,M7:REAL
M7-E03-1004,51,23,M7:REAL
M7-E03-1004,52,17,M7:REAL
M7-E03-1004,53,17,M7:REAL
M7-E03-1004,54,23,M7:REAL
M7-E03-1004,55,17,M7:REAL
M7-E03-1004,56,17,M7:REAL
M7-E03-1004,57,23,M7:REAL
M7-E03-1004,58,17,M7:REAL
M7-E03-1004,59,17,M7:REAL
M7-E03-1004,60,23,M7:REAL
M7-E03-1004,61,17,M7:REAL
M7-E03-1004,62,17,M7:REAL
M7-E03-1004,63,23,M7:REAL
M7-E03-1004,64,17,M7:REAL
M7-E03-1004,65,17,M7:REAL
M7-E03-1004,66,23,M7:REAL
M7-E03-1004,67,17,M7:REAL
M7-E03-1004,68,17,M7:REAL
M7-E03-1004,69,23,M7:REAL
M7-E03-1004,70,17,M7:REAL
M7-E03-1004,71,17,M7:REAL
M7-E03-1004,72,23,M7:REAL
M7-E03-1004,73,17,M7:REAL
M7-E03-1004,74,17,M7:REAL
M7-E03-1004,75,23,M7:REAL
M7-E03-1004,76,17,M7:REAL
M7-E03-1004,77,17,M7:REAL
M7-E03-1004,78,23,M7:REAL
M7-E03-1004,79,17,M7:REAL
M7-E03-1004,80,17,M7:REAL
M7-E03-1004,81,23,M7:REAL
M7-E03-1004,82,17,M7:REAL
M7-E03-1004,83,17,M7:REAL
M7-E03-1004,84,23,M7:REAL
M7-E03-1004,85,17,M7:REAL
M7-E03-1004,86,17,M7:REAL
M7-E03-1004,87,23,M7:REAL
M7-E03-1004,88,17,M7:REAL
M7-E03-1004,89,17,M7:REAL
M7-E03-1004,90,23,M7:REAL
M7-E03-1004,91,17,M7:REAL
M7-E03-1004,92,17,M7:REAL
M7-E03-1004,93,23,M7:REAL
M7-E03-1004,94,17,M7:REAL
M7-E03-1004,95,17,M7:REAL
M7-E03-1004,96,23,M7:REAL
M7-E03-1004,97,17,M7:REAL
M7-E03-1004,98,17,M7:REAL
M7-E03-1004,99,23,M7:REAL
M7-E02-1004,0,23,M7:REAL
M7-E02-1004,1,17,M7:REAL
M7-E02-1004,2,17,M7:REAL
M7-E02-1004,3,23,M7:REAL
M7-E02-1004,4,17,M7:REAL
M7-E02-1004,5,17,M7:REAL
M7-E02-1004,6,23,M7:REAL
M7-E02-1004,7,17,M7:REAL
M7-E02-1004,8,17,M7:REAL
M7-E02-1004,9,23,M7:REAL
M7-E02-1004,10,17,M7:REAL
M7-E02-1004,11,17,M7:REAL
M7-E02-1004,12,23,M7:REAL
M7-E02-1004,13,17,M7:REAL
M7-E02-1004,14,17,M7:REAL
M7-E02-1004,15,23,M7:REAL
M7-E02-1004,16,17,M7:REAL
M7-E02-1004,17,17,M7:REAL
M7-E02-1004,18,23,M7:REAL
M7-E02-1004,19,17,M7:REAL
M7-E02-1004,20,17,M7:REAL
M7-E02-1004,21,23,M7:REAL
M7-E02-1004,22,17,M7:REAL
M7-E02-1004,23,17,M7:REAL
M7-E02-1004,24,23,M7:REAL
M7-E02-1004,25,17,M7:REAL
M7-E02-1004,26,17,M7:REAL
M7-E02-1004,27,23,M7:REAL
M7-E02-1004,28,17,M7:REAL
M7-E02-1004,29,17,M7:REAL
M7-E02-1004,30,23,M7:REAL
M7-E02-1004,31,17,M7:REAL
M7-E02-1004,32,17,M7:REAL
M7-E02-1004,33,23,M7:REAL
M7-E02-1004,34,17,M7:REAL
M7-E02-1004,35,17,M7:REAL
M7-E02-1004,36,23,M7:REAL
M7-E02-1004,37,17,M7:REAL
M7-E02-1004,38,17,M7:REAL
M7-E02-1004,39,23,M7:REAL
M7-E02-1004,40,17,M7:REAL
M7-E02-1004,41,17,M7:REAL
M7-E02-1004,42,23,M7:REAL
M7-E02-1004,43,17,M7:REAL
M7-E02-1004,44,17,M7:REAL
M7-E02-1004,45,23,M7:REAL
M7-E02-1004,46,17,M7:REAL
M7-E02-1004,47,17,M7:REAL
M7-E02-1004,48,23,M7:REAL
M7-E02-1004,49,17,M7:REAL
M7-E02-1004,50,17,M7:REAL
M7-E02-1004,51,23,M7:REAL
M7-E02-1004,52,17,M7:REAL
M7-E02-1004,53,17,M7:REAL
M7-E02-1004,54,23,M7:REAL
M7-E02-1004,55,17,M7:REAL
M7-E02-1004,56,17,M7:REAL
M7-E02-1004,57,23,M7:REAL
M7-E02-1004,58,17,M7:REAL
M7-E02-1004,59,17,M7:REAL
M7-E02-1004,60,23,M7:REAL
M7-E02-1004,61,17,M7:REAL
M7-E02-1004,62,17,M7:REAL
M7-E02-1004,63,23,M7:REAL
M7-E02-1004,64,17,M7:REAL
M7-E02-1004,65,17,M7:REAL
M7-E02-1004,66,23,M7:REAL
M7-E02-1004,67,17,M7:REAL
M7-E02-1004,68,17,M7:REAL
M7-E02-1004,69,23,M7:REAL
M7-E02-1004,70,17,M7:REAL
M7-E02-1004,71,17,M7:REAL
M7-E02-1004,72,23,M7:REAL
M7-E02-1004,73,17,M7:REAL
M7-E02-1004,74,17,M7:REAL
M7-E02-1004,75,23,M7:REAL
M7-E02-1004,76,17,M7:REAL
M7-E02-1004,77,17,M7:REAL
M7-E02-1004,78,23,M7:REAL
M7-E02-1004,79,17,M7:REAL
M7-E02-1004,80,17,M7:REAL
M7-E02-1004,81,23,M7:REAL
M7-E02-1004,82,17,M7:REAL
M7-E02-1004,83,17,M7:REAL
M7-E02-1004,84,23,M7:REAL
M7-E02-1004,85,17,M7:REAL
M7-E02-1004,86,17,M7:REAL
M7-E02-1004,87,23,M7:REAL
M7-E02-1004,88,17,M7:REAL
M7-E02-1004,89,17,M7:REAL
M7-E02-1004,90,23,M7:REAL
M7-E02-1004,91,17,M7:REAL
M7-E02-1004,92,17,M7:REAL
M7-E02-1004,93,23,M7:REAL
M7-E02-1004,94,17,M7:REAL
M7-E02-1004,95,17,M7:REAL
M7-E02-1004,96,23,M7:REAL
M7-E02-1004,97,17,M7:REAL
M7-E02-1004,98,17,M7:REAL
M7-E02-1004,99,23,M7:REAL
M6-E02-1004,0,32,M6:REAL
M6-E02-1004,1,32,M6:REAL
M6-E02-1004,2,32,M6:REAL
M6-E02-1004,3,32,M6:REAL
M6-E02-1004,4,32,M6:REAL
M6-E02-1004,5,32,M6:REAL
M6-E02-1004,6,32,M6:REAL
M6-E02-1004,7,32,M6:REAL
M6-E02-1004,8,32,M6:REAL
M6-E02-1004,9,32,M6:REAL
M6-E02-1004,10,32,M6:REAL
M6-E02-1004,11,32,M6:REAL
M6-E02-1004,12,32,M6:REAL
M6-E02-1004,13,32,M6:REAL
M6-E02-1004,14,32,M6:REAL
M6-E02-1004,15,32,M6:REAL
M6-E02-1004,16,32,M6:REAL
M6-E02-1004,17,32,M6:REAL
M6-E02-1004,18,32,M6:REAL
M6-E02-1004,19,32,M6:REAL
M6-E02-1004,20,32,M6:REAL
M6-E02-1004,21,32,M6:REAL
M6-E02-1004,22,32,M6:REAL
M6-E02-1004,23,32,M6:REAL
M6-E02-1004,24,32,M6:REAL
M6-E02-1004,25,32,M6:REAL
M6-E02-1004,26,32,M6:REAL
M6-E02-1004,27,32,M6:REAL
M6-E02-1004,28,32,M6:REAL
M6-E02-1004,29,32,M6:REAL
M6-E02-1004,30,32,M6:REAL
M6-E02-1004,31,32,M6:REAL
M6-E02-1004,32,32,M6:REAL
M6-E02-1004,33,32,M6:REAL
M6-E02-1004,34,32,M6:REAL
M6-E02-1004,35,32,M6:REAL
M6-E02-1004,36,32,M6:REAL
M6-E02-1004,37,32,M6:REAL
M6-E02-1004,38,32,M6:REAL
M6-E02-1004,39,32,M6:REAL
M6-E02-1004,40,32,M6:REAL
M6-E02-1004,41,32,M6:REAL
M6-E02-1004,42,32,M6:REAL
M6-E02-1004,43,32,M6:REAL
M6-E02-1004,44,32,M6:REAL
M6-E02-1004,45,32,M6:REAL
M6-E02-1004,46,32,M6:REAL
M6-E02-1004,47,32,M6:REAL
M6-E02-1004,48,32,M6:REAL
M6-E02-1004,49,32,M6:REAL
M6-E02-1004,50,32,M6:REAL
M6-E02-1004,51,32,M6:REAL
M6-E02-1004,52,32,M6:REAL
M6-E02-1004,53,32,M6:REAL
M6-E02-1004,54,32,M6:REAL
M6-E02-1004,55,32,M6:REAL
M6-E02-1004,56,32,M6:REAL
M6-E02-1004,57,32,M6:REAL
M6-E02-1004,58,32,M6:REAL
M6-E02-1004,59,32,M6:REAL
M6-E02-1004,60,32,M6:REAL
M6-E02-1004,61,32,M6:REAL
M6-E02-1004,62,32,M6:REAL
M6-E02-1004,63,32,M6:REAL
M6-E02-1004,64,32,M6:REAL
M6-E02-1004,65,32,M6:REAL
M6-E02-1004,66,32,M6:REAL
M6-E02-1004,67,32,M6:REAL
M6-E02-1004,68,32,M6:REAL
M6-E02-1004,69,32,M6:REAL
M6-E02-1004,70,32,M6:REAL
M6-E02-1004,71,32,M6:REAL
M6-E02-1004,72,32,M6:REAL
M6-E02-1004,73,32,M6:REAL
M6-E02-1004,74,32,M6:REAL
M6-E02-1004,75,32,M6:REAL
M6-E02-1004,76,32,M6:REAL
M6-E02-1004,77,32,M6:REAL
M6-E02-1004,78,32,M6:REAL
M6-E02-1004,79,32,M6:REAL
M6-E02-1004,80,32,M6:REAL
M6-E02-1004,81,32,M6:REAL
M6-E02-1004,82,32,M6:REAL
M6-E02-1004,83,32,M6:REAL
M6-E02-1004,84,32,M6:REAL
M6-E02-1004,85,32,M6:REAL
M6-E02-1004,86,32,M6:REAL
M6-E02-1004,87,32,M6:REAL
M6-E02-1004,88,32,M6:REAL
M6-E02-1004,89,32,M6:REAL
M6-E02-1004,90,32,M6:REAL
M6-E02-1004,91,32,M6:REAL
M6-E02-1004,92,32,M6:REAL
M6-E02-1004,93,32,M6:REAL
M6-E02-1004,94,32,M6:REAL
M6-E02-1004,95,32,M6:REAL
M6-E02-1004,96,32,M6:REAL
M6-E02-1004,97,32,M6:REAL
M6-E02-1004,98,32,M6:REAL
M6-E02-1004,99,32,M6:REAL
M0-E02-1004,0,17,M0:REAL
M0-E02-1004,1,17,M0:REAL
M0-E02-1004,2,17,M0:REAL
M0-E02-1004,3,17,M0:REAL
M0-E02-1004,4,17,M0:REAL
M0-E02-1004,5,17,M0:REAL
M0-E02-1004,6,17,M0:REAL
M0-E02-1004,7,17,M0:REAL
M0-E02-1004,8,17,M0:REAL
M0-E02-1004,9,17,M0:REAL
M0-E02-1004,10,17,M0:REAL
M0-E02-1004,11,17,M0:REAL
M0-E02-1004,12,17,M0:REAL
M0-E02-1004,13,17,M0:REAL
M0-E02-1004,14,17,M0:REAL
M0-E02-1004,15,17,M0:REAL
M0-E02-1004,16,17,M0:REAL
M0-E02-1004,17,17,M0:REAL
M0-E02-1004,18,17,M0:REAL
M0-E02-1004,19,17,M0:REAL
M0-E02-1004,20,17,M0:REAL
M0-E02-1004,21,17,M0:REAL
M0-E02-1004,22,17,M0:REAL
M0-E02-1004,23,17,M0:REAL
M0-E02-1004,24,17,M0:REAL
M0-E02-1004,25,17,M0:REAL
M0-E02-1004,26,17,M0:REAL
M0-E02-1004,27,17,M0:REAL
M0-E02-1004,28,17,M0:REAL
M0-E02-1004,29,17,M0:REAL
M0-E02-1004,30,17,M0:REAL
M0-E02-1004,31,17,M0:REAL
M0-E02-1004,32,17,M0:REAL
M0-E02-1004,33,17,M0:REAL
M0-E02-1004,34,17,M0:REAL
M0-E02-1004,35,17,M0:REAL
M0-E02-1004,36,17,M0:REAL
M0-E02-1004,37,17,M0:REAL
M0-E02-1004,38,17,M0:REAL
M0-E02-1004,39,17,M0:REAL
M0-E02-1004,40,17,M0:REAL
M0-E02-1004,41,17,M0:REAL
M0-E02-1004,42,17,M0:REAL
M0-E02-1004,43,17,M0:REAL
M0-E02-1004,44,17,M0:REAL
M0-E02-1004,45,17,M0:REAL
M0-E02-1004,46,17,M0:REAL
M0-E02-1004,47,17,M0:REAL
M0-E02-1004,48,17,M0:REAL
M0-E02-1004,49,17,M0:REAL
M0-E02-1004,50,17,M0:REAL
M0-E02-1004,51,17,M0:REAL
M0-E02-1004,52,17,M0:REAL
M0-E02-1004,53,17,M0:REAL
M0-E02-1004,54,17,M0:REAL
M0-E02-1004,55,17,M0:REAL
M0-E02-1004,56,17,M0:REAL
M0-E02-1004,57,17,M0:REAL
M0-E02-1004,58,17,M0:REAL
M0-E02-1004,59,17,M0:REAL
M0-E02-1004,60,17,M0:REAL
M0-E02-1004,61,17,M0:REAL
M0-E02-1004,62,17,M0:REAL
M0-E02-1004,63,17,M0:REAL
M0-E02-1004,64,17,M0:REAL
M0-E02-1004,65,17,M0:REAL
M0-E02-1004,66,17,M0:REAL
M0-E02-1004,67,17,M0:REAL
M0-E02-1004,68,17,M0:REAL
M0-E02-1004,69,17,M0:REAL
M0-E02-1004,70,17,M0:REAL
M0-E02-1004,71,17,M0:REAL
M0-E02-1004,72,17,M0:REAL
M0-E02-1004,73,17,M0:REAL
M0-E02-1004,74,17,M0:REAL
M0-E02-1004,75,17,M0:REAL
M0-E02-1004,76,17,M0:REAL
M0-E02-1004,77,17,M0:REAL
M0-E02-1004,78,17,M0:REAL
M0-E02-1004,79,17,M0:REAL
M0-E02-1004,80,17,M0:REAL
M0-E02-1004,81,17,M0:REAL
M0-E02-1004,82,17,M0:REAL
M0-E02-1004,83,17,M0:REAL
M0-E02-1004,84,17,M0:REAL
M0-E02-1004,85,17,M0:REAL
M0-E02-1004,86,17,M0:REAL
M0-E02-1004,87,17,M0:REAL
M0-E02-1004,88,17,M0:REAL
M0-E02-1004,89,17,M0:REAL
M0-E02-1004,90,17,M0:REAL
M0-E02-1004,91,17,M0:REAL
M0-E02-1004,92,17,M0:REAL
M0-E02-1004,93,17,M0:REAL
M0-E02-1004,94,17,M0:REAL
M0-E02-1004,95,17,M0:REAL
M0-E02-1004,96,17,M0:REAL
M0-E02-1004,97,17,M0:REAL
M0-E02-1004,98,17,M0:REAL
M0-E02-1004,99,17,M0:REAL
PIR_REAL_100-E03-1004,0,17,PIR_REAL_100:REAL
PIR_REAL_100-E03-1004,1,17,PIR_REAL_100:REAL
PIR_REAL_100-E03-1004,2,17,PIR_REAL_100:REAL
PIR_REAL_100-E03-1004,3,17,PIR_REAL_100:REAL
PIR_REAL_100-E03-1004,4,17,PIR_REAL_100:REAL
PIR_REAL_100-E03-1004,5,17,PIR_REAL_100:REAL
PIR_REAL_100-E03-1004,6,17,PIR_REAL_100:REAL
PIR_REAL_100-E03-1004,7,17,PIR_REAL_100:REAL
PIR_REAL_100-E03-1004,8,17,PIR_REAL_100:REAL
PIR_REAL_100-E03-1004,9,17,PIR_REAL_100:REAL
PIR_REAL_100-E03-1004,10,17,PIR_REAL_100:REAL
PIR_REAL_100-E03-1004,11,17,PIR_REAL_100:REAL
PIR_REAL_100-E03-1004,12,17,PIR_REAL_100:REAL
PIR_REAL_100-E03-1004,13,17,PIR_REAL_100:REAL
PIR_REAL_100-E03-1004,14,17,PIR_REAL_100:REAL
PIR_REAL_100-E03-1004,15,17,PIR_REAL_100:REAL
PIR_REAL_100-E03-1004,16,17,PIR_REAL_100:REAL
PIR_REAL_100-E03-1004,17,17,PIR_REAL_100:REAL
PIR_REAL_100-E03-1004,18,17,PIR_REAL_100:REAL
PIR_REAL_100-E03-1004,19,17,PIR_REAL_100:REAL
PIR_REAL_100-E03-1004,20,17,PIR_REAL_100:REAL
PIR_REAL_100-E03-1004,21,17,PIR_REAL_100:REAL
PIR_REAL_100-E03-1004,22,17,PIR_REAL_100:REAL
PIR_REAL_100-E03-1004,23,17,PIR_REAL_100:REAL
PIR_REAL_100-E03-1004,24,17,PIR_REAL_100:REAL
PIR_REAL_100-E03-1004,25,17,PIR_REAL_100:REAL
PIR_REAL_100-E03-1004,26,17,PIR_REAL_100:REAL
PIR_REAL_100-E03-1004,27,17,PIR_REAL_100:REAL
PIR_REAL_100-E03-1004,28,17,PIR_REAL_100:REAL
PIR_REAL_100-E03-1004,29,17,PIR_REAL_100:REAL
PIR_REAL_100-E03-1004,30,17,PIR_REAL_100:REAL
PIR_REAL_100-E03-1004,31,17,PIR_REAL_100:REAL
PIR_REAL_100-E03-1004,32,17,PIR_REAL_100:REAL
PIR_REAL_100-E03-1004,33,17,PIR_REAL_100:REAL
PIR_REAL_100-E03-1004,34,17,PIR_REAL_100:REAL
PIR_REAL_100-E03-1004,35,17,PIR_REAL_100:REAL
PIR_REAL_100-E03-1004,36,17,PIR_REAL_100:REAL
PIR_REAL_100-E03-1004,37,17,PIR_REAL_100:REAL
PIR_REAL_100-E03-1004,38,17,PIR_REAL_100:REAL
PIR_REAL_100-E03-1004,39,17,PIR_REAL_100:REAL
PIR_REAL_100-E03-1004,40,17,PIR_REAL_100:REAL
PIR_REAL_100-E03-1004,41,17,PIR_REAL_100:REAL
PIR_REAL_100-E03-1004,42,17,PIR_REAL_100:REAL
PIR_REAL_100-E03-1004,43,17,PIR_REAL_100:REAL
PIR_REAL_100-E03-1004,44,17,PIR_REAL_100:REAL
PIR_REAL_100-E03-1004,45,17,PIR_REAL_100:REAL
PIR_REAL_100-E03-1004,46,17,PIR_REAL_100:REAL
PIR_REAL_100-E03-1004,47,17,PIR_REAL_100:REAL
PIR_REAL_100-E03-1004,48,17,PIR_REAL_100:REAL
PIR_REAL_100-E03-1004,49,17,PIR_REAL_100:REAL
PIR_REAL_100-E03-1004,50,17,PIR_REAL_100:REAL
PIR_REAL_100-E03-1004,51,17,PIR_REAL_100:REAL
PIR_REAL_100-E03-1004,52,17,PIR_REAL_100:REAL
PIR_REAL_100-E03-1004,53,17,PIR_REAL_100:REAL
PIR_REAL_100-E03-1004,54,17,PIR_REAL_100:REAL
PIR_REAL_100-E03-1004,55,17,PIR_REAL_100:REAL
PIR_REAL_100-E03-1004,56,17,PIR_REAL_100:REAL
PIR_REAL_100-E03-1004,57,17,PIR_REAL_100:REAL
PIR_REAL_100-E03-1004,58,17,PIR_REAL_100:REAL
PIR_REAL_100-E03-1004,59,17,PIR_REAL_100:REAL
PIR_REAL_100-E03-1004,60,17,PIR_REAL_100:REAL
PIR_REAL_100-E03-1004,61,17,PIR_REAL_100:REAL
PIR_REAL_100-E03-1004,62,17,PIR_REAL_100:REAL
PIR_REAL_100-E03-1004,63,17,PIR_REAL_100:REAL
PIR_REAL_100-E03-1004,64,17,PIR_REAL_100:REAL
PIR_REAL_100-E03-1004,65,17,PIR_REAL_100:REAL
PIR_REAL_100-E03-1004,66,17,PIR_REAL_100:REAL
PIR_REAL_100-E03-1004,67,17,PIR_REAL_100:REAL
PIR_REAL_100-E03-1004,68,17,PIR_REAL_100:REAL
PIR_REAL_100-E03-1004,69,17,PIR_REAL_100:REAL
PIR_REAL_100-E03-1004,70,17,PIR_REAL_100:REAL
PIR_REAL_100-E03-1004,71,17,PIR_REAL_100:REAL
PIR_REAL_100-E03-1004,72,17,PIR_REAL_100:REAL
PIR_REAL_100-E03-1004,73,17,PIR_REAL_100:REAL
PIR_REAL_100-E03-1004,74,17,PIR_REAL_100:REAL
PIR_REAL_100-E03-1004,75,17,PIR_REAL_100:REAL
PIR_REAL_100-E03-1004,76,17,PIR_REAL_100:REAL
PIR_REAL_100-E03-1004,77,17,PIR_REAL_100:REAL
PIR_REAL_100-E03-1004,78,17,PIR_REAL_100:REAL
PIR_REAL_100-E03-1004,79,17,PIR_REAL_100:REAL
PIR_REAL_100-E03-1004,80,17,PIR_REAL_100:REAL
PIR_REAL_100-E03-1004,81,17,PIR_REAL_100:REAL
PIR_REAL_100-E03-1004,82,17,PIR_REAL_100:REAL
PIR_REAL_100-E03-1004,83,17,PIR_REAL_100:REAL
PIR_REAL_100-E03-1004,84,17,PIR_REAL_100:REAL
PIR_REAL_100-E03-1004,85,17,PIR_REAL_100:REAL
PIR_REAL_100-E03-1004,86,17,PIR_REAL_100:REAL
PIR_REAL_100-E03-1004,87,17,PIR_REAL_100:REAL
PIR_REAL_100-E03-1004,88,17,PIR_REAL_100:REAL
PIR_REAL_100-E03-1004,89,17,PIR_REAL_100:REAL
PIR_REAL_100-E03-1004,90,17,PIR_REAL_100:REAL
PIR_REAL_100-E03-1004,91,17,PIR_REAL_100:REAL
PIR_REAL_100-E03-1004,92,17,PIR_REAL_100:REAL
PIR_REAL_100-E03-1004,93,17,PIR_REAL_100:REAL
PIR_REAL_100-E03-1004,94,17,PIR_REAL_100:REAL
PIR_REAL_100-E03-1004,95,17,PIR_REAL_100:REAL
PIR_REAL_100-E03-1004,96,17,PIR_REAL_100:REAL
PIR_REAL_100-E03-1004,97,17,PIR_REAL_100:REAL
PIR_REAL_100-E03-1004,98,17,PIR_REAL_100:REAL
PIR_REAL_100-E03-1004,99,17,PIR_REAL_100:REAL
PIR_REAL_1-E02-1004,0,1051,PIR_REAL_1:DUMMY
PIR_REAL_1-E02-1004,1,1008,PIR_REAL_1:DUMMY
PIR_REAL_1-E02-1004,2,1034,PIR_REAL_1:DUMMY
PIR_REAL_1-E02-1004,3,1044,PIR_REAL_1:DUMMY
PIR_REAL_1-E02-1004,4,1056,PIR_REAL_1:DUMMY
PIR_REAL_1-E02-1004,5,1056,PIR_REAL_1:DUMMY
PIR_REAL_1-E02-1004,6,1016,PIR_REAL_1:DUMMY
PIR_REAL_1-E02-1004,7,1011,PIR_REAL_1:DUMMY
PIR_REAL_1-E02-1004,8,1023,PIR_REAL_1:DUMMY
PIR_REAL_1-E02-1004,9,1005,PIR_REAL_1:DUMMY
PIR_REAL_1-E02-1004,10,1047,PIR_REAL_1:DUMMY
PIR_REAL_1-E02-1004,11,1007,PIR_REAL_1:DUMMY
PIR_REAL_1-E02-1004,12,1037,PIR_REAL_1:DUMMY
PIR_REAL_1-E02-1004,13,1031,PIR_REAL_1:DUMMY
PIR_REAL_1-E02-1004,14,1001,PIR_REAL_1:DUMMY
PIR_REAL_1-E02-1004,15,1023,PIR_REAL_1:DUMMY
PIR_REAL_1-E02-1004,16,1009,PIR_REAL_1:DUMMY
PIR_REAL_1-E02-1004,17,1056,PIR_REAL_1:DUMMY
PIR_REAL_1-E02-1004,18,1035,PIR_REAL_1:DUMMY
PIR_REAL_1-E02-1004,19,1011,PIR_REAL_1:DUMMY
PIR_REAL_1-E02-1004,20,1028,PIR_REAL_1:DUMMY
PIR_REAL_1-E02-1004,21,1014,PIR_REAL_1:DUMMY
PIR_REAL_1-E02-1004,22,1063,PIR_REAL_1:DUMMY
PIR_REAL_1-E02-1004,23,1021,PIR_REAL_1:DUMMY
PIR_REAL_1-E02-1004,24,1054,PIR_REAL_1:DUMMY
PIR_REAL_1-E02-1004,25,1003,PIR_REAL_1:DUMMY
PIR_REAL_1-E02-1004,26,1050,PIR_REAL_1:DUMMY
PIR_REAL_1-E02-1004,27,1058,PIR_REAL_1:DUMMY
PIR_REAL_1-E02-1004,28,1048,PIR_REAL_1:DUMMY
PIR_REAL_1-E02-1004,29,1047,PIR_REAL_1:DUMMY
PIR_REAL_1-E02-1004,30,1051,PIR_REAL_1:DUMMY
PIR_REAL_1-E02-1004,31,1041,PIR_REAL_1:DUMMY
PIR_REAL_1-E02-1004,32,1020,PIR_REAL_1:DUMMY
PIR_REAL_1-E02-1004,33,1006,PIR_REAL_1:DUMMY
PIR_REAL_1-E02-1004,34,1028,PIR_REAL_1:DUMMY
PIR_REAL_1-E02-1004,35,1022,PIR_REAL_1:DUMMY
PIR_REAL_1-E02-1004,36,1005,PIR_REAL_1:DUMMY
PIR_REAL_1-E02-1004,37,1058,PIR_REAL_1:DUMMY
PIR_REAL_1-E02-1004,38,1004,PIR_REAL_1:DUMMY
PIR_REAL_1-E02-1004,39,1021,PIR_REAL_1:DUMMY
PIR_REAL_1-E02-1004,40,1001,PIR_REAL_1:DUMMY
PIR_REAL_1-E02-1004,41,1007,PIR_REAL_1:DUMMY
PIR_REAL_1-E02-1004,42,1020,PIR_REAL_1:DUMMY
PIR_REAL_1-E02-1004,43,1015,PIR_REAL_1:DUMMY
PIR_REAL_1-E02-1004,44,1036,PIR_REAL_1:DUMMY
PIR_REAL_1-E02-1004,45,1016,PIR_REAL_1:DUMMY
PIR_REAL_1-E02-1004,46,1035,PIR_REAL_1:DUMMY
PIR_REAL_1-E02-1004,47,1061,PIR_REAL_1:DUMMY
PIR_REAL_1-E02-1004,48,1026,PIR_REAL_1:DUMMY
PIR_REAL_1-E02-1004,49,1001,PIR_REAL_1:DUMMY
PIR_REAL_1-E02-1004,50,1005,PIR_REAL_1:DUMMY
PIR_REAL_1-E02-1004,51,1048,PIR_REAL_1:DUMMY
PIR_REAL_1-E02-1004,52,1051,PIR_REAL_1:DUMMY
PIR_REAL_1-E02-1004,53,1022,PIR_REAL_1:DUMMY
PIR_REAL_1-E02-1004,54,1048,PIR_REAL_1:DUMMY
PIR_REAL_1-E02-1004,55,1029,PIR_REAL_1:DUMMY
PIR_REAL_1-E02-1004,56,1032,PIR_REAL_1:DUMMY
PIR_REAL_1-E02-1004,57,1062,PIR_REAL_1:DUMMY
PIR_REAL_1-E02-1004,58,17,PIR_REAL_1:REAL
PIR_REAL_1-E02-1004,59,1047,PIR_REAL_1:DUMMY
PIR_REAL_1-E02-1004,60,1044,PIR_REAL_1:DUMMY
PIR_REAL_1-E02-1004,61,1009,PIR_REAL_1:DUMMY
PIR_REAL_1-E02-1004,62,1053,PIR_REAL_1:DUMMY
PIR_REAL_1-E02-1004,63,1039,PIR_REAL_1:DUMMY
PIR_REAL_1-E02-1004,64,1044,PIR_REAL_1:DUMMY
PIR_REAL_1-E02-1004,65,1030,PIR_REAL_1:DUMMY
PIR_REAL_1-E02-1004,66,1056,PIR_REAL_1:DUMMY
PIR_REAL_1-E02-1004,67,1051,PIR_REAL_1:DUMMY
PIR_REAL_1-E02-1004,68,1016,PIR_REAL_1:DUMMY
PIR_REAL_1-E02-1004,69,1028,PIR_REAL_1:DUMMY
PIR_REAL_1-E02-1004,70,1022,PIR_REAL_1:DUMMY
PIR_REAL_1-E02-1004,71,1035,PIR_REAL_1:DUMMY
PIR_REAL_1-E02-1004,72,1015,PIR_REAL_1:DUMMY
PIR_REAL_1-E02-1004,73,1042,PIR_REAL_1:DUMMY
PIR_REAL_1-E02-1004,74,1001,PIR_REAL_1:DUMMY
PIR_REAL_1-E02-1004,75,1026,PIR_REAL_1:DUMMY
PIR_REAL_1-E02-1004,76,1022,PIR_REAL_1:DUMMY
PIR_REAL_1-E02-1004,77,1030,PIR_REAL_1:DUMMY
PIR_REAL_1-E02-1004,78,1017,PIR_REAL_1:DUMMY
PIR_REAL_1-E02-1004,79,1004,PIR_REAL_1:DUMMY
PIR_REAL_1-E02-1004,80,1008,PIR_REAL_1:DUMMY
PIR_REAL_1-E02-1004,81,1039,PIR_REAL_1:DUMMY
PIR_REAL_1-E02-1004,82,1050,PIR_REAL_1:DUMMY
PIR_REAL_1-E02-1004,83,1019,PIR_REAL_1:DUMMY
PIR_REAL_1-E02-1004,84,1039,PIR_REAL_1:DUMMY
PIR_REAL_1-E02-1004,85,1045,PIR_REAL_1:DUMMY
PIR_REAL_1-E02-1004,86,1021,PIR_REAL_1:DUMMY
PIR_REAL_1-E02-1004,87,1051,PIR_REAL_1:DUMMY
PIR_REAL_1-E02-1004,88,1051,PIR_REAL_1:DUMMY
PIR_REAL_1-E02-1004,89,1031,PIR_REAL_1:DUMMY
PIR_REAL_1-E02-1004,90,1041,PIR_REAL_1:DUMMY
PIR_REAL_1-E02-1004,91,1024,PIR_REAL_1:DUMMY
PIR_REAL_1-E02-1004,92,1031,PIR_REAL_1:DUMMY
PIR_REAL_1-E02-1004,93,1032,PIR_REAL_1:DUMMY
PIR_REAL_1-E02-1004,94,1013,PIR_REAL_1:DUMMY
PIR_REAL_1-E02-1004,95,1007,PIR_REAL_1:DUMMY
PIR_REAL_1-E02-1004,96,1063,PIR_REAL_1:DUMMY
PIR_REAL_1-E02-1004,97,1010,PIR_REAL_1:DUMMY
PIR_REAL_1-E02-1004,98,1028,PIR_REAL_1:DUMMY
PIR_REAL_1-E02-1004,99,1061,PIR_REAL_1:DUMMY
PIR_REAL_50-E04-1004,0,1002,PIR_REAL_50:DUMMY
PIR_REAL_50-E04-1004,1,1028,PIR_REAL_50:DUMMY
PIR_REAL_50-E04-1004,2,17,PIR_REAL_50:REAL
PIR_REAL_50-E04-1004,3,17,PIR_REAL_50:REAL
PIR_REAL_50-E04-1004,4,17,PIR_REAL_50:REAL
PIR_REAL_50-E04-1004,5,17,PIR_REAL_50:REAL
PIR_REAL_50-E04-1004,6,1001,PIR_REAL_50:DUMMY
PIR_REAL_50-E04-1004,7,1019,PIR_REAL_50:DUMMY
PIR_REAL_50-E04-1004,8,1009,PIR_REAL_50:DUMMY
PIR_REAL_50-E04-1004,9,17,PIR_REAL_50:REAL
PIR_REAL_50-E04-1004,10,17,PIR_REAL_50:REAL
PIR_REAL_50-E04-1004,11,17,PIR_REAL_50:REAL
PIR_REAL_50-E04-1004,12,17,PIR_REAL_50:REAL
PIR_REAL_50-E04-1004,13,1053,PIR_REAL_50:DUMMY
PIR_REAL_50-E04-1004,14,1035,PIR_REAL_50:DUMMY
PIR_REAL_50-E04-1004,15,17,PIR_REAL_50:REAL
PIR_REAL_50-E04-1004,16,17,PIR_REAL_50:REAL
PIR_REAL_50-E04-1004,17,1007,PIR_REAL_50:DUMMY
PIR_REAL_50-E04-1004,18,1034,PIR_REAL_50:DUMMY
PIR_REAL_50-E04-1004,19,17,PIR_REAL_50:REAL
PIR_REAL_50-E04-1004,20,1038,PIR_REAL_50:DUMMY
PIR_REAL_50-E04-1004,21,1005,PIR_REAL_50:DUMMY
PIR_REAL_50-E04-1004,22,17,PIR_REAL_50:REAL
PIR_REAL_50-E04-1004,23,1031,PIR_REAL_50:DUMMY
PIR_REAL_50-E04-1004,24,17,PIR_REAL_50:REAL
PIR_REAL_50-E04-1004,25,1046,PIR_REAL_50:DUMMY
PIR_REAL_50-E04-1004,26,1015,PIR_REAL_50:DUMMY
PIR_REAL_50-E04-1004,27,17,PIR_REAL_50:REAL
PIR_REAL_50-E04-1004,28,1020,PIR_REAL_50:DUMMY
PIR_REAL_50-E04-1004,29,1036,PIR_REAL_50:DUMMY
PIR_REAL_50-E04-1004,30,17,PIR_REAL_50:REAL
PIR_REAL_50-E04-1004,31,17,PIR_REAL_50:REAL
PIR_REAL_50-E04-1004,32,1057,PIR_REAL_50:DUMMY
PIR_REAL_50-E04-1004,33,17,PIR_REAL_50:REAL
PIR_REAL_50-E04-1004,34,17,PIR_REAL_50:REAL
PIR_REAL_50-E04-1004,35,1025,PIR_REAL_50:DUMMY
PIR_REAL_50-E04-1004,36,1044,PIR_REAL_50:DUMMY
PIR_REAL_50-E04-1004,37,17,PIR_REAL_50:REAL
PIR_REAL_50-E04-1004,38,1058,PIR_REAL_50:DUMMY
PIR_REAL_50-E04-1004,39,1029,PIR_REAL_50:DUMMY
PIR_REAL_50-E04-1004,40,17,PIR_REAL_50:REAL
PIR_REAL_50-E04-1004,41,17,PIR_REAL_50:REAL
PIR_REAL_50-E04-1004,42,1000,PIR_REAL_50:DUMMY
PIR_REAL_50-E04-1004,43,17,PIR_REAL_50:REAL
PIR_REAL_50-E04-1004,44,17,PIR_REAL_50:REAL
PIR_REAL_50-E04-1004,45,17,PIR_REAL_50:REAL
PIR_REAL_50-E04-1004,46,17,PIR_REAL_50:REAL
PIR_REAL_50-E04-1004,47,17,PIR_REAL_50:REAL
PIR_REAL_50-E04-1004,48,17,PIR_REAL_50:REAL
PIR_REAL_50-E04-1004,49,17,PIR_REAL_50:REAL
PIR_REAL_50-E04-1004,50,1018,PIR_REAL_50:DUMMY
PIR_REAL_50-E04-1004,51,1038,PIR_REAL_50:DUMMY
PIR_REAL_50-E04-1004,52,17,PIR_REAL_50:REAL
PIR_REAL_50-E04-1004,53,1018,PIR_REAL_50:DUMMY
PIR_REAL_50-E04-1004,54,1005,PIR_REAL_50:DUMMY
PIR_REAL_50-E04-1004,55,1039,PIR_REAL_50:DUMMY
PIR_REAL_50-E04-1004,56,1026,PIR_REAL_50:DUMMY
PIR_REAL_50-E04-1004,57,1006,PIR_REAL_50:DUMMY
PIR_REAL_50-E04-1004,58,1023,PIR_REAL_50:DUMMY
PIR_REAL_50-E04-1004,59,1054,PIR_REAL_50:DUMMY
PIR_REAL_50-E04-1004,60,17,PIR_REAL_50:REAL
PIR_REAL_50-E04-1004,61,1062,PIR_REAL_50:DUMMY
PIR_REAL_50-E04-1004,62,17,PIR_REAL_50:REAL
PIR_REAL_50-E04-1004,63,1046,PIR_REAL_50:DUMMY
PIR_REAL_50-E04-1004,64,1047,PIR_REAL_50:DUMMY
PIR_REAL_50-E04-1004,65,17,PIR_REAL_50:REAL
PIR_REAL_50-E04-1004,66,1046,PIR_REAL_50:DUMMY
PIR_REAL_50-E04-1004,67,17,PIR_REAL_50:REAL
PIR_REAL_50-E04-1004,68,1003,PIR_REAL_50:DUMMY
PIR_REAL_50-E04-1004,69,17,PIR_REAL_50:REAL
PIR_REAL_50-E04-1004,70,17,PIR_REAL_50:REAL
PIR_REAL_50-E04-1004,71,17,PIR_REAL_50:REAL
PIR_REAL_50-E04-1004,72,17,PIR_REAL_50:REAL
PIR_REAL_50-E04-1004,73,17,PIR_REAL_50:REAL
PIR_REAL_50-E04-1004,74,17,PIR_REAL_50:REAL
PIR_REAL_50-E04-1004,75,17,PIR_REAL_50:REAL
PIR_REAL_50-E04-1004,76,17,PIR_REAL_50:REAL
PIR_REAL_50-E04-1004,77,1007,PIR_REAL_50:DUMMY
PIR_REAL_50-E04-1004,78,17,PIR_REAL_50:REAL
PIR_REAL_50-E04-1004,79,1037,PIR_REAL_50:DUMMY
PIR_REAL_50-E04-1004,80,17,PIR_REAL_50:REAL
PIR_REAL_50-E04-1004,81,1061,PIR_REAL_50:DUMMY
PIR_REAL_50-E04-1004,82,1061,PIR_REAL_50:DUMMY
PIR_REAL_50-E04-1004,83,17,PIR_REAL_50:REAL
PIR_REAL_50-E04-1004,84,1007,PIR_REAL_50:DUMMY
PIR_REAL_50-E04-1004,85,1011,PIR_REAL_50:DUMMY
PIR_REAL_50-E04-1004,86,17,PIR_REAL_50:REAL
PIR_REAL_50-E04-1004,87,17,PIR_REAL_50:REAL
PIR_REAL_50-E04-1004,88,1057,PIR_REAL_50:DUMMY
PIR_REAL_50-E04-1004,89,1045,PIR_REAL_50:DUMMY
PIR_REAL_50-E04-1004,90,1054,PIR_REAL_50:DUMMY
PIR_REAL_50-E04-1004,91,1063,PIR_REAL_50:DUMMY
PIR_REAL_50-E04-1004,92,1028,PIR_REAL_50:DUMMY
PIR_REAL_50-E04-1004,93,1059,PIR_REAL_50:DUMMY
PIR_REAL_50-E04-1004,94,17,PIR_REAL_50:REAL
PIR_REAL_50-E04-1004,95,17,PIR_REAL_50:REAL
PIR_REAL_50-E04-1004,96,1042,PIR_REAL_50:DUMMY
PIR_REAL_50-E04-1004,97,17,PIR_REAL_50:REAL
PIR_REAL_50-E04-1004,98,17,PIR_REAL_50:REAL
PIR_REAL_50-E04-1004,99,1006,PIR_REAL_50:DUMMY
M6-E03-1004,0,33,M6:REAL
M6-E03-1004,1,33,M6:REAL
M6-E03-1004,2,33,M6:REAL
M6-E03-1004,3,33,M6:REAL
M6-E03-1004,4,33,M6:REAL
M6-E03-1004,5,33,M6:REAL
M6-E03-1004,6,33,M6:REAL
M6-E03-1004,7,33,M6:REAL
M6-E03-1004,8,33,M6:REAL
M6-E03-1004,9,33,M6:REAL
M6-E03-1004,10,33,M6:REAL
M6-E03-1004,11,33,M6:REAL
M6-E03-1004,12,33,M6:REAL
M6-E03-1004,13,33,M6:REAL
M6-E03-1004,14,33,M6:REAL
M6-E03-1004,15,33,M6:REAL
M6-E03-1004,16,33,M6:REAL
M6-E03-1004,17,33,M6:REAL
M6-E03-1004,18,33,M6:REAL
M6-E03-1004,19,33,M6:REAL
M6-E03-1004,20,33,M6:REAL
M6-E03-1004,21,33,M6:REAL
M6-E03-1004,22,33,M6:REAL
M6-E03-1004,23,33,M6:REAL
M6-E03-1004,24,33,M6:REAL
M6-E03-1004,25,33,M6:REAL
M6-E03-1004,26,33,M6:REAL
M6-E03-1004,27,33,M6:REAL
M6-E03-1004,28,33,M6:REAL
M6-E03-1004,29,33,M6:REAL
M6-E03-1004,30,33,M6:REAL
M6-E03-1004,31,33,M6:REAL
M6-E03-1004,32,33,M6:REAL
M6-E03-1004,33,33,M6:REAL
M6-E03-1004,34,33,M6:REAL
M6-E03-1004,35,33,M6:REAL
M6-E03-1004,36,33,M6:REAL
M6-E03-1004,37,33,M6:REAL
M6-E03-1004,38,33,M6:REAL
M6-E03-1004,39,33,M6:REAL
M6-E03-1004,40,33,M6:REAL
M6-E03-1004,41,33,M6:REAL
M6-E03-1004,42,33,M6:REAL
M6-E03-1004,43,33,M6:REAL
M6-E03-1004,44,33,M6:REAL
M6-E03-1004,45,33,M6:REAL
M6-E03-1004,46,33,M6:REAL
M6-E03-1004,47,33,M6:REAL
M6-E03-1004,48,33,M6:REAL
M6-E03-1004,49,33,M6:REAL
M6-E03-1004,50,33,M6:REAL
M6-E03-1004,51,33,M6:REAL
M6-E03-1004,52,33,M6:REAL
M6-E03-1004,53,33,M6:REAL
M6-E03-1004,54,33,M6:REAL
M6-E03-1004,55,33,M6:REAL
M6-E03-1004,56,33,M6:REAL
M6-E03-1004,57,33,M6:REAL
M6-E03-1004,58,33,M6:REAL
M6-E03-1004,59,33,M6:REAL
M6-E03-1004,60,33,M6:REAL
M6-E03-1004,61,33,M6:REAL
M6-E03-1004,62,33,M6:REAL
M6-E03-1004,63,33,M6:REAL
M6-E03-1004,64,33,M6:REAL
M6-E03-1004,65,33,M6:REAL
M6-E03-1004,66,33,M6:REAL
M6-E03-1004,67,33,M6:REAL
M6-E03-1004,68,33,M6:REAL
M6-E03-1004,69,33,M6:REAL
M6-E03-1004,70,33,M6:REAL
M6-E03-1004,71,33,M6:REAL
M6-E03-1004,72,33,M6:REAL
M6-E03-1004,73,33,M6:REAL
M6-E03-1004,74,33,M6:REAL
M6-E03-1004,75,33,M6:REAL
M6-E03-1004,76,33,M6:REAL
M6-E03-1004,77,33,M6:REAL
M6-E03-1004,78,33,M6:REAL
M6-E03-1004,79,33,M6:REAL
M6-E03-1004,80,33,M6:REAL
M6-E03-1004,81,33,M6:REAL
M6-E03-1004,82,33,M6:REAL
M6-E03-1004,83,33,M6:REAL
M6-E03-1004,84,33,M6:REAL
M6-E03-1004,85,33,M6:REAL
M6-E03-1004,86,33,M6:REAL
M6-E03-1004,87,33,M6:REAL
M6-E03-1004,88,33,M6:REAL
M6-E03-1004,89,33,M6:REAL
M6-E03-1004,90,33,M6:REAL
M6-E03-1004,91,33,M6:REAL
M6-E03-1004,92,33,M6:REAL
M6-E03-1004,93,33,M6:REAL
M6-E03-1004,94,33,M6:REAL
M6-E03-1004,95,33,M6:REAL
M6-E03-1004,96,33,M6:REAL
M6-E03-1004,97,33,M6:REAL
M6-E03-1004,98,33,M6:REAL
M6-E03-1004,99,33,M6:REAL
M1-E00-1004,0,17,M1:REAL
M1-E00-1004,1,17,M1:REAL
M1-E00-1004,2,17,M1:REAL
M1-E00-1004,3,17,M1:REAL
M1-E00-1004,4,17,M1:REAL
M1-E00-1004,5,17,M1:REAL
M1-E00-1004,6,17,M1:REAL
M1-E00-1004,7,17,M1:REAL
M1-E00-1004,8,17,M1:REAL
M1-E00-1004,9,17,M1:REAL
M1-E00-1004,10,17,M1:REAL
M1-E00-1004,11,17,M1:REAL
M1-E00-1004,12,17,M1:REAL
M1-E00-1004,13,17,M1:REAL
M1-E00-1004,14,17,M1:REAL
M1-E00-1004,15,17,M1:REAL
M1-E00-1004,16,17,M1:REAL
M1-E00-1004,17,17,M1:REAL
M1-E00-1004,18,17,M1:REAL
M1-E00-1004,19,17,M1:REAL
M1-E00-1004,20,17,M1:REAL
M1-E00-1004,21,17,M1:REAL
M1-E00-1004,22,17,M1:REAL
M1-E00-1004,23,17,M1:REAL
M1-E00-1004,24,17,M1:REAL
M1-E00-1004,25,17,M1:REAL
M1-E00-1004,26,17,M1:REAL
M1-E00-1004,27,17,M1:REAL
M1-E00-1004,28,17,M1:REAL
M1-E00-1004,29,17,M1:REAL
M1-E00-1004,30,17,M1:REAL
M1-E00-1004,31,17,M1:REAL
M1-E00-1004,32,17,M1:REAL
M1-E00-1004,33,17,M1:REAL
M1-E00-1004,34,17,M1:REAL
M1-E00-1004,35,17,M1:REAL
M1-E00-1004,36,17,M1:REAL
M1-E00-1004,37,17,M1:REAL
M1-E00-1004,38,17,M1:REAL
M1-E00-1004,39,17,M1:REAL
M1-E00-1004,40,17,M1:REAL
M1-E00-1004,41,17,M1:REAL
M1-E00-1004,42,17,M1:REAL
M1-E00-1004,43,17,M1:REAL
M1-E00-1004,44,17,M1:REAL
M1-E00-1004,45,17,M1:REAL
M1-E00-1004,46,17,M1:REAL
M1-E00-1004,47,17,M1:REAL
M1-E00-1004,48,17,M1:REAL
M1-E00-1004,49,17,M1:REAL
M1-E00-1004,50,17,M1:REAL
M1-E00-1004,51,17,M1:REAL
M1-E00-1004,52,17,M1:REAL
M1-E00-1004,53,23,M1:REAL
M1-E00-1004,54,17,M1:REAL
M1-E00-1004,55,17,M1:REAL
M1-E00-1004,56,17,M1:REAL
M1-E00-1004,57,17,M1:REAL
M1-E00-1004,58,17,M1:REAL
M1-E00-1004,59,17,M1:REAL
M1-E00-1004,60,17,M1:REAL
M1-E00-1004,61,17,M1:REAL
M1-E00-1004,62,17,M1:REAL
M1-E00-1004,63,17,M1:REAL
M1-E00-1004,64,17,M1:REAL
M1-E00-1004,65,17,M1:REAL
M1-E00-1004,66,17,M1:REAL
M1-E00-1004,67,17,M1:REAL
M1-E00-1004,68,17,M1:REAL
M1-E00-1004,69,17,M1:REAL
M1-E00-1004,70,17,M1:REAL
M1-E00-1004,71,17,M1:REAL
M1-E00-1004,72,17,M1:REAL
M1-E00-1004,73,17,M1:REAL
M1-E00-1004,74,17,M1:REAL
M1-E00-1004,75,17,M1:REAL
M1-E00-1004,76,17,M1:REAL
M1-E00-1004,77,17,M1:REAL
M1-E00-1004,78,17,M1:REAL
M1-E00-1004,79,17,M1:REAL
M1-E00-1004,80,17,M1:REAL
M1-E00-1004,81,17,M1:REAL
M1-E00-1004,82,17,M1:REAL
M1-E00-1004,83,17,M1:REAL
M1-E00-1004,84,17,M1:REAL
M1-E00-1004,85,17,M1:REAL
M1-E00-1004,86,17,M1:REAL
M1-E00-1004,87,17,M1:REAL
M1-E00-1004,88,17,M1:REAL
M1-E00-1004,89,17,M1:REAL
M1-E00-1004,90,17,M1:REAL
M1-E00-1004,91,17,M1:REAL
M1-E00-1004,92,17,M1:REAL
M1-E00-1004,93,17,M1:REAL
M1-E00-1004,94,17,M1:REAL
M1-E00-1004,95,17,M1:REAL
M1-E00-1004,96,17,M1:REAL
M1-E00-1004,97,17,M1:REAL
M1-E00-1004,98,17,M1:REAL
M1-E00-1004,99,17,M1:REAL
M6-E01-1004,0,31,M6:REAL
M6-E01-1004,1,31,M6:REAL
M6-E01-1004,2,31,M6:REAL
M6-E01-1004,3,31,M6:REAL
M6-E01-1004,4,31,M6:REAL
M6-E01-1004,5,31,M6:REAL
M6-E01-1004,6,31,M6:REAL
M6-E01-1004,7,31,M6:REAL
M6-E01-1004,8,31,M6:REAL
M6-E01-1004,9,31,M6:REAL
M6-E01-1004,10,31,M6:REAL
M6-E01-1004,11,31,M6:REAL
M6-E01-1004,12,31,M6:REAL
M6-E01-1004,13,31,M6:REAL
M6-E01-1004,14,31,M6:REAL
M6-E01-1004,15,31,M6:REAL
M6-E01-1004,16,31,M6:REAL
M6-E01-1004,17,31,M6:REAL
M6-E01-1004,18,31,M6:REAL
M6-E01-1004,19,31,M6:REAL
M6-E01-1004,20,31,M6:REAL
M6-E01-1004,21,31,M6:REAL
M6-E01-1004,22,31,M6:REAL
M6-E01-1004,23,31,M6:REAL
M6-E01-1004,24,31,M6:REAL
M6-E01-1004,25,31,M6:REAL
M6-E01-1004,26,31,M6:REAL
M6-E01-1004,27,31,M6:REAL
M6-E01-1004,28,31,M6:REAL
M6-E01-1004,29,31,M6:REAL
M6-E01-1004,30,31,M6:REAL
M6-E01-1004,31,31,M6:REAL
M6-E01-1004,32,31,M6:REAL
M6-E01-1004,33,31,M6:REAL
M6-E01-1004,34,31,M6:REAL
M6-E01-1004,35,31,M6:REAL
M6-E01-1004,36,31,M6:REAL
M6-E01-1004,37,31,M6:REAL
M6-E01-1004,38,31,M6:REAL
M6-E01-1004,39,31,M6:REAL
M6-E01-1004,40,31,M6:REAL
M6-E01-1004,41,31,M6:REAL
M6-E01-1004,42,31,M6:REAL
M6-E01-1004,43,31,M6:REAL
M6-E01-1004,44,31,M6:REAL
M6-E01-1004,45,31,M6:REAL
M6-E01-1004,46,31,M6:REAL
M6-E01-1004,47,31,M6:REAL
M6-E01-1004,48,31,M6:REAL
M6-E01-1004,49,31,M6:REAL
M6-E01-1004,50,31,M6:REAL
M6-E01-1004,51,31,M6:REAL
M6-E01-1004,52,31,M6:REAL
M6-E01-1004,53,31,M6:REAL
M6-E01-1004,54,31,M6:REAL
M6-E01-1004,55,31,M6:REAL
M6-E01-1004,56,31,M6:REAL
M6-E01-1004,57,31,M6:REAL
M6-E01-1004,58,31,M6:REAL
M6-E01-1004,59,31,M6:REAL
M6-E01-1004,60,31,M6:REAL
M6-E01-1004,61,31,M6:REAL
M6-E01-1004,62,31,M6:REAL
M6-E01-1004,63,31,M6:REAL
M6-E01-1004,64,31,M6:REAL
M6-E01-1004,65,31,M6:REAL
M6-E01-1004,66,31,M6:REAL
M6-E01-1004,67,31,M6:REAL
M6-E01-1004,68,31,M6:REAL
M6-E01-1004,69,31,M6:REAL
M6-E01-1004,70,31,M6:REAL
M6-E01-1004,71,31,M6:REAL
M6-E01-1004,72,31,M6:REAL
M6-E01-1004,73,31,M6:REAL
M6-E01-1004,74,31,M6:REAL
M6-E01-1004,75,31,M6:REAL
M6-E01-1004,76,31,M6:REAL
M6-E01-1004,77,31,M6:REAL
M6-E01-1004,78,31,M6:REAL
M6-E01-1004,79,31,M6:REAL
M6-E01-1004,80,31,M6:REAL
M6-E01-1004,81,31,M6:REAL
M6-E01-1004,82,31,M6:REAL
M6-E01-1004,83,31,M6:REAL
M6-E01-1004,84,31,M6:REAL
M6-E01-1004,85,31,M6:REAL
M6-E01-1004,86,31,M6:REAL
M6-E01-1004,87,31,M6:REAL
M6-E01-1004,88,31,M6:REAL
M6-E01-1004,89,31,M6:REAL
M6-E01-1004,90,31,M6:REAL
M6-E01-1004,91,31,M6:REAL
M6-E01-1004,92,31,M6:REAL
M6-E01-1004,93,31,M6:REAL
M6-E01-1004,94,31,M6:REAL
M6-E01-1004,95,31,M6:REAL
M6-E01-1004,96,31,M6:REAL
M6-E01-1004,97,31,M6:REAL
M6-E01-1004,98,31,M6:REAL
M6-E01-1004,99,31,M6:REAL
M7-E05-1004,0,23,M7:REAL
M7-E05-1004,1,17,M7:REAL
M7-E05-1004,2,17,M7:REAL
M7-E05-1004,3,23,M7:REAL
M7-E05-1004,4,17,M7:REAL
M7-E05-1004,5,17,M7:REAL
M7-E05-1004,6,23,M7:REAL
M7-E05-1004,7,17,M7:REAL
M7-E05-1004,8,17,M7:REAL
M7-E05-1004,9,23,M7:REAL
M7-E05-1004,10,17,M7:REAL
M7-E05-1004,11,17,M7:REAL
M7-E05-1004,12,23,M7:REAL
M7-E05-1004,13,17,M7:REAL
M7-E05-1004,14,17,M7:REAL
M7-E05-1004,15,23,M7:REAL
M7-E05-1004,16,17,M7:REAL
M7-E05-1004,17,17,M7:REAL
M7-E05-1004,18,23,M7:REAL
M7-E05-1004,19,17,M7:REAL
M7-E05-1004,20,17,M7:REAL
M7-E05-1004,21,23,M7:REAL
M7-E05-1004,22,17,M7:REAL
M7-E05-1004,23,17,M7:REAL
M7-E05-1004,24,23,M7:REAL
M7-E05-1004,25,17,M7:REAL
M7-E05-1004,26,17,M7:REAL
M7-E05-1004,27,23,M7:REAL
M7-E05-1004,28,17,M7:REAL
M7-E05-1004,29,17,M7:REAL
M7-E05-1004,30,23,M7:REAL
M7-E05-1004,31,17,M7:REAL
M7-E05-1004,32,17,M7:REAL
M7-E05-1004,33,23,M7:REAL
M7-E05-1004,34,17,M7:REAL
M7-E05-1004,35,17,M7:REAL
M7-E05-1004,36,23,M7:REAL
M7-E05-1004,37,17,M7:REAL
M7-E05-1004,38,17,M7:REAL
M7-E05-1004,39,23,M7:REAL
M7-E05-1004,40,17,M7:REAL
M7-E05-1004,41,17,M7:REAL
M7-E05-1004,42,23,M7:REAL
M7-E05-1004,43,17,M7:REAL
M7-E05-1004,44,17,M7:REAL
M7-E05-1004,45,23,M7:REAL
M7-E05-1004,46,17,M7:REAL
M7-E05-1004,47,17,M7:REAL
M7-E05-1004,48,23,M7:REAL
M7-E05-1004,49,17,M7:REAL
M7-E05-1004,50,17,M7:REAL
M7-E05-1004,51,23,M7:REAL
M7-E05-1004,52,17,M7:REAL
M7-E05-1004,53,17,M7:REAL
M7-E05-1004,54,23,M7:REAL
M7-E05-1004,55,17,M7:REAL
M7-E05-1004,56,17,M7:REAL
M7-E05-1004,57,23,M7:REAL
M7-E05-1004,58,17,M7:REAL
M7-E05-1004,59,17,M7:REAL
M7-E05-1004,60,23,M7:REAL
M7-E05-1004,61,17,M7:REAL
M7-E05-1004,62,17,M7:REAL
M7-E05-1004,63,23,M7:REAL
M7-E05-1004,64,17,M7:REAL
M7-E05-1004,65,17,M7:REAL
M7-E05-1004,66,23,M7:REAL
M7-E05-1004,67,17,M7:REAL
M7-E05-1004,68,17,M7:REAL
M7-E05-1004,69,23,M7:REAL
M7-E05-1004,70,17,M7:REAL
M7-E05-1004,71,17,M7:REAL
M7-E05-1004,72,23,M7:REAL
M7-E05-1004,73,17,M7:REAL
M7-E05-1004,74,17,M7:REAL
M7-E05-1004,75,23,M7:REAL
M7-E05-1004,76,17,M7:REAL
M7-E05-1004,77,17,M7:REAL
M7-E05-1004,78,23,M7:REAL
M7-E05-1004,79,17,M7:REAL
M7-E05-1004,80,17,M7:REAL
M7-E05-1004,81,23,M7:REAL
M7-E05-1004,82,17,M7:REAL
M7-E05-1004,83,17,M7:REAL
M7-E05-1004,84,23,M7:REAL
M7-E05-1004,85,17,M7:REAL
M7-E05-1004,86,17,M7:REAL
M7-E05-1004,87,23,M7:REAL
M7-E05-1004,88,17,M7:REAL
M7-E05-1004,89,17,M7:REAL
M7-E05-1004,90,23,M7:REAL
M7-E05-1004,91,17,M7:REAL
M7-E05-1004,92,17,M7:REAL
M7-E05-1004,93,23,M7:REAL
M7-E05-1004,94,17,M7:REAL
M7-E05-1004,95,17,M7:REAL
M7-E05-1004,96,23,M7:REAL
M7-E05-1004,97,17,M7:REAL
M7-E05-1004,98,17,M7:REAL
M7-E05-1004,99,23,M7:REAL
M1-E04-1004,0,17,M1:REAL
M1-E04-1004,1,17,M1:REAL
M1-E04-1004,2,17,M1:REAL
M1-E04-1004,3,17,M1:REAL
M1-E04-1004,4,17,M1:REAL
M1-E04-1004,5,17,M1:REAL
M1-E04-1004,6,17,M1:REAL
M1-E04-1004,7,17,M1:REAL
M1-E04-1004,8,17,M1:REAL
M1-E04-1004,9,17,M1:REAL
M1-E04-1004,10,17,M1:REAL
M1-E04-1004,11,17,M1:REAL
M1-E04-1004,12,17,M1:REAL
M1-E04-1004,13,17,M1:REAL
M1-E04-1004,14,17,M1:REAL
M1-E04-1004,15,17,M1:REAL
M1-E04-1004,16,17,M1:REAL
M1-E04-1004,17,17,M1:REAL
M1-E04-1004,18,17,M1:REAL
M1-E04-1004,19,17,M1:REAL
M1-E04-1004,20,17,M1:REAL
M1-E04-1004,21,17,M1:REAL
M1-E04-1004,22,17,M1:REAL
M1-E04-1004,23,17,M1:REAL
M1-E04-1004,24,17,M1:REAL
M1-E04-1004,25,17,M1:REAL
M1-E04-1004,26,17,M1:REAL
M1-E04-1004,27,17,M1:REAL
M1-E04-1004,28,17,M1:REAL
M1-E04-1004,29,17,M1:REAL
M1-E04-1004,30,17,M1:REAL
M1-E04-1004,31,17,M1:REAL
M1-E04-1004,32,17,M1:REAL
M1-E04-1004,33,17,M1:REAL
M1-E04-1004,34,17,M1:REAL
M1-E04-1004,35,17,M1:REAL
M1-E04-1004,36,17,M1:REAL
M1-E04-1004,37,17,M1:REAL
M1-E04-1004,38,17,M1:REAL
M1-E04-1004,39,17,M1:REAL
M1-E04-1004,40,17,M1:REAL
M1-E04-1004,41,17,M1:REAL
M1-E04-1004,42,17,M1:REAL
M1-E04-1004,43,17,M1:REAL
M1-E04-1004,44,17,M1:REAL
M1-E04-1004,45,17,M1:REAL
M1-E04-1004,46,17,M1:REAL
M1-E04-1004,47,17,M1:REAL
M1-E04-1004,48,17,M1:REAL
M1-E04-1004,49,17,M1:REAL
M1-E04-1004,50,17,M1:REAL
M1-E04-1004,51,17,M1:REAL
M1-E04-1004,52,17,M1:REAL
M1-E04-1004,53,17,M1:REAL
M1-E04-1004,54,17,M1:REAL
M1-E04-1004,55,17,M1:REAL
M1-E04-1004,56,17,M1:REAL
M1-E04-1004,57,17,M1:REAL
M1-E04-1004,58,17,M1:REAL
M1-E04-1004,59,17,M1:REAL
M1-E04-1004,60,17,M1:REAL
M1-E04-1004,61,17,M1:REAL
M1-E04-1004,62,17,M1:REAL
M1-E04-1004,63,17,M1:REAL
M1-E04-1004,64,17,M1:REAL
M1-E04-1004,65,17,M1:REAL
M1-E04-1004,66,17,M1:REAL
M1-E04-1004,67,17,M1:REAL
M1-E04-1004,68,17,M1:REAL
M1-E04-1004,69,23,M1:REAL
M1-E04-1004,70,17,M1:REAL
M1-E04-1004,71,17,M1:REAL
M1-E04-1004,72,17,M1:REAL
M1-E04-1004,73,17,M1:REAL
M1-E04-1004,74,17,M1:REAL
M1-E04-1004,75,17,M1:REAL
M1-E04-1004,76,17,M1:REAL
M1-E04-1004,77,17,M1:REAL
M1-E04-1004,78,17,M1:REAL
M1-E04-1004,79,17,M1:REAL
M1-E04-1004,80,17,M1:REAL
M1-E04-1004,81,17,M1:REAL
M1-E04-1004,82,17,M1:REAL
M1-E04-1004,83,17,M1:REAL
M1-E04-1004,84,17,M1:REAL
M1-E04-1004,85,17,M1:REAL
M1-E04-1004,86,17,M1:REAL
M1-E04-1004,87,17,M1:REAL
M1-E04-1004,88,17,M1:REAL
M1-E04-1004,89,17,M1:REAL
M1-E04-1004,90,17,M1:REAL
M1-E04-1004,91,17,M1:REAL
M1-E04-1004,92,17,M1:REAL
M1-E04-1004,93,17,M1:REAL
M1-E04-1004,94,17,M1:REAL
M1-E04-1004,95,17,M1:REAL
M1-E04-1004,96,17,M1:REAL
M1-E04-1004,97,17,M1:REAL
M1-E04-1004,98,17,M1:REAL
M1-E04-1004,99,17,M1:REAL
M3-E02-1004,0,102,M3:REAL
M3-E02-1004,1,104,M3:REAL
M3-E02-1004,2,104,M3:REAL
M3-E02-1004,3,108,M3:REAL
M3-E02-1004,4,106,M3:REAL
M3-E02-1004,5,107,M3:REAL
M3-E02-1004,6,100,M3:REAL
M3-E02-1004,7,102,M3:REAL
M3-E02-1004,8,102,M3:REAL
M3-E02-1004,9,108,M3:REAL
M3-E02-1004,10,108,M3:REAL
M3-E02-1004,11,106,M3:REAL
M3-E02-1004,12,108,M3:REAL
M3-E02-1004,13,103,M3:REAL
M3-E02-1004,14,106,M3:REAL
M3-E02-1004,15,101,M3:REAL
M3-E02-1004,16,105,M3:REAL
M3-E02-1004,17,104,M3:REAL
M3-E02-1004,18,104,M3:REAL
M3-E02-1004,19,109,M3:REAL
M3-E02-1004,20,106,M3:REAL
M3-E02-1004,21,102,M3:REAL
M3-E02-1004,22,108,M3:REAL
M3-E02-1004,23,104,M3:REAL
M3-E02-1004,24,103,M3:REAL
M3-E02-1004,25,108,M3:REAL
M3-E02-1004,26,107,M3:REAL
M3-E02-1004,27,101,M3:REAL
M3-E02-1004,28,100,M3:REAL
M3-E02-1004,29,108,M3:REAL
M3-E02-1004,30,108,M3:REAL
M3-E02-1004,31,106,M3:REAL
M3-E02-1004,32,100,M3:REAL
M3-E02-1004,33,107,M3:REAL
M3-E02-1004,34,106,M3:REAL
M3-E02-1004,35,104,M3:REAL
M3-E02-1004,36,100,M3:REAL
M3-E02-1004,37,103,M3:REAL
M3-E02-1004,38,103,M3:REAL
M3-E02-1004,39,109,M3:REAL
M3-E02-1004,40,103,M3:REAL
M3-E02-1004,41,104,M3:REAL
M3-E02-1004,42,102,M3:REAL
M3-E02-1004,43,100,M3:REAL
M3-E02-1004,44,103,M3:REAL
M3-E02-1004,45,100,M3:REAL
M3-E02-1004,46,103,M3:REAL
M3-E02-1004,47,102,M3:REAL
M3-E02-1004,48,102,M3:REAL
M3-E02-1004,49,109,M3:REAL
M3-E02-1004,50,104,M3:REAL
M3-E02-1004,51,107,M3:REAL
M3-E02-1004,52,104,M3:REAL
M3-E02-1004,53,109,M3:REAL
M3-E02-1004,54,108,M3:REAL
M3-E02-1004,55,107,M3:REAL
M3-E02-1004,56,104,M3:REAL
M3-E02-1004,57,100,M3:REAL
M3-E02-1004,58,104,M3:REAL
M3-E02-1004,59,109,M3:REAL
M3-E02-1004,60,105,M3:REAL
M3-E02-1004,61,104,M3:REAL
M3-E02-1004,62,109,M3:REAL
M3-E02-1004,63,103,M3:REAL
M3-E02-1004,64,100,M3:REAL
M3-E02-1004,65,100,M3:REAL
M3-E02-1004,66,107,M3:REAL
M3-E02-1004,67,102,M3:REAL
M3-E02-1004,68,103,M3:REAL
M3-E02-1004,69,108,M3:REAL
M3-E02-1004,70,109,M3:REAL
M3-E02-1004,71,108,M3:REAL
M3-E02-1004,72,100,M3:REAL
M3-E02-1004,73,104,M3:REAL
M3-E02-1004,74,104,M3:REAL
M3-E02-1004,75,104,M3:REAL
M3-E02-1004,76,102,M3:REAL
M3-E02-1004,77,102,M3:REAL
M3-E02-1004,78,109,M3:REAL
M3-E02-1004,79,103,M3:REAL
M3-E02-1004,80,106,M3:REAL
M3-E02-1004,81,109,M3:REAL
M3-E02-1004,82,101,M3:REAL
M3-E02-1004,83,102,M3:REAL
M3-E02-1004,84,100,M3:REAL
M3-E02-1004,85,109,M3:REAL
M3-E02-1004,86,106,M3:REAL
M3-E02-1004,87,104,M3:REAL
M3-E02-1004,88,108,M3:REAL
M3-E02-1004,89,109,M3:REAL
M3-E02-1004,90,109,M3:REAL
M3-E02-1004,91,108,M3:REAL
M3-E02-1004,92,102,M3:REAL
M3-E02-1004,93,108,M3:REAL
M3-E02-1004,94,107,M3:REAL
M3-E02-1004,95,100,M3:REAL
M3-E02-1004,96,109,M3:REAL
M3-E02-1004,97,100,M3:REAL
M3-E02-1004,98,108,M3:REAL
M3-E02-1004,99,106,M3:REAL
PIR_REAL_1-E03-1004,0,1017,PIR_REAL_1:DUMMY
PIR_REAL_1-E03-1004,1,1043,PIR_REAL_1:DUMMY
PIR_REAL_1-E03-1004,2,1025,PIR_REAL_1:DUMMY
PIR_REAL_1-E03-1004,3,1010,PIR_REAL_1:DUMMY
PIR_REAL_1-E03-1004,4,1060,PIR_REAL_1:DUMMY
PIR_REAL_1-E03-1004,5,1004,PIR_REAL_1:DUMMY
PIR_REAL_1-E03-1004,6,1063,PIR_REAL_1:DUMMY
PIR_REAL_1-E03-1004,7,1036,PIR_REAL_1:DUMMY
PIR_REAL_1-E03-1004,8,1028,PIR_REAL_1:DUMMY
PIR_REAL_1-E03-1004,9,1049,PIR_REAL_1:DUMMY
PIR_REAL_1-E03-1004,10,1003,PIR_REAL_1:DUMMY
PIR_REAL_1-E03-1004,11,1021,PIR_REAL_1:DUMMY
PIR_REAL_1-E03-1004,12,1056,PIR_REAL_1:DUMMY
PIR_REAL_1-E03-1004,13,1035,PIR_REAL_1:DUMMY
PIR_REAL_1-E03-1004,14,1060,PIR_REAL_1:DUMMY
PIR_REAL_1-E03-1004,15,1015,PIR_REAL_1:DUMMY
PIR_REAL_1-E03-1004,16,1033,PIR_REAL_1:DUMMY
PIR_REAL_1-E03-1004,17,1040,PIR_REAL_1:DUMMY
PIR_REAL_1-E03-1004,18,1041,PIR_REAL_1:DUMMY
PIR_REAL_1-E03-1004,19,1033,PIR_REAL_1:DUMMY
PIR_REAL_1-E03-1004,20,1017,PIR_REAL_1:DUMMY
PIR_REAL_1-E03-1004,21,1047,PIR_REAL_1:DUMMY
PIR_REAL_1-E03-1004,22,1033,PIR_REAL_1:DUMMY
PIR_REAL_1-E03-1004,23,1009,PIR_REAL_1:DUMMY
PIR_REAL_1-E03-1004,24,1005,PIR_REAL_1:DUMMY
PIR_REAL_1-E03-1004,25,1006,PIR_REAL_1:DUMMY
PIR_REAL_1-E03-1004,26,1055,PIR_REAL_1:DUMMY
PIR_REAL_1-E03-1004,27,1005,PIR_REAL_1:DUMMY
PIR_REAL_1-E03-1004,28,1007,PIR_REAL_1:DUMMY
PIR_REAL_1-E03-1004,29,1029,PIR_REAL_1:DUMMY
PIR_REAL_1-E03-1004,30,1031,PIR_REAL_1:DUMMY
PIR_REAL_1-E03-1004,31,1032,PIR_REAL_1:DUMMY
PIR_REAL_1-E03-1004,32,1060,PIR_REAL_1:DUMMY
PIR_REAL_1-E03-1004,33,1020,PIR_REAL_1:DUMMY
PIR_REAL_1-E03-1004,34,1060,PIR_REAL_1:DUMMY
PIR_REAL_1-E03-1004,35,1024,PIR_REAL_1:DUMMY
PIR_REAL_1-E03-1004,36,1016,PIR_REAL_1:DUMMY
PIR_REAL_1-E03-1004,37,1041,PIR_REAL_1:DUMMY
PIR_REAL_1-E03-1004,38,1004,PIR_REAL_1:DUMMY
PIR_REAL_1-E03-1004,39,1044,PIR_REAL_1:DUMMY
PIR_REAL_1-E03-1004,40,1016,PIR_REAL_1:DUMMY
PIR_REAL_1-E03-1004,41,1007,PIR_REAL_1:DUMMY
PIR_REAL_1-E03-1004,42,1055,PIR_REAL_1:DUMMY
PIR_REAL_1-E03-1004,43,1003,PIR_REAL_1:DUMMY
PIR_REAL_1-E03-1004,44,1028,PIR_REAL_1:DUMMY
PIR_REAL_1-E03-1004,45,1013,PIR_REAL_1:DUMMY
PIR_REAL_1-E03-1004,46,1003,PIR_REAL_1:DUMMY
PIR_REAL_1-E03-1004,47,1012,PIR_REAL_1:DUMMY
PIR_REAL_1-E03-1004,48,1026,PIR_REAL_1:DUMMY
PIR_REAL_1-E03-1004,49,1056,PIR_REAL_1:DUMMY
PIR_REAL_1-E03-1004,50,1002,PIR_REAL_1:DUMMY
PIR_REAL_1-E03-1004,51,1063,PIR_REAL_1:DUMMY
PIR_REAL_1-E03-1004,52,1026,PIR_REAL_1:DUMMY
PIR_REAL_1-E03-1004,53,1005,PIR_REAL_1:DUMMY
PIR_REAL_1-E03-1004,54,1046,PIR_REAL_1:DUMMY
PIR_REAL_1-E03-1004,55,1036,PIR_REAL_1:DUMMY
PIR_REAL_1-E03-1004,56,1000,PIR_REAL_1:DUMMY
PIR_REAL_1-E03-1004,57,1035,PIR_REAL_1:DUMMY
PIR_REAL_1-E03-1004,58,1031,PIR_REAL_1:DUMMY
PIR_REAL_1-E03-1004,59,1008,PIR_REAL_1:DUMMY
PIR_REAL_1-E03-1004,60,1002,PIR_REAL_1:DUMMY
PIR_REAL_1-E03-1004,61,1015,PIR_REAL_1:DUMMY
PIR_REAL_1-E03-1004,62,1050,PIR_REAL_1:DUMMY
PIR_REAL_1-E03-1004,63,1057,PIR_REAL_1:DUMMY
PIR_REAL_1-E03-1004,64,1031,PIR_REAL_1:DUMMY
PIR_REAL_1-E03-1004,65,1006,PIR_REAL_1:DUMMY
PIR_REAL_1-E03-1004,66,1007,PIR_REAL_1:DUMMY
PIR_REAL_1-E03-1004,67,1006,PIR_REAL_1:DUMMY
PIR_REAL_1-E03-1004,68,1031,PIR_REAL_1:DUMMY
PIR_REAL_1-E03-1004,69,1043,PIR_REAL_1:DUMMY
PIR_REAL_1-E03-1004,70,1014,PIR_REAL_1:DUMMY
PIR_REAL_1-E03-1004,71,1046,PIR_REAL_1:DUMMY
PIR_REAL_1-E03-1004,72,1051,PIR_REAL_1:DUMMY
PIR_REAL_1-E03-1004,73,1029,PIR_REAL_1:DUMMY
PIR_REAL_1-E03-1004,74,1020,PIR_REAL_1:DUMMY
PIR_REAL_1-E03-1004,75,1051,PIR_REAL_1:DUMMY
PIR_REAL_1-E03-1004,76,1012,PIR_REAL_1:DUMMY
PIR_REAL_1-E03-1004,77,1020,PIR_REAL_1:DUMMY
PIR_REAL_1-E03-1004,78,1063,PIR_REAL_1:DUMMY
PIR_REAL_1-E03-1004,79,17,PIR_REAL_1:REAL
PIR_REAL_1-E03-1004,80,1050,PIR_REAL_1:DUMMY
PIR_REAL_1-E03-1004,81,1055,PIR_REAL_1:DUMMY
PIR_REAL_1-E03-1004,82,1033,PIR_REAL_1:DUMMY
PIR_REAL_1-E03-1004,83,1054,PIR_REAL_1:DUMMY
PIR_REAL_1-E03-1004,84,1023,PIR_REAL_1:DUMMY
PIR_REAL_1-E03-1004,85,1030,PIR_REAL_1:DUMMY
PIR_REAL_1-E03-1004,86,1059,PIR_REAL_1:DUMMY
PIR_REAL_1-E03-1004,87,1051,PIR_REAL_1:DUMMY
PIR_REAL_1-E03-1004,88,1022,PIR_REAL_1:DUMMY
PIR_REAL_1-E03-1004,89,1029,PIR_REAL_1:DUMMY
PIR_REAL_1-E03-1004,90,1061,PIR_REAL_1:DUMMY
PIR_REAL_1-E03-1004,91,1036,PIR_REAL_1:DUMMY
PIR_REAL_1-E03-1004,92,1041,PIR_REAL_1:DUMMY
PIR_REAL_1-E03-1004,93,1023,PIR_REAL_1:DUMMY
PIR_REAL_1-E03-1004,94,1013,PIR_REAL_1:DUMMY
PIR_REAL_1-E03-1004,95,1045,PIR_REAL_1:DUMMY
PIR_REAL_1-E03-1004,96,1063,PIR_REAL_1:DUMMY
PIR_REAL_1-E03-1004,97,1045,PIR_REAL_1:DUMMY
PIR_REAL_1-E03-1004,98,1043,PIR_REAL_1:DUMMY
PIR_REAL_1-E03-1004,99,1011,PIR_REAL_1:DUMMY
M6-E00-1004,0,30,M6:REAL
M6-E00-1004,1,30,M6:REAL
M6-E00-1004,2,30,M6:REAL
M6-E00-1004,3,30,M6:REAL
M6-E00-1004,4,30,M6:REAL
M6-E00-1004,5,30,M6:REAL
M6-E00-1004,6,30,M6:REAL
M6-E00-1004,7,30,M6:REAL
M6-E00-1004,8,30,M6:REAL
M6-E00-1004,9,30,M6:REAL
M6-E00-1004,10,30,M6:REAL
M6-E00-1004,11,30,M6:REAL
M6-E00-1004,12,30,M6:REAL
M6-E00-1004,13,30,M6:REAL
M6-E00-1004,14,30,M6:REAL
M6-E00-1004,15,30,M6:REAL
M6-E00-1004,16,30,M6:REAL
M6-E00-1004,17,30,M6:REAL
M6-E00-1004,18,30,M6:REAL
M6-E00-1004,19,30,M6:REAL
M6-E00-1004,20,30,M6:REAL
M6-E00-1004,21,30,M6:REAL
M6-E00-1004,22,30,M6:REAL
M6-E00-1004,23,30,M6:REAL
M6-E00-1004,24,30,M6:REAL
M6-E00-1004,25,30,M6:REAL
M6-E00-1004,26,30,M6:REAL
M6-E00-1004,27,30,M6:REAL
M6-E00-1004,28,30,M6:REAL
M6-E00-1004,29,30,M6:REAL
M6-E00-1004,30,30,M6:REAL
M6-E00-1004,31,30,M6:REAL
M6-E00-1004,32,30,M6:REAL
M6-E00-1004,33,30,M6:REAL
M6-E00-1004,34,30,M6:REAL
M6-E00-1004,35,30,M6:REAL
M6-E00-1004,36,30,M6:REAL
M6-E00-1004,37,30,M6:REAL
M6-E00-1004,38,30,M6:REAL
M6-E00-1004,39,30,M6:REAL
M6-E00-1004,40,30,M6:REAL
M6-E00-1004,41,30,M6:REAL
M6-E00-1004,42,30,M6:REAL
M6-E00-1004,43,30,M6:REAL
M6-E00-1004,44,30,M6:REAL
M6-E00-1004,45,30,M6:REAL
M6-E00-1004,46,30,M6:REAL
M6-E00-1004,47,30,M6:REAL
M6-E00-1004,48,30,M6:REAL
M6-E00-1004,49,30,M6:REAL
M6-E00-1004,50,30,M6:REAL
M6-E00-1004,51,30,M6:REAL
M6-E00-1004,52,30,M6:REAL
M6-E00-1004,53,30,M6:REAL
M6-E00-1004,54,30,M6:REAL
M6-E00-1004,55,30,M6:REAL
M6-E00-1004,56,30,M6:REAL
M6-E00-1004,57,30,M6:REAL
M6-E00-1004,58,30,M6:REAL
M6-E00-1004,59,30,M6:REAL
M6-E00-1004,60,30,M6:REAL
M6-E00-1004,61,30,M6:REAL
M6-E00-1004,62,30,M6:REAL
M6-E00-1004,63,30,M6:REAL
M6-E00-1004,64,30,M6:REAL
M6-E00-1004,65,30,M6:REAL
M6-E00-1004,66,30,M6:REAL
M6-E00-1004,67,30,M6:REAL
M6-E00-1004,68,30,M6:REAL
M6-E00-1004,69,30,M6:REAL
M6-E00-1004,70,30,M6:REAL
M6-E00-1004,71,30,M6:REAL
M6-E00-1004,72,30,M6:REAL
M6-E00-1004,73,30,M6:REAL
M6-E00-1004,74,30,M6:REAL
M6-E00-1004,75,30,M6:REAL
M6-E00-1004,76,30,M6:REAL
M6-E00-1004,77,30,M6:REAL
M6-E00-1004,78,30,M6:REAL
M6-E00-1004,79,30,M6:REAL
M6-E00-1004,80,30,M6:REAL
M6-E00-1004,81,30,M6:REAL
M6-E00-1004,82,30,M6:REAL
M6-E00-1004,83,30,M6:REAL
M6-E00-1004,84,30,M6:REAL
M6-E00-1004,85,30,M6:REAL
M6-E00-1004,86,30,M6:REAL
M6-E00-1004,87,30,M6:REAL
M6-E00-1004,88,30,M6:REAL
M6-E00-1004,89,30,M6:REAL
M6-E00-1004,90,30,M6:REAL
M6-E00-1004,91,30,M6:REAL
M6-E00-1004,92,30,M6:REAL
M6-E00-1004,93,30,M6:REAL
M6-E00-1004,94,30,M6:REAL
M6-E00-1004,95,30,M6:REAL
M6-E00-1004,96,30,M6:REAL
M6-E00-1004,97,30,M6:REAL
M6-E00-1004,98,30,M6:REAL
M6-E00-1004,99,30,M6:REAL
M7-E00-1004,0,23,M7:REAL
M7-E00-1004,1,17,M7:REAL
M7-E00-1004,2,17,M7:REAL
M7-E00-1004,3,23,M7:REAL
M7-E00-1004,4,17,M7:REAL
M7-E00-1004,5,17,M7:REAL
M7-E00-1004,6,23,M7:REAL
M7-E00-1004,7,17,M7:REAL
M7-E00-1004,8,17,M7:REAL
M7-E00-1004,9,23,M7:REAL
M7-E00-1004,10,17,M7:REAL
M7-E00-1004,11,17,M7:REAL
M7-E00-1004,12,23,M7:REAL
M7-E00-1004,13,17,M7:REAL
M7-E00-1004,14,17,M7:REAL
M7-E00-1004,15,23,M7:REAL
M7-E00-1004,16,17,M7:REAL
M7-E00-1004,17,17,M7:REAL
M7-E00-1004,18,23,M7:REAL
M7-E00-1004,19,17,M7:REAL
M7-E00-1004,20,17,M7:REAL
M7-E00-1004,21,23,M7:REAL
M7-E00-1004,22,17,M7:REAL
M7-E00-1004,23,17,M7:REAL
M7-E00-1004,24,23,M7:REAL
M7-E00-1004,25,17,M7:REAL
M7-E00-1004,26,17,M7:REAL
M7-E00-1004,27,23,M7:REAL
M7-E00-1004,28,17,M7:REAL
M7-E00-1004,29,17,M7:REAL
M7-E00-1004,30,23,M7:REAL
M7-E00-1004,31,17,M7:REAL
M7-E00-1004,32,17,M7:REAL
M7-E00-1004,33,23,M7:REAL
M7-E00-1004,34,17,M7:REAL
M7-E00-1004,35,17,M7:REAL
M7-E00-1004,36,23,M7:REAL
M7-E00-1004,37,17,M7:REAL
M7-E00-1004,38,17,M7:REAL
M7-E00-1004,39,23,M7:REAL
M7-E00-1004,40,17,M7:REAL
M7-E00-1004,41,17,M7:REAL
M7-E00-1004,42,23,M7:REAL
M7-E00-1004,43,17,M7:REAL
M7-E00-1004,44,17,M7:REAL
M7-E00-1004,45,23,M7:REAL
M7-E00-1004,46,17,M7:REAL
M7-E00-1004,47,17,M7:REAL
M7-E00-1004,48,23,M7:REAL
M7-E00-1004,49,17,M7:REAL
M7-E00-1004,50,17,M7:REAL
M7-E00-1004,51,23,M7:REAL
M7-E00-1004,52,17,M7:REAL
M7-E00-1004,53,17,M7:REAL
M7-E00-1004,54,23,M7:REAL
M7-E00-1004,55,17,M7:REAL
M7-E00-1004,56,17,M7:REAL
M7-E00-1004,57,23,M7:REAL
M7-E00-1004,58,17,M7:REAL
M7-E00-1004,59,17,M7:REAL
M7-E00-1004,60,23,M7:REAL
M7-E00-1004,61,17,M7:REAL
M7-E00-1004,62,17,M7:REAL
M7-E00-1004,63,23,M7:REAL
M7-E00-1004,64,17,M7:REAL
M7-E00-1004,65,17,M7:REAL
M7-E00-1004,66,23,M7:REAL
M7-E00-1004,67,17,M7:REAL
M7-E00-1004,68,17,M7:REAL
M7-E00-1004,69,23,M7:REAL
M7-E00-1004,70,17,M7:REAL
M7-E00-1004,71,17,M7:REAL
M7-E00-1004,72,23,M7:REAL
M7-E00-1004,73,17,M7:REAL
M7-E00-1004,74,17,M7:REAL
M7-E00-1004,75,23,M7:REAL
M7-E00-1004,76,17,M7:REAL
M7-E00-1004,77,17,M7:REAL
M7-E00-1004,78,23,M7:REAL
M7-E00-1004,79,17,M7:REAL
M7-E00-1004,80,17,M7:REAL
M7-E00-1004,81,23,M7:REAL
M7-E00-1004,82,17,M7:REAL
M7-E00-1004,83,17,M7:REAL
M7-E00-1004,84,23,M7:REAL
M7-E00-1004,85,17,M7:REAL
M7-E00-1004,86,17,M7:REAL
M7-E00-1004,87,23,M7:REAL
M7-E00-1004,88,17,M7:REAL
M7-E00-1004,89,17,M7:REAL
M7-E00-1004,90,23,M7:REAL
M7-E00-1004,91,17,M7:REAL
M7-E00-1004,92,17,M7:REAL
M7-E00-1004,93,23,M7:REAL
M7-E00-1004,94,17,M7:REAL
M7-E00-1004,95,17,M7:REAL
M7-E00-1004,96,23,M7:REAL
M7-E00-1004,97,17,M7:REAL
M7-E00-1004,98,17,M7:REAL
M7-E00-1004,99,23,M7:REAL
M3-E00-1004,0,100,M3:REAL
M3-E00-1004,1,100,M3:REAL
M3-E00-1004,2,105,M3:REAL
M3-E00-1004,3,109,M3:REAL
M3-E00-1004,4,102,M3:REAL
M3-E00-1004,5,100,M3:REAL
M3-E00-1004,6,108,M3:REAL
M3-E00-1004,7,100,M3:REAL
M3-E00-1004,8,105,M3:REAL
M3-E00-1004,9,105,M3:REAL
M3-E00-1004,10,109,M3:REAL
M3-E00-1004,11,108,M3:REAL
M3-E00-1004,12,105,M3:REAL
M3-E00-1004,13,103,M3:REAL
M3-E00-1004,14,102,M3:REAL
M3-E00-1004,15,104,M3:REAL
M3-E00-1004,16,105,M3:REAL
M3-E00-1004,17,101,M3:REAL
M3-E00-1004,18,103,M3:REAL
M3-E00-1004,19,109,M3:REAL
M3-E00-1004,20,101,M3:REAL
M3-E00-1004,21,101,M3:REAL
M3-E00-1004,22,109,M3:REAL
M3-E00-1004,23,102,M3:REAL
M3-E00-1004,24,108,M3:REAL
M3-E00-1004,25,103,M3:REAL
M3-E00-1004,26,105,M3:REAL
M3-E00-1004,27,102,M3:REAL
M3-E00-1004,28,104,M3:REAL
M3-E00-1004,29,103,M3:REAL
M3-E00-1004,30,109,M3:REAL
M3-E00-1004,31,109,M3:REAL
M3-E00-1004,32,104,M3:REAL
M3-E00-1004,33,107,M3:REAL
M3-E00-1004,34,103,M3:REAL
M3-E00-1004,35,106,M3:REAL
M3-E00-1004,36,107,M3:REAL
M3-E00-1004,37,106,M3:REAL
M3-E00-1004,38,108,M3:REAL
M3-E00-1004,39,103,M3:REAL
M3-E00-1004,40,101,M3:REAL
M3-E00-1004,41,108,M3:REAL
M3-E00-1004,42,107,M3:REAL
M3-E00-1004,43,105,M3:REAL
M3-E00-1004,44,104,M3:REAL
M3-E00-1004,45,105,M3:REAL
M3-E00-1004,46,109,M3:REAL
M3-E00-1004,47,103,M3:REAL
M3-E00-1004,48,106,M3:REAL
M3-E00-1004,49,105,M3:REAL
M3-E00-1004,50,100,M3:REAL
M3-E00-1004,51,103,M3:REAL
M3-E00-1004,52,109,M3:REAL
M3-E00-1004,53,108,M3:REAL
M3-E00-1004,54,103,M3:REAL
M3-E00-1004,55,107,M3:REAL
M3-E00-1004,56,101,M3:REAL
M3-E00-1004,57,106,M3:REAL
M3-E00-1004,58,109,M3:REAL
M3-E00-1004,59,101,M3:REAL
M3-E00-1004,60,106,M3:REAL
M3-E00-1004,61,102,M3:REAL
M3-E00-1004,62,104,M3:REAL
M3-E00-1004,63,105,M3:REAL
M3-E00-1004,64,100,M3:REAL
M3-E00-1004,65,103,M3:REAL
M3-E00-1004,66,100,M3:REAL
M3-E00-1004,67,101,M3:REAL
M3-E00-1004,68,100,M3:REAL
M3-E00-1004,69,101,M3:REAL
M3-E00-1004,70,103,M3:REAL
M3-E00-1004,71,103,M3:REAL
M3-E00-1004,72,100,M3:REAL
M3-E00-1004,73,100,M3:REAL
M3-E00-1004,74,103,M3:REAL
M3-E00-1004,75,105,M3:REAL
M3-E00-1004,76,108,M3:REAL
M3-E00-1004,77,103,M3:REAL
M3-E00-1004,78,103,M3:REAL
M3-E00-1004,79,108,M3:REAL
M3-E00-1004,80,105,M3:REAL
M3-E00-1004,81,106,M3:REAL
M3-E00-1004,82,106,M3:REAL
M3-E00-1004,83,105,M3:REAL
M3-E00-1004,84,103,M3:REAL
M3-E00-1004,85,108,M3:REAL
M3-E00-1004,86,100,M3:REAL
M3-E00-1004,87,103,M3:REAL
M3-E00-1004,88,107,M3:REAL
M3-E00-1004,89,109,M3:REAL
M3-E00-1004,90,103,M3:REAL
M3-E00-1004,91,109,M3:REAL
M3-E00-1004,92,109,M3:REAL
M3-E00-1004,93,103,M3:REAL
M3-E00-1004,94,109,M3:REAL
M3-E00-1004,95,103,M3:REAL
M3-E00-1004,96,102,M3:REAL
M3-E00-1004,97,107,M3:REAL
M3-E00-1004,98,104,M3:REAL
M3-E00-1004,99,105,M3:REAL
M4-E05-1004,0,10,M4:REAL
M4-E05-1004,1,11,M4:REAL
M4-E05-1004,2,10,M4:REAL
M4-E05-1004,3,11,M4:REAL
M4-E05-1004,4,10,M4:REAL
M4-E05-1004,5,11,M4:REAL
M4-E05-1004,6,10,M4:REAL
M4-E05-1004,7,11,M4:REAL
M4-E05-1004,8,10,M4:REAL
M4-E05-1004,9,11,M4:REAL
M4-E05-1004,10,10,M4:REAL
M4-E05-1004,11,11,M4:REAL
M4-E05-1004,12,10,M4:REAL
M4-E05-1004,13,11,M4:REAL
M4-E05-1004,14,10,M4:REAL
M4-E05-1004,15,11,M4:REAL
M4-E05-1004,16,10,M4:REAL
M4-E05-1004,17,11,M4:REAL
M4-E05-1004,18,10,M4:REAL
M4-E05-1004,19,11,M4:REAL
M4-E05-1004,20,10,M4:REAL
M4-E05-1004,21,11,M4:REAL
M4-E05-1004,22,10,M4:REAL
M4-E05-1004,23,11,M4:REAL
M4-E05-1004,24,10,M4:REAL
M4-E05-1004,25,11,M4:REAL
M4-E05-1004,26,10,M4:REAL
M4-E05-1004,27,11,M4:REAL
M4-E05-1004,28,10,M4:REAL
M4-E05-1004,29,11,M4:REAL
M4-E05-1004,30,10,M4:REAL
M4-E05-1004,31,11,M4:REAL
M4-E05-1004,32,10,M4:REAL
M4-E05-1004,33,11,M4:REAL
M4-E05-1004,34,10,M4:REAL
M4-E05-1004,35,11,M4:REAL
M4-E05-1004,36,10,M4:REAL
M4-E05-1004,37,11,M4:REAL
M4-E05-1004,38,10,M4:REAL
M4-E05-1004,39,11,M4:REAL
M4-E05-1004,40,10,M4:REAL
M4-E05-1004,41,11,M4:REAL
M4-E05-1004,42,10,M4:REAL
M4-E05-1004,43,11,M4:REAL
M4-E05-1004,44,10,M4:REAL
M4-E05-1004,45,11,M4:REAL
M4-E05-1004,46,10,M4:REAL
M4-E05-1004,47,11,M4:REAL
M4-E05-1004,48,10,M4:REAL
M4-E05-1004,49,11,M4:REAL
M4-E05-1004,50,10,M4:REAL
M4-E05-1004,51,11,M4:REAL
M4-E05-1004,52,10,M4:REAL
M4-E05-1004,53,11,M4:REAL
M4-E05-1004,54,10,M4:REAL
M4-E05-1004,55,11,M4:REAL
M4-E05-1004,56,10,M4:REAL
M4-E05-1004,57,11,M4:REAL
M4-E05-1004,58,10,M4:REAL
M4-E05-1004,59,11,M4:REAL
M4-E05-1004,60,10,M4:REAL
M4-E05-1004,61,11,M4:REAL
M4-E05-1004,62,10,M4:REAL
M4-E05-1004,63,11,M4:REAL
M4-E05-1004,64,10,M4:REAL
M4-E05-1004,65,11,M4:REAL
M4-E05-1004,66,10,M4:REAL
M4-E05-1004,67,11,M4:REAL
M4-E05-1004,68,10,M4:REAL
M4-E05-1004,69,11,M4:REAL
M4-E05-1004,70,10,M4:REAL
M4-E05-1004,71,11,M4:REAL
M4-E05-1004,72,10,M4:REAL
M4-E05-1004,73,11,M4:REAL
M4-E05-1004,74,10,M4:REAL
M4-E05-1004,75,11,M4:REAL
M4-E05-1004,76,10,M4:REAL
M4-E05-1004,77,11,M4:REAL
M4-E05-1004,78,10,M4:REAL
M4-E05-1004,79,11,M4:REAL
M4-E05-1004,80,10,M4:REAL
M4-E05-1004,81,11,M4:REAL
M4-E05-1004,82,10,M4:REAL
M4-E05-1004,83,11,M4:REAL
M4-E05-1004,84,10,M4:REAL
M4-E05-1004,85,11,M4:REAL
M4-E05-1004,86,10,M4:REAL
M4-E05-1004,87,11,M4:REAL
M4-E05-1004,88,10,M4:REAL
M4-E05-1004,89,11,M4:REAL
M4-E05-1004,90,10,M4:REAL
M4-E05-1004,91,11,M4:REAL
M4-E05-1004,92,10,M4:REAL
M4-E05-1004,93,11,M4:REAL
M4-E05-1004,94,10,M4:REAL
M4-E05-1004,95,11,M4:REAL
M4-E05-1004,96,10,M4:REAL
M4-E05-1004,97,11,M4:REAL
M4-E05-1004,98,10,M4:REAL
M4-E05-1004,99,11,M4:REAL
M2-E05-1004,0,23,M2:REAL
M2-E05-1004,1,23,M2:REAL
M2-E05-1004,2,17,M2:REAL
M2-E05-1004,3,23,M2:REAL
M2-E05-1004,4,17,M2:REAL
M2-E05-1004,5,17,M2:REAL
M2-E05-1004,6,17,M2:REAL
M2-E05-1004,7,17,M2:REAL
M2-E05-1004,8,17,M2:REAL
M2-E05-1004,9,23,M2:REAL
M2-E05-1004,10,23,M2:REAL
M2-E05-1004,11,17,M2:REAL
M2-E05-1004,12,17,M2:REAL
M2-E05-1004,13,23,M2:REAL
M2-E05-1004,14,23,M2:REAL
M2-E05-1004,15,23,M2:REAL
M2-E05-1004,16,23,M2:REAL
M2-E05-1004,17,17,M2:REAL
M2-E05-1004,18,17,M2:REAL
M2-E05-1004,19,17,M2:REAL
M2-E05-1004,20,23,M2:REAL
M2-E05-1004,21,23,M2:REAL
M2-E05-1004,22,23,M2:REAL
M2-E05-1004,23,17,M2:REAL
M2-E05-1004,24,17,M2:REAL
M2-E05-1004,25,17,M2:REAL
M2-E05-1004,26,17,M2:REAL
M2-E05-1004,27,17,M2:REAL
M2-E05-1004,28,23,M2:REAL
M2-E05-1004,29,17,M2:REAL
M2-E05-1004,30,17,M2:REAL
M2-E05-1004,31,23,M2:REAL
M2-E05-1004,32,17,M2:REAL
M2-E05-1004,33,17,M2:REAL
M2-E05-1004,34,17,M2:REAL
M2-E05-1004,35,23,M2:REAL
M2-E05-1004,36,23,M2:REAL
M2-E05-1004,37,23,M2:REAL
M2-E05-1004,38,23,M2:REAL
M2-E05-1004,39,23,M2:REAL
M2-E05-1004,40,17,M2:REAL
M2-E05-1004,41,17,M2:REAL
M2-E05-1004,42,23,M2:REAL
M2-E05-1004,43,17,M2:REAL
M2-E05-1004,44,23,M2:REAL
M2-E05-1004,45,17,M2:REAL
M2-E05-1004,46,23,M2:REAL
M2-E05-1004,47,23,M2:REAL
M2-E05-1004,48,23,M2:REAL
M2-E05-1004,49,17,M2:REAL
M2-E05-1004,50,17,M2:REAL
M2-E05-1004,51,23,M2:REAL
M2-E05-1004,52,23,M2:REAL
M2-E05-1004,53,17,M2:REAL
M2-E05-1004,54,17,M2:REAL
M2-E05-1004,55,23,M2:REAL
M2-E05-1004,56,23,M2:REAL
M2-E05-1004,57,17,M2:REAL
M2-E05-1004,58,23,M2:REAL
M2-E05-1004,59,17,M2:REAL
M2-E05-1004,60,17,M2:REAL
M2-E05-1004,61,17,M2:REAL
M2-E05-1004,62,17,M2:REAL
M2-E05-1004,63,23,M2:REAL
M2-E05-1004,64,23,M2:REAL
M2-E05-1004,65,17,M2:REAL
M2-E05-1004,66,17,M2:REAL
M2-E05-1004,67,17,M2:REAL
M2-E05-1004,68,23,M2:REAL
M2-E05-1004,69,23,M2:REAL
M2-E05-1004,70,23,M2:REAL
M2-E05-1004,71,23,M2:REAL
M2-E05-1004,72,17,M2:REAL
M2-E05-1004,73,17,M2:REAL
M2-E05-1004,74,23,M2:REAL
M2-E05-1004,75,23,M2:REAL
M2-E05-1004,76,17,M2:REAL
M2-E05-1004,77,17,M2:REAL
M2-E05-1004,78,23,M2:REAL
M2-E05-1004,79,23,M2:REAL
M2-E05-1004,80,17,M2:REAL
M2-E05-1004,81,23,M2:REAL
M2-E05-1004,82,17,M2:REAL
M2-E05-1004,83,17,M2:REAL
M2-E05-1004,84,17,M2:REAL
M2-E05-1004,85,23,M2:REAL
M2-E05-1004,86,23,M2:REAL
M2-E05-1004,87,23,M2:REAL
M2-E05-1004,88,17,M2:REAL
M2-E05-1004,89,23,M2:REAL
M2-E05-1004,90,23,M2:REAL
M2-E05-1004,91,23,M2:REAL
M2-E05-1004,92,17,M2:REAL
M2-E05-1004,93,23,M2:REAL
M2-E05-1004,94,23,M2:REAL
M2-E05-1004,95,17,M2:REAL
M2-E05-1004,96,17,M2:REAL
M2-E05-1004,97,23,M2:REAL
M2-E05-1004,98,17,M2:REAL
M2-E05-1004,99,23,M2:REAL
M4-E04-1004,0,10,M4:REAL
M4-E04-1004,1,11,M4:REAL
M4-E04-1004,2,10,M4:REAL
M4-E04-1004,3,11,M4:REAL
M4-E04-1004,4,10,M4:REAL
M4-E04-1004,5,11,M4:REAL
M4-E04-1004,6,10,M4:REAL
M4-E04-1004,7,11,M4:REAL
M4-E04-1004,8,10,M4:REAL
M4-E04-1004,9,11,M4:REAL
M4-E04-1004,10,10,M4:REAL
M4-E04-1004,11,11,M4:REAL
M4-E04-1004,12,10,M4:REAL
M4-E04-1004,13,11,M4:REAL
M4-E04-1004,14,10,M4:REAL
M4-E04-1004,15,11,M4:REAL
M4-E04-1004,16,10,M4:REAL
M4-E04-1004,17,11,M4:REAL
M4-E04-1004,18,10,M4:REAL
M4-E04-1004,19,11,M4:REAL
M4-E04-1004,20,10,M4:REAL
M4-E04-1004,21,11,M4:REAL
M4-E04-1004,22,10,M4:REAL
M4-E04-1004,23,11,M4:REAL
M4-E04-1004,24,10,M4:REAL
M4-E04-1004,25,11,M4:REAL
M4-E04-1004,26,10,M4:REAL
M4-E04-1004,27,11,M4:REAL
M4-E04-1004,28,10,M4:REAL
M4-E04-1004,29,11,M4:REAL
M4-E04-1004,30,10,M4:REAL
M4-E04-1004,31,11,M4:REAL
M4-E04-1004,32,10,M4:REAL
M4-E04-1004,33,11,M4:REAL
M4-E04-1004,34,10,M4:REAL
M4-E04-1004,35,11,M4:REAL
M4-E04-1004,36,10,M4:REAL
M4-E04-1004,37,11,M4:REAL
M4-E04-1004,38,10,M4:REAL
M4-E04-1004,39,11,M4:REAL
M4-E04-1004,40,10,M4:REAL
M4-E04-1004,41,11,M4:REAL
M4-E04-1004,42,10,M4:REAL
M4-E04-1004,43,11,M4:REAL
M4-E04-1004,44,10,M4:REAL
M4-E04-1004,45,11,M4:REAL
M4-E04-1004,46,10,M4:REAL
M4-E04-1004,47,11,M4:REAL
M4-E04-1004,48,10,M4:REAL
M4-E04-1004,49,11,M4:REAL
M4-E04-1004,50,10,M4:REAL
M4-E04-1004,51,11,M4:REAL
M4-E04-1004,52,10,M4:REAL
M4-E04-1004,53,11,M4:REAL
M4-E04-1004,54,10,M4:REAL
M4-E04-1004,55,11,M4:REAL
M4-E04-1004,56,10,M4:REAL
M4-E04-1004,57,11,M4:REAL
M4-E04-1004,58,10,M4:REAL
M4-E04-1004,59,11,M4:REAL
M4-E04-1004,60,10,M4:REAL
M4-E04-1004,61,11,M4:REAL
M4-E04-1004,62,10,M4:REAL
M4-E04-1004,63,11,M4:REAL
M4-E04-1004,64,10,M4:REAL
M4-E04-1004,65,11,M4:REAL
M4-E04-1004,66,10,M4:REAL
M4-E04-1004,67,11,M4:REAL
M4-E04-1004,68,10,M4:REAL
M4-E04-1004,69,11,M4:REAL
M4-E04-1004,70,10,M4:REAL
M4-E04-1004,71,11,M4:REAL
M4-E04-1004,72,10,M4:REAL
M4-E04-1004,73,11,M4:REAL
M4-E04-1004,74,10,M4:REAL
M4-E04-1004,75,11,M4:REAL
M4-E04-1004,76,10,M4:REAL
M4-E04-1004,77,11,M4:REAL
M4-E04-1004,78,10,M4:REAL
M4-E04-1004,79,11,M4:REAL
M4-E04-1004,80,10,M4:REAL
M4-E04-1004,81,11,M4:REAL
M4-E04-1004,82,10,M4:REAL
M4-E04-1004,83,11,M4:REAL
M4-E04-1004,84,10,M4:REAL
M4-E04-1004,85,11,M4:REAL
M4-E04-1004,86,10,M4:REAL
M4-E04-1004,87,11,M4:REAL
M4-E04-1004,88,10,M4:REAL
M4-E04-1004,89,11,M4:REAL
M4-E04-1004,90,10,M4:REAL
M4-E04-1004,91,11,M4:REAL
M4-E04-1004,92,10,M4:REAL
M4-E04-1004,93,11,M4:REAL
M4-E04-1004,94,10,M4:REAL
M4-E04-1004,95,11,M4:REAL
M4-E04-1004,96,10,M4:REAL
M4-E04-1004,97,11,M4:REAL
M4-E04-1004,98,10,M4:REAL
M4-E04-1004,99,11,M4:REAL
M5-E05-1004,0,10,M5:REAL
M5-E05-1004,1,12,M5:REAL
M5-E05-1004,2,10,M5:REAL
M5-E05-1004,3,12,M5:REAL
M5-E05-1004,4,10,M5:REAL
M5-E05-1004,5,12,M5:REAL
M5-E05-1004,6,10,M5:REAL
M5-E05-1004,7,12,M5:REAL
M5-E05-1004,8,10,M5:REAL
M5-E05-1004,9,12,M5:REAL
M5-E05-1004,10,10,M5:REAL
M5-E05-1004,11,12,M5:REAL
M5-E05-1004,12,10,M5:REAL
M5-E05-1004,13,12,M5:REAL
M5-E05-1004,14,10,M5:REAL
M5-E05-1004,15,12,M5:REAL
M5-E05-1004,16,10,M5:REAL
M5-E05-1004,17,12,M5:REAL
M5-E05-1004,18,10,M5:REAL
M5-E05-1004,19,12,M5:REAL
M5-E05-1004,20,10,M5:REAL
M5-E05-1004,21,12,M5:REAL
M5-E05-1004,22,10,M5:REAL
M5-E05-1004,23,12,M5:REAL
M5-E05-1004,24,10,M5:REAL
M5-E05-1004,25,12,M5:REAL
M5-E05-1004,26,10,M5:REAL
M5-E05-1004,27,12,M5:REAL
M5-E05-1004,28,10,M5:REAL
M5-E05-1004,29,12,M5:REAL
M5-E05-1004,30,10,M5:REAL
M5-E05-1004,31,12,M5:REAL
M5-E05-1004,32,10,M5:REAL
M5-E05-1004,33,12,M5:REAL
M5-E05-1004,34,10,M5:REAL
M5-E05-1004,35,12,M5:REAL
M5-E05-1004,36,10,M5:REAL
M5-E05-1004,37,12,M5:REAL
M5-E05-1004,38,10,M5:REAL
M5-E05-1004,39,12,M5:REAL
M5-E05-1004,40,10,M5:REAL
M5-E05-1004,41,12,M5:REAL
M5-E05-1004,42,10,M5:REAL
M5-E05-1004,43,12,M5:REAL
M5-E05-1004,44,10,M5:REAL
M5-E05-1004,45,12,M5:REAL
M5-E05-1004,46,10,M5:REAL
M5-E05-1004,47,12,M5:REAL
M5-E05-1004,48,10,M5:REAL
M5-E05-1004,49,12,M5:REAL
M5-E05-1004,50,10,M5:REAL
M5-E05-1004,51,12,M5:REAL
M5-E05-1004,52,10,M5:REAL
M5-E05-1004,53,12,M5:REAL
M5-E05-1004,54,10,M5:REAL
M5-E05-1004,55,12,M5:REAL
M5-E05-1004,56,10,M5:REAL
M5-E05-1004,57,12,M5:REAL
M5-E05-1004,58,10,M5:REAL
M5-E05-1004,59,12,M5:REAL
M5-E05-1004,60,10,M5:REAL
M5-E05-1004,61,12,M5:REAL
M5-E05-1004,62,10,M5:REAL
M5-E05-1004,63,12,M5:REAL
M5-E05-1004,64,10,M5:REAL
M5-E05-1004,65,12,M5:REAL
M5-E05-1004,66,10,M5:REAL
M5-E05-1004,67,12,M5:REAL
M5-E05-1004,68,10,M5:REAL
M5-E05-1004,69,12,M5:REAL
M5-E05-1004,70,10,M5:REAL
M5-E05-1004,71,12,M5:REAL
M5-E05-1004,72,10,M5:REAL
M5-E05-1004,73,12,M5:REAL
M5-E05-1004,74,10,M5:REAL
M5-E05-1004,75,12,M5:REAL
M5-E05-1004,76,10,M5:REAL
M5-E05-1004,77,12,M5:REAL
M5-E05-1004,78,10,M5:REAL
M5-E05-1004,79,12,M5:REAL
M5-E05-1004,80,10,M5:REAL
M5-E05-1004,81,12,M5:REAL
M5-E05-1004,82,10,M5:REAL
M5-E05-1004,83,12,M5:REAL
M5-E05-1004,84,10,M5:REAL
M5-E05-1004,85,12,M5:REAL
M5-E05-1004,86,10,M5:REAL
M5-E05-1004,87,12,M5:REAL
M5-E05-1004,88,10,M5:REAL
M5-E05-1004,89,12,M5:REAL
M5-E05-1004,90,10,M5:REAL
M5-E05-1004,91,12,M5:REAL
M5-E05-1004,92,10,M5:REAL
M5-E05-1004,93,12,M5:REAL
M5-E05-1004,94,10,M5:REAL
M5-E05-1004,95,12,M5:REAL
M5-E05-1004,96,10,M5:REAL
M5-E05-1004,97,12,M5:REAL
M5-E05-1004,98,10,M5:REAL
M5-E05-1004,99,12,M5:REAL
M7-E04-1004,0,23,M7:REAL
M7-E04-1004,1,17,M7:REAL
M7-E04-1004,2,17,M7:REAL
M7-E04-1004,3,23,M7:REAL
M7-E04-1004,4,17,M7:REAL
M7-E04-1004,5,17,M7:REAL
M7-E04-1004,6,23,M7:REAL
M7-E04-1004,7,17,M7:REAL
M7-E04-1004,8,17,M7:REAL
M7-E04-1004,9,23,M7:REAL
M7-E04-1004,10,17,M7:REAL
M7-E04-1004,11,17,M7:REAL
M7-E04-1004,12,23,M7:REAL
M7-E04-1004,13,17,M7:REAL
M7-E04-1004,14,17,M7:REAL
M7-E04-1004,15,23,M7:REAL
M7-E04-1004,16,17,M7:REAL
M7-E04-1004,17,17,M7:REAL
M7-E04-1004,18,23,M7:REAL
M7-E04-1004,19,17,M7:REAL
M7-E04-1004,20,17,M7:REAL
M7-E04-1004,21,23,M7:REAL
M7-E04-1004,22,17,M7:REAL
M7-E04-1004,23,17,M7:REAL
M7-E04-1004,24,23,M7:REAL
M7-E04-1004,25,17,M7:REAL
M7-E04-1004,26,17,M7:REAL
M7-E04-1004,27,23,M7:REAL
M7-E04-1004,28,17,M7:REAL
M7-E04-1004,29,17,M7:REAL
M7-E04-1004,30,23,M7:REAL
M7-E04-1004,31,17,M7:REAL
M7-E04-1004,32,17,M7:REAL
M7-E04-1004,33,23,M7:REAL
M7-E04-1004,34,17,M7:REAL
M7-E04-1004,35,17,M7:REAL
M7-E04-1004,36,23,M7:REAL
M7-E04-1004,37,17,M7:REAL
M7-E04-1004,38,17,M7:REAL
M7-E04-1004,39,23,M7:REAL
M7-E04-1004,40,17,M7:REAL
M7-E04-1004,41,17,M7:REAL
M7-E04-1004,42,23,M7:REAL
M7-E04-1004,43,17,M7:REAL
M7-E04-1004,44,17,M7:REAL
M7-E04-1004,45,23,M7:REAL
M7-E04-1004,46,17,M7:REAL
M7-E04-1004,47,17,M7:REAL
M7-E04-1004,48,23,M7:REAL
M7-E04-1004,49,17,M7:REAL
M7-E04-1004,50,17,M7:REAL
M7-E04-1004,51,23,M7:REAL
M7-E04-1004,52,17,M7:REAL
M7-E04-1004,53,17,M7:REAL
M7-E04-1004,54,23,M7:REAL
M7-E04-1004,55,17,M7:REAL
M7-E04-1004,56,17,M7:REAL
M7-E04-1004,57,23,M7:REAL
M7-E04-1004,58,17,M7:REAL
M7-E04-1004,59,17,M7:REAL
M7-E04-1004,60,23,M7:REAL
M7-E04-1004,61,17,M7:REAL
M7-E04-1004,62,17,M7:REAL
M7-E04-1004,63,23,M7:REAL
M7-E04-1004,64,17,M7:REAL
M7-E04-1004,65,17,M7:REAL
M7-E04-1004,66,23,M7:REAL
M7-E04-1004,67,17,M7:REAL
M7-E04-1004,68,17,M7:REAL
M7-E04-1004,69,23,M7:REAL
M7-E04-1004,70,17,M7:REAL
M7-E04-1004,71,17,M7:REAL
M7-E04-1004,72,23,M7:REAL
M7-E04-1004,73,17,M7:REAL
M7-E04-1004,74,17,M7:REAL
M7-E04-1004,75,23,M7:REAL
M7-E04-1004,76,17,M7:REAL
M7-E04-1004,77,17,M7:REAL
M7-E04-1004,78,23,M7:REAL
M7-E04-1004,79,17,M7:REAL
M7-E04-1004,80,17,M7:REAL
M7-E04-1004,81,23,M7:REAL
M7-E04-1004,82,17,M7:REAL
M7-E04-1004,83,17,M7:REAL
M7-E04-1004,84,23,M7:REAL
M7-E04-1004,85,17,M7:REAL
M7-E04-1004,86,17,M7:REAL
M7-E04-1004,87,23,M7:REAL
M7-E04-1004,88,17,M7:REAL
M7-E04-1004,89,17,M7:REAL
M7-E04-1004,90,23,M7:REAL
M7-E04-1004,91,17,M7:REAL
M7-E04-1004,92,17,M7:REAL
M7-E04-1004,93,23,M7:REAL
M7-E04-1004,94,17,M7:REAL
M7-E04-1004,95,17,M7:REAL
M7-E04-1004,96,23,M7:REAL
M7-E04-1004,97,17,M7:REAL
M7-E04-1004,98,17,M7:REAL
M7-E04-1004,99,23,M7:REAL
PIR_REAL_1-E01-1004,0,1023,PIR_REAL_1:DUMMY
PIR_REAL_1-E01-1004,1,1005,PIR_REAL_1:DUMMY
PIR_REAL_1-E01-1004,2,1009,PIR_REAL_1:DUMMY
PIR_REAL_1-E01-1004,3,1047,PIR_REAL_1:DUMMY
PIR_REAL_1-E01-1004,4,1010,PIR_REAL_1:DUMMY
PIR_REAL_1-E01-1004,5,1022,PIR_REAL_1:DUMMY
PIR_REAL_1-E01-1004,6,1045,PIR_REAL_1:DUMMY
PIR_REAL_1-E01-1004,7,1037,PIR_REAL_1:DUMMY
PIR_REAL_1-E01-1004,8,1061,PIR_REAL_1:DUMMY
PIR_REAL_1-E01-1004,9,1009,PIR_REAL_1:DUMMY
PIR_REAL_1-E01-1004,10,1015,PIR_REAL_1:DUMMY
PIR_REAL_1-E01-1004,11,1004,PIR_REAL_1:DUMMY
PIR_REAL_1-E01-1004,12,1041,PIR_REAL_1:DUMMY
PIR_REAL_1-E01-1004,13,1026,PIR_REAL_1:DUMMY
PIR_REAL_1-E01-1004,14,1014,PIR_REAL_1:DUMMY
PIR_REAL_1-E01-1004,15,1042,PIR_REAL_1:DUMMY
PIR_REAL_1-E01-1004,16,1035,PIR_REAL_1:DUMMY
PIR_REAL_1-E01-1004,17,1021,PIR_REAL_1:DUMMY
PIR_REAL_1-E01-1004,18,1004,PIR_REAL_1:DUMMY
PIR_REAL_1-E01-1004,19,1032,PIR_REAL_1:DUMMY
PIR_REAL_1-E01-1004,20,1063,PIR_REAL_1:DUMMY
PIR_REAL_1-E01-1004,21,1031,PIR_REAL_1:DUMMY
PIR_REAL_1-E01-1004,22,1021,PIR_REAL_1:DUMMY
PIR_REAL_1-E01-1004,23,1043,PIR_REAL_1:DUMMY
PIR_REAL_1-E01-1004,24,1043,PIR_REAL_1:DUMMY
PIR_REAL_1-E01-1004,25,1008,PIR_REAL_1:DUMMY
PIR_REAL_1-E01-1004,26,1005,PIR_REAL_1:DUMMY
PIR_REAL_1-E01-1004,27,1047,PIR_REAL_1:DUMMY
PIR_REAL_1-E01-1004,28,1047,PIR_REAL_1:DUMMY
PIR_REAL_1-E01-1004,29,1039,PIR_REAL_1:DUMMY
PIR_REAL_1-E01-1004,30,1056,PIR_REAL_1:DUMMY
PIR_REAL_1-E01-1004,31,1017,PIR_REAL_1:DUMMY
PIR_REAL_1-E01-1004,32,1052,PIR_REAL_1:DUMMY
PIR_REAL_1-E01-1004,33,1046,PIR_REAL_1:DUMMY
PIR_REAL_1-E01-1004,34,1005,PIR_REAL_1:DUMMY
PIR_REAL_1-E01-1004,35,1037,PIR_REAL_1:DUMMY
PIR_REAL_1-E01-1004,36,1009,PIR_REAL_1:DUMMY
PIR_REAL_1-E01-1004,37,1005,PIR_REAL_1:DUMMY
PIR_REAL_1-E01-1004,38,1018,PIR_REAL_1:DUMMY
PIR_REAL_1-E01-1004,39,1028,PIR_REAL_1:DUMMY
PIR_REAL_1-E01-1004,40,1046,PIR_REAL_1:DUMMY
PIR_REAL_1-E01-1004,41,1008,PIR_REAL_1:DUMMY
PIR_REAL_1-E01-1004,42,1014,PIR_REAL_1:DUMMY
PIR_REAL_1-E01-1004,43,1057,PIR_REAL_1:DUMMY
PIR_REAL_1-E01-1004,44,1004,PIR_REAL_1:DUMMY
PIR_REAL_1-E01-1004,45,1056,PIR_REAL_1:DUMMY
PIR_REAL_1-E01-1004,46,1028,PIR_REAL_1:DUMMY
PIR_REAL_1-E01-1004,47,1043,PIR_REAL_1:DUMMY
PIR_REAL_1-E01-1004,48,1027,PIR_REAL_1:DUMMY
PIR_REAL_1-E01-1004,49,1055,PIR_REAL_1:DUMMY
PIR_REAL_1-E01-1004,50,1049,PIR_REAL_1:DUMMY
PIR_REAL_1-E01-1004,51,1056,PIR_REAL_1:DUMMY
PIR_REAL_1-E01-1004,52,1041,PIR_REAL_1:DUMMY
PIR_REAL_1-E01-1004,53,1035,PIR_REAL_1:DUMMY
PIR_REAL_1-E01-1004,54,1017,PIR_REAL_1:DUMMY
PIR_REAL_1-E01-1004,55,1013,PIR_REAL_1:DUMMY
PIR_REAL_1-E01-1004,56,1052,PIR_REAL_1:DUMMY
PIR_REAL_1-E01-1004,57,1016,PIR_REAL_1:DUMMY
PIR_REAL_1-E01-1004,58,1055,PIR_REAL_1:DUMMY
PIR_REAL_1-E01-1004,59,1021,PIR_REAL_1:DUMMY
PIR_REAL_1-E01-1004,60,1022,PIR_REAL_1:DUMMY
PIR_REAL_1-E01-1004,61,1039,PIR_REAL_1:DUMMY
PIR_REAL_1-E01-1004,62,1020,PIR_REAL_1:DUMMY
PIR_REAL_1-E01-1004,63,17,PIR_REAL_1:REAL
PIR_REAL_1-E01-1004,64,1030,PIR_REAL_1:DUMMY
PIR_REAL_1-E01-1004,65,1055,PIR_REAL_1:DUMMY
PIR_REAL_1-E01-1004,66,1017,PIR_REAL_1:DUMMY
PIR_REAL_1-E01-1004,67,1050,PIR_REAL_1:DUMMY
PIR_REAL_1-E01-1004,68,1042,PIR_REAL_1:DUMMY
PIR_REAL_1-E01-1004,69,1056,PIR_REAL_1:DUMMY
PIR_REAL_1-E01-1004,70,1008,PIR_REAL_1:DUMMY
PIR_REAL_1-E01-1004,71,1006,PIR_REAL_1:DUMMY
PIR_REAL_1-E01-1004,72,1044,PIR_REAL_1:DUMMY
PIR_REAL_1-E01-1004,73,1039,PIR_REAL_1:DUMMY
PIR_REAL_1-E01-1004,74,1027,PIR_REAL_1:DUMMY
PIR_REAL_1-E01-1004,75,1040,PIR_REAL_1:DUMMY
PIR_REAL_1-E01-1004,76,1011,PIR_REAL_1:DUMMY
PIR_REAL_1-E01-1004,77,1031,PIR_REAL_1:DUMMY
PIR_REAL_1-E01-1004,78,1039,PIR_REAL_1:DUMMY
PIR_REAL_1-E01-1004,79,1049,PIR_REAL_1:DUMMY
PIR_REAL_1-E01-1004,80,1044,PIR_REAL_1:DUMMY
PIR_REAL_1-E01-1004,81,1021,PIR_REAL_1:DUMMY
PIR_REAL_1-E01-1004,82,1000,PIR_REAL_1:DUMMY
PIR_REAL_1-E01-1004,83,1016,PIR_REAL_1:DUMMY
PIR_REAL_1-E01-1004,84,1015,PIR_REAL_1:DUMMY
PIR_REAL_1-E01-1004,85,1015,PIR_REAL_1:DUMMY
PIR_REAL_1-E01-1004,86,1025,PIR_REAL_1:DUMMY
PIR_REAL_1-E01-1004,87,1013,PIR_REAL_1:DUMMY
PIR_REAL_1-E01-1004,88,1009,PIR_REAL_1:DUMMY
PIR_REAL_1-E01-1004,89,1001,PIR_REAL_1:DUMMY
PIR_REAL_1-E01-1004,90,1016,PIR_REAL_1:DUMMY
PIR_REAL_1-E01-1004,91,1040,PIR_REAL_1:DUMMY
PIR_REAL_1-E01-1004,92,1026,PIR_REAL_1:DUMMY
PIR_REAL_1-E01-1004,93,1006,PIR_REAL_1:DUMMY
PIR_REAL_1-E01-1004,94,1029,PIR_REAL_1:DUMMY
PIR_REAL_1-E01-1004,95,1012,PIR_REAL_1:DUMMY
PIR_REAL_1-E01-1004,96,1031,PIR_REAL_1:DUMMY
PIR_REAL_1-E01-1004,97,1023,PIR_REAL_1:DUMMY
PIR_REAL_1-E01-1004,98,1058,PIR_REAL_1:DUMMY
PIR_REAL_1-E01-1004,99,1058,PIR_REAL_1:DUMMY
PIR_REAL_100-E01-1004,0,17,PIR_REAL_100:REAL
PIR_REAL_100-E01-1004,1,17,PIR_REAL_100:REAL
PIR_REAL_100-E01-1004,2,17,PIR_REAL_100:REAL
PIR_REAL_100-E01-1004,3,17,PIR_REAL_100:REAL
PIR_REAL_100-E01-1004,4,17,PIR_REAL_100:REAL
PIR_REAL_100-E01-1004,5,17,PIR_REAL_100:REAL
PIR_REAL_100-E01-1004,6,17,PIR_REAL_100:REAL
PIR_REAL_100-E01-1004,7,17,PIR_REAL_100:REAL
PIR_REAL_100-E01-1004,8,17,PIR_REAL_100:REAL
PIR_REAL_100-E01-1004,9,17,PIR_REAL_100:REAL
PIR_REAL_100-E01-1004,10,17,PIR_REAL_100:REAL
PIR_REAL_100-E01-1004,11,17,PIR_REAL_100:REAL
PIR_REAL_100-E01-1004,12,17,PIR_REAL_100:REAL
PIR_REAL_100-E01-1004,13,17,PIR_REAL_100:REAL
PIR_REAL_100-E01-1004,14,17,PIR_REAL_100:REAL
PIR_REAL_100-E01-1004,15,17,PIR_REAL_100:REAL
PIR_REAL_100-E01-1004,16,17,PIR_REAL_100:REAL
PIR_REAL_100-E01-1004,17,17,PIR_REAL_100:REAL
PIR_REAL_100-E01-1004,18,17,PIR_REAL_100:REAL
PIR_REAL_100-E01-1004,19,17,PIR_REAL_100:REAL
PIR_REAL_100-E01-1004,20,17,PIR_REAL_100:REAL
PIR_REAL_100-E01-1004,21,17,PIR_REAL_100:REAL
PIR_REAL_100-E01-1004,22,17,PIR_REAL_100:REAL
PIR_REAL_100-E01-1004,23,17,PIR_REAL_100:REAL
PIR_REAL_100-E01-1004,24,17,PIR_REAL_100:REAL
PIR_REAL_100-E01-1004,25,17,PIR_REAL_100:REAL
PIR_REAL_100-E01-1004,26,17,PIR_REAL_100:REAL
PIR_REAL_100-E01-1004,27,17,PIR_REAL_100:REAL
PIR_REAL_100-E01-1004,28,17,PIR_REAL_100:REAL
PIR_REAL_100-E01-1004,29,17,PIR_REAL_100:REAL
PIR_REAL_100-E01-1004,30,17,PIR_REAL_100:REAL
PIR_REAL_100-E01-1004,31,17,PIR_REAL_100:REAL
PIR_REAL_100-E01-1004,32,17,PIR_REAL_100:REAL
PIR_REAL_100-E01-1004,33,17,PIR_REAL_100:REAL
PIR_REAL_100-E01-1004,34,17,PIR_REAL_100:REAL
PIR_REAL_100-E01-1004,35,17,PIR_REAL_100:REAL
PIR_REAL_100-E01-1004,36,17,PIR_REAL_100:REAL
PIR_REAL_100-E01-1004,37,17,PIR_REAL_100:REAL
PIR_REAL_100-E01-1004,38,17,PIR_REAL_100:REAL
PIR_REAL_100-E01-1004,39,17,PIR_REAL_100:REAL
PIR_REAL_100-E01-1004,40,17,PIR_REAL_100:REAL
PIR_REAL_100-E01-1004,41,17,PIR_REAL_100:REAL
PIR_REAL_100-E01-1004,42,17,PIR_REAL_100:REAL
PIR_REAL_100-E01-1004,43,17,PIR_REAL_100:REAL
PIR_REAL_100-E01-1004,44,17,PIR_REAL_100:REAL
PIR_REAL_100-E01-1004,45,17,PIR_REAL_100:REAL
PIR_REAL_100-E01-1004,46,17,PIR_REAL_100:REAL
PIR_REAL_100-E01-1004,47,17,PIR_REAL_100:REAL
PIR_REAL_100-E01-1004,48,17,PIR_REAL_100:REAL
PIR_REAL_100-E01-1004,49,17,PIR_REAL_100:REAL
PIR_REAL_100-E01-1004,50,17,PIR_REAL_100:REAL
PIR_REAL_100-E01-1004,51,17,PIR_REAL_100:REAL
PIR_REAL_100-E01-1004,52,17,PIR_REAL_100:REAL
PIR_REAL_100-E01-1004,53,17,PIR_REAL_100:REAL
PIR_REAL_100-E01-1004,54,17,PIR_REAL_100:REAL
PIR_REAL_100-E01-1004,55,17,PIR_REAL_100:REAL
PIR_REAL_100-E01-1004,56,17,PIR_REAL_100:REAL
PIR_REAL_100-E01-1004,57,17,PIR_REAL_100:REAL
PIR_REAL_100-E01-1004,58,17,PIR_REAL_100:REAL
PIR_REAL_100-E01-1004,59,17,PIR_REAL_100:REAL
PIR_REAL_100-E01-1004,60,17,PIR_REAL_100:REAL
PIR_REAL_100-E01-1004,61,17,PIR_REAL_100:REAL
PIR_REAL_100-E01-1004,62,17,PIR_REAL_100:REAL
PIR_REAL_100-E01-1004,63,17,PIR_REAL_100:REAL
PIR_REAL_100-E01-1004,64,17,PIR_REAL_100:REAL
PIR_REAL_100-E01-1004,65,17,PIR_REAL_100:REAL
PIR_REAL_100-E01-1004,66,17,PIR_REAL_100:REAL
PIR_REAL_100-E01-1004,67,17,PIR_REAL_100:REAL
PIR_REAL_100-E01-1004,68,17,PIR_REAL_100:REAL
PIR_REAL_100-E01-1004,69,17,PIR_REAL_100:REAL
PIR_REAL_100-E01-1004,70,17,PIR_REAL_100:REAL
PIR_REAL_100-E01-1004,71,17,PIR_REAL_100:REAL
PIR_REAL_100-E01-1004,72,17,PIR_REAL_100:REAL
PIR_REAL_100-E01-1004,73,17,PIR_REAL_100:REAL
PIR_REAL_100-E01-1004,74,17,PIR_REAL_100:REAL
PIR_REAL_100-E01-1004,75,17,PIR_REAL_100:REAL
PIR_REAL_100-E01-1004,76,17,PIR_REAL_100:REAL
PIR_REAL_100-E01-1004,77,17,PIR_REAL_100:REAL
PIR_REAL_100-E01-1004,78,17,PIR_REAL_100:REAL
PIR_REAL_100-E01-1004,79,17,PIR_REAL_100:REAL
PIR_REAL_100-E01-1004,80,17,PIR_REAL_100:REAL
PIR_REAL_100-E01-1004,81,17,PIR_REAL_100:REAL
PIR_REAL_100-E01-1004,82,17,PIR_REAL_100:REAL
PIR_REAL_100-E01-1004,83,17,PIR_REAL_100:REAL
PIR_REAL_100-E01-1004,84,17,PIR_REAL_100:REAL
PIR_REAL_100-E01-1004,85,17,PIR_REAL_100:REAL
PIR_REAL_100-E01-1004,86,17,PIR_REAL_100:REAL
PIR_REAL_100-E01-1004,87,17,PIR_REAL_100:REAL
PIR_REAL_100-E01-1004,88,17,PIR_REAL_100:REAL
PIR_REAL_100-E01-1004,89,17,PIR_REAL_100:REAL
PIR_REAL_100-E01-1004,90,17,PIR_REAL_100:REAL
PIR_REAL_100-E01-1004,91,17,PIR_REAL_100:REAL
PIR_REAL_100-E01-1004,92,17,PIR_REAL_100:REAL
PIR_REAL_100-E01-1004,93,17,PIR_REAL_100:REAL
PIR_REAL_100-E01-1004,94,17,PIR_REAL_100:REAL
PIR_REAL_100-E01-1004,95,17,PIR_REAL_100:REAL
PIR_REAL_100-E01-1004,96,17,PIR_REAL_100:REAL
PIR_REAL_100-E01-1004,97,17,PIR_REAL_100:REAL
PIR_REAL_100-E01-1004,98,17,PIR_REAL_100:REAL
PIR_REAL_100-E01-1004,99,17,PIR_REAL_100:REAL
M2-E02-1004,0,23,M2:REAL
M2-E02-1004,1,17,M2:REAL
M2-E02-1004,2,23,M2:REAL
M2-E02-1004,3,23,M2:REAL
M2-E02-1004,4,17,M2:REAL
M2-E02-1004,5,23,M2:REAL
M2-E02-1004,6,17,M2:REAL
M2-E02-1004,7,17,M2:REAL
M2-E02-1004,8,23,M2:REAL
M2-E02-1004,9,17,M2:REAL
M2-E02-1004,10,23,M2:REAL
M2-E02-1004,11,17,M2:REAL
M2-E02-1004,12,23,M2:REAL
M2-E02-1004,13,17,M2:REAL
M2-E02-1004,14,23,M2:REAL
M2-E02-1004,15,17,M2:REAL
M2-E02-1004,16,17,M2:REAL
M2-E02-1004,17,17,M2:REAL
M2-E02-1004,18,23,M2:REAL
M2-E02-1004,19,17,M2:REAL
M2-E02-1004,20,17,M2:REAL
M2-E02-1004,21,23,M2:REAL
M2-E02-1004,22,17,M2:REAL
M2-E02-1004,23,17,M2:REAL
M2-E02-1004,24,23,M2:REAL
M2-E02-1004,25,17,M2:REAL
M2-E02-1004,26,23,M2:REAL
M2-E02-1004,27,23,M2:REAL
M2-E02-1004,28,17,M2:REAL
M2-E02-1004,29,23,M2:REAL
M2-E02-1004,30,17,M2:REAL
M2-E02-1004,31,23,M2:REAL
M2-E02-1004,32,23,M2:REAL
M2-E02-1004,33,17,M2:REAL
M2-E02-1004,34,17,M2:REAL
M2-E02-1004,35,23,M2:REAL
M2-E02-1004,36,17,M2:REAL
M2-E02-1004,37,17,M2:REAL
M2-E02-1004,38,23,M2:REAL
M2-E02-1004,39,23,M2:REAL
M2-E02-1004,40,17,M2:REAL
M2-E02-1004,41,17,M2:REAL
M2-E02-1004,42,23,M2:REAL
M2-E02-1004,43,23,M2:REAL
M2-E02-1004,44,23,M2:REAL
M2-E02-1004,45,23,M2:REAL
M2-E02-1004,46,23,M2:REAL
M2-E02-1004,47,23,M2:REAL
M2-E02-1004,48,23,M2:REAL
M2-E02-1004,49,23,M2:REAL
M2-E02-1004,50,17,M2:REAL
M2-E02-1004,51,23,M2:REAL
M2-E02-1004,52,23,M2:REAL
M2-E02-1004,53,17,M2:REAL
M2-E02-1004,54,17,M2:REAL
M2-E02-1004,55,17,M2:REAL
M2-E02-1004,56,17,M2:REAL
M2-E02-1004,57,17,M2:REAL
M2-E02-1004,58,17,M2:REAL
M2-E02-1004,59,23,M2:REAL
M2-E02-1004,60,17,M2:REAL
M2-E02-1004,61,23,M2:REAL
M2-E02-1004,62,23,M2:REAL
M2-E02-1004,63,17,M2:REAL
M2-E02-1004,64,23,M2:REAL
M2-E02-1004,65,17,M2:REAL
M2-E02-1004,66,17,M2:REAL
M2-E02-1004,67,17,M2:REAL
M2-E02-1004,68,17,M2:REAL
M2-E02-1004,69,23,M2:REAL
M2-E02-1004,70,17,M2:REAL
M2-E02-1004,71,17,M2:REAL
M2-E02-1004,72,23,M2:REAL
M2-E02-1004,73,23,M2:REAL
M2-E02-1004,74,23,M2:REAL
M2-E02-1004,75,17,M2:REAL
M2-E02-1004,76,23,M2:REAL
M2-E02-1004,77,23,M2:REAL
M2-E02-1004,78,23,M2:REAL
M2-E02-1004,79,23,M2:REAL
M2-E02-1004,80,17,M2:REAL
M2-E02-1004,81,23,M2:REAL
M2-E02-1004,82,17,M2:REAL
M2-E02-1004,83,23,M2:REAL
M2-E02-1004,84,17,M2:REAL
M2-E02-1004,85,17,M2:REAL
M2-E02-1004,86,23,M2:REAL
M2-E02-1004,87,23,M2:REAL
M2-E02-1004,88,17,M2:REAL
M2-E02-1004,89,17,M2:REAL
M2-E02-1004,90,17,M2:REAL
M2-E02-1004,91,17,M2:REAL
M2-E02-1004,92,17,M2:REAL
M2-E02-1004,93,23,M2:REAL
M2-E02-1004,94,17,M2:REAL
M2-E02-1004,95,23,M2:REAL
M2-E02-1004,96,17,M2:REAL
M2-E02-1004,97,23,M2:REAL
M2-E02-1004,98,23,M2:REAL
M2-E02-1004,99,23,M2:REAL
M6-E04-1004,0,30,M6:REAL
M6-E04-1004,1,30,M6:REAL
M6-E04-1004,2,30,M6:REAL
M6-E04-1004,3,30,M6:REAL
M6-E04-1004,4,30,M6:REAL
M6-E04-1004,5,30,M6:REAL
M6-E04-1004,6,30,M6:REAL
M6-E04-1004,7,30,M6:REAL
M6-E04-1004,8,30,M6:REAL
M6-E04-1004,9,30,M6:REAL
M6-E04-1004,10,30,M6:REAL
M6-E04-1004,11,30,M6:REAL
M6-E04-1004,12,30,M6:REAL
M6-E04-1004,13,30,M6:REAL
M6-E04-1004,14,30,M6:REAL
M6-E04-1004,15,30,M6:REAL
M6-E04-1004,16,30,M6:REAL
M6-E04-1004,17,30,M6:REAL
M6-E04-1004,18,30,M6:REAL
M6-E04-1004,19,30,M6:REAL
M6-E04-1004,20,30,M6:REAL
M6-E04-1004,21,30,M6:REAL
M6-E04-1004,22,30,M6:REAL
M6-E04-1004,23,30,M6:REAL
M6-E04-1004,24,30,M6:REAL
M6-E04-1004,25,30,M6:REAL
M6-E04-1004,26,30,M6:REAL
M6-E04-1004,27,30,M6:REAL
M6-E04-1004,28,30,M6:REAL
M6-E04-1004,29,30,M6:REAL
M6-E04-1004,30,30,M6:REAL
M6-E04-1004,31,30,M6:REAL
M6-E04-1004,32,30,M6:REAL
M6-E04-1004,33,30,M6:REAL
M6-E04-1004,34,30,M6:REAL
M6-E04-1004,35,30,M6:REAL
M6-E04-1004,36,30,M6:REAL
M6-E04-1004,37,30,M6:REAL
M6-E04-1004,38,30,M6:REAL
M6-E04-1004,39,30,M6:REAL
M6-E04-1004,40,30,M6:REAL
M6-E04-1004,41,30,M6:REAL
M6-E04-1004,42,30,M6:REAL
M6-E04-1004,43,30,M6:REAL
M6-E04-1004,44,30,M6:REAL
M6-E04-1004,45,30,M6:REAL
M6-E04-1004,46,30,M6:REAL
M6-E04-1004,47,30,M6:REAL
M6-E04-1004,48,30,M6:REAL
M6-E04-1004,49,30,M6:REAL
M6-E04-1004,50,30,M6:REAL
M6-E04-1004,51,30,M6:REAL
M6-E04-1004,52,30,M6:REAL
M6-E04-1004,53,30,M6:REAL
M6-E04-1004,54,30,M6:REAL
M6-E04-1004,55,30,M6:REAL
M6-E04-1004,56,30,M6:REAL
M6-E04-1004,57,30,M6:REAL
M6-E04-1004,58,30,M6:REAL
M6-E04-1004,59,30,M6:REAL
M6-E04-1004,60,30,M6:REAL
M6-E04-1004,61,30,M6:REAL
M6-E04-1004,62,30,M6:REAL
M6-E04-1004,63,30,M6:REAL
M6-E04-1004,64,30,M6:REAL
M6-E04-1004,65,30,M6:REAL
M6-E04-1004,66,30,M6:REAL
M6-E04-1004,67,30,M6:REAL
M6-E04-1004,68,30,M6:REAL
M6-E04-1004,69,30,M6:REAL
M6-E04-1004,70,30,M6:REAL
M6-E04-1004,71,30,M6:REAL
M6-E04-1004,72,30,M6:REAL
M6-E04-1004,73,30,M6:REAL
M6-E04-1004,74,30,M6:REAL
M6-E04-1004,75,30,M6:REAL
M6-E04-1004,76,30,M6:REAL
M6-E04-1004,77,30,M6:REAL
M6-E04-1004,78,30,M6:REAL
M6-E04-1004,79,30,M6:REAL
M6-E04-1004,80,30,M6:REAL
M6-E04-1004,81,30,M6:REAL
M6-E04-1004,82,30,M6:REAL
M6-E04-1004,83,30,M6:REAL
M6-E04-1004,84,30,M6:REAL
M6-E04-1004,85,30,M6:REAL
M6-E04-1004,86,30,M6:REAL
M6-E04-1004,87,30,M6:REAL
M6-E04-1004,88,30,M6:REAL
M6-E04-1004,89,30,M6:REAL
M6-E04-1004,90,30,M6:REAL
M6-E04-1004,91,30,M6:REAL
M6-E04-1004,92,30,M6:REAL
M6-E04-1004,93,30,M6:REAL
M6-E04-1004,94,30,M6:REAL
M6-E04-1004,95,30,M6:REAL
M6-E04-1004,96,30,M6:REAL
M6-E04-1004,97,30,M6:REAL
M6-E04-1004,98,30,M6:REAL
M6-E04-1004,99,30,M6:REAL
M6-E05-1004,0,31,M6:REAL
M6-E05-1004,1,31,M6:REAL
M6-E05-1004,2,31,M6:REAL
M6-E05-1004,3,31,M6:REAL
M6-E05-1004,4,31,M6:REAL
M6-E05-1004,5,31,M6:REAL
M6-E05-1004,6,31,M6:REAL
M6-E05-1004,7,31,M6:REAL
M6-E05-1004,8,31,M6:REAL
M6-E05-1004,9,31,M6:REAL
M6-E05-1004,10,31,M6:REAL
M6-E05-1004,11,31,M6:REAL
M6-E05-1004,12,31,M6:REAL
M6-E05-1004,13,31,M6:REAL
M6-E05-1004,14,31,M6:REAL
M6-E05-1004,15,31,M6:REAL
M6-E05-1004,16,31,M6:REAL
M6-E05-1004,17,31,M6:REAL
M6-E05-1004,18,31,M6:REAL
M6-E05-1004,19,31,M6:REAL
M6-E05-1004,20,31,M6:REAL
M6-E05-1004,21,31,M6:REAL
M6-E05-1004,22,31,M6:REAL
M6-E05-1004,23,31,M6:REAL
M6-E05-1004,24,31,M6:REAL
M6-E05-1004,25,31,M6:REAL
M6-E05-1004,26,31,M6:REAL
M6-E05-1004,27,31,M6:REAL
M6-E05-1004,28,31,M6:REAL
M6-E05-1004,29,31,M6:REAL
M6-E05-1004,30,31,M6:REAL
M6-E05-1004,31,31,M6:REAL
M6-E05-1004,32,31,M6:REAL
M6-E05-1004,33,31,M6:REAL
M6-E05-1004,34,31,M6:REAL
M6-E05-1004,35,31,M6:REAL
M6-E05-1004,36,31,M6:REAL
M6-E05-1004,37,31,M6:REAL
M6-E05-1004,38,31,M6:REAL
M6-E05-1004,39,31,M6:REAL
M6-E05-1004,40,31,M6:REAL
M6-E05-1004,41,31,M6:REAL
M6-E05-1004,42,31,M6:REAL
M6-E05-1004,43,31,M6:REAL
M6-E05-1004,44,31,M6:REAL
M6-E05-1004,45,31,M6:REAL
M6-E05-1004,46,31,M6:REAL
M6-E05-1004,47,31,M6:REAL
M6-E05-1004,48,31,M6:REAL
M6-E05-1004,49,31,M6:REAL
M6-E05-1004,50,31,M6:REAL
M6-E05-1004,51,31,M6:REAL
M6-E05-1004,52,31,M6:REAL
M6-E05-1004,53,31,M6:REAL
M6-E05-1004,54,31,M6:REAL
M6-E05-1004,55,31,M6:REAL
M6-E05-1004,56,31,M6:REAL
M6-E05-1004,57,31,M6:REAL
M6-E05-1004,58,31,M6:REAL
M6-E05-1004,59,31,M6:REAL
M6-E05-1004,60,31,M6:REAL
M6-E05-1004,61,31,M6:REAL
M6-E05-1004,62,31,M6:REAL
M6-E05-1004,63,31,M6:REAL
M6-E05-1004,64,31,M6:REAL
M6-E05-1004,65,31,M6:REAL
M6-E05-1004,66,31,M6:REAL
M6-E05-1004,67,31,M6:REAL
M6-E05-1004,68,31,M6:REAL
M6-E05-1004,69,31,M6:REAL
M6-E05-1004,70,31,M6:REAL
M6-E05-1004,71,31,M6:REAL
M6-E05-1004,72,31,M6:REAL
M6-E05-1004,73,31,M6:REAL
M6-E05-1004,74,31,M6:REAL
M6-E05-1004,75,31,M6:REAL
M6-E05-1004,76,31,M6:REAL
M6-E05-1004,77,31,M6:REAL
M6-E05-1004,78,31,M6:REAL
M6-E05-1004,79,31,M6:REAL
M6-E05-1004,80,31,M6:REAL
M6-E05-1004,81,31,M6:REAL
M6-E05-1004,82,31,M6:REAL
M6-E05-1004,83,31,M6:REAL
M6-E05-1004,84,31,M6:REAL
M6-E05-1004,85,31,M6:REAL
M6-E05-1004,86,31,M6:REAL
M6-E05-1004,87,31,M6:REAL
M6-E05-1004,88,31,M6:REAL
M6-E05-1004,89,31,M6:REAL
M6-E05-1004,90,31,M6:REAL
M6-E05-1004,91,31,M6:REAL
M6-E05-1004,92,31,M6:REAL
M6-E05-1004,93,31,M6:REAL
M6-E05-1004,94,31,M6:REAL
M6-E05-1004,95,31,M6:REAL
M6-E05-1004,96,31,M6:REAL
M6-E05-1004,97,31,M6:REAL
M6-E05-1004,98,31,M6:REAL
M6-E05-1004,99,31,M6:REAL
PIR_REAL_1-E05-1004,0,1060,PIR_REAL_1:DUMMY
PIR_REAL_1-E05-1004,1,1048,PIR_REAL_1:DUMMY
PIR_REAL_1-E05-1004,2,1023,PIR_REAL_1:DUMMY
PIR_REAL_1-E05-1004,3,1022,PIR_REAL_1:DUMMY
PIR_REAL_1-E05-1004,4,1025,PIR_REAL_1:DUMMY
PIR_REAL_1-E05-1004,5,1038,PIR_REAL_1:DUMMY
PIR_REAL_1-E05-1004,6,1024,PIR_REAL_1:DUMMY
PIR_REAL_1-E05-1004,7,1050,PIR_REAL_1:DUMMY
PIR_REAL_1-E05-1004,8,1047,PIR_REAL_1:DUMMY
PIR_REAL_1-E05-1004,9,1001,PIR_REAL_1:DUMMY
PIR_REAL_1-E05-1004,10,1045,PIR_REAL_1:DUMMY
PIR_REAL_1-E05-1004,11,1057,PIR_REAL_1:DUMMY
PIR_REAL_1-E05-1004,12,1058,PIR_REAL_1:DUMMY
PIR_REAL_1-E05-1004,13,1001,PIR_REAL_1:DUMMY
PIR_REAL_1-E05-1004,14,1035,PIR_REAL_1:DUMMY
PIR_REAL_1-E05-1004,15,1042,PIR_REAL_1:DUMMY
PIR_REAL_1-E05-1004,16,1034,PIR_REAL_1:DUMMY
PIR_REAL_1-E05-1004,17,1049,PIR_REAL_1:DUMMY
PIR_REAL_1-E05-1004,18,1044,PIR_REAL_1:DUMMY
PIR_REAL_1-E05-1004,19,1038,PIR_REAL_1:DUMMY
PIR_REAL_1-E05-1004,20,1033,PIR_REAL_1:DUMMY
PIR_REAL_1-E05-1004,21,1039,PIR_REAL_1:DUMMY
PIR_REAL_1-E05-1004,22,1029,PIR_REAL_1:DUMMY
PIR_REAL_1-E05-1004,23,1062,PIR_REAL_1:DUMMY
PIR_REAL_1-E05-1004,24,1006,PIR_REAL_1:DUMMY
PIR_REAL_1-E05-1004,25,1007,PIR_REAL_1:DUMMY
PIR_REAL_1-E05-1004,26,1033,PIR_REAL_1:DUMMY
PIR_REAL_1-E05-1004,27,1023,PIR_REAL_1:DUMMY
PIR_REAL_1-E05-1004,28,1003,PIR_REAL_1:DUMMY
PIR_REAL_1-E05-1004,29,1061,PIR_REAL_1:DUMMY
PIR_REAL_1-E05-1004,30,1045,PIR_REAL_1:DUMMY
PIR_REAL_1-E05-1004,31,1062,PIR_REAL_1:DUMMY
PIR_REAL_1-E05-1004,32,1039,PIR_REAL_1:DUMMY
PIR_REAL_1-E05-1004,33,1030,PIR_REAL_1:DUMMY
PIR_REAL_1-E05-1004,34,1026,PIR_REAL_1:DUMMY
PIR_REAL_1-E05-1004,35,1033,PIR_REAL_1:DUMMY
PIR_REAL_1-E05-1004,36,1021,PIR_REAL_1:DUMMY
PIR_REAL_1-E05-1004,37,1023,PIR_REAL_1:DUMMY
PIR_REAL_1-E05-1004,38,1012,PIR_REAL_1:DUMMY
PIR_REAL_1-E05-1004,39,1003,PIR_REAL_1:DUMMY
PIR_REAL_1-E05-1004,40,1054,PIR_REAL_1:DUMMY
PIR_REAL_1-E05-1004,41,1009,PIR_REAL_1:DUMMY
PIR_REAL_1-E05-1004,42,1011,PIR_REAL_1:DUMMY
PIR_REAL_1-E05-1004,43,1048,PIR_REAL_1:DUMMY
PIR_REAL_1-E05-1004,44,1012,PIR_REAL_1:DUMMY
PIR_REAL_1-E05-1004,45,1052,PIR_REAL_1:DUMMY
PIR_REAL_1-E05-1004,46,1002,PIR_REAL_1:DUMMY
PIR_REAL_1-E05-1004,47,1028,PIR_REAL_1:DUMMY
PIR_REAL_1-E05-1004,48,1062,PIR_REAL_1:DUMMY
PIR_REAL_1-E05-1004,49,1047,PIR_REAL_1:DUMMY
PIR_REAL_1-E05-1004,50,1042,PIR_REAL_1:DUMMY
PIR_REAL_1-E05-1004,51,1052,PIR_REAL_1:DUMMY
PIR_REAL_1-E05-1004,52,1016,PIR_REAL_1:DUMMY
PIR_REAL_1-E05-1004,53,1004,PIR_REAL_1:DUMMY
PIR_REAL_1-E05-1004,54,1058,PIR_REAL_1:DUMMY
PIR_REAL_1-E05-1004,55,1036,PIR_REAL_1:DUMMY
PIR_REAL_1-E05-1004,56,1038,PIR_REAL_1:DUMMY
PIR_REAL_1-E05-1004,57,1035,PIR_REAL_1:DUMMY
PIR_REAL_1-E05-1004,58,1046,PIR_REAL_1:DUMMY
PIR_REAL_1-E05-1004,59,1059,PIR_REAL_1:DUMMY
PIR_REAL_1-E05-1004,60,1033,PIR_REAL_1:DUMMY
PIR_REAL_1-E05-1004,61,1030,PIR_REAL_1:DUMMY
PIR_REAL_1-E05-1004,62,1057,PIR_REAL_1:DUMMY
PIR_REAL_1-E05-1004,63,1009,PIR_REAL_1:DUMMY
PIR_REAL_1-E05-1004,64,1049,PIR_REAL_1:DUMMY
PIR_REAL_1-E05-1004,65,1047,PIR_REAL_1:DUMMY
PIR_REAL_1-E05-1004,66,1039,PIR_REAL_1:DUMMY
PIR_REAL_1-E05-1004,67,1027,PIR_REAL_1:DUMMY
PIR_REAL_1-E05-1004,68,1057,PIR_REAL_1:DUMMY
PIR_REAL_1-E05-1004,69,1055,PIR_REAL_1:DUMMY
PIR_REAL_1-E05-1004,70,1058,PIR_REAL_1:DUMMY
PIR_REAL_1-E05-1004,71,1043,PIR_REAL_1:DUMMY
PIR_REAL_1-E05-1004,72,1002,PIR_REAL_1:DUMMY
PIR_REAL_1-E05-1004,73,1019,PIR_REAL_1:DUMMY
PIR_REAL_1-E05-1004,74,1015,PIR_REAL_1:DUMMY
PIR_REAL_1-E05-1004,75,1043,PIR_REAL_1:DUMMY
PIR_REAL_1-E05-1004,76,1053,PIR_REAL_1:DUMMY
PIR_REAL_1-E05-1004,77,1023,PIR_REAL_1:DUMMY
PIR_REAL_1-E05-1004,78,1061,PIR_REAL_1:DUMMY
PIR_REAL_1-E05-1004,79,1011,PIR_REAL_1:DUMMY
PIR_REAL_1-E05-1004,80,1012,PIR_REAL_1:DUMMY
PIR_REAL_1-E05-1004,81,1004,PIR_REAL_1:DUMMY
PIR_REAL_1-E05-1004,82,1033,PIR_REAL_1:DUMMY
PIR_REAL_1-E05-1004,83,1015,PIR_REAL_1:DUMMY
PIR_REAL_1-E05-1004,84,1002,PIR_REAL_1:DUMMY
PIR_REAL_1-E05-1004,85,1038,PIR_REAL_1:DUMMY
PIR_REAL_1-E05-1004,86,1004,PIR_REAL_1:DUMMY
PIR_REAL_1-E05-1004,87,17,PIR_REAL_1:REAL
PIR_REAL_1-E05-1004,88,1048,PIR_REAL_1:DUMMY
PIR_REAL_1-E05-1004,89,1037,PIR_REAL_1:DUMMY
PIR_REAL_1-E05-1004,90,1033,PIR_REAL_1:DUMMY
PIR_REAL_1-E05-1004,91,1055,PIR_REAL_1:DUMMY
PIR_REAL_1-E05-1004,92,1038,PIR_REAL_1:DUMMY
PIR_REAL_1-E05-1004,93,1019,PIR_REAL_1:DUMMY
PIR_REAL_1-E05-1004,94,1061,PIR_REAL_1:DUMMY
PIR_REAL_1-E05-1004,95,1043,PIR_REAL_1:DUMMY
PIR_REAL_1-E05-1004,96,1059,PIR_REAL_1:DUMMY
PIR_REAL_1-E05-1004,97,1063,PIR_REAL_1:DUMMY
PIR_REAL_1-E05-1004,98,1029,PIR_REAL_1:DUMMY
PIR_REAL_1-E05-1004,99,1026,PIR_REAL_1:DUMMY
