episode,round,index,class
M2-E02,0,17,M2
M2-E02,1,23,M2
M2-E02,2,17,M2
M2-E02,3,23,M2
M2-E02,4,23,M2
M2-E02,5,23,M2
M2-E02,6,17,M2
M2-E02,7,17,M2
M2-E02,8,23,M2
M2-E02,9,23,M2
M2-E02,10,17,M2
M2-E02,11,17,M2
M2-E02,12,23,M2
M2-E02,13,17,M2
M2-E02,14,17,M2
M2-E02,15,23,M2
M2-E02,16,17,M2
M2-E02,17,17,M2
M2-E02,18,17,M2
M2-E02,19,23,M2
M2-E02,20,17,M2
M2-E02,21,17,M2
M2-E02,22,23,M2
M2-E02,23,17,M2
M2-E02,24,23,M2
M2-E02,25,17,M2
M2-E02,26,23,M2
M2-E02,27,23,M2
M2-E02,28,23,M2
M2-E02,29,17,M2
M2-E02,30,17,M2
M2-E02,31,23,M2
M2-E02,32,17,M2
M2-E02,33,23,M2
M2-E02,34,17,M2
M2-E02,35,23,M2
M2-E02,36,17,M2
M2-E02,37,23,M2
M2-E02,38,17,M2
M2-E02,39,23,M2
M2-E02,40,17,M2
M2-E02,41,17,M2
M2-E02,42,23,M2
M2-E02,43,17,M2
M2-E02,44,23,M2
M2-E02,45,17,M2
M2-E02,46,17,M2
M2-E02,47,23,M2
M2-E02,48,17,M2
M2-E02,49,17,M2
M2-E02,50,23,M2
M2-E02,51,17,M2
M2-E02,52,17,M2
M2-E02,53,23,M2
M2-E02,54,17,M2
M2-E02,55,23,M2
M2-E02,56,23,M2
M2-E02,57,17,M2
M2-E02,58,23,M2
M2-E02,59,17,M2
M2-E02,60,23,M2
M2-E02,61,17,M2
M2-E02,62,17,M2
M2-E02,63,17,M2
M2-E02,64,17,M2
M2-E02,65,23,M2
M2-E02,66,23,M2
M2-E02,67,17,M2
M2-E02,68,23,M2
M2-E02,69,23,M2
M2-E02,70,23,M2
M2-E02,71,23,M2
M2-E02,72,17,M2
M2-E02,73,23,M2
M2-E02,74,23,M2
M2-E02,75,23,M2
M2-E02,76,17,M2
M2-E02,77,17,M2
M2-E02,78,23,M2
M2-E02,79,23,M2
M2-E02,80,17,M2
M2-E02,81,17,M2
M2-E02,82,23,M2
M2-E02,83,23,M2
M2-E02,84,23,M2
M2-E02,85,17,M2
M2-E02,86,23,M2
M2-E02,87,23,M2
M2-E02,88,23,M2
M2-E02,89,23,M2
M2-E02,90,23,M2
M2-E02,91,23,M2
M2-E02,92,23,M2
M2-E02,93,17,M2
M2-E02,94,17,M2
M2-E02,95,17,M2
M2-E02,96,17,M2
M2-E02,97,17,M2
M2-E02,98,17,M2
M2-E02,99,23,M2
M0-E18,0,17,M0
M0-E18,1,17,M0
M0-E18,2,17,M0
M0-E18,3,17,M0
M0-E18,4,17,M0
M0-E18,5,17,M0
M0-E18,6,17,M0
M0-E18,7,17,M0
M0-E18,8,17,M0
M0-E18,9,17,M0
M0-E18,10,17,M0
M0-E18,11,17,M0
M0-E18,12,17,M0
M0-E18,13,17,M0
M0-E18,14,17,M0
M0-E18,15,17,M0
M0-E18,16,17,M0
M0-E18,17,17,M0
M0-E18,18,17,M0
M0-E18,19,17,M0
M0-E18,20,17,M0
M0-E18,21,17,M0
M0-E18,22,17,M0
M0-E18,23,17,M0
M0-E18,24,17,M0
M0-E18,25,17,M0
M0-E18,26,17,M0
M0-E18,27,17,M0
M0-E18,28,17,M0
M0-E18,29,17,M0
M0-E18,30,17,M0
M0-E18,31,17,M0
M0-E18,32,17,M0
M0-E18,33,17,M0
M0-E18,34,17,M0
M0-E18,35,17,M0
M0-E18,36,17,M0
M0-E18,37,17,M0
M0-E18,38,17,M0
M0-E18,39,17,M0
M0-E18,40,17,M0
M0-E18,41,17,M0
M0-E18,42,17,M0
M0-E18,43,17,M0
M0-E18,44,17,M0
M0-E18,45,17,M0
M0-E18,46,17,M0
M0-E18,47,17,M0
M0-E18,48,17,M0
M0-E18,49,17,M0
M0-E18,50,17,M0
M0-E18,51,17,M0
M0-E18,52,17,M0
M0-E18,53,17,M0
M0-E18,54,17,M0
M0-E18,55,17,M0
M0-E18,56,17,M0
M0-E18,57,17,M0
M0-E18,58,17,M0
M0-E18,59,17,M0
M0-E18,60,17,M0
M0-E18,61,17,M0
M0-E18,62,17,M0
M0-E18,63,17,M0
M0-E18,64,17,M0
M0-E18,65,17,M0
M0-E18,66,17,M0
M0-E18,67,17,M0
M0-E18,68,17,M0
M0-E18,69,17,M0
M0-E18,70,17,M0
M0-E18,71,17,M0
M0-E18,72,17,M0
M0-E18,73,17,M0
M0-E18,74,17,M0
M0-E18,75,17,M0
M0-E18,76,17,M0
M0-E18,77,17,M0
M0-E18,78,17,M0
M0-E18,79,17,M0
M0-E18,80,17,M0
M0-E18,81,17,M0
M0-E18,82,17,M0
M0-E18,83,17,M0
M0-E18,84,17,M0
M0-E18,85,17,M0
M0-E18,86,17,M0
M0-E18,87,17,M0
M0-E18,88,17,M0
M0-E18,89,17,M0
M0-E18,90,17,M0
M0-E18,91,17,M0
M0-E18,92,17,M0
M0-E18,93,17,M0
M0-E18,94,17,M0
M0-E18,95,17,M0
M0-E18,96,17,M0
M0-E18,97,17,M0
M0-E18,98,17,M0
M0-E18,99,17,M0
M5-E11,0,10,M5
M5-E11,1,12,M5
M5-E11,2,10,M5
M5-E11,3,12,M5
M5-E11,4,10,M5
M5-E11,5,12,M5
M5-E11,6,10,M5
M5-E11,7,12,M5
M5-E11,8,10,M5
M5-E11,9,12,M5
M5-E11,10,10,M5
M5-E11,11,12,M5
M5-E11,12,10,M5
M5-E11,13,12,M5
M5-E11,14,10,M5
M5-E11,15,12,M5
M5-E11,16,10,M5
M5-E11,17,12,M5
M5-E11,18,10,M5
M5-E11,19,12,M5
M5-E11,20,10,M5
M5-E11,21,12,M5
M5-E11,22,10,M5
M5-E11,23,12,M5
M5-E11,24,10,M5
M5-E11,25,12,M5
M5-E11,26,10,M5
M5-E11,27,12,M5
M5-E11,28,10,M5
M5-E11,29,12,M5
M5-E11,30,10,M5
M5-E11,31,12,M5
M5-E11,32,10,M5
M5-E11,33,12,M5
M5-E11,34,10,M5
M5-E11,35,12,M5
M5-E11,36,10,M5
M5-E11,37,12,M5
M5-E11,38,10,M5
M5-E11,39,12,M5
M5-E11,40,10,M5
M5-E11,41,12,M5
M5-E11,42,10,M5
M5-E11,43,12,M5
M5-E11,44,10,M5
M5-E11,45,12,M5
M5-E11,46,10,M5
M5-E11,47,12,M5
M5-E11,48,10,M5
M5-E11,49,12,M5
M5-E11,50,10,M5
M5-E11,51,12,M5
M5-E11,52,10,M5
M5-E11,53,12,M5
M5-E11,54,10,M5
M5-E11,55,12,M5
M5-E11,56,10,M5
M5-E11,57,12,M5
M5-E11,58,10,M5
M5-E11,59,12,M5
M5-E11,60,10,M5
M5-E11,61,12,M5
M5-E11,62,10,M5
M5-E11,63,12,M5
M5-E11,64,10,M5
M5-E11,65,12,M5
M5-E11,66,10,M5
M5-E11,67,12,M5
M5-E11,68,10,M5
M5-E11,69,12,M5
M5-E11,70,10,M5
M5-E11,71,12,M5
M5-E11,72,10,M5
M5-E11,73,12,M5
M5-E11,74,10,M5
M5-E11,75,12,M5
M5-E11,76,10,M5
M5-E11,77,12,M5
M5-E11,78,10,M5
M5-E11,79,12,M5
M5-E11,80,10,M5
M5-E11,81,12,M5
M5-E11,82,10,M5
M5-E11,83,12,M5
M5-E11,84,10,M5
M5-E11,85,12,M5
M5-E11,86,10,M5
M5-E11,87,12,M5
M5-E11,88,10,M5
M5-E11,89,12,M5
M5-E11,90,10,M5
M5-E11,91,12,M5
M5-E11,92,10,M5
M5-E11,93,12,M5
M5-E11,94,10,M5
M5-E11,95,12,M5
M5-E11,96,10,M5
M5-E11,97,12,M5
M5-E11,98,10,M5
M5-E11,99,12,M5
M7-E08,0,17,M7
M7-E08,1,17,M7
M7-E08,2,17,M7
M7-E08,3,17,M7
M7-E08,4,17,M7
M7-E08,5,17,M7
M7-E08,6,17,M7
M7-E08,7,17,M7
M7-E08,8,17,M7
M7-E08,9,17,M7
M7-E08,10,17,M7
M7-E08,11,17,M7
M7-E08,12,17,M7
M7-E08,13,17,M7
M7-E08,14,17,M7
M7-E08,15,17,M7
M7-E08,16,17,M7
M7-E08,17,17,M7
M7-E08,18,17,M7
M7-E08,19,17,M7
M7-E08,20,17,M7
M7-E08,21,17,M7
M7-E08,22,17,M7
M7-E08,23,17,M7
M7-E08,24,17,M7
M7-E08,25,17,M7
M7-E08,26,17,M7
M7-E08,27,17,M7
M7-E08,28,17,M7
M7-E08,29,17,M7
M7-E08,30,17,M7
M7-E08,31,17,M7
M7-E08,32,17,M7
M7-E08,33,17,M7
M7-E08,34,17,M7
M7-E08,35,17,M7
M7-E08,36,17,M7
M7-E08,37,17,M7
M7-E08,38,17,M7
M7-E08,39,17,M7
M7-E08,40,17,M7
M7-E08,41,17,M7
M7-E08,42,17,M7
M7-E08,43,17,M7
M7-E08,44,17,M7
M7-E08,45,17,M7
M7-E08,46,17,M7
M7-E08,47,17,M7
M7-E08,48,17,M7
M7-E08,49,17,M7
M7-E08,50,17,M7
M7-E08,51,17,M7
M7-E08,52,17,M7
M7-E08,53,17,M7
M7-E08,54,17,M7
M7-E08,55,17,M7
M7-E08,56,17,M7
M7-E08,57,17,M7
M7-E08,58,17,M7
M7-E08,59,17,M7
M7-E08,60,17,M7
M7-E08,61,17,M7
M7-E08,62,17,M7
M7-E08,63,17,M7
M7-E08,64,17,M7
M7-E08,65,17,M7
M7-E08,66,17,M7
M7-E08,67,17,M7
M7-E08,68,17,M7
M7-E08,69,17,M7
M7-E08,70,17,M7
M7-E08,71,17,M7
M7-E08,72,17,M7
M7-E08,73,17,M7
M7-E08,74,17,M7
M7-E08,75,17,M7
M7-E08,76,17,M7
M7-E08,77,17,M7
M7-E08,78,17,M7
M7-E08,79,17,M7
M7-E08,80,17,M7
M7-E08,81,17,M7
M7-E08,82,17,M7
M7-E08,83,17,M7
M7-E08,84,17,M7
M7-E08,85,17,M7
M7-E08,86,17,M7
M7-E08,87,17,M7
M7-E08,88,17,M7
M7-E08,89,17,M7
M7-E08,90,17,M7
M7-E08,91,17,M7
M7-E08,92,17,M7
M7-E08,93,17,M7
M7-E08,94,17,M7
M7-E08,95,17,M7
M7-E08,96,17,M7
M7-E08,97,17,M7
M7-E08,98,17,M7
M7-E08,99,17,M7
M0-E03,0,17,M0
M0-E03,1,17,M0
M0-E03,2,17,M0
M0-E03,3,17,M0
M0-E03,4,17,M0
M0-E03,5,17,M0
M0-E03,6,17,M0
M0-E03,7,17,M0
M0-E03,8,17,M0
M0-E03,9,17,M0
M0-E03,10,17,M0
M0-E03,11,17,M0
M0-E03,12,17,M0
M0-E03,13,17,M0
M0-E03,14,17,M0
M0-E03,15,17,M0
M0-E03,16,17,M0
M0-E03,17,17,M0
M0-E03,18,17,M0
M0-E03,19,17,M0
M0-E03,20,17,M0
M0-E03,21,17,M0
M0-E03,22,17,M0
M0-E03,23,17,M0
M0-E03,24,17,M0
M0-E03,25,17,M0
M0-E03,26,17,M0
M0-E03,27,17,M0
M0-E03,28,17,M0
M0-E03,29,17,M0
M0-E03,30,17,M0
M0-E03,31,17,M0
M0-E03,32,17,M0
M0-E03,33,17,M0
M0-E03,34,17,M0
M0-E03,35,17,M0
M0-E03,36,17,M0
M0-E03,37,17,M0
M0-E03,38,17,M0
M0-E03,39,17,M0
M0-E03,40,17,M0
M0-E03,41,17,M0
M0-E03,42,17,M0
M0-E03,43,17,M0
M0-E03,44,17,M0
M0-E03,45,17,M0
M0-E03,46,17,M0
M0-E03,47,17,M0
M0-E03,48,17,M0
M0-E03,49,17,M0
M0-E03,50,17,M0
M0-E03,51,17,M0
M0-E03,52,17,M0
M0-E03,53,17,M0
M0-E03,54,17,M0
M0-E03,55,17,M0
M0-E03,56,17,M0
M0-E03,57,17,M0
M0-E03,58,17,M0
M0-E03,59,17,M0
M0-E03,60,17,M0
M0-E03,61,17,M0
M0-E03,62,17,M0
M0-E03,63,17,M0
M0-E03,64,17,M0
M0-E03,65,17,M0
M0-E03,66,17,M0
M0-E03,67,17,M0
M0-E03,68,17,M0
M0-E03,69,17,M0
M0-E03,70,17,M0
M0-E03,71,17,M0
M0-E03,72,17,M0
M0-E03,73,17,M0
M0-E03,74,17,M0
M0-E03,75,17,M0
M0-E03,76,17,M0
M0-E03,77,17,M0
M0-E03,78,17,M0
M0-E03,79,17,M0
M0-E03,80,17,M0
M0-E03,81,17,M0
M0-E03,82,17,M0
M0-E03,83,17,M0
M0-E03,84,17,M0
M0-E03,85,17,M0
M0-E03,86,17,M0
M0-E03,87,17,M0
M0-E03,88,17,M0
M0-E03,89,17,M0
M0-E03,90,17,M0
M0-E03,91,17,M0
M0-E03,92,17,M0
M0-E03,93,17,M0
M0-E03,94,17,M0
M0-E03,95,17,M0
M0-E03,96,17,M0
M0-E03,97,17,M0
M0-E03,98,17,M0
M0-E03,99,17,M0
M0-E05,0,17,M0
M0-E05,1,17,M0
M0-E05,2,17,M0
M0-E05,3,17,M0
M0-E05,4,17,M0
M0-E05,5,17,M0
M0-E05,6,17,M0
M0-E05,7,17,M0
M0-E05,8,17,M0
M0-E05,9,17,M0
M0-E05,10,17,M0
M0-E05,11,17,M0
M0-E05,12,17,M0
M0-E05,13,17,M0
M0-E05,14,17,M0
M0-E05,15,17,M0
M0-E05,16,17,M0
M0-E05,17,17,M0
M0-E05,18,17,M0
M0-E05,19,17,M0
M0-E05,20,17,M0
M0-E05,21,17,M0
M0-E05,22,17,M0
M0-E05,23,17,M0
M0-E05,24,17,M0
M0-E05,25,17,M0
M0-E05,26,17,M0
M0-E05,27,17,M0
M0-E05,28,17,M0
M0-E05,29,17,M0
M0-E05,30,17,M0
M0-E05,31,17,M0
M0-E05,32,17,M0
M0-E05,33,17,M0
M0-E05,34,17,M0
M0-E05,35,17,M0
M0-E05,36,17,M0
M0-E05,37,17,M0
M0-E05,38,17,M0
M0-E05,39,17,M0
M0-E05,40,17,M0
M0-E05,41,17,M0
M0-E05,42,17,M0
M0-E05,43,17,M0
M0-E05,44,17,M0
M0-E05,45,17,M0
M0-E05,46,17,M0
M0-E05,47,17,M0
M0-E05,48,17,M0
M0-E05,49,17,M0
M0-E05,50,17,M0
M0-E05,51,17,M0
M0-E05,52,17,M0
M0-E05,53,17,M0
M0-E05,54,17,M0
M0-E05,55,17,M0
M0-E05,56,17,M0
M0-E05,57,17,M0
M0-E05,58,17,M0
M0-E05,59,17,M0
M0-E05,60,17,M0
M0-E05,61,17,M0
M0-E05,62,17,M0
M0-E05,63,17,M0
M0-E05,64,17,M0
M0-E05,65,17,M0
M0-E05,66,17,M0
M0-E05,67,17,M0
M0-E05,68,17,M0
M0-E05,69,17,M0
M0-E05,70,17,M0
M0-E05,71,17,M0
M0-E05,72,17,M0
M0-E05,73,17,M0
M0-E05,74,17,M0
M0-E05,75,17,M0
M0-E05,76,17,M0
M0-E05,77,17,M0
M0-E05,78,17,M0
M0-E05,79,17,M0
M0-E05,80,17,M0
M0-E05,81,17,M0
M0-E05,82,17,M0
M0-E05,83,17,M0
M0-E05,84,17,M0
M0-E05,85,17,M0
M0-E05,86,17,M0
M0-E05,87,17,M0
M0-E05,88,17,M0
M0-E05,89,17,M0
M0-E05,90,17,M0
M0-E05,91,17,M0
M0-E05,92,17,M0
M0-E05,93,17,M0
M0-E05,94,17,M0
M0-E05,95,17,M0
M0-E05,96,17,M0
M0-E05,97,17,M0
M0-E05,98,17,M0
M0-E05,99,17,M0
M1-E17,0,17,M1
M1-E17,1,17,M1
M1-E17,2,17,M1
M1-E17,3,17,M1
M1-E17,4,17,M1
M1-E17,5,17,M1
M1-E17,6,23,M1
M1-E17,7,17,M1
M1-E17,8,17,M1
M1-E17,9,17,M1
M1-E17,10,17,M1
M1-E17,11,17,M1
M1-E17,12,17,M1
M1-E17,13,17,M1
M1-E17,14,17,M1
M1-E17,15,17,M1
M1-E17,16,17,M1
M1-E17,17,17,M1
M1-E17,18,17,M1
M1-E17,19,17,M1
M1-E17,20,17,M1
M1-E17,21,17,M1
M1-E17,22,17,M1
M1-E17,23,17,M1
M1-E17,24,17,M1
M1-E17,25,17,M1
M1-E17,26,17,M1
M1-E17,27,17,M1
M1-E17,28,17,M1
M1-E17,29,17,M1
M1-E17,30,17,M1
M1-E17,31,17,M1
M1-E17,32,17,M1
M1-E17,33,17,M1
M1-E17,34,17,M1
M1-E17,35,17,M1
M1-E17,36,17,M1
M1-E17,37,17,M1
M1-E17,38,17,M1
M1-E17,39,17,M1
M1-E17,40,17,M1
M1-E17,41,17,M1
M1-E17,42,17,M1
M1-E17,43,17,M1
M1-E17,44,17,M1
M1-E17,45,17,M1
M1-E17,46,17,M1
M1-E17,47,17,M1
M1-E17,48,17,M1
M1-E17,49,17,M1
M1-E17,50,17,M1
M1-E17,51,17,M1
M1-E17,52,17,M1
M1-E17,53,17,M1
M1-E17,54,17,M1
M1-E17,55,17,M1
M1-E17,56,17,M1
M1-E17,57,17,M1
M1-E17,58,17,M1
M1-E17,59,17,M1
M1-E17,60,17,M1
M1-E17,61,17,M1
M1-E17,62,17,M1
M1-E17,63,17,M1
M1-E17,64,17,M1
M1-E17,65,17,M1
M1-E17,66,17,M1
M1-E17,67,17,M1
M1-E17,68,17,M1
M1-E17,69,17,M1
M1-E17,70,17,M1
M1-E17,71,17,M1
M1-E17,72,17,M1
M1-E17,73,17,M1
M1-E17,74,17,M1
M1-E17,75,17,M1
M1-E17,76,17,M1
M1-E17,77,17,M1
M1-E17,78,17,M1
M1-E17,79,17,M1
M1-E17,80,17,M1
M1-E17,81,17,M1
M1-E17,82,17,M1
M1-E17,83,17,M1
M1-E17,84,17,M1
M1-E17,85,17,M1
M1-E17,86,17,M1
M1-E17,87,17,M1
M1-E17,88,17,M1
M1-E17,89,17,M1
M1-E17,90,17,M1
M1-E17,91,17,M1
M1-E17,92,17,M1
M1-E17,93,17,M1
M1-E17,94,17,M1
M1-E17,95,17,M1
M1-E17,96,17,M1
M1-E17,97,17,M1
M1-E17,98,17,M1
M1-E17,99,17,M1
M4-E18,0,10,M4
M4-E18,1,11,M4
M4-E18,2,10,M4
M4-E18,3,11,M4
M4-E18,4,10,M4
M4-E18,5,11,M4
M4-E18,6,10,M4
M4-E18,7,11,M4
M4-E18,8,10,M4
M4-E18,9,11,M4
M4-E18,10,10,M4
M4-E18,11,11,M4
M4-E18,12,10,M4
M4-E18,13,11,M4
M4-E18,14,10,M4
M4-E18,15,11,M4
M4-E18,16,10,M4
M4-E18,17,11,M4
M4-E18,18,10,M4
M4-E18,19,11,M4
M4-E18,20,10,M4
M4-E18,21,11,M4
M4-E18,22,10,M4
M4-E18,23,11,M4
M4-E18,24,10,M4
M4-E18,25,11,M4
M4-E18,26,10,M4
M4-E18,27,11,M4
M4-E18,28,10,M4
M4-E18,29,11,M4
M4-E18,30,10,M4
M4-E18,31,11,M4
M4-E18,32,10,M4
M4-E18,33,11,M4
M4-E18,34,10,M4
M4-E18,35,11,M4
M4-E18,36,10,M4
M4-E18,37,11,M4
M4-E18,38,10,M4
M4-E18,39,11,M4
M4-E18,40,10,M4
M4-E18,41,11,M4
M4-E18,42,10,M4
M4-E18,43,11,M4
M4-E18,44,10,M4
M4-E18,45,11,M4
M4-E18,46,10,M4
M4-E18,47,11,M4
M4-E18,48,10,M4
M4-E18,49,11,M4
M4-E18,50,10,M4
M4-E18,51,11,M4
M4-E18,52,10,M4
M4-E18,53,11,M4
M4-E18,54,10,M4
M4-E18,55,11,M4
M4-E18,56,10,M4
M4-E18,57,11,M4
M4-E18,58,10,M4
M4-E18,59,11,M4
M4-E18,60,10,M4
M4-E18,61,11,M4
M4-E18,62,10,M4
M4-E18,63,11,M4
M4-E18,64,10,M4
M4-E18,65,11,M4
M4-E18,66,10,M4
M4-E18,67,11,M4
M4-E18,68,10,M4
M4-E18,69,11,M4
M4-E18,70,10,M4
M4-E18,71,11,M4
M4-E18,72,10,M4
M4-E18,73,11,M4
M4-E18,74,10,M4
M4-E18,75,11,M4
M4-E18,76,10,M4
M4-E18,77,11,M4
M4-E18,78,10,M4
M4-E18,79,11,M4
M4-E18,80,10,M4
M4-E18,81,11,M4
M4-E18,82,10,M4
M4-E18,83,11,M4
M4-E18,84,10,M4
M4-E18,85,11,M4
M4-E18,86,10,M4
M4-E18,87,11,M4
M4-E18,88,10,M4
M4-E18,89,11,M4
M4-E18,90,10,M4
M4-E18,91,11,M4
M4-E18,92,10,M4
M4-E18,93,11,M4
M4-E18,94,10,M4
M4-E18,95,11,M4
M4-E18,96,10,M4
M4-E18,97,11,M4
M4-E18,98,10,M4
M4-E18,99,11,M4
M0-E16,0,17,M0
M0-E16,1,17,M0
M0-E16,2,17,M0
M0-E16,3,17,M0
M0-E16,4,17,M0
M0-E16,5,17,M0
M0-E16,6,17,M0
M0-E16,7,17,M0
M0-E16,8,17,M0
M0-E16,9,17,M0
M0-E16,10,17,M0
M0-E16,11,17,M0
M0-E16,12,17,M0
M0-E16,13,17,M0
M0-E16,14,17,M0
M0-E16,15,17,M0
M0-E16,16,17,M0
M0-E16,17,17,M0
M0-E16,18,17,M0
M0-E16,19,17,M0
M0-E16,20,17,M0
M0-E16,21,17,M0
M0-E16,22,17,M0
M0-E16,23,17,M0
M0-E16,24,17,M0
M0-E16,25,17,M0
M0-E16,26,17,M0
M0-E16,27,17,M0
M0-E16,28,17,M0
M0-E16,29,17,M0
M0-E16,30,17,M0
M0-E16,31,17,M0
M0-E16,32,17,M0
M0-E16,33,17,M0
M0-E16,34,17,M0
M0-E16,35,17,M0
M0-E16,36,17,M0
M0-E16,37,17,M0
M0-E16,38,17,M0
M0-E16,39,17,M0
M0-E16,40,17,M0
M0-E16,41,17,M0
M0-E16,42,17,M0
M0-E16,43,17,M0
M0-E16,44,17,M0
M0-E16,45,17,M0
M0-E16,46,17,M0
M0-E16,47,17,M0
M0-E16,48,17,M0
M0-E16,49,17,M0
M0-E16,50,17,M0
M0-E16,51,17,M0
M0-E16,52,17,M0
M0-E16,53,17,M0
M0-E16,54,17,M0
M0-E16,55,17,M0
M0-E16,56,17,M0
M0-E16,57,17,M0
M0-E16,58,17,M0
M0-E16,59,17,M0
M0-E16,60,17,M0
M0-E16,61,17,M0
M0-E16,62,17,M0
M0-E16,63,17,M0
M0-E16,64,17,M0
M0-E16,65,17,M0
M0-E16,66,17,M0
M0-E16,67,17,M0
M0-E16,68,17,M0
M0-E16,69,17,M0
M0-E16,70,17,M0
M0-E16,71,17,M0
M0-E16,72,17,M0
M0-E16,73,17,M0
M0-E16,74,17,M0
M0-E16,75,17,M0
M0-E16,76,17,M0
M0-E16,77,17,M0
M0-E16,78,17,M0
M0-E16,79,17,M0
M0-E16,80,17,M0
M0-E16,81,17,M0
M0-E16,82,17,M0
M0-E16,83,17,M0
M0-E16,84,17,M0
M0-E16,85,17,M0
M0-E16,86,17,M0
M0-E16,87,17,M0
M0-E16,88,17,M0
M0-E16,89,17,M0
M0-E16,90,17,M0
M0-E16,91,17,M0
M0-E16,92,17,M0
M0-E16,93,17,M0
M0-E16,94,17,M0
M0-E16,95,17,M0
M0-E16,96,17,M0
M0-E16,97,17,M0
M0-E16,98,17,M0
M0-E16,99,17,M0
M6-E06,0,36,M6
M6-E06,1,36,M6
M6-E06,2,36,M6
M6-E06,3,36,M6
M6-E06,4,36,M6
M6-E06,5,36,M6
M6-E06,6,36,M6
M6-E06,7,36,M6
M6-E06,8,36,M6
M6-E06,9,36,M6
M6-E06,10,36,M6
M6-E06,11,36,M6
M6-E06,12,36,M6
M6-E06,13,36,M6
M6-E06,14,36,M6
M6-E06,15,36,M6
M6-E06,16,36,M6
M6-E06,17,36,M6
M6-E06,18,36,M6
M6-E06,19,36,M6
M6-E06,20,36,M6
M6-E06,21,36,M6
M6-E06,22,36,M6
M6-E06,23,36,M6
M6-E06,24,36,M6
M6-E06,25,36,M6
M6-E06,26,36,M6
M6-E06,27,36,M6
M6-E06,28,36,M6
M6-E06,29,36,M6
M6-E06,30,36,M6
M6-E06,31,36,M6
M6-E06,32,36,M6
M6-E06,33,36,M6
M6-E06,34,36,M6
M6-E06,35,36,M6
M6-E06,36,36,M6
M6-E06,37,36,M6
M6-E06,38,36,M6
M6-E06,39,36,M6
M6-E06,40,36,M6
M6-E06,41,36,M6
M6-E06,42,36,M6
M6-E06,43,36,M6
M6-E06,44,36,M6
M6-E06,45,36,M6
M6-E06,46,36,M6
M6-E06,47,36,M6
M6-E06,48,36,M6
M6-E06,49,36,M6
M6-E06,50,36,M6
M6-E06,51,36,M6
M6-E06,52,36,M6
M6-E06,53,36,M6
M6-E06,54,36,M6
M6-E06,55,36,M6
M6-E06,56,36,M6
M6-E06,57,36,M6
M6-E06,58,36,M6
M6-E06,59,36,M6
M6-E06,60,36,M6
M6-E06,61,36,M6
M6-E06,62,36,M6
M6-E06,63,36,M6
M6-E06,64,36,M6
M6-E06,65,36,M6
M6-E06,66,36,M6
M6-E06,67,36,M6
M6-E06,68,36,M6
M6-E06,69,36,M6
M6-E06,70,36,M6
M6-E06,71,36,M6
M6-E06,72,36,M6
M6-E06,73,36,M6
M6-E06,74,36,M6
M6-E06,75,36,M6
M6-E06,76,36,M6
M6-E06,77,36,M6
M6-E06,78,36,M6
M6-E06,79,36,M6
M6-E06,80,36,M6
M6-E06,81,36,M6
M6-E06,82,36,M6
M6-E06,83,36,M6
M6-E06,84,36,M6
M6-E06,85,36,M6
M6-E06,86,36,M6
M6-E06,87,36,M6
M6-E06,88,36,M6
M6-E06,89,36,M6
M6-E06,90,36,M6
M6-E06,91,36,M6
M6-E06,92,36,M6
M6-E06,93,36,M6
M6-E06,94,36,M6
M6-E06,95,36,M6
M6-E06,96,36,M6
M6-E06,97,36,M6
M6-E06,98,36,M6
M6-E06,99,36,M6
M3-E15,0,109,M3
M3-E15,1,108,M3
M3-E15,2,105,M3
M3-E15,3,109,M3
M3-E15,4,105,M3
M3-E15,5,105,M3
M3-E15,6,102,M3
M3-E15,7,105,M3
M3-E15,8,105,M3
M3-E15,9,109,M3
M3-E15,10,101,M3
M3-E15,11,108,M3
M3-E15,12,109,M3
M3-E15,13,100,M3
M3-E15,14,102,M3
M3-E15,15,109,M3
M3-E15,16,109,M3
M3-E15,17,106,M3
M3-E15,18,106,M3
M3-E15,19,106,M3
M3-E15,20,102,M3
M3-E15,21,100,M3
M3-E15,22,103,M3
M3-E15,23,102,M3
M3-E15,24,107,M3
M3-E15,25,105,M3
M3-E15,26,108,M3
M3-E15,27,102,M3
M3-E15,28,102,M3
M3-E15,29,101,M3
M3-E15,30,109,M3
M3-E15,31,102,M3
M3-E15,32,104,M3
M3-E15,33,108,M3
M3-E15,34,102,M3
M3-E15,35,101,M3
M3-E15,36,100,M3
M3-E15,37,103,M3
M3-E15,38,101,M3
M3-E15,39,106,M3
M3-E15,40,100,M3
M3-E15,41,106,M3
M3-E15,42,105,M3
M3-E15,43,109,M3
M3-E15,44,104,M3
M3-E15,45,105,M3
M3-E15,46,104,M3
M3-E15,47,101,M3
M3-E15,48,104,M3
M3-E15,49,103,M3
M3-E15,50,102,M3
M3-E15,51,101,M3
M3-E15,52,101,M3
M3-E15,53,100,M3
M3-E15,54,101,M3
M3-E15,55,102,M3
M3-E15,56,107,M3
M3-E15,57,107,M3
M3-E15,58,105,M3
M3-E15,59,103,M3
M3-E15,60,104,M3
M3-E15,61,108,M3
M3-E15,62,101,M3
M3-E15,63,107,M3
M3-E15,64,104,M3
M3-E15,65,107,M3
M3-E15,66,100,M3
M3-E15,67,100,M3
M3-E15,68,105,M3
M3-E15,69,107,M3
M3-E15,70,103,M3
M3-E15,71,106,M3
M3-E15,72,100,M3
M3-E15,73,108,M3
M3-E15,74,109,M3
M3-E15,75,101,M3
M3-E15,76,105,M3
M3-E15,77,105,M3
M3-E15,78,101,M3
M3-E15,79,100,M3
M3-E15,80,104,M3
M3-E15,81,102,M3
M3-E15,82,102,M3
M3-E15,83,100,M3
M3-E15,84,104,M3
M3-E15,85,101,M3
M3-E15,86,103,M3
M3-E15,87,105,M3
M3-E15,88,108,M3
M3-E15,89,108,M3
M3-E15,90,102,M3
M3-E15,91,105,M3
M3-E15,92,106,M3
M3-E15,93,102,M3
M3-E15,94,102,M3
M3-E15,95,105,M3
M3-E15,96,107,M3
M3-E15,97,105,M3
M3-E15,98,109,M3
M3-E15,99,101,M3
M1-E06,0,17,M1
M1-E06,1,17,M1
M1-E06,2,17,M1
M1-E06,3,17,M1
M1-E06,4,17,M1
M1-E06,5,17,M1
M1-E06,6,17,M1
M1-E06,7,17,M1
M1-E06,8,17,M1
M1-E06,9,17,M1
M1-E06,10,17,M1
M1-E06,11,17,M1
M1-E06,12,17,M1
M1-E06,13,17,M1
M1-E06,14,17,M1
M1-E06,15,17,M1
M1-E06,16,17,M1
M1-E06,17,17,M1
M1-E06,18,17,M1
M1-E06,19,17,M1
M1-E06,20,17,M1
M1-E06,21,17,M1
M1-E06,22,17,M1
M1-E06,23,17,M1
M1-E06,24,17,M1
M1-E06,25,17,M1
M1-E06,26,17,M1
M1-E06,27,17,M1
M1-E06,28,17,M1
M1-E06,29,17,M1
M1-E06,30,17,M1
M1-E06,31,17,M1
M1-E06,32,17,M1
M1-E06,33,17,M1
M1-E06,34,17,M1
M1-E06,35,17,M1
M1-E06,36,17,M1
M1-E06,37,23,M1
M1-E06,38,17,M1
M1-E06,39,17,M1
M1-E06,40,17,M1
M1-E06,41,17,M1
M1-E06,42,17,M1
M1-E06,43,17,M1
M1-E06,44,17,M1
M1-E06,45,17,M1
M1-E06,46,17,M1
M1-E06,47,17,M1
M1-E06,48,17,M1
M1-E06,49,17,M1
M1-E06,50,17,M1
M1-E06,51,17,M1
M1-E06,52,17,M1
M1-E06,53,17,M1
M1-E06,54,17,M1
M1-E06,55,17,M1
M1-E06,56,17,M1
M1-E06,57,17,M1
M1-E06,58,17,M1
M1-E06,59,17,M1
M1-E06,60,17,M1
M1-E06,61,17,M1
M1-E06,62,17,M1
M1-E06,63,17,M1
M1-E06,64,17,M1
M1-E06,65,17,M1
M1-E06,66,17,M1
M1-E06,67,17,M1
M1-E06,68,17,M1
M1-E06,69,17,M1
M1-E06,70,17,M1
M1-E06,71,17,M1
M1-E06,72,17,M1
M1-E06,73,17,M1
M1-E06,74,17,M1
M1-E06,75,17,M1
M1-E06,76,17,M1
M1-E06,77,17,M1
M1-E06,78,17,M1
M1-E06,79,17,M1
M1-E06,80,17,M1
M1-E06,81,17,M1
M1-E06,82,17,M1
M1-E06,83,17,M1
M1-E06,84,17,M1
M1-E06,85,17,M1
M1-E06,86,17,M1
M1-E06,87,17,M1
M1-E06,88,17,M1
M1-E06,89,17,M1
M1-E06,90,17,M1
M1-E06,91,17,M1
M1-E06,92,17,M1
M1-E06,93,17,M1
M1-E06,94,17,M1
M1-E06,95,17,M1
M1-E06,96,17,M1
M1-E06,97,17,M1
M1-E06,98,17,M1
M1-E06,99,17,M1
M4-E13,0,10,M4
M4-E13,1,11,M4
M4-E13,2,10,M4
M4-E13,3,11,M4
M4-E13,4,10,M4
M4-E13,5,11,M4
M4-E13,6,10,M4
M4-E13,7,11,M4
M4-E13,8,10,M4
M4-E13,9,11,M4
M4-E13,10,10,M4
M4-E13,11,11,M4
M4-E13,12,10,M4
M4-E13,13,11,M4
M4-E13,14,10,M4
M4-E13,15,11,M4
M4-E13,16,10,M4
M4-E13,17,11,M4
M4-E13,18,10,M4
M4-E13,19,11,M4
M4-E13,20,10,M4
M4-E13,21,11,M4
M4-E13,22,10,M4
M4-E13,23,11,M4
M4-E13,24,10,M4
M4-E13,25,11,M4
M4-E13,26,10,M4
M4-E13,27,11,M4
M4-E13,28,10,M4
M4-E13,29,11,M4
M4-E13,30,10,M4
M4-E13,31,11,M4
M4-E13,32,10,M4
M4-E13,33,11,M4
M4-E13,34,10,M4
M4-E13,35,11,M4
M4-E13,36,10,M4
M4-E13,37,11,M4
M4-E13,38,10,M4
M4-E13,39,11,M4
M4-E13,40,10,M4
M4-E13,41,11,M4
M4-E13,42,10,M4
M4-E13,43,11,M4
M4-E13,44,10,M4
M4-E13,45,11,M4
M4-E13,46,10,M4
M4-E13,47,11,M4
M4-E13,48,10,M4
M4-E13,49,11,M4
M4-E13,50,10,M4
M4-E13,51,11,M4
M4-E13,52,10,M4
M4-E13,53,11,M4
M4-E13,54,10,M4
M4-E13,55,11,M4
M4-E13,56,10,M4
M4-E13,57,11,M4
M4-E13,58,10,M4
M4-E13,59,11,M4
M4-E13,60,10,M4
M4-E13,61,11,M4
M4-E13,62,10,M4
M4-E13,63,11,M4
M4-E13,64,10,M4
M4-E13,65,11,M4
M4-E13,66,10,M4
M4-E13,67,11,M4
M4-E13,68,10,M4
M4-E13,69,11,M4
M4-E13,70,10,M4
M4-E13,71,11,M4
M4-E13,72,10,M4
M4-E13,73,11,M4
M4-E13,74,10,M4
M4-E13,75,11,M4
M4-E13,76,10,M4
M4-E13,77,11,M4
M4-E13,78,10,M4
M4-E13,79,11,M4
M4-E13,80,10,M4
M4-E13,81,11,M4
M4-E13,82,10,M4
M4-E13,83,11,M4
M4-E13,84,10,M4
M4-E13,85,11,M4
M4-E13,86,10,M4
M4-E13,87,11,M4
M4-E13,88,10,M4
M4-E13,89,11,M4
M4-E13,90,10,M4
M4-E13,91,11,M4
M4-E13,92,10,M4
M4-E13,93,11,M4
M4-E13,94,10,M4
M4-E13,95,11,M4
M4-E13,96,10,M4
M4-E13,97,11,M4
M4-E13,98,10,M4
M4-E13,99,11,M4
M4-E04,0,10,M4
M4-E04,1,11,M4
M4-E04,2,10,M4
M4-E04,3,11,M4
M4-E04,4,10,M4
M4-E04,5,11,M4
M4-E04,6,10,M4
M4-E04,7,11,M4
M4-E04,8,10,M4
M4-E04,9,11,M4
M4-E04,10,10,M4
M4-E04,11,11,M4
M4-E04,12,10,M4
M4-E04,13,11,M4
M4-E04,14,10,M4
M4-E04,15,11,M4
M4-E04,16,10,M4
M4-E04,17,11,M4
M4-E04,18,10,M4
M4-E04,19,11,M4
M4-E04,20,10,M4
M4-E04,21,11,M4
M4-E04,22,10,M4
M4-E04,23,11,M4
M4-E04,24,10,M4
M4-E04,25,11,M4
M4-E04,26,10,M4
M4-E04,27,11,M4
M4-E04,28,10,M4
M4-E04,29,11,M4
M4-E04,30,10,M4
M4-E04,31,11,M4
M4-E04,32,10,M4
M4-E04,33,11,M4
M4-E04,34,10,M4
M4-E04,35,11,M4
M4-E04,36,10,M4
M4-E04,37,11,M4
M4-E04,38,10,M4
M4-E04,39,11,M4
M4-E04,40,10,M4
M4-E04,41,11,M4
M4-E04,42,10,M4
M4-E04,43,11,M4
M4-E04,44,10,M4
M4-E04,45,11,M4
M4-E04,46,10,M4
M4-E04,47,11,M4
M4-E04,48,10,M4
M4-E04,49,11,M4
M4-E04,50,10,M4
M4-E04,51,11,M4
M4-E04,52,10,M4
M4-E04,53,11,M4
M4-E04,54,10,M4
M4-E04,55,11,M4
M4-E04,56,10,M4
M4-E04,57,11,M4
M4-E04,58,10,M4
M4-E04,59,11,M4
M4-E04,60,10,M4
M4-E04,61,11,M4
M4-E04,62,10,M4
M4-E04,63,11,M4
M4-E04,64,10,M4
M4-E04,65,11,M4
M4-E04,66,10,M4
M4-E04,67,11,M4
M4-E04,68,10,M4
M4-E04,69,11,M4
M4-E04,70,10,M4
M4-E04,71,11,M4
M4-E04,72,10,M4
M4-E04,73,11,M4
M4-E04,74,10,M4
M4-E04,75,11,M4
M4-E04,76,10,M4
M4-E04,77,11,M4
M4-E04,78,10,M4
M4-E04,79,11,M4
M4-E04,80,10,M4
M4-E04,81,11,M4
M4-E04,82,10,M4
M4-E04,83,11,M4
M4-E04,84,10,M4
M4-E04,85,11,M4
M4-E04,86,10,M4
M4-E04,87,11,M4
M4-E04,88,10,M4
M4-E04,89,11,M4
M4-E04,90,10,M4
M4-E04,91,11,M4
M4-E04,92,10,M4
M4-E04,93,11,M4
M4-E04,94,10,M4
M4-E04,95,11,M4
M4-E04,96,10,M4
M4-E04,97,11,M4
M4-E04,98,10,M4
M4-E04,99,11,M4
M5-E06,0,10,M5
M5-E06,1,12,M5
M5-E06,2,10,M5
M5-E06,3,12,M5
M5-E06,4,10,M5
M5-E06,5,12,M5
M5-E06,6,10,M5
M5-E06,7,12,M5
M5-E06,8,10,M5
M5-E06,9,12,M5
M5-E06,10,10,M5
M5-E06,11,12,M5
M5-E06,12,10,M5
M5-E06,13,12,M5
M5-E06,14,10,M5
M5-E06,15,12,M5
M5-E06,16,10,M5
M5-E06,17,12,M5
M5-E06,18,10,M5
M5-E06,19,12,M5
M5-E06,20,10,M5
M5-E06,21,12,M5
M5-E06,22,10,M5
M5-E06,23,12,M5
M5-E06,24,10,M5
M5-E06,25,12,M5
M5-E06,26,10,M5
M5-E06,27,12,M5
M5-E06,28,10,M5
M5-E06,29,12,M5
M5-E06,30,10,M5
M5-E06,31,12,M5
M5-E06,32,10,M5
M5-E06,33,12,M5
M5-E06,34,10,M5
M5-E06,35,12,M5
M5-E06,36,10,M5
M5-E06,37,12,M5
M5-E06,38,10,M5
M5-E06,39,12,M5
M5-E06,40,10,M5
M5-E06,41,12,M5
M5-E06,42,10,M5
M5-E06,43,12,M5
M5-E06,44,10,M5
M5-E06,45,12,M5
M5-E06,46,10,M5
M5-E06,47,12,M5
M5-E06,48,10,M5
M5-E06,49,12,M5
M5-E06,50,10,M5
M5-E06,51,12,M5
M5-E06,52,10,M5
M5-E06,53,12,M5
M5-E06,54,10,M5
M5-E06,55,12,M5
M5-E06,56,10,M5
M5-E06,57,12,M5
M5-E06,58,10,M5
M5-E06,59,12,M5
M5-E06,60,10,M5
M5-E06,61,12,M5
M5-E06,62,10,M5
M5-E06,63,12,M5
M5-E06,64,10,M5
M5-E06,65,12,M5
M5-E06,66,10,M5
M5-E06,67,12,M5
M5-E06,68,10,M5
M5-E06,69,12,M5
M5-E06,70,10,M5
M5-E06,71,12,M5
M5-E06,72,10,M5
M5-E06,73,12,M5
M5-E06,74,10,M5
M5-E06,75,12,M5
M5-E06,76,10,M5
M5-E06,77,12,M5
M5-E06,78,10,M5
M5-E06,79,12,M5
M5-E06,80,10,M5
M5-E06,81,12,M5
M5-E06,82,10,M5
M5-E06,83,12,M5
M5-E06,84,10,M5
M5-E06,85,12,M5
M5-E06,86,10,M5
M5-E06,87,12,M5
M5-E06,88,10,M5
M5-E06,89,12,M5
M5-E06,90,10,M5
M5-E06,91,12,M5
M5-E06,92,10,M5
M5-E06,93,12,M5
M5-E06,94,10,M5
M5-E06,95,12,M5
M5-E06,96,10,M5
M5-E06,97,12,M5
M5-E06,98,10,M5
M5-E06,99,12,M5
M5-E05,0,10,M5
M5-E05,1,12,M5
M5-E05,2,10,M5
M5-E05,3,12,M5
M5-E05,4,10,M5
M5-E05,5,12,M5
M5-E05,6,10,M5
M5-E05,7,12,M5
M5-E05,8,10,M5
M5-E05,9,12,M5
M5-E05,10,10,M5
M5-E05,11,12,M5
M5-E05,12,10,M5
M5-E05,13,12,M5
M5-E05,14,10,M5
M5-E05,15,12,M5
M5-E05,16,10,M5
M5-E05,17,12,M5
M5-E05,18,10,M5
M5-E05,19,12,M5
M5-E05,20,10,M5
M5-E05,21,12,M5
M5-E05,22,10,M5
M5-E05,23,12,M5
M5-E05,24,10,M5
M5-E05,25,12,M5
M5-E05,26,10,M5
M5-E05,27,12,M5
M5-E05,28,10,M5
M5-E05,29,12,M5
M5-E05,30,10,M5
M5-E05,31,12,M5
M5-E05,32,10,M5
M5-E05,33,12,M5
M5-E05,34,10,M5
M5-E05,35,12,M5
M5-E05,36,10,M5
M5-E05,37,12,M5
M5-E05,38,10,M5
M5-E05,39,12,M5
M5-E05,40,10,M5
M5-E05,41,12,M5
M5-E05,42,10,M5
M5-E05,43,12,M5
M5-E05,44,10,M5
M5-E05,45,12,M5
M5-E05,46,10,M5
M5-E05,47,12,M5
M5-E05,48,10,M5
M5-E05,49,12,M5
M5-E05,50,10,M5
M5-E05,51,12,M5
M5-E05,52,10,M5
M5-E05,53,12,M5
M5-E05,54,10,M5
M5-E05,55,12,M5
M5-E05,56,10,M5
M5-E05,57,12,M5
M5-E05,58,10,M5
M5-E05,59,12,M5
M5-E05,60,10,M5
M5-E05,61,12,M5
M5-E05,62,10,M5
M5-E05,63,12,M5
M5-E05,64,10,M5
M5-E05,65,12,M5
M5-E05,66,10,M5
M5-E05,67,12,M5
M5-E05,68,10,M5
M5-E05,69,12,M5
M5-E05,70,10,M5
M5-E05,71,12,M5
M5-E05,72,10,M5
M5-E05,73,12,M5
M5-E05,74,10,M5
M5-E05,75,12,M5
M5-E05,76,10,M5
M5-E05,77,12,M5
M5-E05,78,10,M5
M5-E05,79,12,M5
M5-E05,80,10,M5
M5-E05,81,12,M5
M5-E05,82,10,M5
M5-E05,83,12,M5
M5-E05,84,10,M5
M5-E05,85,12,M5
M5-E05,86,10,M5
M5-E05,87,12,M5
M5-E05,88,10,M5
M5-E05,89,12,M5
M5-E05,90,10,M5
M5-E05,91,12,M5
M5-E05,92,10,M5
M5-E05,93,12,M5
M5-E05,94,10,M5
M5-E05,95,12,M5
M5-E05,96,10,M5
M5-E05,97,12,M5
M5-E05,98,10,M5
M5-E05,99,12,M5
M4-E16,0,10,M4
M4-E16,1,11,M4
M4-E16,2,10,M4
M4-E16,3,11,M4
M4-E16,4,10,M4
M4-E16,5,11,M4
M4-E16,6,10,M4
M4-E16,7,11,M4
M4-E16,8,10,M4
M4-E16,9,11,M4
M4-E16,10,10,M4
M4-E16,11,11,M4
M4-E16,12,10,M4
M4-E16,13,11,M4
M4-E16,14,10,M4
M4-E16,15,11,M4
M4-E16,16,10,M4
M4-E16,17,11,M4
M4-E16,18,10,M4
M4-E16,19,11,M4
M4-E16,20,10,M4
M4-E16,21,11,M4
M4-E16,22,10,M4
M4-E16,23,11,M4
M4-E16,24,10,M4
M4-E16,25,11,M4
M4-E16,26,10,M4
M4-E16,27,11,M4
M4-E16,28,10,M4
M4-E16,29,11,M4
M4-E16,30,10,M4
M4-E16,31,11,M4
M4-E16,32,10,M4
M4-E16,33,11,M4
M4-E16,34,10,M4
M4-E16,35,11,M4
M4-E16,36,10,M4
M4-E16,37,11,M4
M4-E16,38,10,M4
M4-E16,39,11,M4
M4-E16,40,10,M4
M4-E16,41,11,M4
M4-E16,42,10,M4
M4-E16,43,11,M4
M4-E16,44,10,M4
M4-E16,45,11,M4
M4-E16,46,10,M4
M4-E16,47,11,M4
M4-E16,48,10,M4
M4-E16,49,11,M4
M4-E16,50,10,M4
M4-E16,51,11,M4
M4-E16,52,10,M4
M4-E16,53,11,M4
M4-E16,54,10,M4
M4-E16,55,11,M4
M4-E16,56,10,M4
M4-E16,57,11,M4
M4-E16,58,10,M4
M4-E16,59,11,M4
M4-E16,60,10,M4
M4-E16,61,11,M4
M4-E16,62,10,M4
M4-E16,63,11,M4
M4-E16,64,10,M4
M4-E16,65,11,M4
M4-E16,66,10,M4
M4-E16,67,11,M4
M4-E16,68,10,M4
M4-E16,69,11,M4
M4-E16,70,10,M4
M4-E16,71,11,M4
M4-E16,72,10,M4
M4-E16,73,11,M4
M4-E16,74,10,M4
M4-E16,75,11,M4
M4-E16,76,10,M4
M4-E16,77,11,M4
M4-E16,78,10,M4
M4-E16,79,11,M4
M4-E16,80,10,M4
M4-E16,81,11,M4
M4-E16,82,10,M4
M4-E16,83,11,M4
M4-E16,84,10,M4
M4-E16,85,11,M4
M4-E16,86,10,M4
M4-E16,87,11,M4
M4-E16,88,10,M4
M4-E16,89,11,M4
M4-E16,90,10,M4
M4-E16,91,11,M4
M4-E16,92,10,M4
M4-E16,93,11,M4
M4-E16,94,10,M4
M4-E16,95,11,M4
M4-E16,96,10,M4
M4-E16,97,11,M4
M4-E16,98,10,M4
M4-E16,99,11,M4
M3-E18,0,103,M3
M3-E18,1,106,M3
M3-E18,2,103,M3
M3-E18,3,109,M3
M3-E18,4,106,M3
M3-E18,5,105,M3
M3-E18,6,101,M3
M3-E18,7,109,M3
M3-E18,8,108,M3
M3-E18,9,102,M3
M3-E18,10,107,M3
M3-E18,11,102,M3
M3-E18,12,106,M3
M3-E18,13,100,M3
M3-E18,14,108,M3
M3-E18,15,105,M3
M3-E18,16,108,M3
M3-E18,17,102,M3
M3-E18,18,103,M3
M3-E18,19,106,M3
M3-E18,20,104,M3
M3-E18,21,101,M3
M3-E18,22,105,M3
M3-E18,23,101,M3
M3-E18,24,105,M3
M3-E18,25,101,M3
M3-E18,26,106,M3
M3-E18,27,108,M3
M3-E18,28,101,M3
M3-E18,29,109,M3
M3-E18,30,108,M3
M3-E18,31,104,M3
M3-E18,32,104,M3
M3-E18,33,105,M3
M3-E18,34,105,M3
M3-E18,35,107,M3
M3-E18,36,101,M3
M3-E18,37,109,M3
M3-E18,38,100,M3
M3-E18,39,100,M3
M3-E18,40,106,M3
M3-E18,41,104,M3
M3-E18,42,101,M3
M3-E18,43,103,M3
M3-E18,44,107,M3
M3-E18,45,108,M3
M3-E18,46,104,M3
M3-E18,47,100,M3
M3-E18,48,102,M3
M3-E18,49,105,M3
M3-E18,50,109,M3
M3-E18,51,107,M3
M3-E18,52,103,M3
M3-E18,53,102,M3
M3-E18,54,104,M3
M3-E18,55,103,M3
M3-E18,56,103,M3
M3-E18,57,103,M3
M3-E18,58,101,M3
M3-E18,59,104,M3
M3-E18,60,109,M3
M3-E18,61,103,M3
M3-E18,62,105,M3
M3-E18,63,102,M3
M3-E18,64,105,M3
M3-E18,65,108,M3
M3-E18,66,102,M3
M3-E18,67,107,M3
M3-E18,68,107,M3
M3-E18,69,103,M3
M3-E18,70,100,M3
M3-E18,71,109,M3
M3-E18,72,102,M3
M3-E18,73,102,M3
M3-E18,74,104,M3
M3-E18,75,107,M3
M3-E18,76,104,M3
M3-E18,77,105,M3
M3-E18,78,105,M3
M3-E18,79,101,M3
M3-E18,80,109,M3
M3-E18,81,105,M3
M3-E18,82,102,M3
M3-E18,83,107,M3
M3-E18,84,108,M3
M3-E18,85,108,M3
M3-E18,86,101,M3
M3-E18,87,107,M3
M3-E18,88,102,M3
M3-E18,89,102,M3
M3-E18,90,101,M3
M3-E18,91,100,M3
M3-E18,92,109,M3
M3-E18,93,109,M3
M3-E18,94,101,M3
M3-E18,95,108,M3
M3-E18,96,102,M3
M3-E18,97,109,M3
M3-E18,98,107,M3
M3-E18,99,108,M3
M4-E08,0,10,M4
M4-E08,1,11,M4
M4-E08,2,10,M4
M4-E08,3,11,M4
M4-E08,4,10,M4
M4-E08,5,11,M4
M4-E08,6,10,M4
M4-E08,7,11,M4
M4-E08,8,10,M4
M4-E08,9,11,M4
M4-E08,10,10,M4
M4-E08,11,11,M4
M4-E08,12,10,M4
M4-E08,13,11,M4
M4-E08,14,10,M4
M4-E08,15,11,M4
M4-E08,16,10,M4
M4-E08,17,11,M4
M4-E08,18,10,M4
M4-E08,19,11,M4
M4-E08,20,10,M4
M4-E08,21,11,M4
M4-E08,22,10,M4
M4-E08,23,11,M4
M4-E08,24,10,M4
M4-E08,25,11,M4
M4-E08,26,10,M4
M4-E08,27,11,M4
M4-E08,28,10,M4
M4-E08,29,11,M4
M4-E08,30,10,M4
M4-E08,31,11,M4
M4-E08,32,10,M4
M4-E08,33,11,M4
M4-E08,34,10,M4
M4-E08,35,11,M4
M4-E08,36,10,M4
M4-E08,37,11,M4
M4-E08,38,10,M4
M4-E08,39,11,M4
M4-E08,40,10,M4
M4-E08,41,11,M4
M4-E08,42,10,M4
M4-E08,43,11,M4
M4-E08,44,10,M4
M4-E08,45,11,M4
M4-E08,46,10,M4
M4-E08,47,11,M4
M4-E08,48,10,M4
M4-E08,49,11,M4
M4-E08,50,10,M4
M4-E08,51,11,M4
M4-E08,52,10,M4
M4-E08,53,11,M4
M4-E08,54,10,M4
M4-E08,55,11,M4
M4-E08,56,10,M4
M4-E08,57,11,M4
M4-E08,58,10,M4
M4-E08,59,11,M4
M4-E08,60,10,M4
M4-E08,61,11,M4
M4-E08,62,10,M4
M4-E08,63,11,M4
M4-E08,64,10,M4
M4-E08,65,11,M4
M4-E08,66,10,M4
M4-E08,67,11,M4
M4-E08,68,10,M4
M4-E08,69,11,M4
M4-E08,70,10,M4
M4-E08,71,11,M4
M4-E08,72,10,M4
M4-E08,73,11,M4
M4-E08,74,10,M4
M4-E08,75,11,M4
M4-E08,76,10,M4
M4-E08,77,11,M4
M4-E08,78,10,M4
M4-E08,79,11,M4
M4-E08,80,10,M4
M4-E08,81,11,M4
M4-E08,82,10,M4
M4-E08,83,11,M4
M4-E08,84,10,M4
M4-E08,85,11,M4
M4-E08,86,10,M4
M4-E08,87,11,M4
M4-E08,88,10,M4
M4-E08,89,11,M4
M4-E08,90,10,M4
M4-E08,91,11,M4
M4-E08,92,10,M4
M4-E08,93,11,M4
M4-E08,94,10,M4
M4-E08,95,11,M4
M4-E08,96,10,M4
M4-E08,97,11,M4
M4-E08,98,10,M4
M4-E08,99,11,M4
M1-E01,0,17,M1
M1-E01,1,17,M1
M1-E01,2,17,M1
M1-E01,3,17,M1
M1-E01,4,17,M1
M1-E01,5,17,M1
M1-E01,6,23,M1
M1-E01,7,17,M1
M1-E01,8,17,M1
M1-E01,9,17,M1
M1-E01,10,17,M1
M1-E01,11,17,M1
M1-E01,12,17,M1
M1-E01,13,17,M1
M1-E01,14,17,M1
M1-E01,15,17,M1
M1-E01,16,17,M1
M1-E01,17,17,M1
M1-E01,18,17,M1
M1-E01,19,17,M1
M1-E01,20,17,M1
M1-E01,21,17,M1
M1-E01,22,17,M1
M1-E01,23,17,M1
M1-E01,24,17,M1
M1-E01,25,17,M1
M1-E01,26,17,M1
M1-E01,27,17,M1
M1-E01,28,17,M1
M1-E01,29,17,M1
M1-E01,30,17,M1
M1-E01,31,17,M1
M1-E01,32,17,M1
M1-E01,33,17,M1
M1-E01,34,17,M1
M1-E01,35,17,M1
M1-E01,36,17,M1
M1-E01,37,17,M1
M1-E01,38,17,M1
M1-E01,39,17,M1
M1-E01,40,17,M1
M1-E01,41,17,M1
M1-E01,42,17,M1
M1-E01,43,17,M1
M1-E01,44,17,M1
M1-E01,45,17,M1
M1-E01,46,17,M1
M1-E01,47,17,M1
M1-E01,48,17,M1
M1-E01,49,17,M1
M1-E01,50,17,M1
M1-E01,51,17,M1
M1-E01,52,17,M1
M1-E01,53,17,M1
M1-E01,54,17,M1
M1-E01,55,17,M1
M1-E01,56,17,M1
M1-E01,57,17,M1
M1-E01,58,17,M1
M1-E01,59,17,M1
M1-E01,60,17,M1
M1-E01,61,17,M1
M1-E01,62,17,M1
M1-E01,63,17,M1
M1-E01,64,17,M1
M1-E01,65,17,M1
M1-E01,66,17,M1
M1-E01,67,17,M1
M1-E01,68,17,M1
M1-E01,69,17,M1
M1-E01,70,17,M1
M1-E01,71,17,M1
M1-E01,72,17,M1
M1-E01,73,17,M1
M1-E01,74,17,M1
M1-E01,75,17,M1
M1-E01,76,17,M1
M1-E01,77,17,M1
M1-E01,78,17,M1
M1-E01,79,17,M1
M1-E01,80,17,M1
M1-E01,81,17,M1
M1-E01,82,17,M1
M1-E01,83,17,M1
M1-E01,84,17,M1
M1-E01,85,17,M1
M1-E01,86,17,M1
M1-E01,87,17,M1
M1-E01,88,17,M1
M1-E01,89,17,M1
M1-E01,90,17,M1
M1-E01,91,17,M1
M1-E01,92,17,M1
M1-E01,93,17,M1
M1-E01,94,17,M1
M1-E01,95,17,M1
M1-E01,96,17,M1
M1-E01,97,17,M1
M1-E01,98,17,M1
M1-E01,99,17,M1
M2-E13,0,17,M2
M2-E13,1,23,M2
M2-E13,2,23,M2
M2-E13,3,17,M2
M2-E13,4,23,M2
M2-E13,5,23,M2
M2-E13,6,23,M2
M2-E13,7,23,M2
M2-E13,8,17,M2
M2-E13,9,17,M2
M2-E13,10,23,M2
M2-E13,11,17,M2
M2-E13,12,23,M2
M2-E13,13,23,M2
M2-E13,14,23,M2
M2-E13,15,23,M2
M2-E13,16,23,M2
M2-E13,17,17,M2
M2-E13,18,23,M2
M2-E13,19,23,M2
M2-E13,20,17,M2
M2-E13,21,17,M2
M2-E13,22,23,M2
M2-E13,23,23,M2
M2-E13,24,23,M2
M2-E13,25,17,M2
M2-E13,26,17,M2
M2-E13,27,23,M2
M2-E13,28,17,M2
M2-E13,29,23,M2
M2-E13,30,17,M2
M2-E13,31,17,M2
M2-E13,32,23,M2
M2-E13,33,23,M2
M2-E13,34,17,M2
M2-E13,35,17,M2
M2-E13,36,23,M2
M2-E13,37,23,M2
M2-E13,38,23,M2
M2-E13,39,17,M2
M2-E13,40,23,M2
M2-E13,41,23,M2
M2-E13,42,23,M2
M2-E13,43,17,M2
M2-E13,44,23,M2
M2-E13,45,17,M2
M2-E13,46,17,M2
M2-E13,47,17,M2
M2-E13,48,17,M2
M2-E13,49,17,M2
M2-E13,50,23,M2
M2-E13,51,17,M2
M2-E13,52,23,M2
M2-E13,53,23,M2
M2-E13,54,23,M2
M2-E13,55,17,M2
M2-E13,56,17,M2
M2-E13,57,23,M2
M2-E13,58,23,M2
M2-E13,59,17,M2
M2-E13,60,23,M2
M2-E13,61,17,M2
M2-E13,62,17,M2
M2-E13,63,17,M2
M2-E13,64,23,M2
M2-E13,65,23,M2
M2-E13,66,17,M2
M2-E13,67,17,M2
M2-E13,68,23,M2
M2-E13,69,17,M2
M2-E13,70,17,M2
M2-E13,71,23,M2
M2-E13,72,23,M2
M2-E13,73,23,M2
M2-E13,74,17,M2
M2-E13,75,17,M2
M2-E13,76,23,M2
M2-E13,77,17,M2
M2-E13,78,23,M2
M2-E13,79,23,M2
M2-E13,80,17,M2
M2-E13,81,23,M2
M2-E13,82,17,M2
M2-E13,83,17,M2
M2-E13,84,17,M2
M2-E13,85,17,M2
M2-E13,86,17,M2
M2-E13,87,17,M2
M2-E13,88,23,M2
M2-E13,89,17,M2
M2-E13,90,17,M2
M2-E13,91,23,M2
M2-E13,92,17,M2
M2-E13,93,23,M2
M2-E13,94,23,M2
M2-E13,95,17,M2
M2-E13,96,17,M2
M2-E13,97,17,M2
M2-E13,98,17,M2
M2-E13,99,23,M2
M5-E00,0,10,M5
M5-E00,1,12,M5
M5-E00,2,10,M5
M5-E00,3,12,M5
M5-E00,4,10,M5
M5-E00,5,12,M5
M5-E00,6,10,M5
M5-E00,7,12,M5
M5-E00,8,10,M5
M5-E00,9,12,M5
M5-E00,10,10,M5
M5-E00,11,12,M5
M5-E00,12,10,M5
M5-E00,13,12,M5
M5-E00,14,10,M5
M5-E00,15,12,M5
M5-E00,16,10,M5
M5-E00,17,12,M5
M5-E00,18,10,M5
M5-E00,19,12,M5
M5-E00,20,10,M5
M5-E00,21,12,M5
M5-E00,22,10,M5
M5-E00,23,12,M5
M5-E00,24,10,M5
M5-E00,25,12,M5
M5-E00,26,10,M5
M5-E00,27,12,M5
M5-E00,28,10,M5
M5-E00,29,12,M5
M5-E00,30,10,M5
M5-E00,31,12,M5
M5-E00,32,10,M5
M5-E00,33,12,M5
M5-E00,34,10,M5
M5-E00,35,12,M5
M5-E00,36,10,M5
M5-E00,37,12,M5
M5-E00,38,10,M5
M5-E00,39,12,M5
M5-E00,40,10,M5
M5-E00,41,12,M5
M5-E00,42,10,M5
M5-E00,43,12,M5
M5-E00,44,10,M5
M5-E00,45,12,M5
M5-E00,46,10,M5
M5-E00,47,12,M5
M5-E00,48,10,M5
M5-E00,49,12,M5
M5-E00,50,10,M5
M5-E00,51,12,M5
M5-E00,52,10,M5
M5-E00,53,12,M5
M5-E00,54,10,M5
M5-E00,55,12,M5
M5-E00,56,10,M5
M5-E00,57,12,M5
M5-E00,58,10,M5
M5-E00,59,12,M5
M5-E00,60,10,M5
M5-E00,61,12,M5
M5-E00,62,10,M5
M5-E00,63,12,M5
M5-E00,64,10,M5
M5-E00,65,12,M5
M5-E00,66,10,M5
M5-E00,67,12,M5
M5-E00,68,10,M5
M5-E00,69,12,M5
M5-E00,70,10,M5
M5-E00,71,12,M5
M5-E00,72,10,M5
M5-E00,73,12,M5
M5-E00,74,10,M5
M5-E00,75,12,M5
M5-E00,76,10,M5
M5-E00,77,12,M5
M5-E00,78,10,M5
M5-E00,79,12,M5
M5-E00,80,10,M5
M5-E00,81,12,M5
M5-E00,82,10,M5
M5-E00,83,12,M5
M5-E00,84,10,M5
M5-E00,85,12,M5
M5-E00,86,10,M5
M5-E00,87,12,M5
M5-E00,88,10,M5
M5-E00,89,12,M5
M5-E00,90,10,M5
M5-E00,91,12,M5
M5-E00,92,10,M5
M5-E00,93,12,M5
M5-E00,94,10,M5
M5-E00,95,12,M5
M5-E00,96,10,M5
M5-E00,97,12,M5
M5-E00,98,10,M5
M5-E00,99,12,M5
M0-E08,0,17,M0
M0-E08,1,17,M0
M0-E08,2,17,M0
M0-E08,3,17,M0
M0-E08,4,17,M0
M0-E08,5,17,M0
M0-E08,6,17,M0
M0-E08,7,17,M0
M0-E08,8,17,M0
M0-E08,9,17,M0
M0-E08,10,17,M0
M0-E08,11,17,M0
M0-E08,12,17,M0
M0-E08,13,17,M0
M0-E08,14,17,M0
M0-E08,15,17,M0
M0-E08,16,17,M0
M0-E08,17,17,M0
M0-E08,18,17,M0
M0-E08,19,17,M0
M0-E08,20,17,M0
M0-E08,21,17,M0
M0-E08,22,17,M0
M0-E08,23,17,M0
M0-E08,24,17,M0
M0-E08,25,17,M0
M0-E08,26,17,M0
M0-E08,27,17,M0
M0-E08,28,17,M0
M0-E08,29,17,M0
M0-E08,30,17,M0
M0-E08,31,17,M0
M0-E08,32,17,M0
M0-E08,33,17,M0
M0-E08,34,17,M0
M0-E08,35,17,M0
M0-E08,36,17,M0
M0-E08,37,17,M0
M0-E08,38,17,M0
M0-E08,39,17,M0
M0-E08,40,17,M0
M0-E08,41,17,M0
M0-E08,42,17,M0
M0-E08,43,17,M0
M0-E08,44,17,M0
M0-E08,45,17,M0
M0-E08,46,17,M0
M0-E08,47,17,M0
M0-E08,48,17,M0
M0-E08,49,17,M0
M0-E08,50,17,M0
M0-E08,51,17,M0
M0-E08,52,17,M0
M0-E08,53,17,M0
M0-E08,54,17,M0
M0-E08,55,17,M0
M0-E08,56,17,M0
M0-E08,57,17,M0
M0-E08,58,17,M0
M0-E08,59,17,M0
M0-E08,60,17,M0
M0-E08,61,17,M0
M0-E08,62,17,M0
M0-E08,63,17,M0
M0-E08,64,17,M0
M0-E08,65,17,M0
M0-E08,66,17,M0
M0-E08,67,17,M0
M0-E08,68,17,M0
M0-E08,69,17,M0
M0-E08,70,17,M0
M0-E08,71,17,M0
M0-E08,72,17,M0
M0-E08,73,17,M0
M0-E08,74,17,M0
M0-E08,75,17,M0
M0-E08,76,17,M0
M0-E08,77,17,M0
M0-E08,78,17,M0
M0-E08,79,17,M0
M0-E08,80,17,M0
M0-E08,81,17,M0
M0-E08,82,17,M0
M0-E08,83,17,M0
M0-E08,84,17,M0
M0-E08,85,17,M0
M0-E08,86,17,M0
M0-E08,87,17,M0
M0-E08,88,17,M0
M0-E08,89,17,M0
M0-E08,90,17,M0
M0-E08,91,17,M0
M0-E08,92,17,M0
M0-E08,93,17,M0
M0-E08,94,17,M0
M0-E08,95,17,M0
M0-E08,96,17,M0
M0-E08,97,17,M0
M0-E08,98,17,M0
M0-E08,99,17,M0
M3-E06,0,102,M3
M3-E06,1,106,M3
M3-E06,2,101,M3
M3-E06,3,102,M3
M3-E06,4,103,M3
M3-E06,5,104,M3
M3-E06,6,109,M3
M3-E06,7,103,M3
M3-E06,8,106,M3
M3-E06,9,104,M3
M3-E06,10,109,M3
M3-E06,11,100,M3
M3-E06,12,108,M3
M3-E06,13,100,M3
M3-E06,14,102,M3
M3-E06,15,101,M3
M3-E06,16,103,M3
M3-E06,17,107,M3
M3-E06,18,105,M3
M3-E06,19,106,M3
M3-E06,20,106,M3
M3-E06,21,107,M3
M3-E06,22,109,M3
M3-E06,23,106,M3
M3-E06,24,109,M3
M3-E06,25,109,M3
M3-E06,26,104,M3
M3-E06,27,105,M3
M3-E06,28,104,M3
M3-E06,29,105,M3
M3-E06,30,102,M3
M3-E06,31,109,M3
M3-E06,32,102,M3
M3-E06,33,109,M3
M3-E06,34,107,M3
M3-E06,35,107,M3
M3-E06,36,109,M3
M3-E06,37,109,M3
M3-E06,38,106,M3
M3-E06,39,105,M3
M3-E06,40,105,M3
M3-E06,41,105,M3
M3-E06,42,100,M3
M3-E06,43,105,M3
M3-E06,44,102,M3
M3-E06,45,109,M3
M3-E06,46,106,M3
M3-E06,47,100,M3
M3-E06,48,100,M3
M3-E06,49,103,M3
M3-E06,50,104,M3
M3-E06,51,101,M3
M3-E06,52,105,M3
M3-E06,53,106,M3
M3-E06,54,108,M3
M3-E06,55,102,M3
M3-E06,56,102,M3
M3-E06,57,100,M3
M3-E06,58,107,M3
M3-E06,59,105,M3
M3-E06,60,109,M3
M3-E06,61,100,M3
M3-E06,62,100,M3
M3-E06,63,103,M3
M3-E06,64,104,M3
M3-E06,65,100,M3
M3-E06,66,105,M3
M3-E06,67,108,M3
M3-E06,68,104,M3
M3-E06,69,109,M3
M3-E06,70,107,M3
M3-E06,71,105,M3
M3-E06,72,104,M3
M3-E06,73,106,M3
M3-E06,74,104,M3
M3-E06,75,101,M3
M3-E06,76,108,M3
M3-E06,77,100,M3
M3-E06,78,109,M3
M3-E06,79,109,M3
M3-E06,80,101,M3
M3-E06,81,108,M3
M3-E06,82,100,M3
M3-E06,83,103,M3
M3-E06,84,105,M3
M3-E06,85,102,M3
M3-E06,86,105,M3
M3-E06,87,108,M3
M3-E06,88,103,M3
M3-E06,89,104,M3
M3-E06,90,105,M3
M3-E06,91,109,M3
M3-E06,92,100,M3
M3-E06,93,106,M3
M3-E06,94,105,M3
M3-E06,95,109,M3
M3-E06,96,103,M3
M3-E06,97,108,M3
M3-E06,98,101,M3
M3-E06,99,106,M3
M5-E07,0,10,M5
M5-E07,1,12,M5
M5-E07,2,10,M5
M5-E07,3,12,M5
M5-E07,4,10,M5
M5-E07,5,12,M5
M5-E07,6,10,M5
M5-E07,7,12,M5
M5-E07,8,10,M5
M5-E07,9,12,M5
M5-E07,10,10,M5
M5-E07,11,12,M5
M5-E07,12,10,M5
M5-E07,13,12,M5
M5-E07,14,10,M5
M5-E07,15,12,M5
M5-E07,16,10,M5
M5-E07,17,12,M5
M5-E07,18,10,M5
M5-E07,19,12,M5
M5-E07,20,10,M5
M5-E07,21,12,M5
M5-E07,22,10,M5
M5-E07,23,12,M5
M5-E07,24,10,M5
M5-E07,25,12,M5
M5-E07,26,10,M5
M5-E07,27,12,M5
M5-E07,28,10,M5
M5-E07,29,12,M5
M5-E07,30,10,M5
M5-E07,31,12,M5
M5-E07,32,10,M5
M5-E07,33,12,M5
M5-E07,34,10,M5
M5-E07,35,12,M5
M5-E07,36,10,M5
M5-E07,37,12,M5
M5-E07,38,10,M5
M5-E07,39,12,M5
M5-E07,40,10,M5
M5-E07,41,12,M5
M5-E07,42,10,M5
M5-E07,43,12,M5
M5-E07,44,10,M5
M5-E07,45,12,M5
M5-E07,46,10,M5
M5-E07,47,12,M5
M5-E07,48,10,M5
M5-E07,49,12,M5
M5-E07,50,10,M5
M5-E07,51,12,M5
M5-E07,52,10,M5
M5-E07,53,12,M5
M5-E07,54,10,M5
M5-E07,55,12,M5
M5-E07,56,10,M5
M5-E07,57,12,M5
M5-E07,58,10,M5
M5-E07,59,12,M5
M5-E07,60,10,M5
M5-E07,61,12,M5
M5-E07,62,10,M5
M5-E07,63,12,M5
M5-E07,64,10,M5
M5-E07,65,12,M5
M5-E07,66,10,M5
M5-E07,67,12,M5
M5-E07,68,10,M5
M5-E07,69,12,M5
M5-E07,70,10,M5
M5-E07,71,12,M5
M5-E07,72,10,M5
M5-E07,73,12,M5
M5-E07,74,10,M5
M5-E07,75,12,M5
M5-E07,76,10,M5
M5-E07,77,12,M5
M5-E07,78,10,M5
M5-E07,79,12,M5
M5-E07,80,10,M5
M5-E07,81,12,M5
M5-E07,82,10,M5
M5-E07,83,12,M5
M5-E07,84,10,M5
M5-E07,85,12,M5
M5-E07,86,10,M5
M5-E07,87,12,M5
M5-E07,88,10,M5
M5-E07,89,12,M5
M5-E07,90,10,M5
M5-E07,91,12,M5
M5-E07,92,10,M5
M5-E07,93,12,M5
M5-E07,94,10,M5
M5-E07,95,12,M5
M5-E07,96,10,M5
M5-E07,97,12,M5
M5-E07,98,10,M5
M5-E07,99,12,M5
M7-E10,0,17,M7
M7-E10,1,17,M7
M7-E10,2,17,M7
M7-E10,3,17,M7
M7-E10,4,17,M7
M7-E10,5,17,M7
M7-E10,6,17,M7
M7-E10,7,17,M7
M7-E10,8,17,M7
M7-E10,9,17,M7
M7-E10,10,17,M7
M7-E10,11,17,M7
M7-E10,12,17,M7
M7-E10,13,17,M7
M7-E10,14,17,M7
M7-E10,15,17,M7
M7-E10,16,17,M7
M7-E10,17,17,M7
M7-E10,18,17,M7
M7-E10,19,17,M7
M7-E10,20,17,M7
M7-E10,21,17,M7
M7-E10,22,17,M7
M7-E10,23,17,M7
M7-E10,24,17,M7
M7-E10,25,17,M7
M7-E10,26,17,M7
M7-E10,27,17,M7
M7-E10,28,17,M7
M7-E10,29,17,M7
M7-E10,30,17,M7
M7-E10,31,17,M7
M7-E10,32,17,M7
M7-E10,33,17,M7
M7-E10,34,17,M7
M7-E10,35,17,M7
M7-E10,36,17,M7
M7-E10,37,17,M7
M7-E10,38,17,M7
M7-E10,39,17,M7
M7-E10,40,17,M7
M7-E10,41,17,M7
M7-E10,42,17,M7
M7-E10,43,17,M7
M7-E10,44,17,M7
M7-E10,45,17,M7
M7-E10,46,17,M7
M7-E10,47,17,M7
M7-E10,48,17,M7
M7-E10,49,17,M7
M7-E10,50,17,M7
M7-E10,51,17,M7
M7-E10,52,17,M7
M7-E10,53,17,M7
M7-E10,54,17,M7
M7-E10,55,17,M7
M7-E10,56,17,M7
M7-E10,57,17,M7
M7-E10,58,17,M7
M7-E10,59,17,M7
M7-E10,60,17,M7
M7-E10,61,17,M7
M7-E10,62,17,M7
M7-E10,63,17,M7
M7-E10,64,17,M7
M7-E10,65,17,M7
M7-E10,66,17,M7
M7-E10,67,17,M7
M7-E10,68,17,M7
M7-E10,69,17,M7
M7-E10,70,17,M7
M7-E10,71,17,M7
M7-E10,72,17,M7
M7-E10,73,17,M7
M7-E10,74,17,M7
M7-E10,75,17,M7
M7-E10,76,17,M7
M7-E10,77,17,M7
M7-E10,78,17,M7
M7-E10,79,17,M7
M7-E10,80,17,M7
M7-E10,81,17,M7
M7-E10,82,17,M7
M7-E10,83,17,M7
M7-E10,84,17,M7
M7-E10,85,17,M7
M7-E10,86,17,M7
M7-E10,87,17,M7
M7-E10,88,17,M7
M7-E10,89,17,M7
M7-E10,90,17,M7
M7-E10,91,17,M7
M7-E10,92,17,M7
M7-E10,93,17,M7
M7-E10,94,17,M7
M7-E10,95,17,M7
M7-E10,96,17,M7
M7-E10,97,17,M7
M7-E10,98,17,M7
M7-E10,99,17,M7
M2-E17,0,17,M2
M2-E17,1,17,M2
M2-E17,2,17,M2
M2-E17,3,17,M2
M2-E17,4,17,M2
M2-E17,5,17,M2
M2-E17,6,17,M2
M2-E17,7,17,M2
M2-E17,8,23,M2
M2-E17,9,23,M2
M2-E17,10,23,M2
M2-E17,11,17,M2
M2-E17,12,17,M2
M2-E17,13,17,M2
M2-E17,14,17,M2
M2-E17,15,23,M2
M2-E17,16,23,M2
M2-E17,17,23,M2
M2-E17,18,17,M2
M2-E17,19,23,M2
M2-E17,20,17,M2
M2-E17,21,23,M2
M2-E17,22,23,M2
M2-E17,23,17,M2
M2-E17,24,23,M2
M2-E17,25,17,M2
M2-E17,26,23,M2
M2-E17,27,17,M2
M2-E17,28,17,M2
M2-E17,29,23,M2
M2-E17,30,17,M2
M2-E17,31,17,M2
M2-E17,32,23,M2
M2-E17,33,23,M2
M2-E17,34,17,M2
M2-E17,35,23,M2
M2-E17,36,17,M2
M2-E17,37,23,M2
M2-E17,38,23,M2
M2-E17,39,23,M2
M2-E17,40,23,M2
M2-E17,41,23,M2
M2-E17,42,17,M2
M2-E17,43,17,M2
M2-E17,44,17,M2
M2-E17,45,17,M2
M2-E17,46,23,M2
M2-E17,47,23,M2
M2-E17,48,17,M2
M2-E17,49,23,M2
M2-E17,50,17,M2
M2-E17,51,23,M2
M2-E17,52,23,M2
M2-E17,53,23,M2
M2-E17,54,23,M2
M2-E17,55,17,M2
M2-E17,56,23,M2
M2-E17,57,17,M2
M2-E17,58,23,M2
M2-E17,59,17,M2
M2-E17,60,23,M2
M2-E17,61,17,M2
M2-E17,62,23,M2
M2-E17,63,23,M2
M2-E17,64,17,M2
M2-E17,65,17,M2
M2-E17,66,17,M2
M2-E17,67,17,M2
M2-E17,68,23,M2
M2-E17,69,17,M2
M2-E17,70,17,M2
M2-E17,71,17,M2
M2-E17,72,23,M2
M2-E17,73,23,M2
M2-E17,74,23,M2
M2-E17,75,23,M2
M2-E17,76,23,M2
M2-E17,77,23,M2
M2-E17,78,23,M2
M2-E17,79,17,M2
M2-E17,80,23,M2
M2-E17,81,17,M2
M2-E17,82,23,M2
M2-E17,83,23,M2
M2-E17,84,23,M2
M2-E17,85,23,M2
M2-E17,86,17,M2
M2-E17,87,23,M2
M2-E17,88,17,M2
M2-E17,89,17,M2
M2-E17,90,17,M2
M2-E17,91,17,M2
M2-E17,92,23,M2
M2-E17,93,23,M2
M2-E17,94,17,M2
M2-E17,95,23,M2
M2-E17,96,17,M2
M2-E17,97,23,M2
M2-E17,98,17,M2
M2-E17,99,17,M2
M7-E04,0,17,M7
M7-E04,1,17,M7
M7-E04,2,17,M7
M7-E04,3,17,M7
M7-E04,4,17,M7
M7-E04,5,17,M7
M7-E04,6,17,M7
M7-E04,7,17,M7
M7-E04,8,17,M7
M7-E04,9,17,M7
M7-E04,10,17,M7
M7-E04,11,17,M7
M7-E04,12,17,M7
M7-E04,13,17,M7
M7-E04,14,17,M7
M7-E04,15,17,M7
M7-E04,16,17,M7
M7-E04,17,17,M7
M7-E04,18,17,M7
M7-E04,19,17,M7
M7-E04,20,17,M7
M7-E04,21,17,M7
M7-E04,22,17,M7
M7-E04,23,17,M7
M7-E04,24,17,M7
M7-E04,25,17,M7
M7-E04,26,17,M7
M7-E04,27,17,M7
M7-E04,28,17,M7
M7-E04,29,17,M7
M7-E04,30,17,M7
M7-E04,31,17,M7
M7-E04,32,17,M7
M7-E04,33,17,M7
M7-E04,34,17,M7
M7-E04,35,17,M7
M7-E04,36,17,M7
M7-E04,37,17,M7
M7-E04,38,17,M7
M7-E04,39,17,M7
M7-E04,40,17,M7
M7-E04,41,17,M7
M7-E04,42,17,M7
M7-E04,43,17,M7
M7-E04,44,17,M7
M7-E04,45,17,M7
M7-E04,46,17,M7
M7-E04,47,17,M7
M7-E04,48,17,M7
M7-E04,49,17,M7
M7-E04,50,17,M7
M7-E04,51,17,M7
M7-E04,52,17,M7
M7-E04,53,17,M7
M7-E04,54,17,M7
M7-E04,55,17,M7
M7-E04,56,17,M7
M7-E04,57,17,M7
M7-E04,58,17,M7
M7-E04,59,17,M7
M7-E04,60,17,M7
M7-E04,61,17,M7
M7-E04,62,17,M7
M7-E04,63,17,M7
M7-E04,64,17,M7
M7-E04,65,17,M7
M7-E04,66,17,M7
M7-E04,67,17,M7
M7-E04,68,17,M7
M7-E04,69,17,M7
M7-E04,70,17,M7
M7-E04,71,17,M7
M7-E04,72,17,M7
M7-E04,73,17,M7
M7-E04,74,17,M7
M7-E04,75,17,M7
M7-E04,76,17,M7
M7-E04,77,17,M7
M7-E04,78,17,M7
M7-E04,79,17,M7
M7-E04,80,17,M7
M7-E04,81,17,M7
M7-E04,82,17,M7
M7-E04,83,17,M7
M7-E04,84,17,M7
M7-E04,85,17,M7
M7-E04,86,17,M7
M7-E04,87,17,M7
M7-E04,88,17,M7
M7-E04,89,17,M7
M7-E04,90,17,M7
M7-E04,91,17,M7
M7-E04,92,17,M7
M7-E04,93,17,M7
M7-E04,94,17,M7
M7-E04,95,17,M7
M7-E04,96,17,M7
M7-E04,97,17,M7
M7-E04,98,17,M7
M7-E04,99,17,M7
M2-E10,0,23,M2
M2-E10,1,23,M2
M2-E10,2,17,M2
M2-E10,3,23,M2
M2-E10,4,17,M2
M2-E10,5,17,M2
M2-E10,6,17,M2
M2-E10,7,23,M2
M2-E10,8,17,M2
M2-E10,9,17,M2
M2-E10,10,23,M2
M2-E10,11,17,M2
M2-E10,12,17,M2
M2-E10,13,17,M2
M2-E10,14,17,M2
M2-E10,15,23,M2
M2-E10,16,23,M2
M2-E10,17,17,M2
M2-E10,18,23,M2
M2-E10,19,17,M2
M2-E10,20,17,M2
M2-E10,21,17,M2
M2-E10,22,23,M2
M2-E10,23,23,M2
M2-E10,24,23,M2
M2-E10,25,17,M2
M2-E10,26,23,M2
M2-E10,27,23,M2
M2-E10,28,23,M2
M2-E10,29,23,M2
M2-E10,30,23,M2
M2-E10,31,17,M2
M2-E10,32,23,M2
M2-E10,33,23,M2
M2-E10,34,17,M2
M2-E10,35,23,M2
M2-E10,36,17,M2
M2-E10,37,23,M2
M2-E10,38,23,M2
M2-E10,39,23,M2
M2-E10,40,17,M2
M2-E10,41,23,M2
M2-E10,42,17,M2
M2-E10,43,23,M2
M2-E10,44,17,M2
M2-E10,45,23,M2
M2-E10,46,23,M2
M2-E10,47,17,M2
M2-E10,48,23,M2
M2-E10,49,17,M2
M2-E10,50,17,M2
M2-E10,51,23,M2
M2-E10,52,23,M2
M2-E10,53,17,M2
M2-E10,54,17,M2
M2-E10,55,17,M2
M2-E10,56,17,M2
M2-E10,57,17,M2
M2-E10,58,23,M2
M2-E10,59,23,M2
M2-E10,60,23,M2
M2-E10,61,23,M2
M2-E10,62,17,M2
M2-E10,63,23,M2
M2-E10,64,17,M2
M2-E10,65,17,M2
M2-E10,66,17,M2
M2-E10,67,23,M2
M2-E10,68,17,M2
M2-E10,69,17,M2
M2-E10,70,17,M2
M2-E10,71,23,M2
M2-E10,72,17,M2
M2-E10,73,23,M2
M2-E10,74,17,M2
M2-E10,75,17,M2
M2-E10,76,17,M2
M2-E10,77,17,M2
M2-E10,78,23,M2
M2-E10,79,17,M2
M2-E10,80,23,M2
M2-E10,81,17,M2
M2-E10,82,23,M2
M2-E10,83,23,M2
M2-E10,84,17,M2
M2-E10,85,17,M2
M2-E10,86,23,M2
M2-E10,87,23,M2
M2-E10,88,17,M2
M2-E10,89,17,M2
M2-E10,90,23,M2
M2-E10,91,23,M2
M2-E10,92,17,M2
M2-E10,93,23,M2
M2-E10,94,17,M2
M2-E10,95,23,M2
M2-E10,96,17,M2
M2-E10,97,23,M2
M2-E10,98,23,M2
M2-E10,99,23,M2
M3-E07,0,103,M3
M3-E07,1,100,M3
M3-E07,2,108,M3
M3-E07,3,107,M3
M3-E07,4,105,M3
M3-E07,5,101,M3
M3-E07,6,100,M3
M3-E07,7,106,M3
M3-E07,8,106,M3
M3-E07,9,106,M3
M3-E07,10,108,M3
M3-E07,11,105,M3
M3-E07,12,107,M3
M3-E07,13,105,M3
M3-E07,14,100,M3
M3-E07,15,101,M3
M3-E07,16,106,M3
M3-E07,17,107,M3
M3-E07,18,100,M3
M3-E07,19,103,M3
M3-E07,20,107,M3
M3-E07,21,107,M3
M3-E07,22,100,M3
M3-E07,23,105,M3
M3-E07,24,104,M3
M3-E07,25,103,M3
M3-E07,26,100,M3
M3-E07,27,104,M3
M3-E07,28,108,M3
M3-E07,29,104,M3
M3-E07,30,107,M3
M3-E07,31,104,M3
M3-E07,32,106,M3
M3-E07,33,103,M3
M3-E07,34,103,M3
M3-E07,35,107,M3
M3-E07,36,105,M3
M3-E07,37,109,M3
M3-E07,38,108,M3
M3-E07,39,100,M3
M3-E07,40,104,M3
M3-E07,41,102,M3
M3-E07,42,105,M3
M3-E07,43,106,M3
M3-E07,44,104,M3
M3-E07,45,102,M3
M3-E07,46,105,M3
M3-E07,47,109,M3
M3-E07,48,102,M3
M3-E07,49,106,M3
M3-E07,50,104,M3
M3-E07,51,102,M3
M3-E07,52,109,M3
M3-E07,53,105,M3
M3-E07,54,104,M3
M3-E07,55,105,M3
M3-E07,56,101,M3
M3-E07,57,104,M3
M3-E07,58,109,M3
M3-E07,59,109,M3
M3-E07,60,102,M3
M3-E07,61,102,M3
M3-E07,62,109,M3
M3-E07,63,104,M3
M3-E07,64,107,M3
M3-E07,65,101,M3
M3-E07,66,105,M3
M3-E07,67,106,M3
M3-E07,68,104,M3
M3-E07,69,109,M3
M3-E07,70,105,M3
M3-E07,71,107,M3
M3-E07,72,103,M3
M3-E07,73,101,M3
M3-E07,74,102,M3
M3-E07,75,104,M3
M3-E07,76,100,M3
M3-E07,77,103,M3
M3-E07,78,106,M3
M3-E07,79,107,M3
M3-E07,80,100,M3
M3-E07,81,101,M3
M3-E07,82,108,M3
M3-E07,83,101,M3
M3-E07,84,107,M3
M3-E07,85,105,M3
M3-E07,86,101,M3
M3-E07,87,106,M3
M3-E07,88,108,M3
M3-E07,89,105,M3
M3-E07,90,101,M3
M3-E07,91,101,M3
M3-E07,92,101,M3
M3-E07,93,103,M3
M3-E07,94,100,M3
M3-E07,95,105,M3
M3-E07,96,100,M3
M3-E07,97,102,M3
M3-E07,98,103,M3
M3-E07,99,104,M3
M0-E06,0,17,M0
M0-E06,1,17,M0
M0-E06,2,17,M0
M0-E06,3,17,M0
M0-E06,4,17,M0
M0-E06,5,17,M0
M0-E06,6,17,M0
M0-E06,7,17,M0
M0-E06,8,17,M0
M0-E06,9,17,M0
M0-E06,10,17,M0
M0-E06,11,17,M0
M0-E06,12,17,M0
M0-E06,13,17,M0
M0-E06,14,17,M0
M0-E06,15,17,M0
M0-E06,16,17,M0
M0-E06,17,17,M0
M0-E06,18,17,M0
M0-E06,19,17,M0
M0-E06,20,17,M0
M0-E06,21,17,M0
M0-E06,22,17,M0
M0-E06,23,17,M0
M0-E06,24,17,M0
M0-E06,25,17,M0
M0-E06,26,17,M0
M0-E06,27,17,M0
M0-E06,28,17,M0
M0-E06,29,17,M0
M0-E06,30,17,M0
M0-E06,31,17,M0
M0-E06,32,17,M0
M0-E06,33,17,M0
M0-E06,34,17,M0
M0-E06,35,17,M0
M0-E06,36,17,M0
M0-E06,37,17,M0
M0-E06,38,17,M0
M0-E06,39,17,M0
M0-E06,40,17,M0
M0-E06,41,17,M0
M0-E06,42,17,M0
M0-E06,43,17,M0
M0-E06,44,17,M0
M0-E06,45,17,M0
M0-E06,46,17,M0
M0-E06,47,17,M0
M0-E06,48,17,M0
M0-E06,49,17,M0
M0-E06,50,17,M0
M0-E06,51,17,M0
M0-E06,52,17,M0
M0-E06,53,17,M0
M0-E06,54,17,M0
M0-E06,55,17,M0
M0-E06,56,17,M0
M0-E06,57,17,M0
M0-E06,58,17,M0
M0-E06,59,17,M0
M0-E06,60,17,M0
M0-E06,61,17,M0
M0-E06,62,17,M0
M0-E06,63,17,M0
M0-E06,64,17,M0
M0-E06,65,17,M0
M0-E06,66,17,M0
M0-E06,67,17,M0
M0-E06,68,17,M0
M0-E06,69,17,M0
M0-E06,70,17,M0
M0-E06,71,17,M0
M0-E06,72,17,M0
M0-E06,73,17,M0
M0-E06,74,17,M0
M0-E06,75,17,M0
M0-E06,76,17,M0
M0-E06,77,17,M0
M0-E06,78,17,M0
M0-E06,79,17,M0
M0-E06,80,17,M0
M0-E06,81,17,M0
M0-E06,82,17,M0
M0-E06,83,17,M0
M0-E06,84,17,M0
M0-E06,85,17,M0
M0-E06,86,17,M0
M0-E06,87,17,M0
M0-E06,88,17,M0
M0-E06,89,17,M0
M0-E06,90,17,M0
M0-E06,91,17,M0
M0-E06,92,17,M0
M0-E06,93,17,M0
M0-E06,94,17,M0
M0-E06,95,17,M0
M0-E06,96,17,M0
M0-E06,97,17,M0
M0-E06,98,17,M0
M0-E06,99,17,M0
M3-E03,0,102,M3
M3-E03,1,104,M3
M3-E03,2,102,M3
M3-E03,3,102,M3
M3-E03,4,108,M3
M3-E03,5,109,M3
M3-E03,6,100,M3
M3-E03,7,101,M3
M3-E03,8,101,M3
M3-E03,9,100,M3
M3-E03,10,100,M3
M3-E03,11,109,M3
M3-E03,12,105,M3
M3-E03,13,103,M3
M3-E03,14,106,M3
M3-E03,15,109,M3
M3-E03,16,102,M3
M3-E03,17,105,M3
M3-E03,18,108,M3
M3-E03,19,100,M3
M3-E03,20,106,M3
M3-E03,21,108,M3
M3-E03,22,106,M3
M3-E03,23,102,M3
M3-E03,24,109,M3
M3-E03,25,107,M3
M3-E03,26,107,M3
M3-E03,27,102,M3
M3-E03,28,101,M3
M3-E03,29,109,M3
M3-E03,30,104,M3
M3-E03,31,106,M3
M3-E03,32,105,M3
M3-E03,33,100,M3
M3-E03,34,102,M3
M3-E03,35,105,M3
M3-E03,36,102,M3
M3-E03,37,107,M3
M3-E03,38,100,M3
M3-E03,39,105,M3
M3-E03,40,100,M3
M3-E03,41,104,M3
M3-E03,42,109,M3
M3-E03,43,103,M3
M3-E03,44,103,M3
M3-E03,45,106,M3
M3-E03,46,108,M3
M3-E03,47,103,M3
M3-E03,48,101,M3
M3-E03,49,101,M3
M3-E03,50,107,M3
M3-E03,51,105,M3
M3-E03,52,108,M3
M3-E03,53,101,M3
M3-E03,54,109,M3
M3-E03,55,100,M3
M3-E03,56,102,M3
M3-E03,57,106,M3
M3-E03,58,100,M3
M3-E03,59,102,M3
M3-E03,60,106,M3
M3-E03,61,100,M3
M3-E03,62,106,M3
M3-E03,63,104,M3
M3-E03,64,106,M3
M3-E03,65,100,M3
M3-E03,66,106,M3
M3-E03,67,100,M3
M3-E03,68,104,M3
M3-E03,69,108,M3
M3-E03,70,100,M3
M3-E03,71,109,M3
M3-E03,72,102,M3
M3-E03,73,109,M3
M3-E03,74,106,M3
M3-E03,75,102,M3
M3-E03,76,106,M3
M3-E03,77,101,M3
M3-E03,78,108,M3
M3-E03,79,104,M3
M3-E03,80,103,M3
M3-E03,81,103,M3
M3-E03,82,107,M3
M3-E03,83,108,M3
M3-E03,84,104,M3
M3-E03,85,107,M3
M3-E03,86,106,M3
M3-E03,87,105,M3
M3-E03,88,103,M3
M3-E03,89,109,M3
M3-E03,90,109,M3
M3-E03,91,101,M3
M3-E03,92,101,M3
M3-E03,93,109,M3
M3-E03,94,101,M3
M3-E03,95,109,M3
M3-E03,96,109,M3
M3-E03,97,106,M3
M3-E03,98,108,M3
M3-E03,99,109,M3
M0-E07,0,17,M0
M0-E07,1,17,M0
M0-E07,2,17,M0
M0-E07,3,17,M0
M0-E07,4,17,M0
M0-E07,5,17,M0
M0-E07,6,17,M0
M0-E07,7,17,M0
M0-E07,8,17,M0
M0-E07,9,17,M0
M0-E07,10,17,M0
M0-E07,11,17,M0
M0-E07,12,17,M0
M0-E07,13,17,M0
M0-E07,14,17,M0
M0-E07,15,17,M0
M0-E07,16,17,M0
M0-E07,17,17,M0
M0-E07,18,17,M0
M0-E07,19,17,M0
M0-E07,20,17,M0
M0-E07,21,17,M0
M0-E07,22,17,M0
M0-E07,23,17,M0
M0-E07,24,17,M0
M0-E07,25,17,M0
M0-E07,26,17,M0
M0-E07,27,17,M0
M0-E07,28,17,M0
M0-E07,29,17,M0
M0-E07,30,17,M0
M0-E07,31,17,M0
M0-E07,32,17,M0
M0-E07,33,17,M0
M0-E07,34,17,M0
M0-E07,35,17,M0
M0-E07,36,17,M0
M0-E07,37,17,M0
M0-E07,38,17,M0
M0-E07,39,17,M0
M0-E07,40,17,M0
M0-E07,41,17,M0
M0-E07,42,17,M0
M0-E07,43,17,M0
M0-E07,44,17,M0
M0-E07,45,17,M0
M0-E07,46,17,M0
M0-E07,47,17,M0
M0-E07,48,17,M0
M0-E07,49,17,M0
M0-E07,50,17,M0
M0-E07,51,17,M0
M0-E07,52,17,M0
M0-E07,53,17,M0
M0-E07,54,17,M0
M0-E07,55,17,M0
M0-E07,56,17,M0
M0-E07,57,17,M0
M0-E07,58,17,M0
M0-E07,59,17,M0
M0-E07,60,17,M0
M0-E07,61,17,M0
M0-E07,62,17,M0
M0-E07,63,17,M0
M0-E07,64,17,M0
M0-E07,65,17,M0
M0-E07,66,17,M0
M0-E07,67,17,M0
M0-E07,68,17,M0
M0-E07,69,17,M0
M0-E07,70,17,M0
M0-E07,71,17,M0
M0-E07,72,17,M0
M0-E07,73,17,M0
M0-E07,74,17,M0
M0-E07,75,17,M0
M0-E07,76,17,M0
M0-E07,77,17,M0
M0-E07,78,17,M0
M0-E07,79,17,M0
M0-E07,80,17,M0
M0-E07,81,17,M0
M0-E07,82,17,M0
M0-E07,83,17,M0
M0-E07,84,17,M0
M0-E07,85,17,M0
M0-E07,86,17,M0
M0-E07,87,17,M0
M0-E07,88,17,M0
M0-E07,89,17,M0
M0-E07,90,17,M0
M0-E07,91,17,M0
M0-E07,92,17,M0
M0-E07,93,17,M0
M0-E07,94,17,M0
M0-E07,95,17,M0
M0-E07,96,17,M0
M0-E07,97,17,M0
M0-E07,98,17,M0
M0-E07,99,17,M0
M6-E07,0,37,M6
M6-E07,1,37,M6
M6-E07,2,37,M6
M6-E07,3,37,M6
M6-E07,4,37,M6
M6-E07,5,37,M6
M6-E07,6,37,M6
M6-E07,7,37,M6
M6-E07,8,37,M6
M6-E07,9,37,M6
M6-E07,10,37,M6
M6-E07,11,37,M6
M6-E07,12,37,M6
M6-E07,13,37,M6
M6-E07,14,37,M6
M6-E07,15,37,M6
M6-E07,16,37,M6
M6-E07,17,37,M6
M6-E07,18,37,M6
M6-E07,19,37,M6
M6-E07,20,37,M6
M6-E07,21,37,M6
M6-E07,22,37,M6
M6-E07,23,37,M6
M6-E07,24,37,M6
M6-E07,25,37,M6
M6-E07,26,37,M6
M6-E07,27,37,M6
M6-E07,28,37,M6
M6-E07,29,37,M6
M6-E07,30,37,M6
M6-E07,31,37,M6
M6-E07,32,37,M6
M6-E07,33,37,M6
M6-E07,34,37,M6
M6-E07,35,37,M6
M6-E07,36,37,M6
M6-E07,37,37,M6
M6-E07,38,37,M6
M6-E07,39,37,M6
M6-E07,40,37,M6
M6-E07,41,37,M6
M6-E07,42,37,M6
M6-E07,43,37,M6
M6-E07,44,37,M6
M6-E07,45,37,M6
M6-E07,46,37,M6
M6-E07,47,37,M6
M6-E07,48,37,M6
M6-E07,49,37,M6
M6-E07,50,37,M6
M6-E07,51,37,M6
M6-E07,52,37,M6
M6-E07,53,37,M6
M6-E07,54,37,M6
M6-E07,55,37,M6
M6-E07,56,37,M6
M6-E07,57,37,M6
M6-E07,58,37,M6
M6-E07,59,37,M6
M6-E07,60,37,M6
M6-E07,61,37,M6
M6-E07,62,37,M6
M6-E07,63,37,M6
M6-E07,64,37,M6
M6-E07,65,37,M6
M6-E07,66,37,M6
M6-E07,67,37,M6
M6-E07,68,37,M6
M6-E07,69,37,M6
M6-E07,70,37,M6
M6-E07,71,37,M6
M6-E07,72,37,M6
M6-E07,73,37,M6
M6-E07,74,37,M6
M6-E07,75,37,M6
M6-E07,76,37,M6
M6-E07,77,37,M6
M6-E07,78,37,M6
M6-E07,79,37,M6
M6-E07,80,37,M6
M6-E07,81,37,M6
M6-E07,82,37,M6
M6-E07,83,37,M6
M6-E07,84,37,M6
M6-E07,85,37,M6
M6-E07,86,37,M6
M6-E07,87,37,M6
M6-E07,88,37,M6
M6-E07,89,37,M6
M6-E07,90,37,M6
M6-E07,91,37,M6
M6-E07,92,37,M6
M6-E07,93,37,M6
M6-E07,94,37,M6
M6-E07,95,37,M6
M6-E07,96,37,M6
M6-E07,97,37,M6
M6-E07,98,37,M6
M6-E07,99,37,M6
M0-E19,0,17,M0
M0-E19,1,17,M0
M0-E19,2,17,M0
M0-E19,3,17,M0
M0-E19,4,17,M0
M0-E19,5,17,M0
M0-E19,6,17,M0
M0-E19,7,17,M0
M0-E19,8,17,M0
M0-E19,9,17,M0
M0-E19,10,17,M0
M0-E19,11,17,M0
M0-E19,12,17,M0
M0-E19,13,17,M0
M0-E19,14,17,M0
M0-E19,15,17,M0
M0-E19,16,17,M0
M0-E19,17,17,M0
M0-E19,18,17,M0
M0-E19,19,17,M0
M0-E19,20,17,M0
M0-E19,21,17,M0
M0-E19,22,17,M0
M0-E19,23,17,M0
M0-E19,24,17,M0
M0-E19,25,17,M0
M0-E19,26,17,M0
M0-E19,27,17,M0
M0-E19,28,17,M0
M0-E19,29,17,M0
M0-E19,30,17,M0
M0-E19,31,17,M0
M0-E19,32,17,M0
M0-E19,33,17,M0
M0-E19,34,17,M0
M0-E19,35,17,M0
M0-E19,36,17,M0
M0-E19,37,17,M0
M0-E19,38,17,M0
M0-E19,39,17,M0
M0-E19,40,17,M0
M0-E19,41,17,M0
M0-E19,42,17,M0
M0-E19,43,17,M0
M0-E19,44,17,M0
M0-E19,45,17,M0
M0-E19,46,17,M0
M0-E19,47,17,M0
M0-E19,48,17,M0
M0-E19,49,17,M0
M0-E19,50,17,M0
M0-E19,51,17,M0
M0-E19,52,17,M0
M0-E19,53,17,M0
M0-E19,54,17,M0
M0-E19,55,17,M0
M0-E19,56,17,M0
M0-E19,57,17,M0
M0-E19,58,17,M0
M0-E19,59,17,M0
M0-E19,60,17,M0
M0-E19,61,17,M0
M0-E19,62,17,M0
M0-E19,63,17,M0
M0-E19,64,17,M0
M0-E19,65,17,M0
M0-E19,66,17,M0
M0-E19,67,17,M0
M0-E19,68,17,M0
M0-E19,69,17,M0
M0-E19,70,17,M0
M0-E19,71,17,M0
M0-E19,72,17,M0
M0-E19,73,17,M0
M0-E19,74,17,M0
M0-E19,75,17,M0
M0-E19,76,17,M0
M0-E19,77,17,M0
M0-E19,78,17,M0
M0-E19,79,17,M0
M0-E19,80,17,M0
M0-E19,81,17,M0
M0-E19,82,17,M0
M0-E19,83,17,M0
M0-E19,84,17,M0
M0-E19,85,17,M0
M0-E19,86,17,M0
M0-E19,87,17,M0
M0-E19,88,17,M0
M0-E19,89,17,M0
M0-E19,90,17,M0
M0-E19,91,17,M0
M0-E19,92,17,M0
M0-E19,93,17,M0
M0-E19,94,17,M0
M0-E19,95,17,M0
M0-E19,96,17,M0
M0-E19,97,17,M0
M0-E19,98,17,M0
M0-E19,99,17,M0
M7-E03,0,17,M7
M7-E03,1,17,M7
M7-E03,2,17,M7
M7-E03,3,17,M7
M7-E03,4,17,M7
M7-E03,5,17,M7
M7-E03,6,17,M7
M7-E03,7,17,M7
M7-E03,8,17,M7
M7-E03,9,17,M7
M7-E03,10,17,M7
M7-E03,11,17,M7
M7-E03,12,17,M7
M7-E03,13,17,M7
M7-E03,14,17,M7
M7-E03,15,17,M7
M7-E03,16,17,M7
M7-E03,17,17,M7
M7-E03,18,17,M7
M7-E03,19,17,M7
M7-E03,20,17,M7
M7-E03,21,17,M7
M7-E03,22,17,M7
M7-E03,23,17,M7
M7-E03,24,17,M7
M7-E03,25,17,M7
M7-E03,26,17,M7
M7-E03,27,17,M7
M7-E03,28,17,M7
M7-E03,29,17,M7
M7-E03,30,17,M7
M7-E03,31,17,M7
M7-E03,32,17,M7
M7-E03,33,17,M7
M7-E03,34,17,M7
M7-E03,35,17,M7
M7-E03,36,17,M7
M7-E03,37,17,M7
M7-E03,38,17,M7
M7-E03,39,17,M7
M7-E03,40,17,M7
M7-E03,41,17,M7
M7-E03,42,17,M7
M7-E03,43,17,M7
M7-E03,44,17,M7
M7-E03,45,17,M7
M7-E03,46,17,M7
M7-E03,47,17,M7
M7-E03,48,17,M7
M7-E03,49,17,M7
M7-E03,50,17,M7
M7-E03,51,17,M7
M7-E03,52,17,M7
M7-E03,53,17,M7
M7-E03,54,17,M7
M7-E03,55,17,M7
M7-E03,56,17,M7
M7-E03,57,17,M7
M7-E03,58,17,M7
M7-E03,59,17,M7
M7-E03,60,17,M7
M7-E03,61,17,M7
M7-E03,62,17,M7
M7-E03,63,17,M7
M7-E03,64,17,M7
M7-E03,65,17,M7
M7-E03,66,17,M7
M7-E03,67,17,M7
M7-E03,68,17,M7
M7-E03,69,17,M7
M7-E03,70,17,M7
M7-E03,71,17,M7
M7-E03,72,17,M7
M7-E03,73,17,M7
M7-E03,74,17,M7
M7-E03,75,17,M7
M7-E03,76,17,M7
M7-E03,77,17,M7
M7-E03,78,17,M7
M7-E03,79,17,M7
M7-E03,80,17,M7
M7-E03,81,17,M7
M7-E03,82,17,M7
M7-E03,83,17,M7
M7-E03,84,17,M7
M7-E03,85,17,M7
M7-E03,86,17,M7
M7-E03,87,17,M7
M7-E03,88,17,M7
M7-E03,89,17,M7
M7-E03,90,17,M7
M7-E03,91,17,M7
M7-E03,92,17,M7
M7-E03,93,17,M7
M7-E03,94,17,M7
M7-E03,95,17,M7
M7-E03,96,17,M7
M7-E03,97,17,M7
M7-E03,98,17,M7
M7-E03,99,17,M7
M7-E13,0,17,M7
M7-E13,1,17,M7
M7-E13,2,17,M7
M7-E13,3,17,M7
M7-E13,4,17,M7
M7-E13,5,17,M7
M7-E13,6,17,M7
M7-E13,7,17,M7
M7-E13,8,17,M7
M7-E13,9,17,M7
M7-E13,10,17,M7
M7-E13,11,17,M7
M7-E13,12,17,M7
M7-E13,13,17,M7
M7-E13,14,17,M7
M7-E13,15,17,M7
M7-E13,16,17,M7
M7-E13,17,17,M7
M7-E13,18,17,M7
M7-E13,19,17,M7
M7-E13,20,17,M7
M7-E13,21,17,M7
M7-E13,22,17,M7
M7-E13,23,17,M7
M7-E13,24,17,M7
M7-E13,25,17,M7
M7-E13,26,17,M7
M7-E13,27,17,M7
M7-E13,28,17,M7
M7-E13,29,17,M7
M7-E13,30,17,M7
M7-E13,31,17,M7
M7-E13,32,17,M7
M7-E13,33,17,M7
M7-E13,34,17,M7
M7-E13,35,17,M7
M7-E13,36,17,M7
M7-E13,37,17,M7
M7-E13,38,17,M7
M7-E13,39,17,M7
M7-E13,40,17,M7
M7-E13,41,17,M7
M7-E13,42,17,M7
M7-E13,43,17,M7
M7-E13,44,17,M7
M7-E13,45,17,M7
M7-E13,46,17,M7
M7-E13,47,17,M7
M7-E13,48,17,M7
M7-E13,49,17,M7
M7-E13,50,17,M7
M7-E13,51,17,M7
M7-E13,52,17,M7
M7-E13,53,17,M7
M7-E13,54,17,M7
M7-E13,55,17,M7
M7-E13,56,17,M7
M7-E13,57,17,M7
M7-E13,58,17,M7
M7-E13,59,17,M7
M7-E13,60,17,M7
M7-E13,61,17,M7
M7-E13,62,17,M7
M7-E13,63,17,M7
M7-E13,64,17,M7
M7-E13,65,17,M7
M7-E13,66,17,M7
M7-E13,67,17,M7
M7-E13,68,17,M7
M7-E13,69,17,M7
M7-E13,70,17,M7
M7-E13,71,17,M7
M7-E13,72,17,M7
M7-E13,73,17,M7
M7-E13,74,17,M7
M7-E13,75,17,M7
M7-E13,76,17,M7
M7-E13,77,17,M7
M7-E13,78,17,M7
M7-E13,79,17,M7
M7-E13,80,17,M7
M7-E13,81,17,M7
M7-E13,82,17,M7
M7-E13,83,17,M7
M7-E13,84,17,M7
M7-E13,85,17,M7
M7-E13,86,17,M7
M7-E13,87,17,M7
M7-E13,88,17,M7
M7-E13,89,17,M7
M7-E13,90,17,M7
M7-E13,91,17,M7
M7-E13,92,17,M7
M7-E13,93,17,M7
M7-E13,94,17,M7
M7-E13,95,17,M7
M7-E13,96,17,M7
M7-E13,97,17,M7
M7-E13,98,17,M7
M7-E13,99,17,M7
M0-E10,0,17,M0
M0-E10,1,17,M0
M0-E10,2,17,M0
M0-E10,3,17,M0
M0-E10,4,17,M0
M0-E10,5,17,M0
M0-E10,6,17,M0
M0-E10,7,17,M0
M0-E10,8,17,M0
M0-E10,9,17,M0
M0-E10,10,17,M0
M0-E10,11,17,M0
M0-E10,12,17,M0
M0-E10,13,17,M0
M0-E10,14,17,M0
M0-E10,15,17,M0
M0-E10,16,17,M0
M0-E10,17,17,M0
M0-E10,18,17,M0
M0-E10,19,17,M0
M0-E10,20,17,M0
M0-E10,21,17,M0
M0-E10,22,17,M0
M0-E10,23,17,M0
M0-E10,24,17,M0
M0-E10,25,17,M0
M0-E10,26,17,M0
M0-E10,27,17,M0
M0-E10,28,17,M0
M0-E10,29,17,M0
M0-E10,30,17,M0
M0-E10,31,17,M0
M0-E10,32,17,M0
M0-E10,33,17,M0
M0-E10,34,17,M0
M0-E10,35,17,M0
M0-E10,36,17,M0
M0-E10,37,17,M0
M0-E10,38,17,M0
M0-E10,39,17,M0
M0-E10,40,17,M0
M0-E10,41,17,M0
M0-E10,42,17,M0
M0-E10,43,17,M0
M0-E10,44,17,M0
M0-E10,45,17,M0
M0-E10,46,17,M0
M0-E10,47,17,M0
M0-E10,48,17,M0
M0-E10,49,17,M0
M0-E10,50,17,M0
M0-E10,51,17,M0
M0-E10,52,17,M0
M0-E10,53,17,M0
M0-E10,54,17,M0
M0-E10,55,17,M0
M0-E10,56,17,M0
M0-E10,57,17,M0
M0-E10,58,17,M0
M0-E10,59,17,M0
M0-E10,60,17,M0
M0-E10,61,17,M0
M0-E10,62,17,M0
M0-E10,63,17,M0
M0-E10,64,17,M0
M0-E10,65,17,M0
M0-E10,66,17,M0
M0-E10,67,17,M0
M0-E10,68,17,M0
M0-E10,69,17,M0
M0-E10,70,17,M0
M0-E10,71,17,M0
M0-E10,72,17,M0
M0-E10,73,17,M0
M0-E10,74,17,M0
M0-E10,75,17,M0
M0-E10,76,17,M0
M0-E10,77,17,M0
M0-E10,78,17,M0
M0-E10,79,17,M0
M0-E10,80,17,M0
M0-E10,81,17,M0
M0-E10,82,17,M0
M0-E10,83,17,M0
M0-E10,84,17,M0
M0-E10,85,17,M0
M0-E10,86,17,M0
M0-E10,87,17,M0
M0-E10,88,17,M0
M0-E10,89,17,M0
M0-E10,90,17,M0
M0-E10,91,17,M0
M0-E10,92,17,M0
M0-E10,93,17,M0
M0-E10,94,17,M0
M0-E10,95,17,M0
M0-E10,96,17,M0
M0-E10,97,17,M0
M0-E10,98,17,M0
M0-E10,99,17,M0
M7-E17,0,17,M7
M7-E17,1,17,M7
M7-E17,2,17,M7
M7-E17,3,17,M7
M7-E17,4,17,M7
M7-E17,5,17,M7
M7-E17,6,17,M7
M7-E17,7,17,M7
M7-E17,8,17,M7
M7-E17,9,17,M7
M7-E17,10,17,M7
M7-E17,11,17,M7
M7-E17,12,17,M7
M7-E17,13,17,M7
M7-E17,14,17,M7
M7-E17,15,17,M7
M7-E17,16,17,M7
M7-E17,17,17,M7
M7-E17,18,17,M7
M7-E17,19,17,M7
M7-E17,20,17,M7
M7-E17,21,17,M7
M7-E17,22,17,M7
M7-E17,23,17,M7
M7-E17,24,17,M7
M7-E17,25,17,M7
M7-E17,26,17,M7
M7-E17,27,17,M7
M7-E17,28,17,M7
M7-E17,29,17,M7
M7-E17,30,17,M7
M7-E17,31,17,M7
M7-E17,32,17,M7
M7-E17,33,17,M7
M7-E17,34,17,M7
M7-E17,35,17,M7
M7-E17,36,17,M7
M7-E17,37,17,M7
M7-E17,38,17,M7
M7-E17,39,17,M7
M7-E17,40,17,M7
M7-E17,41,17,M7
M7-E17,42,17,M7
M7-E17,43,17,M7
M7-E17,44,17,M7
M7-E17,45,17,M7
M7-E17,46,17,M7
M7-E17,47,17,M7
M7-E17,48,17,M7
M7-E17,49,17,M7
M7-E17,50,17,M7
M7-E17,51,17,M7
M7-E17,52,17,M7
M7-E17,53,17,M7
M7-E17,54,17,M7
M7-E17,55,17,M7
M7-E17,56,17,M7
M7-E17,57,17,M7
M7-E17,58,17,M7
M7-E17,59,17,M7
M7-E17,60,17,M7
M7-E17,61,17,M7
M7-E17,62,17,M7
M7-E17,63,17,M7
M7-E17,64,17,M7
M7-E17,65,17,M7
M7-E17,66,17,M7
M7-E17,67,17,M7
M7-E17,68,17,M7
M7-E17,69,17,M7
M7-E17,70,17,M7
M7-E17,71,17,M7
M7-E17,72,17,M7
M7-E17,73,17,M7
M7-E17,74,17,M7
M7-E17,75,17,M7
M7-E17,76,17,M7
M7-E17,77,17,M7
M7-E17,78,17,M7
M7-E17,79,17,M7
M7-E17,80,17,M7
M7-E17,81,17,M7
M7-E17,82,17,M7
M7-E17,83,17,M7
M7-E17,84,17,M7
M7-E17,85,17,M7
M7-E17,86,17,M7
M7-E17,87,17,M7
M7-E17,88,17,M7
M7-E17,89,17,M7
M7-E17,90,17,M7
M7-E17,91,17,M7
M7-E17,92,17,M7
M7-E17,93,17,M7
M7-E17,94,17,M7
M7-E17,95,17,M7
M7-E17,96,17,M7
M7-E17,97,17,M7
M7-E17,98,17,M7
M7-E17,99,17,M7
M3-E01,0,106,M3
M3-E01,1,108,M3
M3-E01,2,107,M3
M3-E01,3,108,M3
M3-E01,4,109,M3
M3-E01,5,106,M3
M3-E01,6,108,M3
M3-E01,7,100,M3
M3-E01,8,104,M3
M3-E01,9,100,M3
M3-E01,10,106,M3
M3-E01,11,109,M3
M3-E01,12,109,M3
M3-E01,13,100,M3
M3-E01,14,108,M3
M3-E01,15,104,M3
M3-E01,16,109,M3
M3-E01,17,106,M3
M3-E01,18,109,M3
M3-E01,19,105,M3
M3-E01,20,106,M3
M3-E01,21,103,M3
M3-E01,22,102,M3
M3-E01,23,102,M3
M3-E01,24,105,M3
M3-E01,25,109,M3
M3-E01,26,105,M3
M3-E01,27,108,M3
M3-E01,28,100,M3
M3-E01,29,106,M3
M3-E01,30,101,M3
M3-E01,31,101,M3
M3-E01,32,104,M3
M3-E01,33,103,M3
M3-E01,34,105,M3
M3-E01,35,100,M3
M3-E01,36,108,M3
M3-E01,37,104,M3
M3-E01,38,105,M3
M3-E01,39,106,M3
M3-E01,40,108,M3
M3-E01,41,102,M3
M3-E01,42,100,M3
M3-E01,43,102,M3
M3-E01,44,101,M3
M3-E01,45,105,M3
M3-E01,46,103,M3
M3-E01,47,102,M3
M3-E01,48,109,M3
M3-E01,49,105,M3
M3-E01,50,106,M3
M3-E01,51,102,M3
M3-E01,52,108,M3
M3-E01,53,104,M3
M3-E01,54,106,M3
M3-E01,55,105,M3
M3-E01,56,103,M3
M3-E01,57,103,M3
M3-E01,58,109,M3
M3-E01,59,109,M3
M3-E01,60,103,M3
M3-E01,61,103,M3
M3-E01,62,105,M3
M3-E01,63,101,M3
M3-E01,64,102,M3
M3-E01,65,104,M3
M3-E01,66,104,M3
M3-E01,67,105,M3
M3-E01,68,100,M3
M3-E01,69,105,M3
M3-E01,70,106,M3
M3-E01,71,102,M3
M3-E01,72,103,M3
M3-E01,73,105,M3
M3-E01,74,107,M3
M3-E01,75,109,M3
M3-E01,76,105,M3
M3-E01,77,102,M3
M3-E01,78,100,M3
M3-E01,79,109,M3
M3-E01,80,101,M3
M3-E01,81,101,M3
M3-E01,82,106,M3
M3-E01,83,103,M3
M3-E01,84,109,M3
M3-E01,85,104,M3
M3-E01,86,105,M3
M3-E01,87,100,M3
M3-E01,88,104,M3
M3-E01,89,105,M3
M3-E01,90,104,M3
M3-E01,91,101,M3
M3-E01,92,100,M3
M3-E01,93,104,M3
M3-E01,94,106,M3
M3-E01,95,105,M3
M3-E01,96,101,M3
M3-E01,97,108,M3
M3-E01,98,108,M3
M3-E01,99,101,M3
M6-E13,0,33,M6
M6-E13,1,33,M6
M6-E13,2,33,M6
M6-E13,3,33,M6
M6-E13,4,33,M6
M6-E13,5,33,M6
M6-E13,6,33,M6
M6-E13,7,33,M6
M6-E13,8,33,M6
M6-E13,9,33,M6
M6-E13,10,33,M6
M6-E13,11,33,M6
M6-E13,12,33,M6
M6-E13,13,33,M6
M6-E13,14,33,M6
M6-E13,15,33,M6
M6-E13,16,33,M6
M6-E13,17,33,M6
M6-E13,18,33,M6
M6-E13,19,33,M6
M6-E13,20,33,M6
M6-E13,21,33,M6
M6-E13,22,33,M6
M6-E13,23,33,M6
M6-E13,24,33,M6
M6-E13,25,33,M6
M6-E13,26,33,M6
M6-E13,27,33,M6
M6-E13,28,33,M6
M6-E13,29,33,M6
M6-E13,30,33,M6
M6-E13,31,33,M6
M6-E13,32,33,M6
M6-E13,33,33,M6
M6-E13,34,33,M6
M6-E13,35,33,M6
M6-E13,36,33,M6
M6-E13,37,33,M6
M6-E13,38,33,M6
M6-E13,39,33,M6
M6-E13,40,33,M6
M6-E13,41,33,M6
M6-E13,42,33,M6
M6-E13,43,33,M6
M6-E13,44,33,M6
M6-E13,45,33,M6
M6-E13,46,33,M6
M6-E13,47,33,M6
M6-E13,48,33,M6
M6-E13,49,33,M6
M6-E13,50,33,M6
M6-E13,51,33,M6
M6-E13,52,33,M6
M6-E13,53,33,M6
M6-E13,54,33,M6
M6-E13,55,33,M6
M6-E13,56,33,M6
M6-E13,57,33,M6
M6-E13,58,33,M6
M6-E13,59,33,M6
M6-E13,60,33,M6
M6-E13,61,33,M6
M6-E13,62,33,M6
M6-E13,63,33,M6
M6-E13,64,33,M6
M6-E13,65,33,M6
M6-E13,66,33,M6
M6-E13,67,33,M6
M6-E13,68,33,M6
M6-E13,69,33,M6
M6-E13,70,33,M6
M6-E13,71,33,M6
M6-E13,72,33,M6
M6-E13,73,33,M6
M6-E13,74,33,M6
M6-E13,75,33,M6
M6-E13,76,33,M6
M6-E13,77,33,M6
M6-E13,78,33,M6
M6-E13,79,33,M6
M6-E13,80,33,M6
M6-E13,81,33,M6
M6-E13,82,33,M6
M6-E13,83,33,M6
M6-E13,84,33,M6
M6-E13,85,33,M6
M6-E13,86,33,M6
M6-E13,87,33,M6
M6-E13,88,33,M6
M6-E13,89,33,M6
M6-E13,90,33,M6
M6-E13,91,33,M6
M6-E13,92,33,M6
M6-E13,93,33,M6
M6-E13,94,33,M6
M6-E13,95,33,M6
M6-E13,96,33,M6
M6-E13,97,33,M6
M6-E13,98,33,M6
M6-E13,99,33,M6
M6-E18,0,38,M6
M6-E18,1,38,M6
M6-E18,2,38,M6
M6-E18,3,38,M6
M6-E18,4,38,M6
M6-E18,5,38,M6
M6-E18,6,38,M6
M6-E18,7,38,M6
M6-E18,8,38,M6
M6-E18,9,38,M6
M6-E18,10,38,M6
M6-E18,11,38,M6
M6-E18,12,38,M6
M6-E18,13,38,M6
M6-E18,14,38,M6
M6-E18,15,38,M6
M6-E18,16,38,M6
M6-E18,17,38,M6
M6-E18,18,38,M6
M6-E18,19,38,M6
M6-E18,20,38,M6
M6-E18,21,38,M6
M6-E18,22,38,M6
M6-E18,23,38,M6
M6-E18,24,38,M6
M6-E18,25,38,M6
M6-E18,26,38,M6
M6-E18,27,38,M6
M6-E18,28,38,M6
M6-E18,29,38,M6
M6-E18,30,38,M6
M6-E18,31,38,M6
M6-E18,32,38,M6
M6-E18,33,38,M6
M6-E18,34,38,M6
M6-E18,35,38,M6
M6-E18,36,38,M6
M6-E18,37,38,M6
M6-E18,38,38,M6
M6-E18,39,38,M6
M6-E18,40,38,M6
M6-E18,41,38,M6
M6-E18,42,38,M6
M6-E18,43,38,M6
M6-E18,44,38,M6
M6-E18,45,38,M6
M6-E18,46,38,M6
M6-E18,47,38,M6
M6-E18,48,38,M6
M6-E18,49,38,M6
M6-E18,50,38,M6
M6-E18,51,38,M6
M6-E18,52,38,M6
M6-E18,53,38,M6
M6-E18,54,38,M6
M6-E18,55,38,M6
M6-E18,56,38,M6
M6-E18,57,38,M6
M6-E18,58,38,M6
M6-E18,59,38,M6
M6-E18,60,38,M6
M6-E18,61,38,M6
M6-E18,62,38,M6
M6-E18,63,38,M6
M6-E18,64,38,M6
M6-E18,65,38,M6
M6-E18,66,38,M6
M6-E18,67,38,M6
M6-E18,68,38,M6
M6-E18,69,38,M6
M6-E18,70,38,M6
M6-E18,71,38,M6
M6-E18,72,38,M6
M6-E18,73,38,M6
M6-E18,74,38,M6
M6-E18,75,38,M6
M6-E18,76,38,M6
M6-E18,77,38,M6
M6-E18,78,38,M6
M6-E18,79,38,M6
M6-E18,80,38,M6
M6-E18,81,38,M6
M6-E18,82,38,M6
M6-E18,83,38,M6
M6-E18,84,38,M6
M6-E18,85,38,M6
M6-E18,86,38,M6
M6-E18,87,38,M6
M6-E18,88,38,M6
M6-E18,89,38,M6
M6-E18,90,38,M6
M6-E18,91,38,M6
M6-E18,92,38,M6
M6-E18,93,38,M6
M6-E18,94,38,M6
M6-E18,95,38,M6
M6-E18,96,38,M6
M6-E18,97,38,M6
M6-E18,98,38,M6
M6-E18,99,38,M6
M6-E08,0,38,M6
M6-E08,1,38,M6
M6-E08,2,38,M6
M6-E08,3,38,M6
M6-E08,4,38,M6
M6-E08,5,38,M6
M6-E08,6,38,M6
M6-E08,7,38,M6
M6-E08,8,38,M6
M6-E08,9,38,M6
M6-E08,10,38,M6
M6-E08,11,38,M6
M6-E08,12,38,M6
M6-E08,13,38,M6
M6-E08,14,38,M6
M6-E08,15,38,M6
M6-E08,16,38,M6
M6-E08,17,38,M6
M6-E08,18,38,M6
M6-E08,19,38,M6
M6-E08,20,38,M6
M6-E08,21,38,M6
M6-E08,22,38,M6
M6-E08,23,38,M6
M6-E08,24,38,M6
M6-E08,25,38,M6
M6-E08,26,38,M6
M6-E08,27,38,M6
M6-E08,28,38,M6
M6-E08,29,38,M6
M6-E08,30,38,M6
M6-E08,31,38,M6
M6-E08,32,38,M6
M6-E08,33,38,M6
M6-E08,34,38,M6
M6-E08,35,38,M6
M6-E08,36,38,M6
M6-E08,37,38,M6
M6-E08,38,38,M6
M6-E08,39,38,M6
M6-E08,40,38,M6
M6-E08,41,38,M6
M6-E08,42,38,M6
M6-E08,43,38,M6
M6-E08,44,38,M6
M6-E08,45,38,M6
M6-E08,46,38,M6
M6-E08,47,38,M6
M6-E08,48,38,M6
M6-E08,49,38,M6
M6-E08,50,38,M6
M6-E08,51,38,M6
M6-E08,52,38,M6
M6-E08,53,38,M6
M6-E08,54,38,M6
M6-E08,55,38,M6
M6-E08,56,38,M6
M6-E08,57,38,M6
M6-E08,58,38,M6
M6-E08,59,38,M6
M6-E08,60,38,M6
M6-E08,61,38,M6
M6-E08,62,38,M6
M6-E08,63,38,M6
M6-E08,64,38,M6
M6-E08,65,38,M6
M6-E08,66,38,M6
M6-E08,67,38,M6
M6-E08,68,38,M6
M6-E08,69,38,M6
M6-E08,70,38,M6
M6-E08,71,38,M6
M6-E08,72,38,M6
M6-E08,73,38,M6
M6-E08,74,38,M6
M6-E08,75,38,M6
M6-E08,76,38,M6
M6-E08,77,38,M6
M6-E08,78,38,M6
M6-E08,79,38,M6
M6-E08,80,38,M6
M6-E08,81,38,M6
M6-E08,82,38,M6
M6-E08,83,38,M6
M6-E08,84,38,M6
M6-E08,85,38,M6
M6-E08,86,38,M6
M6-E08,87,38,M6
M6-E08,88,38,M6
M6-E08,89,38,M6
M6-E08,90,38,M6
M6-E08,91,38,M6
M6-E08,92,38,M6
M6-E08,93,38,M6
M6-E08,94,38,M6
M6-E08,95,38,M6
M6-E08,96,38,M6
M6-E08,97,38,M6
M6-E08,98,38,M6
M6-E08,99,38,M6
M0-E14,0,17,M0
M0-E14,1,17,M0
M0-E14,2,17,M0
M0-E14,3,17,M0
M0-E14,4,17,M0
M0-E14,5,17,M0
M0-E14,6,17,M0
M0-E14,7,17,M0
M0-E14,8,17,M0
M0-E14,9,17,M0
M0-E14,10,17,M0
M0-E14,11,17,M0
M0-E14,12,17,M0
M0-E14,13,17,M0
M0-E14,14,17,M0
M0-E14,15,17,M0
M0-E14,16,17,M0
M0-E14,17,17,M0
M0-E14,18,17,M0
M0-E14,19,17,M0
M0-E14,20,17,M0
M0-E14,21,17,M0
M0-E14,22,17,M0
M0-E14,23,17,M0
M0-E14,24,17,M0
M0-E14,25,17,M0
M0-E14,26,17,M0
M0-E14,27,17,M0
M0-E14,28,17,M0
M0-E14,29,17,M0
M0-E14,30,17,M0
M0-E14,31,17,M0
M0-E14,32,17,M0
M0-E14,33,17,M0
M0-E14,34,17,M0
M0-E14,35,17,M0
M0-E14,36,17,M0
M0-E14,37,17,M0
M0-E14,38,17,M0
M0-E14,39,17,M0
M0-E14,40,17,M0
M0-E14,41,17,M0
M0-E14,42,17,M0
M0-E14,43,17,M0
M0-E14,44,17,M0
M0-E14,45,17,M0
M0-E14,46,17,M0
M0-E14,47,17,M0
M0-E14,48,17,M0
M0-E14,49,17,M0
M0-E14,50,17,M0
M0-E14,51,17,M0
M0-E14,52,17,M0
M0-E14,53,17,M0
M0-E14,54,17,M0
M0-E14,55,17,M0
M0-E14,56,17,M0
M0-E14,57,17,M0
M0-E14,58,17,M0
M0-E14,59,17,M0
M0-E14,60,17,M0
M0-E14,61,17,M0
M0-E14,62,17,M0
M0-E14,63,17,M0
M0-E14,64,17,M0
M0-E14,65,17,M0
M0-E14,66,17,M0
M0-E14,67,17,M0
M0-E14,68,17,M0
M0-E14,69,17,M0
M0-E14,70,17,M0
M0-E14,71,17,M0
M0-E14,72,17,M0
M0-E14,73,17,M0
M0-E14,74,17,M0
M0-E14,75,17,M0
M0-E14,76,17,M0
M0-E14,77,17,M0
M0-E14,78,17,M0
M0-E14,79,17,M0
M0-E14,80,17,M0
M0-E14,81,17,M0
M0-E14,82,17,M0
M0-E14,83,17,M0
M0-E14,84,17,M0
M0-E14,85,17,M0
M0-E14,86,17,M0
M0-E14,87,17,M0
M0-E14,88,17,M0
M0-E14,89,17,M0
M0-E14,90,17,M0
M0-E14,91,17,M0
M0-E14,92,17,M0
M0-E14,93,17,M0
M0-E14,94,17,M0
M0-E14,95,17,M0
M0-E14,96,17,M0
M0-E14,97,17,M0
M0-E14,98,17,M0
M0-E14,99,17,M0
M1-E04,0,17,M1
M1-E04,1,17,M1
M1-E04,2,17,M1
M1-E04,3,17,M1
M1-E04,4,17,M1
M1-E04,5,17,M1
M1-E04,6,17,M1
M1-E04,7,17,M1
M1-E04,8,17,M1
M1-E04,9,17,M1
M1-E04,10,17,M1
M1-E04,11,17,M1
M1-E04,12,17,M1
M1-E04,13,17,M1
M1-E04,14,17,M1
M1-E04,15,17,M1
M1-E04,16,17,M1
M1-E04,17,17,M1
M1-E04,18,17,M1
M1-E04,19,17,M1
M1-E04,20,17,M1
M1-E04,21,17,M1
M1-E04,22,17,M1
M1-E04,23,17,M1
M1-E04,24,17,M1
M1-E04,25,17,M1
M1-E04,26,17,M1
M1-E04,27,17,M1
M1-E04,28,17,M1
M1-E04,29,17,M1
M1-E04,30,17,M1
M1-E04,31,17,M1
M1-E04,32,17,M1
M1-E04,33,17,M1
M1-E04,34,17,M1
M1-E04,35,17,M1
M1-E04,36,17,M1
M1-E04,37,17,M1
M1-E04,38,23,M1
M1-E04,39,17,M1
M1-E04,40,17,M1
M1-E04,41,17,M1
M1-E04,42,17,M1
M1-E04,43,17,M1
M1-E04,44,17,M1
M1-E04,45,17,M1
M1-E04,46,17,M1
M1-E04,47,17,M1
M1-E04,48,17,M1
M1-E04,49,17,M1
M1-E04,50,17,M1
M1-E04,51,17,M1
M1-E04,52,17,M1
M1-E04,53,17,M1
M1-E04,54,17,M1
M1-E04,55,17,M1
M1-E04,56,17,M1
M1-E04,57,17,M1
M1-E04,58,17,M1
M1-E04,59,17,M1
M1-E04,60,17,M1
M1-E04,61,17,M1
M1-E04,62,17,M1
M1-E04,63,17,M1
M1-E04,64,17,M1
M1-E04,65,17,M1
M1-E04,66,17,M1
M1-E04,67,17,M1
M1-E04,68,17,M1
M1-E04,69,17,M1
M1-E04,70,17,M1
M1-E04,71,17,M1
M1-E04,72,17,M1
M1-E04,73,17,M1
M1-E04,74,17,M1
M1-E04,75,17,M1
M1-E04,76,17,M1
M1-E04,77,17,M1
M1-E04,78,17,M1
M1-E04,79,17,M1
M1-E04,80,17,M1
M1-E04,81,17,M1
M1-E04,82,17,M1
M1-E04,83,17,M1
M1-E04,84,17,M1
M1-E04,85,17,M1
M1-E04,86,17,M1
M1-E04,87,17,M1
M1-E04,88,17,M1
M1-E04,89,17,M1
M1-E04,90,17,M1
M1-E04,91,17,M1
M1-E04,92,17,M1
M1-E04,93,17,M1
M1-E04,94,17,M1
M1-E04,95,17,M1
M1-E04,96,17,M1
M1-E04,97,17,M1
M1-E04,98,17,M1
M1-E04,99,17,M1
M4-E10,0,10,M4
M4-E10,1,11,M4
M4-E10,2,10,M4
M4-E10,3,11,M4
M4-E10,4,10,M4
M4-E10,5,11,M4
M4-E10,6,10,M4
M4-E10,7,11,M4
M4-E10,8,10,M4
M4-E10,9,11,M4
M4-E10,10,10,M4
M4-E10,11,11,M4
M4-E10,12,10,M4
M4-E10,13,11,M4
M4-E10,14,10,M4
M4-E10,15,11,M4
M4-E10,16,10,M4
M4-E10,17,11,M4
M4-E10,18,10,M4
M4-E10,19,11,M4
M4-E10,20,10,M4
M4-E10,21,11,M4
M4-E10,22,10,M4
M4-E10,23,11,M4
M4-E10,24,10,M4
M4-E10,25,11,M4
M4-E10,26,10,M4
M4-E10,27,11,M4
M4-E10,28,10,M4
M4-E10,29,11,M4
M4-E10,30,10,M4
M4-E10,31,11,M4
M4-E10,32,10,M4
M4-E10,33,11,M4
M4-E10,34,10,M4
M4-E10,35,11,M4
M4-E10,36,10,M4
M4-E10,37,11,M4
M4-E10,38,10,M4
M4-E10,39,11,M4
M4-E10,40,10,M4
M4-E10,41,11,M4
M4-E10,42,10,M4
M4-E10,43,11,M4
M4-E10,44,10,M4
M4-E10,45,11,M4
M4-E10,46,10,M4
M4-E10,47,11,M4
M4-E10,48,10,M4
M4-E10,49,11,M4
M4-E10,50,10,M4
M4-E10,51,11,M4
M4-E10,52,10,M4
M4-E10,53,11,M4
M4-E10,54,10,M4
M4-E10,55,11,M4
M4-E10,56,10,M4
M4-E10,57,11,M4
M4-E10,58,10,M4
M4-E10,59,11,M4
M4-E10,60,10,M4
M4-E10,61,11,M4
M4-E10,62,10,M4
M4-E10,63,11,M4
M4-E10,64,10,M4
M4-E10,65,11,M4
M4-E10,66,10,M4
M4-E10,67,11,M4
M4-E10,68,10,M4
M4-E10,69,11,M4
M4-E10,70,10,M4
M4-E10,71,11,M4
M4-E10,72,10,M4
M4-E10,73,11,M4
M4-E10,74,10,M4
M4-E10,75,11,M4
M4-E10,76,10,M4
M4-E10,77,11,M4
M4-E10,78,10,M4
M4-E10,79,11,M4
M4-E10,80,10,M4
M4-E10,81,11,M4
M4-E10,82,10,M4
M4-E10,83,11,M4
M4-E10,84,10,M4
M4-E10,85,11,M4
M4-E10,86,10,M4
M4-E10,87,11,M4
M4-E10,88,10,M4
M4-E10,89,11,M4
M4-E10,90,10,M4
M4-E10,91,11,M4
M4-E10,92,10,M4
M4-E10,93,11,M4
M4-E10,94,10,M4
M4-E10,95,11,M4
M4-E10,96,10,M4
M4-E10,97,11,M4
M4-E10,98,10,M4
M4-E10,99,11,M4
M3-E13,0,101,M3
M3-E13,1,102,M3
M3-E13,2,108,M3
M3-E13,3,103,M3
M3-E13,4,101,M3
M3-E13,5,109,M3
M3-E13,6,107,M3
M3-E13,7,103,M3
M3-E13,8,105,M3
M3-E13,9,107,M3
M3-E13,10,100,M3
M3-E13,11,100,M3
M3-E13,12,107,M3
M3-E13,13,109,M3
M3-E13,14,107,M3
M3-E13,15,108,M3
M3-E13,16,106,M3
M3-E13,17,108,M3
M3-E13,18,102,M3
M3-E13,19,106,M3
M3-E13,20,104,M3
M3-E13,21,100,M3
M3-E13,22,108,M3
M3-E13,23,106,M3
M3-E13,24,106,M3
M3-E13,25,107,M3
M3-E13,26,100,M3
M3-E13,27,108,M3
M3-E13,28,102,M3
M3-E13,29,104,M3
M3-E13,30,108,M3
M3-E13,31,109,M3
M3-E13,32,107,M3
M3-E13,33,107,M3
M3-E13,34,103,M3
M3-E13,35,104,M3
M3-E13,36,104,M3
M3-E13,37,107,M3
M3-E13,38,109,M3
M3-E13,39,100,M3
M3-E13,40,108,M3
M3-E13,41,106,M3
M3-E13,42,103,M3
M3-E13,43,107,M3
M3-E13,44,105,M3
M3-E13,45,102,M3
M3-E13,46,104,M3
M3-E13,47,104,M3
M3-E13,48,104,M3
M3-E13,49,106,M3
M3-E13,50,107,M3
M3-E13,51,105,M3
M3-E13,52,107,M3
M3-E13,53,101,M3
M3-E13,54,102,M3
M3-E13,55,107,M3
M3-E13,56,101,M3
M3-E13,57,101,M3
M3-E13,58,104,M3
M3-E13,59,100,M3
M3-E13,60,100,M3
M3-E13,61,104,M3
M3-E13,62,105,M3
M3-E13,63,100,M3
M3-E13,64,100,M3
M3-E13,65,102,M3
M3-E13,66,108,M3
M3-E13,67,104,M3
M3-E13,68,104,M3
M3-E13,69,100,M3
M3-E13,70,109,M3
M3-E13,71,103,M3
M3-E13,72,106,M3
M3-E13,73,105,M3
M3-E13,74,107,M3
M3-E13,75,105,M3
M3-E13,76,105,M3
M3-E13,77,103,M3
M3-E13,78,106,M3
M3-E13,79,107,M3
M3-E13,80,107,M3
M3-E13,81,103,M3
M3-E13,82,103,M3
M3-E13,83,105,M3
M3-E13,84,106,M3
M3-E13,85,106,M3
M3-E13,86,101,M3
M3-E13,87,103,M3
M3-E13,88,103,M3
M3-E13,89,103,M3
M3-E13,90,103,M3
M3-E13,91,103,M3
M3-E13,92,105,M3
M3-E13,93,106,M3
M3-E13,94,103,M3
M3-E13,95,103,M3
M3-E13,96,104,M3
M3-E13,97,106,M3
M3-E13,98,103,M3
M3-E13,99,109,M3
M7-E15,0,17,M7
M7-E15,1,17,M7
M7-E15,2,17,M7
M7-E15,3,17,M7
M7-E15,4,17,M7
M7-E15,5,17,M7
M7-E15,6,17,M7
M7-E15,7,17,M7
M7-E15,8,17,M7
M7-E15,9,17,M7
M7-E15,10,17,M7
M7-E15,11,17,M7
M7-E15,12,17,M7
M7-E15,13,17,M7
M7-E15,14,17,M7
M7-E15,15,17,M7
M7-E15,16,17,M7
M7-E15,17,17,M7
M7-E15,18,17,M7
M7-E15,19,17,M7
M7-E15,20,17,M7
M7-E15,21,17,M7
M7-E15,22,17,M7
M7-E15,23,17,M7
M7-E15,24,17,M7
M7-E15,25,17,M7
M7-E15,26,17,M7
M7-E15,27,17,M7
M7-E15,28,17,M7
M7-E15,29,17,M7
M7-E15,30,17,M7
M7-E15,31,17,M7
M7-E15,32,17,M7
M7-E15,33,17,M7
M7-E15,34,17,M7
M7-E15,35,17,M7
M7-E15,36,17,M7
M7-E15,37,17,M7
M7-E15,38,17,M7
M7-E15,39,17,M7
M7-E15,40,17,M7
M7-E15,41,17,M7
M7-E15,42,17,M7
M7-E15,43,17,M7
M7-E15,44,17,M7
M7-E15,45,17,M7
M7-E15,46,17,M7
M7-E15,47,17,M7
M7-E15,48,17,M7
M7-E15,49,17,M7
M7-E15,50,17,M7
M7-E15,51,17,M7
M7-E15,52,17,M7
M7-E15,53,17,M7
M7-E15,54,17,M7
M7-E15,55,17,M7
M7-E15,56,17,M7
M7-E15,57,17,M7
M7-E15,58,17,M7
M7-E15,59,17,M7
M7-E15,60,17,M7
M7-E15,61,17,M7
M7-E15,62,17,M7
M7-E15,63,17,M7
M7-E15,64,17,M7
M7-E15,65,17,M7
M7-E15,66,17,M7
M7-E15,67,17,M7
M7-E15,68,17,M7
M7-E15,69,17,M7
M7-E15,70,17,M7
M7-E15,71,17,M7
M7-E15,72,17,M7
M7-E15,73,17,M7
M7-E15,74,17,M7
M7-E15,75,17,M7
M7-E15,76,17,M7
M7-E15,77,17,M7
M7-E15,78,17,M7
M7-E15,79,17,M7
M7-E15,80,17,M7
M7-E15,81,17,M7
M7-E15,82,17,M7
M7-E15,83,17,M7
M7-E15,84,17,M7
M7-E15,85,17,M7
M7-E15,86,17,M7
M7-E15,87,17,M7
M7-E15,88,17,M7
M7-E15,89,17,M7
M7-E15,90,17,M7
M7-E15,91,17,M7
M7-E15,92,17,M7
M7-E15,93,17,M7
M7-E15,94,17,M7
M7-E15,95,17,M7
M7-E15,96,17,M7
M7-E15,97,17,M7
M7-E15,98,17,M7
M7-E15,99,17,M7
M2-E08,0,17,M2
M2-E08,1,17,M2
M2-E08,2,17,M2
M2-E08,3,17,M2
M2-E08,4,17,M2
M2-E08,5,17,M2
M2-E08,6,23,M2
M2-E08,7,23,M2
M2-E08,8,23,M2
M2-E08,9,17,M2
M2-E08,10,17,M2
M2-E08,11,23,M2
M2-E08,12,23,M2
M2-E08,13,17,M2
M2-E08,14,17,M2
M2-E08,15,23,M2
M2-E08,16,23,M2
M2-E08,17,17,M2
M2-E08,18,23,M2
M2-E08,19,17,M2
M2-E08,20,17,M2
M2-E08,21,23,M2
M2-E08,22,17,M2
M2-E08,23,23,M2
M2-E08,24,23,M2
M2-E08,25,23,M2
M2-E08,26,23,M2
M2-E08,27,23,M2
M2-E08,28,23,M2
M2-E08,29,23,M2
M2-E08,30,17,M2
M2-E08,31,17,M2
M2-E08,32,23,M2
M2-E08,33,17,M2
M2-E08,34,23,M2
M2-E08,35,17,M2
M2-E08,36,17,M2
M2-E08,37,17,M2
M2-E08,38,23,M2
M2-E08,39,17,M2
M2-E08,40,23,M2
M2-E08,41,23,M2
M2-E08,42,23,M2
M2-E08,43,17,M2
M2-E08,44,23,M2
M2-E08,45,23,M2
M2-E08,46,23,M2
M2-E08,47,23,M2
M2-E08,48,17,M2
M2-E08,49,17,M2
M2-E08,50,17,M2
M2-E08,51,17,M2
M2-E08,52,17,M2
M2-E08,53,23,M2
M2-E08,54,17,M2
M2-E08,55,23,M2
M2-E08,56,17,M2
M2-E08,57,17,M2
M2-E08,58,23,M2
M2-E08,59,23,M2
M2-E08,60,17,M2
M2-E08,61,23,M2
M2-E08,62,23,M2
M2-E08,63,17,M2
M2-E08,64,17,M2
M2-E08,65,17,M2
M2-E08,66,17,M2
M2-E08,67,17,M2
M2-E08,68,23,M2
M2-E08,69,17,M2
M2-E08,70,17,M2
M2-E08,71,23,M2
M2-E08,72,17,M2
M2-E08,73,17,M2
M2-E08,74,23,M2
M2-E08,75,23,M2
M2-E08,76,23,M2
M2-E08,77,23,M2
M2-E08,78,23,M2
M2-E08,79,23,M2
M2-E08,80,23,M2
M2-E08,81,17,M2
M2-E08,82,17,M2
M2-E08,83,23,M2
M2-E08,84,23,M2
M2-E08,85,17,M2
M2-E08,86,17,M2
M2-E08,87,23,M2
M2-E08,88,17,M2
M2-E08,89,17,M2
M2-E08,90,23,M2
M2-E08,91,23,M2
M2-E08,92,17,M2
M2-E08,93,23,M2
M2-E08,94,17,M2
M2-E08,95,17,M2
M2-E08,96,23,M2
M2-E08,97,23,M2
M2-E08,98,23,M2
M2-E08,99,17,M2
M7-E14,0,17,M7
M7-E14,1,17,M7
M7-E14,2,17,M7
M7-E14,3,17,M7
M7-E14,4,17,M7
M7-E14,5,17,M7
M7-E14,6,17,M7
M7-E14,7,17,M7
M7-E14,8,17,M7
M7-E14,9,17,M7
M7-E14,10,17,M7
M7-E14,11,17,M7
M7-E14,12,17,M7
M7-E14,13,17,M7
M7-E14,14,17,M7
M7-E14,15,17,M7
M7-E14,16,17,M7
M7-E14,17,17,M7
M7-E14,18,17,M7
M7-E14,19,17,M7
M7-E14,20,17,M7
M7-E14,21,17,M7
M7-E14,22,17,M7
M7-E14,23,17,M7
M7-E14,24,17,M7
M7-E14,25,17,M7
M7-E14,26,17,M7
M7-E14,27,17,M7
M7-E14,28,17,M7
M7-E14,29,17,M7
M7-E14,30,17,M7
M7-E14,31,17,M7
M7-E14,32,17,M7
M7-E14,33,17,M7
M7-E14,34,17,M7
M7-E14,35,17,M7
M7-E14,36,17,M7
M7-E14,37,17,M7
M7-E14,38,17,M7
M7-E14,39,17,M7
M7-E14,40,17,M7
M7-E14,41,17,M7
M7-E14,42,17,M7
M7-E14,43,17,M7
M7-E14,44,17,M7
M7-E14,45,17,M7
M7-E14,46,17,M7
M7-E14,47,17,M7
M7-E14,48,17,M7
M7-E14,49,17,M7
M7-E14,50,17,M7
M7-E14,51,17,M7
M7-E14,52,17,M7
M7-E14,53,17,M7
M7-E14,54,17,M7
M7-E14,55,17,M7
M7-E14,56,17,M7
M7-E14,57,17,M7
M7-E14,58,17,M7
M7-E14,59,17,M7
M7-E14,60,17,M7
M7-E14,61,17,M7
M7-E14,62,17,M7
M7-E14,63,17,M7
M7-E14,64,17,M7
M7-E14,65,17,M7
M7-E14,66,17,M7
M7-E14,67,17,M7
M7-E14,68,17,M7
M7-E14,69,17,M7
M7-E14,70,17,M7
M7-E14,71,17,M7
M7-E14,72,17,M7
M7-E14,73,17,M7
M7-E14,74,17,M7
M7-E14,75,17,M7
M7-E14,76,17,M7
M7-E14,77,17,M7
M7-E14,78,17,M7
M7-E14,79,17,M7
M7-E14,80,17,M7
M7-E14,81,17,M7
M7-E14,82,17,M7
M7-E14,83,17,M7
M7-E14,84,17,M7
M7-E14,85,17,M7
M7-E14,86,17,M7
M7-E14,87,17,M7
M7-E14,88,17,M7
M7-E14,89,17,M7
M7-E14,90,17,M7
M7-E14,91,17,M7
M7-E14,92,17,M7
M7-E14,93,17,M7
M7-E14,94,17,M7
M7-E14,95,17,M7
M7-E14,96,17,M7
M7-E14,97,17,M7
M7-E14,98,17,M7
M7-E14,99,17,M7
M4-E19,0,10,M4
M4-E19,1,11,M4
M4-E19,2,10,M4
M4-E19,3,11,M4
M4-E19,4,10,M4
M4-E19,5,11,M4
M4-E19,6,10,M4
M4-E19,7,11,M4
M4-E19,8,10,M4
M4-E19,9,11,M4
M4-E19,10,10,M4
M4-E19,11,11,M4
M4-E19,12,10,M4
M4-E19,13,11,M4
M4-E19,14,10,M4
M4-E19,15,11,M4
M4-E19,16,10,M4
M4-E19,17,11,M4
M4-E19,18,10,M4
M4-E19,19,11,M4
M4-E19,20,10,M4
M4-E19,21,11,M4
M4-E19,22,10,M4
M4-E19,23,11,M4
M4-E19,24,10,M4
M4-E19,25,11,M4
M4-E19,26,10,M4
M4-E19,27,11,M4
M4-E19,28,10,M4
M4-E19,29,11,M4
M4-E19,30,10,M4
M4-E19,31,11,M4
M4-E19,32,10,M4
M4-E19,33,11,M4
M4-E19,34,10,M4
M4-E19,35,11,M4
M4-E19,36,10,M4
M4-E19,37,11,M4
M4-E19,38,10,M4
M4-E19,39,11,M4
M4-E19,40,10,M4
M4-E19,41,11,M4
M4-E19,42,10,M4
M4-E19,43,11,M4
M4-E19,44,10,M4
M4-E19,45,11,M4
M4-E19,46,10,M4
M4-E19,47,11,M4
M4-E19,48,10,M4
M4-E19,49,11,M4
M4-E19,50,10,M4
M4-E19,51,11,M4
M4-E19,52,10,M4
M4-E19,53,11,M4
M4-E19,54,10,M4
M4-E19,55,11,M4
M4-E19,56,10,M4
M4-E19,57,11,M4
M4-E19,58,10,M4
M4-E19,59,11,M4
M4-E19,60,10,M4
M4-E19,61,11,M4
M4-E19,62,10,M4
M4-E19,63,11,M4
M4-E19,64,10,M4
M4-E19,65,11,M4
M4-E19,66,10,M4
M4-E19,67,11,M4
M4-E19,68,10,M4
M4-E19,69,11,M4
M4-E19,70,10,M4
M4-E19,71,11,M4
M4-E19,72,10,M4
M4-E19,73,11,M4
M4-E19,74,10,M4
M4-E19,75,11,M4
M4-E19,76,10,M4
M4-E19,77,11,M4
M4-E19,78,10,M4
M4-E19,79,11,M4
M4-E19,80,10,M4
M4-E19,81,11,M4
M4-E19,82,10,M4
M4-E19,83,11,M4
M4-E19,84,10,M4
M4-E19,85,11,M4
M4-E19,86,10,M4
M4-E19,87,11,M4
M4-E19,88,10,M4
M4-E19,89,11,M4
M4-E19,90,10,M4
M4-E19,91,11,M4
M4-E19,92,10,M4
M4-E19,93,11,M4
M4-E19,94,10,M4
M4-E19,95,11,M4
M4-E19,96,10,M4
M4-E19,97,11,M4
M4-E19,98,10,M4
M4-E19,99,11,M4
M3-E08,0,103,M3
M3-E08,1,106,M3
M3-E08,2,105,M3
M3-E08,3,103,M3
M3-E08,4,107,M3
M3-E08,5,109,M3
M3-E08,6,109,M3
M3-E08,7,101,M3
M3-E08,8,108,M3
M3-E08,9,100,M3
M3-E08,10,107,M3
M3-E08,11,103,M3
M3-E08,12,109,M3
M3-E08,13,104,M3
M3-E08,14,107,M3
M3-E08,15,103,M3
M3-E08,16,105,M3
M3-E08,17,102,M3
M3-E08,18,109,M3
M3-E08,19,102,M3
M3-E08,20,107,M3
M3-E08,21,104,M3
M3-E08,22,103,M3
M3-E08,23,101,M3
M3-E08,24,104,M3
M3-E08,25,107,M3
M3-E08,26,101,M3
M3-E08,27,107,M3
M3-E08,28,109,M3
M3-E08,29,101,M3
M3-E08,30,107,M3
M3-E08,31,102,M3
M3-E08,32,107,M3
M3-E08,33,102,M3
M3-E08,34,100,M3
M3-E08,35,101,M3
M3-E08,36,103,M3
M3-E08,37,101,M3
M3-E08,38,102,M3
M3-E08,39,107,M3
M3-E08,40,101,M3
M3-E08,41,100,M3
M3-E08,42,109,M3
M3-E08,43,109,M3
M3-E08,44,100,M3
M3-E08,45,108,M3
M3-E08,46,100,M3
M3-E08,47,106,M3
M3-E08,48,106,M3
M3-E08,49,102,M3
M3-E08,50,102,M3
M3-E08,51,102,M3
M3-E08,52,101,M3
M3-E08,53,105,M3
M3-E08,54,107,M3
M3-E08,55,104,M3
M3-E08,56,103,M3
M3-E08,57,103,M3
M3-E08,58,105,M3
M3-E08,59,107,M3
M3-E08,60,101,M3
M3-E08,61,108,M3
M3-E08,62,101,M3
M3-E08,63,106,M3
M3-E08,64,103,M3
M3-E08,65,109,M3
M3-E08,66,102,M3
M3-E08,67,102,M3
M3-E08,68,100,M3
M3-E08,69,109,M3
M3-E08,70,100,M3
M3-E08,71,100,M3
M3-E08,72,109,M3
M3-E08,73,102,M3
M3-E08,74,109,M3
M3-E08,75,108,M3
M3-E08,76,108,M3
M3-E08,77,106,M3
M3-E08,78,104,M3
M3-E08,79,105,M3
M3-E08,80,102,M3
M3-E08,81,100,M3
M3-E08,82,102,M3
M3-E08,83,105,M3
M3-E08,84,107,M3
M3-E08,85,102,M3
M3-E08,86,100,M3
M3-E08,87,103,M3
M3-E08,88,104,M3
M3-E08,89,104,M3
M3-E08,90,104,M3
M3-E08,91,104,M3
M3-E08,92,102,M3
M3-E08,93,107,M3
M3-E08,94,108,M3
M3-E08,95,105,M3
M3-E08,96,109,M3
M3-E08,97,107,M3
M3-E08,98,105,M3
M3-E08,99,103,M3
M6-E04,0,34,M6
M6-E04,1,34,M6
M6-E04,2,34,M6
M6-E04,3,34,M6
M6-E04,4,34,M6
M6-E04,5,34,M6
M6-E04,6,34,M6
M6-E04,7,34,M6
M6-E04,8,34,M6
M6-E04,9,34,M6
M6-E04,10,34,M6
M6-E04,11,34,M6
M6-E04,12,34,M6
M6-E04,13,34,M6
M6-E04,14,34,M6
M6-E04,15,34,M6
M6-E04,16,34,M6
M6-E04,17,34,M6
M6-E04,18,34,M6
M6-E04,19,34,M6
M6-E04,20,34,M6
M6-E04,21,34,M6
M6-E04,22,34,M6
M6-E04,23,34,M6
M6-E04,24,34,M6
M6-E04,25,34,M6
M6-E04,26,34,M6
M6-E04,27,34,M6
M6-E04,28,34,M6
M6-E04,29,34,M6
M6-E04,30,34,M6
M6-E04,31,34,M6
M6-E04,32,34,M6
M6-E04,33,34,M6
M6-E04,34,34,M6
M6-E04,35,34,M6
M6-E04,36,34,M6
M6-E04,37,34,M6
M6-E04,38,34,M6
M6-E04,39,34,M6
M6-E04,40,34,M6
M6-E04,41,34,M6
M6-E04,42,34,M6
M6-E04,43,34,M6
M6-E04,44,34,M6
M6-E04,45,34,M6
M6-E04,46,34,M6
M6-E04,47,34,M6
M6-E04,48,34,M6
M6-E04,49,34,M6
M6-E04,50,34,M6
M6-E04,51,34,M6
M6-E04,52,34,M6
M6-E04,53,34,M6
M6-E04,54,34,M6
M6-E04,55,34,M6
M6-E04,56,34,M6
M6-E04,57,34,M6
M6-E04,58,34,M6
M6-E04,59,34,M6
M6-E04,60,34,M6
M6-E04,61,34,M6
M6-E04,62,34,M6
M6-E04,63,34,M6
M6-E04,64,34,M6
M6-E04,65,34,M6
M6-E04,66,34,M6
M6-E04,67,34,M6
M6-E04,68,34,M6
M6-E04,69,34,M6
M6-E04,70,34,M6
M6-E04,71,34,M6
M6-E04,72,34,M6
M6-E04,73,34,M6
M6-E04,74,34,M6
M6-E04,75,34,M6
M6-E04,76,34,M6
M6-E04,77,34,M6
M6-E04,78,34,M6
M6-E04,79,34,M6
M6-E04,80,34,M6
M6-E04,81,34,M6
M6-E04,82,34,M6
M6-E04,83,34,M6
M6-E04,84,34,M6
M6-E04,85,34,M6
M6-E04,86,34,M6
M6-E04,87,34,M6
M6-E04,88,34,M6
M6-E04,89,34,M6
M6-E04,90,34,M6
M6-E04,91,34,M6
M6-E04,92,34,M6
M6-E04,93,34,M6
M6-E04,94,34,M6
M6-E04,95,34,M6
M6-E04,96,34,M6
M6-E04,97,34,M6
M6-E04,98,34,M6
M6-E04,99,34,M6
M1-E08,0,17,M1
M1-E08,1,17,M1
M1-E08,2,17,M1
M1-E08,3,17,M1
M1-E08,4,17,M1
M1-E08,5,17,M1
M1-E08,6,17,M1
M1-E08,7,17,M1
M1-E08,8,17,M1
M1-E08,9,17,M1
M1-E08,10,17,M1
M1-E08,11,17,M1
M1-E08,12,17,M1
M1-E08,13,17,M1
M1-E08,14,17,M1
M1-E08,15,17,M1
M1-E08,16,17,M1
M1-E08,17,17,M1
M1-E08,18,17,M1
M1-E08,19,17,M1
M1-E08,20,17,M1
M1-E08,21,17,M1
M1-E08,22,17,M1
M1-E08,23,17,M1
M1-E08,24,17,M1
M1-E08,25,17,M1
M1-E08,26,17,M1
M1-E08,27,17,M1
M1-E08,28,17,M1
M1-E08,29,17,M1
M1-E08,30,17,M1
M1-E08,31,17,M1
M1-E08,32,17,M1
M1-E08,33,17,M1
M1-E08,34,17,M1
M1-E08,35,17,M1
M1-E08,36,17,M1
M1-E08,37,17,M1
M1-E08,38,17,M1
M1-E08,39,17,M1
M1-E08,40,17,M1
M1-E08,41,17,M1
M1-E08,42,17,M1
M1-E08,43,17,M1
M1-E08,44,17,M1
M1-E08,45,17,M1
M1-E08,46,17,M1
M1-E08,47,17,M1
M1-E08,48,17,M1
M1-E08,49,17,M1
M1-E08,50,17,M1
M1-E08,51,17,M1
M1-E08,52,17,M1
M1-E08,53,17,M1
M1-E08,54,17,M1
M1-E08,55,17,M1
M1-E08,56,17,M1
M1-E08,57,17,M1
M1-E08,58,17,M1
M1-E08,59,23,M1
M1-E08,60,17,M1
M1-E08,61,17,M1
M1-E08,62,17,M1
M1-E08,63,17,M1
M1-E08,64,17,M1
M1-E08,65,17,M1
M1-E08,66,17,M1
M1-E08,67,17,M1
M1-E08,68,17,M1
M1-E08,69,17,M1
M1-E08,70,17,M1
M1-E08,71,17,M1
M1-E08,72,17,M1
M1-E08,73,17,M1
M1-E08,74,17,M1
M1-E08,75,17,M1
M1-E08,76,17,M1
M1-E08,77,17,M1
M1-E08,78,17,M1
M1-E08,79,17,M1
M1-E08,80,17,M1
M1-E08,81,17,M1
M1-E08,82,17,M1
M1-E08,83,17,M1
M1-E08,84,17,M1
M1-E08,85,17,M1
M1-E08,86,17,M1
M1-E08,87,17,M1
M1-E08,88,17,M1
M1-E08,89,17,M1
M1-E08,90,17,M1
M1-E08,91,17,M1
M1-E08,92,17,M1
M1-E08,93,17,M1
M1-E08,94,17,M1
M1-E08,95,17,M1
M1-E08,96,17,M1
M1-E08,97,17,M1
M1-E08,98,17,M1
M1-E08,99,17,M1
M6-E03,0,33,M6
M6-E03,1,33,M6
M6-E03,2,33,M6
M6-E03,3,33,M6
M6-E03,4,33,M6
M6-E03,5,33,M6
M6-E03,6,33,M6
M6-E03,7,33,M6
M6-E03,8,33,M6
M6-E03,9,33,M6
M6-E03,10,33,M6
M6-E03,11,33,M6
M6-E03,12,33,M6
M6-E03,13,33,M6
M6-E03,14,33,M6
M6-E03,15,33,M6
M6-E03,16,33,M6
M6-E03,17,33,M6
M6-E03,18,33,M6
M6-E03,19,33,M6
M6-E03,20,33,M6
M6-E03,21,33,M6
M6-E03,22,33,M6
M6-E03,23,33,M6
M6-E03,24,33,M6
M6-E03,25,33,M6
M6-E03,26,33,M6
M6-E03,27,33,M6
M6-E03,28,33,M6
M6-E03,29,33,M6
M6-E03,30,33,M6
M6-E03,31,33,M6
M6-E03,32,33,M6
M6-E03,33,33,M6
M6-E03,34,33,M6
M6-E03,35,33,M6
M6-E03,36,33,M6
M6-E03,37,33,M6
M6-E03,38,33,M6
M6-E03,39,33,M6
M6-E03,40,33,M6
M6-E03,41,33,M6
M6-E03,42,33,M6
M6-E03,43,33,M6
M6-E03,44,33,M6
M6-E03,45,33,M6
M6-E03,46,33,M6
M6-E03,47,33,M6
M6-E03,48,33,M6
M6-E03,49,33,M6
M6-E03,50,33,M6
M6-E03,51,33,M6
M6-E03,52,33,M6
M6-E03,53,33,M6
M6-E03,54,33,M6
M6-E03,55,33,M6
M6-E03,56,33,M6
M6-E03,57,33,M6
M6-E03,58,33,M6
M6-E03,59,33,M6
M6-E03,60,33,M6
M6-E03,61,33,M6
M6-E03,62,33,M6
M6-E03,63,33,M6
M6-E03,64,33,M6
M6-E03,65,33,M6
M6-E03,66,33,M6
M6-E03,67,33,M6
M6-E03,68,33,M6
M6-E03,69,33,M6
M6-E03,70,33,M6
M6-E03,71,33,M6
M6-E03,72,33,M6
M6-E03,73,33,M6
M6-E03,74,33,M6
M6-E03,75,33,M6
M6-E03,76,33,M6
M6-E03,77,33,M6
M6-E03,78,33,M6
M6-E03,79,33,M6
M6-E03,80,33,M6
M6-E03,81,33,M6
M6-E03,82,33,M6
M6-E03,83,33,M6
M6-E03,84,33,M6
M6-E03,85,33,M6
M6-E03,86,33,M6
M6-E03,87,33,M6
M6-E03,88,33,M6
M6-E03,89,33,M6
M6-E03,90,33,M6
M6-E03,91,33,M6
M6-E03,92,33,M6
M6-E03,93,33,M6
M6-E03,94,33,M6
M6-E03,95,33,M6
M6-E03,96,33,M6
M6-E03,97,33,M6
M6-E03,98,33,M6
M6-E03,99,33,M6
M7-E02,0,17,M7
M7-E02,1,17,M7
M7-E02,2,17,M7
M7-E02,3,17,M7
M7-E02,4,17,M7
M7-E02,5,17,M7
M7-E02,6,17,M7
M7-E02,7,17,M7
M7-E02,8,17,M7
M7-E02,9,17,M7
M7-E02,10,17,M7
M7-E02,11,17,M7
M7-E02,12,17,M7
M7-E02,13,17,M7
M7-E02,14,17,M7
M7-E02,15,17,M7
M7-E02,16,17,M7
M7-E02,17,17,M7
M7-E02,18,17,M7
M7-E02,19,17,M7
M7-E02,20,17,M7
M7-E02,21,17,M7
M7-E02,22,17,M7
M7-E02,23,17,M7
M7-E02,24,17,M7
M7-E02,25,17,M7
M7-E02,26,17,M7
M7-E02,27,17,M7
M7-E02,28,17,M7
M7-E02,29,17,M7
M7-E02,30,17,M7
M7-E02,31,17,M7
M7-E02,32,17,M7
M7-E02,33,17,M7
M7-E02,34,17,M7
M7-E02,35,17,M7
M7-E02,36,17,M7
M7-E02,37,17,M7
M7-E02,38,17,M7
M7-E02,39,17,M7
M7-E02,40,17,M7
M7-E02,41,17,M7
M7-E02,42,17,M7
M7-E02,43,17,M7
M7-E02,44,17,M7
M7-E02,45,17,M7
M7-E02,46,17,M7
M7-E02,47,17,M7
M7-E02,48,17,M7
M7-E02,49,17,M7
M7-E02,50,17,M7
M7-E02,51,17,M7
M7-E02,52,17,M7
M7-E02,53,17,M7
M7-E02,54,17,M7
M7-E02,55,17,M7
M7-E02,56,17,M7
M7-E02,57,17,M7
M7-E02,58,17,M7
M7-E02,59,17,M7
M7-E02,60,17,M7
M7-E02,61,17,M7
M7-E02,62,17,M7
M7-E02,63,17,M7
M7-E02,64,17,M7
M7-E02,65,17,M7
M7-E02,66,17,M7
M7-E02,67,17,M7
M7-E02,68,17,M7
M7-E02,69,17,M7
M7-E02,70,17,M7
M7-E02,71,17,M7
M7-E02,72,17,M7
M7-E02,73,17,M7
M7-E02,74,17,M7
M7-E02,75,17,M7
M7-E02,76,17,M7
M7-E02,77,17,M7
M7-E02,78,17,M7
M7-E02,79,17,M7
M7-E02,80,17,M7
M7-E02,81,17,M7
M7-E02,82,17,M7
M7-E02,83,17,M7
M7-E02,84,17,M7
M7-E02,85,17,M7
M7-E02,86,17,M7
M7-E02,87,17,M7
M7-E02,88,17,M7
M7-E02,89,17,M7
M7-E02,90,17,M7
M7-E02,91,17,M7
M7-E02,92,17,M7
M7-E02,93,17,M7
M7-E02,94,17,M7
M7-E02,95,17,M7
M7-E02,96,17,M7
M7-E02,97,17,M7
M7-E02,98,17,M7
M7-E02,99,17,M7
M5-E03,0,10,M5
M5-E03,1,12,M5
M5-E03,2,10,M5
M5-E03,3,12,M5
M5-E03,4,10,M5
M5-E03,5,12,M5
M5-E03,6,10,M5
M5-E03,7,12,M5
M5-E03,8,10,M5
M5-E03,9,12,M5
M5-E03,10,10,M5
M5-E03,11,12,M5
M5-E03,12,10,M5
M5-E03,13,12,M5
M5-E03,14,10,M5
M5-E03,15,12,M5
M5-E03,16,10,M5
M5-E03,17,12,M5
M5-E03,18,10,M5
M5-E03,19,12,M5
M5-E03,20,10,M5
M5-E03,21,12,M5
M5-E03,22,10,M5
M5-E03,23,12,M5
M5-E03,24,10,M5
M5-E03,25,12,M5
M5-E03,26,10,M5
M5-E03,27,12,M5
M5-E03,28,10,M5
M5-E03,29,12,M5
M5-E03,30,10,M5
M5-E03,31,12,M5
M5-E03,32,10,M5
M5-E03,33,12,M5
M5-E03,34,10,M5
M5-E03,35,12,M5
M5-E03,36,10,M5
M5-E03,37,12,M5
M5-E03,38,10,M5
M5-E03,39,12,M5
M5-E03,40,10,M5
M5-E03,41,12,M5
M5-E03,42,10,M5
M5-E03,43,12,M5
M5-E03,44,10,M5
M5-E03,45,12,M5
M5-E03,46,10,M5
M5-E03,47,12,M5
M5-E03,48,10,M5
M5-E03,49,12,M5
M5-E03,50,10,M5
M5-E03,51,12,M5
M5-E03,52,10,M5
M5-E03,53,12,M5
M5-E03,54,10,M5
M5-E03,55,12,M5
M5-E03,56,10,M5
M5-E03,57,12,M5
M5-E03,58,10,M5
M5-E03,59,12,M5
M5-E03,60,10,M5
M5-E03,61,12,M5
M5-E03,62,10,M5
M5-E03,63,12,M5
M5-E03,64,10,M5
M5-E03,65,12,M5
M5-E03,66,10,M5
M5-E03,67,12,M5
M5-E03,68,10,M5
M5-E03,69,12,M5
M5-E03,70,10,M5
M5-E03,71,12,M5
M5-E03,72,10,M5
M5-E03,73,12,M5
M5-E03,74,10,M5
M5-E03,75,12,M5
M5-E03,76,10,M5
M5-E03,77,12,M5
M5-E03,78,10,M5
M5-E03,79,12,M5
M5-E03,80,10,M5
M5-E03,81,12,M5
M5-E03,82,10,M5
M5-E03,83,12,M5
M5-E03,84,10,M5
M5-E03,85,12,M5
M5-E03,86,10,M5
M5-E03,87,12,M5
M5-E03,88,10,M5
M5-E03,89,12,M5
M5-E03,90,10,M5
M5-E03,91,12,M5
M5-E03,92,10,M5
M5-E03,93,12,M5
M5-E03,94,10,M5
M5-E03,95,12,M5
M5-E03,96,10,M5
M5-E03,97,12,M5
M5-E03,98,10,M5
M5-E03,99,12,M5
M4-E05,0,10,M4
M4-E05,1,11,M4
M4-E05,2,10,M4
M4-E05,3,11,M4
M4-E05,4,10,M4
M4-E05,5,11,M4
M4-E05,6,10,M4
M4-E05,7,11,M4
M4-E05,8,10,M4
M4-E05,9,11,M4
M4-E05,10,10,M4
M4-E05,11,11,M4
M4-E05,12,10,M4
M4-E05,13,11,M4
M4-E05,14,10,M4
M4-E05,15,11,M4
M4-E05,16,10,M4
M4-E05,17,11,M4
M4-E05,18,10,M4
M4-E05,19,11,M4
M4-E05,20,10,M4
M4-E05,21,11,M4
M4-E05,22,10,M4
M4-E05,23,11,M4
M4-E05,24,10,M4
M4-E05,25,11,M4
M4-E05,26,10,M4
M4-E05,27,11,M4
M4-E05,28,10,M4
M4-E05,29,11,M4
M4-E05,30,10,M4
M4-E05,31,11,M4
M4-E05,32,10,M4
M4-E05,33,11,M4
M4-E05,34,10,M4
M4-E05,35,11,M4
M4-E05,36,10,M4
M4-E05,37,11,M4
M4-E05,38,10,M4
M4-E05,39,11,M4
M4-E05,40,10,M4
M4-E05,41,11,M4
M4-E05,42,10,M4
M4-E05,43,11,M4
M4-E05,44,10,M4
M4-E05,45,11,M4
M4-E05,46,10,M4
M4-E05,47,11,M4
M4-E05,48,10,M4
M4-E05,49,11,M4
M4-E05,50,10,M4
M4-E05,51,11,M4
M4-E05,52,10,M4
M4-E05,53,11,M4
M4-E05,54,10,M4
M4-E05,55,11,M4
M4-E05,56,10,M4
M4-E05,57,11,M4
M4-E05,58,10,M4
M4-E05,59,11,M4
M4-E05,60,10,M4
M4-E05,61,11,M4
M4-E05,62,10,M4
M4-E05,63,11,M4
M4-E05,64,10,M4
M4-E05,65,11,M4
M4-E05,66,10,M4
M4-E05,67,11,M4
M4-E05,68,10,M4
M4-E05,69,11,M4
M4-E05,70,10,M4
M4-E05,71,11,M4
M4-E05,72,10,M4
M4-E05,73,11,M4
M4-E05,74,10,M4
M4-E05,75,11,M4
M4-E05,76,10,M4
M4-E05,77,11,M4
M4-E05,78,10,M4
M4-E05,79,11,M4
M4-E05,80,10,M4
M4-E05,81,11,M4
M4-E05,82,10,M4
M4-E05,83,11,M4
M4-E05,84,10,M4
M4-E05,85,11,M4
M4-E05,86,10,M4
M4-E05,87,11,M4
M4-E05,88,10,M4
M4-E05,89,11,M4
M4-E05,90,10,M4
M4-E05,91,11,M4
M4-E05,92,10,M4
M4-E05,93,11,M4
M4-E05,94,10,M4
M4-E05,95,11,M4
M4-E05,96,10,M4
M4-E05,97,11,M4
M4-E05,98,10,M4
M4-E05,99,11,M4
M1-E15,0,17,M1
M1-E15,1,17,M1
M1-E15,2,17,M1
M1-E15,3,17,M1
M1-E15,4,17,M1
M1-E15,5,17,M1
M1-E15,6,17,M1
M1-E15,7,17,M1
M1-E15,8,17,M1
M1-E15,9,17,M1
M1-E15,10,17,M1
M1-E15,11,17,M1
M1-E15,12,17,M1
M1-E15,13,17,M1
M1-E15,14,17,M1
M1-E15,15,17,M1
M1-E15,16,17,M1
M1-E15,17,17,M1
M1-E15,18,17,M1
M1-E15,19,17,M1
M1-E15,20,17,M1
M1-E15,21,17,M1
M1-E15,22,17,M1
M1-E15,23,17,M1
M1-E15,24,17,M1
M1-E15,25,17,M1
M1-E15,26,17,M1
M1-E15,27,17,M1
M1-E15,28,17,M1
M1-E15,29,17,M1
M1-E15,30,17,M1
M1-E15,31,17,M1
M1-E15,32,17,M1
M1-E15,33,17,M1
M1-E15,34,17,M1
M1-E15,35,17,M1
M1-E15,36,17,M1
M1-E15,37,17,M1
M1-E15,38,17,M1
M1-E15,39,17,M1
M1-E15,40,17,M1
M1-E15,41,17,M1
M1-E15,42,17,M1
M1-E15,43,17,M1
M1-E15,44,17,M1
M1-E15,45,17,M1
M1-E15,46,17,M1
M1-E15,47,17,M1
M1-E15,48,17,M1
M1-E15,49,17,M1
M1-E15,50,17,M1
M1-E15,51,17,M1
M1-E15,52,17,M1
M1-E15,53,17,M1
M1-E15,54,17,M1
M1-E15,55,17,M1
M1-E15,56,17,M1
M1-E15,57,17,M1
M1-E15,58,17,M1
M1-E15,59,17,M1
M1-E15,60,17,M1
M1-E15,61,17,M1
M1-E15,62,17,M1
M1-E15,63,17,M1
M1-E15,64,17,M1
M1-E15,65,17,M1
M1-E15,66,17,M1
M1-E15,67,17,M1
M1-E15,68,17,M1
M1-E15,69,17,M1
M1-E15,70,17,M1
M1-E15,71,17,M1
M1-E15,72,17,M1
M1-E15,73,17,M1
M1-E15,74,17,M1
M1-E15,75,17,M1
M1-E15,76,17,M1
M1-E15,77,17,M1
M1-E15,78,17,M1
M1-E15,79,17,M1
M1-E15,80,17,M1
M1-E15,81,17,M1
M1-E15,82,17,M1
M1-E15,83,17,M1
M1-E15,84,17,M1
M1-E15,85,17,M1
M1-E15,86,17,M1
M1-E15,87,17,M1
M1-E15,88,23,M1
M1-E15,89,17,M1
M1-E15,90,17,M1
M1-E15,91,17,M1
M1-E15,92,17,M1
M1-E15,93,17,M1
M1-E15,94,17,M1
M1-E15,95,17,M1
M1-E15,96,17,M1
M1-E15,97,17,M1
M1-E15,98,17,M1
M1-E15,99,17,M1
M0-E02,0,17,M0
M0-E02,1,17,M0
M0-E02,2,17,M0
M0-E02,3,17,M0
M0-E02,4,17,M0
M0-E02,5,17,M0
M0-E02,6,17,M0
M0-E02,7,17,M0
M0-E02,8,17,M0
M0-E02,9,17,M0
M0-E02,10,17,M0
M0-E02,11,17,M0
M0-E02,12,17,M0
M0-E02,13,17,M0
M0-E02,14,17,M0
M0-E02,15,17,M0
M0-E02,16,17,M0
M0-E02,17,17,M0
M0-E02,18,17,M0
M0-E02,19,17,M0
M0-E02,20,17,M0
M0-E02,21,17,M0
M0-E02,22,17,M0
M0-E02,23,17,M0
M0-E02,24,17,M0
M0-E02,25,17,M0
M0-E02,26,17,M0
M0-E02,27,17,M0
M0-E02,28,17,M0
M0-E02,29,17,M0
M0-E02,30,17,M0
M0-E02,31,17,M0
M0-E02,32,17,M0
M0-E02,33,17,M0
M0-E02,34,17,M0
M0-E02,35,17,M0
M0-E02,36,17,M0
M0-E02,37,17,M0
M0-E02,38,17,M0
M0-E02,39,17,M0
M0-E02,40,17,M0
M0-E02,41,17,M0
M0-E02,42,17,M0
M0-E02,43,17,M0
M0-E02,44,17,M0
M0-E02,45,17,M0
M0-E02,46,17,M0
M0-E02,47,17,M0
M0-E02,48,17,M0
M0-E02,49,17,M0
M0-E02,50,17,M0
M0-E02,51,17,M0
M0-E02,52,17,M0
M0-E02,53,17,M0
M0-E02,54,17,M0
M0-E02,55,17,M0
M0-E02,56,17,M0
M0-E02,57,17,M0
M0-E02,58,17,M0
M0-E02,59,17,M0
M0-E02,60,17,M0
M0-E02,61,17,M0
M0-E02,62,17,M0
M0-E02,63,17,M0
M0-E02,64,17,M0
M0-E02,65,17,M0
M0-E02,66,17,M0
M0-E02,67,17,M0
M0-E02,68,17,M0
M0-E02,69,17,M0
M0-E02,70,17,M0
M0-E02,71,17,M0
M0-E02,72,17,M0
M0-E02,73,17,M0
M0-E02,74,17,M0
M0-E02,75,17,M0
M0-E02,76,17,M0
M0-E02,77,17,M0
M0-E02,78,17,M0
M0-E02,79,17,M0
M0-E02,80,17,M0
M0-E02,81,17,M0
M0-E02,82,17,M0
M0-E02,83,17,M0
M0-E02,84,17,M0
M0-E02,85,17,M0
M0-E02,86,17,M0
M0-E02,87,17,M0
M0-E02,88,17,M0
M0-E02,89,17,M0
M0-E02,90,17,M0
M0-E02,91,17,M0
M0-E02,92,17,M0
M0-E02,93,17,M0
M0-E02,94,17,M0
M0-E02,95,17,M0
M0-E02,96,17,M0
M0-E02,97,17,M0
M0-E02,98,17,M0
M0-E02,99,17,M0
M6-E09,0,39,M6
M6-E09,1,39,M6
M6-E09,2,39,M6
M6-E09,3,39,M6
M6-E09,4,39,M6
M6-E09,5,39,M6
M6-E09,6,39,M6
M6-E09,7,39,M6
M6-E09,8,39,M6
M6-E09,9,39,M6
M6-E09,10,39,M6
M6-E09,11,39,M6
M6-E09,12,39,M6
M6-E09,13,39,M6
M6-E09,14,39,M6
M6-E09,15,39,M6
M6-E09,16,39,M6
M6-E09,17,39,M6
M6-E09,18,39,M6
M6-E09,19,39,M6
M6-E09,20,39,M6
M6-E09,21,39,M6
M6-E09,22,39,M6
M6-E09,23,39,M6
M6-E09,24,39,M6
M6-E09,25,39,M6
M6-E09,26,39,M6
M6-E09,27,39,M6
M6-E09,28,39,M6
M6-E09,29,39,M6
M6-E09,30,39,M6
M6-E09,31,39,M6
M6-E09,32,39,M6
M6-E09,33,39,M6
M6-E09,34,39,M6
M6-E09,35,39,M6
M6-E09,36,39,M6
M6-E09,37,39,M6
M6-E09,38,39,M6
M6-E09,39,39,M6
M6-E09,40,39,M6
M6-E09,41,39,M6
M6-E09,42,39,M6
M6-E09,43,39,M6
M6-E09,44,39,M6
M6-E09,45,39,M6
M6-E09,46,39,M6
M6-E09,47,39,M6
M6-E09,48,39,M6
M6-E09,49,39,M6
M6-E09,50,39,M6
M6-E09,51,39,M6
M6-E09,52,39,M6
M6-E09,53,39,M6
M6-E09,54,39,M6
M6-E09,55,39,M6
M6-E09,56,39,M6
M6-E09,57,39,M6
M6-E09,58,39,M6
M6-E09,59,39,M6
M6-E09,60,39,M6
M6-E09,61,39,M6
M6-E09,62,39,M6
M6-E09,63,39,M6
M6-E09,64,39,M6
M6-E09,65,39,M6
M6-E09,66,39,M6
M6-E09,67,39,M6
M6-E09,68,39,M6
M6-E09,69,39,M6
M6-E09,70,39,M6
M6-E09,71,39,M6
M6-E09,72,39,M6
M6-E09,73,39,M6
M6-E09,74,39,M6
M6-E09,75,39,M6
M6-E09,76,39,M6
M6-E09,77,39,M6
M6-E09,78,39,M6
M6-E09,79,39,M6
M6-E09,80,39,M6
M6-E09,81,39,M6
M6-E09,82,39,M6
M6-E09,83,39,M6
M6-E09,84,39,M6
M6-E09,85,39,M6
M6-E09,86,39,M6
M6-E09,87,39,M6
M6-E09,88,39,M6
M6-E09,89,39,M6
M6-E09,90,39,M6
M6-E09,91,39,M6
M6-E09,92,39,M6
M6-E09,93,39,M6
M6-E09,94,39,M6
M6-E09,95,39,M6
M6-E09,96,39,M6
M6-E09,97,39,M6
M6-E09,98,39,M6
M6-E09,99,39,M6
M3-E10,0,101,M3
M3-E10,1,109,M3
M3-E10,2,103,M3
M3-E10,3,101,M3
M3-E10,4,106,M3
M3-E10,5,106,M3
M3-E10,6,106,M3
M3-E10,7,101,M3
M3-E10,8,108,M3
M3-E10,9,103,M3
M3-E10,10,105,M3
M3-E10,11,104,M3
M3-E10,12,108,M3
M3-E10,13,102,M3
M3-E10,14,103,M3
M3-E10,15,101,M3
M3-E10,16,104,M3
M3-E10,17,108,M3
M3-E10,18,103,M3
M3-E10,19,100,M3
M3-E10,20,103,M3
M3-E10,21,106,M3
M3-E10,22,102,M3
M3-E10,23,108,M3
M3-E10,24,104,M3
M3-E10,25,108,M3
M3-E10,26,101,M3
M3-E10,27,107,M3
M3-E10,28,101,M3
M3-E10,29,109,M3
M3-E10,30,107,M3
M3-E10,31,105,M3
M3-E10,32,102,M3
M3-E10,33,109,M3
M3-E10,34,102,M3
M3-E10,35,107,M3
M3-E10,36,102,M3
M3-E10,37,105,M3
M3-E10,38,109,M3
M3-E10,39,102,M3
M3-E10,40,106,M3
M3-E10,41,104,M3
M3-E10,42,102,M3
M3-E10,43,103,M3
M3-E10,44,105,M3
M3-E10,45,103,M3
M3-E10,46,104,M3
M3-E10,47,103,M3
M3-E10,48,101,M3
M3-E10,49,109,M3
M3-E10,50,106,M3
M3-E10,51,100,M3
M3-E10,52,103,M3
M3-E10,53,103,M3
M3-E10,54,107,M3
M3-E10,55,105,M3
M3-E10,56,107,M3
M3-E10,57,104,M3
M3-E10,58,101,M3
M3-E10,59,105,M3
M3-E10,60,109,M3
M3-E10,61,104,M3
M3-E10,62,107,M3
M3-E10,63,108,M3
M3-E10,64,103,M3
M3-E10,65,104,M3
M3-E10,66,103,M3
M3-E10,67,103,M3
M3-E10,68,108,M3
M3-E10,69,102,M3
M3-E10,70,102,M3
M3-E10,71,102,M3
M3-E10,72,106,M3
M3-E10,73,106,M3
M3-E10,74,103,M3
M3-E10,75,102,M3
M3-E10,76,103,M3
M3-E10,77,104,M3
M3-E10,78,101,M3
M3-E10,79,105,M3
M3-E10,80,107,M3
M3-E10,81,102,M3
M3-E10,82,103,M3
M3-E10,83,104,M3
M3-E10,84,109,M3
M3-E10,85,105,M3
M3-E10,86,106,M3
M3-E10,87,105,M3
M3-E10,88,105,M3
M3-E10,89,103,M3
M3-E10,90,105,M3
M3-E10,91,107,M3
M3-E10,92,100,M3
M3-E10,93,105,M3
M3-E10,94,101,M3
M3-E10,95,103,M3
M3-E10,96,104,M3
M3-E10,97,101,M3
M3-E10,98,101,M3
M3-E10,99,106,M3
M2-E16,0,23,M2
M2-E16,1,23,M2
M2-E16,2,23,M2
M2-E16,3,23,M2
M2-E16,4,17,M2
M2-E16,5,23,M2
M2-E16,6,17,M2
M2-E16,7,23,M2
M2-E16,8,23,M2
M2-E16,9,23,M2
M2-E16,10,17,M2
M2-E16,11,23,M2
M2-E16,12,23,M2
M2-E16,13,23,M2
M2-E16,14,23,M2
M2-E16,15,17,M2
M2-E16,16,23,M2
M2-E16,17,17,M2
M2-E16,18,17,M2
M2-E16,19,17,M2
M2-E16,20,17,M2
M2-E16,21,17,M2
M2-E16,22,23,M2
M2-E16,23,17,M2
M2-E16,24,17,M2
M2-E16,25,17,M2
M2-E16,26,17,M2
M2-E16,27,17,M2
M2-E16,28,23,M2
M2-E16,29,23,M2
M2-E16,30,17,M2
M2-E16,31,17,M2
M2-E16,32,17,M2
M2-E16,33,23,M2
M2-E16,34,17,M2
M2-E16,35,23,M2
M2-E16,36,17,M2
M2-E16,37,17,M2
M2-E16,38,23,M2
M2-E16,39,23,M2
M2-E16,40,23,M2
M2-E16,41,17,M2
M2-E16,42,23,M2
M2-E16,43,17,M2
M2-E16,44,23,M2
M2-E16,45,23,M2
M2-E16,46,17,M2
M2-E16,47,17,M2
M2-E16,48,17,M2
M2-E16,49,17,M2
M2-E16,50,17,M2
M2-E16,51,17,M2
M2-E16,52,17,M2
M2-E16,53,17,M2
M2-E16,54,23,M2
M2-E16,55,17,M2
M2-E16,56,23,M2
M2-E16,57,23,M2
M2-E16,58,17,M2
M2-E16,59,17,M2
M2-E16,60,17,M2
M2-E16,61,17,M2
M2-E16,62,23,M2
M2-E16,63,23,M2
M2-E16,64,23,M2
M2-E16,65,23,M2
M2-E16,66,23,M2
M2-E16,67,17,M2
M2-E16,68,23,M2
M2-E16,69,23,M2
M2-E16,70,23,M2
M2-E16,71,17,M2
M2-E16,72,23,M2
M2-E16,73,17,M2
M2-E16,74,23,M2
M2-E16,75,17,M2
M2-E16,76,23,M2
M2-E16,77,23,M2
M2-E16,78,23,M2
M2-E16,79,23,M2
M2-E16,80,23,M2
M2-E16,81,17,M2
M2-E16,82,17,M2
M2-E16,83,23,M2
M2-E16,84,17,M2
M2-E16,85,23,M2
M2-E16,86,17,M2
M2-E16,87,17,M2
M2-E16,88,23,M2
M2-E16,89,17,M2
M2-E16,90,17,M2
M2-E16,91,17,M2
M2-E16,92,23,M2
M2-E16,93,17,M2
M2-E16,94,23,M2
M2-E16,95,23,M2
M2-E16,96,23,M2
M2-E16,97,17,M2
M2-E16,98,23,M2
M2-E16,99,17,M2
M1-E00,0,17,M1
M1-E00,1,17,M1
M1-E00,2,17,M1
M1-E00,3,17,M1
M1-E00,4,17,M1
M1-E00,5,17,M1
M1-E00,6,17,M1
M1-E00,7,17,M1
M1-E00,8,17,M1
M1-E00,9,17,M1
M1-E00,10,17,M1
M1-E00,11,17,M1
M1-E00,12,17,M1
M1-E00,13,17,M1
M1-E00,14,17,M1
M1-E00,15,17,M1
M1-E00,16,17,M1
M1-E00,17,17,M1
M1-E00,18,17,M1
M1-E00,19,17,M1
M1-E00,20,17,M1
M1-E00,21,17,M1
M1-E00,22,17,M1
M1-E00,23,17,M1
M1-E00,24,17,M1
M1-E00,25,17,M1
M1-E00,26,17,M1
M1-E00,27,17,M1
M1-E00,28,17,M1
M1-E00,29,17,M1
M1-E00,30,17,M1
M1-E00,31,17,M1
M1-E00,32,17,M1
M1-E00,33,23,M1
M1-E00,34,17,M1
M1-E00,35,17,M1
M1-E00,36,17,M1
M1-E00,37,17,M1
M1-E00,38,17,M1
M1-E00,39,17,M1
M1-E00,40,17,M1
M1-E00,41,17,M1
M1-E00,42,17,M1
M1-E00,43,17,M1
M1-E00,44,17,M1
M1-E00,45,17,M1
M1-E00,46,17,M1
M1-E00,47,17,M1
M1-E00,48,17,M1
M1-E00,49,17,M1
M1-E00,50,17,M1
M1-E00,51,17,M1
M1-E00,52,17,M1
M1-E00,53,17,M1
M1-E00,54,17,M1
M1-E00,55,17,M1
M1-E00,56,17,M1
M1-E00,57,17,M1
M1-E00,58,17,M1
M1-E00,59,17,M1
M1-E00,60,17,M1
M1-E00,61,17,M1
M1-E00,62,17,M1
M1-E00,63,17,M1
M1-E00,64,17,M1
M1-E00,65,17,M1
M1-E00,66,17,M1
M1-E00,67,17,M1
M1-E00,68,17,M1
M1-E00,69,17,M1
M1-E00,70,17,M1
M1-E00,71,17,M1
M1-E00,72,17,M1
M1-E00,73,17,M1
M1-E00,74,17,M1
M1-E00,75,17,M1
M1-E00,76,17,M1
M1-E00,77,17,M1
M1-E00,78,17,M1
M1-E00,79,17,M1
M1-E00,80,17,M1
M1-E00,81,17,M1
M1-E00,82,17,M1
M1-E00,83,17,M1
M1-E00,84,17,M1
M1-E00,85,17,M1
M1-E00,86,17,M1
M1-E00,87,17,M1
M1-E00,88,17,M1
M1-E00,89,17,M1
M1-E00,90,17,M1
M1-E00,91,17,M1
M1-E00,92,17,M1
M1-E00,93,17,M1
M1-E00,94,17,M1
M1-E00,95,17,M1
M1-E00,96,17,M1
M1-E00,97,17,M1
M1-E00,98,17,M1
M1-E00,99,17,M1
M3-E02,0,101,M3
M3-E02,1,109,M3
M3-E02,2,109,M3
M3-E02,3,100,M3
M3-E02,4,102,M3
M3-E02,5,100,M3
M3-E02,6,105,M3
M3-E02,7,105,M3
M3-E02,8,108,M3
M3-E02,9,106,M3
M3-E02,10,103,M3
M3-E02,11,101,M3
M3-E02,12,100,M3
M3-E02,13,102,M3
M3-E02,14,102,M3
M3-E02,15,103,M3
M3-E02,16,102,M3
M3-E02,17,105,M3
M3-E02,18,102,M3
M3-E02,19,106,M3
M3-E02,20,109,M3
M3-E02,21,103,M3
M3-E02,22,103,M3
M3-E02,23,106,M3
M3-E02,24,100,M3
M3-E02,25,102,M3
M3-E02,26,107,M3
M3-E02,27,106,M3
M3-E02,28,100,M3
M3-E02,29,102,M3
M3-E02,30,108,M3
M3-E02,31,107,M3
M3-E02,32,106,M3
M3-E02,33,102,M3
M3-E02,34,101,M3
M3-E02,35,102,M3
M3-E02,36,100,M3
M3-E02,37,106,M3
M3-E02,38,106,M3
M3-E02,39,105,M3
M3-E02,40,100,M3
M3-E02,41,105,M3
M3-E02,42,100,M3
M3-E02,43,108,M3
M3-E02,44,109,M3
M3-E02,45,108,M3
M3-E02,46,109,M3
M3-E02,47,100,M3
M3-E02,48,107,M3
M3-E02,49,104,M3
M3-E02,50,105,M3
M3-E02,51,105,M3
M3-E02,52,103,M3
M3-E02,53,107,M3
M3-E02,54,109,M3
M3-E02,55,109,M3
M3-E02,56,102,M3
M3-E02,57,103,M3
M3-E02,58,105,M3
M3-E02,59,101,M3
M3-E02,60,103,M3
M3-E02,61,105,M3
M3-E02,62,103,M3
M3-E02,63,106,M3
M3-E02,64,104,M3
M3-E02,65,103,M3
M3-E02,66,106,M3
M3-E02,67,100,M3
M3-E02,68,103,M3
M3-E02,69,105,M3
M3-E02,70,102,M3
M3-E02,71,102,M3
M3-E02,72,101,M3
M3-E02,73,105,M3
M3-E02,74,101,M3
M3-E02,75,109,M3
M3-E02,76,102,M3
M3-E02,77,100,M3
M3-E02,78,105,M3
M3-E02,79,105,M3
M3-E02,80,109,M3
M3-E02,81,100,M3
M3-E02,82,105,M3
M3-E02,83,101,M3
M3-E02,84,105,M3
M3-E02,85,104,M3
M3-E02,86,109,M3
M3-E02,87,104,M3
M3-E02,88,101,M3
M3-E02,89,105,M3
M3-E02,90,107,M3
M3-E02,91,105,M3
M3-E02,92,107,M3
M3-E02,93,106,M3
M3-E02,94,109,M3
M3-E02,95,109,M3
M3-E02,96,103,M3
M3-E02,97,108,M3
M3-E02,98,105,M3
M3-E02,99,101,M3
M6-E14,0,34,M6
M6-E14,1,34,M6
M6-E14,2,34,M6
M6-E14,3,34,M6
M6-E14,4,34,M6
M6-E14,5,34,M6
M6-E14,6,34,M6
M6-E14,7,34,M6
M6-E14,8,34,M6
M6-E14,9,34,M6
M6-E14,10,34,M6
M6-E14,11,34,M6
M6-E14,12,34,M6
M6-E14,13,34,M6
M6-E14,14,34,M6
M6-E14,15,34,M6
M6-E14,16,34,M6
M6-E14,17,34,M6
M6-E14,18,34,M6
M6-E14,19,34,M6
M6-E14,20,34,M6
M6-E14,21,34,M6
M6-E14,22,34,M6
M6-E14,23,34,M6
M6-E14,24,34,M6
M6-E14,25,34,M6
M6-E14,26,34,M6
M6-E14,27,34,M6
M6-E14,28,34,M6
M6-E14,29,34,M6
M6-E14,30,34,M6
M6-E14,31,34,M6
M6-E14,32,34,M6
M6-E14,33,34,M6
M6-E14,34,34,M6
M6-E14,35,34,M6
M6-E14,36,34,M6
M6-E14,37,34,M6
M6-E14,38,34,M6
M6-E14,39,34,M6
M6-E14,40,34,M6
M6-E14,41,34,M6
M6-E14,42,34,M6
M6-E14,43,34,M6
M6-E14,44,34,M6
M6-E14,45,34,M6
M6-E14,46,34,M6
M6-E14,47,34,M6
M6-E14,48,34,M6
M6-E14,49,34,M6
M6-E14,50,34,M6
M6-E14,51,34,M6
M6-E14,52,34,M6
M6-E14,53,34,M6
M6-E14,54,34,M6
M6-E14,55,34,M6
M6-E14,56,34,M6
M6-E14,57,34,M6
M6-E14,58,34,M6
M6-E14,59,34,M6
M6-E14,60,34,M6
M6-E14,61,34,M6
M6-E14,62,34,M6
M6-E14,63,34,M6
M6-E14,64,34,M6
M6-E14,65,34,M6
M6-E14,66,34,M6
M6-E14,67,34,M6
M6-E14,68,34,M6
M6-E14,69,34,M6
M6-E14,70,34,M6
M6-E14,71,34,M6
M6-E14,72,34,M6
M6-E14,73,34,M6
M6-E14,74,34,M6
M6-E14,75,34,M6
M6-E14,76,34,M6
M6-E14,77,34,M6
M6-E14,78,34,M6
M6-E14,79,34,M6
M6-E14,80,34,M6
M6-E14,81,34,M6
M6-E14,82,34,M6
M6-E14,83,34,M6
M6-E14,84,34,M6
M6-E14,85,34,M6
M6-E14,86,34,M6
M6-E14,87,34,M6
M6-E14,88,34,M6
M6-E14,89,34,M6
M6-E14,90,34,M6
M6-E14,91,34,M6
M6-E14,92,34,M6
M6-E14,93,34,M6
M6-E14,94,34,M6
M6-E14,95,34,M6
M6-E14,96,34,M6
M6-E14,97,34,M6
M6-E14,98,34,M6
M6-E14,99,34,M6
M2-E18,0,23,M2
M2-E18,1,23,M2
M2-E18,2,17,M2
M2-E18,3,17,M2
M2-E18,4,17,M2
M2-E18,5,17,M2
M2-E18,6,17,M2
M2-E18,7,23,M2
M2-E18,8,23,M2
M2-E18,9,23,M2
M2-E18,10,23,M2
M2-E18,11,17,M2
M2-E18,12,23,M2
M2-E18,13,17,M2
M2-E18,14,23,M2
M2-E18,15,17,M2
M2-E18,16,23,M2
M2-E18,17,17,M2
M2-E18,18,17,M2
M2-E18,19,17,M2
M2-E18,20,23,M2
M2-E18,21,17,M2
M2-E18,22,17,M2
M2-E18,23,23,M2
M2-E18,24,23,M2
M2-E18,25,23,M2
M2-E18,26,23,M2
M2-E18,27,23,M2
M2-E18,28,23,M2
M2-E18,29,23,M2
M2-E18,30,23,M2
M2-E18,31,17,M2
M2-E18,32,23,M2
M2-E18,33,23,M2
M2-E18,34,23,M2
M2-E18,35,17,M2
M2-E18,36,23,M2
M2-E18,37,17,M2
M2-E18,38,17,M2
M2-E18,39,17,M2
M2-E18,40,23,M2
M2-E18,41,17,M2
M2-E18,42,17,M2
M2-E18,43,17,M2
M2-E18,44,17,M2
M2-E18,45,23,M2
M2-E18,46,17,M2
M2-E18,47,17,M2
M2-E18,48,23,M2
M2-E18,49,17,M2
M2-E18,50,23,M2
M2-E18,51,23,M2
M2-E18,52,17,M2
M2-E18,53,17,M2
M2-E18,54,17,M2
M2-E18,55,23,M2
M2-E18,56,17,M2
M2-E18,57,23,M2
M2-E18,58,23,M2
M2-E18,59,23,M2
M2-E18,60,23,M2
M2-E18,61,23,M2
M2-E18,62,17,M2
M2-E18,63,17,M2
M2-E18,64,23,M2
M2-E18,65,23,M2
M2-E18,66,17,M2
M2-E18,67,17,M2
M2-E18,68,23,M2
M2-E18,69,17,M2
M2-E18,70,23,M2
M2-E18,71,17,M2
M2-E18,72,17,M2
M2-E18,73,17,M2
M2-E18,74,17,M2
M2-E18,75,17,M2
M2-E18,76,17,M2
M2-E18,77,17,M2
M2-E18,78,23,M2
M2-E18,79,17,M2
M2-E18,80,17,M2
M2-E18,81,23,M2
M2-E18,82,17,M2
M2-E18,83,23,M2
M2-E18,84,23,M2
M2-E18,85,23,M2
M2-E18,86,17,M2
M2-E18,87,23,M2
M2-E18,88,17,M2
M2-E18,89,23,M2
M2-E18,90,23,M2
M2-E18,91,23,M2
M2-E18,92,17,M2
M2-E18,93,23,M2
M2-E18,94,23,M2
M2-E18,95,23,M2
M2-E18,96,23,M2
M2-E18,97,17,M2
M2-E18,98,17,M2
M2-E18,99,17,M2
M2-E14,0,17,M2
M2-E14,1,23,M2
M2-E14,2,17,M2
M2-E14,3,23,M2
M2-E14,4,23,M2
M2-E14,5,17,M2
M2-E14,6,17,M2
M2-E14,7,17,M2
M2-E14,8,23,M2
M2-E14,9,17,M2
M2-E14,10,23,M2
M2-E14,11,23,M2
M2-E14,12,23,M2
M2-E14,13,17,M2
M2-E14,14,23,M2
M2-E14,15,17,M2
M2-E14,16,23,M2
M2-E14,17,23,M2
M2-E14,18,23,M2
M2-E14,19,17,M2
M2-E14,20,23,M2
M2-E14,21,17,M2
M2-E14,22,23,M2
M2-E14,23,17,M2
M2-E14,24,17,M2
M2-E14,25,23,M2
M2-E14,26,17,M2
M2-E14,27,23,M2
M2-E14,28,17,M2
M2-E14,29,17,M2
M2-E14,30,23,M2
M2-E14,31,17,M2
M2-E14,32,23,M2
M2-E14,33,17,M2
M2-E14,34,23,M2
M2-E14,35,23,M2
M2-E14,36,17,M2
M2-E14,37,17,M2
M2-E14,38,23,M2
M2-E14,39,23,M2
M2-E14,40,17,M2
M2-E14,41,23,M2
M2-E14,42,23,M2
M2-E14,43,23,M2
M2-E14,44,23,M2
M2-E14,45,17,M2
M2-E14,46,23,M2
M2-E14,47,17,M2
M2-E14,48,23,M2
M2-E14,49,17,M2
M2-E14,50,23,M2
M2-E14,51,23,M2
M2-E14,52,23,M2
M2-E14,53,17,M2
M2-E14,54,17,M2
M2-E14,55,17,M2
M2-E14,56,23,M2
M2-E14,57,17,M2
M2-E14,58,23,M2
M2-E14,59,23,M2
M2-E14,60,23,M2
M2-E14,61,23,M2
M2-E14,62,17,M2
M2-E14,63,23,M2
M2-E14,64,17,M2
M2-E14,65,23,M2
M2-E14,66,17,M2
M2-E14,67,17,M2
M2-E14,68,23,M2
M2-E14,69,17,M2
M2-E14,70,23,M2
M2-E14,71,17,M2
M2-E14,72,17,M2
M2-E14,73,17,M2
M2-E14,74,17,M2
M2-E14,75,17,M2
M2-E14,76,17,M2
M2-E14,77,17,M2
M2-E14,78,23,M2
M2-E14,79,17,M2
M2-E14,80,17,M2
M2-E14,81,17,M2
M2-E14,82,17,M2
M2-E14,83,23,M2
M2-E14,84,23,M2
M2-E14,85,17,M2
M2-E14,86,23,M2
M2-E14,87,17,M2
M2-E14,88,23,M2
M2-E14,89,17,M2
M2-E14,90,23,M2
M2-E14,91,17,M2
M2-E14,92,23,M2
M2-E14,93,23,M2
M2-E14,94,23,M2
M2-E14,95,17,M2
M2-E14,96,17,M2
M2-E14,97,23,M2
M2-E14,98,23,M2
M2-E14,99,17,M2
M0-E00,0,17,M0
M0-E00,1,17,M0
M0-E00,2,17,M0
M0-E00,3,17,M0
M0-E00,4,17,M0
M0-E00,5,17,M0
M0-E00,6,17,M0
M0-E00,7,17,M0
M0-E00,8,17,M0
M0-E00,9,17,M0
M0-E00,10,17,M0
M0-E00,11,17,M0
M0-E00,12,17,M0
M0-E00,13,17,M0
M0-E00,14,17,M0
M0-E00,15,17,M0
M0-E00,16,17,M0
M0-E00,17,17,M0
M0-E00,18,17,M0
M0-E00,19,17,M0
M0-E00,20,17,M0
M0-E00,21,17,M0
M0-E00,22,17,M0
M0-E00,23,17,M0
M0-E00,24,17,M0
M0-E00,25,17,M0
M0-E00,26,17,M0
M0-E00,27,17,M0
M0-E00,28,17,M0
M0-E00,29,17,M0
M0-E00,30,17,M0
M0-E00,31,17,M0
M0-E00,32,17,M0
M0-E00,33,17,M0
M0-E00,34,17,M0
M0-E00,35,17,M0
M0-E00,36,17,M0
M0-E00,37,17,M0
M0-E00,38,17,M0
M0-E00,39,17,M0
M0-E00,40,17,M0
M0-E00,41,17,M0
M0-E00,42,17,M0
M0-E00,43,17,M0
M0-E00,44,17,M0
M0-E00,45,17,M0
M0-E00,46,17,M0
M0-E00,47,17,M0
M0-E00,48,17,M0
M0-E00,49,17,M0
M0-E00,50,17,M0
M0-E00,51,17,M0
M0-E00,52,17,M0
M0-E00,53,17,M0
M0-E00,54,17,M0
M0-E00,55,17,M0
M0-E00,56,17,M0
M0-E00,57,17,M0
M0-E00,58,17,M0
M0-E00,59,17,M0
M0-E00,60,17,M0
M0-E00,61,17,M0
M0-E00,62,17,M0
M0-E00,63,17,M0
M0-E00,64,17,M0
M0-E00,65,17,M0
M0-E00,66,17,M0
M0-E00,67,17,M0
M0-E00,68,17,M0
M0-E00,69,17,M0
M0-E00,70,17,M0
M0-E00,71,17,M0
M0-E00,72,17,M0
M0-E00,73,17,M0
M0-E00,74,17,M0
M0-E00,75,17,M0
M0-E00,76,17,M0
M0-E00,77,17,M0
M0-E00,78,17,M0
M0-E00,79,17,M0
M0-E00,80,17,M0
M0-E00,81,17,M0
M0-E00,82,17,M0
M0-E00,83,17,M0
M0-E00,84,17,M0
M0-E00,85,17,M0
M0-E00,86,17,M0
M0-E00,87,17,M0
M0-E00,88,17,M0
M0-E00,89,17,M0
M0-E00,90,17,M0
M0-E00,91,17,M0
M0-E00,92,17,M0
M0-E00,93,17,M0
M0-E00,94,17,M0
M0-E00,95,17,M0
M0-E00,96,17,M0
M0-E00,97,17,M0
M0-E00,98,17,M0
M0-E00,99,17,M0
M1-E16,0,17,M1
M1-E16,1,17,M1
M1-E16,2,17,M1
M1-E16,3,17,M1
M1-E16,4,23,M1
M1-E16,5,17,M1
M1-E16,6,17,M1
M1-E16,7,17,M1
M1-E16,8,17,M1
M1-E16,9,17,M1
M1-E16,10,17,M1
M1-E16,11,17,M1
M1-E16,12,17,M1
M1-E16,13,17,M1
M1-E16,14,17,M1
M1-E16,15,17,M1
M1-E16,16,17,M1
M1-E16,17,17,M1
M1-E16,18,17,M1
M1-E16,19,17,M1
M1-E16,20,17,M1
M1-E16,21,17,M1
M1-E16,22,17,M1
M1-E16,23,17,M1
M1-E16,24,17,M1
M1-E16,25,17,M1
M1-E16,26,17,M1
M1-E16,27,17,M1
M1-E16,28,17,M1
M1-E16,29,17,M1
M1-E16,30,17,M1
M1-E16,31,17,M1
M1-E16,32,17,M1
M1-E16,33,17,M1
M1-E16,34,17,M1
M1-E16,35,17,M1
M1-E16,36,17,M1
M1-E16,37,17,M1
M1-E16,38,17,M1
M1-E16,39,17,M1
M1-E16,40,17,M1
M1-E16,41,17,M1
M1-E16,42,17,M1
M1-E16,43,17,M1
M1-E16,44,17,M1
M1-E16,45,17,M1
M1-E16,46,17,M1
M1-E16,47,17,M1
M1-E16,48,17,M1
M1-E16,49,17,M1
M1-E16,50,17,M1
M1-E16,51,17,M1
M1-E16,52,17,M1
M1-E16,53,17,M1
M1-E16,54,17,M1
M1-E16,55,17,M1
M1-E16,56,17,M1
M1-E16,57,17,M1
M1-E16,58,17,M1
M1-E16,59,17,M1
M1-E16,60,17,M1
M1-E16,61,17,M1
M1-E16,62,17,M1
M1-E16,63,17,M1
M1-E16,64,17,M1
M1-E16,65,17,M1
M1-E16,66,17,M1
M1-E16,67,17,M1
M1-E16,68,17,M1
M1-E16,69,17,M1
M1-E16,70,17,M1
M1-E16,71,17,M1
M1-E16,72,17,M1
M1-E16,73,17,M1
M1-E16,74,17,M1
M1-E16,75,17,M1
M1-E16,76,17,M1
M1-E16,77,17,M1
M1-E16,78,17,M1
M1-E16,79,17,M1
M1-E16,80,17,M1
M1-E16,81,17,M1
M1-E16,82,17,M1
M1-E16,83,17,M1
M1-E16,84,17,M1
M1-E16,85,17,M1
M1-E16,86,17,M1
M1-E16,87,17,M1
M1-E16,88,17,M1
M1-E16,89,17,M1
M1-E16,90,17,M1
M1-E16,91,17,M1
M1-E16,92,17,M1
M1-E16,93,17,M1
M1-E16,94,17,M1
M1-E16,95,17,M1
M1-E16,96,17,M1
M1-E16,97,17,M1
M1-E16,98,17,M1
M1-E16,99,17,M1
M4-E12,0,10,M4
M4-E12,1,11,M4
M4-E12,2,10,M4
M4-E12,3,11,M4
M4-E12,4,10,M4
M4-E12,5,11,M4
M4-E12,6,10,M4
M4-E12,7,11,M4
M4-E12,8,10,M4
M4-E12,9,11,M4
M4-E12,10,10,M4
M4-E12,11,11,M4
M4-E12,12,10,M4
M4-E12,13,11,M4
M4-E12,14,10,M4
M4-E12,15,11,M4
M4-E12,16,10,M4
M4-E12,17,11,M4
M4-E12,18,10,M4
M4-E12,19,11,M4
M4-E12,20,10,M4
M4-E12,21,11,M4
M4-E12,22,10,M4
M4-E12,23,11,M4
M4-E12,24,10,M4
M4-E12,25,11,M4
M4-E12,26,10,M4
M4-E12,27,11,M4
M4-E12,28,10,M4
M4-E12,29,11,M4
M4-E12,30,10,M4
M4-E12,31,11,M4
M4-E12,32,10,M4
M4-E12,33,11,M4
M4-E12,34,10,M4
M4-E12,35,11,M4
M4-E12,36,10,M4
M4-E12,37,11,M4
M4-E12,38,10,M4
M4-E12,39,11,M4
M4-E12,40,10,M4
M4-E12,41,11,M4
M4-E12,42,10,M4
M4-E12,43,11,M4
M4-E12,44,10,M4
M4-E12,45,11,M4
M4-E12,46,10,M4
M4-E12,47,11,M4
M4-E12,48,10,M4
M4-E12,49,11,M4
M4-E12,50,10,M4
M4-E12,51,11,M4
M4-E12,52,10,M4
M4-E12,53,11,M4
M4-E12,54,10,M4
M4-E12,55,11,M4
M4-E12,56,10,M4
M4-E12,57,11,M4
M4-E12,58,10,M4
M4-E12,59,11,M4
M4-E12,60,10,M4
M4-E12,61,11,M4
M4-E12,62,10,M4
M4-E12,63,11,M4
M4-E12,64,10,M4
M4-E12,65,11,M4
M4-E12,66,10,M4
M4-E12,67,11,M4
M4-E12,68,10,M4
M4-E12,69,11,M4
M4-E12,70,10,M4
M4-E12,71,11,M4
M4-E12,72,10,M4
M4-E12,73,11,M4
M4-E12,74,10,M4
M4-E12,75,11,M4
M4-E12,76,10,M4
M4-E12,77,11,M4
M4-E12,78,10,M4
M4-E12,79,11,M4
M4-E12,80,10,M4
M4-E12,81,11,M4
M4-E12,82,10,M4
M4-E12,83,11,M4
M4-E12,84,10,M4
M4-E12,85,11,M4
M4-E12,86,10,M4
M4-E12,87,11,M4
M4-E12,88,10,M4
M4-E12,89,11,M4
M4-E12,90,10,M4
M4-E12,91,11,M4
M4-E12,92,10,M4
M4-E12,93,11,M4
M4-E12,94,10,M4
M4-E12,95,11,M4
M4-E12,96,10,M4
M4-E12,97,11,M4
M4-E12,98,10,M4
M4-E12,99,11,M4
M1-E19,0,17,M1
M1-E19,1,17,M1
M1-E19,2,17,M1
M1-E19,3,17,M1
M1-E19,4,17,M1
M1-E19,5,17,M1
M1-E19,6,17,M1
M1-E19,7,17,M1
M1-E19,8,17,M1
M1-E19,9,17,M1
M1-E19,10,17,M1
M1-E19,11,17,M1
M1-E19,12,17,M1
M1-E19,13,17,M1
M1-E19,14,17,M1
M1-E19,15,17,M1
M1-E19,16,17,M1
M1-E19,17,17,M1
M1-E19,18,17,M1
M1-E19,19,17,M1
M1-E19,20,17,M1
M1-E19,21,17,M1
M1-E19,22,17,M1
M1-E19,23,17,M1
M1-E19,24,17,M1
M1-E19,25,17,M1
M1-E19,26,17,M1
M1-E19,27,17,M1
M1-E19,28,17,M1
M1-E19,29,17,M1
M1-E19,30,17,M1
M1-E19,31,17,M1
M1-E19,32,17,M1
M1-E19,33,17,M1
M1-E19,34,17,M1
M1-E19,35,17,M1
M1-E19,36,17,M1
M1-E19,37,17,M1
M1-E19,38,17,M1
M1-E19,39,17,M1
M1-E19,40,17,M1
M1-E19,41,17,M1
M1-E19,42,17,M1
M1-E19,43,17,M1
M1-E19,44,17,M1
M1-E19,45,17,M1
M1-E19,46,17,M1
M1-E19,47,17,M1
M1-E19,48,17,M1
M1-E19,49,17,M1
M1-E19,50,17,M1
M1-E19,51,17,M1
M1-E19,52,17,M1
M1-E19,53,17,M1
M1-E19,54,17,M1
M1-E19,55,17,M1
M1-E19,56,17,M1
M1-E19,57,17,M1
M1-E19,58,17,M1
M1-E19,59,17,M1
M1-E19,60,17,M1
M1-E19,61,17,M1
M1-E19,62,17,M1
M1-E19,63,17,M1
M1-E19,64,17,M1
M1-E19,65,17,M1
M1-E19,66,23,M1
M1-E19,67,17,M1
M1-E19,68,17,M1
M1-E19,69,17,M1
M1-E19,70,17,M1
M1-E19,71,17,M1
M1-E19,72,17,M1
M1-E19,73,17,M1
M1-E19,74,17,M1
M1-E19,75,17,M1
M1-E19,76,17,M1
M1-E19,77,17,M1
M1-E19,78,17,M1
M1-E19,79,17,M1
M1-E19,80,17,M1
M1-E19,81,17,M1
M1-E19,82,17,M1
M1-E19,83,17,M1
M1-E19,84,17,M1
M1-E19,85,17,M1
M1-E19,86,17,M1
M1-E19,87,17,M1
M1-E19,88,17,M1
M1-E19,89,17,M1
M1-E19,90,17,M1
M1-E19,91,17,M1
M1-E19,92,17,M1
M1-E19,93,17,M1
M1-E19,94,17,M1
M1-E19,95,17,M1
M1-E19,96,17,M1
M1-E19,97,17,M1
M1-E19,98,17,M1
M1-E19,99,17,M1
M0-E15,0,17,M0
M0-E15,1,17,M0
M0-E15,2,17,M0
M0-E15,3,17,M0
M0-E15,4,17,M0
M0-E15,5,17,M0
M0-E15,6,17,M0
M0-E15,7,17,M0
M0-E15,8,17,M0
M0-E15,9,17,M0
M0-E15,10,17,M0
M0-E15,11,17,M0
M0-E15,12,17,M0
M0-E15,13,17,M0
M0-E15,14,17,M0
M0-E15,15,17,M0
M0-E15,16,17,M0
M0-E15,17,17,M0
M0-E15,18,17,M0
M0-E15,19,17,M0
M0-E15,20,17,M0
M0-E15,21,17,M0
M0-E15,22,17,M0
M0-E15,23,17,M0
M0-E15,24,17,M0
M0-E15,25,17,M0
M0-E15,26,17,M0
M0-E15,27,17,M0
M0-E15,28,17,M0
M0-E15,29,17,M0
M0-E15,30,17,M0
M0-E15,31,17,M0
M0-E15,32,17,M0
M0-E15,33,17,M0
M0-E15,34,17,M0
M0-E15,35,17,M0
M0-E15,36,17,M0
M0-E15,37,17,M0
M0-E15,38,17,M0
M0-E15,39,17,M0
M0-E15,40,17,M0
M0-E15,41,17,M0
M0-E15,42,17,M0
M0-E15,43,17,M0
M0-E15,44,17,M0
M0-E15,45,17,M0
M0-E15,46,17,M0
M0-E15,47,17,M0
M0-E15,48,17,M0
M0-E15,49,17,M0
M0-E15,50,17,M0
M0-E15,51,17,M0
M0-E15,52,17,M0
M0-E15,53,17,M0
M0-E15,54,17,M0
M0-E15,55,17,M0
M0-E15,56,17,M0
M0-E15,57,17,M0
M0-E15,58,17,M0
M0-E15,59,17,M0
M0-E15,60,17,M0
M0-E15,61,17,M0
M0-E15,62,17,M0
M0-E15,63,17,M0
M0-E15,64,17,M0
M0-E15,65,17,M0
M0-E15,66,17,M0
M0-E15,67,17,M0
M0-E15,68,17,M0
M0-E15,69,17,M0
M0-E15,70,17,M0
M0-E15,71,17,M0
M0-E15,72,17,M0
M0-E15,73,17,M0
M0-E15,74,17,M0
M0-E15,75,17,M0
M0-E15,76,17,M0
M0-E15,77,17,M0
M0-E15,78,17,M0
M0-E15,79,17,M0
M0-E15,80,17,M0
M0-E15,81,17,M0
M0-E15,82,17,M0
M0-E15,83,17,M0
M0-E15,84,17,M0
M0-E15,85,17,M0
M0-E15,86,17,M0
M0-E15,87,17,M0
M0-E15,88,17,M0
M0-E15,89,17,M0
M0-E15,90,17,M0
M0-E15,91,17,M0
M0-E15,92,17,M0
M0-E15,93,17,M0
M0-E15,94,17,M0
M0-E15,95,17,M0
M0-E15,96,17,M0
M0-E15,97,17,M0
M0-E15,98,17,M0
M0-E15,99,17,M0
M1-E18,0,17,M1
M1-E18,1,17,M1
M1-E18,2,17,M1
M1-E18,3,17,M1
M1-E18,4,17,M1
M1-E18,5,17,M1
M1-E18,6,17,M1
M1-E18,7,17,M1
M1-E18,8,17,M1
M1-E18,9,17,M1
M1-E18,10,17,M1
M1-E18,11,17,M1
M1-E18,12,17,M1
M1-E18,13,17,M1
M1-E18,14,17,M1
M1-E18,15,17,M1
M1-E18,16,17,M1
M1-E18,17,17,M1
M1-E18,18,17,M1
M1-E18,19,17,M1
M1-E18,20,17,M1
M1-E18,21,17,M1
M1-E18,22,17,M1
M1-E18,23,17,M1
M1-E18,24,17,M1
M1-E18,25,17,M1
M1-E18,26,17,M1
M1-E18,27,17,M1
M1-E18,28,17,M1
M1-E18,29,17,M1
M1-E18,30,17,M1
M1-E18,31,17,M1
M1-E18,32,17,M1
M1-E18,33,17,M1
M1-E18,34,17,M1
M1-E18,35,17,M1
M1-E18,36,17,M1
M1-E18,37,17,M1
M1-E18,38,17,M1
M1-E18,39,17,M1
M1-E18,40,17,M1
M1-E18,41,17,M1
M1-E18,42,17,M1
M1-E18,43,17,M1
M1-E18,44,17,M1
M1-E18,45,17,M1
M1-E18,46,17,M1
M1-E18,47,17,M1
M1-E18,48,17,M1
M1-E18,49,17,M1
M1-E18,50,17,M1
M1-E18,51,17,M1
M1-E18,52,17,M1
M1-E18,53,17,M1
M1-E18,54,17,M1
M1-E18,55,17,M1
M1-E18,56,17,M1
M1-E18,57,17,M1
M1-E18,58,17,M1
M1-E18,59,17,M1
M1-E18,60,17,M1
M1-E18,61,17,M1
M1-E18,62,17,M1
M1-E18,63,17,M1
M1-E18,64,17,M1
M1-E18,65,17,M1
M1-E18,66,17,M1
M1-E18,67,17,M1
M1-E18,68,17,M1
M1-E18,69,17,M1
M1-E18,70,17,M1
M1-E18,71,23,M1
M1-E18,72,17,M1
M1-E18,73,17,M1
M1-E18,74,17,M1
M1-E18,75,17,M1
M1-E18,76,17,M1
M1-E18,77,17,M1
M1-E18,78,17,M1
M1-E18,79,17,M1
M1-E18,80,17,M1
M1-E18,81,17,M1
M1-E18,82,17,M1
M1-E18,83,17,M1
M1-E18,84,17,M1
M1-E18,85,17,M1
M1-E18,86,17,M1
M1-E18,87,17,M1
M1-E18,88,17,M1
M1-E18,89,17,M1
M1-E18,90,17,M1
M1-E18,91,17,M1
M1-E18,92,17,M1
M1-E18,93,17,M1
M1-E18,94,17,M1
M1-E18,95,17,M1
M1-E18,96,17,M1
M1-E18,97,17,M1
M1-E18,98,17,M1
M1-E18,99,17,M1
M5-E19,0,10,M5
M5-E19,1,12,M5
M5-E19,2,10,M5
M5-E19,3,12,M5
M5-E19,4,10,M5
M5-E19,5,12,M5
M5-E19,6,10,M5
M5-E19,7,12,M5
M5-E19,8,10,M5
M5-E19,9,12,M5
M5-E19,10,10,M5
M5-E19,11,12,M5
M5-E19,12,10,M5
M5-E19,13,12,M5
M5-E19,14,10,M5
M5-E19,15,12,M5
M5-E19,16,10,M5
M5-E19,17,12,M5
M5-E19,18,10,M5
M5-E19,19,12,M5
M5-E19,20,10,M5
M5-E19,21,12,M5
M5-E19,22,10,M5
M5-E19,23,12,M5
M5-E19,24,10,M5
M5-E19,25,12,M5
M5-E19,26,10,M5
M5-E19,27,12,M5
M5-E19,28,10,M5
M5-E19,29,12,M5
M5-E19,30,10,M5
M5-E19,31,12,M5
M5-E19,32,10,M5
M5-E19,33,12,M5
M5-E19,34,10,M5
M5-E19,35,12,M5
M5-E19,36,10,M5
M5-E19,37,12,M5
M5-E19,38,10,M5
M5-E19,39,12,M5
M5-E19,40,10,M5
M5-E19,41,12,M5
M5-E19,42,10,M5
M5-E19,43,12,M5
M5-E19,44,10,M5
M5-E19,45,12,M5
M5-E19,46,10,M5
M5-E19,47,12,M5
M5-E19,48,10,M5
M5-E19,49,12,M5
M5-E19,50,10,M5
M5-E19,51,12,M5
M5-E19,52,10,M5
M5-E19,53,12,M5
M5-E19,54,10,M5
M5-E19,55,12,M5
M5-E19,56,10,M5
M5-E19,57,12,M5
M5-E19,58,10,M5
M5-E19,59,12,M5
M5-E19,60,10,M5
M5-E19,61,12,M5
M5-E19,62,10,M5
M5-E19,63,12,M5
M5-E19,64,10,M5
M5-E19,65,12,M5
M5-E19,66,10,M5
M5-E19,67,12,M5
M5-E19,68,10,M5
M5-E19,69,12,M5
M5-E19,70,10,M5
M5-E19,71,12,M5
M5-E19,72,10,M5
M5-E19,73,12,M5
M5-E19,74,10,M5
M5-E19,75,12,M5
M5-E19,76,10,M5
M5-E19,77,12,M5
M5-E19,78,10,M5
M5-E19,79,12,M5
M5-E19,80,10,M5
M5-E19,81,12,M5
M5-E19,82,10,M5
M5-E19,83,12,M5
M5-E19,84,10,M5
M5-E19,85,12,M5
M5-E19,86,10,M5
M5-E19,87,12,M5
M5-E19,88,10,M5
M5-E19,89,12,M5
M5-E19,90,10,M5
M5-E19,91,12,M5
M5-E19,92,10,M5
M5-E19,93,12,M5
M5-E19,94,10,M5
M5-E19,95,12,M5
M5-E19,96,10,M5
M5-E19,97,12,M5
M5-E19,98,10,M5
M5-E19,99,12,M5
M1-E05,0,17,M1
M1-E05,1,17,M1
M1-E05,2,17,M1
M1-E05,3,17,M1
M1-E05,4,17,M1
M1-E05,5,17,M1
M1-E05,6,17,M1
M1-E05,7,17,M1
M1-E05,8,17,M1
M1-E05,9,17,M1
M1-E05,10,17,M1
M1-E05,11,17,M1
M1-E05,12,17,M1
M1-E05,13,17,M1
M1-E05,14,17,M1
M1-E05,15,17,M1
M1-E05,16,17,M1
M1-E05,17,17,M1
M1-E05,18,17,M1
M1-E05,19,17,M1
M1-E05,20,17,M1
M1-E05,21,17,M1
M1-E05,22,17,M1
M1-E05,23,17,M1
M1-E05,24,17,M1
M1-E05,25,17,M1
M1-E05,26,17,M1
M1-E05,27,17,M1
M1-E05,28,17,M1
M1-E05,29,17,M1
M1-E05,30,17,M1
M1-E05,31,17,M1
M1-E05,32,17,M1
M1-E05,33,17,M1
M1-E05,34,17,M1
M1-E05,35,17,M1
M1-E05,36,17,M1
M1-E05,37,17,M1
M1-E05,38,17,M1
M1-E05,39,17,M1
M1-E05,40,17,M1
M1-E05,41,17,M1
M1-E05,42,17,M1
M1-E05,43,17,M1
M1-E05,44,17,M1
M1-E05,45,17,M1
M1-E05,46,17,M1
M1-E05,47,17,M1
M1-E05,48,17,M1
M1-E05,49,17,M1
M1-E05,50,17,M1
M1-E05,51,17,M1
M1-E05,52,17,M1
M1-E05,53,17,M1
M1-E05,54,17,M1
M1-E05,55,17,M1
M1-E05,56,17,M1
M1-E05,57,17,M1
M1-E05,58,17,M1
M1-E05,59,17,M1
M1-E05,60,17,M1
M1-E05,61,23,M1
M1-E05,62,17,M1
M1-E05,63,17,M1
M1-E05,64,17,M1
M1-E05,65,17,M1
M1-E05,66,17,M1
M1-E05,67,17,M1
M1-E05,68,17,M1
M1-E05,69,17,M1
M1-E05,70,17,M1
M1-E05,71,17,M1
M1-E05,72,17,M1
M1-E05,73,17,M1
M1-E05,74,17,M1
M1-E05,75,17,M1
M1-E05,76,17,M1
M1-E05,77,17,M1
M1-E05,78,17,M1
M1-E05,79,17,M1
M1-E05,80,17,M1
M1-E05,81,17,M1
M1-E05,82,17,M1
M1-E05,83,17,M1
M1-E05,84,17,M1
M1-E05,85,17,M1
M1-E05,86,17,M1
M1-E05,87,17,M1
M1-E05,88,17,M1
M1-E05,89,17,M1
M1-E05,90,17,M1
M1-E05,91,17,M1
M1-E05,92,17,M1
M1-E05,93,17,M1
M1-E05,94,17,M1
M1-E05,95,17,M1
M1-E05,96,17,M1
M1-E05,97,17,M1
M1-E05,98,17,M1
M1-E05,99,17,M1
M3-E11,0,103,M3
M3-E11,1,101,M3
M3-E11,2,108,M3
M3-E11,3,108,M3
M3-E11,4,107,M3
M3-E11,5,103,M3
M3-E11,6,102,M3
M3-E11,7,108,M3
M3-E11,8,103,M3
M3-E11,9,109,M3
M3-E11,10,109,M3
M3-E11,11,100,M3
M3-E11,12,108,M3
M3-E11,13,103,M3
M3-E11,14,107,M3
M3-E11,15,108,M3
M3-E11,16,109,M3
M3-E11,17,109,M3
M3-E11,18,102,M3
M3-E11,19,107,M3
M3-E11,20,105,M3
M3-E11,21,103,M3
M3-E11,22,102,M3
M3-E11,23,108,M3
M3-E11,24,103,M3
M3-E11,25,107,M3
M3-E11,26,107,M3
M3-E11,27,109,M3
M3-E11,28,101,M3
M3-E11,29,108,M3
M3-E11,30,101,M3
M3-E11,31,105,M3
M3-E11,32,105,M3
M3-E11,33,102,M3
M3-E11,34,107,M3
M3-E11,35,103,M3
M3-E11,36,109,M3
M3-E11,37,104,M3
M3-E11,38,102,M3
M3-E11,39,107,M3
M3-E11,40,106,M3
M3-E11,41,102,M3
M3-E11,42,100,M3
M3-E11,43,104,M3
M3-E11,44,109,M3
M3-E11,45,101,M3
M3-E11,46,103,M3
M3-E11,47,105,M3
M3-E11,48,106,M3
M3-E11,49,103,M3
M3-E11,50,100,M3
M3-E11,51,107,M3
M3-E11,52,109,M3
M3-E11,53,109,M3
M3-E11,54,100,M3
M3-E11,55,100,M3
M3-E11,56,107,M3
M3-E11,57,109,M3
M3-E11,58,105,M3
M3-E11,59,106,M3
M3-E11,60,105,M3
M3-E11,61,105,M3
M3-E11,62,100,M3
M3-E11,63,108,M3
M3-E11,64,108,M3
M3-E11,65,107,M3
M3-E11,66,108,M3
M3-E11,67,107,M3
M3-E11,68,100,M3
M3-E11,69,100,M3
M3-E11,70,101,M3
M3-E11,71,103,M3
M3-E11,72,107,M3
M3-E11,73,109,M3
M3-E11,74,100,M3
M3-E11,75,102,M3
M3-E11,76,109,M3
M3-E11,77,106,M3
M3-E11,78,101,M3
M3-E11,79,100,M3
M3-E11,80,100,M3
M3-E11,81,108,M3
M3-E11,82,100,M3
M3-E11,83,104,M3
M3-E11,84,101,M3
M3-E11,85,104,M3
M3-E11,86,109,M3
M3-E11,87,101,M3
M3-E11,88,102,M3
M3-E11,89,104,M3
M3-E11,90,102,M3
M3-E11,91,100,M3
M3-E11,92,103,M3
M3-E11,93,105,M3
M3-E11,94,106,M3
M3-E11,95,105,M3
M3-E11,96,107,M3
M3-E11,97,105,M3
M3-E11,98,106,M3
M3-E11,99,106,M3
M0-E01,0,17,M0
M0-E01,1,17,M0
M0-E01,2,17,M0
M0-E01,3,17,M0
M0-E01,4,17,M0
M0-E01,5,17,M0
M0-E01,6,17,M0
M0-E01,7,17,M0
M0-E01,8,17,M0
M0-E01,9,17,M0
M0-E01,10,17,M0
M0-E01,11,17,M0
M0-E01,12,17,M0
M0-E01,13,17,M0
M0-E01,14,17,M0
M0-E01,15,17,M0
M0-E01,16,17,M0
M0-E01,17,17,M0
M0-E01,18,17,M0
M0-E01,19,17,M0
M0-E01,20,17,M0
M0-E01,21,17,M0
M0-E01,22,17,M0
M0-E01,23,17,M0
M0-E01,24,17,M0
M0-E01,25,17,M0
M0-E01,26,17,M0
M0-E01,27,17,M0
M0-E01,28,17,M0
M0-E01,29,17,M0
M0-E01,30,17,M0
M0-E01,31,17,M0
M0-E01,32,17,M0
M0-E01,33,17,M0
M0-E01,34,17,M0
M0-E01,35,17,M0
M0-E01,36,17,M0
M0-E01,37,17,M0
M0-E01,38,17,M0
M0-E01,39,17,M0
M0-E01,40,17,M0
M0-E01,41,17,M0
M0-E01,42,17,M0
M0-E01,43,17,M0
M0-E01,44,17,M0
M0-E01,45,17,M0
M0-E01,46,17,M0
M0-E01,47,17,M0
M0-E01,48,17,M0
M0-E01,49,17,M0
M0-E01,50,17,M0
M0-E01,51,17,M0
M0-E01,52,17,M0
M0-E01,53,17,M0
M0-E01,54,17,M0
M0-E01,55,17,M0
M0-E01,56,17,M0
M0-E01,57,17,M0
M0-E01,58,17,M0
M0-E01,59,17,M0
M0-E01,60,17,M0
M0-E01,61,17,M0
M0-E01,62,17,M0
M0-E01,63,17,M0
M0-E01,64,17,M0
M0-E01,65,17,M0
M0-E01,66,17,M0
M0-E01,67,17,M0
M0-E01,68,17,M0
M0-E01,69,17,M0
M0-E01,70,17,M0
M0-E01,71,17,M0
M0-E01,72,17,M0
M0-E01,73,17,M0
M0-E01,74,17,M0
M0-E01,75,17,M0
M0-E01,76,17,M0
M0-E01,77,17,M0
M0-E01,78,17,M0
M0-E01,79,17,M0
M0-E01,80,17,M0
M0-E01,81,17,M0
M0-E01,82,17,M0
M0-E01,83,17,M0
M0-E01,84,17,M0
M0-E01,85,17,M0
M0-E01,86,17,M0
M0-E01,87,17,M0
M0-E01,88,17,M0
M0-E01,89,17,M0
M0-E01,90,17,M0
M0-E01,91,17,M0
M0-E01,92,17,M0
M0-E01,93,17,M0
M0-E01,94,17,M0
M0-E01,95,17,M0
M0-E01,96,17,M0
M0-E01,97,17,M0
M0-E01,98,17,M0
M0-E01,99,17,M0
M2-E06,0,17,M2
M2-E06,1,17,M2
M2-E06,2,17,M2
M2-E06,3,17,M2
M2-E06,4,17,M2
M2-E06,5,23,M2
M2-E06,6,17,M2
M2-E06,7,17,M2
M2-E06,8,17,M2
M2-E06,9,17,M2
M2-E06,10,17,M2
M2-E06,11,23,M2
M2-E06,12,23,M2
M2-E06,13,23,M2
M2-E06,14,17,M2
M2-E06,15,17,M2
M2-E06,16,23,M2
M2-E06,17,17,M2
M2-E06,18,23,M2
M2-E06,19,17,M2
M2-E06,20,23,M2
M2-E06,21,23,M2
M2-E06,22,17,M2
M2-E06,23,23,M2
M2-E06,24,17,M2
M2-E06,25,23,M2
M2-E06,26,23,M2
M2-E06,27,17,M2
M2-E06,28,17,M2
M2-E06,29,23,M2
M2-E06,30,23,M2
M2-E06,31,23,M2
M2-E06,32,17,M2
M2-E06,33,17,M2
M2-E06,34,17,M2
M2-E06,35,23,M2
M2-E06,36,23,M2
M2-E06,37,17,M2
M2-E06,38,17,M2
M2-E06,39,23,M2
M2-E06,40,17,M2
M2-E06,41,23,M2
M2-E06,42,17,M2
M2-E06,43,23,M2
M2-E06,44,17,M2
M2-E06,45,17,M2
M2-E06,46,23,M2
M2-E06,47,17,M2
M2-E06,48,23,M2
M2-E06,49,17,M2
M2-E06,50,23,M2
M2-E06,51,23,M2
M2-E06,52,17,M2
M2-E06,53,17,M2
M2-E06,54,23,M2
M2-E06,55,17,M2
M2-E06,56,17,M2
M2-E06,57,17,M2
M2-E06,58,17,M2
M2-E06,59,23,M2
M2-E06,60,17,M2
M2-E06,61,23,M2
M2-E06,62,17,M2
M2-E06,63,23,M2
M2-E06,64,23,M2
M2-E06,65,17,M2
M2-E06,66,23,M2
M2-E06,67,17,M2
M2-E06,68,17,M2
M2-E06,69,23,M2
M2-E06,70,23,M2
M2-E06,71,17,M2
M2-E06,72,23,M2
M2-E06,73,23,M2
M2-E06,74,23,M2
M2-E06,75,23,M2
M2-E06,76,23,M2
M2-E06,77,17,M2
M2-E06,78,23,M2
M2-E06,79,23,M2
M2-E06,80,17,M2
M2-E06,81,23,M2
M2-E06,82,17,M2
M2-E06,83,23,M2
M2-E06,84,23,M2
M2-E06,85,17,M2
M2-E06,86,17,M2
M2-E06,87,17,M2
M2-E06,88,23,M2
M2-E06,89,17,M2
M2-E06,90,23,M2
M2-E06,91,17,M2
M2-E06,92,23,M2
M2-E06,93,23,M2
M2-E06,94,23,M2
M2-E06,95,23,M2
M2-E06,96,23,M2
M2-E06,97,17,M2
M2-E06,98,23,M2
M2-E06,99,23,M2
M6-E12,0,32,M6
M6-E12,1,32,M6
M6-E12,2,32,M6
M6-E12,3,32,M6
M6-E12,4,32,M6
M6-E12,5,32,M6
M6-E12,6,32,M6
M6-E12,7,32,M6
M6-E12,8,32,M6
M6-E12,9,32,M6
M6-E12,10,32,M6
M6-E12,11,32,M6
M6-E12,12,32,M6
M6-E12,13,32,M6
M6-E12,14,32,M6
M6-E12,15,32,M6
M6-E12,16,32,M6
M6-E12,17,32,M6
M6-E12,18,32,M6
M6-E12,19,32,M6
M6-E12,20,32,M6
M6-E12,21,32,M6
M6-E12,22,32,M6
M6-E12,23,32,M6
M6-E12,24,32,M6
M6-E12,25,32,M6
M6-E12,26,32,M6
M6-E12,27,32,M6
M6-E12,28,32,M6
M6-E12,29,32,M6
M6-E12,30,32,M6
M6-E12,31,32,M6
M6-E12,32,32,M6
M6-E12,33,32,M6
M6-E12,34,32,M6
M6-E12,35,32,M6
M6-E12,36,32,M6
M6-E12,37,32,M6
M6-E12,38,32,M6
M6-E12,39,32,M6
M6-E12,40,32,M6
M6-E12,41,32,M6
M6-E12,42,32,M6
M6-E12,43,32,M6
M6-E12,44,32,M6
M6-E12,45,32,M6
M6-E12,46,32,M6
M6-E12,47,32,M6
M6-E12,48,32,M6
M6-E12,49,32,M6
M6-E12,50,32,M6
M6-E12,51,32,M6
M6-E12,52,32,M6
M6-E12,53,32,M6
M6-E12,54,32,M6
M6-E12,55,32,M6
M6-E12,56,32,M6
M6-E12,57,32,M6
M6-E12,58,32,M6
M6-E12,59,32,M6
M6-E12,60,32,M6
M6-E12,61,32,M6
M6-E12,62,32,M6
M6-E12,63,32,M6
M6-E12,64,32,M6
M6-E12,65,32,M6
M6-E12,66,32,M6
M6-E12,67,32,M6
M6-E12,68,32,M6
M6-E12,69,32,M6
M6-E12,70,32,M6
M6-E12,71,32,M6
M6-E12,72,32,M6
M6-E12,73,32,M6
M6-E12,74,32,M6
M6-E12,75,32,M6
M6-E12,76,32,M6
M6-E12,77,32,M6
M6-E12,78,32,M6
M6-E12,79,32,M6
M6-E12,80,32,M6
M6-E12,81,32,M6
M6-E12,82,32,M6
M6-E12,83,32,M6
M6-E12,84,32,M6
M6-E12,85,32,M6
M6-E12,86,32,M6
M6-E12,87,32,M6
M6-E12,88,32,M6
M6-E12,89,32,M6
M6-E12,90,32,M6
M6-E12,91,32,M6
M6-E12,92,32,M6
M6-E12,93,32,M6
M6-E12,94,32,M6
M6-E12,95,32,M6
M6-E12,96,32,M6
M6-E12,97,32,M6
M6-E12,98,32,M6
M6-E12,99,32,M6
M5-E13,0,10,M5
M5-E13,1,12,M5
M5-E13,2,10,M5
M5-E13,3,12,M5
M5-E13,4,10,M5
M5-E13,5,12,M5
M5-E13,6,10,M5
M5-E13,7,12,M5
M5-E13,8,10,M5
M5-E13,9,12,M5
M5-E13,10,10,M5
M5-E13,11,12,M5
M5-E13,12,10,M5
M5-E13,13,12,M5
M5-E13,14,10,M5
M5-E13,15,12,M5
M5-E13,16,10,M5
M5-E13,17,12,M5
M5-E13,18,10,M5
M5-E13,19,12,M5
M5-E13,20,10,M5
M5-E13,21,12,M5
M5-E13,22,10,M5
M5-E13,23,12,M5
M5-E13,24,10,M5
M5-E13,25,12,M5
M5-E13,26,10,M5
M5-E13,27,12,M5
M5-E13,28,10,M5
M5-E13,29,12,M5
M5-E13,30,10,M5
M5-E13,31,12,M5
M5-E13,32,10,M5
M5-E13,33,12,M5
M5-E13,34,10,M5
M5-E13,35,12,M5
M5-E13,36,10,M5
M5-E13,37,12,M5
M5-E13,38,10,M5
M5-E13,39,12,M5
M5-E13,40,10,M5
M5-E13,41,12,M5
M5-E13,42,10,M5
M5-E13,43,12,M5
M5-E13,44,10,M5
M5-E13,45,12,M5
M5-E13,46,10,M5
M5-E13,47,12,M5
M5-E13,48,10,M5
M5-E13,49,12,M5
M5-E13,50,10,M5
M5-E13,51,12,M5
M5-E13,52,10,M5
M5-E13,53,12,M5
M5-E13,54,10,M5
M5-E13,55,12,M5
M5-E13,56,10,M5
M5-E13,57,12,M5
M5-E13,58,10,M5
M5-E13,59,12,M5
M5-E13,60,10,M5
M5-E13,61,12,M5
M5-E13,62,10,M5
M5-E13,63,12,M5
M5-E13,64,10,M5
M5-E13,65,12,M5
M5-E13,66,10,M5
M5-E13,67,12,M5
M5-E13,68,10,M5
M5-E13,69,12,M5
M5-E13,70,10,M5
M5-E13,71,12,M5
M5-E13,72,10,M5
M5-E13,73,12,M5
M5-E13,74,10,M5
M5-E13,75,12,M5
M5-E13,76,10,M5
M5-E13,77,12,M5
M5-E13,78,10,M5
M5-E13,79,12,M5
M5-E13,80,10,M5
M5-E13,81,12,M5
M5-E13,82,10,M5
M5-E13,83,12,M5
M5-E13,84,10,M5
M5-E13,85,12,M5
M5-E13,86,10,M5
M5-E13,87,12,M5
M5-E13,88,10,M5
M5-E13,89,12,M5
M5-E13,90,10,M5
M5-E13,91,12,M5
M5-E13,92,10,M5
M5-E13,93,12,M5
M5-E13,94,10,M5
M5-E13,95,12,M5
M5-E13,96,10,M5
M5-E13,97,12,M5
M5-E13,98,10,M5
M5-E13,99,12,M5
M5-E16,0,10,M5
M5-E16,1,12,M5
M5-E16,2,10,M5
M5-E16,3,12,M5
M5-E16,4,10,M5
M5-E16,5,12,M5
M5-E16,6,10,M5
M5-E16,7,12,M5
M5-E16,8,10,M5
M5-E16,9,12,M5
M5-E16,10,10,M5
M5-E16,11,12,M5
M5-E16,12,10,M5
M5-E16,13,12,M5
M5-E16,14,10,M5
M5-E16,15,12,M5
M5-E16,16,10,M5
M5-E16,17,12,M5
M5-E16,18,10,M5
M5-E16,19,12,M5
M5-E16,20,10,M5
M5-E16,21,12,M5
M5-E16,22,10,M5
M5-E16,23,12,M5
M5-E16,24,10,M5
M5-E16,25,12,M5
M5-E16,26,10,M5
M5-E16,27,12,M5
M5-E16,28,10,M5
M5-E16,29,12,M5
M5-E16,30,10,M5
M5-E16,31,12,M5
M5-E16,32,10,M5
M5-E16,33,12,M5
M5-E16,34,10,M5
M5-E16,35,12,M5
M5-E16,36,10,M5
M5-E16,37,12,M5
M5-E16,38,10,M5
M5-E16,39,12,M5
M5-E16,40,10,M5
M5-E16,41,12,M5
M5-E16,42,10,M5
M5-E16,43,12,M5
M5-E16,44,10,M5
M5-E16,45,12,M5
M5-E16,46,10,M5
M5-E16,47,12,M5
M5-E16,48,10,M5
M5-E16,49,12,M5
M5-E16,50,10,M5
M5-E16,51,12,M5
M5-E16,52,10,M5
M5-E16,53,12,M5
M5-E16,54,10,M5
M5-E16,55,12,M5
M5-E16,56,10,M5
M5-E16,57,12,M5
M5-E16,58,10,M5
M5-E16,59,12,M5
M5-E16,60,10,M5
M5-E16,61,12,M5
M5-E16,62,10,M5
M5-E16,63,12,M5
M5-E16,64,10,M5
M5-E16,65,12,M5
M5-E16,66,10,M5
M5-E16,67,12,M5
M5-E16,68,10,M5
M5-E16,69,12,M5
M5-E16,70,10,M5
M5-E16,71,12,M5
M5-E16,72,10,M5
M5-E16,73,12,M5
M5-E16,74,10,M5
M5-E16,75,12,M5
M5-E16,76,10,M5
M5-E16,77,12,M5
M5-E16,78,10,M5
M5-E16,79,12,M5
M5-E16,80,10,M5
M5-E16,81,12,M5
M5-E16,82,10,M5
M5-E16,83,12,M5
M5-E16,84,10,M5
M5-E16,85,12,M5
M5-E16,86,10,M5
M5-E16,87,12,M5
M5-E16,88,10,M5
M5-E16,89,12,M5
M5-E16,90,10,M5
M5-E16,91,12,M5
M5-E16,92,10,M5
M5-E16,93,12,M5
M5-E16,94,10,M5
M5-E16,95,12,M5
M5-E16,96,10,M5
M5-E16,97,12,M5
M5-E16,98,10,M5
M5-E16,99,12,M5
M1-E03,0,17,M1
M1-E03,1,17,M1
M1-E03,2,17,M1
M1-E03,3,17,M1
M1-E03,4,17,M1
M1-E03,5,17,M1
M1-E03,6,17,M1
M1-E03,7,17,M1
M1-E03,8,17,M1
M1-E03,9,17,M1
M1-E03,10,17,M1
M1-E03,11,17,M1
M1-E03,12,17,M1
M1-E03,13,17,M1
M1-E03,14,17,M1
M1-E03,15,17,M1
M1-E03,16,17,M1
M1-E03,17,17,M1
M1-E03,18,17,M1
M1-E03,19,23,M1
M1-E03,20,17,M1
M1-E03,21,17,M1
M1-E03,22,17,M1
M1-E03,23,17,M1
M1-E03,24,17,M1
M1-E03,25,17,M1
M1-E03,26,17,M1
M1-E03,27,17,M1
M1-E03,28,17,M1
M1-E03,29,17,M1
M1-E03,30,17,M1
M1-E03,31,17,M1
M1-E03,32,17,M1
M1-E03,33,17,M1
M1-E03,34,17,M1
M1-E03,35,17,M1
M1-E03,36,17,M1
M1-E03,37,17,M1
M1-E03,38,17,M1
M1-E03,39,17,M1
M1-E03,40,17,M1
M1-E03,41,17,M1
M1-E03,42,17,M1
M1-E03,43,17,M1
M1-E03,44,17,M1
M1-E03,45,17,M1
M1-E03,46,17,M1
M1-E03,47,17,M1
M1-E03,48,17,M1
M1-E03,49,17,M1
M1-E03,50,17,M1
M1-E03,51,17,M1
M1-E03,52,17,M1
M1-E03,53,17,M1
M1-E03,54,17,M1
M1-E03,55,17,M1
M1-E03,56,17,M1
M1-E03,57,17,M1
M1-E03,58,17,M1
M1-E03,59,17,M1
M1-E03,60,17,M1
M1-E03,61,17,M1
M1-E03,62,17,M1
M1-E03,63,17,M1
M1-E03,64,17,M1
M1-E03,65,17,M1
M1-E03,66,17,M1
M1-E03,67,17,M1
M1-E03,68,17,M1
M1-E03,69,17,M1
M1-E03,70,17,M1
M1-E03,71,17,M1
M1-E03,72,17,M1
M1-E03,73,17,M1
M1-E03,74,17,M1
M1-E03,75,17,M1
M1-E03,76,17,M1
M1-E03,77,17,M1
M1-E03,78,17,M1
M1-E03,79,17,M1
M1-E03,80,17,M1
M1-E03,81,17,M1
M1-E03,82,17,M1
M1-E03,83,17,M1
M1-E03,84,17,M1
M1-E03,85,17,M1
M1-E03,86,17,M1
M1-E03,87,17,M1
M1-E03,88,17,M1
M1-E03,89,17,M1
M1-E03,90,17,M1
M1-E03,91,17,M1
M1-E03,92,17,M1
M1-E03,93,17,M1
M1-E03,94,17,M1
M1-E03,95,17,M1
M1-E03,96,17,M1
M1-E03,97,17,M1
M1-E03,98,17,M1
M1-E03,99,17,M1
M6-E15,0,35,M6
M6-E15,1,35,M6
M6-E15,2,35,M6
M6-E15,3,35,M6
M6-E15,4,35,M6
M6-E15,5,35,M6
M6-E15,6,35,M6
M6-E15,7,35,M6
M6-E15,8,35,M6
M6-E15,9,35,M6
M6-E15,10,35,M6
M6-E15,11,35,M6
M6-E15,12,35,M6
M6-E15,13,35,M6
M6-E15,14,35,M6
M6-E15,15,35,M6
M6-E15,16,35,M6
M6-E15,17,35,M6
M6-E15,18,35,M6
M6-E15,19,35,M6
M6-E15,20,35,M6
M6-E15,21,35,M6
M6-E15,22,35,M6
M6-E15,23,35,M6
M6-E15,24,35,M6
M6-E15,25,35,M6
M6-E15,26,35,M6
M6-E15,27,35,M6
M6-E15,28,35,M6
M6-E15,29,35,M6
M6-E15,30,35,M6
M6-E15,31,35,M6
M6-E15,32,35,M6
M6-E15,33,35,M6
M6-E15,34,35,M6
M6-E15,35,35,M6
M6-E15,36,35,M6
M6-E15,37,35,M6
M6-E15,38,35,M6
M6-E15,39,35,M6
M6-E15,40,35,M6
M6-E15,41,35,M6
M6-E15,42,35,M6
M6-E15,43,35,M6
M6-E15,44,35,M6
M6-E15,45,35,M6
M6-E15,46,35,M6
M6-E15,47,35,M6
M6-E15,48,35,M6
M6-E15,49,35,M6
M6-E15,50,35,M6
M6-E15,51,35,M6
M6-E15,52,35,M6
M6-E15,53,35,M6
M6-E15,54,35,M6
M6-E15,55,35,M6
M6-E15,56,35,M6
M6-E15,57,35,M6
M6-E15,58,35,M6
M6-E15,59,35,M6
M6-E15,60,35,M6
M6-E15,61,35,M6
M6-E15,62,35,M6
M6-E15,63,35,M6
M6-E15,64,35,M6
M6-E15,65,35,M6
M6-E15,66,35,M6
M6-E15,67,35,M6
M6-E15,68,35,M6
M6-E15,69,35,M6
M6-E15,70,35,M6
M6-E15,71,35,M6
M6-E15,72,35,M6
M6-E15,73,35,M6
M6-E15,74,35,M6
M6-E15,75,35,M6
M6-E15,76,35,M6
M6-E15,77,35,M6
M6-E15,78,35,M6
M6-E15,79,35,M6
M6-E15,80,35,M6
M6-E15,81,35,M6
M6-E15,82,35,M6
M6-E15,83,35,M6
M6-E15,84,35,M6
M6-E15,85,35,M6
M6-E15,86,35,M6
M6-E15,87,35,M6
M6-E15,88,35,M6
M6-E15,89,35,M6
M6-E15,90,35,M6
M6-E15,91,35,M6
M6-E15,92,35,M6
M6-E15,93,35,M6
M6-E15,94,35,M6
M6-E15,95,35,M6
M6-E15,96,35,M6
M6-E15,97,35,M6
M6-E15,98,35,M6
M6-E15,99,35,M6
M7-E09,0,17,M7
M7-E09,1,17,M7
M7-E09,2,17,M7
M7-E09,3,17,M7
M7-E09,4,17,M7
M7-E09,5,17,M7
M7-E09,6,17,M7
M7-E09,7,17,M7
M7-E09,8,17,M7
M7-E09,9,17,M7
M7-E09,10,17,M7
M7-E09,11,17,M7
M7-E09,12,17,M7
M7-E09,13,17,M7
M7-E09,14,17,M7
M7-E09,15,17,M7
M7-E09,16,17,M7
M7-E09,17,17,M7
M7-E09,18,17,M7
M7-E09,19,17,M7
M7-E09,20,17,M7
M7-E09,21,17,M7
M7-E09,22,17,M7
M7-E09,23,17,M7
M7-E09,24,17,M7
M7-E09,25,17,M7
M7-E09,26,17,M7
M7-E09,27,17,M7
M7-E09,28,17,M7
M7-E09,29,17,M7
M7-E09,30,17,M7
M7-E09,31,17,M7
M7-E09,32,17,M7
M7-E09,33,17,M7
M7-E09,34,17,M7
M7-E09,35,17,M7
M7-E09,36,17,M7
M7-E09,37,17,M7
M7-E09,38,17,M7
M7-E09,39,17,M7
M7-E09,40,17,M7
M7-E09,41,17,M7
M7-E09,42,17,M7
M7-E09,43,17,M7
M7-E09,44,17,M7
M7-E09,45,17,M7
M7-E09,46,17,M7
M7-E09,47,17,M7
M7-E09,48,17,M7
M7-E09,49,17,M7
M7-E09,50,17,M7
M7-E09,51,17,M7
M7-E09,52,17,M7
M7-E09,53,17,M7
M7-E09,54,17,M7
M7-E09,55,17,M7
M7-E09,56,17,M7
M7-E09,57,17,M7
M7-E09,58,17,M7
M7-E09,59,17,M7
M7-E09,60,17,M7
M7-E09,61,17,M7
M7-E09,62,17,M7
M7-E09,63,17,M7
M7-E09,64,17,M7
M7-E09,65,17,M7
M7-E09,66,17,M7
M7-E09,67,17,M7
M7-E09,68,17,M7
M7-E09,69,17,M7
M7-E09,70,17,M7
M7-E09,71,17,M7
M7-E09,72,17,M7
M7-E09,73,17,M7
M7-E09,74,17,M7
M7-E09,75,17,M7
M7-E09,76,17,M7
M7-E09,77,17,M7
M7-E09,78,17,M7
M7-E09,79,17,M7
M7-E09,80,17,M7
M7-E09,81,17,M7
M7-E09,82,17,M7
M7-E09,83,17,M7
M7-E09,84,17,M7
M7-E09,85,17,M7
M7-E09,86,17,M7
M7-E09,87,17,M7
M7-E09,88,17,M7
M7-E09,89,17,M7
M7-E09,90,17,M7
M7-E09,91,17,M7
M7-E09,92,17,M7
M7-E09,93,17,M7
M7-E09,94,17,M7
M7-E09,95,17,M7
M7-E09,96,17,M7
M7-E09,97,17,M7
M7-E09,98,17,M7
M7-E09,99,17,M7
M2-E05,0,17,M2
M2-E05,1,17,M2
M2-E05,2,23,M2
M2-E05,3,23,M2
M2-E05,4,23,M2
M2-E05,5,23,M2
M2-E05,6,17,M2
M2-E05,7,23,M2
M2-E05,8,17,M2
M2-E05,9,17,M2
M2-E05,10,23,M2
M2-E05,11,23,M2
M2-E05,12,17,M2
M2-E05,13,23,M2
M2-E05,14,23,M2
M2-E05,15,23,M2
M2-E05,16,17,M2
M2-E05,17,17,M2
M2-E05,18,17,M2
M2-E05,19,17,M2
M2-E05,20,17,M2
M2-E05,21,17,M2
M2-E05,22,23,M2
M2-E05,23,23,M2
M2-E05,24,23,M2
M2-E05,25,23,M2
M2-E05,26,23,M2
M2-E05,27,17,M2
M2-E05,28,17,M2
M2-E05,29,17,M2
M2-E05,30,17,M2
M2-E05,31,17,M2
M2-E05,32,23,M2
M2-E05,33,23,M2
M2-E05,34,17,M2
M2-E05,35,23,M2
M2-E05,36,17,M2
M2-E05,37,17,M2
M2-E05,38,23,M2
M2-E05,39,23,M2
M2-E05,40,17,M2
M2-E05,41,23,M2
M2-E05,42,17,M2
M2-E05,43,23,M2
M2-E05,44,23,M2
M2-E05,45,17,M2
M2-E05,46,23,M2
M2-E05,47,17,M2
M2-E05,48,23,M2
M2-E05,49,23,M2
M2-E05,50,23,M2
M2-E05,51,23,M2
M2-E05,52,23,M2
M2-E05,53,17,M2
M2-E05,54,23,M2
M2-E05,55,23,M2
M2-E05,56,23,M2
M2-E05,57,17,M2
M2-E05,58,23,M2
M2-E05,59,17,M2
M2-E05,60,17,M2
M2-E05,61,23,M2
M2-E05,62,17,M2
M2-E05,63,23,M2
M2-E05,64,17,M2
M2-E05,65,23,M2
M2-E05,66,17,M2
M2-E05,67,17,M2
M2-E05,68,17,M2
M2-E05,69,23,M2
M2-E05,70,23,M2
M2-E05,71,17,M2
M2-E05,72,17,M2
M2-E05,73,23,M2
M2-E05,74,17,M2
M2-E05,75,17,M2
M2-E05,76,17,M2
M2-E05,77,23,M2
M2-E05,78,23,M2
M2-E05,79,17,M2
M2-E05,80,23,M2
M2-E05,81,23,M2
M2-E05,82,23,M2
M2-E05,83,17,M2
M2-E05,84,23,M2
M2-E05,85,17,M2
M2-E05,86,17,M2
M2-E05,87,23,M2
M2-E05,88,17,M2
M2-E05,89,17,M2
M2-E05,90,23,M2
M2-E05,91,17,M2
M2-E05,92,23,M2
M2-E05,93,23,M2
M2-E05,94,17,M2
M2-E05,95,17,M2
M2-E05,96,17,M2
M2-E05,97,17,M2
M2-E05,98,23,M2
M2-E05,99,17,M2
M4-E17,0,10,M4
M4-E17,1,11,M4
M4-E17,2,10,M4
M4-E17,3,11,M4
M4-E17,4,10,M4
M4-E17,5,11,M4
M4-E17,6,10,M4
M4-E17,7,11,M4
M4-E17,8,10,M4
M4-E17,9,11,M4
M4-E17,10,10,M4
M4-E17,11,11,M4
M4-E17,12,10,M4
M4-E17,13,11,M4
M4-E17,14,10,M4
M4-E17,15,11,M4
M4-E17,16,10,M4
M4-E17,17,11,M4
M4-E17,18,10,M4
M4-E17,19,11,M4
M4-E17,20,10,M4
M4-E17,21,11,M4
M4-E17,22,10,M4
M4-E17,23,11,M4
M4-E17,24,10,M4
M4-E17,25,11,M4
M4-E17,26,10,M4
M4-E17,27,11,M4
M4-E17,28,10,M4
M4-E17,29,11,M4
M4-E17,30,10,M4
M4-E17,31,11,M4
M4-E17,32,10,M4
M4-E17,33,11,M4
M4-E17,34,10,M4
M4-E17,35,11,M4
M4-E17,36,10,M4
M4-E17,37,11,M4
M4-E17,38,10,M4
M4-E17,39,11,M4
M4-E17,40,10,M4
M4-E17,41,11,M4
M4-E17,42,10,M4
M4-E17,43,11,M4
M4-E17,44,10,M4
M4-E17,45,11,M4
M4-E17,46,10,M4
M4-E17,47,11,M4
M4-E17,48,10,M4
M4-E17,49,11,M4
M4-E17,50,10,M4
M4-E17,51,11,M4
M4-E17,52,10,M4
M4-E17,53,11,M4
M4-E17,54,10,M4
M4-E17,55,11,M4
M4-E17,56,10,M4
M4-E17,57,11,M4
M4-E17,58,10,M4
M4-E17,59,11,M4
M4-E17,60,10,M4
M4-E17,61,11,M4
M4-E17,62,10,M4
M4-E17,63,11,M4
M4-E17,64,10,M4
M4-E17,65,11,M4
M4-E17,66,10,M4
M4-E17,67,11,M4
M4-E17,68,10,M4
M4-E17,69,11,M4
M4-E17,70,10,M4
M4-E17,71,11,M4
M4-E17,72,10,M4
M4-E17,73,11,M4
M4-E17,74,10,M4
M4-E17,75,11,M4
M4-E17,76,10,M4
M4-E17,77,11,M4
M4-E17,78,10,M4
M4-E17,79,11,M4
M4-E17,80,10,M4
M4-E17,81,11,M4
M4-E17,82,10,M4
M4-E17,83,11,M4
M4-E17,84,10,M4
M4-E17,85,11,M4
M4-E17,86,10,M4
M4-E17,87,11,M4
M4-E17,88,10,M4
M4-E17,89,11,M4
M4-E17,90,10,M4
M4-E17,91,11,M4
M4-E17,92,10,M4
M4-E17,93,11,M4
M4-E17,94,10,M4
M4-E17,95,11,M4
M4-E17,96,10,M4
M4-E17,97,11,M4
M4-E17,98,10,M4
M4-E17,99,11,M4
M1-E09,0,17,M1
M1-E09,1,17,M1
M1-E09,2,17,M1
M1-E09,3,17,M1
M1-E09,4,17,M1
M1-E09,5,17,M1
M1-E09,6,17,M1
M1-E09,7,17,M1
M1-E09,8,17,M1
M1-E09,9,17,M1
M1-E09,10,17,M1
M1-E09,11,17,M1
M1-E09,12,17,M1
M1-E09,13,17,M1
M1-E09,14,17,M1
M1-E09,15,17,M1
M1-E09,16,17,M1
M1-E09,17,17,M1
M1-E09,18,17,M1
M1-E09,19,17,M1
M1-E09,20,17,M1
M1-E09,21,17,M1
M1-E09,22,17,M1
M1-E09,23,17,M1
M1-E09,24,17,M1
M1-E09,25,17,M1
M1-E09,26,17,M1
M1-E09,27,17,M1
M1-E09,28,17,M1
M1-E09,29,17,M1
M1-E09,30,17,M1
M1-E09,31,17,M1
M1-E09,32,17,M1
M1-E09,33,17,M1
M1-E09,34,17,M1
M1-E09,35,17,M1
M1-E09,36,17,M1
M1-E09,37,17,M1
M1-E09,38,17,M1
M1-E09,39,17,M1
M1-E09,40,17,M1
M1-E09,41,17,M1
M1-E09,42,17,M1
M1-E09,43,17,M1
M1-E09,44,17,M1
M1-E09,45,17,M1
M1-E09,46,17,M1
M1-E09,47,17,M1
M1-E09,48,17,M1
M1-E09,49,23,M1
M1-E09,50,17,M1
M1-E09,51,17,M1
M1-E09,52,17,M1
M1-E09,53,17,M1
M1-E09,54,17,M1
M1-E09,55,17,M1
M1-E09,56,17,M1
M1-E09,57,17,M1
M1-E09,58,17,M1
M1-E09,59,17,M1
M1-E09,60,17,M1
M1-E09,61,17,M1
M1-E09,62,17,M1
M1-E09,63,17,M1
M1-E09,64,17,M1
M1-E09,65,17,M1
M1-E09,66,17,M1
M1-E09,67,17,M1
M1-E09,68,17,M1
M1-E09,69,17,M1
M1-E09,70,17,M1
M1-E09,71,17,M1
M1-E09,72,17,M1
M1-E09,73,17,M1
M1-E09,74,17,M1
M1-E09,75,17,M1
M1-E09,76,17,M1
M1-E09,77,17,M1
M1-E09,78,17,M1
M1-E09,79,17,M1
M1-E09,80,17,M1
M1-E09,81,17,M1
M1-E09,82,17,M1
M1-E09,83,17,M1
M1-E09,84,17,M1
M1-E09,85,17,M1
M1-E09,86,17,M1
M1-E09,87,17,M1
M1-E09,88,17,M1
M1-E09,89,17,M1
M1-E09,90,17,M1
M1-E09,91,17,M1
M1-E09,92,17,M1
M1-E09,93,17,M1
M1-E09,94,17,M1
M1-E09,95,17,M1
M1-E09,96,17,M1
M1-E09,97,17,M1
M1-E09,98,17,M1
M1-E09,99,17,M1
M6-E11,0,31,M6
M6-E11,1,31,M6
M6-E11,2,31,M6
M6-E11,3,31,M6
M6-E11,4,31,M6
M6-E11,5,31,M6
M6-E11,6,31,M6
M6-E11,7,31,M6
M6-E11,8,31,M6
M6-E11,9,31,M6
M6-E11,10,31,M6
M6-E11,11,31,M6
M6-E11,12,31,M6
M6-E11,13,31,M6
M6-E11,14,31,M6
M6-E11,15,31,M6
M6-E11,16,31,M6
M6-E11,17,31,M6
M6-E11,18,31,M6
M6-E11,19,31,M6
M6-E11,20,31,M6
M6-E11,21,31,M6
M6-E11,22,31,M6
M6-E11,23,31,M6
M6-E11,24,31,M6
M6-E11,25,31,M6
M6-E11,26,31,M6
M6-E11,27,31,M6
M6-E11,28,31,M6
M6-E11,29,31,M6
M6-E11,30,31,M6
M6-E11,31,31,M6
M6-E11,32,31,M6
M6-E11,33,31,M6
M6-E11,34,31,M6
M6-E11,35,31,M6
M6-E11,36,31,M6
M6-E11,37,31,M6
M6-E11,38,31,M6
M6-E11,39,31,M6
M6-E11,40,31,M6
M6-E11,41,31,M6
M6-E11,42,31,M6
M6-E11,43,31,M6
M6-E11,44,31,M6
M6-E11,45,31,M6
M6-E11,46,31,M6
M6-E11,47,31,M6
M6-E11,48,31,M6
M6-E11,49,31,M6
M6-E11,50,31,M6
M6-E11,51,31,M6
M6-E11,52,31,M6
M6-E11,53,31,M6
M6-E11,54,31,M6
M6-E11,55,31,M6
M6-E11,56,31,M6
M6-E11,57,31,M6
M6-E11,58,31,M6
M6-E11,59,31,M6
M6-E11,60,31,M6
M6-E11,61,31,M6
M6-E11,62,31,M6
M6-E11,63,31,M6
M6-E11,64,31,M6
M6-E11,65,31,M6
M6-E11,66,31,M6
M6-E11,67,31,M6
M6-E11,68,31,M6
M6-E11,69,31,M6
M6-E11,70,31,M6
M6-E11,71,31,M6
M6-E11,72,31,M6
M6-E11,73,31,M6
M6-E11,74,31,M6
M6-E11,75,31,M6
M6-E11,76,31,M6
M6-E11,77,31,M6
M6-E11,78,31,M6
M6-E11,79,31,M6
M6-E11,80,31,M6
M6-E11,81,31,M6
M6-E11,82,31,M6
M6-E11,83,31,M6
M6-E11,84,31,M6
M6-E11,85,31,M6
M6-E11,86,31,M6
M6-E11,87,31,M6
M6-E11,88,31,M6
M6-E11,89,31,M6
M6-E11,90,31,M6
M6-E11,91,31,M6
M6-E11,92,31,M6
M6-E11,93,31,M6
M6-E11,94,31,M6
M6-E11,95,31,M6
M6-E11,96,31,M6
M6-E11,97,31,M6
M6-E11,98,31,M6
M6-E11,99,31,M6
M5-E10,0,10,M5
M5-E10,1,12,M5
M5-E10,2,10,M5
M5-E10,3,12,M5
M5-E10,4,10,M5
M5-E10,5,12,M5
M5-E10,6,10,M5
M5-E10,7,12,M5
M5-E10,8,10,M5
M5-E10,9,12,M5
M5-E10,10,10,M5
M5-E10,11,12,M5
M5-E10,12,10,M5
M5-E10,13,12,M5
M5-E10,14,10,M5
M5-E10,15,12,M5
M5-E10,16,10,M5
M5-E10,17,12,M5
M5-E10,18,10,M5
M5-E10,19,12,M5
M5-E10,20,10,M5
M5-E10,21,12,M5
M5-E10,22,10,M5
M5-E10,23,12,M5
M5-E10,24,10,M5
M5-E10,25,12,M5
M5-E10,26,10,M5
M5-E10,27,12,M5
M5-E10,28,10,M5
M5-E10,29,12,M5
M5-E10,30,10,M5
M5-E10,31,12,M5
M5-E10,32,10,M5
M5-E10,33,12,M5
M5-E10,34,10,M5
M5-E10,35,12,M5
M5-E10,36,10,M5
M5-E10,37,12,M5
M5-E10,38,10,M5
M5-E10,39,12,M5
M5-E10,40,10,M5
M5-E10,41,12,M5
M5-E10,42,10,M5
M5-E10,43,12,M5
M5-E10,44,10,M5
M5-E10,45,12,M5
M5-E10,46,10,M5
M5-E10,47,12,M5
M5-E10,48,10,M5
M5-E10,49,12,M5
M5-E10,50,10,M5
M5-E10,51,12,M5
M5-E10,52,10,M5
M5-E10,53,12,M5
M5-E10,54,10,M5
M5-E10,55,12,M5
M5-E10,56,10,M5
M5-E10,57,12,M5
M5-E10,58,10,M5
M5-E10,59,12,M5
M5-E10,60,10,M5
M5-E10,61,12,M5
M5-E10,62,10,M5
M5-E10,63,12,M5
M5-E10,64,10,M5
M5-E10,65,12,M5
M5-E10,66,10,M5
M5-E10,67,12,M5
M5-E10,68,10,M5
M5-E10,69,12,M5
M5-E10,70,10,M5
M5-E10,71,12,M5
M5-E10,72,10,M5
M5-E10,73,12,M5
M5-E10,74,10,M5
M5-E10,75,12,M5
M5-E10,76,10,M5
M5-E10,77,12,M5
M5-E10,78,10,M5
M5-E10,79,12,M5
M5-E10,80,10,M5
M5-E10,81,12,M5
M5-E10,82,10,M5
M5-E10,83,12,M5
M5-E10,84,10,M5
M5-E10,85,12,M5
M5-E10,86,10,M5
M5-E10,87,12,M5
M5-E10,88,10,M5
M5-E10,89,12,M5
M5-E10,90,10,M5
M5-E10,91,12,M5
M5-E10,92,10,M5
M5-E10,93,12,M5
M5-E10,94,10,M5
M5-E10,95,12,M5
M5-E10,96,10,M5
M5-E10,97,12,M5
M5-E10,98,10,M5
M5-E10,99,12,M5
M4-E09,0,10,M4
M4-E09,1,11,M4
M4-E09,2,10,M4
M4-E09,3,11,M4
M4-E09,4,10,M4
M4-E09,5,11,M4
M4-E09,6,10,M4
M4-E09,7,11,M4
M4-E09,8,10,M4
M4-E09,9,11,M4
M4-E09,10,10,M4
M4-E09,11,11,M4
M4-E09,12,10,M4
M4-E09,13,11,M4
M4-E09,14,10,M4
M4-E09,15,11,M4
M4-E09,16,10,M4
M4-E09,17,11,M4
M4-E09,18,10,M4
M4-E09,19,11,M4
M4-E09,20,10,M4
M4-E09,21,11,M4
M4-E09,22,10,M4
M4-E09,23,11,M4
M4-E09,24,10,M4
M4-E09,25,11,M4
M4-E09,26,10,M4
M4-E09,27,11,M4
M4-E09,28,10,M4
M4-E09,29,11,M4
M4-E09,30,10,M4
M4-E09,31,11,M4
M4-E09,32,10,M4
M4-E09,33,11,M4
M4-E09,34,10,M4
M4-E09,35,11,M4
M4-E09,36,10,M4
M4-E09,37,11,M4
M4-E09,38,10,M4
M4-E09,39,11,M4
M4-E09,40,10,M4
M4-E09,41,11,M4
M4-E09,42,10,M4
M4-E09,43,11,M4
M4-E09,44,10,M4
M4-E09,45,11,M4
M4-E09,46,10,M4
M4-E09,47,11,M4
M4-E09,48,10,M4
M4-E09,49,11,M4
M4-E09,50,10,M4
M4-E09,51,11,M4
M4-E09,52,10,M4
M4-E09,53,11,M4
M4-E09,54,10,M4
M4-E09,55,11,M4
M4-E09,56,10,M4
M4-E09,57,11,M4
M4-E09,58,10,M4
M4-E09,59,11,M4
M4-E09,60,10,M4
M4-E09,61,11,M4
M4-E09,62,10,M4
M4-E09,63,11,M4
M4-E09,64,10,M4
M4-E09,65,11,M4
M4-E09,66,10,M4
M4-E09,67,11,M4
M4-E09,68,10,M4
M4-E09,69,11,M4
M4-E09,70,10,M4
M4-E09,71,11,M4
M4-E09,72,10,M4
M4-E09,73,11,M4
M4-E09,74,10,M4
M4-E09,75,11,M4
M4-E09,76,10,M4
M4-E09,77,11,M4
M4-E09,78,10,M4
M4-E09,79,11,M4
M4-E09,80,10,M4
M4-E09,81,11,M4
M4-E09,82,10,M4
M4-E09,83,11,M4
M4-E09,84,10,M4
M4-E09,85,11,M4
M4-E09,86,10,M4
M4-E09,87,11,M4
M4-E09,88,10,M4
M4-E09,89,11,M4
M4-E09,90,10,M4
M4-E09,91,11,M4
M4-E09,92,10,M4
M4-E09,93,11,M4
M4-E09,94,10,M4
M4-E09,95,11,M4
M4-E09,96,10,M4
M4-E09,97,11,M4
M4-E09,98,10,M4
M4-E09,99,11,M4
M5-E18,0,10,M5
M5-E18,1,12,M5
M5-E18,2,10,M5
M5-E18,3,12,M5
M5-E18,4,10,M5
M5-E18,5,12,M5
M5-E18,6,10,M5
M5-E18,7,12,M5
M5-E18,8,10,M5
M5-E18,9,12,M5
M5-E18,10,10,M5
M5-E18,11,12,M5
M5-E18,12,10,M5
M5-E18,13,12,M5
M5-E18,14,10,M5
M5-E18,15,12,M5
M5-E18,16,10,M5
M5-E18,17,12,M5
M5-E18,18,10,M5
M5-E18,19,12,M5
M5-E18,20,10,M5
M5-E18,21,12,M5
M5-E18,22,10,M5
M5-E18,23,12,M5
M5-E18,24,10,M5
M5-E18,25,12,M5
M5-E18,26,10,M5
M5-E18,27,12,M5
M5-E18,28,10,M5
M5-E18,29,12,M5
M5-E18,30,10,M5
M5-E18,31,12,M5
M5-E18,32,10,M5
M5-E18,33,12,M5
M5-E18,34,10,M5
M5-E18,35,12,M5
M5-E18,36,10,M5
M5-E18,37,12,M5
M5-E18,38,10,M5
M5-E18,39,12,M5
M5-E18,40,10,M5
M5-E18,41,12,M5
M5-E18,42,10,M5
M5-E18,43,12,M5
M5-E18,44,10,M5
M5-E18,45,12,M5
M5-E18,46,10,M5
M5-E18,47,12,M5
M5-E18,48,10,M5
M5-E18,49,12,M5
M5-E18,50,10,M5
M5-E18,51,12,M5
M5-E18,52,10,M5
M5-E18,53,12,M5
M5-E18,54,10,M5
M5-E18,55,12,M5
M5-E18,56,10,M5
M5-E18,57,12,M5
M5-E18,58,10,M5
M5-E18,59,12,M5
M5-E18,60,10,M5
M5-E18,61,12,M5
M5-E18,62,10,M5
M5-E18,63,12,M5
M5-E18,64,10,M5
M5-E18,65,12,M5
M5-E18,66,10,M5
M5-E18,67,12,M5
M5-E18,68,10,M5
M5-E18,69,12,M5
M5-E18,70,10,M5
M5-E18,71,12,M5
M5-E18,72,10,M5
M5-E18,73,12,M5
M5-E18,74,10,M5
M5-E18,75,12,M5
M5-E18,76,10,M5
M5-E18,77,12,M5
M5-E18,78,10,M5
M5-E18,79,12,M5
M5-E18,80,10,M5
M5-E18,81,12,M5
M5-E18,82,10,M5
M5-E18,83,12,M5
M5-E18,84,10,M5
M5-E18,85,12,M5
M5-E18,86,10,M5
M5-E18,87,12,M5
M5-E18,88,10,M5
M5-E18,89,12,M5
M5-E18,90,10,M5
M5-E18,91,12,M5
M5-E18,92,10,M5
M5-E18,93,12,M5
M5-E18,94,10,M5
M5-E18,95,12,M5
M5-E18,96,10,M5
M5-E18,97,12,M5
M5-E18,98,10,M5
M5-E18,99,12,M5
M6-E10,0,30,M6
M6-E10,1,30,M6
M6-E10,2,30,M6
M6-E10,3,30,M6
M6-E10,4,30,M6
M6-E10,5,30,M6
M6-E10,6,30,M6
M6-E10,7,30,M6
M6-E10,8,30,M6
M6-E10,9,30,M6
M6-E10,10,30,M6
M6-E10,11,30,M6
M6-E10,12,30,M6
M6-E10,13,30,M6
M6-E10,14,30,M6
M6-E10,15,30,M6
M6-E10,16,30,M6
M6-E10,17,30,M6
M6-E10,18,30,M6
M6-E10,19,30,M6
M6-E10,20,30,M6
M6-E10,21,30,M6
M6-E10,22,30,M6
M6-E10,23,30,M6
M6-E10,24,30,M6
M6-E10,25,30,M6
M6-E10,26,30,M6
M6-E10,27,30,M6
M6-E10,28,30,M6
M6-E10,29,30,M6
M6-E10,30,30,M6
M6-E10,31,30,M6
M6-E10,32,30,M6
M6-E10,33,30,M6
M6-E10,34,30,M6
M6-E10,35,30,M6
M6-E10,36,30,M6
M6-E10,37,30,M6
M6-E10,38,30,M6
M6-E10,39,30,M6
M6-E10,40,30,M6
M6-E10,41,30,M6
M6-E10,42,30,M6
M6-E10,43,30,M6
M6-E10,44,30,M6
M6-E10,45,30,M6
M6-E10,46,30,M6
M6-E10,47,30,M6
M6-E10,48,30,M6
M6-E10,49,30,M6
M6-E10,50,30,M6
M6-E10,51,30,M6
M6-E10,52,30,M6
M6-E10,53,30,M6
M6-E10,54,30,M6
M6-E10,55,30,M6
M6-E10,56,30,M6
M6-E10,57,30,M6
M6-E10,58,30,M6
M6-E10,59,30,M6
M6-E10,60,30,M6
M6-E10,61,30,M6
M6-E10,62,30,M6
M6-E10,63,30,M6
M6-E10,64,30,M6
M6-E10,65,30,M6
M6-E10,66,30,M6
M6-E10,67,30,M6
M6-E10,68,30,M6
M6-E10,69,30,M6
M6-E10,70,30,M6
M6-E10,71,30,M6
M6-E10,72,30,M6
M6-E10,73,30,M6
M6-E10,74,30,M6
M6-E10,75,30,M6
M6-E10,76,30,M6
M6-E10,77,30,M6
M6-E10,78,30,M6
M6-E10,79,30,M6
M6-E10,80,30,M6
M6-E10,81,30,M6
M6-E10,82,30,M6
M6-E10,83,30,M6
M6-E10,84,30,M6
M6-E10,85,30,M6
M6-E10,86,30,M6
M6-E10,87,30,M6
M6-E10,88,30,M6
M6-E10,89,30,M6
M6-E10,90,30,M6
M6-E10,91,30,M6
M6-E10,92,30,M6
M6-E10,93,30,M6
M6-E10,94,30,M6
M6-E10,95,30,M6
M6-E10,96,30,M6
M6-E10,97,30,M6
M6-E10,98,30,M6
M6-E10,99,30,M6
M7-E00,0,17,M7
M7-E00,1,17,M7
M7-E00,2,17,M7
M7-E00,3,17,M7
M7-E00,4,17,M7
M7-E00,5,17,M7
M7-E00,6,17,M7
M7-E00,7,17,M7
M7-E00,8,17,M7
M7-E00,9,17,M7
M7-E00,10,17,M7
M7-E00,11,17,M7
M7-E00,12,17,M7
M7-E00,13,17,M7
M7-E00,14,17,M7
M7-E00,15,17,M7
M7-E00,16,17,M7
M7-E00,17,17,M7
M7-E00,18,17,M7
M7-E00,19,17,M7
M7-E00,20,17,M7
M7-E00,21,17,M7
M7-E00,22,17,M7
M7-E00,23,17,M7
M7-E00,24,17,M7
M7-E00,25,17,M7
M7-E00,26,17,M7
M7-E00,27,17,M7
M7-E00,28,17,M7
M7-E00,29,17,M7
M7-E00,30,17,M7
M7-E00,31,17,M7
M7-E00,32,17,M7
M7-E00,33,17,M7
M7-E00,34,17,M7
M7-E00,35,17,M7
M7-E00,36,17,M7
M7-E00,37,17,M7
M7-E00,38,17,M7
M7-E00,39,17,M7
M7-E00,40,17,M7
M7-E00,41,17,M7
M7-E00,42,17,M7
M7-E00,43,17,M7
M7-E00,44,17,M7
M7-E00,45,17,M7
M7-E00,46,17,M7
M7-E00,47,17,M7
M7-E00,48,17,M7
M7-E00,49,17,M7
M7-E00,50,17,M7
M7-E00,51,17,M7
M7-E00,52,17,M7
M7-E00,53,17,M7
M7-E00,54,17,M7
M7-E00,55,17,M7
M7-E00,56,17,M7
M7-E00,57,17,M7
M7-E00,58,17,M7
M7-E00,59,17,M7
M7-E00,60,17,M7
M7-E00,61,17,M7
M7-E00,62,17,M7
M7-E00,63,17,M7
M7-E00,64,17,M7
M7-E00,65,17,M7
M7-E00,66,17,M7
M7-E00,67,17,M7
M7-E00,68,17,M7
M7-E00,69,17,M7
M7-E00,70,17,M7
M7-E00,71,17,M7
M7-E00,72,17,M7
M7-E00,73,17,M7
M7-E00,74,17,M7
M7-E00,75,17,M7
M7-E00,76,17,M7
M7-E00,77,17,M7
M7-E00,78,17,M7
M7-E00,79,17,M7
M7-E00,80,17,M7
M7-E00,81,17,M7
M7-E00,82,17,M7
M7-E00,83,17,M7
M7-E00,84,17,M7
M7-E00,85,17,M7
M7-E00,86,17,M7
M7-E00,87,17,M7
M7-E00,88,17,M7
M7-E00,89,17,M7
M7-E00,90,17,M7
M7-E00,91,17,M7
M7-E00,92,17,M7
M7-E00,93,17,M7
M7-E00,94,17,M7
M7-E00,95,17,M7
M7-E00,96,17,M7
M7-E00,97,17,M7
M7-E00,98,17,M7
M7-E00,99,17,M7
M5-E09,0,10,M5
M5-E09,1,12,M5
M5-E09,2,10,M5
M5-E09,3,12,M5
M5-E09,4,10,M5
M5-E09,5,12,M5
M5-E09,6,10,M5
M5-E09,7,12,M5
M5-E09,8,10,M5
M5-E09,9,12,M5
M5-E09,10,10,M5
M5-E09,11,12,M5
M5-E09,12,10,M5
M5-E09,13,12,M5
M5-E09,14,10,M5
M5-E09,15,12,M5
M5-E09,16,10,M5
M5-E09,17,12,M5
M5-E09,18,10,M5
M5-E09,19,12,M5
M5-E09,20,10,M5
M5-E09,21,12,M5
M5-E09,22,10,M5
M5-E09,23,12,M5
M5-E09,24,10,M5
M5-E09,25,12,M5
M5-E09,26,10,M5
M5-E09,27,12,M5
M5-E09,28,10,M5
M5-E09,29,12,M5
M5-E09,30,10,M5
M5-E09,31,12,M5
M5-E09,32,10,M5
M5-E09,33,12,M5
M5-E09,34,10,M5
M5-E09,35,12,M5
M5-E09,36,10,M5
M5-E09,37,12,M5
M5-E09,38,10,M5
M5-E09,39,12,M5
M5-E09,40,10,M5
M5-E09,41,12,M5
M5-E09,42,10,M5
M5-E09,43,12,M5
M5-E09,44,10,M5
M5-E09,45,12,M5
M5-E09,46,10,M5
M5-E09,47,12,M5
M5-E09,48,10,M5
M5-E09,49,12,M5
M5-E09,50,10,M5
M5-E09,51,12,M5
M5-E09,52,10,M5
M5-E09,53,12,M5
M5-E09,54,10,M5
M5-E09,55,12,M5
M5-E09,56,10,M5
M5-E09,57,12,M5
M5-E09,58,10,M5
M5-E09,59,12,M5
M5-E09,60,10,M5
M5-E09,61,12,M5
M5-E09,62,10,M5
M5-E09,63,12,M5
M5-E09,64,10,M5
M5-E09,65,12,M5
M5-E09,66,10,M5
M5-E09,67,12,M5
M5-E09,68,10,M5
M5-E09,69,12,M5
M5-E09,70,10,M5
M5-E09,71,12,M5
M5-E09,72,10,M5
M5-E09,73,12,M5
M5-E09,74,10,M5
M5-E09,75,12,M5
M5-E09,76,10,M5
M5-E09,77,12,M5
M5-E09,78,10,M5
M5-E09,79,12,M5
M5-E09,80,10,M5
M5-E09,81,12,M5
M5-E09,82,10,M5
M5-E09,83,12,M5
M5-E09,84,10,M5
M5-E09,85,12,M5
M5-E09,86,10,M5
M5-E09,87,12,M5
M5-E09,88,10,M5
M5-E09,89,12,M5
M5-E09,90,10,M5
M5-E09,91,12,M5
M5-E09,92,10,M5
M5-E09,93,12,M5
M5-E09,94,10,M5
M5-E09,95,12,M5
M5-E09,96,10,M5
M5-E09,97,12,M5
M5-E09,98,10,M5
M5-E09,99,12,M5
M4-E11,0,10,M4
M4-E11,1,11,M4
M4-E11,2,10,M4
M4-E11,3,11,M4
M4-E11,4,10,M4
M4-E11,5,11,M4
M4-E11,6,10,M4
M4-E11,7,11,M4
M4-E11,8,10,M4
M4-E11,9,11,M4
M4-E11,10,10,M4
M4-E11,11,11,M4
M4-E11,12,10,M4
M4-E11,13,11,M4
M4-E11,14,10,M4
M4-E11,15,11,M4
M4-E11,16,10,M4
M4-E11,17,11,M4
M4-E11,18,10,M4
M4-E11,19,11,M4
M4-E11,20,10,M4
M4-E11,21,11,M4
M4-E11,22,10,M4
M4-E11,23,11,M4
M4-E11,24,10,M4
M4-E11,25,11,M4
M4-E11,26,10,M4
M4-E11,27,11,M4
M4-E11,28,10,M4
M4-E11,29,11,M4
M4-E11,30,10,M4
M4-E11,31,11,M4
M4-E11,32,10,M4
M4-E11,33,11,M4
M4-E11,34,10,M4
M4-E11,35,11,M4
M4-E11,36,10,M4
M4-E11,37,11,M4
M4-E11,38,10,M4
M4-E11,39,11,M4
M4-E11,40,10,M4
M4-E11,41,11,M4
M4-E11,42,10,M4
M4-E11,43,11,M4
M4-E11,44,10,M4
M4-E11,45,11,M4
M4-E11,46,10,M4
M4-E11,47,11,M4
M4-E11,48,10,M4
M4-E11,49,11,M4
M4-E11,50,10,M4
M4-E11,51,11,M4
M4-E11,52,10,M4
M4-E11,53,11,M4
M4-E11,54,10,M4
M4-E11,55,11,M4
M4-E11,56,10,M4
M4-E11,57,11,M4
M4-E11,58,10,M4
M4-E11,59,11,M4
M4-E11,60,10,M4
M4-E11,61,11,M4
M4-E11,62,10,M4
M4-E11,63,11,M4
M4-E11,64,10,M4
M4-E11,65,11,M4
M4-E11,66,10,M4
M4-E11,67,11,M4
M4-E11,68,10,M4
M4-E11,69,11,M4
M4-E11,70,10,M4
M4-E11,71,11,M4
M4-E11,72,10,M4
M4-E11,73,11,M4
M4-E11,74,10,M4
M4-E11,75,11,M4
M4-E11,76,10,M4
M4-E11,77,11,M4
M4-E11,78,10,M4
M4-E11,79,11,M4
M4-E11,80,10,M4
M4-E11,81,11,M4
M4-E11,82,10,M4
M4-E11,83,11,M4
M4-E11,84,10,M4
M4-E11,85,11,M4
M4-E11,86,10,M4
M4-E11,87,11,M4
M4-E11,88,10,M4
M4-E11,89,11,M4
M4-E11,90,10,M4
M4-E11,91,11,M4
M4-E11,92,10,M4
M4-E11,93,11,M4
M4-E11,94,10,M4
M4-E11,95,11,M4
M4-E11,96,10,M4
M4-E11,97,11,M4
M4-E11,98,10,M4
M4-E11,99,11,M4
M2-E15,0,23,M2
M2-E15,1,23,M2
M2-E15,2,23,M2
M2-E15,3,23,M2
M2-E15,4,23,M2
M2-E15,5,23,M2
M2-E15,6,23,M2
M2-E15,7,23,M2
M2-E15,8,23,M2
M2-E15,9,23,M2
M2-E15,10,17,M2
M2-E15,11,23,M2
M2-E15,12,23,M2
M2-E15,13,17,M2
M2-E15,14,17,M2
M2-E15,15,17,M2
M2-E15,16,17,M2
M2-E15,17,17,M2
M2-E15,18,23,M2
M2-E15,19,17,M2
M2-E15,20,23,M2
M2-E15,21,17,M2
M2-E15,22,23,M2
M2-E15,23,23,M2
M2-E15,24,17,M2
M2-E15,25,17,M2
M2-E15,26,17,M2
M2-E15,27,23,M2
M2-E15,28,17,M2
M2-E15,29,23,M2
M2-E15,30,17,M2
M2-E15,31,23,M2
M2-E15,32,17,M2
M2-E15,33,17,M2
M2-E15,34,17,M2
M2-E15,35,23,M2
M2-E15,36,17,M2
M2-E15,37,17,M2
M2-E15,38,23,M2
M2-E15,39,17,M2
M2-E15,40,17,M2
M2-E15,41,17,M2
M2-E15,42,17,M2
M2-E15,43,17,M2
M2-E15,44,17,M2
M2-E15,45,23,M2
M2-E15,46,23,M2
M2-E15,47,23,M2
M2-E15,48,17,M2
M2-E15,49,23,M2
M2-E15,50,17,M2
M2-E15,51,23,M2
M2-E15,52,23,M2
M2-E15,53,17,M2
M2-E15,54,23,M2
M2-E15,55,23,M2
M2-E15,56,17,M2
M2-E15,57,23,M2
M2-E15,58,23,M2
M2-E15,59,17,M2
M2-E15,60,17,M2
M2-E15,61,23,M2
M2-E15,62,17,M2
M2-E15,63,17,M2
M2-E15,64,17,M2
M2-E15,65,23,M2
M2-E15,66,23,M2
M2-E15,67,23,M2
M2-E15,68,23,M2
M2-E15,69,23,M2
M2-E15,70,17,M2
M2-E15,71,17,M2
M2-E15,72,17,M2
M2-E15,73,17,M2
M2-E15,74,17,M2
M2-E15,75,17,M2
M2-E15,76,17,M2
M2-E15,77,23,M2
M2-E15,78,23,M2
M2-E15,79,17,M2
M2-E15,80,23,M2
M2-E15,81,23,M2
M2-E15,82,17,M2
M2-E15,83,23,M2
M2-E15,84,23,M2
M2-E15,85,23,M2
M2-E15,86,23,M2
M2-E15,87,23,M2
M2-E15,88,23,M2
M2-E15,89,23,M2
M2-E15,90,17,M2
M2-E15,91,23,M2
M2-E15,92,23,M2
M2-E15,93,17,M2
M2-E15,94,17,M2
M2-E15,95,17,M2
M2-E15,96,17,M2
M2-E15,97,17,M2
M2-E15,98,17,M2
M2-E15,99,17,M2
M6-E05,0,35,M6
M6-E05,1,35,M6
M6-E05,2,35,M6
M6-E05,3,35,M6
M6-E05,4,35,M6
M6-E05,5,35,M6
M6-E05,6,35,M6
M6-E05,7,35,M6
M6-E05,8,35,M6
M6-E05,9,35,M6
M6-E05,10,35,M6
M6-E05,11,35,M6
M6-E05,12,35,M6
M6-E05,13,35,M6
M6-E05,14,35,M6
M6-E05,15,35,M6
M6-E05,16,35,M6
M6-E05,17,35,M6
M6-E05,18,35,M6
M6-E05,19,35,M6
M6-E05,20,35,M6
M6-E05,21,35,M6
M6-E05,22,35,M6
M6-E05,23,35,M6
M6-E05,24,35,M6
M6-E05,25,35,M6
M6-E05,26,35,M6
M6-E05,27,35,M6
M6-E05,28,35,M6
M6-E05,29,35,M6
M6-E05,30,35,M6
M6-E05,31,35,M6
M6-E05,32,35,M6
M6-E05,33,35,M6
M6-E05,34,35,M6
M6-E05,35,35,M6
M6-E05,36,35,M6
M6-E05,37,35,M6
M6-E05,38,35,M6
M6-E05,39,35,M6
M6-E05,40,35,M6
M6-E05,41,35,M6
M6-E05,42,35,M6
M6-E05,43,35,M6
M6-E05,44,35,M6
M6-E05,45,35,M6
M6-E05,46,35,M6
M6-E05,47,35,M6
M6-E05,48,35,M6
M6-E05,49,35,M6
M6-E05,50,35,M6
M6-E05,51,35,M6
M6-E05,52,35,M6
M6-E05,53,35,M6
M6-E05,54,35,M6
M6-E05,55,35,M6
M6-E05,56,35,M6
M6-E05,57,35,M6
M6-E05,58,35,M6
M6-E05,59,35,M6
M6-E05,60,35,M6
M6-E05,61,35,M6
M6-E05,62,35,M6
M6-E05,63,35,M6
M6-E05,64,35,M6
M6-E05,65,35,M6
M6-E05,66,35,M6
M6-E05,67,35,M6
M6-E05,68,35,M6
M6-E05,69,35,M6
M6-E05,70,35,M6
M6-E05,71,35,M6
M6-E05,72,35,M6
M6-E05,73,35,M6
M6-E05,74,35,M6
M6-E05,75,35,M6
M6-E05,76,35,M6
M6-E05,77,35,M6
M6-E05,78,35,M6
M6-E05,79,35,M6
M6-E05,80,35,M6
M6-E05,81,35,M6
M6-E05,82,35,M6
M6-E05,83,35,M6
M6-E05,84,35,M6
M6-E05,85,35,M6
M6-E05,86,35,M6
M6-E05,87,35,M6
M6-E05,88,35,M6
M6-E05,89,35,M6
M6-E05,90,35,M6
M6-E05,91,35,M6
M6-E05,92,35,M6
M6-E05,93,35,M6
M6-E05,94,35,M6
M6-E05,95,35,M6
M6-E05,96,35,M6
M6-E05,97,35,M6
M6-E05,98,35,M6
M6-E05,99,35,M6
M2-E00,0,17,M2
M2-E00,1,23,M2
M2-E00,2,17,M2
M2-E00,3,17,M2
M2-E00,4,17,M2
M2-E00,5,17,M2
M2-E00,6,23,M2
M2-E00,7,23,M2
M2-E00,8,17,M2
M2-E00,9,17,M2
M2-E00,10,17,M2
M2-E00,11,17,M2
M2-E00,12,23,M2
M2-E00,13,17,M2
M2-E00,14,23,M2
M2-E00,15,17,M2
M2-E00,16,17,M2
M2-E00,17,17,M2
M2-E00,18,23,M2
M2-E00,19,23,M2
M2-E00,20,23,M2
M2-E00,21,23,M2
M2-E00,22,17,M2
M2-E00,23,17,M2
M2-E00,24,23,M2
M2-E00,25,23,M2
M2-E00,26,17,M2
M2-E00,27,23,M2
M2-E00,28,23,M2
M2-E00,29,23,M2
M2-E00,30,23,M2
M2-E00,31,17,M2
M2-E00,32,17,M2
M2-E00,33,17,M2
M2-E00,34,23,M2
M2-E00,35,17,M2
M2-E00,36,23,M2
M2-E00,37,23,M2
M2-E00,38,23,M2
M2-E00,39,17,M2
M2-E00,40,23,M2
M2-E00,41,23,M2
M2-E00,42,17,M2
M2-E00,43,17,M2
M2-E00,44,23,M2
M2-E00,45,23,M2
M2-E00,46,17,M2
M2-E00,47,17,M2
M2-E00,48,17,M2
M2-E00,49,17,M2
M2-E00,50,23,M2
M2-E00,51,23,M2
M2-E00,52,17,M2
M2-E00,53,23,M2
M2-E00,54,17,M2
M2-E00,55,17,M2
M2-E00,56,17,M2
M2-E00,57,17,M2
M2-E00,58,17,M2
M2-E00,59,17,M2
M2-E00,60,23,M2
M2-E00,61,23,M2
M2-E00,62,23,M2
M2-E00,63,17,M2
M2-E00,64,23,M2
M2-E00,65,23,M2
M2-E00,66,17,M2
M2-E00,67,23,M2
M2-E00,68,23,M2
M2-E00,69,23,M2
M2-E00,70,17,M2
M2-E00,71,17,M2
M2-E00,72,23,M2
M2-E00,73,23,M2
M2-E00,74,17,M2
M2-E00,75,23,M2
M2-E00,76,23,M2
M2-E00,77,17,M2
M2-E00,78,23,M2
M2-E00,79,23,M2
M2-E00,80,23,M2
M2-E00,81,23,M2
M2-E00,82,23,M2
M2-E00,83,17,M2
M2-E00,84,17,M2
M2-E00,85,17,M2
M2-E00,86,17,M2
M2-E00,87,17,M2
M2-E00,88,17,M2
M2-E00,89,17,M2
M2-E00,90,23,M2
M2-E00,91,23,M2
M2-E00,92,23,M2
M2-E00,93,23,M2
M2-E00,94,23,M2
M2-E00,95,23,M2
M2-E00,96,17,M2
M2-E00,97,23,M2
M2-E00,98,17,M2
M2-E00,99,17,M2
M5-E17,0,10,M5
M5-E17,1,12,M5
M5-E17,2,10,M5
M5-E17,3,12,M5
M5-E17,4,10,M5
M5-E17,5,12,M5
M5-E17,6,10,M5
M5-E17,7,12,M5
M5-E17,8,10,M5
M5-E17,9,12,M5
M5-E17,10,10,M5
M5-E17,11,12,M5
M5-E17,12,10,M5
M5-E17,13,12,M5
M5-E17,14,10,M5
M5-E17,15,12,M5
M5-E17,16,10,M5
M5-E17,17,12,M5
M5-E17,18,10,M5
M5-E17,19,12,M5
M5-E17,20,10,M5
M5-E17,21,12,M5
M5-E17,22,10,M5
M5-E17,23,12,M5
M5-E17,24,10,M5
M5-E17,25,12,M5
M5-E17,26,10,M5
M5-E17,27,12,M5
M5-E17,28,10,M5
M5-E17,29,12,M5
M5-E17,30,10,M5
M5-E17,31,12,M5
M5-E17,32,10,M5
M5-E17,33,12,M5
M5-E17,34,10,M5
M5-E17,35,12,M5
M5-E17,36,10,M5
M5-E17,37,12,M5
M5-E17,38,10,M5
M5-E17,39,12,M5
M5-E17,40,10,M5
M5-E17,41,12,M5
M5-E17,42,10,M5
M5-E17,43,12,M5
M5-E17,44,10,M5
M5-E17,45,12,M5
M5-E17,46,10,M5
M5-E17,47,12,M5
M5-E17,48,10,M5
M5-E17,49,12,M5
M5-E17,50,10,M5
M5-E17,51,12,M5
M5-E17,52,10,M5
M5-E17,53,12,M5
M5-E17,54,10,M5
M5-E17,55,12,M5
M5-E17,56,10,M5
M5-E17,57,12,M5
M5-E17,58,10,M5
M5-E17,59,12,M5
M5-E17,60,10,M5
M5-E17,61,12,M5
M5-E17,62,10,M5
M5-E17,63,12,M5
M5-E17,64,10,M5
M5-E17,65,12,M5
M5-E17,66,10,M5
M5-E17,67,12,M5
M5-E17,68,10,M5
M5-E17,69,12,M5
M5-E17,70,10,M5
M5-E17,71,12,M5
M5-E17,72,10,M5
M5-E17,73,12,M5
M5-E17,74,10,M5
M5-E17,75,12,M5
M5-E17,76,10,M5
M5-E17,77,12,M5
M5-E17,78,10,M5
M5-E17,79,12,M5
M5-E17,80,10,M5
M5-E17,81,12,M5
M5-E17,82,10,M5
M5-E17,83,12,M5
M5-E17,84,10,M5
M5-E17,85,12,M5
M5-E17,86,10,M5
M5-E17,87,12,M5
M5-E17,88,10,M5
M5-E17,89,12,M5
M5-E17,90,10,M5
M5-E17,91,12,M5
M5-E17,92,10,M5
M5-E17,93,12,M5
M5-E17,94,10,M5
M5-E17,95,12,M5
M5-E17,96,10,M5
M5-E17,97,12,M5
M5-E17,98,10,M5
M5-E17,99,12,M5
M5-E01,0,10,M5
M5-E01,1,12,M5
M5-E01,2,10,M5
M5-E01,3,12,M5
M5-E01,4,10,M5
M5-E01,5,12,M5
M5-E01,6,10,M5
M5-E01,7,12,M5
M5-E01,8,10,M5
M5-E01,9,12,M5
M5-E01,10,10,M5
M5-E01,11,12,M5
M5-E01,12,10,M5
M5-E01,13,12,M5
M5-E01,14,10,M5
M5-E01,15,12,M5
M5-E01,16,10,M5
M5-E01,17,12,M5
M5-E01,18,10,M5
M5-E01,19,12,M5
M5-E01,20,10,M5
M5-E01,21,12,M5
M5-E01,22,10,M5
M5-E01,23,12,M5
M5-E01,24,10,M5
M5-E01,25,12,M5
M5-E01,26,10,M5
M5-E01,27,12,M5
M5-E01,28,10,M5
M5-E01,29,12,M5
M5-E01,30,10,M5
M5-E01,31,12,M5
M5-E01,32,10,M5
M5-E01,33,12,M5
M5-E01,34,10,M5
M5-E01,35,12,M5
M5-E01,36,10,M5
M5-E01,37,12,M5
M5-E01,38,10,M5
M5-E01,39,12,M5
M5-E01,40,10,M5
M5-E01,41,12,M5
M5-E01,42,10,M5
M5-E01,43,12,M5
M5-E01,44,10,M5
M5-E01,45,12,M5
M5-E01,46,10,M5
M5-E01,47,12,M5
M5-E01,48,10,M5
M5-E01,49,12,M5
M5-E01,50,10,M5
M5-E01,51,12,M5
M5-E01,52,10,M5
M5-E01,53,12,M5
M5-E01,54,10,M5
M5-E01,55,12,M5
M5-E01,56,10,M5
M5-E01,57,12,M5
M5-E01,58,10,M5
M5-E01,59,12,M5
M5-E01,60,10,M5
M5-E01,61,12,M5
M5-E01,62,10,M5
M5-E01,63,12,M5
M5-E01,64,10,M5
M5-E01,65,12,M5
M5-E01,66,10,M5
M5-E01,67,12,M5
M5-E01,68,10,M5
M5-E01,69,12,M5
M5-E01,70,10,M5
M5-E01,71,12,M5
M5-E01,72,10,M5
M5-E01,73,12,M5
M5-E01,74,10,M5
M5-E01,75,12,M5
M5-E01,76,10,M5
M5-E01,77,12,M5
M5-E01,78,10,M5
M5-E01,79,12,M5
M5-E01,80,10,M5
M5-E01,81,12,M5
M5-E01,82,10,M5
M5-E01,83,12,M5
M5-E01,84,10,M5
M5-E01,85,12,M5
M5-E01,86,10,M5
M5-E01,87,12,M5
M5-E01,88,10,M5
M5-E01,89,12,M5
M5-E01,90,10,M5
M5-E01,91,12,M5
M5-E01,92,10,M5
M5-E01,93,12,M5
M5-E01,94,10,M5
M5-E01,95,12,M5
M5-E01,96,10,M5
M5-E01,97,12,M5
M5-E01,98,10,M5
M5-E01,99,12,M5
M0-E04,0,17,M0
M0-E04,1,17,M0
M0-E04,2,17,M0
M0-E04,3,17,M0
M0-E04,4,17,M0
M0-E04,5,17,M0
M0-E04,6,17,M0
M0-E04,7,17,M0
M0-E04,8,17,M0
M0-E04,9,17,M0
M0-E04,10,17,M0
M0-E04,11,17,M0
M0-E04,12,17,M0
M0-E04,13,17,M0
M0-E04,14,17,M0
M0-E04,15,17,M0
M0-E04,16,17,M0
M0-E04,17,17,M0
M0-E04,18,17,M0
M0-E04,19,17,M0
M0-E04,20,17,M0
M0-E04,21,17,M0
M0-E04,22,17,M0
M0-E04,23,17,M0
M0-E04,24,17,M0
M0-E04,25,17,M0
M0-E04,26,17,M0
M0-E04,27,17,M0
M0-E04,28,17,M0
M0-E04,29,17,M0
M0-E04,30,17,M0
M0-E04,31,17,M0
M0-E04,32,17,M0
M0-E04,33,17,M0
M0-E04,34,17,M0
M0-E04,35,17,M0
M0-E04,36,17,M0
M0-E04,37,17,M0
M0-E04,38,17,M0
M0-E04,39,17,M0
M0-E04,40,17,M0
M0-E04,41,17,M0
M0-E04,42,17,M0
M0-E04,43,17,M0
M0-E04,44,17,M0
M0-E04,45,17,M0
M0-E04,46,17,M0
M0-E04,47,17,M0
M0-E04,48,17,M0
M0-E04,49,17,M0
M0-E04,50,17,M0
M0-E04,51,17,M0
M0-E04,52,17,M0
M0-E04,53,17,M0
M0-E04,54,17,M0
M0-E04,55,17,M0
M0-E04,56,17,M0
M0-E04,57,17,M0
M0-E04,58,17,M0
M0-E04,59,17,M0
M0-E04,60,17,M0
M0-E04,61,17,M0
M0-E04,62,17,M0
M0-E04,63,17,M0
M0-E04,64,17,M0
M0-E04,65,17,M0
M0-E04,66,17,M0
M0-E04,67,17,M0
M0-E04,68,17,M0
M0-E04,69,17,M0
M0-E04,70,17,M0
M0-E04,71,17,M0
M0-E04,72,17,M0
M0-E04,73,17,M0
M0-E04,74,17,M0
M0-E04,75,17,M0
M0-E04,76,17,M0
M0-E04,77,17,M0
M0-E04,78,17,M0
M0-E04,79,17,M0
M0-E04,80,17,M0
M0-E04,81,17,M0
M0-E04,82,17,M0
M0-E04,83,17,M0
M0-E04,84,17,M0
M0-E04,85,17,M0
M0-E04,86,17,M0
M0-E04,87,17,M0
M0-E04,88,17,M0
M0-E04,89,17,M0
M0-E04,90,17,M0
M0-E04,91,17,M0
M0-E04,92,17,M0
M0-E04,93,17,M0
M0-E04,94,17,M0
M0-E04,95,17,M0
M0-E04,96,17,M0
M0-E04,97,17,M0
M0-E04,98,17,M0
M0-E04,99,17,M0
M7-E16,0,17,M7
M7-E16,1,17,M7
M7-E16,2,17,M7
M7-E16,3,17,M7
M7-E16,4,17,M7
M7-E16,5,17,M7
M7-E16,6,17,M7
M7-E16,7,17,M7
M7-E16,8,17,M7
M7-E16,9,17,M7
M7-E16,10,17,M7
M7-E16,11,17,M7
M7-E16,12,17,M7
M7-E16,13,17,M7
M7-E16,14,17,M7
M7-E16,15,17,M7
M7-E16,16,17,M7
M7-E16,17,17,M7
M7-E16,18,17,M7
M7-E16,19,17,M7
M7-E16,20,17,M7
M7-E16,21,17,M7
M7-E16,22,17,M7
M7-E16,23,17,M7
M7-E16,24,17,M7
M7-E16,25,17,M7
M7-E16,26,17,M7
M7-E16,27,17,M7
M7-E16,28,17,M7
M7-E16,29,17,M7
M7-E16,30,17,M7
M7-E16,31,17,M7
M7-E16,32,17,M7
M7-E16,33,17,M7
M7-E16,34,17,M7
M7-E16,35,17,M7
M7-E16,36,17,M7
M7-E16,37,17,M7
M7-E16,38,17,M7
M7-E16,39,17,M7
M7-E16,40,17,M7
M7-E16,41,17,M7
M7-E16,42,17,M7
M7-E16,43,17,M7
M7-E16,44,17,M7
M7-E16,45,17,M7
M7-E16,46,17,M7
M7-E16,47,17,M7
M7-E16,48,17,M7
M7-E16,49,17,M7
M7-E16,50,17,M7
M7-E16,51,17,M7
M7-E16,52,17,M7
M7-E16,53,17,M7
M7-E16,54,17,M7
M7-E16,55,17,M7
M7-E16,56,17,M7
M7-E16,57,17,M7
M7-E16,58,17,M7
M7-E16,59,17,M7
M7-E16,60,17,M7
M7-E16,61,17,M7
M7-E16,62,17,M7
M7-E16,63,17,M7
M7-E16,64,17,M7
M7-E16,65,17,M7
M7-E16,66,17,M7
M7-E16,67,17,M7
M7-E16,68,17,M7
M7-E16,69,17,M7
M7-E16,70,17,M7
M7-E16,71,17,M7
M7-E16,72,17,M7
M7-E16,73,17,M7
M7-E16,74,17,M7
M7-E16,75,17,M7
M7-E16,76,17,M7
M7-E16,77,17,M7
M7-E16,78,17,M7
M7-E16,79,17,M7
M7-E16,80,17,M7
M7-E16,81,17,M7
M7-E16,82,17,M7
M7-E16,83,17,M7
M7-E16,84,17,M7
M7-E16,85,17,M7
M7-E16,86,17,M7
M7-E16,87,17,M7
M7-E16,88,17,M7
M7-E16,89,17,M7
M7-E16,90,17,M7
M7-E16,91,17,M7
M7-E16,92,17,M7
M7-E16,93,17,M7
M7-E16,94,17,M7
M7-E16,95,17,M7
M7-E16,96,17,M7
M7-E16,97,17,M7
M7-E16,98,17,M7
M7-E16,99,17,M7
M1-E07,0,17,M1
M1-E07,1,17,M1
M1-E07,2,17,M1
M1-E07,3,17,M1
M1-E07,4,17,M1
M1-E07,5,17,M1
M1-E07,6,17,M1
M1-E07,7,17,M1
M1-E07,8,17,M1
M1-E07,9,17,M1
M1-E07,10,17,M1
M1-E07,11,17,M1
M1-E07,12,17,M1
M1-E07,13,17,M1
M1-E07,14,17,M1
M1-E07,15,17,M1
M1-E07,16,17,M1
M1-E07,17,17,M1
M1-E07,18,17,M1
M1-E07,19,17,M1
M1-E07,20,17,M1
M1-E07,21,17,M1
M1-E07,22,17,M1
M1-E07,23,17,M1
M1-E07,24,17,M1
M1-E07,25,17,M1
M1-E07,26,17,M1
M1-E07,27,17,M1
M1-E07,28,17,M1
M1-E07,29,17,M1
M1-E07,30,17,M1
M1-E07,31,17,M1
M1-E07,32,17,M1
M1-E07,33,17,M1
M1-E07,34,17,M1
M1-E07,35,17,M1
M1-E07,36,17,M1
M1-E07,37,17,M1
M1-E07,38,17,M1
M1-E07,39,17,M1
M1-E07,40,17,M1
M1-E07,41,17,M1
M1-E07,42,17,M1
M1-E07,43,17,M1
M1-E07,44,17,M1
M1-E07,45,17,M1
M1-E07,46,17,M1
M1-E07,47,17,M1
M1-E07,48,17,M1
M1-E07,49,17,M1
M1-E07,50,17,M1
M1-E07,51,17,M1
M1-E07,52,17,M1
M1-E07,53,17,M1
M1-E07,54,17,M1
M1-E07,55,17,M1
M1-E07,56,17,M1
M1-E07,57,17,M1
M1-E07,58,17,M1
M1-E07,59,17,M1
M1-E07,60,17,M1
M1-E07,61,17,M1
M1-E07,62,17,M1
M1-E07,63,17,M1
M1-E07,64,17,M1
M1-E07,65,17,M1
M1-E07,66,17,M1
M1-E07,67,17,M1
M1-E07,68,17,M1
M1-E07,69,17,M1
M1-E07,70,17,M1
M1-E07,71,17,M1
M1-E07,72,17,M1
M1-E07,73,17,M1
M1-E07,74,17,M1
M1-E07,75,17,M1
M1-E07,76,17,M1
M1-E07,77,17,M1
M1-E07,78,17,M1
M1-E07,79,23,M1
M1-E07,80,17,M1
M1-E07,81,17,M1
M1-E07,82,17,M1
M1-E07,83,17,M1
M1-E07,84,17,M1
M1-E07,85,17,M1
M1-E07,86,17,M1
M1-E07,87,17,M1
M1-E07,88,17,M1
M1-E07,89,17,M1
M1-E07,90,17,M1
M1-E07,91,17,M1
M1-E07,92,17,M1
M1-E07,93,17,M1
M1-E07,94,17,M1
M1-E07,95,17,M1
M1-E07,96,17,M1
M1-E07,97,17,M1
M1-E07,98,17,M1
M1-E07,99,17,M1
M4-E00,0,10,M4
M4-E00,1,11,M4
M4-E00,2,10,M4
M4-E00,3,11,M4
M4-E00,4,10,M4
M4-E00,5,11,M4
M4-E00,6,10,M4
M4-E00,7,11,M4
M4-E00,8,10,M4
M4-E00,9,11,M4
M4-E00,10,10,M4
M4-E00,11,11,M4
M4-E00,12,10,M4
M4-E00,13,11,M4
M4-E00,14,10,M4
M4-E00,15,11,M4
M4-E00,16,10,M4
M4-E00,17,11,M4
M4-E00,18,10,M4
M4-E00,19,11,M4
M4-E00,20,10,M4
M4-E00,21,11,M4
M4-E00,22,10,M4
M4-E00,23,11,M4
M4-E00,24,10,M4
M4-E00,25,11,M4
M4-E00,26,10,M4
M4-E00,27,11,M4
M4-E00,28,10,M4
M4-E00,29,11,M4
M4-E00,30,10,M4
M4-E00,31,11,M4
M4-E00,32,10,M4
M4-E00,33,11,M4
M4-E00,34,10,M4
M4-E00,35,11,M4
M4-E00,36,10,M4
M4-E00,37,11,M4
M4-E00,38,10,M4
M4-E00,39,11,M4
M4-E00,40,10,M4
M4-E00,41,11,M4
M4-E00,42,10,M4
M4-E00,43,11,M4
M4-E00,44,10,M4
M4-E00,45,11,M4
M4-E00,46,10,M4
M4-E00,47,11,M4
M4-E00,48,10,M4
M4-E00,49,11,M4
M4-E00,50,10,M4
M4-E00,51,11,M4
M4-E00,52,10,M4
M4-E00,53,11,M4
M4-E00,54,10,M4
M4-E00,55,11,M4
M4-E00,56,10,M4
M4-E00,57,11,M4
M4-E00,58,10,M4
M4-E00,59,11,M4
M4-E00,60,10,M4
M4-E00,61,11,M4
M4-E00,62,10,M4
M4-E00,63,11,M4
M4-E00,64,10,M4
M4-E00,65,11,M4
M4-E00,66,10,M4
M4-E00,67,11,M4
M4-E00,68,10,M4
M4-E00,69,11,M4
M4-E00,70,10,M4
M4-E00,71,11,M4
M4-E00,72,10,M4
M4-E00,73,11,M4
M4-E00,74,10,M4
M4-E00,75,11,M4
M4-E00,76,10,M4
M4-E00,77,11,M4
M4-E00,78,10,M4
M4-E00,79,11,M4
M4-E00,80,10,M4
M4-E00,81,11,M4
M4-E00,82,10,M4
M4-E00,83,11,M4
M4-E00,84,10,M4
M4-E00,85,11,M4
M4-E00,86,10,M4
M4-E00,87,11,M4
M4-E00,88,10,M4
M4-E00,89,11,M4
M4-E00,90,10,M4
M4-E00,91,11,M4
M4-E00,92,10,M4
M4-E00,93,11,M4
M4-E00,94,10,M4
M4-E00,95,11,M4
M4-E00,96,10,M4
M4-E00,97,11,M4
M4-E00,98,10,M4
M4-E00,99,11,M4
M2-E12,0,17,M2
M2-E12,1,17,M2
M2-E12,2,23,M2
M2-E12,3,23,M2
M2-E12,4,23,M2
M2-E12,5,23,M2
M2-E12,6,23,M2
M2-E12,7,17,M2
M2-E12,8,17,M2
M2-E12,9,23,M2
M2-E12,10,23,M2
M2-E12,11,17,M2
M2-E12,12,23,M2
M2-E12,13,17,M2
M2-E12,14,17,M2
M2-E12,15,17,M2
M2-E12,16,17,M2
M2-E12,17,23,M2
M2-E12,18,17,M2
M2-E12,19,17,M2
M2-E12,20,23,M2
M2-E12,21,23,M2
M2-E12,22,23,M2
M2-E12,23,17,M2
M2-E12,24,17,M2
M2-E12,25,17,M2
M2-E12,26,17,M2
M2-E12,27,23,M2
M2-E12,28,17,M2
M2-E12,29,23,M2
M2-E12,30,23,M2
M2-E12,31,17,M2
M2-E12,32,23,M2
M2-E12,33,23,M2
M2-E12,34,17,M2
M2-E12,35,23,M2
M2-E12,36,23,M2
M2-E12,37,17,M2
M2-E12,38,17,M2
M2-E12,39,23,M2
M2-E12,40,17,M2
M2-E12,41,23,M2
M2-E12,42,23,M2
M2-E12,43,23,M2
M2-E12,44,17,M2
M2-E12,45,17,M2
M2-E12,46,23,M2
M2-E12,47,17,M2
M2-E12,48,17,M2
M2-E12,49,23,M2
M2-E12,50,23,M2
M2-E12,51,23,M2
M2-E12,52,23,M2
M2-E12,53,17,M2
M2-E12,54,17,M2
M2-E12,55,17,M2
M2-E12,56,23,M2
M2-E12,57,17,M2
M2-E12,58,23,M2
M2-E12,59,17,M2
M2-E12,60,17,M2
M2-E12,61,23,M2
M2-E12,62,23,M2
M2-E12,63,23,M2
M2-E12,64,17,M2
M2-E12,65,17,M2
M2-E12,66,17,M2
M2-E12,67,17,M2
M2-E12,68,23,M2
M2-E12,69,23,M2
M2-E12,70,17,M2
M2-E12,71,17,M2
M2-E12,72,23,M2
M2-E12,73,17,M2
M2-E12,74,17,M2
M2-E12,75,17,M2
M2-E12,76,23,M2
M2-E12,77,23,M2
M2-E12,78,17,M2
M2-E12,79,17,M2
M2-E12,80,23,M2
M2-E12,81,23,M2
M2-E12,82,17,M2
M2-E12,83,23,M2
M2-E12,84,23,M2
M2-E12,85,17,M2
M2-E12,86,23,M2
M2-E12,87,23,M2
M2-E12,88,23,M2
M2-E12,89,23,M2
M2-E12,90,17,M2
M2-E12,91,17,M2
M2-E12,92,17,M2
M2-E12,93,17,M2
M2-E12,94,23,M2
M2-E12,95,23,M2
M2-E12,96,23,M2
M2-E12,97,23,M2
M2-E12,98,17,M2
M2-E12,99,17,M2
M1-E02,0,17,M1
M1-E02,1,17,M1
M1-E02,2,17,M1
M1-E02,3,17,M1
M1-E02,4,17,M1
M1-E02,5,17,M1
M1-E02,6,17,M1
M1-E02,7,17,M1
M1-E02,8,17,M1
M1-E02,9,17,M1
M1-E02,10,17,M1
M1-E02,11,17,M1
M1-E02,12,17,M1
M1-E02,13,17,M1
M1-E02,14,17,M1
M1-E02,15,17,M1
M1-E02,16,17,M1
M1-E02,17,17,M1
M1-E02,18,17,M1
M1-E02,19,17,M1
M1-E02,20,17,M1
M1-E02,21,17,M1
M1-E02,22,17,M1
M1-E02,23,17,M1
M1-E02,24,17,M1
M1-E02,25,17,M1
M1-E02,26,17,M1
M1-E02,27,17,M1
M1-E02,28,17,M1
M1-E02,29,17,M1
M1-E02,30,17,M1
M1-E02,31,17,M1
M1-E02,32,17,M1
M1-E02,33,17,M1
M1-E02,34,17,M1
M1-E02,35,17,M1
M1-E02,36,17,M1
M1-E02,37,17,M1
M1-E02,38,17,M1
M1-E02,39,17,M1
M1-E02,40,17,M1
M1-E02,41,17,M1
M1-E02,42,17,M1
M1-E02,43,17,M1
M1-E02,44,17,M1
M1-E02,45,17,M1
M1-E02,46,17,M1
M1-E02,47,17,M1
M1-E02,48,17,M1
M1-E02,49,17,M1
M1-E02,50,17,M1
M1-E02,51,17,M1
M1-E02,52,17,M1
M1-E02,53,17,M1
M1-E02,54,17,M1
M1-E02,55,17,M1
M1-E02,56,17,M1
M1-E02,57,17,M1
M1-E02,58,17,M1
M1-E02,59,17,M1
M1-E02,60,17,M1
M1-E02,61,17,M1
M1-E02,62,17,M1
M1-E02,63,17,M1
M1-E02,64,23,M1
M1-E02,65,17,M1
M1-E02,66,17,M1
M1-E02,67,17,M1
M1-E02,68,17,M1
M1-E02,69,17,M1
M1-E02,70,17,M1
M1-E02,71,17,M1
M1-E02,72,17,M1
M1-E02,73,17,M1
M1-E02,74,17,M1
M1-E02,75,17,M1
M1-E02,76,17,M1
M1-E02,77,17,M1
M1-E02,78,17,M1
M1-E02,79,17,M1
M1-E02,80,17,M1
M1-E02,81,17,M1
M1-E02,82,17,M1
M1-E02,83,17,M1
M1-E02,84,17,M1
M1-E02,85,17,M1
M1-E02,86,17,M1
M1-E02,87,17,M1
M1-E02,88,17,M1
M1-E02,89,17,M1
M1-E02,90,17,M1
M1-E02,91,17,M1
M1-E02,92,17,M1
M1-E02,93,17,M1
M1-E02,94,17,M1
M1-E02,95,17,M1
M1-E02,96,17,M1
M1-E02,97,17,M1
M1-E02,98,17,M1
M1-E02,99,17,M1
M3-E04,0,104,M3
M3-E04,1,100,M3
M3-E04,2,100,M3
M3-E04,3,107,M3
M3-E04,4,105,M3
M3-E04,5,108,M3
M3-E04,6,105,M3
M3-E04,7,103,M3
M3-E04,8,101,M3
M3-E04,9,102,M3
M3-E04,10,100,M3
M3-E04,11,107,M3
M3-E04,12,103,M3
M3-E04,13,108,M3
M3-E04,14,105,M3
M3-E04,15,100,M3
M3-E04,16,106,M3
M3-E04,17,108,M3
M3-E04,18,106,M3
M3-E04,19,108,M3
M3-E04,20,100,M3
M3-E04,21,100,M3
M3-E04,22,101,M3
M3-E04,23,103,M3
M3-E04,24,104,M3
M3-E04,25,108,M3
M3-E04,26,103,M3
M3-E04,27,106,M3
M3-E04,28,103,M3
M3-E04,29,106,M3
M3-E04,30,109,M3
M3-E04,31,108,M3
M3-E04,32,106,M3
M3-E04,33,100,M3
M3-E04,34,109,M3
M3-E04,35,106,M3
M3-E04,36,104,M3
M3-E04,37,102,M3
M3-E04,38,106,M3
M3-E04,39,102,M3
M3-E04,40,103,M3
M3-E04,41,106,M3
M3-E04,42,104,M3
M3-E04,43,102,M3
M3-E04,44,105,M3
M3-E04,45,105,M3
M3-E04,46,105,M3
M3-E04,47,107,M3
M3-E04,48,106,M3
M3-E04,49,101,M3
M3-E04,50,106,M3
M3-E04,51,101,M3
M3-E04,52,102,M3
M3-E04,53,106,M3
M3-E04,54,102,M3
M3-E04,55,102,M3
M3-E04,56,103,M3
M3-E04,57,100,M3
M3-E04,58,105,M3
M3-E04,59,108,M3
M3-E04,60,102,M3
M3-E04,61,107,M3
M3-E04,62,109,M3
M3-E04,63,100,M3
M3-E04,64,103,M3
M3-E04,65,106,M3
M3-E04,66,100,M3
M3-E04,67,101,M3
M3-E04,68,107,M3
M3-E04,69,104,M3
M3-E04,70,101,M3
M3-E04,71,100,M3
M3-E04,72,100,M3
M3-E04,73,109,M3
M3-E04,74,105,M3
M3-E04,75,100,M3
M3-E04,76,102,M3
M3-E04,77,104,M3
M3-E04,78,105,M3
M3-E04,79,108,M3
M3-E04,80,106,M3
M3-E04,81,104,M3
M3-E04,82,104,M3
M3-E04,83,104,M3
M3-E04,84,104,M3
M3-E04,85,100,M3
M3-E04,86,106,M3
M3-E04,87,105,M3
M3-E04,88,108,M3
M3-E04,89,106,M3
M3-E04,90,107,M3
M3-E04,91,103,M3
M3-E04,92,108,M3
M3-E04,93,101,M3
M3-E04,94,107,M3
M3-E04,95,107,M3
M3-E04,96,105,M3
M3-E04,97,106,M3
M3-E04,98,103,M3
M3-E04,99,101,M3
M3-E17,0,108,M3
M3-E17,1,108,M3
M3-E17,2,102,M3
M3-E17,3,101,M3
M3-E17,4,107,M3
M3-E17,5,100,M3
M3-E17,6,104,M3
M3-E17,7,101,M3
M3-E17,8,100,M3
M3-E17,9,105,M3
M3-E17,10,107,M3
M3-E17,11,104,M3
M3-E17,12,105,M3
M3-E17,13,105,M3
M3-E17,14,104,M3
M3-E17,15,106,M3
M3-E17,16,104,M3
M3-E17,17,108,M3
M3-E17,18,102,M3
M3-E17,19,103,M3
M3-E17,20,107,M3
M3-E17,21,108,M3
M3-E17,22,108,M3
M3-E17,23,104,M3
M3-E17,24,101,M3
M3-E17,25,107,M3
M3-E17,26,108,M3
M3-E17,27,104,M3
M3-E17,28,101,M3
M3-E17,29,101,M3
M3-E17,30,109,M3
M3-E17,31,101,M3
M3-E17,32,106,M3
M3-E17,33,106,M3
M3-E17,34,106,M3
M3-E17,35,108,M3
M3-E17,36,104,M3
M3-E17,37,105,M3
M3-E17,38,102,M3
M3-E17,39,107,M3
M3-E17,40,100,M3
M3-E17,41,109,M3
M3-E17,42,108,M3
M3-E17,43,108,M3
M3-E17,44,108,M3
M3-E17,45,104,M3
M3-E17,46,101,M3
M3-E17,47,101,M3
M3-E17,48,101,M3
M3-E17,49,102,M3
M3-E17,50,106,M3
M3-E17,51,105,M3
M3-E17,52,109,M3
M3-E17,53,105,M3
M3-E17,54,101,M3
M3-E17,55,105,M3
M3-E17,56,109,M3
M3-E17,57,103,M3
M3-E17,58,103,M3
M3-E17,59,106,M3
M3-E17,60,104,M3
M3-E17,61,109,M3
M3-E17,62,106,M3
M3-E17,63,106,M3
M3-E17,64,106,M3
M3-E17,65,109,M3
M3-E17,66,104,M3
M3-E17,67,106,M3
M3-E17,68,106,M3
M3-E17,69,108,M3
M3-E17,70,100,M3
M3-E17,71,103,M3
M3-E17,72,109,M3
M3-E17,73,104,M3
M3-E17,74,109,M3
M3-E17,75,105,M3
M3-E17,76,100,M3
M3-E17,77,100,M3
M3-E17,78,109,M3
M3-E17,79,105,M3
M3-E17,80,103,M3
M3-E17,81,107,M3
M3-E17,82,102,M3
M3-E17,83,106,M3
M3-E17,84,108,M3
M3-E17,85,102,M3
M3-E17,86,105,M3
M3-E17,87,109,M3
M3-E17,88,100,M3
M3-E17,89,105,M3
M3-E17,90,106,M3
M3-E17,91,107,M3
M3-E17,92,101,M3
M3-E17,93,106,M3
M3-E17,94,104,M3
M3-E17,95,105,M3
M3-E17,96,109,M3
M3-E17,97,103,M3
M3-E17,98,103,M3
M3-E17,99,102,M3
M3-E16,0,107,M3
M3-E16,1,104,M3
M3-E16,2,103,M3
M3-E16,3,103,M3
M3-E16,4,102,M3
M3-E16,5,100,M3
M3-E16,6,104,M3
M3-E16,7,100,M3
M3-E16,8,107,M3
M3-E16,9,101,M3
M3-E16,10,104,M3
M3-E16,11,103,M3
M3-E16,12,108,M3
M3-E16,13,109,M3
M3-E16,14,104,M3
M3-E16,15,105,M3
M3-E16,16,109,M3
M3-E16,17,102,M3
M3-E16,18,106,M3
M3-E16,19,103,M3
M3-E16,20,101,M3
M3-E16,21,101,M3
M3-E16,22,100,M3
M3-E16,23,103,M3
M3-E16,24,103,M3
M3-E16,25,101,M3
M3-E16,26,106,M3
M3-E16,27,100,M3
M3-E16,28,105,M3
M3-E16,29,106,M3
M3-E16,30,109,M3
M3-E16,31,100,M3
M3-E16,32,105,M3
M3-E16,33,100,M3
M3-E16,34,101,M3
M3-E16,35,106,M3
M3-E16,36,102,M3
M3-E16,37,107,M3
M3-E16,38,109,M3
M3-E16,39,107,M3
M3-E16,40,107,M3
M3-E16,41,105,M3
M3-E16,42,104,M3
M3-E16,43,109,M3
M3-E16,44,105,M3
M3-E16,45,105,M3
M3-E16,46,103,M3
M3-E16,47,109,M3
M3-E16,48,104,M3
M3-E16,49,102,M3
M3-E16,50,109,M3
M3-E16,51,101,M3
M3-E16,52,106,M3
M3-E16,53,107,M3
M3-E16,54,109,M3
M3-E16,55,102,M3
M3-E16,56,103,M3
M3-E16,57,101,M3
M3-E16,58,103,M3
M3-E16,59,109,M3
M3-E16,60,105,M3
M3-E16,61,101,M3
M3-E16,62,106,M3
M3-E16,63,105,M3
M3-E16,64,101,M3
M3-E16,65,107,M3
M3-E16,66,109,M3
M3-E16,67,108,M3
M3-E16,68,102,M3
M3-E16,69,103,M3
M3-E16,70,100,M3
M3-E16,71,107,M3
M3-E16,72,101,M3
M3-E16,73,102,M3
M3-E16,74,103,M3
M3-E16,75,100,M3
M3-E16,76,100,M3
M3-E16,77,102,M3
M3-E16,78,109,M3
M3-E16,79,100,M3
M3-E16,80,108,M3
M3-E16,81,105,M3
M3-E16,82,105,M3
M3-E16,83,105,M3
M3-E16,84,102,M3
M3-E16,85,106,M3
M3-E16,86,103,M3
M3-E16,87,103,M3
M3-E16,88,108,M3
M3-E16,89,103,M3
M3-E16,90,106,M3
M3-E16,91,102,M3
M3-E16,92,107,M3
M3-E16,93,100,M3
M3-E16,94,100,M3
M3-E16,95,106,M3
M3-E16,96,102,M3
M3-E16,97,108,M3
M3-E16,98,107,M3
M3-E16,99,108,M3
M3-E09,0,102,M3
M3-E09,1,104,M3
M3-E09,2,100,M3
M3-E09,3,107,M3
M3-E09,4,102,M3
M3-E09,5,107,M3
M3-E09,6,102,M3
M3-E09,7,109,M3
M3-E09,8,105,M3
M3-E09,9,106,M3
M3-E09,10,102,M3
M3-E09,11,106,M3
M3-E09,12,103,M3
M3-E09,13,106,M3
M3-E09,14,106,M3
M3-E09,15,104,M3
M3-E09,16,104,M3
M3-E09,17,104,M3
M3-E09,18,107,M3
M3-E09,19,104,M3
M3-E09,20,109,M3
M3-E09,21,101,M3
M3-E09,22,109,M3
M3-E09,23,101,M3
M3-E09,24,106,M3
M3-E09,25,103,M3
M3-E09,26,105,M3
M3-E09,27,101,M3
M3-E09,28,106,M3
M3-E09,29,100,M3
M3-E09,30,109,M3
M3-E09,31,101,M3
M3-E09,32,107,M3
M3-E09,33,102,M3
M3-E09,34,106,M3
M3-E09,35,102,M3
M3-E09,36,105,M3
M3-E09,37,102,M3
M3-E09,38,105,M3
M3-E09,39,102,M3
M3-E09,40,109,M3
M3-E09,41,105,M3
M3-E09,42,107,M3
M3-E09,43,109,M3
M3-E09,44,109,M3
M3-E09,45,102,M3
M3-E09,46,104,M3
M3-E09,47,106,M3
M3-E09,48,103,M3
M3-E09,49,107,M3
M3-E09,50,100,M3
M3-E09,51,108,M3
M3-E09,52,109,M3
M3-E09,53,100,M3
M3-E09,54,103,M3
M3-E09,55,107,M3
M3-E09,56,103,M3
M3-E09,57,109,M3
M3-E09,58,109,M3
M3-E09,59,102,M3
M3-E09,60,103,M3
M3-E09,61,109,M3
M3-E09,62,108,M3
M3-E09,63,100,M3
M3-E09,64,108,M3
M3-E09,65,100,M3
M3-E09,66,101,M3
M3-E09,67,106,M3
M3-E09,68,107,M3
M3-E09,69,104,M3
M3-E09,70,102,M3
M3-E09,71,105,M3
M3-E09,72,104,M3
M3-E09,73,102,M3
M3-E09,74,104,M3
M3-E09,75,106,M3
M3-E09,76,109,M3
M3-E09,77,107,M3
M3-E09,78,105,M3
M3-E09,79,101,M3
M3-E09,80,103,M3
M3-E09,81,108,M3
M3-E09,82,105,M3
M3-E09,83,101,M3
M3-E09,84,106,M3
M3-E09,85,107,M3
M3-E09,86,103,M3
M3-E09,87,106,M3
M3-E09,88,103,M3
M3-E09,89,105,M3
M3-E09,90,109,M3
M3-E09,91,108,M3
M3-E09,92,107,M3
M3-E09,93,102,M3
M3-E09,94,106,M3
M3-E09,95,107,M3
M3-E09,96,106,M3
M3-E09,97,109,M3
M3-E09,98,105,M3
M3-E09,99,100,M3
M5-E02,0,10,M5
M5-E02,1,12,M5
M5-E02,2,10,M5
M5-E02,3,12,M5
M5-E02,4,10,M5
M5-E02,5,12,M5
M5-E02,6,10,M5
M5-E02,7,12,M5
M5-E02,8,10,M5
M5-E02,9,12,M5
M5-E02,10,10,M5
M5-E02,11,12,M5
M5-E02,12,10,M5
M5-E02,13,12,M5
M5-E02,14,10,M5
M5-E02,15,12,M5
M5-E02,16,10,M5
M5-E02,17,12,M5
M5-E02,18,10,M5
M5-E02,19,12,M5
M5-E02,20,10,M5
M5-E02,21,12,M5
M5-E02,22,10,M5
M5-E02,23,12,M5
M5-E02,24,10,M5
M5-E02,25,12,M5
M5-E02,26,10,M5
M5-E02,27,12,M5
M5-E02,28,10,M5
M5-E02,29,12,M5
M5-E02,30,10,M5
M5-E02,31,12,M5
M5-E02,32,10,M5
M5-E02,33,12,M5
M5-E02,34,10,M5
M5-E02,35,12,M5
M5-E02,36,10,M5
M5-E02,37,12,M5
M5-E02,38,10,M5
M5-E02,39,12,M5
M5-E02,40,10,M5
M5-E02,41,12,M5
M5-E02,42,10,M5
M5-E02,43,12,M5
M5-E02,44,10,M5
M5-E02,45,12,M5
M5-E02,46,10,M5
M5-E02,47,12,M5
M5-E02,48,10,M5
M5-E02,49,12,M5
M5-E02,50,10,M5
M5-E02,51,12,M5
M5-E02,52,10,M5
M5-E02,53,12,M5
M5-E02,54,10,M5
M5-E02,55,12,M5
M5-E02,56,10,M5
M5-E02,57,12,M5
M5-E02,58,10,M5
M5-E02,59,12,M5
M5-E02,60,10,M5
M5-E02,61,12,M5
M5-E02,62,10,M5
M5-E02,63,12,M5
M5-E02,64,10,M5
M5-E02,65,12,M5
M5-E02,66,10,M5
M5-E02,67,12,M5
M5-E02,68,10,M5
M5-E02,69,12,M5
M5-E02,70,10,M5
M5-E02,71,12,M5
M5-E02,72,10,M5
M5-E02,73,12,M5
M5-E02,74,10,M5
M5-E02,75,12,M5
M5-E02,76,10,M5
M5-E02,77,12,M5
M5-E02,78,10,M5
M5-E02,79,12,M5
M5-E02,80,10,M5
M5-E02,81,12,M5
M5-E02,82,10,M5
M5-E02,83,12,M5
M5-E02,84,10,M5
M5-E02,85,12,M5
M5-E02,86,10,M5
M5-E02,87,12,M5
M5-E02,88,10,M5
M5-E02,89,12,M5
M5-E02,90,10,M5
M5-E02,91,12,M5
M5-E02,92,10,M5
M5-E02,93,12,M5
M5-E02,94,10,M5
M5-E02,95,12,M5
M5-E02,96,10,M5
M5-E02,97,12,M5
M5-E02,98,10,M5
M5-E02,99,12,M5
M3-E19,0,101,M3
M3-E19,1,107,M3
M3-E19,2,104,M3
M3-E19,3,101,M3
M3-E19,4,108,M3
M3-E19,5,108,M3
M3-E19,6,100,M3
M3-E19,7,101,M3
M3-E19,8,108,M3
M3-E19,9,102,M3
M3-E19,10,103,M3
M3-E19,11,100,M3
M3-E19,12,103,M3
M3-E19,13,100,M3
M3-E19,14,103,M3
M3-E19,15,109,M3
M3-E19,16,109,M3
M3-E19,17,109,M3
M3-E19,18,107,M3
M3-E19,19,102,M3
M3-E19,20,103,M3
M3-E19,21,108,M3
M3-E19,22,109,M3
M3-E19,23,101,M3
M3-E19,24,107,M3
M3-E19,25,103,M3
M3-E19,26,100,M3
M3-E19,27,105,M3
M3-E19,28,108,M3
M3-E19,29,100,M3
M3-E19,30,105,M3
M3-E19,31,107,M3
M3-E19,32,104,M3
M3-E19,33,106,M3
M3-E19,34,107,M3
M3-E19,35,103,M3
M3-E19,36,100,M3
M3-E19,37,107,M3
M3-E19,38,108,M3
M3-E19,39,105,M3
M3-E19,40,100,M3
M3-E19,41,104,M3
M3-E19,42,103,M3
M3-E19,43,103,M3
M3-E19,44,100,M3
M3-E19,45,101,M3
M3-E19,46,103,M3
M3-E19,47,108,M3
M3-E19,48,100,M3
M3-E19,49,100,M3
M3-E19,50,103,M3
M3-E19,51,100,M3
M3-E19,52,106,M3
M3-E19,53,103,M3
M3-E19,54,100,M3
M3-E19,55,104,M3
M3-E19,56,107,M3
M3-E19,57,104,M3
M3-E19,58,107,M3
M3-E19,59,104,M3
M3-E19,60,105,M3
M3-E19,61,105,M3
M3-E19,62,107,M3
M3-E19,63,105,M3
M3-E19,64,100,M3
M3-E19,65,100,M3
M3-E19,66,108,M3
M3-E19,67,101,M3
M3-E19,68,105,M3
M3-E19,69,102,M3
M3-E19,70,101,M3
M3-E19,71,102,M3
M3-E19,72,104,M3
M3-E19,73,109,M3
M3-E19,74,102,M3
M3-E19,75,109,M3
M3-E19,76,106,M3
M3-E19,77,108,M3
M3-E19,78,101,M3
M3-E19,79,100,M3
M3-E19,80,105,M3
M3-E19,81,104,M3
M3-E19,82,107,M3
M3-E19,83,103,M3
M3-E19,84,108,M3
M3-E19,85,102,M3
M3-E19,86,109,M3
M3-E19,87,104,M3
M3-E19,88,100,M3
M3-E19,89,101,M3
M3-E19,90,108,M3
M3-E19,91,105,M3
M3-E19,92,105,M3
M3-E19,93,104,M3
M3-E19,94,101,M3
M3-E19,95,109,M3
M3-E19,96,108,M3
M3-E19,97,108,M3
M3-E19,98,104,M3
M3-E19,99,106,M3
M0-E17,0,17,M0
M0-E17,1,17,M0
M0-E17,2,17,M0
M0-E17,3,17,M0
M0-E17,4,17,M0
M0-E17,5,17,M0
M0-E17,6,17,M0
M0-E17,7,17,M0
M0-E17,8,17,M0
M0-E17,9,17,M0
M0-E17,10,17,M0
M0-E17,11,17,M0
M0-E17,12,17,M0
M0-E17,13,17,M0
M0-E17,14,17,M0
M0-E17,15,17,M0
M0-E17,16,17,M0
M0-E17,17,17,M0
M0-E17,18,17,M0
M0-E17,19,17,M0
M0-E17,20,17,M0
M0-E17,21,17,M0
M0-E17,22,17,M0
M0-E17,23,17,M0
M0-E17,24,17,M0
M0-E17,25,17,M0
M0-E17,26,17,M0
M0-E17,27,17,M0
M0-E17,28,17,M0
M0-E17,29,17,M0
M0-E17,30,17,M0
M0-E17,31,17,M0
M0-E17,32,17,M0
M0-E17,33,17,M0
M0-E17,34,17,M0
M0-E17,35,17,M0
M0-E17,36,17,M0
M0-E17,37,17,M0
M0-E17,38,17,M0
M0-E17,39,17,M0
M0-E17,40,17,M0
M0-E17,41,17,M0
M0-E17,42,17,M0
M0-E17,43,17,M0
M0-E17,44,17,M0
M0-E17,45,17,M0
M0-E17,46,17,M0
M0-E17,47,17,M0
M0-E17,48,17,M0
M0-E17,49,17,M0
M0-E17,50,17,M0
M0-E17,51,17,M0
M0-E17,52,17,M0
M0-E17,53,17,M0
M0-E17,54,17,M0
M0-E17,55,17,M0
M0-E17,56,17,M0
M0-E17,57,17,M0
M0-E17,58,17,M0
M0-E17,59,17,M0
M0-E17,60,17,M0
M0-E17,61,17,M0
M0-E17,62,17,M0
M0-E17,63,17,M0
M0-E17,64,17,M0
M0-E17,65,17,M0
M0-E17,66,17,M0
M0-E17,67,17,M0
M0-E17,68,17,M0
M0-E17,69,17,M0
M0-E17,70,17,M0
M0-E17,71,17,M0
M0-E17,72,17,M0
M0-E17,73,17,M0
M0-E17,74,17,M0
M0-E17,75,17,M0
M0-E17,76,17,M0
M0-E17,77,17,M0
M0-E17,78,17,M0
M0-E17,79,17,M0
M0-E17,80,17,M0
M0-E17,81,17,M0
M0-E17,82,17,M0
M0-E17,83,17,M0
M0-E17,84,17,M0
M0-E17,85,17,M0
M0-E17,86,17,M0
M0-E17,87,17,M0
M0-E17,88,17,M0
M0-E17,89,17,M0
M0-E17,90,17,M0
M0-E17,91,17,M0
M0-E17,92,17,M0
M0-E17,93,17,M0
M0-E17,94,17,M0
M0-E17,95,17,M0
M0-E17,96,17,M0
M0-E17,97,17,M0
M0-E17,98,17,M0
M0-E17,99,17,M0
M2-E19,0,17,M2
M2-E19,1,23,M2
M2-E19,2,23,M2
M2-E19,3,23,M2
M2-E19,4,17,M2
M2-E19,5,17,M2
M2-E19,6,23,M2
M2-E19,7,23,M2
M2-E19,8,23,M2
M2-E19,9,17,M2
M2-E19,10,17,M2
M2-E19,11,17,M2
M2-E19,12,17,M2
M2-E19,13,17,M2
M2-E19,14,17,M2
M2-E19,15,17,M2
M2-E19,16,23,M2
M2-E19,17,17,M2
M2-E19,18,23,M2
M2-E19,19,17,M2
M2-E19,20,17,M2
M2-E19,21,17,M2
M2-E19,22,23,M2
M2-E19,23,23,M2
M2-E19,24,17,M2
M2-E19,25,23,M2
M2-E19,26,17,M2
M2-E19,27,23,M2
M2-E19,28,23,M2
M2-E19,29,23,M2
M2-E19,30,17,M2
M2-E19,31,17,M2
M2-E19,32,23,M2
M2-E19,33,23,M2
M2-E19,34,17,M2
M2-E19,35,17,M2
M2-E19,36,23,M2
M2-E19,37,17,M2
M2-E19,38,23,M2
M2-E19,39,17,M2
M2-E19,40,23,M2
M2-E19,41,17,M2
M2-E19,42,17,M2
M2-E19,43,23,M2
M2-E19,44,23,M2
M2-E19,45,17,M2
M2-E19,46,23,M2
M2-E19,47,17,M2
M2-E19,48,23,M2
M2-E19,49,17,M2
M2-E19,50,17,M2
M2-E19,51,17,M2
M2-E19,52,17,M2
M2-E19,53,17,M2
M2-E19,54,23,M2
M2-E19,55,23,M2
M2-E19,56,17,M2
M2-E19,57,23,M2
M2-E19,58,23,M2
M2-E19,59,17,M2
M2-E19,60,17,M2
M2-E19,61,17,M2
M2-E19,62,17,M2
M2-E19,63,17,M2
M2-E19,64,23,M2
M2-E19,65,17,M2
M2-E19,66,23,M2
M2-E19,67,23,M2
M2-E19,68,17,M2
M2-E19,69,17,M2
M2-E19,70,23,M2
M2-E19,71,23,M2
M2-E19,72,23,M2
M2-E19,73,17,M2
M2-E19,74,23,M2
M2-E19,75,17,M2
M2-E19,76,17,M2
M2-E19,77,17,M2
M2-E19,78,23,M2
M2-E19,79,23,M2
M2-E19,80,23,M2
M2-E19,81,17,M2
M2-E19,82,17,M2
M2-E19,83,23,M2
M2-E19,84,23,M2
M2-E19,85,23,M2
M2-E19,86,17,M2
M2-E19,87,23,M2
M2-E19,88,23,M2
M2-E19,89,23,M2
M2-E19,90,23,M2
M2-E19,91,23,M2
M2-E19,92,23,M2
M2-E19,93,23,M2
M2-E19,94,23,M2
M2-E19,95,17,M2
M2-E19,96,23,M2
M2-E19,97,23,M2
M2-E19,98,17,M2
M2-E19,99,17,M2
M2-E01,0,17,M2
M2-E01,1,23,M2
M2-E01,2,17,M2
M2-E01,3,17,M2
M2-E01,4,17,M2
M2-E01,5,17,M2
M2-E01,6,23,M2
M2-E01,7,17,M2
M2-E01,8,23,M2
M2-E01,9,23,M2
M2-E01,10,17,M2
M2-E01,11,23,M2
M2-E01,12,23,M2
M2-E01,13,23,M2
M2-E01,14,17,M2
M2-E01,15,23,M2
M2-E01,16,23,M2
M2-E01,17,17,M2
M2-E01,18,23,M2
M2-E01,19,23,M2
M2-E01,20,23,M2
M2-E01,21,17,M2
M2-E01,22,23,M2
M2-E01,23,23,M2
M2-E01,24,23,M2
M2-E01,25,23,M2
M2-E01,26,17,M2
M2-E01,27,17,M2
M2-E01,28,17,M2
M2-E01,29,23,M2
M2-E01,30,23,M2
M2-E01,31,17,M2
M2-E01,32,23,M2
M2-E01,33,23,M2
M2-E01,34,17,M2
M2-E01,35,23,M2
M2-E01,36,17,M2
M2-E01,37,23,M2
M2-E01,38,17,M2
M2-E01,39,17,M2
M2-E01,40,23,M2
M2-E01,41,23,M2
M2-E01,42,23,M2
M2-E01,43,23,M2
M2-E01,44,17,M2
M2-E01,45,17,M2
M2-E01,46,23,M2
M2-E01,47,17,M2
M2-E01,48,17,M2
M2-E01,49,23,M2
M2-E01,50,17,M2
M2-E01,51,17,M2
M2-E01,52,17,M2
M2-E01,53,17,M2
M2-E01,54,23,M2
M2-E01,55,17,M2
M2-E01,56,23,M2
M2-E01,57,17,M2
M2-E01,58,23,M2
M2-E01,59,23,M2
M2-E01,60,17,M2
M2-E01,61,17,M2
M2-E01,62,17,M2
M2-E01,63,23,M2
M2-E01,64,17,M2
M2-E01,65,17,M2
M2-E01,66,17,M2
M2-E01,67,23,M2
M2-E01,68,23,M2
M2-E01,69,17,M2
M2-E01,70,23,M2
M2-E01,71,23,M2
M2-E01,72,23,M2
M2-E01,73,17,M2
M2-E01,74,17,M2
M2-E01,75,23,M2
M2-E01,76,23,M2
M2-E01,77,17,M2
M2-E01,78,23,M2
M2-E01,79,23,M2
M2-E01,80,17,M2
M2-E01,81,17,M2
M2-E01,82,23,M2
M2-E01,83,17,M2
M2-E01,84,17,M2
M2-E01,85,23,M2
M2-E01,86,23,M2
M2-E01,87,23,M2
M2-E01,88,17,M2
M2-E01,89,17,M2
M2-E01,90,17,M2
M2-E01,91,23,M2
M2-E01,92,17,M2
M2-E01,93,17,M2
M2-E01,94,17,M2
M2-E01,95,17,M2
M2-E01,96,23,M2
M2-E01,97,23,M2
M2-E01,98,23,M2
M2-E01,99,17,M2
M2-E11,0,17,M2
M2-E11,1,17,M2
M2-E11,2,23,M2
M2-E11,3,17,M2
M2-E11,4,17,M2
M2-E11,5,17,M2
M2-E11,6,17,M2
M2-E11,7,17,M2
M2-E11,8,17,M2
M2-E11,9,17,M2
M2-E11,10,17,M2
M2-E11,11,23,M2
M2-E11,12,23,M2
M2-E11,13,23,M2
M2-E11,14,23,M2
M2-E11,15,17,M2
M2-E11,16,17,M2
M2-E11,17,17,M2
M2-E11,18,17,M2
M2-E11,19,23,M2
M2-E11,20,23,M2
M2-E11,21,23,M2
M2-E11,22,17,M2
M2-E11,23,23,M2
M2-E11,24,17,M2
M2-E11,25,17,M2
M2-E11,26,23,M2
M2-E11,27,17,M2
M2-E11,28,23,M2
M2-E11,29,17,M2
M2-E11,30,23,M2
M2-E11,31,17,M2
M2-E11,32,23,M2
M2-E11,33,23,M2
M2-E11,34,17,M2
M2-E11,35,23,M2
M2-E11,36,23,M2
M2-E11,37,23,M2
M2-E11,38,23,M2
M2-E11,39,17,M2
M2-E11,40,23,M2
M2-E11,41,23,M2
M2-E11,42,23,M2
M2-E11,43,23,M2
M2-E11,44,17,M2
M2-E11,45,23,M2
M2-E11,46,17,M2
M2-E11,47,23,M2
M2-E11,48,17,M2
M2-E11,49,23,M2
M2-E11,50,17,M2
M2-E11,51,17,M2
M2-E11,52,17,M2
M2-E11,53,17,M2
M2-E11,54,17,M2
M2-E11,55,23,M2
M2-E11,56,17,M2
M2-E11,57,17,M2
M2-E11,58,17,M2
M2-E11,59,23,M2
M2-E11,60,17,M2
M2-E11,61,17,M2
M2-E11,62,23,M2
M2-E11,63,17,M2
M2-E11,64,23,M2
M2-E11,65,23,M2
M2-E11,66,17,M2
M2-E11,67,17,M2
M2-E11,68,23,M2
M2-E11,69,23,M2
M2-E11,70,17,M2
M2-E11,71,23,M2
M2-E11,72,23,M2
M2-E11,73,23,M2
M2-E11,74,23,M2
M2-E11,75,17,M2
M2-E11,76,23,M2
M2-E11,77,17,M2
M2-E11,78,17,M2
M2-E11,79,23,M2
M2-E11,80,23,M2
M2-E11,81,17,M2
M2-E11,82,23,M2
M2-E11,83,23,M2
M2-E11,84,23,M2
M2-E11,85,23,M2
M2-E11,86,17,M2
M2-E11,87,23,M2
M2-E11,88,17,M2
M2-E11,89,17,M2
M2-E11,90,17,M2
M2-E11,91,17,M2
M2-E11,92,23,M2
M2-E11,93,17,M2
M2-E11,94,23,M2
M2-E11,95,23,M2
M2-E11,96,17,M2
M2-E11,97,23,M2
M2-E11,98,23,M2
M2-E11,99,23,M2
M4-E14,0,10,M4
M4-E14,1,11,M4
M4-E14,2,10,M4
M4-E14,3,11,M4
M4-E14,4,10,M4
M4-E14,5,11,M4
M4-E14,6,10,M4
M4-E14,7,11,M4
M4-E14,8,10,M4
M4-E14,9,11,M4
M4-E14,10,10,M4
M4-E14,11,11,M4
M4-E14,12,10,M4
M4-E14,13,11,M4
M4-E14,14,10,M4
M4-E14,15,11,M4
M4-E14,16,10,M4
M4-E14,17,11,M4
M4-E14,18,10,M4
M4-E14,19,11,M4
M4-E14,20,10,M4
M4-E14,21,11,M4
M4-E14,22,10,M4
M4-E14,23,11,M4
M4-E14,24,10,M4
M4-E14,25,11,M4
M4-E14,26,10,M4
M4-E14,27,11,M4
M4-E14,28,10,M4
M4-E14,29,11,M4
M4-E14,30,10,M4
M4-E14,31,11,M4
M4-E14,32,10,M4
M4-E14,33,11,M4
M4-E14,34,10,M4
M4-E14,35,11,M4
M4-E14,36,10,M4
M4-E14,37,11,M4
M4-E14,38,10,M4
M4-E14,39,11,M4
M4-E14,40,10,M4
M4-E14,41,11,M4
M4-E14,42,10,M4
M4-E14,43,11,M4
M4-E14,44,10,M4
M4-E14,45,11,M4
M4-E14,46,10,M4
M4-E14,47,11,M4
M4-E14,48,10,M4
M4-E14,49,11,M4
M4-E14,50,10,M4
M4-E14,51,11,M4
M4-E14,52,10,M4
M4-E14,53,11,M4
M4-E14,54,10,M4
M4-E14,55,11,M4
M4-E14,56,10,M4
M4-E14,57,11,M4
M4-E14,58,10,M4
M4-E14,59,11,M4
M4-E14,60,10,M4
M4-E14,61,11,M4
M4-E14,62,10,M4
M4-E14,63,11,M4
M4-E14,64,10,M4
M4-E14,65,11,M4
M4-E14,66,10,M4
M4-E14,67,11,M4
M4-E14,68,10,M4
M4-E14,69,11,M4
M4-E14,70,10,M4
M4-E14,71,11,M4
M4-E14,72,10,M4
M4-E14,73,11,M4
M4-E14,74,10,M4
M4-E14,75,11,M4
M4-E14,76,10,M4
M4-E14,77,11,M4
M4-E14,78,10,M4
M4-E14,79,11,M4
M4-E14,80,10,M4
M4-E14,81,11,M4
M4-E14,82,10,M4
M4-E14,83,11,M4
M4-E14,84,10,M4
M4-E14,85,11,M4
M4-E14,86,10,M4
M4-E14,87,11,M4
M4-E14,88,10,M4
M4-E14,89,11,M4
M4-E14,90,10,M4
M4-E14,91,11,M4
M4-E14,92,10,M4
M4-E14,93,11,M4
M4-E14,94,10,M4
M4-E14,95,11,M4
M4-E14,96,10,M4
M4-E14,97,11,M4
M4-E14,98,10,M4
M4-E14,99,11,M4
M7-E12,0,17,M7
M7-E12,1,17,M7
M7-E12,2,17,M7
M7-E12,3,17,M7
M7-E12,4,17,M7
M7-E12,5,17,M7
M7-E12,6,17,M7
M7-E12,7,17,M7
M7-E12,8,17,M7
M7-E12,9,17,M7
M7-E12,10,17,M7
M7-E12,11,17,M7
M7-E12,12,17,M7
M7-E12,13,17,M7
M7-E12,14,17,M7
M7-E12,15,17,M7
M7-E12,16,17,M7
M7-E12,17,17,M7
M7-E12,18,17,M7
M7-E12,19,17,M7
M7-E12,20,17,M7
M7-E12,21,17,M7
M7-E12,22,17,M7
M7-E12,23,17,M7
M7-E12,24,17,M7
M7-E12,25,17,M7
M7-E12,26,17,M7
M7-E12,27,17,M7
M7-E12,28,17,M7
M7-E12,29,17,M7
M7-E12,30,17,M7
M7-E12,31,17,M7
M7-E12,32,17,M7
M7-E12,33,17,M7
M7-E12,34,17,M7
M7-E12,35,17,M7
M7-E12,36,17,M7
M7-E12,37,17,M7
M7-E12,38,17,M7
M7-E12,39,17,M7
M7-E12,40,17,M7
M7-E12,41,17,M7
M7-E12,42,17,M7
M7-E12,43,17,M7
M7-E12,44,17,M7
M7-E12,45,17,M7
M7-E12,46,17,M7
M7-E12,47,17,M7
M7-E12,48,17,M7
M7-E12,49,17,M7
M7-E12,50,17,M7
M7-E12,51,17,M7
M7-E12,52,17,M7
M7-E12,53,17,M7
M7-E12,54,17,M7
M7-E12,55,17,M7
M7-E12,56,17,M7
M7-E12,57,17,M7
M7-E12,58,17,M7
M7-E12,59,17,M7
M7-E12,60,17,M7
M7-E12,61,17,M7
M7-E12,62,17,M7
M7-E12,63,17,M7
M7-E12,64,17,M7
M7-E12,65,17,M7
M7-E12,66,17,M7
M7-E12,67,17,M7
M7-E12,68,17,M7
M7-E12,69,17,M7
M7-E12,70,17,M7
M7-E12,71,17,M7
M7-E12,72,17,M7
M7-E12,73,17,M7
M7-E12,74,17,M7
M7-E12,75,17,M7
M7-E12,76,17,M7
M7-E12,77,17,M7
M7-E12,78,17,M7
M7-E12,79,17,M7
M7-E12,80,17,M7
M7-E12,81,17,M7
M7-E12,82,17,M7
M7-E12,83,17,M7
M7-E12,84,17,M7
M7-E12,85,17,M7
M7-E12,86,17,M7
M7-E12,87,17,M7
M7-E12,88,17,M7
M7-E12,89,17,M7
M7-E12,90,17,M7
M7-E12,91,17,M7
M7-E12,92,17,M7
M7-E12,93,17,M7
M7-E12,94,17,M7
M7-E12,95,17,M7
M7-E12,96,17,M7
M7-E12,97,17,M7
M7-E12,98,17,M7
M7-E12,99,17,M7
M7-E19,0,17,M7
M7-E19,1,17,M7
M7-E19,2,17,M7
M7-E19,3,17,M7
M7-E19,4,17,M7
M7-E19,5,17,M7
M7-E19,6,17,M7
M7-E19,7,17,M7
M7-E19,8,17,M7
M7-E19,9,17,M7
M7-E19,10,17,M7
M7-E19,11,17,M7
M7-E19,12,17,M7
M7-E19,13,17,M7
M7-E19,14,17,M7
M7-E19,15,17,M7
M7-E19,16,17,M7
M7-E19,17,17,M7
M7-E19,18,17,M7
M7-E19,19,17,M7
M7-E19,20,17,M7
M7-E19,21,17,M7
M7-E19,22,17,M7
M7-E19,23,17,M7
M7-E19,24,17,M7
M7-E19,25,17,M7
M7-E19,26,17,M7
M7-E19,27,17,M7
M7-E19,28,17,M7
M7-E19,29,17,M7
M7-E19,30,17,M7
M7-E19,31,17,M7
M7-E19,32,17,M7
M7-E19,33,17,M7
M7-E19,34,17,M7
M7-E19,35,17,M7
M7-E19,36,17,M7
M7-E19,37,17,M7
M7-E19,38,17,M7
M7-E19,39,17,M7
M7-E19,40,17,M7
M7-E19,41,17,M7
M7-E19,42,17,M7
M7-E19,43,17,M7
M7-E19,44,17,M7
M7-E19,45,17,M7
M7-E19,46,17,M7
M7-E19,47,17,M7
M7-E19,48,17,M7
M7-E19,49,17,M7
M7-E19,50,17,M7
M7-E19,51,17,M7
M7-E19,52,17,M7
M7-E19,53,17,M7
M7-E19,54,17,M7
M7-E19,55,17,M7
M7-E19,56,17,M7
M7-E19,57,17,M7
M7-E19,58,17,M7
M7-E19,59,17,M7
M7-E19,60,17,M7
M7-E19,61,17,M7
M7-E19,62,17,M7
M7-E19,63,17,M7
M7-E19,64,17,M7
M7-E19,65,17,M7
M7-E19,66,17,M7
M7-E19,67,17,M7
M7-E19,68,17,M7
M7-E19,69,17,M7
M7-E19,70,17,M7
M7-E19,71,17,M7
M7-E19,72,17,M7
M7-E19,73,17,M7
M7-E19,74,17,M7
M7-E19,75,17,M7
M7-E19,76,17,M7
M7-E19,77,17,M7
M7-E19,78,17,M7
M7-E19,79,17,M7
M7-E19,80,17,M7
M7-E19,81,17,M7
M7-E19,82,17,M7
M7-E19,83,17,M7
M7-E19,84,17,M7
M7-E19,85,17,M7
M7-E19,86,17,M7
M7-E19,87,17,M7
M7-E19,88,17,M7
M7-E19,89,17,M7
M7-E19,90,17,M7
M7-E19,91,17,M7
M7-E19,92,17,M7
M7-E19,93,17,M7
M7-E19,94,17,M7
M7-E19,95,17,M7
M7-E19,96,17,M7
M7-E19,97,17,M7
M7-E19,98,17,M7
M7-E19,99,17,M7
M5-E04,0,10,M5
M5-E04,1,12,M5
M5-E04,2,10,M5
M5-E04,3,12,M5
M5-E04,4,10,M5
M5-E04,5,12,M5
M5-E04,6,10,M5
M5-E04,7,12,M5
M5-E04,8,10,M5
M5-E04,9,12,M5
M5-E04,10,10,M5
M5-E04,11,12,M5
M5-E04,12,10,M5
M5-E04,13,12,M5
M5-E04,14,10,M5
M5-E04,15,12,M5
M5-E04,16,10,M5
M5-E04,17,12,M5
M5-E04,18,10,M5
M5-E04,19,12,M5
M5-E04,20,10,M5
M5-E04,21,12,M5
M5-E04,22,10,M5
M5-E04,23,12,M5
M5-E04,24,10,M5
M5-E04,25,12,M5
M5-E04,26,10,M5
M5-E04,27,12,M5
M5-E04,28,10,M5
M5-E04,29,12,M5
M5-E04,30,10,M5
M5-E04,31,12,M5
M5-E04,32,10,M5
M5-E04,33,12,M5
M5-E04,34,10,M5
M5-E04,35,12,M5
M5-E04,36,10,M5
M5-E04,37,12,M5
M5-E04,38,10,M5
M5-E04,39,12,M5
M5-E04,40,10,M5
M5-E04,41,12,M5
M5-E04,42,10,M5
M5-E04,43,12,M5
M5-E04,44,10,M5
M5-E04,45,12,M5
M5-E04,46,10,M5
M5-E04,47,12,M5
M5-E04,48,10,M5
M5-E04,49,12,M5
M5-E04,50,10,M5
M5-E04,51,12,M5
M5-E04,52,10,M5
M5-E04,53,12,M5
M5-E04,54,10,M5
M5-E04,55,12,M5
M5-E04,56,10,M5
M5-E04,57,12,M5
M5-E04,58,10,M5
M5-E04,59,12,M5
M5-E04,60,10,M5
M5-E04,61,12,M5
M5-E04,62,10,M5
M5-E04,63,12,M5
M5-E04,64,10,M5
M5-E04,65,12,M5
M5-E04,66,10,M5
M5-E04,67,12,M5
M5-E04,68,10,M5
M5-E04,69,12,M5
M5-E04,70,10,M5
M5-E04,71,12,M5
M5-E04,72,10,M5
M5-E04,73,12,M5
M5-E04,74,10,M5
M5-E04,75,12,M5
M5-E04,76,10,M5
M5-E04,77,12,M5
M5-E04,78,10,M5
M5-E04,79,12,M5
M5-E04,80,10,M5
M5-E04,81,12,M5
M5-E04,82,10,M5
M5-E04,83,12,M5
M5-E04,84,10,M5
M5-E04,85,12,M5
M5-E04,86,10,M5
M5-E04,87,12,M5
M5-E04,88,10,M5
M5-E04,89,12,M5
M5-E04,90,10,M5
M5-E04,91,12,M5
M5-E04,92,10,M5
M5-E04,93,12,M5
M5-E04,94,10,M5
M5-E04,95,12,M5
M5-E04,96,10,M5
M5-E04,97,12,M5
M5-E04,98,10,M5
M5-E04,99,12,M5
M1-E11,0,17,M1
M1-E11,1,17,M1
M1-E11,2,17,M1
M1-E11,3,17,M1
M1-E11,4,17,M1
M1-E11,5,17,M1
M1-E11,6,17,M1
M1-E11,7,23,M1
M1-E11,8,17,M1
M1-E11,9,17,M1
M1-E11,10,17,M1
M1-E11,11,17,M1
M1-E11,12,17,M1
M1-E11,13,17,M1
M1-E11,14,17,M1
M1-E11,15,17,M1
M1-E11,16,17,M1
M1-E11,17,17,M1
M1-E11,18,17,M1
M1-E11,19,17,M1
M1-E11,20,17,M1
M1-E11,21,17,M1
M1-E11,22,17,M1
M1-E11,23,17,M1
M1-E11,24,17,M1
M1-E11,25,17,M1
M1-E11,26,17,M1
M1-E11,27,17,M1
M1-E11,28,17,M1
M1-E11,29,17,M1
M1-E11,30,17,M1
M1-E11,31,17,M1
M1-E11,32,17,M1
M1-E11,33,17,M1
M1-E11,34,17,M1
M1-E11,35,17,M1
M1-E11,36,17,M1
M1-E11,37,17,M1
M1-E11,38,17,M1
M1-E11,39,17,M1
M1-E11,40,17,M1
M1-E11,41,17,M1
M1-E11,42,17,M1
M1-E11,43,17,M1
M1-E11,44,17,M1
M1-E11,45,17,M1
M1-E11,46,17,M1
M1-E11,47,17,M1
M1-E11,48,17,M1
M1-E11,49,17,M1
M1-E11,50,17,M1
M1-E11,51,17,M1
M1-E11,52,17,M1
M1-E11,53,17,M1
M1-E11,54,17,M1
M1-E11,55,17,M1
M1-E11,56,17,M1
M1-E11,57,17,M1
M1-E11,58,17,M1
M1-E11,59,17,M1
M1-E11,60,17,M1
M1-E11,61,17,M1
M1-E11,62,17,M1
M1-E11,63,17,M1
M1-E11,64,17,M1
M1-E11,65,17,M1
M1-E11,66,17,M1
M1-E11,67,17,M1
M1-E11,68,17,M1
M1-E11,69,17,M1
M1-E11,70,17,M1
M1-E11,71,17,M1
M1-E11,72,17,M1
M1-E11,73,17,M1
M1-E11,74,17,M1
M1-E11,75,17,M1
M1-E11,76,17,M1
M1-E11,77,17,M1
M1-E11,78,17,M1
M1-E11,79,17,M1
M1-E11,80,17,M1
M1-E11,81,17,M1
M1-E11,82,17,M1
M1-E11,83,17,M1
M1-E11,84,17,M1
M1-E11,85,17,M1
M1-E11,86,17,M1
M1-E11,87,17,M1
M1-E11,88,17,M1
M1-E11,89,17,M1
M1-E11,90,17,M1
M1-E11,91,17,M1
M1-E11,92,17,M1
M1-E11,93,17,M1
M1-E11,94,17,M1
M1-E11,95,17,M1
M1-E11,96,17,M1
M1-E11,97,17,M1
M1-E11,98,17,M1
M1-E11,99,17,M1
M3-E12,0,109,M3
M3-E12,1,102,M3
M3-E12,2,103,M3
M3-E12,3,108,M3
M3-E12,4,108,M3
M3-E12,5,106,M3
M3-E12,6,109,M3
M3-E12,7,107,M3
M3-E12,8,105,M3
M3-E12,9,108,M3
M3-E12,10,105,M3
M3-E12,11,107,M3
M3-E12,12,101,M3
M3-E12,13,102,M3
M3-E12,14,108,M3
M3-E12,15,100,M3
M3-E12,16,109,M3
M3-E12,17,101,M3
M3-E12,18,101,M3
M3-E12,19,108,M3
M3-E12,20,109,M3
M3-E12,21,105,M3
M3-E12,22,108,M3
M3-E12,23,107,M3
M3-E12,24,106,M3
M3-E12,25,100,M3
M3-E12,26,105,M3
M3-E12,27,101,M3
M3-E12,28,109,M3
M3-E12,29,105,M3
M3-E12,30,100,M3
M3-E12,31,101,M3
M3-E12,32,103,M3
M3-E12,33,103,M3
M3-E12,34,108,M3
M3-E12,35,105,M3
M3-E12,36,101,M3
M3-E12,37,107,M3
M3-E12,38,103,M3
M3-E12,39,102,M3
M3-E12,40,104,M3
M3-E12,41,105,M3
M3-E12,42,108,M3
M3-E12,43,107,M3
M3-E12,44,109,M3
M3-E12,45,108,M3
M3-E12,46,103,M3
M3-E12,47,101,M3
M3-E12,48,106,M3
M3-E12,49,108,M3
M3-E12,50,105,M3
M3-E12,51,104,M3
M3-E12,52,104,M3
M3-E12,53,108,M3
M3-E12,54,103,M3
M3-E12,55,101,M3
M3-E12,56,106,M3
M3-E12,57,103,M3
M3-E12,58,105,M3
M3-E12,59,100,M3
M3-E12,60,105,M3
M3-E12,61,106,M3
M3-E12,62,107,M3
M3-E12,63,103,M3
M3-E12,64,108,M3
M3-E12,65,105,M3
M3-E12,66,106,M3
M3-E12,67,106,M3
M3-E12,68,104,M3
M3-E12,69,106,M3
M3-E12,70,101,M3
M3-E12,71,104,M3
M3-E12,72,105,M3
M3-E12,73,103,M3
M3-E12,74,107,M3
M3-E12,75,104,M3
M3-E12,76,102,M3
M3-E12,77,108,M3
M3-E12,78,105,M3
M3-E12,79,105,M3
M3-E12,80,107,M3
M3-E12,81,103,M3
M3-E12,82,102,M3
M3-E12,83,109,M3
M3-E12,84,101,M3
M3-E12,85,104,M3
M3-E12,86,106,M3
M3-E12,87,106,M3
M3-E12,88,103,M3
M3-E12,89,106,M3
M3-E12,90,107,M3
M3-E12,91,106,M3
M3-E12,92,103,M3
M3-E12,93,109,M3
M3-E12,94,101,M3
M3-E12,95,106,M3
M3-E12,96,107,M3
M3-E12,97,109,M3
M3-E12,98,109,M3
M3-E12,99,108,M3
M4-E03,0,10,M4
M4-E03,1,11,M4
M4-E03,2,10,M4
M4-E03,3,11,M4
M4-E03,4,10,M4
M4-E03,5,11,M4
M4-E03,6,10,M4
M4-E03,7,11,M4
M4-E03,8,10,M4
M4-E03,9,11,M4
M4-E03,10,10,M4
M4-E03,11,11,M4
M4-E03,12,10,M4
M4-E03,13,11,M4
M4-E03,14,10,M4
M4-E03,15,11,M4
M4-E03,16,10,M4
M4-E03,17,11,M4
M4-E03,18,10,M4
M4-E03,19,11,M4
M4-E03,20,10,M4
M4-E03,21,11,M4
M4-E03,22,10,M4
M4-E03,23,11,M4
M4-E03,24,10,M4
M4-E03,25,11,M4
M4-E03,26,10,M4
M4-E03,27,11,M4
M4-E03,28,10,M4
M4-E03,29,11,M4
M4-E03,30,10,M4
M4-E03,31,11,M4
M4-E03,32,10,M4
M4-E03,33,11,M4
M4-E03,34,10,M4
M4-E03,35,11,M4
M4-E03,36,10,M4
M4-E03,37,11,M4
M4-E03,38,10,M4
M4-E03,39,11,M4
M4-E03,40,10,M4
M4-E03,41,11,M4
M4-E03,42,10,M4
M4-E03,43,11,M4
M4-E03,44,10,M4
M4-E03,45,11,M4
M4-E03,46,10,M4
M4-E03,47,11,M4
M4-E03,48,10,M4
M4-E03,49,11,M4
M4-E03,50,10,M4
M4-E03,51,11,M4
M4-E03,52,10,M4
M4-E03,53,11,M4
M4-E03,54,10,M4
M4-E03,55,11,M4
M4-E03,56,10,M4
M4-E03,57,11,M4
M4-E03,58,10,M4
M4-E03,59,11,M4
M4-E03,60,10,M4
M4-E03,61,11,M4
M4-E03,62,10,M4
M4-E03,63,11,M4
M4-E03,64,10,M4
M4-E03,65,11,M4
M4-E03,66,10,M4
M4-E03,67,11,M4
M4-E03,68,10,M4
M4-E03,69,11,M4
M4-E03,70,10,M4
M4-E03,71,11,M4
M4-E03,72,10,M4
M4-E03,73,11,M4
M4-E03,74,10,M4
M4-E03,75,11,M4
M4-E03,76,10,M4
M4-E03,77,11,M4
M4-E03,78,10,M4
M4-E03,79,11,M4
M4-E03,80,10,M4
M4-E03,81,11,M4
M4-E03,82,10,M4
M4-E03,83,11,M4
M4-E03,84,10,M4
M4-E03,85,11,M4
M4-E03,86,10,M4
M4-E03,87,11,M4
M4-E03,88,10,M4
M4-E03,89,11,M4
M4-E03,90,10,M4
M4-E03,91,11,M4
M4-E03,92,10,M4
M4-E03,93,11,M4
M4-E03,94,10,M4
M4-E03,95,11,M4
M4-E03,96,10,M4
M4-E03,97,11,M4
M4-E03,98,10,M4
M4-E03,99,11,M4
M4-E01,0,10,M4
M4-E01,1,11,M4
M4-E01,2,10,M4
M4-E01,3,11,M4
M4-E01,4,10,M4
M4-E01,5,11,M4
M4-E01,6,10,M4
M4-E01,7,11,M4
M4-E01,8,10,M4
M4-E01,9,11,M4
M4-E01,10,10,M4
M4-E01,11,11,M4
M4-E01,12,10,M4
M4-E01,13,11,M4
M4-E01,14,10,M4
M4-E01,15,11,M4
M4-E01,16,10,M4
M4-E01,17,11,M4
M4-E01,18,10,M4
M4-E01,19,11,M4
M4-E01,20,10,M4
M4-E01,21,11,M4
M4-E01,22,10,M4
M4-E01,23,11,M4
M4-E01,24,10,M4
M4-E01,25,11,M4
M4-E01,26,10,M4
M4-E01,27,11,M4
M4-E01,28,10,M4
M4-E01,29,11,M4
M4-E01,30,10,M4
M4-E01,31,11,M4
M4-E01,32,10,M4
M4-E01,33,11,M4
M4-E01,34,10,M4
M4-E01,35,11,M4
M4-E01,36,10,M4
M4-E01,37,11,M4
M4-E01,38,10,M4
M4-E01,39,11,M4
M4-E01,40,10,M4
M4-E01,41,11,M4
M4-E01,42,10,M4
M4-E01,43,11,M4
M4-E01,44,10,M4
M4-E01,45,11,M4
M4-E01,46,10,M4
M4-E01,47,11,M4
M4-E01,48,10,M4
M4-E01,49,11,M4
M4-E01,50,10,M4
M4-E01,51,11,M4
M4-E01,52,10,M4
M4-E01,53,11,M4
M4-E01,54,10,M4
M4-E01,55,11,M4
M4-E01,56,10,M4
M4-E01,57,11,M4
M4-E01,58,10,M4
M4-E01,59,11,M4
M4-E01,60,10,M4
M4-E01,61,11,M4
M4-E01,62,10,M4
M4-E01,63,11,M4
M4-E01,64,10,M4
M4-E01,65,11,M4
M4-E01,66,10,M4
M4-E01,67,11,M4
M4-E01,68,10,M4
M4-E01,69,11,M4
M4-E01,70,10,M4
M4-E01,71,11,M4
M4-E01,72,10,M4
M4-E01,73,11,M4
M4-E01,74,10,M4
M4-E01,75,11,M4
M4-E01,76,10,M4
M4-E01,77,11,M4
M4-E01,78,10,M4
M4-E01,79,11,M4
M4-E01,80,10,M4
M4-E01,81,11,M4
M4-E01,82,10,M4
M4-E01,83,11,M4
M4-E01,84,10,M4
M4-E01,85,11,M4
M4-E01,86,10,M4
M4-E01,87,11,M4
M4-E01,88,10,M4
M4-E01,89,11,M4
M4-E01,90,10,M4
M4-E01,91,11,M4
M4-E01,92,10,M4
M4-E01,93,11,M4
M4-E01,94,10,M4
M4-E01,95,11,M4
M4-E01,96,10,M4
M4-E01,97,11,M4
M4-E01,98,10,M4
M4-E01,99,11,M4
M7-E05,0,17,M7
M7-E05,1,17,M7
M7-E05,2,17,M7
M7-E05,3,17,M7
M7-E05,4,17,M7
M7-E05,5,17,M7
M7-E05,6,17,M7
M7-E05,7,17,M7
M7-E05,8,17,M7
M7-E05,9,17,M7
M7-E05,10,17,M7
M7-E05,11,17,M7
M7-E05,12,17,M7
M7-E05,13,17,M7
M7-E05,14,17,M7
M7-E05,15,17,M7
M7-E05,16,17,M7
M7-E05,17,17,M7
M7-E05,18,17,M7
M7-E05,19,17,M7
M7-E05,20,17,M7
M7-E05,21,17,M7
M7-E05,22,17,M7
M7-E05,23,17,M7
M7-E05,24,17,M7
M7-E05,25,17,M7
M7-E05,26,17,M7
M7-E05,27,17,M7
M7-E05,28,17,M7
M7-E05,29,17,M7
M7-E05,30,17,M7
M7-E05,31,17,M7
M7-E05,32,17,M7
M7-E05,33,17,M7
M7-E05,34,17,M7
M7-E05,35,17,M7
M7-E05,36,17,M7
M7-E05,37,17,M7
M7-E05,38,17,M7
M7-E05,39,17,M7
M7-E05,40,17,M7
M7-E05,41,17,M7
M7-E05,42,17,M7
M7-E05,43,17,M7
M7-E05,44,17,M7
M7-E05,45,17,M7
M7-E05,46,17,M7
M7-E05,47,17,M7
M7-E05,48,17,M7
M7-E05,49,17,M7
M7-E05,50,17,M7
M7-E05,51,17,M7
M7-E05,52,17,M7
M7-E05,53,17,M7
M7-E05,54,17,M7
M7-E05,55,17,M7
M7-E05,56,17,M7
M7-E05,57,17,M7
M7-E05,58,17,M7
M7-E05,59,17,M7
M7-E05,60,17,M7
M7-E05,61,17,M7
M7-E05,62,17,M7
M7-E05,63,17,M7
M7-E05,64,17,M7
M7-E05,65,17,M7
M7-E05,66,17,M7
M7-E05,67,17,M7
M7-E05,68,17,M7
M7-E05,69,17,M7
M7-E05,70,17,M7
M7-E05,71,17,M7
M7-E05,72,17,M7
M7-E05,73,17,M7
M7-E05,74,17,M7
M7-E05,75,17,M7
M7-E05,76,17,M7
M7-E05,77,17,M7
M7-E05,78,17,M7
M7-E05,79,17,M7
M7-E05,80,17,M7
M7-E05,81,17,M7
M7-E05,82,17,M7
M7-E05,83,17,M7
M7-E05,84,17,M7
M7-E05,85,17,M7
M7-E05,86,17,M7
M7-E05,87,17,M7
M7-E05,88,17,M7
M7-E05,89,17,M7
M7-E05,90,17,M7
M7-E05,91,17,M7
M7-E05,92,17,M7
M7-E05,93,17,M7
M7-E05,94,17,M7
M7-E05,95,17,M7
M7-E05,96,17,M7
M7-E05,97,17,M7
M7-E05,98,17,M7
M7-E05,99,17,M7
M3-E05,0,103,M3
M3-E05,1,109,M3
M3-E05,2,109,M3
M3-E05,3,104,M3
M3-E05,4,105,M3
M3-E05,5,102,M3
M3-E05,6,100,M3
M3-E05,7,104,M3
M3-E05,8,105,M3
M3-E05,9,107,M3
M3-E05,10,101,M3
M3-E05,11,108,M3
M3-E05,12,102,M3
M3-E05,13,100,M3
M3-E05,14,102,M3
M3-E05,15,103,M3
M3-E05,16,102,M3
M3-E05,17,109,M3
M3-E05,18,104,M3
M3-E05,19,102,M3
M3-E05,20,102,M3
M3-E05,21,106,M3
M3-E05,22,109,M3
M3-E05,23,103,M3
M3-E05,24,108,M3
M3-E05,25,102,M3
M3-E05,26,104,M3
M3-E05,27,107,M3
M3-E05,28,103,M3
M3-E05,29,104,M3
M3-E05,30,101,M3
M3-E05,31,104,M3
M3-E05,32,108,M3
M3-E05,33,109,M3
M3-E05,34,107,M3
M3-E05,35,106,M3
M3-E05,36,107,M3
M3-E05,37,106,M3
M3-E05,38,105,M3
M3-E05,39,108,M3
M3-E05,40,103,M3
M3-E05,41,109,M3
M3-E05,42,103,M3
M3-E05,43,100,M3
M3-E05,44,102,M3
M3-E05,45,107,M3
M3-E05,46,104,M3
M3-E05,47,104,M3
M3-E05,48,108,M3
M3-E05,49,102,M3
M3-E05,50,109,M3
M3-E05,51,105,M3
M3-E05,52,106,M3
M3-E05,53,107,M3
M3-E05,54,101,M3
M3-E05,55,106,M3
M3-E05,56,101,M3
M3-E05,57,102,M3
M3-E05,58,109,M3
M3-E05,59,103,M3
M3-E05,60,107,M3
M3-E05,61,102,M3
M3-E05,62,102,M3
M3-E05,63,108,M3
M3-E05,64,103,M3
M3-E05,65,107,M3
M3-E05,66,106,M3
M3-E05,67,103,M3
M3-E05,68,104,M3
M3-E05,69,107,M3
M3-E05,70,104,M3
M3-E05,71,108,M3
M3-E05,72,100,M3
M3-E05,73,100,M3
M3-E05,74,102,M3
M3-E05,75,104,M3
M3-E05,76,108,M3
M3-E05,77,104,M3
M3-E05,78,102,M3
M3-E05,79,105,M3
M3-E05,80,102,M3
M3-E05,81,100,M3
M3-E05,82,101,M3
M3-E05,83,103,M3
M3-E05,84,100,M3
M3-E05,85,100,M3
M3-E05,86,100,M3
M3-E05,87,104,M3
M3-E05,88,107,M3
M3-E05,89,104,M3
M3-E05,90,107,M3
M3-E05,91,101,M3
M3-E05,92,107,M3
M3-E05,93,101,M3
M3-E05,94,109,M3
M3-E05,95,108,M3
M3-E05,96,101,M3
M3-E05,97,109,M3
M3-E05,98,105,M3
M3-E05,99,102,M3
M2-E09,0,17,M2
M2-E09,1,23,M2
M2-E09,2,17,M2
M2-E09,3,23,M2
M2-E09,4,23,M2
M2-E09,5,23,M2
M2-E09,6,23,M2
M2-E09,7,23,M2
M2-E09,8,23,M2
M2-E09,9,23,M2
M2-E09,10,17,M2
M2-E09,11,17,M2
M2-E09,12,17,M2
M2-E09,13,17,M2
M2-E09,14,17,M2
M2-E09,15,23,M2
M2-E09,16,23,M2
M2-E09,17,17,M2
M2-E09,18,23,M2
M2-E09,19,17,M2
M2-E09,20,23,M2
M2-E09,21,23,M2
M2-E09,22,23,M2
M2-E09,23,17,M2
M2-E09,24,23,M2
M2-E09,25,23,M2
M2-E09,26,17,M2
M2-E09,27,17,M2
M2-E09,28,17,M2
M2-E09,29,17,M2
M2-E09,30,23,M2
M2-E09,31,23,M2
M2-E09,32,23,M2
M2-E09,33,17,M2
M2-E09,34,17,M2
M2-E09,35,17,M2
M2-E09,36,17,M2
M2-E09,37,17,M2
M2-E09,38,17,M2
M2-E09,39,17,M2
M2-E09,40,17,M2
M2-E09,41,17,M2
M2-E09,42,17,M2
M2-E09,43,17,M2
M2-E09,44,17,M2
M2-E09,45,17,M2
M2-E09,46,17,M2
M2-E09,47,23,M2
M2-E09,48,23,M2
M2-E09,49,23,M2
M2-E09,50,17,M2
M2-E09,51,17,M2
M2-E09,52,23,M2
M2-E09,53,23,M2
M2-E09,54,17,M2
M2-E09,55,17,M2
M2-E09,56,17,M2
M2-E09,57,17,M2
M2-E09,58,17,M2
M2-E09,59,23,M2
M2-E09,60,23,M2
M2-E09,61,23,M2
M2-E09,62,23,M2
M2-E09,63,17,M2
M2-E09,64,23,M2
M2-E09,65,23,M2
M2-E09,66,23,M2
M2-E09,67,17,M2
M2-E09,68,17,M2
M2-E09,69,23,M2
M2-E09,70,23,M2
M2-E09,71,23,M2
M2-E09,72,23,M2
M2-E09,73,17,M2
M2-E09,74,23,M2
M2-E09,75,23,M2
M2-E09,76,23,M2
M2-E09,77,23,M2
M2-E09,78,17,M2
M2-E09,79,23,M2
M2-E09,80,23,M2
M2-E09,81,17,M2
M2-E09,82,23,M2
M2-E09,83,23,M2
M2-E09,84,23,M2
M2-E09,85,23,M2
M2-E09,86,17,M2
M2-E09,87,17,M2
M2-E09,88,23,M2
M2-E09,89,17,M2
M2-E09,90,17,M2
M2-E09,91,23,M2
M2-E09,92,17,M2
M2-E09,93,23,M2
M2-E09,94,17,M2
M2-E09,95,23,M2
M2-E09,96,23,M2
M2-E09,97,17,M2
M2-E09,98,17,M2
M2-E09,99,17,M2
M0-E13,0,17,M0
M0-E13,1,17,M0
M0-E13,2,17,M0
M0-E13,3,17,M0
M0-E13,4,17,M0
M0-E13,5,17,M0
M0-E13,6,17,M0
M0-E13,7,17,M0
M0-E13,8,17,M0
M0-E13,9,17,M0
M0-E13,10,17,M0
M0-E13,11,17,M0
M0-E13,12,17,M0
M0-E13,13,17,M0
M0-E13,14,17,M0
M0-E13,15,17,M0
M0-E13,16,17,M0
M0-E13,17,17,M0
M0-E13,18,17,M0
M0-E13,19,17,M0
M0-E13,20,17,M0
M0-E13,21,17,M0
M0-E13,22,17,M0
M0-E13,23,17,M0
M0-E13,24,17,M0
M0-E13,25,17,M0
M0-E13,26,17,M0
M0-E13,27,17,M0
M0-E13,28,17,M0
M0-E13,29,17,M0
M0-E13,30,17,M0
M0-E13,31,17,M0
M0-E13,32,17,M0
M0-E13,33,17,M0
M0-E13,34,17,M0
M0-E13,35,17,M0
M0-E13,36,17,M0
M0-E13,37,17,M0
M0-E13,38,17,M0
M0-E13,39,17,M0
M0-E13,40,17,M0
M0-E13,41,17,M0
M0-E13,42,17,M0
M0-E13,43,17,M0
M0-E13,44,17,M0
M0-E13,45,17,M0
M0-E13,46,17,M0
M0-E13,47,17,M0
M0-E13,48,17,M0
M0-E13,49,17,M0
M0-E13,50,17,M0
M0-E13,51,17,M0
M0-E13,52,17,M0
M0-E13,53,17,M0
M0-E13,54,17,M0
M0-E13,55,17,M0
M0-E13,56,17,M0
M0-E13,57,17,M0
M0-E13,58,17,M0
M0-E13,59,17,M0
M0-E13,60,17,M0
M0-E13,61,17,M0
M0-E13,62,17,M0
M0-E13,63,17,M0
M0-E13,64,17,M0
M0-E13,65,17,M0
M0-E13,66,17,M0
M0-E13,67,17,M0
M0-E13,68,17,M0
M0-E13,69,17,M0
M0-E13,70,17,M0
M0-E13,71,17,M0
M0-E13,72,17,M0
M0-E13,73,17,M0
M0-E13,74,17,M0
M0-E13,75,17,M0
M0-E13,76,17,M0
M0-E13,77,17,M0
M0-E13,78,17,M0
M0-E13,79,17,M0
M0-E13,80,17,M0
M0-E13,81,17,M0
M0-E13,82,17,M0
M0-E13,83,17,M0
M0-E13,84,17,M0
M0-E13,85,17,M0
M0-E13,86,17,M0
M0-E13,87,17,M0
M0-E13,88,17,M0
M0-E13,89,17,M0
M0-E13,90,17,M0
M0-E13,91,17,M0
M0-E13,92,17,M0
M0-E13,93,17,M0
M0-E13,94,17,M0
M0-E13,95,17,M0
M0-E13,96,17,M0
M0-E13,97,17,M0
M0-E13,98,17,M0
M0-E13,99,17,M0
M5-E08,0,10,M5
M5-E08,1,12,M5
M5-E08,2,10,M5
M5-E08,3,12,M5
M5-E08,4,10,M5
M5-E08,5,12,M5
M5-E08,6,10,M5
M5-E08,7,12,M5
M5-E08,8,10,M5
M5-E08,9,12,M5
M5-E08,10,10,M5
M5-E08,11,12,M5
M5-E08,12,10,M5
M5-E08,13,12,M5
M5-E08,14,10,M5
M5-E08,15,12,M5
M5-E08,16,10,M5
M5-E08,17,12,M5
M5-E08,18,10,M5
M5-E08,19,12,M5
M5-E08,20,10,M5
M5-E08,21,12,M5
M5-E08,22,10,M5
M5-E08,23,12,M5
M5-E08,24,10,M5
M5-E08,25,12,M5
M5-E08,26,10,M5
M5-E08,27,12,M5
M5-E08,28,10,M5
M5-E08,29,12,M5
M5-E08,30,10,M5
M5-E08,31,12,M5
M5-E08,32,10,M5
M5-E08,33,12,M5
M5-E08,34,10,M5
M5-E08,35,12,M5
M5-E08,36,10,M5
M5-E08,37,12,M5
M5-E08,38,10,M5
M5-E08,39,12,M5
M5-E08,40,10,M5
M5-E08,41,12,M5
M5-E08,42,10,M5
M5-E08,43,12,M5
M5-E08,44,10,M5
M5-E08,45,12,M5
M5-E08,46,10,M5
M5-E08,47,12,M5
M5-E08,48,10,M5
M5-E08,49,12,M5
M5-E08,50,10,M5
M5-E08,51,12,M5
M5-E08,52,10,M5
M5-E08,53,12,M5
M5-E08,54,10,M5
M5-E08,55,12,M5
M5-E08,56,10,M5
M5-E08,57,12,M5
M5-E08,58,10,M5
M5-E08,59,12,M5
M5-E08,60,10,M5
M5-E08,61,12,M5
M5-E08,62,10,M5
M5-E08,63,12,M5
M5-E08,64,10,M5
M5-E08,65,12,M5
M5-E08,66,10,M5
M5-E08,67,12,M5
M5-E08,68,10,M5
M5-E08,69,12,M5
M5-E08,70,10,M5
M5-E08,71,12,M5
M5-E08,72,10,M5
M5-E08,73,12,M5
M5-E08,74,10,M5
M5-E08,75,12,M5
M5-E08,76,10,M5
M5-E08,77,12,M5
M5-E08,78,10,M5
M5-E08,79,12,M5
M5-E08,80,10,M5
M5-E08,81,12,M5
M5-E08,82,10,M5
M5-E08,83,12,M5
M5-E08,84,10,M5
M5-E08,85,12,M5
M5-E08,86,10,M5
M5-E08,87,12,M5
M5-E08,88,10,M5
M5-E08,89,12,M5
M5-E08,90,10,M5
M5-E08,91,12,M5
M5-E08,92,10,M5
M5-E08,93,12,M5
M5-E08,94,10,M5
M5-E08,95,12,M5
M5-E08,96,10,M5
M5-E08,97,12,M5
M5-E08,98,10,M5
M5-E08,99,12,M5
M3-E00,0,108,M3
M3-E00,1,101,M3
M3-E00,2,105,M3
M3-E00,3,104,M3
M3-E00,4,106,M3
M3-E00,5,109,M3
M3-E00,6,104,M3
M3-E00,7,101,M3
M3-E00,8,103,M3
M3-E00,9,105,M3
M3-E00,10,104,M3
M3-E00,11,109,M3
M3-E00,12,104,M3
M3-E00,13,108,M3
M3-E00,14,108,M3
M3-E00,15,100,M3
M3-E00,16,106,M3
M3-E00,17,104,M3
M3-E00,18,105,M3
M3-E00,19,108,M3
M3-E00,20,102,M3
M3-E00,21,104,M3
M3-E00,22,107,M3
M3-E00,23,108,M3
M3-E00,24,106,M3
M3-E00,25,105,M3
M3-E00,26,105,M3
M3-E00,27,105,M3
M3-E00,28,102,M3
M3-E00,29,106,M3
M3-E00,30,101,M3
M3-E00,31,100,M3
M3-E00,32,107,M3
M3-E00,33,107,M3
M3-E00,34,107,M3
M3-E00,35,104,M3
M3-E00,36,104,M3
M3-E00,37,101,M3
M3-E00,38,101,M3
M3-E00,39,101,M3
M3-E00,40,104,M3
M3-E00,41,109,M3
M3-E00,42,104,M3
M3-E00,43,109,M3
M3-E00,44,102,M3
M3-E00,45,109,M3
M3-E00,46,104,M3
M3-E00,47,104,M3
M3-E00,48,105,M3
M3-E00,49,109,M3
M3-E00,50,101,M3
M3-E00,51,103,M3
M3-E00,52,109,M3
M3-E00,53,106,M3
M3-E00,54,109,M3
M3-E00,55,106,M3
M3-E00,56,101,M3
M3-E00,57,105,M3
M3-E00,58,109,M3
M3-E00,59,102,M3
M3-E00,60,109,M3
M3-E00,61,106,M3
M3-E00,62,102,M3
M3-E00,63,105,M3
M3-E00,64,102,M3
M3-E00,65,100,M3
M3-E00,66,108,M3
M3-E00,67,102,M3
M3-E00,68,105,M3
M3-E00,69,104,M3
M3-E00,70,103,M3
M3-E00,71,107,M3
M3-E00,72,106,M3
M3-E00,73,106,M3
M3-E00,74,101,M3
M3-E00,75,101,M3
M3-E00,76,109,M3
M3-E00,77,103,M3
M3-E00,78,108,M3
M3-E00,79,108,M3
M3-E00,80,108,M3
M3-E00,81,101,M3
M3-E00,82,103,M3
M3-E00,83,102,M3
M3-E00,84,105,M3
M3-E00,85,100,M3
M3-E00,86,101,M3
M3-E00,87,101,M3
M3-E00,88,107,M3
M3-E00,89,108,M3
M3-E00,90,106,M3
M3-E00,91,108,M3
M3-E00,92,108,M3
M3-E00,93,109,M3
M3-E00,94,101,M3
M3-E00,95,103,M3
M3-E00,96,107,M3
M3-E00,97,103,M3
M3-E00,98,103,M3
M3-E00,99,105,M3
M6-E17,0,37,M6
M6-E17,1,37,M6
M6-E17,2,37,M6
M6-E17,3,37,M6
M6-E17,4,37,M6
M6-E17,5,37,M6
M6-E17,6,37,M6
M6-E17,7,37,M6
M6-E17,8,37,M6
M6-E17,9,37,M6
M6-E17,10,37,M6
M6-E17,11,37,M6
M6-E17,12,37,M6
M6-E17,13,37,M6
M6-E17,14,37,M6
M6-E17,15,37,M6
M6-E17,16,37,M6
M6-E17,17,37,M6
M6-E17,18,37,M6
M6-E17,19,37,M6
M6-E17,20,37,M6
M6-E17,21,37,M6
M6-E17,22,37,M6
M6-E17,23,37,M6
M6-E17,24,37,M6
M6-E17,25,37,M6
M6-E17,26,37,M6
M6-E17,27,37,M6
M6-E17,28,37,M6
M6-E17,29,37,M6
M6-E17,30,37,M6
M6-E17,31,37,M6
M6-E17,32,37,M6
M6-E17,33,37,M6
M6-E17,34,37,M6
M6-E17,35,37,M6
M6-E17,36,37,M6
M6-E17,37,37,M6
M6-E17,38,37,M6
M6-E17,39,37,M6
M6-E17,40,37,M6
M6-E17,41,37,M6
M6-E17,42,37,M6
M6-E17,43,37,M6
M6-E17,44,37,M6
M6-E17,45,37,M6
M6-E17,46,37,M6
M6-E17,47,37,M6
M6-E17,48,37,M6
M6-E17,49,37,M6
M6-E17,50,37,M6
M6-E17,51,37,M6
M6-E17,52,37,M6
M6-E17,53,37,M6
M6-E17,54,37,M6
M6-E17,55,37,M6
M6-E17,56,37,M6
M6-E17,57,37,M6
M6-E17,58,37,M6
M6-E17,59,37,M6
M6-E17,60,37,M6
M6-E17,61,37,M6
M6-E17,62,37,M6
M6-E17,63,37,M6
M6-E17,64,37,M6
M6-E17,65,37,M6
M6-E17,66,37,M6
M6-E17,67,37,M6
M6-E17,68,37,M6
M6-E17,69,37,M6
M6-E17,70,37,M6
M6-E17,71,37,M6
M6-E17,72,37,M6
M6-E17,73,37,M6
M6-E17,74,37,M6
M6-E17,75,37,M6
M6-E17,76,37,M6
M6-E17,77,37,M6
M6-E17,78,37,M6
M6-E17,79,37,M6
M6-E17,80,37,M6
M6-E17,81,37,M6
M6-E17,82,37,M6
M6-E17,83,37,M6
M6-E17,84,37,M6
M6-E17,85,37,M6
M6-E17,86,37,M6
M6-E17,87,37,M6
M6-E17,88,37,M6
M6-E17,89,37,M6
M6-E17,90,37,M6
M6-E17,91,37,M6
M6-E17,92,37,M6
M6-E17,93,37,M6
M6-E17,94,37,M6
M6-E17,95,37,M6
M6-E17,96,37,M6
M6-E17,97,37,M6
M6-E17,98,37,M6
M6-E17,99,37,M6
M6-E16,0,36,M6
M6-E16,1,36,M6
M6-E16,2,36,M6
M6-E16,3,36,M6
M6-E16,4,36,M6
M6-E16,5,36,M6
M6-E16,6,36,M6
M6-E16,7,36,M6
M6-E16,8,36,M6
M6-E16,9,36,M6
M6-E16,10,36,M6
M6-E16,11,36,M6
M6-E16,12,36,M6
M6-E16,13,36,M6
M6-E16,14,36,M6
M6-E16,15,36,M6
M6-E16,16,36,M6
M6-E16,17,36,M6
M6-E16,18,36,M6
M6-E16,19,36,M6
M6-E16,20,36,M6
M6-E16,21,36,M6
M6-E16,22,36,M6
M6-E16,23,36,M6
M6-E16,24,36,M6
M6-E16,25,36,M6
M6-E16,26,36,M6
M6-E16,27,36,M6
M6-E16,28,36,M6
M6-E16,29,36,M6
M6-E16,30,36,M6
M6-E16,31,36,M6
M6-E16,32,36,M6
M6-E16,33,36,M6
M6-E16,34,36,M6
M6-E16,35,36,M6
M6-E16,36,36,M6
M6-E16,37,36,M6
M6-E16,38,36,M6
M6-E16,39,36,M6
M6-E16,40,36,M6
M6-E16,41,36,M6
M6-E16,42,36,M6
M6-E16,43,36,M6
M6-E16,44,36,M6
M6-E16,45,36,M6
M6-E16,46,36,M6
M6-E16,47,36,M6
M6-E16,48,36,M6
M6-E16,49,36,M6
M6-E16,50,36,M6
M6-E16,51,36,M6
M6-E16,52,36,M6
M6-E16,53,36,M6
M6-E16,54,36,M6
M6-E16,55,36,M6
M6-E16,56,36,M6
M6-E16,57,36,M6
M6-E16,58,36,M6
M6-E16,59,36,M6
M6-E16,60,36,M6
M6-E16,61,36,M6
M6-E16,62,36,M6
M6-E16,63,36,M6
M6-E16,64,36,M6
M6-E16,65,36,M6
M6-E16,66,36,M6
M6-E16,67,36,M6
M6-E16,68,36,M6
M6-E16,69,36,M6
M6-E16,70,36,M6
M6-E16,71,36,M6
M6-E16,72,36,M6
M6-E16,73,36,M6
M6-E16,74,36,M6
M6-E16,75,36,M6
M6-E16,76,36,M6
M6-E16,77,36,M6
M6-E16,78,36,M6
M6-E16,79,36,M6
M6-E16,80,36,M6
M6-E16,81,36,M6
M6-E16,82,36,M6
M6-E16,83,36,M6
M6-E16,84,36,M6
M6-E16,85,36,M6
M6-E16,86,36,M6
M6-E16,87,36,M6
M6-E16,88,36,M6
M6-E16,89,36,M6
M6-E16,90,36,M6
M6-E16,91,36,M6
M6-E16,92,36,M6
M6-E16,93,36,M6
M6-E16,94,36,M6
M6-E16,95,36,M6
M6-E16,96,36,M6
M6-E16,97,36,M6
M6-E16,98,36,M6
M6-E16,99,36,M6
M5-E12,0,10,M5
M5-E12,1,12,M5
M5-E12,2,10,M5
M5-E12,3,12,M5
M5-E12,4,10,M5
M5-E12,5,12,M5
M5-E12,6,10,M5
M5-E12,7,12,M5
M5-E12,8,10,M5
M5-E12,9,12,M5
M5-E12,10,10,M5
M5-E12,11,12,M5
M5-E12,12,10,M5
M5-E12,13,12,M5
M5-E12,14,10,M5
M5-E12,15,12,M5
M5-E12,16,10,M5
M5-E12,17,12,M5
M5-E12,18,10,M5
M5-E12,19,12,M5
M5-E12,20,10,M5
M5-E12,21,12,M5
M5-E12,22,10,M5
M5-E12,23,12,M5
M5-E12,24,10,M5
M5-E12,25,12,M5
M5-E12,26,10,M5
M5-E12,27,12,M5
M5-E12,28,10,M5
M5-E12,29,12,M5
M5-E12,30,10,M5
M5-E12,31,12,M5
M5-E12,32,10,M5
M5-E12,33,12,M5
M5-E12,34,10,M5
M5-E12,35,12,M5
M5-E12,36,10,M5
M5-E12,37,12,M5
M5-E12,38,10,M5
M5-E12,39,12,M5
M5-E12,40,10,M5
M5-E12,41,12,M5
M5-E12,42,10,M5
M5-E12,43,12,M5
M5-E12,44,10,M5
M5-E12,45,12,M5
M5-E12,46,10,M5
M5-E12,47,12,M5
M5-E12,48,10,M5
M5-E12,49,12,M5
M5-E12,50,10,M5
M5-E12,51,12,M5
M5-E12,52,10,M5
M5-E12,53,12,M5
M5-E12,54,10,M5
M5-E12,55,12,M5
M5-E12,56,10,M5
M5-E12,57,12,M5
M5-E12,58,10,M5
M5-E12,59,12,M5
M5-E12,60,10,M5
M5-E12,61,12,M5
M5-E12,62,10,M5
M5-E12,63,12,M5
M5-E12,64,10,M5
M5-E12,65,12,M5
M5-E12,66,10,M5
M5-E12,67,12,M5
M5-E12,68,10,M5
M5-E12,69,12,M5
M5-E12,70,10,M5
M5-E12,71,12,M5
M5-E12,72,10,M5
M5-E12,73,12,M5
M5-E12,74,10,M5
M5-E12,75,12,M5
M5-E12,76,10,M5
M5-E12,77,12,M5
M5-E12,78,10,M5
M5-E12,79,12,M5
M5-E12,80,10,M5
M5-E12,81,12,M5
M5-E12,82,10,M5
M5-E12,83,12,M5
M5-E12,84,10,M5
M5-E12,85,12,M5
M5-E12,86,10,M5
M5-E12,87,12,M5
M5-E12,88,10,M5
M5-E12,89,12,M5
M5-E12,90,10,M5
M5-E12,91,12,M5
M5-E12,92,10,M5
M5-E12,93,12,M5
M5-E12,94,10,M5
M5-E12,95,12,M5
M5-E12,96,10,M5
M5-E12,97,12,M5
M5-E12,98,10,M5
M5-E12,99,12,M5
M3-E14,0,106,M3
M3-E14,1,106,M3
M3-E14,2,108,M3
M3-E14,3,109,M3
M3-E14,4,103,M3
M3-E14,5,105,M3
M3-E14,6,105,M3
M3-E14,7,103,M3
M3-E14,8,102,M3
M3-E14,9,106,M3
M3-E14,10,106,M3
M3-E14,11,106,M3
M3-E14,12,109,M3
M3-E14,13,109,M3
M3-E14,14,106,M3
M3-E14,15,109,M3
M3-E14,16,104,M3
M3-E14,17,106,M3
M3-E14,18,102,M3
M3-E14,19,109,M3
M3-E14,20,100,M3
M3-E14,21,109,M3
M3-E14,22,104,M3
M3-E14,23,105,M3
M3-E14,24,108,M3
M3-E14,25,102,M3
M3-E14,26,104,M3
M3-E14,27,107,M3
M3-E14,28,108,M3
M3-E14,29,101,M3
M3-E14,30,100,M3
M3-E14,31,105,M3
M3-E14,32,106,M3
M3-E14,33,102,M3
M3-E14,34,105,M3
M3-E14,35,100,M3
M3-E14,36,102,M3
M3-E14,37,107,M3
M3-E14,38,109,M3
M3-E14,39,102,M3
M3-E14,40,102,M3
M3-E14,41,102,M3
M3-E14,42,107,M3
M3-E14,43,100,M3
M3-E14,44,106,M3
M3-E14,45,102,M3
M3-E14,46,109,M3
M3-E14,47,108,M3
M3-E14,48,105,M3
M3-E14,49,106,M3
M3-E14,50,103,M3
M3-E14,51,101,M3
M3-E14,52,100,M3
M3-E14,53,100,M3
M3-E14,54,104,M3
M3-E14,55,103,M3
M3-E14,56,107,M3
M3-E14,57,100,M3
M3-E14,58,100,M3
M3-E14,59,107,M3
M3-E14,60,106,M3
M3-E14,61,103,M3
M3-E14,62,102,M3
M3-E14,63,102,M3
M3-E14,64,102,M3
M3-E14,65,107,M3
M3-E14,66,100,M3
M3-E14,67,107,M3
M3-E14,68,106,M3
M3-E14,69,106,M3
M3-E14,70,105,M3
M3-E14,71,109,M3
M3-E14,72,104,M3
M3-E14,73,104,M3
M3-E14,74,103,M3
M3-E14,75,109,M3
M3-E14,76,100,M3
M3-E14,77,109,M3
M3-E14,78,108,M3
M3-E14,79,101,M3
M3-E14,80,100,M3
M3-E14,81,104,M3
M3-E14,82,107,M3
M3-E14,83,107,M3
M3-E14,84,101,M3
M3-E14,85,108,M3
M3-E14,86,107,M3
M3-E14,87,109,M3
M3-E14,88,103,M3
M3-E14,89,108,M3
M3-E14,90,109,M3
M3-E14,91,107,M3
M3-E14,92,102,M3
M3-E14,93,106,M3
M3-E14,94,107,M3
M3-E14,95,103,M3
M3-E14,96,104,M3
M3-E14,97,107,M3
M3-E14,98,104,M3
M3-E14,99,102,M3
M7-E18,0,17,M7
M7-E18,1,17,M7
M7-E18,2,17,M7
M7-E18,3,17,M7
M7-E18,4,17,M7
M7-E18,5,17,M7
M7-E18,6,17,M7
M7-E18,7,17,M7
M7-E18,8,17,M7
M7-E18,9,17,M7
M7-E18,10,17,M7
M7-E18,11,17,M7
M7-E18,12,17,M7
M7-E18,13,17,M7
M7-E18,14,17,M7
M7-E18,15,17,M7
M7-E18,16,17,M7
M7-E18,17,17,M7
M7-E18,18,17,M7
M7-E18,19,17,M7
M7-E18,20,17,M7
M7-E18,21,17,M7
M7-E18,22,17,M7
M7-E18,23,17,M7
M7-E18,24,17,M7
M7-E18,25,17,M7
M7-E18,26,17,M7
M7-E18,27,17,M7
M7-E18,28,17,M7
M7-E18,29,17,M7
M7-E18,30,17,M7
M7-E18,31,17,M7
M7-E18,32,17,M7
M7-E18,33,17,M7
M7-E18,34,17,M7
M7-E18,35,17,M7
M7-E18,36,17,M7
M7-E18,37,17,M7
M7-E18,38,17,M7
M7-E18,39,17,M7
M7-E18,40,17,M7
M7-E18,41,17,M7
M7-E18,42,17,M7
M7-E18,43,17,M7
M7-E18,44,17,M7
M7-E18,45,17,M7
M7-E18,46,17,M7
M7-E18,47,17,M7
M7-E18,48,17,M7
M7-E18,49,17,M7
M7-E18,50,17,M7
M7-E18,51,17,M7
M7-E18,52,17,M7
M7-E18,53,17,M7
M7-E18,54,17,M7
M7-E18,55,17,M7
M7-E18,56,17,M7
M7-E18,57,17,M7
M7-E18,58,17,M7
M7-E18,59,17,M7
M7-E18,60,17,M7
M7-E18,61,17,M7
M7-E18,62,17,M7
M7-E18,63,17,M7
M7-E18,64,17,M7
M7-E18,65,17,M7
M7-E18,66,17,M7
M7-E18,67,17,M7
M7-E18,68,17,M7
M7-E18,69,17,M7
M7-E18,70,17,M7
M7-E18,71,17,M7
M7-E18,72,17,M7
M7-E18,73,17,M7
M7-E18,74,17,M7
M7-E18,75,17,M7
M7-E18,76,17,M7
M7-E18,77,17,M7
M7-E18,78,17,M7
M7-E18,79,17,M7
M7-E18,80,17,M7
M7-E18,81,17,M7
M7-E18,82,17,M7
M7-E18,83,17,M7
M7-E18,84,17,M7
M7-E18,85,17,M7
M7-E18,86,17,M7
M7-E18,87,17,M7
M7-E18,88,17,M7
M7-E18,89,17,M7
M7-E18,90,17,M7
M7-E18,91,17,M7
M7-E18,92,17,M7
M7-E18,93,17,M7
M7-E18,94,17,M7
M7-E18,95,17,M7
M7-E18,96,17,M7
M7-E18,97,17,M7
M7-E18,98,17,M7
M7-E18,99,17,M7
M6-E00,0,30,M6
M6-E00,1,30,M6
M6-E00,2,30,M6
M6-E00,3,30,M6
M6-E00,4,30,M6
M6-E00,5,30,M6
M6-E00,6,30,M6
M6-E00,7,30,M6
M6-E00,8,30,M6
M6-E00,9,30,M6
M6-E00,10,30,M6
M6-E00,11,30,M6
M6-E00,12,30,M6
M6-E00,13,30,M6
M6-E00,14,30,M6
M6-E00,15,30,M6
M6-E00,16,30,M6
M6-E00,17,30,M6
M6-E00,18,30,M6
M6-E00,19,30,M6
M6-E00,20,30,M6
M6-E00,21,30,M6
M6-E00,22,30,M6
M6-E00,23,30,M6
M6-E00,24,30,M6
M6-E00,25,30,M6
M6-E00,26,30,M6
M6-E00,27,30,M6
M6-E00,28,30,M6
M6-E00,29,30,M6
M6-E00,30,30,M6
M6-E00,31,30,M6
M6-E00,32,30,M6
M6-E00,33,30,M6
M6-E00,34,30,M6
M6-E00,35,30,M6
M6-E00,36,30,M6
M6-E00,37,30,M6
M6-E00,38,30,M6
M6-E00,39,30,M6
M6-E00,40,30,M6
M6-E00,41,30,M6
M6-E00,42,30,M6
M6-E00,43,30,M6
M6-E00,44,30,M6
M6-E00,45,30,M6
M6-E00,46,30,M6
M6-E00,47,30,M6
M6-E00,48,30,M6
M6-E00,49,30,M6
M6-E00,50,30,M6
M6-E00,51,30,M6
M6-E00,52,30,M6
M6-E00,53,30,M6
M6-E00,54,30,M6
M6-E00,55,30,M6
M6-E00,56,30,M6
M6-E00,57,30,M6
M6-E00,58,30,M6
M6-E00,59,30,M6
M6-E00,60,30,M6
M6-E00,61,30,M6
M6-E00,62,30,M6
M6-E00,63,30,M6
M6-E00,64,30,M6
M6-E00,65,30,M6
M6-E00,66,30,M6
M6-E00,67,30,M6
M6-E00,68,30,M6
M6-E00,69,30,M6
M6-E00,70,30,M6
M6-E00,71,30,M6
M6-E00,72,30,M6
M6-E00,73,30,M6
M6-E00,74,30,M6
M6-E00,75,30,M6
M6-E00,76,30,M6
M6-E00,77,30,M6
M6-E00,78,30,M6
M6-E00,79,30,M6
M6-E00,80,30,M6
M6-E00,81,30,M6
M6-E00,82,30,M6
M6-E00,83,30,M6
M6-E00,84,30,M6
M6-E00,85,30,M6
M6-E00,86,30,M6
M6-E00,87,30,M6
M6-E00,88,30,M6
M6-E00,89,30,M6
M6-E00,90,30,M6
M6-E00,91,30,M6
M6-E00,92,30,M6
M6-E00,93,30,M6
M6-E00,94,30,M6
M6-E00,95,30,M6
M6-E00,96,30,M6
M6-E00,97,30,M6
M6-E00,98,30,M6
M6-E00,99,30,M6
M4-E06,0,10,M4
M4-E06,1,11,M4
M4-E06,2,10,M4
M4-E06,3,11,M4
M4-E06,4,10,M4
M4-E06,5,11,M4
M4-E06,6,10,M4
M4-E06,7,11,M4
M4-E06,8,10,M4
M4-E06,9,11,M4
M4-E06,10,10,M4
M4-E06,11,11,M4
M4-E06,12,10,M4
M4-E06,13,11,M4
M4-E06,14,10,M4
M4-E06,15,11,M4
M4-E06,16,10,M4
M4-E06,17,11,M4
M4-E06,18,10,M4
M4-E06,19,11,M4
M4-E06,20,10,M4
M4-E06,21,11,M4
M4-E06,22,10,M4
M4-E06,23,11,M4
M4-E06,24,10,M4
M4-E06,25,11,M4
M4-E06,26,10,M4
M4-E06,27,11,M4
M4-E06,28,10,M4
M4-E06,29,11,M4
M4-E06,30,10,M4
M4-E06,31,11,M4
M4-E06,32,10,M4
M4-E06,33,11,M4
M4-E06,34,10,M4
M4-E06,35,11,M4
M4-E06,36,10,M4
M4-E06,37,11,M4
M4-E06,38,10,M4
M4-E06,39,11,M4
M4-E06,40,10,M4
M4-E06,41,11,M4
M4-E06,42,10,M4
M4-E06,43,11,M4
M4-E06,44,10,M4
M4-E06,45,11,M4
M4-E06,46,10,M4
M4-E06,47,11,M4
M4-E06,48,10,M4
M4-E06,49,11,M4
M4-E06,50,10,M4
M4-E06,51,11,M4
M4-E06,52,10,M4
M4-E06,53,11,M4
M4-E06,54,10,M4
M4-E06,55,11,M4
M4-E06,56,10,M4
M4-E06,57,11,M4
M4-E06,58,10,M4
M4-E06,59,11,M4
M4-E06,60,10,M4
M4-E06,61,11,M4
M4-E06,62,10,M4
M4-E06,63,11,M4
M4-E06,64,10,M4
M4-E06,65,11,M4
M4-E06,66,10,M4
M4-E06,67,11,M4
M4-E06,68,10,M4
M4-E06,69,11,M4
M4-E06,70,10,M4
M4-E06,71,11,M4
M4-E06,72,10,M4
M4-E06,73,11,M4
M4-E06,74,10,M4
M4-E06,75,11,M4
M4-E06,76,10,M4
M4-E06,77,11,M4
M4-E06,78,10,M4
M4-E06,79,11,M4
M4-E06,80,10,M4
M4-E06,81,11,M4
M4-E06,82,10,M4
M4-E06,83,11,M4
M4-E06,84,10,M4
M4-E06,85,11,M4
M4-E06,86,10,M4
M4-E06,87,11,M4
M4-E06,88,10,M4
M4-E06,89,11,M4
M4-E06,90,10,M4
M4-E06,91,11,M4
M4-E06,92,10,M4
M4-E06,93,11,M4
M4-E06,94,10,M4
M4-E06,95,11,M4
M4-E06,96,10,M4
M4-E06,97,11,M4
M4-E06,98,10,M4
M4-E06,99,11,M4
M5-E14,0,10,M5
M5-E14,1,12,M5
M5-E14,2,10,M5
M5-E14,3,12,M5
M5-E14,4,10,M5
M5-E14,5,12,M5
M5-E14,6,10,M5
M5-E14,7,12,M5
M5-E14,8,10,M5
M5-E14,9,12,M5
M5-E14,10,10,M5
M5-E14,11,12,M5
M5-E14,12,10,M5
M5-E14,13,12,M5
M5-E14,14,10,M5
M5-E14,15,12,M5
M5-E14,16,10,M5
M5-E14,17,12,M5
M5-E14,18,10,M5
M5-E14,19,12,M5
M5-E14,20,10,M5
M5-E14,21,12,M5
M5-E14,22,10,M5
M5-E14,23,12,M5
M5-E14,24,10,M5
M5-E14,25,12,M5
M5-E14,26,10,M5
M5-E14,27,12,M5
M5-E14,28,10,M5
M5-E14,29,12,M5
M5-E14,30,10,M5
M5-E14,31,12,M5
M5-E14,32,10,M5
M5-E14,33,12,M5
M5-E14,34,10,M5
M5-E14,35,12,M5
M5-E14,36,10,M5
M5-E14,37,12,M5
M5-E14,38,10,M5
M5-E14,39,12,M5
M5-E14,40,10,M5
M5-E14,41,12,M5
M5-E14,42,10,M5
M5-E14,43,12,M5
M5-E14,44,10,M5
M5-E14,45,12,M5
M5-E14,46,10,M5
M5-E14,47,12,M5
M5-E14,48,10,M5
M5-E14,49,12,M5
M5-E14,50,10,M5
M5-E14,51,12,M5
M5-E14,52,10,M5
M5-E14,53,12,M5
M5-E14,54,10,M5
M5-E14,55,12,M5
M5-E14,56,10,M5
M5-E14,57,12,M5
M5-E14,58,10,M5
M5-E14,59,12,M5
M5-E14,60,10,M5
M5-E14,61,12,M5
M5-E14,62,10,M5
M5-E14,63,12,M5
M5-E14,64,10,M5
M5-E14,65,12,M5
M5-E14,66,10,M5
M5-E14,67,12,M5
M5-E14,68,10,M5
M5-E14,69,12,M5
M5-E14,70,10,M5
M5-E14,71,12,M5
M5-E14,72,10,M5
M5-E14,73,12,M5
M5-E14,74,10,M5
M5-E14,75,12,M5
M5-E14,76,10,M5
M5-E14,77,12,M5
M5-E14,78,10,M5
M5-E14,79,12,M5
M5-E14,80,10,M5
M5-E14,81,12,M5
M5-E14,82,10,M5
M5-E14,83,12,M5
M5-E14,84,10,M5
M5-E14,85,12,M5
M5-E14,86,10,M5
M5-E14,87,12,M5
M5-E14,88,10,M5
M5-E14,89,12,M5
M5-E14,90,10,M5
M5-E14,91,12,M5
M5-E14,92,10,M5
M5-E14,93,12,M5
M5-E14,94,10,M5
M5-E14,95,12,M5
M5-E14,96,10,M5
M5-E14,97,12,M5
M5-E14,98,10,M5
M5-E14,99,12,M5
M1-E14,0,17,M1
M1-E14,1,17,M1
M1-E14,2,17,M1
M1-E14,3,17,M1
M1-E14,4,17,M1
M1-E14,5,17,M1
M1-E14,6,17,M1
M1-E14,7,17,M1
M1-E14,8,17,M1
M1-E14,9,23,M1
M1-E14,10,17,M1
M1-E14,11,17,M1
M1-E14,12,17,M1
M1-E14,13,17,M1
M1-E14,14,17,M1
M1-E14,15,17,M1
M1-E14,16,17,M1
M1-E14,17,17,M1
M1-E14,18,17,M1
M1-E14,19,17,M1
M1-E14,20,17,M1
M1-E14,21,17,M1
M1-E14,22,17,M1
M1-E14,23,17,M1
M1-E14,24,17,M1
M1-E14,25,17,M1
M1-E14,26,17,M1
M1-E14,27,17,M1
M1-E14,28,17,M1
M1-E14,29,17,M1
M1-E14,30,17,M1
M1-E14,31,17,M1
M1-E14,32,17,M1
M1-E14,33,17,M1
M1-E14,34,17,M1
M1-E14,35,17,M1
M1-E14,36,17,M1
M1-E14,37,17,M1
M1-E14,38,17,M1
M1-E14,39,17,M1
M1-E14,40,17,M1
M1-E14,41,17,M1
M1-E14,42,17,M1
M1-E14,43,17,M1
M1-E14,44,17,M1
M1-E14,45,17,M1
M1-E14,46,17,M1
M1-E14,47,17,M1
M1-E14,48,17,M1
M1-E14,49,17,M1
M1-E14,50,17,M1
M1-E14,51,17,M1
M1-E14,52,17,M1
M1-E14,53,17,M1
M1-E14,54,17,M1
M1-E14,55,17,M1
M1-E14,56,17,M1
M1-E14,57,17,M1
M1-E14,58,17,M1
M1-E14,59,17,M1
M1-E14,60,17,M1
M1-E14,61,17,M1
M1-E14,62,17,M1
M1-E14,63,17,M1
M1-E14,64,17,M1
M1-E14,65,17,M1
M1-E14,66,17,M1
M1-E14,67,17,M1
M1-E14,68,17,M1
M1-E14,69,17,M1
M1-E14,70,17,M1
M1-E14,71,17,M1
M1-E14,72,17,M1
M1-E14,73,17,M1
M1-E14,74,17,M1
M1-E14,75,17,M1
M1-E14,76,17,M1
M1-E14,77,17,M1
M1-E14,78,17,M1
M1-E14,79,17,M1
M1-E14,80,17,M1
M1-E14,81,17,M1
M1-E14,82,17,M1
M1-E14,83,17,M1
M1-E14,84,17,M1
M1-E14,85,17,M1
M1-E14,86,17,M1
M1-E14,87,17,M1
M1-E14,88,17,M1
M1-E14,89,17,M1
M1-E14,90,17,M1
M1-E14,91,17,M1
M1-E14,92,17,M1
M1-E14,93,17,M1
M1-E14,94,17,M1
M1-E14,95,17,M1
M1-E14,96,17,M1
M1-E14,97,17,M1
M1-E14,98,17,M1
M1-E14,99,17,M1
M7-E07,0,17,M7
M7-E07,1,17,M7
M7-E07,2,17,M7
M7-E07,3,17,M7
M7-E07,4,17,M7
M7-E07,5,17,M7
M7-E07,6,17,M7
M7-E07,7,17,M7
M7-E07,8,17,M7
M7-E07,9,17,M7
M7-E07,10,17,M7
M7-E07,11,17,M7
M7-E07,12,17,M7
M7-E07,13,17,M7
M7-E07,14,17,M7
M7-E07,15,17,M7
M7-E07,16,17,M7
M7-E07,17,17,M7
M7-E07,18,17,M7
M7-E07,19,17,M7
M7-E07,20,17,M7
M7-E07,21,17,M7
M7-E07,22,17,M7
M7-E07,23,17,M7
M7-E07,24,17,M7
M7-E07,25,17,M7
M7-E07,26,17,M7
M7-E07,27,17,M7
M7-E07,28,17,M7
M7-E07,29,17,M7
M7-E07,30,17,M7
M7-E07,31,17,M7
M7-E07,32,17,M7
M7-E07,33,17,M7
M7-E07,34,17,M7
M7-E07,35,17,M7
M7-E07,36,17,M7
M7-E07,37,17,M7
M7-E07,38,17,M7
M7-E07,39,17,M7
M7-E07,40,17,M7
M7-E07,41,17,M7
M7-E07,42,17,M7
M7-E07,43,17,M7
M7-E07,44,17,M7
M7-E07,45,17,M7
M7-E07,46,17,M7
M7-E07,47,17,M7
M7-E07,48,17,M7
M7-E07,49,17,M7
M7-E07,50,17,M7
M7-E07,51,17,M7
M7-E07,52,17,M7
M7-E07,53,17,M7
M7-E07,54,17,M7
M7-E07,55,17,M7
M7-E07,56,17,M7
M7-E07,57,17,M7
M7-E07,58,17,M7
M7-E07,59,17,M7
M7-E07,60,17,M7
M7-E07,61,17,M7
M7-E07,62,17,M7
M7-E07,63,17,M7
M7-E07,64,17,M7
M7-E07,65,17,M7
M7-E07,66,17,M7
M7-E07,67,17,M7
M7-E07,68,17,M7
M7-E07,69,17,M7
M7-E07,70,17,M7
M7-E07,71,17,M7
M7-E07,72,17,M7
M7-E07,73,17,M7
M7-E07,74,17,M7
M7-E07,75,17,M7
M7-E07,76,17,M7
M7-E07,77,17,M7
M7-E07,78,17,M7
M7-E07,79,17,M7
M7-E07,80,17,M7
M7-E07,81,17,M7
M7-E07,82,17,M7
M7-E07,83,17,M7
M7-E07,84,17,M7
M7-E07,85,17,M7
M7-E07,86,17,M7
M7-E07,87,17,M7
M7-E07,88,17,M7
M7-E07,89,17,M7
M7-E07,90,17,M7
M7-E07,91,17,M7
M7-E07,92,17,M7
M7-E07,93,17,M7
M7-E07,94,17,M7
M7-E07,95,17,M7
M7-E07,96,17,M7
M7-E07,97,17,M7
M7-E07,98,17,M7
M7-E07,99,17,M7
M0-E09,0,17,M0
M0-E09,1,17,M0
M0-E09,2,17,M0
M0-E09,3,17,M0
M0-E09,4,17,M0
M0-E09,5,17,M0
M0-E09,6,17,M0
M0-E09,7,17,M0
M0-E09,8,17,M0
M0-E09,9,17,M0
M0-E09,10,17,M0
M0-E09,11,17,M0
M0-E09,12,17,M0
M0-E09,13,17,M0
M0-E09,14,17,M0
M0-E09,15,17,M0
M0-E09,16,17,M0
M0-E09,17,17,M0
M0-E09,18,17,M0
M0-E09,19,17,M0
M0-E09,20,17,M0
M0-E09,21,17,M0
M0-E09,22,17,M0
M0-E09,23,17,M0
M0-E09,24,17,M0
M0-E09,25,17,M0
M0-E09,26,17,M0
M0-E09,27,17,M0
M0-E09,28,17,M0
M0-E09,29,17,M0
M0-E09,30,17,M0
M0-E09,31,17,M0
M0-E09,32,17,M0
M0-E09,33,17,M0
M0-E09,34,17,M0
M0-E09,35,17,M0
M0-E09,36,17,M0
M0-E09,37,17,M0
M0-E09,38,17,M0
M0-E09,39,17,M0
M0-E09,40,17,M0
M0-E09,41,17,M0
M0-E09,42,17,M0
M0-E09,43,17,M0
M0-E09,44,17,M0
M0-E09,45,17,M0
M0-E09,46,17,M0
M0-E09,47,17,M0
M0-E09,48,17,M0
M0-E09,49,17,M0
M0-E09,50,17,M0
M0-E09,51,17,M0
M0-E09,52,17,M0
M0-E09,53,17,M0
M0-E09,54,17,M0
M0-E09,55,17,M0
M0-E09,56,17,M0
M0-E09,57,17,M0
M0-E09,58,17,M0
M0-E09,59,17,M0
M0-E09,60,17,M0
M0-E09,61,17,M0
M0-E09,62,17,M0
M0-E09,63,17,M0
M0-E09,64,17,M0
M0-E09,65,17,M0
M0-E09,66,17,M0
M0-E09,67,17,M0
M0-E09,68,17,M0
M0-E09,69,17,M0
M0-E09,70,17,M0
M0-E09,71,17,M0
M0-E09,72,17,M0
M0-E09,73,17,M0
M0-E09,74,17,M0
M0-E09,75,17,M0
M0-E09,76,17,M0
M0-E09,77,17,M0
M0-E09,78,17,M0
M0-E09,79,17,M0
M0-E09,80,17,M0
M0-E09,81,17,M0
M0-E09,82,17,M0
M0-E09,83,17,M0
M0-E09,84,17,M0
M0-E09,85,17,M0
M0-E09,86,17,M0
M0-E09,87,17,M0
M0-E09,88,17,M0
M0-E09,89,17,M0
M0-E09,90,17,M0
M0-E09,91,17,M0
M0-E09,92,17,M0
M0-E09,93,17,M0
M0-E09,94,17,M0
M0-E09,95,17,M0
M0-E09,96,17,M0
M0-E09,97,17,M0
M0-E09,98,17,M0
M0-E09,99,17,M0
M1-E13,0,17,M1
M1-E13,1,17,M1
M1-E13,2,17,M1
M1-E13,3,17,M1
M1-E13,4,17,M1
M1-E13,5,17,M1
M1-E13,6,17,M1
M1-E13,7,17,M1
M1-E13,8,17,M1
M1-E13,9,17,M1
M1-E13,10,17,M1
M1-E13,11,17,M1
M1-E13,12,17,M1
M1-E13,13,17,M1
M1-E13,14,17,M1
M1-E13,15,17,M1
M1-E13,16,17,M1
M1-E13,17,17,M1
M1-E13,18,17,M1
M1-E13,19,17,M1
M1-E13,20,17,M1
M1-E13,21,17,M1
M1-E13,22,17,M1
M1-E13,23,17,M1
M1-E13,24,17,M1
M1-E13,25,17,M1
M1-E13,26,17,M1
M1-E13,27,17,M1
M1-E13,28,17,M1
M1-E13,29,17,M1
M1-E13,30,17,M1
M1-E13,31,17,M1
M1-E13,32,17,M1
M1-E13,33,17,M1
M1-E13,34,17,M1
M1-E13,35,17,M1
M1-E13,36,17,M1
M1-E13,37,17,M1
M1-E13,38,17,M1
M1-E13,39,17,M1
M1-E13,40,17,M1
M1-E13,41,17,M1
M1-E13,42,17,M1
M1-E13,43,17,M1
M1-E13,44,17,M1
M1-E13,45,17,M1
M1-E13,46,17,M1
M1-E13,47,17,M1
M1-E13,48,17,M1
M1-E13,49,17,M1
M1-E13,50,17,M1
M1-E13,51,17,M1
M1-E13,52,17,M1
M1-E13,53,23,M1
M1-E13,54,17,M1
M1-E13,55,17,M1
M1-E13,56,17,M1
M1-E13,57,17,M1
M1-E13,58,17,M1
M1-E13,59,17,M1
M1-E13,60,17,M1
M1-E13,61,17,M1
M1-E13,62,17,M1
M1-E13,63,17,M1
M1-E13,64,17,M1
M1-E13,65,17,M1
M1-E13,66,17,M1
M1-E13,67,17,M1
M1-E13,68,17,M1
M1-E13,69,17,M1
M1-E13,70,17,M1
M1-E13,71,17,M1
M1-E13,72,17,M1
M1-E13,73,17,M1
M1-E13,74,17,M1
M1-E13,75,17,M1
M1-E13,76,17,M1
M1-E13,77,17,M1
M1-E13,78,17,M1
M1-E13,79,17,M1
M1-E13,80,17,M1
M1-E13,81,17,M1
M1-E13,82,17,M1
M1-E13,83,17,M1
M1-E13,84,17,M1
M1-E13,85,17,M1
M1-E13,86,17,M1
M1-E13,87,17,M1
M1-E13,88,17,M1
M1-E13,89,17,M1
M1-E13,90,17,M1
M1-E13,91,17,M1
M1-E13,92,17,M1
M1-E13,93,17,M1
M1-E13,94,17,M1
M1-E13,95,17,M1
M1-E13,96,17,M1
M1-E13,97,17,M1
M1-E13,98,17,M1
M1-E13,99,17,M1
M7-E01,0,17,M7
M7-E01,1,17,M7
M7-E01,2,17,M7
M7-E01,3,17,M7
M7-E01,4,17,M7
M7-E01,5,17,M7
M7-E01,6,17,M7
M7-E01,7,17,M7
M7-E01,8,17,M7
M7-E01,9,17,M7
M7-E01,10,17,M7
M7-E01,11,17,M7
M7-E01,12,17,M7
M7-E01,13,17,M7
M7-E01,14,17,M7
M7-E01,15,17,M7
M7-E01,16,17,M7
M7-E01,17,17,M7
M7-E01,18,17,M7
M7-E01,19,17,M7
M7-E01,20,17,M7
M7-E01,21,17,M7
M7-E01,22,17,M7
M7-E01,23,17,M7
M7-E01,24,17,M7
M7-E01,25,17,M7
M7-E01,26,17,M7
M7-E01,27,17,M7
M7-E01,28,17,M7
M7-E01,29,17,M7
M7-E01,30,17,M7
M7-E01,31,17,M7
M7-E01,32,17,M7
M7-E01,33,17,M7
M7-E01,34,17,M7
M7-E01,35,17,M7
M7-E01,36,17,M7
M7-E01,37,17,M7
M7-E01,38,17,M7
M7-E01,39,17,M7
M7-E01,40,17,M7
M7-E01,41,17,M7
M7-E01,42,17,M7
M7-E01,43,17,M7
M7-E01,44,17,M7
M7-E01,45,17,M7
M7-E01,46,17,M7
M7-E01,47,17,M7
M7-E01,48,17,M7
M7-E01,49,17,M7
M7-E01,50,17,M7
M7-E01,51,17,M7
M7-E01,52,17,M7
M7-E01,53,17,M7
M7-E01,54,17,M7
M7-E01,55,17,M7
M7-E01,56,17,M7
M7-E01,57,17,M7
M7-E01,58,17,M7
M7-E01,59,17,M7
M7-E01,60,17,M7
M7-E01,61,17,M7
M7-E01,62,17,M7
M7-E01,63,17,M7
M7-E01,64,17,M7
M7-E01,65,17,M7
M7-E01,66,17,M7
M7-E01,67,17,M7
M7-E01,68,17,M7
M7-E01,69,17,M7
M7-E01,70,17,M7
M7-E01,71,17,M7
M7-E01,72,17,M7
M7-E01,73,17,M7
M7-E01,74,17,M7
M7-E01,75,17,M7
M7-E01,76,17,M7
M7-E01,77,17,M7
M7-E01,78,17,M7
M7-E01,79,17,M7
M7-E01,80,17,M7
M7-E01,81,17,M7
M7-E01,82,17,M7
M7-E01,83,17,M7
M7-E01,84,17,M7
M7-E01,85,17,M7
M7-E01,86,17,M7
M7-E01,87,17,M7
M7-E01,88,17,M7
M7-E01,89,17,M7
M7-E01,90,17,M7
M7-E01,91,17,M7
M7-E01,92,17,M7
M7-E01,93,17,M7
M7-E01,94,17,M7
M7-E01,95,17,M7
M7-E01,96,17,M7
M7-E01,97,17,M7
M7-E01,98,17,M7
M7-E01,99,17,M7
M2-E04,0,17,M2
M2-E04,1,17,M2
M2-E04,2,23,M2
M2-E04,3,23,M2
M2-E04,4,17,M2
M2-E04,5,17,M2
M2-E04,6,23,M2
M2-E04,7,23,M2
M2-E04,8,23,M2
M2-E04,9,23,M2
M2-E04,10,17,M2
M2-E04,11,17,M2
M2-E04,12,23,M2
M2-E04,13,17,M2
M2-E04,14,23,M2
M2-E04,15,23,M2
M2-E04,16,23,M2
M2-E04,17,17,M2
M2-E04,18,23,M2
M2-E04,19,23,M2
M2-E04,20,17,M2
M2-E04,21,23,M2
M2-E04,22,23,M2
M2-E04,23,17,M2
M2-E04,24,17,M2
M2-E04,25,23,M2
M2-E04,26,23,M2
M2-E04,27,17,M2
M2-E04,28,23,M2
M2-E04,29,17,M2
M2-E04,30,17,M2
M2-E04,31,17,M2
M2-E04,32,23,M2
M2-E04,33,17,M2
M2-E04,34,17,M2
M2-E04,35,17,M2
M2-E04,36,17,M2
M2-E04,37,23,M2
M2-E04,38,23,M2
M2-E04,39,17,M2
M2-E04,40,17,M2
M2-E04,41,17,M2
M2-E04,42,17,M2
M2-E04,43,23,M2
M2-E04,44,17,M2
M2-E04,45,17,M2
M2-E04,46,23,M2
M2-E04,47,23,M2
M2-E04,48,23,M2
M2-E04,49,23,M2
M2-E04,50,17,M2
M2-E04,51,23,M2
M2-E04,52,23,M2
M2-E04,53,17,M2
M2-E04,54,17,M2
M2-E04,55,23,M2
M2-E04,56,17,M2
M2-E04,57,17,M2
M2-E04,58,23,M2
M2-E04,59,23,M2
M2-E04,60,23,M2
M2-E04,61,23,M2
M2-E04,62,17,M2
M2-E04,63,23,M2
M2-E04,64,17,M2
M2-E04,65,17,M2
M2-E04,66,17,M2
M2-E04,67,17,M2
M2-E04,68,23,M2
M2-E04,69,23,M2
M2-E04,70,23,M2
M2-E04,71,23,M2
M2-E04,72,17,M2
M2-E04,73,17,M2
M2-E04,74,23,M2
M2-E04,75,17,M2
M2-E04,76,23,M2
M2-E04,77,17,M2
M2-E04,78,17,M2
M2-E04,79,17,M2
M2-E04,80,23,M2
M2-E04,81,23,M2
M2-E04,82,23,M2
M2-E04,83,17,M2
M2-E04,84,17,M2
M2-E04,85,17,M2
M2-E04,86,17,M2
M2-E04,87,23,M2
M2-E04,88,17,M2
M2-E04,89,17,M2
M2-E04,90,17,M2
M2-E04,91,23,M2
M2-E04,92,23,M2
M2-E04,93,23,M2
M2-E04,94,23,M2
M2-E04,95,23,M2
M2-E04,96,23,M2
M2-E04,97,17,M2
M2-E04,98,23,M2
M2-E04,99,17,M2
M1-E12,0,17,M1
M1-E12,1,17,M1
M1-E12,2,17,M1
M1-E12,3,17,M1
M1-E12,4,17,M1
M1-E12,5,17,M1
M1-E12,6,17,M1
M1-E12,7,17,M1
M1-E12,8,17,M1
M1-E12,9,17,M1
M1-E12,10,17,M1
M1-E12,11,17,M1
M1-E12,12,17,M1
M1-E12,13,17,M1
M1-E12,14,17,M1
M1-E12,15,17,M1
M1-E12,16,17,M1
M1-E12,17,17,M1
M1-E12,18,17,M1
M1-E12,19,17,M1
M1-E12,20,17,M1
M1-E12,21,17,M1
M1-E12,22,17,M1
M1-E12,23,17,M1
M1-E12,24,17,M1
M1-E12,25,17,M1
M1-E12,26,17,M1
M1-E12,27,17,M1
M1-E12,28,17,M1
M1-E12,29,17,M1
M1-E12,30,17,M1
M1-E12,31,17,M1
M1-E12,32,17,M1
M1-E12,33,17,M1
M1-E12,34,17,M1
M1-E12,35,17,M1
M1-E12,36,17,M1
M1-E12,37,17,M1
M1-E12,38,17,M1
M1-E12,39,17,M1
M1-E12,40,17,M1
M1-E12,41,17,M1
M1-E12,42,17,M1
M1-E12,43,17,M1
M1-E12,44,17,M1
M1-E12,45,17,M1
M1-E12,46,17,M1
M1-E12,47,17,M1
M1-E12,48,17,M1
M1-E12,49,17,M1
M1-E12,50,17,M1
M1-E12,51,17,M1
M1-E12,52,23,M1
M1-E12,53,17,M1
M1-E12,54,17,M1
M1-E12,55,17,M1
M1-E12,56,17,M1
M1-E12,57,17,M1
M1-E12,58,17,M1
M1-E12,59,17,M1
M1-E12,60,17,M1
M1-E12,61,17,M1
M1-E12,62,17,M1
M1-E12,63,17,M1
M1-E12,64,17,M1
M1-E12,65,17,M1
M1-E12,66,17,M1
M1-E12,67,17,M1
M1-E12,68,17,M1
M1-E12,69,17,M1
M1-E12,70,17,M1
M1-E12,71,17,M1
M1-E12,72,17,M1
M1-E12,73,17,M1
M1-E12,74,17,M1
M1-E12,75,17,M1
M1-E12,76,17,M1
M1-E12,77,17,M1
M1-E12,78,17,M1
M1-E12,79,17,M1
M1-E12,80,17,M1
M1-E12,81,17,M1
M1-E12,82,17,M1
M1-E12,83,17,M1
M1-E12,84,17,M1
M1-E12,85,17,M1
M1-E12,86,17,M1
M1-E12,87,17,M1
M1-E12,88,17,M1
M1-E12,89,17,M1
M1-E12,90,17,M1
M1-E12,91,17,M1
M1-E12,92,17,M1
M1-E12,93,17,M1
M1-E12,94,17,M1
M1-E12,95,17,M1
M1-E12,96,17,M1
M1-E12,97,17,M1
M1-E12,98,17,M1
M1-E12,99,17,M1
M4-E02,0,10,M4
M4-E02,1,11,M4
M4-E02,2,10,M4
M4-E02,3,11,M4
M4-E02,4,10,M4
M4-E02,5,11,M4
M4-E02,6,10,M4
M4-E02,7,11,M4
M4-E02,8,10,M4
M4-E02,9,11,M4
M4-E02,10,10,M4
M4-E02,11,11,M4
M4-E02,12,10,M4
M4-E02,13,11,M4
M4-E02,14,10,M4
M4-E02,15,11,M4
M4-E02,16,10,M4
M4-E02,17,11,M4
M4-E02,18,10,M4
M4-E02,19,11,M4
M4-E02,20,10,M4
M4-E02,21,11,M4
M4-E02,22,10,M4
M4-E02,23,11,M4
M4-E02,24,10,M4
M4-E02,25,11,M4
M4-E02,26,10,M4
M4-E02,27,11,M4
M4-E02,28,10,M4
M4-E02,29,11,M4
M4-E02,30,10,M4
M4-E02,31,11,M4
M4-E02,32,10,M4
M4-E02,33,11,M4
M4-E02,34,10,M4
M4-E02,35,11,M4
M4-E02,36,10,M4
M4-E02,37,11,M4
M4-E02,38,10,M4
M4-E02,39,11,M4
M4-E02,40,10,M4
M4-E02,41,11,M4
M4-E02,42,10,M4
M4-E02,43,11,M4
M4-E02,44,10,M4
M4-E02,45,11,M4
M4-E02,46,10,M4
M4-E02,47,11,M4
M4-E02,48,10,M4
M4-E02,49,11,M4
M4-E02,50,10,M4
M4-E02,51,11,M4
M4-E02,52,10,M4
M4-E02,53,11,M4
M4-E02,54,10,M4
M4-E02,55,11,M4
M4-E02,56,10,M4
M4-E02,57,11,M4
M4-E02,58,10,M4
M4-E02,59,11,M4
M4-E02,60,10,M4
M4-E02,61,11,M4
M4-E02,62,10,M4
M4-E02,63,11,M4
M4-E02,64,10,M4
M4-E02,65,11,M4
M4-E02,66,10,M4
M4-E02,67,11,M4
M4-E02,68,10,M4
M4-E02,69,11,M4
M4-E02,70,10,M4
M4-E02,71,11,M4
M4-E02,72,10,M4
M4-E02,73,11,M4
M4-E02,74,10,M4
M4-E02,75,11,M4
M4-E02,76,10,M4
M4-E02,77,11,M4
M4-E02,78,10,M4
M4-E02,79,11,M4
M4-E02,80,10,M4
M4-E02,81,11,M4
M4-E02,82,10,M4
M4-E02,83,11,M4
M4-E02,84,10,M4
M4-E02,85,11,M4
M4-E02,86,10,M4
M4-E02,87,11,M4
M4-E02,88,10,M4
M4-E02,89,11,M4
M4-E02,90,10,M4
M4-E02,91,11,M4
M4-E02,92,10,M4
M4-E02,93,11,M4
M4-E02,94,10,M4
M4-E02,95,11,M4
M4-E02,96,10,M4
M4-E02,97,11,M4
M4-E02,98,10,M4
M4-E02,99,11,M4
M6-E01,0,31,M6
M6-E01,1,31,M6
M6-E01,2,31,M6
M6-E01,3,31,M6
M6-E01,4,31,M6
M6-E01,5,31,M6
M6-E01,6,31,M6
M6-E01,7,31,M6
M6-E01,8,31,M6
M6-E01,9,31,M6
M6-E01,10,31,M6
M6-E01,11,31,M6
M6-E01,12,31,M6
M6-E01,13,31,M6
M6-E01,14,31,M6
M6-E01,15,31,M6
M6-E01,16,31,M6
M6-E01,17,31,M6
M6-E01,18,31,M6
M6-E01,19,31,M6
M6-E01,20,31,M6
M6-E01,21,31,M6
M6-E01,22,31,M6
M6-E01,23,31,M6
M6-E01,24,31,M6
M6-E01,25,31,M6
M6-E01,26,31,M6
M6-E01,27,31,M6
M6-E01,28,31,M6
M6-E01,29,31,M6
M6-E01,30,31,M6
M6-E01,31,31,M6
M6-E01,32,31,M6
M6-E01,33,31,M6
M6-E01,34,31,M6
M6-E01,35,31,M6
M6-E01,36,31,M6
M6-E01,37,31,M6
M6-E01,38,31,M6
M6-E01,39,31,M6
M6-E01,40,31,M6
M6-E01,41,31,M6
M6-E01,42,31,M6
M6-E01,43,31,M6
M6-E01,44,31,M6
M6-E01,45,31,M6
M6-E01,46,31,M6
M6-E01,47,31,M6
M6-E01,48,31,M6
M6-E01,49,31,M6
M6-E01,50,31,M6
M6-E01,51,31,M6
M6-E01,52,31,M6
M6-E01,53,31,M6
M6-E01,54,31,M6
M6-E01,55,31,M6
M6-E01,56,31,M6
M6-E01,57,31,M6
M6-E01,58,31,M6
M6-E01,59,31,M6
M6-E01,60,31,M6
M6-E01,61,31,M6
M6-E01,62,31,M6
M6-E01,63,31,M6
M6-E01,64,31,M6
M6-E01,65,31,M6
M6-E01,66,31,M6
M6-E01,67,31,M6
M6-E01,68,31,M6
M6-E01,69,31,M6
M6-E01,70,31,M6
M6-E01,71,31,M6
M6-E01,72,31,M6
M6-E01,73,31,M6
M6-E01,74,31,M6
M6-E01,75,31,M6
M6-E01,76,31,M6
M6-E01,77,31,M6
M6-E01,78,31,M6
M6-E01,79,31,M6
M6-E01,80,31,M6
M6-E01,81,31,M6
M6-E01,82,31,M6
M6-E01,83,31,M6
M6-E01,84,31,M6
M6-E01,85,31,M6
M6-E01,86,31,M6
M6-E01,87,31,M6
M6-E01,88,31,M6
M6-E01,89,31,M6
M6-E01,90,31,M6
M6-E01,91,31,M6
M6-E01,92,31,M6
M6-E01,93,31,M6
M6-E01,94,31,M6
M6-E01,95,31,M6
M6-E01,96,31,M6
M6-E01,97,31,M6
M6-E01,98,31,M6
M6-E01,99,31,M6
M0-E12,0,17,M0
M0-E12,1,17,M0
M0-E12,2,17,M0
M0-E12,3,17,M0
M0-E12,4,17,M0
M0-E12,5,17,M0
M0-E12,6,17,M0
M0-E12,7,17,M0
M0-E12,8,17,M0
M0-E12,9,17,M0
M0-E12,10,17,M0
M0-E12,11,17,M0
M0-E12,12,17,M0
M0-E12,13,17,M0
M0-E12,14,17,M0
M0-E12,15,17,M0
M0-E12,16,17,M0
M0-E12,17,17,M0
M0-E12,18,17,M0
M0-E12,19,17,M0
M0-E12,20,17,M0
M0-E12,21,17,M0
M0-E12,22,17,M0
M0-E12,23,17,M0
M0-E12,24,17,M0
M0-E12,25,17,M0
M0-E12,26,17,M0
M0-E12,27,17,M0
M0-E12,28,17,M0
M0-E12,29,17,M0
M0-E12,30,17,M0
M0-E12,31,17,M0
M0-E12,32,17,M0
M0-E12,33,17,M0
M0-E12,34,17,M0
M0-E12,35,17,M0
M0-E12,36,17,M0
M0-E12,37,17,M0
M0-E12,38,17,M0
M0-E12,39,17,M0
M0-E12,40,17,M0
M0-E12,41,17,M0
M0-E12,42,17,M0
M0-E12,43,17,M0
M0-E12,44,17,M0
M0-E12,45,17,M0
M0-E12,46,17,M0
M0-E12,47,17,M0
M0-E12,48,17,M0
M0-E12,49,17,M0
M0-E12,50,17,M0
M0-E12,51,17,M0
M0-E12,52,17,M0
M0-E12,53,17,M0
M0-E12,54,17,M0
M0-E12,55,17,M0
M0-E12,56,17,M0
M0-E12,57,17,M0
M0-E12,58,17,M0
M0-E12,59,17,M0
M0-E12,60,17,M0
M0-E12,61,17,M0
M0-E12,62,17,M0
M0-E12,63,17,M0
M0-E12,64,17,M0
M0-E12,65,17,M0
M0-E12,66,17,M0
M0-E12,67,17,M0
M0-E12,68,17,M0
M0-E12,69,17,M0
M0-E12,70,17,M0
M0-E12,71,17,M0
M0-E12,72,17,M0
M0-E12,73,17,M0
M0-E12,74,17,M0
M0-E12,75,17,M0
M0-E12,76,17,M0
M0-E12,77,17,M0
M0-E12,78,17,M0
M0-E12,79,17,M0
M0-E12,80,17,M0
M0-E12,81,17,M0
M0-E12,82,17,M0
M0-E12,83,17,M0
M0-E12,84,17,M0
M0-E12,85,17,M0
M0-E12,86,17,M0
M0-E12,87,17,M0
M0-E12,88,17,M0
M0-E12,89,17,M0
M0-E12,90,17,M0
M0-E12,91,17,M0
M0-E12,92,17,M0
M0-E12,93,17,M0
M0-E12,94,17,M0
M0-E12,95,17,M0
M0-E12,96,17,M0
M0-E12,97,17,M0
M0-E12,98,17,M0
M0-E12,99,17,M0
M6-E19,0,39,M6
M6-E19,1,39,M6
M6-E19,2,39,M6
M6-E19,3,39,M6
M6-E19,4,39,M6
M6-E19,5,39,M6
M6-E19,6,39,M6
M6-E19,7,39,M6
M6-E19,8,39,M6
M6-E19,9,39,M6
M6-E19,10,39,M6
M6-E19,11,39,M6
M6-E19,12,39,M6
M6-E19,13,39,M6
M6-E19,14,39,M6
M6-E19,15,39,M6
M6-E19,16,39,M6
M6-E19,17,39,M6
M6-E19,18,39,M6
M6-E19,19,39,M6
M6-E19,20,39,M6
M6-E19,21,39,M6
M6-E19,22,39,M6
M6-E19,23,39,M6
M6-E19,24,39,M6
M6-E19,25,39,M6
M6-E19,26,39,M6
M6-E19,27,39,M6
M6-E19,28,39,M6
M6-E19,29,39,M6
M6-E19,30,39,M6
M6-E19,31,39,M6
M6-E19,32,39,M6
M6-E19,33,39,M6
M6-E19,34,39,M6
M6-E19,35,39,M6
M6-E19,36,39,M6
M6-E19,37,39,M6
M6-E19,38,39,M6
M6-E19,39,39,M6
M6-E19,40,39,M6
M6-E19,41,39,M6
M6-E19,42,39,M6
M6-E19,43,39,M6
M6-E19,44,39,M6
M6-E19,45,39,M6
M6-E19,46,39,M6
M6-E19,47,39,M6
M6-E19,48,39,M6
M6-E19,49,39,M6
M6-E19,50,39,M6
M6-E19,51,39,M6
M6-E19,52,39,M6
M6-E19,53,39,M6
M6-E19,54,39,M6
M6-E19,55,39,M6
M6-E19,56,39,M6
M6-E19,57,39,M6
M6-E19,58,39,M6
M6-E19,59,39,M6
M6-E19,60,39,M6
M6-E19,61,39,M6
M6-E19,62,39,M6
M6-E19,63,39,M6
M6-E19,64,39,M6
M6-E19,65,39,M6
M6-E19,66,39,M6
M6-E19,67,39,M6
M6-E19,68,39,M6
M6-E19,69,39,M6
M6-E19,70,39,M6
M6-E19,71,39,M6
M6-E19,72,39,M6
M6-E19,73,39,M6
M6-E19,74,39,M6
M6-E19,75,39,M6
M6-E19,76,39,M6
M6-E19,77,39,M6
M6-E19,78,39,M6
M6-E19,79,39,M6
M6-E19,80,39,M6
M6-E19,81,39,M6
M6-E19,82,39,M6
M6-E19,83,39,M6
M6-E19,84,39,M6
M6-E19,85,39,M6
M6-E19,86,39,M6
M6-E19,87,39,M6
M6-E19,88,39,M6
M6-E19,89,39,M6
M6-E19,90,39,M6
M6-E19,91,39,M6
M6-E19,92,39,M6
M6-E19,93,39,M6
M6-E19,94,39,M6
M6-E19,95,39,M6
M6-E19,96,39,M6
M6-E19,97,39,M6
M6-E19,98,39,M6
M6-E19,99,39,M6
M5-E15,0,10,M5
M5-E15,1,12,M5
M5-E15,2,10,M5
M5-E15,3,12,M5
M5-E15,4,10,M5
M5-E15,5,12,M5
M5-E15,6,10,M5
M5-E15,7,12,M5
M5-E15,8,10,M5
M5-E15,9,12,M5
M5-E15,10,10,M5
M5-E15,11,12,M5
M5-E15,12,10,M5
M5-E15,13,12,M5
M5-E15,14,10,M5
M5-E15,15,12,M5
M5-E15,16,10,M5
M5-E15,17,12,M5
M5-E15,18,10,M5
M5-E15,19,12,M5
M5-E15,20,10,M5
M5-E15,21,12,M5
M5-E15,22,10,M5
M5-E15,23,12,M5
M5-E15,24,10,M5
M5-E15,25,12,M5
M5-E15,26,10,M5
M5-E15,27,12,M5
M5-E15,28,10,M5
M5-E15,29,12,M5
M5-E15,30,10,M5
M5-E15,31,12,M5
M5-E15,32,10,M5
M5-E15,33,12,M5
M5-E15,34,10,M5
M5-E15,35,12,M5
M5-E15,36,10,M5
M5-E15,37,12,M5
M5-E15,38,10,M5
M5-E15,39,12,M5
M5-E15,40,10,M5
M5-E15,41,12,M5
M5-E15,42,10,M5
M5-E15,43,12,M5
M5-E15,44,10,M5
M5-E15,45,12,M5
M5-E15,46,10,M5
M5-E15,47,12,M5
M5-E15,48,10,M5
M5-E15,49,12,M5
M5-E15,50,10,M5
M5-E15,51,12,M5
M5-E15,52,10,M5
M5-E15,53,12,M5
M5-E15,54,10,M5
M5-E15,55,12,M5
M5-E15,56,10,M5
M5-E15,57,12,M5
M5-E15,58,10,M5
M5-E15,59,12,M5
M5-E15,60,10,M5
M5-E15,61,12,M5
M5-E15,62,10,M5
M5-E15,63,12,M5
M5-E15,64,10,M5
M5-E15,65,12,M5
M5-E15,66,10,M5
M5-E15,67,12,M5
M5-E15,68,10,M5
M5-E15,69,12,M5
M5-E15,70,10,M5
M5-E15,71,12,M5
M5-E15,72,10,M5
M5-E15,73,12,M5
M5-E15,74,10,M5
M5-E15,75,12,M5
M5-E15,76,10,M5
M5-E15,77,12,M5
M5-E15,78,10,M5
M5-E15,79,12,M5
M5-E15,80,10,M5
M5-E15,81,12,M5
M5-E15,82,10,M5
M5-E15,83,12,M5
M5-E15,84,10,M5
M5-E15,85,12,M5
M5-E15,86,10,M5
M5-E15,87,12,M5
M5-E15,88,10,M5
M5-E15,89,12,M5
M5-E15,90,10,M5
M5-E15,91,12,M5
M5-E15,92,10,M5
M5-E15,93,12,M5
M5-E15,94,10,M5
M5-E15,95,12,M5
M5-E15,96,10,M5
M5-E15,97,12,M5
M5-E15,98,10,M5
M5-E15,99,12,M5
M2-E03,0,23,M2
M2-E03,1,17,M2
M2-E03,2,17,M2
M2-E03,3,17,M2
M2-E03,4,23,M2
M2-E03,5,23,M2
M2-E03,6,17,M2
M2-E03,7,23,M2
M2-E03,8,17,M2
M2-E03,9,23,M2
M2-E03,10,23,M2
M2-E03,11,17,M2
M2-E03,12,17,M2
M2-E03,13,23,M2
M2-E03,14,23,M2
M2-E03,15,23,M2
M2-E03,16,23,M2
M2-E03,17,17,M2
M2-E03,18,23,M2
M2-E03,19,17,M2
M2-E03,20,17,M2
M2-E03,21,23,M2
M2-E03,22,17,M2
M2-E03,23,23,M2
M2-E03,24,17,M2
M2-E03,25,23,M2
M2-E03,26,23,M2
M2-E03,27,23,M2
M2-E03,28,17,M2
M2-E03,29,23,M2
M2-E03,30,17,M2
M2-E03,31,17,M2
M2-E03,32,23,M2
M2-E03,33,17,M2
M2-E03,34,23,M2
M2-E03,35,23,M2
M2-E03,36,17,M2
M2-E03,37,17,M2
M2-E03,38,17,M2
M2-E03,39,17,M2
M2-E03,40,23,M2
M2-E03,41,23,M2
M2-E03,42,23,M2
M2-E03,43,23,M2
M2-E03,44,23,M2
M2-E03,45,23,M2
M2-E03,46,17,M2
M2-E03,47,17,M2
M2-E03,48,23,M2
M2-E03,49,17,M2
M2-E03,50,17,M2
M2-E03,51,23,M2
M2-E03,52,17,M2
M2-E03,53,23,M2
M2-E03,54,17,M2
M2-E03,55,23,M2
M2-E03,56,23,M2
M2-E03,57,17,M2
M2-E03,58,17,M2
M2-E03,59,17,M2
M2-E03,60,17,M2
M2-E03,61,23,M2
M2-E03,62,23,M2
M2-E03,63,23,M2
M2-E03,64,17,M2
M2-E03,65,23,M2
M2-E03,66,17,M2
M2-E03,67,17,M2
M2-E03,68,23,M2
M2-E03,69,23,M2
M2-E03,70,23,M2
M2-E03,71,23,M2
M2-E03,72,17,M2
M2-E03,73,17,M2
M2-E03,74,23,M2
M2-E03,75,17,M2
M2-E03,76,23,M2
M2-E03,77,17,M2
M2-E03,78,17,M2
M2-E03,79,17,M2
M2-E03,80,17,M2
M2-E03,81,17,M2
M2-E03,82,17,M2
M2-E03,83,23,M2
M2-E03,84,17,M2
M2-E03,85,17,M2
M2-E03,86,23,M2
M2-E03,87,17,M2
M2-E03,88,23,M2
M2-E03,89,17,M2
M2-E03,90,23,M2
M2-E03,91,17,M2
M2-E03,92,17,M2
M2-E03,93,23,M2
M2-E03,94,23,M2
M2-E03,95,23,M2
M2-E03,96,23,M2
M2-E03,97,23,M2
M2-E03,98,17,M2
M2-E03,99,17,M2
M7-E06,0,17,M7
M7-E06,1,17,M7
M7-E06,2,17,M7
M7-E06,3,17,M7
M7-E06,4,17,M7
M7-E06,5,17,M7
M7-E06,6,17,M7
M7-E06,7,17,M7
M7-E06,8,17,M7
M7-E06,9,17,M7
M7-E06,10,17,M7
M7-E06,11,17,M7
M7-E06,12,17,M7
M7-E06,13,17,M7
M7-E06,14,17,M7
M7-E06,15,17,M7
M7-E06,16,17,M7
M7-E06,17,17,M7
M7-E06,18,17,M7
M7-E06,19,17,M7
M7-E06,20,17,M7
M7-E06,21,17,M7
M7-E06,22,17,M7
M7-E06,23,17,M7
M7-E06,24,17,M7
M7-E06,25,17,M7
M7-E06,26,17,M7
M7-E06,27,17,M7
M7-E06,28,17,M7
M7-E06,29,17,M7
M7-E06,30,17,M7
M7-E06,31,17,M7
M7-E06,32,17,M7
M7-E06,33,17,M7
M7-E06,34,17,M7
M7-E06,35,17,M7
M7-E06,36,17,M7
M7-E06,37,17,M7
M7-E06,38,17,M7
M7-E06,39,17,M7
M7-E06,40,17,M7
M7-E06,41,17,M7
M7-E06,42,17,M7
M7-E06,43,17,M7
M7-E06,44,17,M7
M7-E06,45,17,M7
M7-E06,46,17,M7
M7-E06,47,17,M7
M7-E06,48,17,M7
M7-E06,49,17,M7
M7-E06,50,17,M7
M7-E06,51,17,M7
M7-E06,52,17,M7
M7-E06,53,17,M7
M7-E06,54,17,M7
M7-E06,55,17,M7
M7-E06,56,17,M7
M7-E06,57,17,M7
M7-E06,58,17,M7
M7-E06,59,17,M7
M7-E06,60,17,M7
M7-E06,61,17,M7
M7-E06,62,17,M7
M7-E06,63,17,M7
M7-E06,64,17,M7
M7-E06,65,17,M7
M7-E06,66,17,M7
M7-E06,67,17,M7
M7-E06,68,17,M7
M7-E06,69,17,M7
M7-E06,70,17,M7
M7-E06,71,17,M7
M7-E06,72,17,M7
M7-E06,73,17,M7
M7-E06,74,17,M7
M7-E06,75,17,M7
M7-E06,76,17,M7
M7-E06,77,17,M7
M7-E06,78,17,M7
M7-E06,79,17,M7
M7-E06,80,17,M7
M7-E06,81,17,M7
M7-E06,82,17,M7
M7-E06,83,17,M7
M7-E06,84,17,M7
M7-E06,85,17,M7
M7-E06,86,17,M7
M7-E06,87,17,M7
M7-E06,88,17,M7
M7-E06,89,17,M7
M7-E06,90,17,M7
M7-E06,91,17,M7
M7-E06,92,17,M7
M7-E06,93,17,M7
M7-E06,94,17,M7
M7-E06,95,17,M7
M7-E06,96,17,M7
M7-E06,97,17,M7
M7-E06,98,17,M7
M7-E06,99,17,M7
M4-E15,0,10,M4
M4-E15,1,11,M4
M4-E15,2,10,M4
M4-E15,3,11,M4
M4-E15,4,10,M4
M4-E15,5,11,M4
M4-E15,6,10,M4
M4-E15,7,11,M4
M4-E15,8,10,M4
M4-E15,9,11,M4
M4-E15,10,10,M4
M4-E15,11,11,M4
M4-E15,12,10,M4
M4-E15,13,11,M4
M4-E15,14,10,M4
M4-E15,15,11,M4
M4-E15,16,10,M4
M4-E15,17,11,M4
M4-E15,18,10,M4
M4-E15,19,11,M4
M4-E15,20,10,M4
M4-E15,21,11,M4
M4-E15,22,10,M4
M4-E15,23,11,M4
M4-E15,24,10,M4
M4-E15,25,11,M4
M4-E15,26,10,M4
M4-E15,27,11,M4
M4-E15,28,10,M4
M4-E15,29,11,M4
M4-E15,30,10,M4
M4-E15,31,11,M4
M4-E15,32,10,M4
M4-E15,33,11,M4
M4-E15,34,10,M4
M4-E15,35,11,M4
M4-E15,36,10,M4
M4-E15,37,11,M4
M4-E15,38,10,M4
M4-E15,39,11,M4
M4-E15,40,10,M4
M4-E15,41,11,M4
M4-E15,42,10,M4
M4-E15,43,11,M4
M4-E15,44,10,M4
M4-E15,45,11,M4
M4-E15,46,10,M4
M4-E15,47,11,M4
M4-E15,48,10,M4
M4-E15,49,11,M4
M4-E15,50,10,M4
M4-E15,51,11,M4
M4-E15,52,10,M4
M4-E15,53,11,M4
M4-E15,54,10,M4
M4-E15,55,11,M4
M4-E15,56,10,M4
M4-E15,57,11,M4
M4-E15,58,10,M4
M4-E15,59,11,M4
M4-E15,60,10,M4
M4-E15,61,11,M4
M4-E15,62,10,M4
M4-E15,63,11,M4
M4-E15,64,10,M4
M4-E15,65,11,M4
M4-E15,66,10,M4
M4-E15,67,11,M4
M4-E15,68,10,M4
M4-E15,69,11,M4
M4-E15,70,10,M4
M4-E15,71,11,M4
M4-E15,72,10,M4
M4-E15,73,11,M4
M4-E15,74,10,M4
M4-E15,75,11,M4
M4-E15,76,10,M4
M4-E15,77,11,M4
M4-E15,78,10,M4
M4-E15,79,11,M4
M4-E15,80,10,M4
M4-E15,81,11,M4
M4-E15,82,10,M4
M4-E15,83,11,M4
M4-E15,84,10,M4
M4-E15,85,11,M4
M4-E15,86,10,M4
M4-E15,87,11,M4
M4-E15,88,10,M4
M4-E15,89,11,M4
M4-E15,90,10,M4
M4-E15,91,11,M4
M4-E15,92,10,M4
M4-E15,93,11,M4
M4-E15,94,10,M4
M4-E15,95,11,M4
M4-E15,96,10,M4
M4-E15,97,11,M4
M4-E15,98,10,M4
M4-E15,99,11,M4
M6-E02,0,32,M6
M6-E02,1,32,M6
M6-E02,2,32,M6
M6-E02,3,32,M6
M6-E02,4,32,M6
M6-E02,5,32,M6
M6-E02,6,32,M6
M6-E02,7,32,M6
M6-E02,8,32,M6
M6-E02,9,32,M6
M6-E02,10,32,M6
M6-E02,11,32,M6
M6-E02,12,32,M6
M6-E02,13,32,M6
M6-E02,14,32,M6
M6-E02,15,32,M6
M6-E02,16,32,M6
M6-E02,17,32,M6
M6-E02,18,32,M6
M6-E02,19,32,M6
M6-E02,20,32,M6
M6-E02,21,32,M6
M6-E02,22,32,M6
M6-E02,23,32,M6
M6-E02,24,32,M6
M6-E02,25,32,M6
M6-E02,26,32,M6
M6-E02,27,32,M6
M6-E02,28,32,M6
M6-E02,29,32,M6
M6-E02,30,32,M6
M6-E02,31,32,M6
M6-E02,32,32,M6
M6-E02,33,32,M6
M6-E02,34,32,M6
M6-E02,35,32,M6
M6-E02,36,32,M6
M6-E02,37,32,M6
M6-E02,38,32,M6
M6-E02,39,32,M6
M6-E02,40,32,M6
M6-E02,41,32,M6
M6-E02,42,32,M6
M6-E02,43,32,M6
M6-E02,44,32,M6
M6-E02,45,32,M6
M6-E02,46,32,M6
M6-E02,47,32,M6
M6-E02,48,32,M6
M6-E02,49,32,M6
M6-E02,50,32,M6
M6-E02,51,32,M6
M6-E02,52,32,M6
M6-E02,53,32,M6
M6-E02,54,32,M6
M6-E02,55,32,M6
M6-E02,56,32,M6
M6-E02,57,32,M6
M6-E02,58,32,M6
M6-E02,59,32,M6
M6-E02,60,32,M6
M6-E02,61,32,M6
M6-E02,62,32,M6
M6-E02,63,32,M6
M6-E02,64,32,M6
M6-E02,65,32,M6
M6-E02,66,32,M6
M6-E02,67,32,M6
M6-E02,68,32,M6
M6-E02,69,32,M6
M6-E02,70,32,M6
M6-E02,71,32,M6
M6-E02,72,32,M6
M6-E02,73,32,M6
M6-E02,74,32,M6
M6-E02,75,32,M6
M6-E02,76,32,M6
M6-E02,77,32,M6
M6-E02,78,32,M6
M6-E02,79,32,M6
M6-E02,80,32,M6
M6-E02,81,32,M6
M6-E02,82,32,M6
M6-E02,83,32,M6
M6-E02,84,32,M6
M6-E02,85,32,M6
M6-E02,86,32,M6
M6-E02,87,32,M6
M6-E02,88,32,M6
M6-E02,89,32,M6
M6-E02,90,32,M6
M6-E02,91,32,M6
M6-E02,92,32,M6
M6-E02,93,32,M6
M6-E02,94,32,M6
M6-E02,95,32,M6
M6-E02,96,32,M6
M6-E02,97,32,M6
M6-E02,98,32,M6
M6-E02,99,32,M6
M7-E11,0,17,M7
M7-E11,1,17,M7
M7-E11,2,17,M7
M7-E11,3,17,M7
M7-E11,4,17,M7
M7-E11,5,17,M7
M7-E11,6,17,M7
M7-E11,7,17,M7
M7-E11,8,17,M7
M7-E11,9,17,M7
M7-E11,10,17,M7
M7-E11,11,17,M7
M7-E11,12,17,M7
M7-E11,13,17,M7
M7-E11,14,17,M7
M7-E11,15,17,M7
M7-E11,16,17,M7
M7-E11,17,17,M7
M7-E11,18,17,M7
M7-E11,19,17,M7
M7-E11,20,17,M7
M7-E11,21,17,M7
M7-E11,22,17,M7
M7-E11,23,17,M7
M7-E11,24,17,M7
M7-E11,25,17,M7
M7-E11,26,17,M7
M7-E11,27,17,M7
M7-E11,28,17,M7
M7-E11,29,17,M7
M7-E11,30,17,M7
M7-E11,31,17,M7
M7-E11,32,17,M7
M7-E11,33,17,M7
M7-E11,34,17,M7
M7-E11,35,17,M7
M7-E11,36,17,M7
M7-E11,37,17,M7
M7-E11,38,17,M7
M7-E11,39,17,M7
M7-E11,40,17,M7
M7-E11,41,17,M7
M7-E11,42,17,M7
M7-E11,43,17,M7
M7-E11,44,17,M7
M7-E11,45,17,M7
M7-E11,46,17,M7
M7-E11,47,17,M7
M7-E11,48,17,M7
M7-E11,49,17,M7
M7-E11,50,17,M7
M7-E11,51,17,M7
M7-E11,52,17,M7
M7-E11,53,17,M7
M7-E11,54,17,M7
M7-E11,55,17,M7
M7-E11,56,17,M7
M7-E11,57,17,M7
M7-E11,58,17,M7
M7-E11,59,17,M7
M7-E11,60,17,M7
M7-E11,61,17,M7
M7-E11,62,17,M7
M7-E11,63,17,M7
M7-E11,64,17,M7
M7-E11,65,17,M7
M7-E11,66,17,M7
M7-E11,67,17,M7
M7-E11,68,17,M7
M7-E11,69,17,M7
M7-E11,70,17,M7
M7-E11,71,17,M7
M7-E11,72,17,M7
M7-E11,73,17,M7
M7-E11,74,17,M7
M7-E11,75,17,M7
M7-E11,76,17,M7
M7-E11,77,17,M7
M7-E11,78,17,M7
M7-E11,79,17,M7
M7-E11,80,17,M7
M7-E11,81,17,M7
M7-E11,82,17,M7
M7-E11,83,17,M7
M7-E11,84,17,M7
M7-E11,85,17,M7
M7-E11,86,17,M7
M7-E11,87,17,M7
M7-E11,88,17,M7
M7-E11,89,17,M7
M7-E11,90,17,M7
M7-E11,91,17,M7
M7-E11,92,17,M7
M7-E11,93,17,M7
M7-E11,94,17,M7
M7-E11,95,17,M7
M7-E11,96,17,M7
M7-E11,97,17,M7
M7-E11,98,17,M7
M7-E11,99,17,M7
M4-E07,0,10,M4
M4-E07,1,11,M4
M4-E07,2,10,M4
M4-E07,3,11,M4
M4-E07,4,10,M4
M4-E07,5,11,M4
M4-E07,6,10,M4
M4-E07,7,11,M4
M4-E07,8,10,M4
M4-E07,9,11,M4
M4-E07,10,10,M4
M4-E07,11,11,M4
M4-E07,12,10,M4
M4-E07,13,11,M4
M4-E07,14,10,M4
M4-E07,15,11,M4
M4-E07,16,10,M4
M4-E07,17,11,M4
M4-E07,18,10,M4
M4-E07,19,11,M4
M4-E07,20,10,M4
M4-E07,21,11,M4
M4-E07,22,10,M4
M4-E07,23,11,M4
M4-E07,24,10,M4
M4-E07,25,11,M4
M4-E07,26,10,M4
M4-E07,27,11,M4
M4-E07,28,10,M4
M4-E07,29,11,M4
M4-E07,30,10,M4
M4-E07,31,11,M4
M4-E07,32,10,M4
M4-E07,33,11,M4
M4-E07,34,10,M4
M4-E07,35,11,M4
M4-E07,36,10,M4
M4-E07,37,11,M4
M4-E07,38,10,M4
M4-E07,39,11,M4
M4-E07,40,10,M4
M4-E07,41,11,M4
M4-E07,42,10,M4
M4-E07,43,11,M4
M4-E07,44,10,M4
M4-E07,45,11,M4
M4-E07,46,10,M4
M4-E07,47,11,M4
M4-E07,48,10,M4
M4-E07,49,11,M4
M4-E07,50,10,M4
M4-E07,51,11,M4
M4-E07,52,10,M4
M4-E07,53,11,M4
M4-E07,54,10,M4
M4-E07,55,11,M4
M4-E07,56,10,M4
M4-E07,57,11,M4
M4-E07,58,10,M4
M4-E07,59,11,M4
M4-E07,60,10,M4
M4-E07,61,11,M4
M4-E07,62,10,M4
M4-E07,63,11,M4
M4-E07,64,10,M4
M4-E07,65,11,M4
M4-E07,66,10,M4
M4-E07,67,11,M4
M4-E07,68,10,M4
M4-E07,69,11,M4
M4-E07,70,10,M4
M4-E07,71,11,M4
M4-E07,72,10,M4
M4-E07,73,11,M4
M4-E07,74,10,M4
M4-E07,75,11,M4
M4-E07,76,10,M4
M4-E07,77,11,M4
M4-E07,78,10,M4
M4-E07,79,11,M4
M4-E07,80,10,M4
M4-E07,81,11,M4
M4-E07,82,10,M4
M4-E07,83,11,M4
M4-E07,84,10,M4
M4-E07,85,11,M4
M4-E07,86,10,M4
M4-E07,87,11,M4
M4-E07,88,10,M4
M4-E07,89,11,M4
M4-E07,90,10,M4
M4-E07,91,11,M4
M4-E07,92,10,M4
M4-E07,93,11,M4
M4-E07,94,10,M4
M4-E07,95,11,M4
M4-E07,96,10,M4
M4-E07,97,11,M4
M4-E07,98,10,M4
M4-E07,99,11,M4
M1-E10,0,17,M1
M1-E10,1,17,M1
M1-E10,2,17,M1
M1-E10,3,17,M1
M1-E10,4,17,M1
M1-E10,5,17,M1
M1-E10,6,17,M1
M1-E10,7,17,M1
M1-E10,8,17,M1
M1-E10,9,17,M1
M1-E10,10,17,M1
M1-E10,11,17,M1
M1-E10,12,17,M1
M1-E10,13,17,M1
M1-E10,14,17,M1
M1-E10,15,17,M1
M1-E10,16,17,M1
M1-E10,17,17,M1
M1-E10,18,17,M1
M1-E10,19,17,M1
M1-E10,20,17,M1
M1-E10,21,17,M1
M1-E10,22,17,M1
M1-E10,23,17,M1
M1-E10,24,17,M1
M1-E10,25,17,M1
M1-E10,26,17,M1
M1-E10,27,17,M1
M1-E10,28,17,M1
M1-E10,29,17,M1
M1-E10,30,17,M1
M1-E10,31,17,M1
M1-E10,32,17,M1
M1-E10,33,17,M1
M1-E10,34,17,M1
M1-E10,35,17,M1
M1-E10,36,17,M1
M1-E10,37,17,M1
M1-E10,38,17,M1
M1-E10,39,17,M1
M1-E10,40,17,M1
M1-E10,41,17,M1
M1-E10,42,17,M1
M1-E10,43,17,M1
M1-E10,44,17,M1
M1-E10,45,17,M1
M1-E10,46,17,M1
M1-E10,47,17,M1
M1-E10,48,17,M1
M1-E10,49,17,M1
M1-E10,50,17,M1
M1-E10,51,17,M1
M1-E10,52,17,M1
M1-E10,53,17,M1
M1-E10,54,17,M1
M1-E10,55,17,M1
M1-E10,56,17,M1
M1-E10,57,17,M1
M1-E10,58,17,M1
M1-E10,59,17,M1
M1-E10,60,17,M1
M1-E10,61,17,M1
M1-E10,62,17,M1
M1-E10,63,17,M1
M1-E10,64,17,M1
M1-E10,65,17,M1
M1-E10,66,17,M1
M1-E10,67,17,M1
M1-E10,68,17,M1
M1-E10,69,17,M1
M1-E10,70,17,M1
M1-E10,71,17,M1
M1-E10,72,17,M1
M1-E10,73,17,M1
M1-E10,74,17,M1
M1-E10,75,17,M1
M1-E10,76,17,M1
M1-E10,77,17,M1
M1-E10,78,17,M1
M1-E10,79,17,M1
M1-E10,80,17,M1
M1-E10,81,17,M1
M1-E10,82,17,M1
M1-E10,83,17,M1
M1-E10,84,17,M1
M1-E10,85,17,M1
M1-E10,86,17,M1
M1-E10,87,17,M1
M1-E10,88,17,M1
M1-E10,89,17,M1
M1-E10,90,17,M1
M1-E10,91,17,M1
M1-E10,92,23,M1
M1-E10,93,17,M1
M1-E10,94,17,M1
M1-E10,95,17,M1
M1-E10,96,17,M1
M1-E10,97,17,M1
M1-E10,98,17,M1
M1-E10,99,17,M1
M2-E07,0,23,M2
M2-E07,1,17,M2
M2-E07,2,23,M2
M2-E07,3,17,M2
M2-E07,4,23,M2
M2-E07,5,23,M2
M2-E07,6,17,M2
M2-E07,7,23,M2
M2-E07,8,17,M2
M2-E07,9,23,M2
M2-E07,10,23,M2
M2-E07,11,23,M2
M2-E07,12,17,M2
M2-E07,13,17,M2
M2-E07,14,23,M2
M2-E07,15,17,M2
M2-E07,16,23,M2
M2-E07,17,23,M2
M2-E07,18,17,M2
M2-E07,19,17,M2
M2-E07,20,17,M2
M2-E07,21,17,M2
M2-E07,22,17,M2
M2-E07,23,23,M2
M2-E07,24,17,M2
M2-E07,25,17,M2
M2-E07,26,17,M2
M2-E07,27,17,M2
M2-E07,28,23,M2
M2-E07,29,23,M2
M2-E07,30,17,M2
M2-E07,31,17,M2
M2-E07,32,17,M2
M2-E07,33,17,M2
M2-E07,34,17,M2
M2-E07,35,23,M2
M2-E07,36,17,M2
M2-E07,37,17,M2
M2-E07,38,17,M2
M2-E07,39,17,M2
M2-E07,40,17,M2
M2-E07,41,17,M2
M2-E07,42,23,M2
M2-E07,43,17,M2
M2-E07,44,23,M2
M2-E07,45,17,M2
M2-E07,46,23,M2
M2-E07,47,23,M2
M2-E07,48,17,M2
M2-E07,49,17,M2
M2-E07,50,23,M2
M2-E07,51,23,M2
M2-E07,52,23,M2
M2-E07,53,17,M2
M2-E07,54,17,M2
M2-E07,55,23,M2
M2-E07,56,17,M2
M2-E07,57,23,M2
M2-E07,58,23,M2
M2-E07,59,17,M2
M2-E07,60,23,M2
M2-E07,61,23,M2
M2-E07,62,23,M2
M2-E07,63,17,M2
M2-E07,64,23,M2
M2-E07,65,23,M2
M2-E07,66,17,M2
M2-E07,67,17,M2
M2-E07,68,23,M2
M2-E07,69,17,M2
M2-E07,70,23,M2
M2-E07,71,23,M2
M2-E07,72,23,M2
M2-E07,73,17,M2
M2-E07,74,17,M2
M2-E07,75,17,M2
M2-E07,76,23,M2
M2-E07,77,23,M2
M2-E07,78,23,M2
M2-E07,79,17,M2
M2-E07,80,17,M2
M2-E07,81,23,M2
M2-E07,82,23,M2
M2-E07,83,23,M2
M2-E07,84,23,M2
M2-E07,85,23,M2
M2-E07,86,23,M2
M2-E07,87,17,M2
M2-E07,88,23,M2
M2-E07,89,23,M2
M2-E07,90,23,M2
M2-E07,91,17,M2
M2-E07,92,17,M2
M2-E07,93,23,M2
M2-E07,94,17,M2
M2-E07,95,23,M2
M2-E07,96,17,M2
M2-E07,97,23,M2
M2-E07,98,17,M2
M2-E07,99,23,M2
M0-E11,0,17,M0
M0-E11,1,17,M0
M0-E11,2,17,M0
M0-E11,3,17,M0
M0-E11,4,17,M0
M0-E11,5,17,M0
M0-E11,6,17,M0
M0-E11,7,17,M0
M0-E11,8,17,M0
M0-E11,9,17,M0
M0-E11,10,17,M0
M0-E11,11,17,M0
M0-E11,12,17,M0
M0-E11,13,17,M0
M0-E11,14,17,M0
M0-E11,15,17,M0
M0-E11,16,17,M0
M0-E11,17,17,M0
M0-E11,18,17,M0
M0-E11,19,17,M0
M0-E11,20,17,M0
M0-E11,21,17,M0
M0-E11,22,17,M0
M0-E11,23,17,M0
M0-E11,24,17,M0
M0-E11,25,17,M0
M0-E11,26,17,M0
M0-E11,27,17,M0
M0-E11,28,17,M0
M0-E11,29,17,M0
M0-E11,30,17,M0
M0-E11,31,17,M0
M0-E11,32,17,M0
M0-E11,33,17,M0
M0-E11,34,17,M0
M0-E11,35,17,M0
M0-E11,36,17,M0
M0-E11,37,17,M0
M0-E11,38,17,M0
M0-E11,39,17,M0
M0-E11,40,17,M0
M0-E11,41,17,M0
M0-E11,42,17,M0
M0-E11,43,17,M0
M0-E11,44,17,M0
M0-E11,45,17,M0
M0-E11,46,17,M0
M0-E11,47,17,M0
M0-E11,48,17,M0
M0-E11,49,17,M0
M0-E11,50,17,M0
M0-E11,51,17,M0
M0-E11,52,17,M0
M0-E11,53,17,M0
M0-E11,54,17,M0
M0-E11,55,17,M0
M0-E11,56,17,M0
M0-E11,57,17,M0
M0-E11,58,17,M0
M0-E11,59,17,M0
M0-E11,60,17,M0
M0-E11,61,17,M0
M0-E11,62,17,M0
M0-E11,63,17,M0
M0-E11,64,17,M0
M0-E11,65,17,M0
M0-E11,66,17,M0
M0-E11,67,17,M0
M0-E11,68,17,M0
M0-E11,69,17,M0
M0-E11,70,17,M0
M0-E11,71,17,M0
M0-E11,72,17,M0
M0-E11,73,17,M0
M0-E11,74,17,M0
M0-E11,75,17,M0
M0-E11,76,17,M0
M0-E11,77,17,M0
M0-E11,78,17,M0
M0-E11,79,17,M0
M0-E11,80,17,M0
M0-E11,81,17,M0
M0-E11,82,17,M0
M0-E11,83,17,M0
M0-E11,84,17,M0
M0-E11,85,17,M0
M0-E11,86,17,M0
M0-E11,87,17,M0
M0-E11,88,17,M0
M0-E11,89,17,M0
M0-E11,90,17,M0
M0-E11,91,17,M0
M0-E11,92,17,M0
M0-E11,93,17,M0
M0-E11,94,17,M0
M0-E11,95,17,M0
M0-E11,96,17,M0
M0-E11,97,17,M0
M0-E11,98,17,M0
M0-E11,99,17,M0
